x1,y1,z1,v1,x2,y2,z2,v2,x3,y3,z3,v3,x4,y4,z4,v4,x5,y5,z5,v5,x6,y6,z6,v6,x7,y7,z7,v7,x8,y8,z8,v8,x9,y9,z9,v9,x10,y10,z10,v10,x11,y11,z11,v11,x12,y12,z12,v12,x13,y13,z13,v13,x14,y14,z14,v14,x15,y15,z15,v15,x16,y16,z16,v16,x17,y17,z17,v17,x18,y18,z18,v18,x19,y19,z19,v19,x20,y20,z20,v20,x21,y21,z21,v21,x22,y22,z22,v22,x23,y23,z23,v23,x24,y24,z24,v24,x25,y25,z25,v25,x26,y26,z26,v26,x27,y27,z27,v27,x28,y28,z28,v28,x29,y29,z29,v29,x30,y30,z30,v30,x31,y31,z31,v31,x32,y32,z32,v32,x33,y33,z33,v33
0.4849056005477905,0.4414409399032593,-0.626323401927948,0.9999012351036072,0.49072879552841187,0.4211204946041107,-0.6272642612457275,0.9998056888580322,0.494592547416687,0.42002183198928833,-0.6277449727058411,0.9997991919517517,0.4984198212623596,0.41892898082733154,-0.6277061104774475,0.9998146891593933,0.48016515374183655,0.4176897704601288,-0.6289291381835938,0.9998622536659241,0.47657033801078796,0.41453179717063904,-0.629360556602478,0.9998791217803955,0.4730737507343292,0.4115348756313324,-0.629680335521698,0.999897837638855,0.5058985948562622,0.4104468822479248,-0.534832239151001,0.9998366236686707,0.47202447056770325,0.39812472462654114,-0.5424178242683411,0.9997977018356323,0.48965197801589966,0.44994136691093445,-0.5799466967582703,0.9998607039451599,0.47870922088623047,0.448971152305603,-0.5847326517105103,0.9998317956924438,0.543674111366272,0.4553036093711853,-0.41970115900039673,0.999907374382019,0.44201356172561646,0.45007216930389404,-0.40347301959991455,0.9998898506164551,0.5553241968154907,0.5935627222061157,-0.36716318130493164,0.9601616263389587,0.43150055408477783,0.5824062824249268,-0.3988470733165741,0.8689744472503662,0.5530816912651062,0.7063330411911011,-0.4181160032749176,0.9747999906539917,0.4211775064468384,0.6811854839324951,-0.5105544328689575,0.9685471653938293,0.5575084686279297,0.7301433682441711,-0.44600600004196167,0.9700865745544434,0.41746729612350464,0.6961697340011597,-0.5570632815361023,0.9622284770011902,0.5498923063278198,0.7315518260002136,-0.47868841886520386,0.9748653769493103,0.41953715682029724,0.696801483631134,-0.5805906057357788,0.9684640169143677,0.5448275804519653,0.7229366898536682,-0.4304576814174652,0.965362548828125,0.42418020963668823,0.692865252494812,-0.5252500176429749,0.9581812620162964,0.5114796161651611,0.6083747744560242,-0.002409054199233651,0.9976739287376404,0.4570033848285675,0.6025286912918091,0.0021694733295589685,0.9989656209945679,0.5359689593315125,0.74502032995224,0.12067580968141556,0.20438449084758759,0.4738469123840332,0.741478681564331,0.05661781504750252,0.6028773784637451,0.5764445066452026,0.768051266670227,0.38986605405807495,0.01647632010281086,0.4887893795967102,0.7791094183921814,0.2882930040359497,0.09463779628276825,0.5844286680221558,0.767818033695221,0.4164007008075714,0.01602131314575672,0.49200084805488586,0.7833334803581238,0.31357917189598083,0.12352209538221359,0.5805836915969849,0.7960083484649658,0.38164108991622925,0.024220911785960197,0.496212363243103,0.80366051197052,0.2709946036338806,0.08224045485258102
0.49361974000930786,0.4266299605369568,-0.638254702091217,0.9999073147773743,0.4982064962387085,0.40827804803848267,-0.6339495778083801,0.9998199939727783,0.5016967058181763,0.4083850085735321,-0.6343720555305481,0.9998123645782471,0.505251407623291,0.4088601768016815,-0.6343008875846863,0.9998278617858887,0.48762062191963196,0.40595337748527527,-0.6354256272315979,0.9998735189437866,0.4835450351238251,0.4043697118759155,-0.6358286738395691,0.9998891353607178,0.4794803261756897,0.4030033051967621,-0.6360933780670166,0.9999066591262817,0.508364200592041,0.401568740606308,-0.5283279418945312,0.9998446702957153,0.47350791096687317,0.3937855064868927,-0.5349226593971252,0.999811053276062,0.4986857771873474,0.4378303587436676,-0.5883466005325317,0.9998630881309509,0.48688632249832153,0.4374408721923828,-0.592616081237793,0.9998413920402527,0.5406422019004822,0.4559912383556366,-0.39874497056007385,0.999914288520813,0.4417245090007782,0.4543288052082062,-0.38728028535842896,0.9998989701271057,0.5503087639808655,0.5916211009025574,-0.3236630856990814,0.9452272057533264,0.434499055147171,0.582606852054596,-0.36752164363861084,0.8693152666091919,0.5548766851425171,0.7014086246490479,-0.36548247933387756,0.9666972756385803,0.4253224730491638,0.6800178289413452,-0.49324482679367065,0.9702818989753723,0.5587112307548523,0.7236259579658508,-0.39382806420326233,0.959498941898346,0.4200507700443268,0.7008136510848999,-0.5445837378501892,0.9637159109115601,0.5545015335083008,0.7232680320739746,-0.4300530254840851,0.9663686752319336,0.424312949180603,0.6969174146652222,-0.5702560544013977,0.9698587656021118,0.5497094988822937,0.7162526249885559,-0.3794313073158264,0.9555948972702026,0.4280131161212921,0.6907861232757568,-0.5089290738105774,0.9592616558074951,0.5145703554153442,0.5274914503097534,0.003174152923747897,0.9978991746902466,0.46396297216415405,0.544280469417572,-0.0033525254111737013,0.9990655779838562,0.5413812398910522,0.705714762210846,0.11060892045497894,0.2123638391494751,0.47526007890701294,0.6451583504676819,0.004116395488381386,0.5942855477333069,0.5551356673240662,0.7495167255401611,0.3716249465942383,0.0347314290702343,0.48871704936027527,0.7501369714736938,0.19168692827224731,0.12988542020320892,0.5580173134803772,0.7522653341293335,0.3951343595981598,0.028836308047175407,0.4909164011478424,0.7602643966674805,0.20998182892799377,0.13572992384433746,0.546360433101654,0.7414765357971191,0.3283659517765045,0.05638795718550682,0.4945659637451172,0.783107578754425,0.13306978344917297,0.125104159116745
0.4947073757648468,0.426957905292511,-0.6343780755996704,0.9999134540557861,0.4987364113330841,0.4073895514011383,-0.6249645352363586,0.999832808971405,0.5029507875442505,0.40719330310821533,-0.6252996325492859,0.9998241662979126,0.5066257119178772,0.40739521384239197,-0.6252214312553406,0.9998398423194885,0.4876020848751068,0.40637603402137756,-0.6280192732810974,0.9998840689659119,0.4835033416748047,0.4053446352481842,-0.6283458471298218,0.9998984932899475,0.47946223616600037,0.404251366853714,-0.6285743117332458,0.9999148845672607,0.5101355910301208,0.39678922295570374,-0.5042549967765808,0.9998502731323242,0.4735189974308014,0.39413273334503174,-0.5173436403274536,0.9998242855072021,0.5015644431114197,0.43871310353279114,-0.5800399780273438,0.9998700022697449,0.4893871545791626,0.438601553440094,-0.5862042307853699,0.9998535513877869,0.5411903262138367,0.4570704698562622,-0.36134129762649536,0.9999217391014099,0.44209495186805725,0.4583144783973694,-0.3622950315475464,0.9999083280563354,0.5501834154129028,0.5849615931510925,-0.27514928579330444,0.943994402885437,0.43607771396636963,0.5776965022087097,-0.31103232502937317,0.8754389882087708,0.5550462007522583,0.690398097038269,-0.33722496032714844,0.966653048992157,0.42784208059310913,0.6745676398277283,-0.40960291028022766,0.9722951650619507,0.5582446455955505,0.7137236595153809,-0.36479294300079346,0.9575806260108948,0.422502338886261,0.6977720260620117,-0.45606714487075806,0.9652888178825378,0.5527116060256958,0.7169983386993408,-0.40304479002952576,0.9649059176445007,0.4273100197315216,0.6955093741416931,-0.48548653721809387,0.9711898565292358,0.5495474934577942,0.7076472640037537,-0.3518522381782532,0.953449547290802,0.43045565485954285,0.6893354058265686,-0.42507097125053406,0.9603812098503113,0.5166097283363342,0.5267234444618225,0.010219797492027283,0.9980989694595337,0.46384307742118835,0.5240026116371155,-0.010241619311273098,0.9991546273231506,0.528605043888092,0.6356490254402161,0.038370370864868164,0.20553511381149292,0.46807995438575745,0.6183449029922485,-0.269060343503952,0.6147322654724121,0.5235191583633423,0.7338635325431824,0.3615487217903137,0.03627648204565048,0.4718877971172333,0.7567147612571716,-0.11909010261297226,0.17346037924289703,0.5258091688156128,0.7357800006866455,0.38988780975341797,0.028645707294344902,0.4743255376815796,0.7764354348182678,-0.1055976077914238,0.14681290090084076,0.5187804698944092,0.7642161846160889,0.32236263155937195,0.06054561212658882,0.4686228334903717,0.7955785393714905,-0.21774286031723022,0.17474907636642456
0.49187201261520386,0.4316544234752655,-0.6168702244758606,0.9999210238456726,0.4971475601196289,0.41274186968803406,-0.6079318523406982,0.9998478293418884,0.501532256603241,0.4111609160900116,-0.6082410216331482,0.9998394846916199,0.5054181218147278,0.4103592038154602,-0.6081463694572449,0.9998539686203003,0.4864819347858429,0.4117230176925659,-0.6099413633346558,0.999894917011261,0.4829532206058502,0.4093210995197296,-0.6102516055107117,0.9999080300331116,0.47931137681007385,0.406692236661911,-0.6104703545570374,0.9999229907989502,0.5102083683013916,0.3986720144748688,-0.4900355935096741,0.9998613595962524,0.4736092686653137,0.3930043578147888,-0.4989343583583832,0.9998397827148438,0.4993957281112671,0.4381456971168518,-0.5639482140541077,0.9998800754547119,0.48726099729537964,0.4377996325492859,-0.5686551928520203,0.9998665452003479,0.5394340753555298,0.45575177669525146,-0.34613269567489624,0.9999282956123352,0.44231897592544556,0.45714709162712097,-0.3478737771511078,0.999916672706604,0.5484580397605896,0.5818543434143066,-0.2629116475582123,0.9472609758377075,0.4349454939365387,0.5729946494102478,-0.3075069785118103,0.8857133388519287,0.5553922057151794,0.6775230765342712,-0.3233697712421417,0.9691741466522217,0.42734387516975403,0.664537787437439,-0.4066362977027893,0.9748108386993408,0.5596870183944702,0.6994363069534302,-0.34974321722984314,0.9602388739585876,0.42107093334198,0.6911758780479431,-0.45086443424224854,0.968172013759613,0.5561188459396362,0.6990822553634644,-0.38737696409225464,0.9671268463134766,0.4259043335914612,0.6891617774963379,-0.47803089022636414,0.9735811948776245,0.5523799657821655,0.6927193403244019,-0.3377344012260437,0.9562435746192932,0.4298056960105896,0.6821686625480652,-0.4207604229450226,0.9634581804275513,0.5161575078964233,0.5236142873764038,0.0047272564843297005,0.9982801675796509,0.4641704261302948,0.5184605121612549,-0.00479193264618516,0.9992339015007019,0.521199643611908,0.6246523261070251,-0.011810998432338238,0.24759440124034882,0.4613189101219177,0.6106622815132141,-0.24407993257045746,0.6450018286705017,0.5219820737838745,0.7496495842933655,0.17335328459739685,0.08583619445562363,0.4712987244129181,0.7624812722206116,-0.0721907690167427,0.23993147909641266,0.5191289186477661,0.7652025818824768,0.1889723837375641,0.04969211667776108,0.47537386417388916,0.781287670135498,-0.05723308026790619,0.18760289251804352,0.5209616422653198,0.7814547419548035,0.08513004332780838,0.12233462184667587,0.46509864926338196,0.798417329788208,-0.16738146543502808,0.24425141513347626
0.491362065076828,0.42343980073928833,-0.629040539264679,0.9999266862869263,0.49688053131103516,0.4029110372066498,-0.6193680167198181,0.999859631061554,0.5013658404350281,0.40128588676452637,-0.6196779012680054,0.9998508095741272,0.505318284034729,0.40026846528053284,-0.6195923089981079,0.9998650550842285,0.48584848642349243,0.4022526443004608,-0.6209323406219482,0.9999039173126221,0.48226988315582275,0.400409460067749,-0.6212182641029358,0.9999158382415771,0.47863587737083435,0.39842870831489563,-0.6214231252670288,0.9999297261238098,0.5100319981575012,0.39086419343948364,-0.5006405711174011,0.9998679161071777,0.4737313687801361,0.38729536533355713,-0.5073692202568054,0.9998506903648376,0.49865099787712097,0.43091851472854614,-0.5765004754066467,0.9998878240585327,0.4862762987613678,0.4311252534389496,-0.5804824233055115,0.9998773336410522,0.5387163162231445,0.45564040541648865,-0.3609415292739868,0.9999346137046814,0.4425162672996521,0.4565545320510864,-0.35844093561172485,0.9999240636825562,0.5475611090660095,0.5777788162231445,-0.3002643585205078,0.9508461356163025,0.4354677200317383,0.571430504322052,-0.33509400486946106,0.892591118812561,0.5544177889823914,0.6704974174499512,-0.40726619958877563,0.9715269804000854,0.4295476973056793,0.6619510054588318,-0.4581274092197418,0.9766625165939331,0.5577817559242249,0.6925126314163208,-0.4424807131290436,0.9626458287239075,0.4225160777568817,0.6873654127120972,-0.5080889463424683,0.9697368144989014,0.555479109287262,0.6908392310142517,-0.4765567183494568,0.9691298007965088,0.42608022689819336,0.6859732866287231,-0.5350821614265442,0.9748906493186951,0.5523737072944641,0.6845835447311401,-0.4212857782840729,0.9585345983505249,0.430521160364151,0.6789053082466125,-0.4729200005531311,0.9647295475006104,0.5166404843330383,0.5162745714187622,0.007610591594129801,0.9984351396560669,0.4644259512424469,0.51324462890625,-0.007621754426509142,0.9993008375167847,0.5286555290222168,0.6246553659439087,0.012247308157384396,0.23680709302425385,0.4624577462673187,0.6038474440574646,-0.2936560809612274,0.6570214033126831,0.5220093727111816,0.7424783110618591,0.2697487771511078,0.08651316910982132,0.4715018570423126,0.7571732401847839,-0.1166771948337555,0.2659826874732971,0.5186078548431396,0.7567955255508423,0.2877567410469055,0.04842996597290039,0.47698602080345154,0.7711582183837891,-0.10109033435583115,0.19152069091796875,0.522024929523468,0.7752878665924072,0.174397811293602,0.12584224343299866,0.46589404344558716,0.7931843400001526,-0.2149365246295929,0.2773537039756775
0.49170225858688354,0.41901448369026184,-0.6133232712745667,0.9999309778213501,0.49695727229118347,0.39777010679244995,-0.6005576252937317,0.9998676180839539,0.5013750791549683,0.3960224390029907,-0.6008338928222656,0.999858558177948,0.5053014755249023,0.3947775065898895,-0.6007511615753174,0.9998722672462463,0.4859238564968109,0.3978075385093689,-0.6017435789108276,0.999910831451416,0.4822385013103485,0.3962149918079376,-0.6020069718360901,0.9999221563339233,0.478528767824173,0.3945050835609436,-0.6021994948387146,0.9999351501464844,0.5098872780799866,0.3862072825431824,-0.47709837555885315,0.999870240688324,0.4737933874130249,0.38370922207832336,-0.48099279403686523,0.999858021736145,0.4985705316066742,0.42680203914642334,-0.5597959160804749,0.9998929500579834,0.4864140748977661,0.42734894156455994,-0.5629820227622986,0.9998858571052551,0.5380518436431885,0.45193177461624146,-0.34346410632133484,0.9999393224716187,0.442626953125,0.4551796615123749,-0.34030598402023315,0.9999296069145203,0.5483312010765076,0.5723528265953064,-0.3020305931568146,0.9538620114326477,0.4336451292037964,0.5697427988052368,-0.33346712589263916,0.9010130167007446,0.5560777187347412,0.6686698794364929,-0.39657455682754517,0.9732769131660461,0.4271763861179352,0.6652502417564392,-0.44147831201553345,0.9781805276870728,0.5603132247924805,0.6914917826652527,-0.42880600690841675,0.9642571210861206,0.4208495020866394,0.6879847645759583,-0.4849633574485779,0.9707836508750916,0.5573381781578064,0.6904043555259705,-0.4604436159133911,0.970410943031311,0.4253958463668823,0.6865030527114868,-0.5078808665275574,0.975697934627533,0.5537313222885132,0.6830384135246277,-0.4094989597797394,0.9599322080612183,0.4293261766433716,0.6806498169898987,-0.4538085162639618,0.9653501510620117,0.5152572393417358,0.5298192501068115,0.004072960466146469,0.9985756278038025,0.4633801579475403,0.5284963250160217,-0.004144131205976009,0.9993578791618347,0.5218694806098938,0.6041411757469177,-0.23087431490421295,0.30590319633483887,0.4601481556892395,0.5949932336807251,-0.29934847354888916,0.6852141618728638,0.522813081741333,0.7503702640533447,-0.023453466594219208,0.1625828742980957,0.46773213148117065,0.7584729194641113,-0.08485102653503418,0.3286561965942383,0.518081784248352,0.7712505459785461,-0.009258435107767582,0.10213620215654373,0.4756692945957184,0.7786229848861694,-0.06727192550897598,0.23768389225006104,0.5247521996498108,0.7838010787963867,-0.14540201425552368,0.20238947868347168,0.46268531680107117,0.7954308986663818,-0.19740496575832367,0.33976390957832336
0.4919767379760742,0.4157108664512634,-0.6605799794197083,0.9999362826347351,0.49709025025367737,0.3958036005496979,-0.6459667682647705,0.9998782277107239,0.5015373826026917,0.39356350898742676,-0.6462516784667969,0.9998696446418762,0.5051547288894653,0.392123818397522,-0.6461681723594666,0.9998825788497925,0.48590153455734253,0.39566218852996826,-0.6477610468864441,0.9999184608459473,0.4821096360683441,0.3934948444366455,-0.6480149030685425,0.999928891658783,0.4782770276069641,0.3915546238422394,-0.6481908559799194,0.9999407529830933,0.5097687244415283,0.3838665783405304,-0.5152726769447327,0.999879002571106,0.47382456064224243,0.3815145492553711,-0.5224064588546753,0.9998676776885986,0.49830400943756104,0.42464789748191833,-0.6051414012908936,0.9999014139175415,0.4859779179096222,0.4257247745990753,-0.6090552806854248,0.9998956322669983,0.5378564596176147,0.45170995593070984,-0.37065643072128296,0.9999445080757141,0.4427253305912018,0.45377808809280396,-0.37102991342544556,0.99993497133255,0.54864901304245,0.5683874487876892,-0.31173834204673767,0.9571831226348877,0.4330097734928131,0.5674736499786377,-0.3565250635147095,0.9075983166694641,0.5563883185386658,0.6661648154258728,-0.4142409563064575,0.9754006266593933,0.4267849922180176,0.6576933860778809,-0.4642000198364258,0.979030430316925,0.5605321526527405,0.6883376836776733,-0.4480825364589691,0.9666038155555725,0.42094266414642334,0.6833586692810059,-0.5083222985267639,0.9704806208610535,0.5575307011604309,0.6869103312492371,-0.4808066785335541,0.9723396301269531,0.42354950308799744,0.682234525680542,-0.5348404049873352,0.9753578901290894,0.554029107093811,0.6801480650901794,-0.42765507102012634,0.962309718132019,0.4271191954612732,0.675885796546936,-0.47802478075027466,0.964319109916687,0.5148718357086182,0.5226341485977173,0.00473451055586338,0.998709499835968,0.4642258584499359,0.5193134546279907,-0.004811354447156191,0.9994139671325684,0.52305006980896,0.6072186231613159,-0.20109112560749054,0.36568769812583923,0.45979657769203186,0.5963906645774841,-0.3004590570926666,0.7104692459106445,0.5232692360877991,0.7510753870010376,0.014293085783720016,0.2337813824415207,0.46610668301582336,0.757493793964386,-0.06707324832677841,0.38708651065826416,0.5178815722465515,0.7729179859161377,0.028306739404797554,0.14547617733478546,0.4737987816333771,0.7775188088417053,-0.048125188797712326,0.27574458718299866,0.525551438331604,0.789135217666626,-0.1173938661813736,0.2726788818836212,0.4613652527332306,0.7956929206848145,-0.18519407510757446,0.39736562967300415
0.49133190512657166,0.41258126497268677,-0.6738989353179932,0.9999399185180664,0.4964537024497986,0.3920256495475769,-0.6583103537559509,0.999884843826294,0.5009408593177795,0.3908032476902008,-0.6585903167724609,0.9998764991760254,0.5045379996299744,0.3899988830089569,-0.6585103273391724,0.9998890161514282,0.48538610339164734,0.39196833968162537,-0.66034996509552,0.9999240636825562,0.4816562533378601,0.3907175362110138,-0.6605860590934753,0.9999340772628784,0.4778956174850464,0.38925185799598694,-0.6607338190078735,0.9999450445175171,0.5092890858650208,0.3816753029823303,-0.5230982899665833,0.9998819231987,0.47378912568092346,0.3805771768093109,-0.5313674807548523,0.9998721480369568,0.4978561997413635,0.4216129183769226,-0.6168627142906189,0.9999069571495056,0.4855676591396332,0.4223896563053131,-0.6210139989852905,0.9999032020568848,0.5378239154815674,0.4495152533054352,-0.37492087483406067,0.9999489784240723,0.44284188747406006,0.44822433590888977,-0.3826160728931427,0.9999401569366455,0.5488030314445496,0.5619866251945496,-0.3414597511291504,0.9601245522499084,0.43298572301864624,0.5662291049957275,-0.38797467947006226,0.9147400856018066,0.5569512844085693,0.6655369400978088,-0.4365707337856293,0.9772222638130188,0.42663246393203735,0.655312716960907,-0.5131613612174988,0.9804086089134216,0.5611674189567566,0.6856133341789246,-0.46662455797195435,0.9685035943984985,0.42003318667411804,0.6801145076751709,-0.5604660511016846,0.9716262817382812,0.5579559803009033,0.682349443435669,-0.5011448264122009,0.9738661050796509,0.42426013946533203,0.6778637170791626,-0.5856596231460571,0.9763085842132568,0.5543889403343201,0.6753536462783813,-0.4496661126613617,0.9640127420425415,0.42826929688453674,0.672107458114624,-0.5265179872512817,0.9650609493255615,0.5145323872566223,0.5312358736991882,0.005750769749283791,0.9988263845443726,0.4640503227710724,0.5291169285774231,-0.005846487358212471,0.9994609355926514,0.5223420262336731,0.5961009860038757,-0.2697359025478363,0.42359310388565063,0.45951536297798157,0.5906094312667847,-0.35129478573799133,0.7335734367370605,0.5229243636131287,0.7509968280792236,-0.04841970279812813,0.30390116572380066,0.4653337597846985,0.7522963881492615,-0.09466259926557541,0.44060856103897095,0.5172913074493408,0.7747392654418945,-0.03495604917407036,0.2039245218038559,0.4716936945915222,0.7724372148513794,-0.0745147168636322,0.31467360258102417,0.5283515453338623,0.7867717742919922,-0.19034188985824585,0.3404335677623749,0.4598568379878998,0.7876420617103577,-0.2210506647825241,0.450298011302948
0.49082809686660767,0.40024128556251526,-0.6619061231613159,0.9999428391456604,0.49597200751304626,0.3819922208786011,-0.6452134847640991,0.9998884201049805,0.5004664063453674,0.38084113597869873,-0.6454708576202393,0.9998800158500671,0.5042608380317688,0.37998029589653015,-0.6453903913497925,0.9998923540115356,0.4850963354110718,0.38284704089164734,-0.6468513011932373,0.9999280571937561,0.4815399944782257,0.3822615444660187,-0.6470842957496643,0.9999380111694336,0.47780558466911316,0.3815588355064392,-0.6472317576408386,0.9999483823776245,0.5083473920822144,0.3723737597465515,-0.5060442090034485,0.9998797178268433,0.4737977087497711,0.37500903010368347,-0.5121062994003296,0.9998739957809448,0.49754229187965393,0.40971705317497253,-0.6034891605377197,0.9999111890792847,0.4854632616043091,0.4121893048286438,-0.6070184111595154,0.9999096989631653,0.5377439856529236,0.4441722333431244,-0.3607635498046875,0.9999528527259827,0.44320395588874817,0.44138890504837036,-0.3647628128528595,0.9999449849128723,0.5490356087684631,0.5568608641624451,-0.3381686210632324,0.9625602960586548,0.43305152654647827,0.5575178265571594,-0.37121298909187317,0.9216614365577698,0.5574783086776733,0.6606338620185852,-0.4368651211261749,0.978790819644928,0.4256095886230469,0.6517738699913025,-0.49109333753585815,0.9815671443939209,0.5614894032478333,0.6849154829978943,-0.47051793336868286,0.9700467586517334,0.41927820444107056,0.6749515533447266,-0.5365372896194458,0.9722895622253418,0.558393120765686,0.6797410249710083,-0.5045026540756226,0.9750909209251404,0.4243067800998688,0.6735005974769592,-0.5607302784919739,0.9768700003623962,0.5547217130661011,0.6733261942863464,-0.4505547285079956,0.9652079343795776,0.42841631174087524,0.6676896214485168,-0.5035601258277893,0.965179443359375,0.5142139196395874,0.5423517823219299,0.0045754690654575825,0.9989292621612549,0.46523410081863403,0.5391215682029724,-0.004693496506661177,0.9995027184486389,0.5218478441238403,0.590399444103241,-0.3187360465526581,0.47410789132118225,0.45924919843673706,0.5901156663894653,-0.3826994001865387,0.7527272701263428,0.5234913229942322,0.746250331401825,-0.07466605305671692,0.3630896508693695,0.4660361409187317,0.7500738501548767,-0.11005247384309769,0.4856264293193817,0.5185158252716064,0.7683994174003601,-0.05876314267516136,0.24755077064037323,0.47135546803474426,0.771287739276886,-0.08847877383232117,0.34426167607307434,0.5279866456985474,0.7908429503440857,-0.2150009423494339,0.39895159006118774,0.4604314863681793,0.7909233570098877,-0.23604273796081543,0.49551674723625183
0.4905017018318176,0.3880700469017029,-0.6540910601615906,0.9999480247497559,0.4956844747066498,0.36899858713150024,-0.6411765217781067,0.9998984932899475,0.5002849698066711,0.36716994643211365,-0.6414265036582947,0.9998906850814819,0.504138171672821,0.36588722467422485,-0.6413615345954895,0.999902069568634,0.4847904145717621,0.37035486102104187,-0.6430092453956604,0.9999347925186157,0.4807840883731842,0.36933252215385437,-0.6432396769523621,0.9999437928199768,0.4772932827472687,0.3682992458343506,-0.6433681845664978,0.9999532103538513,0.5071101784706116,0.361843079328537,-0.5164282917976379,0.9998898506164551,0.47351551055908203,0.363856703042984,-0.5236038565635681,0.999884843826294,0.49744290113449097,0.3974412977695465,-0.6009730100631714,0.9999194145202637,0.48533716797828674,0.4012562930583954,-0.6045152544975281,0.9999182820320129,0.5374627709388733,0.43883687257766724,-0.37011590600013733,0.999957263469696,0.44325485825538635,0.43309810757637024,-0.380836546421051,0.999950110912323,0.5485403537750244,0.5486050248146057,-0.34514185786247253,0.9652850031852722,0.43332716822624207,0.5477949380874634,-0.380160927772522,0.9280796647071838,0.5578205585479736,0.6484388113021851,-0.4416089355945587,0.9804890751838684,0.42513829469680786,0.6476268768310547,-0.4927110970020294,0.9828614592552185,0.5618842840194702,0.6709204316139221,-0.47113969922065735,0.9721018671989441,0.41936227679252625,0.6725988388061523,-0.5355051159858704,0.9737429618835449,0.558657705783844,0.670023500919342,-0.5048025846481323,0.9767615795135498,0.42489880323410034,0.6703057885169983,-0.5629093050956726,0.9780754446983337,0.5549543499946594,0.6638263463973999,-0.454929918050766,0.9673749208450317,0.42870426177978516,0.6652970314025879,-0.5063437223434448,0.9666568636894226,0.5140175223350525,0.5110904574394226,0.006176923867315054,0.9990304708480835,0.46516135334968567,0.5100685358047485,-0.006276851519942284,0.9995473027229309,0.5218826532363892,0.5924773812294006,-0.2600777745246887,0.5207905173301697,0.45876437425613403,0.592012345790863,-0.3347117304801941,0.7713860869407654,0.522566020488739,0.754159152507782,-0.07391636818647385,0.4214562475681305,0.46597594022750854,0.7555760145187378,-0.11387672275304794,0.5302913784980774,0.5175943970680237,0.7785202860832214,-0.06458059698343277,0.30272382497787476,0.47163861989974976,0.7765519022941589,-0.09810145199298859,0.3784685432910919,0.5337290167808533,0.7906519770622253,-0.2207358330488205,0.45545315742492676,0.4611726403236389,0.7912468910217285,-0.24703408777713776,0.5399240851402283
0.4902843236923218,0.38083943724632263,-0.6311158537864685,0.999953031539917,0.495479553937912,0.3628900945186615,-0.6155999898910522,0.9999082088470459,0.5002387166023254,0.3611914813518524,-0.6157121658325195,0.9999011158943176,0.5038095712661743,0.3599528670310974,-0.6156732439994812,0.9999114274978638,0.4846973717212677,0.3636689782142639,-0.6277306079864502,0.9999411106109619,0.4807632267475128,0.36248332262039185,-0.6277355551719666,0.9999492764472961,0.4772390127182007,0.36137691140174866,-0.6275771260261536,0.999957799911499,0.506484866142273,0.35579603910446167,-0.495612770318985,0.9999001026153564,0.4735220968723297,0.3572462201118469,-0.4963831305503845,0.9998956918716431,0.4972846210002899,0.3908800780773163,-0.5831757187843323,0.9999272227287292,0.4852857291698456,0.39399901032447815,-0.5977647304534912,0.9999262690544128,0.5369819402694702,0.43239477276802063,-0.3406921327114105,0.9999613165855408,0.44309186935424805,0.42842400074005127,-0.35606849193573,0.9999548196792603,0.5480312705039978,0.5418628454208374,-0.2977338135242462,0.9679968953132629,0.43327245116233826,0.5411891937255859,-0.35299980640411377,0.9346768856048584,0.5580461621284485,0.6374018788337708,-0.3807910680770874,0.9822020530700684,0.4253217279911041,0.6420227885246277,-0.46044251322746277,0.9843711853027344,0.5619741082191467,0.6610552072525024,-0.409934401512146,0.9743297696113586,0.41887304186820984,0.6691826581954956,-0.5013771653175354,0.975829541683197,0.5587840676307678,0.6605252027511597,-0.44140151143074036,0.9786007404327393,0.42495477199554443,0.6675607562065125,-0.5269166231155396,0.979822039604187,0.555131733417511,0.654961347579956,-0.3934931755065918,0.9698812961578369,0.42904016375541687,0.6608139276504517,-0.47318747639656067,0.9691290259361267,0.512607216835022,0.5057788491249084,0.008532303385436535,0.9991211891174316,0.46484389901161194,0.5033498406410217,-0.008642777800559998,0.9995871782302856,0.5218857526779175,0.5893373489379883,-0.25219276547431946,0.5645092129707336,0.4584493935108185,0.590844452381134,-0.31981977820396423,0.7904788851737976,0.5220575928688049,0.7531449198722839,-0.08576338738203049,0.47460445761680603,0.46588993072509766,0.7536181211471558,-0.12342645972967148,0.5723931193351746,0.5174477696418762,0.7776735424995422,-0.07761632651090622,0.35441792011260986,0.4720158874988556,0.7744309902191162,-0.10964897274971008,0.4146232604980469,0.5334507822990417,0.789375901222229,-0.2216096818447113,0.5067842602729797,0.46000194549560547,0.789381206035614,-0.2473180890083313,0.5816000699996948
0.49010559916496277,0.37848350405693054,-0.5936948657035828,0.999957263469696,0.49535858631134033,0.3601202666759491,-0.581235945224762,0.9999163150787354,0.5001308917999268,0.3581959903240204,-0.5814245343208313,0.9999096989631653,0.5033977627754211,0.35677385330200195,-0.5813740491867065,0.9999192357063293,0.4846661686897278,0.36162832379341125,-0.5857771039009094,0.9999465346336365,0.4807277321815491,0.36067190766334534,-0.5859405398368835,0.9999539852142334,0.47715383768081665,0.35969406366348267,-0.585988461971283,0.9999617338180542,0.506074845790863,0.35121217370033264,-0.46905317902565,0.9999082088470459,0.47348836064338684,0.35518237948417664,-0.4819141924381256,0.9999045729637146,0.49711912870407104,0.3876167833805084,-0.5465914011001587,0.9999338984489441,0.4852581024169922,0.39150333404541016,-0.5536677241325378,0.9999332427978516,0.5370920300483704,0.4290250539779663,-0.3294573128223419,0.9999648928642273,0.44299131631851196,0.4280794858932495,-0.3495655059814453,0.9999589920043945,0.5476149320602417,0.5383492112159729,-0.29895541071891785,0.9701195359230042,0.43299320340156555,0.5386307239532471,-0.35217157006263733,0.9405230283737183,0.5580998063087463,0.6329044699668884,-0.38707685470581055,0.9835941791534424,0.4263083040714264,0.638207197189331,-0.45279085636138916,0.9855473637580872,0.5616104006767273,0.6573184132575989,-0.4170231819152832,0.9760357737541199,0.41916635632514954,0.6672399640083313,-0.4922187030315399,0.9772374033927917,0.5588486194610596,0.6563425660133362,-0.44699010252952576,0.9799942970275879,0.4260933995246887,0.6661709547042847,-0.516585648059845,0.9810068011283875,0.5552569031715393,0.6503491997718811,-0.3995499014854431,0.9717531204223633,0.4307542145252228,0.657910943031311,-0.4649130702018738,0.9706719517707825,0.5118722319602966,0.5055955648422241,0.009598781354725361,0.9992028474807739,0.465342253446579,0.505236804485321,-0.009710005484521389,0.9996232986450195,0.5224046111106873,0.5915140509605408,-0.2609023153781891,0.6025346517562866,0.4585634469985962,0.5930234789848328,-0.3140910267829895,0.806452751159668,0.5220767855644226,0.7535944581031799,-0.0984540730714798,0.5207750201225281,0.4657377302646637,0.7537153959274292,-0.13176338374614716,0.6094135642051697,0.5177701115608215,0.7775120139122009,-0.09049658477306366,0.39702579379081726,0.471561074256897,0.776678204536438,-0.11955820769071579,0.4427753984928131,0.535165548324585,0.7914836406707764,-0.23486605286598206,0.5518467426300049,0.4605068564414978,0.7929239869117737,-0.2592258155345917,0.6181713938713074
0.4898364245891571,0.36744439601898193,-0.5954921245574951,0.9999606609344482,0.495327889919281,0.3491303026676178,-0.5829840898513794,0.9999226927757263,0.49998778104782104,0.3473353683948517,-0.5831905603408813,0.9999160766601562,0.5030894875526428,0.3459451198577881,-0.5831387639045715,0.9999252557754517,0.48405951261520386,0.3509148955345154,-0.5856582522392273,0.9999511241912842,0.4800927937030792,0.35027220845222473,-0.5858525633811951,0.9999579191207886,0.476626992225647,0.3494671881198883,-0.5859387516975403,0.9999650716781616,0.5057372450828552,0.34046614170074463,-0.46853336691856384,0.9999136924743652,0.47311002016067505,0.3437420427799225,-0.4813947379589081,0.9999114871025085,0.49709945917129517,0.37669676542282104,-0.5470670461654663,0.9999395608901978,0.4842565655708313,0.3786858320236206,-0.551924467086792,0.9999393224716187,0.53676438331604,0.4216439723968506,-0.3328760266304016,0.9999679923057556,0.4429880380630493,0.42196986079216003,-0.34864726662635803,0.9999626874923706,0.5474338531494141,0.5308260917663574,-0.3038146197795868,0.9715021252632141,0.43279018998146057,0.5333367586135864,-0.34989821910858154,0.9453465342521667,0.5581357479095459,0.6250197291374207,-0.4073116183280945,0.9841315746307373,0.4261658787727356,0.630232572555542,-0.4455702006816864,0.9862298369407654,0.5611258745193481,0.6504748463630676,-0.44024422764778137,0.9759741425514221,0.41922318935394287,0.6597813963890076,-0.4849008023738861,0.9775527715682983,0.5585165619850159,0.6500526070594788,-0.46986544132232666,0.9797918796539307,0.42615965008735657,0.6582070589065552,-0.5103903412818909,0.9812633991241455,0.5550147294998169,0.6431854367256165,-0.42010098695755005,0.971338152885437,0.43123534321784973,0.6490128636360168,-0.4579398036003113,0.970613420009613,0.5114918947219849,0.5008112192153931,0.008699462749063969,0.9992784261703491,0.46526357531547546,0.5020833611488342,-0.008808089420199394,0.9996577501296997,0.5234156250953674,0.5942590832710266,-0.27655646204948425,0.6351962685585022,0.45909741520881653,0.5949623584747314,-0.32523876428604126,0.8182470202445984,0.522383451461792,0.7541771531105042,-0.09788208454847336,0.5588828921318054,0.4659600555896759,0.7535912990570068,-0.13218319416046143,0.6399984359741211,0.5175145268440247,0.7785935997962952,-0.08848035335540771,0.42631828784942627,0.4719655215740204,0.7774500250816345,-0.11916092783212662,0.4581083655357361,0.5364166498184204,0.792586624622345,-0.23496738076210022,0.5890740752220154,0.45921286940574646,0.7932258248329163,-0.262163907289505,0.6475485563278198
0.489080548286438,0.35800987482070923,-0.5885546803474426,0.9999639987945557,0.4947756230831146,0.33839696645736694,-0.5754114389419556,0.9999290108680725,0.49934735894203186,0.3375331163406372,-0.5756202340126038,0.999922513961792,0.5025530457496643,0.33662956953048706,-0.5755777955055237,0.9999313354492188,0.48349544405937195,0.338713139295578,-0.5775877237319946,0.9999554753303528,0.4795336425304413,0.338067889213562,-0.5777836441993713,0.9999616742134094,0.47612059116363525,0.3371613025665283,-0.5778759121894836,0.9999682307243347,0.5051302909851074,0.33348357677459717,-0.4599037766456604,0.9999197125434875,0.47221365571022034,0.3336769938468933,-0.4695049524307251,0.9999183416366577,0.4957824647426605,0.3694528341293335,-0.54006427526474,0.9999449849128723,0.48301202058792114,0.36987364292144775,-0.543897271156311,0.9999449849128723,0.5362336039543152,0.4149283468723297,-0.32833993434906006,0.9999707937240601,0.44298282265663147,0.41556671261787415,-0.34546640515327454,0.999966025352478,0.547046959400177,0.5225566029548645,-0.3071020245552063,0.9733186364173889,0.4326309561729431,0.5268017053604126,-0.3466475307941437,0.9499885439872742,0.5580217242240906,0.6162230968475342,-0.40182724595069885,0.9850226640701294,0.42631852626800537,0.6222350597381592,-0.4423219561576843,0.9870871305465698,0.5608231425285339,0.6430100798606873,-0.4332529306411743,0.976707935333252,0.4196498692035675,0.6514971852302551,-0.48224499821662903,0.9784441590309143,0.5580486059188843,0.6429319381713867,-0.4612518548965454,0.9803006649017334,0.4259277284145355,0.6498266458511353,-0.5088775753974915,0.9820016026496887,0.5546204447746277,0.6357011198997498,-0.413833349943161,0.9719570875167847,0.4311256408691406,0.6402594447135925,-0.45482566952705383,0.9714252352714539,0.5114784836769104,0.5006439089775085,0.008272767998278141,0.9993470311164856,0.46562904119491577,0.5009517073631287,-0.008389484137296677,0.9996890425682068,0.5249907970428467,0.5987528562545776,-0.27397698163986206,0.6644673943519592,0.4590819478034973,0.5946705937385559,-0.3189442455768585,0.8273407220840454,0.5222018957138062,0.7549183368682861,-0.09409700334072113,0.5923786759376526,0.46658673882484436,0.7536253929138184,-0.1265011876821518,0.6666836142539978,0.5173352360725403,0.7794707417488098,-0.08458154648542404,0.4537768065929413,0.47236013412475586,0.7768328785896301,-0.11364468932151794,0.47258979082107544,0.5371828079223633,0.7923153638839722,-0.22841741144657135,0.6222550272941589,0.4589029848575592,0.7909336090087891,-0.254201740026474,0.6733742356300354
0.4890766739845276,0.346414178609848,-0.5498130321502686,0.999967098236084,0.49488118290901184,0.3265228569507599,-0.5365622639656067,0.9999347925186157,0.49917083978652954,0.32517990469932556,-0.5367660522460938,0.9999284148216248,0.502404510974884,0.32421040534973145,-0.5367281436920166,0.9999368190765381,0.4836091101169586,0.32780560851097107,-0.5388832092285156,0.9999594688415527,0.4798579216003418,0.32698461413383484,-0.5390793085098267,0.9999651312828064,0.4764145612716675,0.32602787017822266,-0.5391725301742554,0.9999711513519287,0.5045150518417358,0.3218688666820526,-0.4256109595298767,0.9999250769615173,0.47222864627838135,0.323135644197464,-0.43472135066986084,0.9999249577522278,0.49575096368789673,0.3585851490497589,-0.5035182237625122,0.9999499320983887,0.48322030901908875,0.3592148721218109,-0.5073531866073608,0.9999501705169678,0.5359619855880737,0.4079315662384033,-0.3055037558078766,0.9999732375144958,0.44279012084007263,0.40646305680274963,-0.32098519802093506,0.9999690651893616,0.5467808246612549,0.5147438049316406,-0.29298752546310425,0.9750329852104187,0.432504266500473,0.5192608833312988,-0.32829567790031433,0.9545907378196716,0.5578259825706482,0.6051521301269531,-0.3866684138774872,0.9859049320220947,0.4266987144947052,0.6101040244102478,-0.4144453704357147,0.9881613850593567,0.56082683801651,0.6340091824531555,-0.4174964129924774,0.9776538014411926,0.4206399619579315,0.6390348672866821,-0.449523001909256,0.9800260066986084,0.5579214692115784,0.6318548321723938,-0.4448707401752472,0.98101407289505,0.4268227219581604,0.637546718120575,-0.47368231415748596,0.983316957950592,0.5545111894607544,0.6241602301597595,-0.3986324667930603,0.9729178547859192,0.43174508213996887,0.6274855136871338,-0.4258527159690857,0.9733453392982483,0.5117971897125244,0.49964115023612976,0.007487548515200615,0.9994087815284729,0.4661509394645691,0.49978119134902954,-0.007599512115120888,0.9997175335884094,0.5268639922142029,0.5977875590324402,-0.26449498534202576,0.6932974457740784,0.4587574899196625,0.5950285196304321,-0.30331408977508545,0.8378548622131348,0.52247154712677,0.7544061541557312,-0.10811097919940948,0.625464677810669,0.4674796164035797,0.7561805844306946,-0.13953743875026703,0.6940564513206482,0.5172611474990845,0.7796093821525574,-0.10102657973766327,0.4870731234550476,0.4733988642692566,0.7802190780639648,-0.13047544658184052,0.4980601966381073,0.5360866785049438,0.7932299971580505,-0.23996807634830475,0.6547325849533081,0.45811042189598083,0.7906174659729004,-0.26820018887519836,0.7003046870231628
0.48905670642852783,0.335344523191452,-0.5416659116744995,0.9999696016311646,0.49485382437705994,0.31636902689933777,-0.5283592343330383,0.9999391436576843,0.49897220730781555,0.31536760926246643,-0.5285549163818359,0.9999324679374695,0.5023361444473267,0.31459784507751465,-0.5285196304321289,0.999940812587738,0.483559787273407,0.3173291087150574,-0.5303425192832947,0.9999627470970154,0.4798310697078705,0.31675392389297485,-0.5305410027503967,0.9999679327011108,0.4763772785663605,0.3160039186477661,-0.5306403636932373,0.9999735355377197,0.5043753385543823,0.3129737973213196,-0.41794490814208984,0.9999285340309143,0.47200101613998413,0.31410863995552063,-0.425575315952301,0.9999300837516785,0.4955191910266876,0.3462175726890564,-0.4957534372806549,0.9999541640281677,0.4830877184867859,0.3478434681892395,-0.4991602599620819,0.9999547600746155,0.5359188914299011,0.3992238938808441,-0.2992987036705017,0.999975323677063,0.44269487261772156,0.39895614981651306,-0.3139406144618988,0.9999717473983765,0.5468186736106873,0.5085670948028564,-0.288612961769104,0.9765439629554749,0.4324122667312622,0.5117356181144714,-0.32022103667259216,0.958605945110321,0.5573927164077759,0.5982274413108826,-0.38085219264030457,0.9865672588348389,0.4262784421443939,0.603782057762146,-0.4034789800643921,0.988985002040863,0.5600818991661072,0.6275423765182495,-0.4109918177127838,0.9782142043113708,0.4204830229282379,0.6321110129356384,-0.43762096762657166,0.9810615181922913,0.557823121547699,0.6244377493858337,-0.43779388070106506,0.9813974499702454,0.4267623722553253,0.6313860416412354,-0.46149587631225586,0.9841781258583069,0.5545103549957275,0.6158952713012695,-0.3925706744194031,0.9734090566635132,0.4315344989299774,0.6218006610870361,-0.4148348867893219,0.9745261073112488,0.511891782283783,0.4979536235332489,0.0074273995123803616,0.9994648694992065,0.4660159647464752,0.49794259667396545,-0.007547242101281881,0.999743640422821,0.5277109146118164,0.5996426939964294,-0.2605581283569336,0.7191163897514343,0.4585212171077728,0.5939215421676636,-0.30366942286491394,0.8483399748802185,0.522712767124176,0.7522194385528564,-0.09912718087434769,0.6548068523406982,0.46682700514793396,0.7563324570655823,-0.14096198976039886,0.7190931439399719,0.5172250866889954,0.7757880091667175,-0.09123560041189194,0.5128405094146729,0.4727746248245239,0.779731035232544,-0.13114340603351593,0.5191205143928528,0.5347549915313721,0.7927802205085754,-0.2310861498117447,0.6833080053329468,0.458077073097229,0.7924290299415588,-0.26976823806762695,0.7244469523429871
0.4890435039997101,0.3334962725639343,-0.534103512763977,0.9999721646308899,0.494788259267807,0.31482595205307007,-0.5202661752700806,0.9999440312385559,0.49892061948776245,0.31366974115371704,-0.5204619765281677,0.9999375343322754,0.5022715926170349,0.3125149607658386,-0.5204331874847412,0.9999454617500305,0.4835265278816223,0.31568530201911926,-0.5226525664329529,0.999966025352478,0.4798654317855835,0.3153107166290283,-0.522855281829834,0.9999707937240601,0.4763815104961395,0.3147314786911011,-0.5229596495628357,0.9999759197235107,0.504257082939148,0.31053999066352844,-0.40829581022262573,0.9999337196350098,0.47185423970222473,0.31309962272644043,-0.4177524447441101,0.9999358654022217,0.49549007415771484,0.34408754110336304,-0.48774591088294983,0.999958336353302,0.48309269547462463,0.3464033603668213,-0.491661936044693,0.9999590516090393,0.5359830856323242,0.3971998989582062,-0.2874452471733093,0.9999773502349854,0.4424457550048828,0.39887624979019165,-0.3046301007270813,0.999974250793457,0.546805739402771,0.5056945085525513,-0.2585271894931793,0.9779708385467529,0.43234267830848694,0.5115100145339966,-0.30161893367767334,0.9623757004737854,0.557300329208374,0.5961225032806396,-0.3303641080856323,0.9872973561286926,0.42633020877838135,0.6031404733657837,-0.3784969747066498,0.9898566007614136,0.560018002986908,0.6250402331352234,-0.3559497594833374,0.9789757132530212,0.4206368029117584,0.6299415826797485,-0.4103565514087677,0.9823520183563232,0.5577774047851562,0.6227937340736389,-0.3836163878440857,0.9819740056991577,0.4269047677516937,0.630066454410553,-0.43490326404571533,0.9852526783943176,0.5544844269752502,0.6142088770866394,-0.3418472707271576,0.9742990732192993,0.4319191873073578,0.6213831305503845,-0.38987013697624207,0.9761375784873962,0.5119032263755798,0.4979534149169922,0.007381028961390257,0.9995161890983582,0.46584925055503845,0.4983293414115906,-0.007505489978939295,0.9997676610946655,0.5278803110122681,0.6000044941902161,-0.2543368935585022,0.7451881766319275,0.45892542600631714,0.5928336977958679,-0.293649286031723,0.8611346483230591,0.522953450679779,0.7524278163909912,-0.08932988345623016,0.6861329078674316,0.466431200504303,0.7571092844009399,-0.13456667959690094,0.7451245188713074,0.5173020362854004,0.7754223346710205,-0.08120705187320709,0.5486019253730774,0.47263336181640625,0.7805071473121643,-0.12480564415454865,0.551554799079895,0.5350335240364075,0.7931108474731445,-0.2173938900232315,0.7124882340431213,0.4575795829296112,0.7935823798179626,-0.26112988591194153,0.7496407628059387
0.4889945983886719,0.32029610872268677,-0.5188221335411072,0.9999746084213257,0.4947344660758972,0.3024369478225708,-0.5054365396499634,0.9999487400054932,0.4987533688545227,0.3013369143009186,-0.5056332945823669,0.9999425411224365,0.5020838379859924,0.30024394392967224,-0.5056064128875732,0.9999500513076782,0.48351195454597473,0.30216097831726074,-0.5074694156646729,0.9999690651893616,0.47984540462493896,0.30125758051872253,-0.5076659917831421,0.9999734163284302,0.47636181116104126,0.3005409836769104,-0.5077624917030334,0.9999781250953674,0.5038327574729919,0.29797282814979553,-0.3978107273578644,0.9999390840530396,0.4716755151748657,0.30020326375961304,-0.40562060475349426,0.9999411702156067,0.49541836977005005,0.33297592401504517,-0.47441336512565613,0.9999622702598572,0.4830701947212219,0.3330460488796234,-0.4778459668159485,0.9999629855155945,0.5357719659805298,0.38933098316192627,-0.2834465801715851,0.9999793767929077,0.44210249185562134,0.39054074883461,-0.29726818203926086,0.9999765157699585,0.5465584397315979,0.49444901943206787,-0.25914663076400757,0.9797561764717102,0.4322997033596039,0.5015274286270142,-0.2974320352077484,0.9658033847808838,0.5565631985664368,0.5864388346672058,-0.33719995617866516,0.9882780313491821,0.4262741804122925,0.5924574136734009,-0.3758039176464081,0.9905908703804016,0.5600571036338806,0.6139271259307861,-0.36451900005340576,0.9803197979927063,0.42030206322669983,0.6190494298934937,-0.40816670656204224,0.9833053350448608,0.5576362013816833,0.610740065574646,-0.3916923403739929,0.9830954074859619,0.4265044927597046,0.61945641040802,-0.4326123297214508,0.9860430955886841,0.5539098381996155,0.6027829051017761,-0.34866631031036377,0.9758750200271606,0.4320604205131531,0.6106392741203308,-0.38733941316604614,0.9773232936859131,0.5115863084793091,0.48963701725006104,0.007247760891914368,0.9995627999305725,0.4657684564590454,0.49314162135124207,-0.007377670146524906,0.9997894763946533,0.5275595784187317,0.6011800765991211,-0.23707495629787445,0.7682883143424988,0.4588497579097748,0.5938698649406433,-0.27278175950050354,0.8717596530914307,0.523048996925354,0.7500815391540527,-0.07808982580900192,0.71293705701828,0.46608173847198486,0.7568690776824951,-0.1201910600066185,0.7674118280410767,0.5174005031585693,0.7729203104972839,-0.06962701678276062,0.5746325850486755,0.4722573161125183,0.779517650604248,-0.11343534290790558,0.5740729570388794,0.5343053936958313,0.7924742102622986,-0.2043592482805252,0.7375200390815735,0.4575406610965729,0.7931004762649536,-0.24370428919792175,0.7710345983505249
0.4888668656349182,0.3113955855369568,-0.5167139768600464,0.9999768733978271,0.4945797026157379,0.2920847535133362,-0.5029765367507935,0.9999531507492065,0.49851366877555847,0.29160553216934204,-0.5031775832176208,0.9999473094940186,0.5018690228462219,0.29110845923423767,-0.503152072429657,0.9999544024467468,0.4834797978401184,0.2912291884422302,-0.5050357580184937,0.999971866607666,0.47991737723350525,0.29047060012817383,-0.5052385926246643,0.9999758005142212,0.4765481650829315,0.28932034969329834,-0.5053324103355408,0.999980092048645,0.5036705732345581,0.2893407940864563,-0.39345064759254456,0.9999442100524902,0.4716566503047943,0.28957879543304443,-0.40159112215042114,0.9999459385871887,0.49526408314704895,0.3236945867538452,-0.4715276062488556,0.9999658465385437,0.4830617308616638,0.32315391302108765,-0.4750637412071228,0.999966561794281,0.5354722142219543,0.3805007040500641,-0.2765010893344879,0.9999812245368958,0.44165661931037903,0.3826941251754761,-0.2905130386352539,0.9999785423278809,0.5462729334831238,0.48621222376823425,-0.24292582273483276,0.9815964698791504,0.4319480061531067,0.4917641580104828,-0.28176581859588623,0.9689731597900391,0.5557945966720581,0.5799346566200256,-0.3127230703830719,0.9893435835838318,0.42613130807876587,0.5839979648590088,-0.34904855489730835,0.9912752509117126,0.55991131067276,0.6073002815246582,-0.33850160241127014,0.9819744825363159,0.41999995708465576,0.6104497313499451,-0.3788774907588959,0.9842472076416016,0.5571070909500122,0.6044690608978271,-0.36654093861579895,0.9845014214515686,0.4261340796947479,0.610938310623169,-0.4046412706375122,0.9868232607841492,0.5530556440353394,0.5965998768806458,-0.32421669363975525,0.9778708219528198,0.431960791349411,0.6021834015846252,-0.36066100001335144,0.9785279631614685,0.5108936429023743,0.48618507385253906,0.007559402380138636,0.9996052384376526,0.4649222195148468,0.49046602845191956,-0.007701125927269459,0.9998092651367188,0.5274350047111511,0.6000721454620361,-0.23702672123908997,0.7901493310928345,0.4585171639919281,0.5942755341529846,-0.2775755822658539,0.8827741146087646,0.5229440331459045,0.7509451508522034,-0.08958014845848083,0.7393857836723328,0.4659201502799988,0.7567846179008484,-0.12746676802635193,0.7888267040252686,0.5172752737998962,0.7745919823646545,-0.08326859772205353,0.6069687008857727,0.47221639752388,0.7799622416496277,-0.11986672878265381,0.6024712920188904,0.534728467464447,0.7929517030715942,-0.219882071018219,0.7619953155517578,0.4574735760688782,0.792794942855835,-0.25350064039230347,0.7918882369995117
0.48884648084640503,0.29623115062713623,-0.48890194296836853,0.9999789595603943,0.4945281744003296,0.27790701389312744,-0.4749705493450165,0.9999572038650513,0.49846121668815613,0.2770593464374542,-0.4751662313938141,0.9999516606330872,0.5017096400260925,0.27643632888793945,-0.4751453101634979,0.9999583959579468,0.4837098717689514,0.2782626152038574,-0.47730642557144165,0.9999744296073914,0.4803317189216614,0.2777665853500366,-0.47750556468963623,0.9999779462814331,0.4770621955394745,0.27694547176361084,-0.47759419679641724,0.9999818801879883,0.5028825402259827,0.2755089998245239,-0.3683930039405823,0.9999489188194275,0.4716643989086151,0.2769300043582916,-0.3779700696468353,0.9999503493309021,0.4952070116996765,0.30989348888397217,-0.4452493488788605,0.9999691247940063,0.4830605685710907,0.31064170598983765,-0.4491942822933197,0.9999697804450989,0.5348986387252808,0.36837127804756165,-0.2606827914714813,0.9999828934669495,0.44119518995285034,0.37047791481018066,-0.27514180541038513,0.9999803900718689,0.545992910861969,0.47513824701309204,-0.23557810485363007,0.9832496047019958,0.4316881597042084,0.4800051152706146,-0.2766617238521576,0.9718731045722961,0.5545637011528015,0.5704741477966309,-0.31302469968795776,0.9902901649475098,0.4260234534740448,0.5734425187110901,-0.35300979018211365,0.9919266104698181,0.5594248175621033,0.5957803726196289,-0.34026142954826355,0.9834510087966919,0.4199129343032837,0.5987209677696228,-0.3843570947647095,0.9851983189582825,0.5567114353179932,0.5938546061515808,-0.36733105778694153,0.9857572317123413,0.42588964104652405,0.5988741517066956,-0.4091516435146332,0.9876124262809753,0.552294909954071,0.5857337713241577,-0.32446908950805664,0.9796435832977295,0.43237778544425964,0.5897740125656128,-0.36462265253067017,0.9797506928443909,0.5108956694602966,0.48418641090393066,0.0075339036993682384,0.9996433854103088,0.46452730894088745,0.4868706464767456,-0.007681178394705057,0.9998270869255066,0.5272021889686584,0.5958786010742188,-0.23558402061462402,0.8098756074905396,0.4583962559700012,0.5937767624855042,-0.2731302082538605,0.8925787210464478,0.5228706002235413,0.7511529326438904,-0.0954829752445221,0.763033926486969,0.46576163172721863,0.7561319470405579,-0.12827721238136292,0.8078444004058838,0.5170825719833374,0.7754530310630798,-0.08972560614347458,0.6363000273704529,0.47204846143722534,0.7796404957771301,-0.12043756991624832,0.6270728707313538,0.5350563526153564,0.7932606339454651,-0.22392116487026215,0.7838992476463318,0.4569326639175415,0.7925148010253906,-0.2528347373008728,0.8103678226470947
0.48877567052841187,0.2826785743236542,-0.4731930196285248,0.9999809265136719,0.4944058656692505,0.2648720443248749,-0.45921844244003296,0.9999611377716064,0.4982229769229889,0.2641427516937256,-0.45941177010536194,0.9999560117721558,0.501386821269989,0.26352864503860474,-0.45939257740974426,0.9999622702598572,0.4836713969707489,0.2644213140010834,-0.4613209068775177,0.9999768733978271,0.480274498462677,0.26387444138526917,-0.46152350306510925,0.9999800324440002,0.4769822061061859,0.26326656341552734,-0.4616106450557709,0.9999836087226868,0.5027984380722046,0.263496071100235,-0.3544768691062927,0.9999535083770752,0.47160303592681885,0.2650761604309082,-0.36307230591773987,0.9999547600746155,0.4948912560939789,0.2959633469581604,-0.43043574690818787,0.9999721050262451,0.48274412751197815,0.2963153123855591,-0.4340890645980835,0.9999727010726929,0.5347262024879456,0.36223104596138,-0.24835167825222015,0.9999844431877136,0.44087278842926025,0.3614948093891144,-0.2632153630256653,0.9999821186065674,0.5456622242927551,0.46714919805526733,-0.21477262675762177,0.9847186207771301,0.4313717782497406,0.4709496796131134,-0.2595279812812805,0.9744923710823059,0.5540056228637695,0.5644212961196899,-0.2815913259983063,0.9911330342292786,0.42596548795700073,0.5638510584831238,-0.33015498518943787,0.9925312399864197,0.5588653683662415,0.5870760083198547,-0.3061971068382263,0.9847667217254639,0.4198211431503296,0.5906342267990112,-0.3595612645149231,0.986132800579071,0.5565530061721802,0.584982693195343,-0.33380651473999023,0.9868742823600769,0.4253862500190735,0.5903289914131165,-0.3851563334465027,0.9883838295936584,0.5522098541259766,0.5780076384544373,-0.29295098781585693,0.981239378452301,0.4321533739566803,0.5808953642845154,-0.341949462890625,0.9809675216674805,0.5110312700271606,0.48102709650993347,0.007483632303774357,0.9996780753135681,0.4644652307033539,0.48258617520332336,-0.007635480724275112,0.9998433589935303,0.52695232629776,0.5909778475761414,-0.23395349085330963,0.8280774354934692,0.45823052525520325,0.5918737053871155,-0.26629146933555603,0.9019733667373657,0.5229308605194092,0.7503528594970703,-0.10677282512187958,0.7853406667709351,0.46565568447113037,0.7557199001312256,-0.13062064349651337,0.8256547451019287,0.5170705318450928,0.7758034467697144,-0.10235736519098282,0.666947603225708,0.47195661067962646,0.7793301939964294,-0.12357717007398605,0.6535327434539795,0.5350444316864014,0.7922694683074951,-0.23558971285820007,0.8044511079788208,0.45673778653144836,0.7917317152023315,-0.25409674644470215,0.8278103470802307
0.4885971248149872,0.28129714727401733,-0.4717464745044708,0.9999827146530151,0.49430039525032043,0.2630532383918762,-0.4581250548362732,0.9999646544456482,0.4980711340904236,0.262174516916275,-0.458315372467041,0.9999598860740662,0.5011450052261353,0.2614436447620392,-0.45829716324806213,0.9999657273292542,0.48352283239364624,0.2633928954601288,-0.46033671498298645,0.9999790191650391,0.48007550835609436,0.2630561888217926,-0.4605362117290497,0.9999818801879883,0.4767206311225891,0.26284876465797424,-0.4606211483478546,0.9999851584434509,0.5026605129241943,0.26146167516708374,-0.35454192757606506,0.9999576210975647,0.4713582396507263,0.264572411775589,-0.36349835991859436,0.9999586939811707,0.49471360445022583,0.2942606508731842,-0.42930856347084045,0.99997478723526,0.4824887812137604,0.29556572437286377,-0.433064341545105,0.9999753832817078,0.5345577597618103,0.3603023290634155,-0.24983708560466766,0.9999858140945435,0.44071465730667114,0.3595277667045593,-0.2649098038673401,0.9999836683273315,0.5454980731010437,0.4658413827419281,-0.22347714006900787,0.9860376715660095,0.43115657567977905,0.4700096547603607,-0.2674735188484192,0.9768447875976562,0.5537651181221008,0.5628452301025391,-0.29602372646331787,0.9918657541275024,0.4258798062801361,0.5618698000907898,-0.34256070852279663,0.9930306673049927,0.5584649443626404,0.5862352848052979,-0.32179635763168335,0.9858922362327576,0.4197649359703064,0.5880953073501587,-0.37308529019355774,0.9868698716163635,0.5563470721244812,0.5835895538330078,-0.3491160571575165,0.9878256916999817,0.4250282347202301,0.5880803465843201,-0.39800065755844116,0.9889882206916809,0.5520228147506714,0.5764109492301941,-0.30747634172439575,0.9825963973999023,0.43196582794189453,0.5788872838020325,-0.35424163937568665,0.9819130897521973,0.511055588722229,0.4810423254966736,0.00740873022004962,0.9997093081474304,0.46422895789146423,0.48185622692108154,-0.0075593870133161545,0.9998580813407898,0.5267828702926636,0.5890491604804993,-0.23941759765148163,0.8444153666496277,0.45801660418510437,0.5903715491294861,-0.2721446752548218,0.9103181958198547,0.522896945476532,0.7505505084991455,-0.12160743027925491,0.8051252961158752,0.46563348174095154,0.755567729473114,-0.14405180513858795,0.8414648175239563,0.5169233083724976,0.7758541703224182,-0.11769265681505203,0.6938445568084717,0.471852570772171,0.7791463136672974,-0.13790228962898254,0.6769371032714844,0.5352855920791626,0.7913798689842224,-0.25124284625053406,0.8227889537811279,0.45670849084854126,0.790756106376648,-0.2687279284000397,0.8433555364608765
0.48832109570503235,0.2687031626701355,-0.4513920247554779,0.9999842643737793,0.49393540620803833,0.2501092553138733,-0.43715137243270874,0.9999677538871765,0.4974922239780426,0.2492949366569519,-0.4373449981212616,0.9999632835388184,0.500690221786499,0.24837692081928253,-0.4373356103897095,0.9999687671661377,0.48305243253707886,0.2506875693798065,-0.4393905997276306,0.9999809265136719,0.4795026183128357,0.250180184841156,-0.4395969808101654,0.9999834895133972,0.47612521052360535,0.24946606159210205,-0.4396876096725464,0.9999865293502808,0.5022640824317932,0.2488887906074524,-0.33307990431785583,0.999961256980896,0.47115156054496765,0.25216132402420044,-0.34239205718040466,0.9999620914459229,0.4945862591266632,0.2822151184082031,-0.40901079773902893,0.999977171421051,0.48216626048088074,0.28358688950538635,-0.4128912687301636,0.9999777674674988,0.5343343615531921,0.35214290022850037,-0.23191571235656738,0.9999870657920837,0.44058340787887573,0.3505624234676361,-0.24572131037712097,0.9999849796295166,0.5452653169631958,0.45698603987693787,-0.19638828933238983,0.9872365593910217,0.4309749901294708,0.46055805683135986,-0.24432013928890228,0.9788953065872192,0.5538351535797119,0.5511784553527832,-0.2594210207462311,0.9925365447998047,0.42575275897979736,0.5525761842727661,-0.31519725918769836,0.9934179186820984,0.5584203600883484,0.5753771662712097,-0.2825729548931122,0.9869393706321716,0.4197472333908081,0.5786920785903931,-0.34371641278266907,0.9874172210693359,0.5563822388648987,0.5733802318572998,-0.31077131628990173,0.9887152314186096,0.4238004684448242,0.5785488486289978,-0.3697220981121063,0.9894263744354248,0.5520473122596741,0.5663756132125854,-0.2709645628929138,0.9838709831237793,0.43055665493011475,0.5696965456008911,-0.3272380530834198,0.9826057553291321,0.5112892389297485,0.4809809923171997,0.007291103713214397,0.999737560749054,0.4641728103160858,0.48122116923332214,-0.007449855096638203,0.9998714327812195,0.5267579555511475,0.5885434746742249,-0.2391117662191391,0.8594998717308044,0.4577435553073883,0.5892570614814758,-0.2700522541999817,0.9183717370033264,0.5228700637817383,0.7506519556045532,-0.11557327210903168,0.823559582233429,0.4656204879283905,0.7547668814659119,-0.14498959481716156,0.8562571406364441,0.51652592420578,0.7757053971290588,-0.11108778417110443,0.7203649878501892,0.4717051684856415,0.7788232564926147,-0.13891243934631348,0.7016517519950867,0.5351648330688477,0.7910924553871155,-0.24065986275672913,0.8396992683410645,0.455407977104187,0.7900227308273315,-0.2671644985675812,0.8578587174415588
0.4878414571285248,0.25922977924346924,-0.4467775523662567,0.9999856352806091,0.49332770705223083,0.24168215692043304,-0.43281859159469604,0.9999703764915466,0.4967857897281647,0.2410896271467209,-0.4330195486545563,0.9999660849571228,0.5002655982971191,0.24052445590496063,-0.43301013112068176,0.9999713897705078,0.4823770225048065,0.24073415994644165,-0.43482697010040283,0.9999825358390808,0.47890231013298035,0.2399890422821045,-0.4350350499153137,0.999984860420227,0.4755840003490448,0.2394096702337265,-0.43512868881225586,0.9999876618385315,0.501944363117218,0.24122628569602966,-0.3303629457950592,0.9999643564224243,0.47066542506217957,0.24283209443092346,-0.3387104272842407,0.9999647736549377,0.4943372309207916,0.2730596959590912,-0.4050865173339844,0.9999793171882629,0.48185914754867554,0.2727302014827728,-0.4087006449699402,0.9999798536300659,0.5340505242347717,0.34352779388427734,-0.2313539981842041,0.9999881982803345,0.44036707282066345,0.34355923533439636,-0.24530035257339478,0.9999860525131226,0.5448152422904968,0.4496745765209198,-0.2029171735048294,0.9883244633674622,0.4308427572250366,0.45344340801239014,-0.24756638705730438,0.9807199835777283,0.5535714030265808,0.5402259826660156,-0.2729276120662689,0.9931510090827942,0.4255468547344208,0.544558584690094,-0.32040151953697205,0.9936634302139282,0.5580068826675415,0.5655510425567627,-0.2977975308895111,0.9879271984100342,0.41965845227241516,0.5698031783103943,-0.34961995482444763,0.987697958946228,0.5564028024673462,0.5627260208129883,-0.3256653845310211,0.9895584583282471,0.4233854115009308,0.5704004168510437,-0.3754233121871948,0.9896418452262878,0.5522158145904541,0.5540421605110168,-0.28461259603500366,0.9850652813911438,0.4299343228340149,0.5627068877220154,-0.3325400948524475,0.9829402565956116,0.5113624334335327,0.4779989719390869,0.0072511835023760796,0.9997630715370178,0.4641607999801636,0.47804784774780273,-0.007410171441733837,0.9998834133148193,0.5266977548599243,0.590127170085907,-0.22620196640491486,0.8731078505516052,0.45766380429267883,0.5936926603317261,-0.261159211397171,0.9257737398147583,0.5228099226951599,0.7509706616401672,-0.10478868335485458,0.8404916524887085,0.46555978059768677,0.7542476654052734,-0.13955280184745789,0.8698430061340332,0.5160393118858337,0.775791347026825,-0.09931504726409912,0.7453640103340149,0.47166571021080017,0.7785050868988037,-0.1317811757326126,0.7250929474830627,0.5351668000221252,0.7910877466201782,-0.23110893368721008,0.8551702499389648,0.45505955815315247,0.789814829826355,-0.263540118932724,0.8712120056152344
0.4869701564311981,0.246317058801651,-0.4125584363937378,0.9999865293502808,0.49233973026275635,0.2291000783443451,-0.39822012186050415,0.9999716877937317,0.4959295988082886,0.2284092903137207,-0.3984142541885376,0.9999673962593079,0.4994470775127411,0.22754566371440887,-0.39840781688690186,0.999972939491272,0.48166465759277344,0.22850678861141205,-0.3997778594493866,0.999983549118042,0.4782010316848755,0.22765958309173584,-0.39999920129776,0.9999856352806091,0.4749900698661804,0.22691306471824646,-0.4001014530658722,0.999988317489624,0.5016078352928162,0.22846540808677673,-0.2970862090587616,0.9999661445617676,0.4703778326511383,0.22890813648700714,-0.3032287061214447,0.9999658465385437,0.4936193525791168,0.26003366708755493,-0.37156954407691956,0.9999810457229614,0.48139724135398865,0.25958991050720215,-0.3745701014995575,0.9999815821647644,0.5339524745941162,0.33162593841552734,-0.2017916887998581,0.9999890923500061,0.4402373135089874,0.3319910764694214,-0.2151212841272354,0.9999869465827942,0.5448165535926819,0.4391952455043793,-0.1739191710948944,0.9893153309822083,0.4305513799190521,0.44186657667160034,-0.21416909992694855,0.9824622869491577,0.5534899234771729,0.5253708362579346,-0.2468007653951645,0.9937070608139038,0.42489415407180786,0.5314196348190308,-0.28892871737480164,0.994079053401947,0.5575481057167053,0.5544779300689697,-0.2708752453327179,0.9888458847999573,0.4193769097328186,0.557656466960907,-0.317390501499176,0.9884337186813354,0.5562644600868225,0.5513081550598145,-0.2992503046989441,0.9903449416160583,0.42280906438827515,0.5583728551864624,-0.3436124920845032,0.9902485609054565,0.5522623062133789,0.5418412089347839,-0.2587173283100128,0.9861872792243958,0.42891791462898254,0.5509182810783386,-0.30117762088775635,0.9839197397232056,0.5113757848739624,0.4779262840747833,0.007193601690232754,0.9997857809066772,0.4641209542751312,0.478513240814209,-0.007358207833021879,0.9998940229415894,0.5253868699073792,0.590200662612915,-0.2293204963207245,0.8855457901954651,0.45803603529930115,0.5949625968933105,-0.258541077375412,0.9327520132064819,0.5227861404418945,0.7511121034622192,-0.11774365603923798,0.8559411764144897,0.4654628336429596,0.7536864876747131,-0.14514367282390594,0.8822757005691528,0.5159932374954224,0.7759411931037903,-0.11447611451148987,0.7687022686004639,0.4713438153266907,0.7776329517364502,-0.13999547064304352,0.7478498816490173,0.535141110420227,0.7907572984695435,-0.24232088029384613,0.8692753911018372,0.454751580953598,0.7894631028175354,-0.26600512862205505,0.8834910988807678
0.4861004948616028,0.23733797669410706,-0.40146276354789734,0.9999874830245972,0.4913264513015747,0.21912333369255066,-0.38734015822410583,0.9999732971191406,0.49494418501853943,0.21823447942733765,-0.38753679394721985,0.9999691247940063,0.4983190596103668,0.21751703321933746,-0.38753244280815125,0.9999746680259705,0.4810523986816406,0.21973419189453125,-0.3888283669948578,0.999984622001648,0.47772684693336487,0.21892675757408142,-0.38905131816864014,0.9999865293502808,0.4744549095630646,0.21811926364898682,-0.3891531527042389,0.9999890923500061,0.5008106827735901,0.21902836859226227,-0.2870486378669739,0.9999682903289795,0.4699456989765167,0.2200416773557663,-0.29285556077957153,0.9999675750732422,0.49258455634117126,0.2518002390861511,-0.36075732111930847,0.9999827146530151,0.48090213537216187,0.2511706054210663,-0.3636789321899414,0.9999832510948181,0.5332726836204529,0.32175952196121216,-0.19486825168132782,0.9999899864196777,0.4400429129600525,0.3257008194923401,-0.2026090770959854,0.9999878406524658,0.5447912812232971,0.43192699551582336,-0.16626325249671936,0.990237295627594,0.4302753508090973,0.43414679169654846,-0.20088669657707214,0.9840167760848999,0.5534787774085999,0.5185970067977905,-0.24160614609718323,0.9942277669906616,0.4247434735298157,0.5235427021980286,-0.28189361095428467,0.9944913387298584,0.5573264360427856,0.5479861497879028,-0.2666090726852417,0.9897115230560303,0.41932448744773865,0.5481113791465759,-0.31127408146858215,0.9891940355300903,0.5560253858566284,0.544070839881897,-0.29541662335395813,0.9910902380943298,0.4224991202354431,0.5490740537643433,-0.33772706985473633,0.9908804297447205,0.5522422194480896,0.5345961451530457,-0.25381115078926086,0.9872433543205261,0.42871490120887756,0.541674017906189,-0.2944333255290985,0.9849423766136169,0.5115007162094116,0.476966917514801,0.005819906014949083,0.99980628490448,0.46433770656585693,0.47756606340408325,-0.005986111704260111,0.9999036192893982,0.5236973166465759,0.5905869007110596,-0.2208162099123001,0.896780788898468,0.45855942368507385,0.5941210985183716,-0.24927814304828644,0.9390443563461304,0.522768497467041,0.7512556910514832,-0.10928750783205032,0.8697870969772339,0.4654286205768585,0.7538795471191406,-0.14129900932312012,0.8934046030044556,0.515989363193512,0.7759636640548706,-0.10502009838819504,0.7891861796379089,0.4712584614753723,0.7778266668319702,-0.13561438024044037,0.7678159475326538,0.5351217985153198,0.7907374501228333,-0.23675976693630219,0.8819258809089661,0.45393621921539307,0.789589524269104,-0.2635428309440613,0.8944823741912842
0.4853697419166565,0.23625527322292328,-0.4031680226325989,0.999988317489624,0.49054816365242004,0.2189987599849701,-0.38947513699531555,0.9999747276306152,0.49431103467941284,0.2180384248495102,-0.3896743357181549,0.9999706149101257,0.49766412377357483,0.21727913618087769,-0.3896707594394684,0.9999762177467346,0.4805203974246979,0.2190384864807129,-0.3904389441013336,0.9999855160713196,0.47717246413230896,0.218240886926651,-0.39066413044929504,0.9999873042106628,0.4739382863044739,0.21738004684448242,-0.3907676935195923,0.9999897480010986,0.500568687915802,0.21906812489032745,-0.2904508709907532,0.9999701976776123,0.46963414549827576,0.21910741925239563,-0.29390838742256165,0.9999688863754272,0.4919188916683197,0.2505968511104584,-0.36287087202072144,0.9999842047691345,0.4803519546985626,0.24980796873569489,-0.3651226758956909,0.9999846816062927,0.5331783294677734,0.3216899633407593,-0.19850486516952515,0.9999907612800598,0.43980270624160767,0.32445862889289856,-0.20200756192207336,0.9999886155128479,0.5447259545326233,0.4312288463115692,-0.16750238835811615,0.9911015033721924,0.43008556962013245,0.43229204416275024,-0.19737954437732697,0.9854100346565247,0.5535118579864502,0.5181974172592163,-0.2394714057445526,0.9947227239608765,0.42464932799339294,0.5222705602645874,-0.2779955565929413,0.9948604106903076,0.5571258664131165,0.5476852059364319,-0.26409927010536194,0.990544855594635,0.4192367196083069,0.5467752814292908,-0.30687910318374634,0.9898772835731506,0.5558870434761047,0.543781042098999,-0.2930792570114136,0.9918093085289001,0.4222831428050995,0.5475078821182251,-0.33394792675971985,0.991448700428009,0.5522516965866089,0.5342683792114258,-0.25159206986427307,0.9882659912109375,0.4286172688007355,0.5399048328399658,-0.29077884554862976,0.9858753681182861,0.5115439295768738,0.4762805998325348,0.004655581898987293,0.999824583530426,0.4643753170967102,0.47689661383628845,-0.004822111222893,0.9999120235443115,0.5223743915557861,0.590961754322052,-0.21663476526737213,0.906882107257843,0.4588770568370819,0.5938610434532166,-0.24505260586738586,0.9447077512741089,0.522673487663269,0.7514287233352661,-0.10817227512598038,0.882256805896759,0.4654078185558319,0.7540271282196045,-0.13986538350582123,0.9033965468406677,0.5159137845039368,0.7759994268417358,-0.10487446188926697,0.8076115250587463,0.4712091088294983,0.7779204845428467,-0.13469870388507843,0.785728394985199,0.5349195599555969,0.7908516526222229,-0.2328546792268753,0.8933167457580566,0.4524964690208435,0.7897903323173523,-0.26177194714546204,0.9043633937835693
0.4852459728717804,0.22620108723640442,-0.3727566599845886,0.9999889135360718,0.490496963262558,0.20774658024311066,-0.3591576814651489,0.9999753832817078,0.49413830041885376,0.207098588347435,-0.3593452572822571,0.9999712705612183,0.4974324405193329,0.2063523232936859,-0.3593445122241974,0.9999771118164062,0.48041200637817383,0.20829170942306519,-0.3604150116443634,0.9999860525131226,0.47709888219833374,0.20747298002243042,-0.3606514036655426,0.999987781047821,0.4738457500934601,0.20648059248924255,-0.3607545495033264,0.9999902248382568,0.500117838382721,0.20871521532535553,-0.2629770338535309,0.9999712705612183,0.46952253580093384,0.2091677188873291,-0.26767486333847046,0.9999696612358093,0.4915596842765808,0.24150905013084412,-0.333591103553772,0.99998539686203,0.4802580773830414,0.24057023227214813,-0.33622297644615173,0.9999858736991882,0.5328964591026306,0.3125046193599701,-0.17494258284568787,0.9999914169311523,0.4395066499710083,0.3151087462902069,-0.18244591355323792,0.99998939037323,0.5446596741676331,0.42203596234321594,-0.14270146191120148,0.9918336272239685,0.4299182593822479,0.42118775844573975,-0.17359283566474915,0.9866788387298584,0.5535478591918945,0.5101738572120667,-0.21326467394828796,0.995088517665863,0.42449256777763367,0.5124669671058655,-0.25008684396743774,0.9952169060707092,0.5570140480995178,0.5370348691940308,-0.23598051071166992,0.9911384582519531,0.4192218780517578,0.5371240973472595,-0.2773972153663635,0.9905548691749573,0.5559044480323792,0.5339945554733276,-0.2653043866157532,0.9923210144042969,0.4219212234020233,0.5380288362503052,-0.3043900728225708,0.9920129179954529,0.5523151755332947,0.5254260301589966,-0.2254897803068161,0.9890161156654358,0.4281151592731476,0.5296021699905396,-0.26269060373306274,0.986807644367218,0.5113949179649353,0.4753938317298889,0.004684248939156532,0.9998410940170288,0.4636180102825165,0.47530218958854675,-0.0048495810478925705,0.9999197721481323,0.5210187435150146,0.5917322039604187,-0.21584643423557281,0.9160404801368713,0.4597592055797577,0.593874454498291,-0.2454049438238144,0.9499510526657104,0.522527813911438,0.7515559196472168,-0.11259534955024719,0.8935055732727051,0.4653853178024292,0.7541015148162842,-0.154196634888649,0.9125335812568665,0.5158513784408569,0.7761144638061523,-0.1100645586848259,0.8243914842605591,0.4709698557853699,0.778010368347168,-0.1514892727136612,0.8022611737251282,0.5348371267318726,0.790924608707428,-0.23230189085006714,0.9035760760307312,0.4524064064025879,0.7898495197296143,-0.27423855662345886,0.9133729934692383
0.48454082012176514,0.21841123700141907,-0.3545698821544647,0.9999892711639404,0.4899034798145294,0.19983740150928497,-0.3416516184806824,0.999975323677063,0.4936796724796295,0.19914251565933228,-0.3418462574481964,0.9999712109565735,0.4967632591724396,0.1986963003873825,-0.3418445587158203,0.9999773502349854,0.4796391725540161,0.20039190351963043,-0.3419269025325775,0.9999861717224121,0.47617307305336,0.1997159868478775,-0.3421681225299835,0.9999879598617554,0.4731384813785553,0.199066162109375,-0.342274010181427,0.9999904036521912,0.49962377548217773,0.20163561403751373,-0.24964100122451782,0.999971866607666,0.46896693110466003,0.20245036482810974,-0.24981670081615448,0.9999696016311646,0.4906878173351288,0.2337319254875183,-0.31717345118522644,0.9999863505363464,0.47961390018463135,0.23308531939983368,-0.31851035356521606,0.9999868273735046,0.5324240922927856,0.305935263633728,-0.16709646582603455,0.9999920129776001,0.4394325911998749,0.30885523557662964,-0.1693658083677292,0.9999900460243225,0.5441238284111023,0.41326501965522766,-0.1451968401670456,0.9925300478935242,0.4295457601547241,0.41466158628463745,-0.16078142821788788,0.9878742694854736,0.5531915426254272,0.5006695985794067,-0.22595292329788208,0.9954466223716736,0.42439085245132446,0.5029110908508301,-0.24285346269607544,0.9955987334251404,0.5565155148506165,0.5253292918205261,-0.250812828540802,0.9917417168617249,0.41918066143989563,0.5283295512199402,-0.2709185481071472,0.991291344165802,0.5559117794036865,0.5233466625213623,-0.2798800468444824,0.99284428358078,0.42192941904067993,0.5293329358100891,-0.29870760440826416,0.9926336407661438,0.5524283051490784,0.5150958895683289,-0.23841753602027893,0.9897697567939758,0.428127646446228,0.5204899311065674,-0.2560385763645172,0.9878355860710144,0.5111571550369263,0.47485142946243286,0.004501559771597385,0.9998560547828674,0.4628622233867645,0.47525352239608765,-0.00466446066275239,0.9999268651008606,0.5204717516899109,0.5922773480415344,-0.19577926397323608,0.9242905974388123,0.4608212113380432,0.5940310955047607,-0.22846344113349915,0.9547326564788818,0.5223680138587952,0.7514021396636963,-0.10270776599645615,0.9037022590637207,0.4653368294239044,0.7544230222702026,-0.1494792103767395,0.9208381175994873,0.5156946778297424,0.7765142917633057,-0.10243792086839676,0.8396737575531006,0.4709475338459015,0.778406023979187,-0.14677293598651886,0.8175329566001892,0.5348168611526489,0.7909881472587585,-0.2150282859802246,0.9128662943840027,0.4526432156562805,0.7900645136833191,-0.2689712941646576,0.9215792417526245
0.48356446623802185,0.2101825624704361,-0.3593354821205139,0.9999892115592957,0.48912447690963745,0.19095751643180847,-0.34725865721702576,0.9999739527702332,0.49306774139404297,0.19026915729045868,-0.3474690020084381,0.9999697804450989,0.49580344557762146,0.1902512162923813,-0.3474666476249695,0.9999765753746033,0.4787864685058594,0.19179755449295044,-0.3471880555152893,0.9999855756759644,0.47506123781204224,0.19109244644641876,-0.3474356234073639,0.9999875426292419,0.47215017676353455,0.19065546989440918,-0.3475497364997864,0.9999901056289673,0.49911338090896606,0.19302023947238922,-0.2572009861469269,0.9999714493751526,0.46810927987098694,0.19328883290290833,-0.25569406151771545,0.9999681711196899,0.4897976815700531,0.22485794126987457,-0.3225301206111908,0.9999869465827942,0.4783913791179657,0.22394134104251862,-0.32339346408843994,0.9999874830245972,0.5320484042167664,0.29577526450157166,-0.17361803352832794,0.9999924898147583,0.43919306993484497,0.29912811517715454,-0.17556923627853394,0.9999905824661255,0.5436760783195496,0.4018251299858093,-0.15403404831886292,0.9931004047393799,0.4292364716529846,0.40559694170951843,-0.1642915904521942,0.9889662861824036,0.5530507564544678,0.4868120551109314,-0.23718474805355072,0.995709240436554,0.42413437366485596,0.4928755462169647,-0.24374739825725555,0.9959580898284912,0.5562829375267029,0.5136282444000244,-0.2624099850654602,0.9921852946281433,0.4189542233943939,0.5176144242286682,-0.2716939151287079,0.9919857382774353,0.5560449957847595,0.5111837387084961,-0.2915607690811157,0.993230402469635,0.42174285650253296,0.5186297297477722,-0.299431711435318,0.9932204484939575,0.5526755452156067,0.5012924075126648,-0.24976809322834015,0.9903312921524048,0.42762529850006104,0.5104941129684448,-0.25691768527030945,0.9888061881065369,0.5110962390899658,0.47106775641441345,0.0042466651648283005,0.9998692274093628,0.46267420053482056,0.4725726842880249,-0.004412184935063124,0.9999330043792725,0.5199488997459412,0.5924668908119202,-0.17379041016101837,0.9316936135292053,0.46173563599586487,0.5952971577644348,-0.19403508305549622,0.9589762687683105,0.5222724676132202,0.7514339089393616,-0.08012483268976212,0.9129306077957153,0.46529051661491394,0.7544676661491394,-0.11309231072664261,0.9283058047294617,0.5156489610671997,0.7768860459327698,-0.07881768047809601,0.8534459471702576,0.4708218574523926,0.7782267928123474,-0.11115384846925735,0.8308168053627014,0.5347777009010315,0.7909785509109497,-0.19291697442531586,0.9212580323219299,0.45317113399505615,0.7901816368103027,-0.2267557680606842,0.9289443492889404
0.4825792908668518,0.20556242763996124,-0.3610337972640991,0.99998939037323,0.48802629113197327,0.18643777072429657,-0.3491308391094208,0.999973475933075,0.49216049909591675,0.18549108505249023,-0.34934839606285095,0.9999694228172302,0.494901180267334,0.18529002368450165,-0.3493407368659973,0.9999764561653137,0.4778232276439667,0.18726851046085358,-0.34876924753189087,0.9999854564666748,0.47404226660728455,0.1866130530834198,-0.3490206003189087,0.9999875426292419,0.4713919460773468,0.18617819249629974,-0.3491385877132416,0.9999900460243225,0.4985622763633728,0.18829511106014252,-0.25854477286338806,0.9999716877937317,0.46756359934806824,0.18900567293167114,-0.2554130256175995,0.9999675750732422,0.48883122205734253,0.2200261503458023,-0.323893666267395,0.9999875426292419,0.47743943333625793,0.21943116188049316,-0.3243238031864166,0.9999881386756897,0.5316522717475891,0.2898782789707184,-0.17274942994117737,0.999992847442627,0.43907445669174194,0.2925534248352051,-0.175397127866745,0.9999911189079285,0.5433805584907532,0.39523985981941223,-0.151020810008049,0.9935832619667053,0.4290902316570282,0.39923176169395447,-0.16613128781318665,0.9899521470069885,0.5529038906097412,0.4807173013687134,-0.23587168753147125,0.9959214925765991,0.4237959682941437,0.4850758910179138,-0.252521812915802,0.9962883591651917,0.5559982061386108,0.5080229640007019,-0.261587917804718,0.992531418800354,0.41854727268218994,0.5104713439941406,-0.28192365169525146,0.9926210045814514,0.5560479760169983,0.5053396224975586,-0.29142215847969055,0.9935383200645447,0.4214576780796051,0.5118740797042847,-0.3094239830970764,0.9937583804130554,0.5526809096336365,0.49570441246032715,-0.24883000552654266,0.9907808899879456,0.4271049201488495,0.5040360689163208,-0.26583802700042725,0.9896948337554932,0.5109883546829224,0.46849116683006287,0.003929527942091227,0.9998809099197388,0.462429016828537,0.46995869278907776,-0.004098687320947647,0.9999383687973022,0.5191833972930908,0.5925772190093994,-0.16719795763492584,0.9383550882339478,0.4628494679927826,0.5964104533195496,-0.1534159630537033,0.9626725912094116,0.5222217440605164,0.7514814734458923,-0.07254680246114731,0.921195924282074,0.4652758240699768,0.7545182704925537,-0.0683232843875885,0.9349604845046997,0.5157803297042847,0.7770562767982483,-0.07087389379739761,0.865321695804596,0.4701191782951355,0.7769972681999207,-0.06602367013692856,0.8415907025337219,0.532873272895813,0.7905122637748718,-0.1883557140827179,0.9287793040275574,0.4538165330886841,0.7902477383613586,-0.1830867975950241,0.9354897141456604
0.4822891652584076,0.20470531284809113,-0.36240339279174805,0.9999895691871643,0.4875863492488861,0.1861547827720642,-0.3503001034259796,0.9999729990959167,0.4917886555194855,0.18512611091136932,-0.3505268096923828,0.9999690651893616,0.4944668710231781,0.18452024459838867,-0.3505193293094635,0.9999763369560242,0.47753629088401794,0.1867213100194931,-0.3501293361186981,0.9999852776527405,0.47376564145088196,0.1859840452671051,-0.3503805100917816,0.9999874830245972,0.47118237614631653,0.1853213608264923,-0.35049930214881897,0.999989926815033,0.49812889099121094,0.18667389452457428,-0.25953570008277893,0.9999719262123108,0.46749287843704224,0.1872120350599289,-0.25731566548347473,0.9999667406082153,0.4882681667804718,0.21915553510189056,-0.3252306282520294,0.9999880790710449,0.4773576855659485,0.21824543178081512,-0.32594650983810425,0.9999887347221375,0.5314357876777649,0.2895173132419586,-0.17402829229831696,0.9999932050704956,0.4389248490333557,0.29302993416786194,-0.1775324046611786,0.9999915361404419,0.5432222485542297,0.39244768023490906,-0.15018199384212494,0.9940623044967651,0.4286843240261078,0.4000074565410614,-0.17128436267375946,0.9908407330513,0.5529210567474365,0.47892242670059204,-0.2338596135377884,0.9961698651313782,0.4237450659275055,0.4856528341770172,-0.2609603703022003,0.9965837597846985,0.5560358762741089,0.5067241191864014,-0.25947871804237366,0.9929469227790833,0.41852474212646484,0.5103111267089844,-0.291195273399353,0.9931884407997131,0.5560569167137146,0.5047823786735535,-0.28959929943084717,0.9939018487930298,0.4214209020137787,0.5108910202980042,-0.31819722056388855,0.9942376017570496,0.5526900887489319,0.49521970748901367,-0.24684853851795197,0.9912979602813721,0.42678016424179077,0.503241240978241,-0.27414003014564514,0.9904850721359253,0.5109740495681763,0.46805042028427124,0.0037629972212016582,0.9998915791511536,0.462427020072937,0.4695728123188019,-0.003932638093829155,0.9999432563781738,0.518861711025238,0.5936764478683472,-0.16244369745254517,0.9443514943122864,0.4632790684700012,0.597200870513916,-0.15913335978984833,0.9660452008247375,0.5221903324127197,0.7515031099319458,-0.055508293211460114,0.9286373257637024,0.4652462601661682,0.7546903491020203,-0.0690338984131813,0.9410359859466553,0.515977680683136,0.7772544622421265,-0.05256121978163719,0.8760690093040466,0.47010108828544617,0.7770833969116211,-0.06623957306146622,0.8523725867271423,0.533023476600647,0.7903255224227905,-0.16745281219482422,0.9355233311653137,0.45371511578559875,0.7902711033821106,-0.18243476748466492,0.9414460062980652
0.48211461305618286,0.19934557378292084,-0.34397467970848083,0.9999900460243225,0.48728880286216736,0.1803848296403885,-0.33129703998565674,0.9999737739562988,0.4914536476135254,0.1794584095478058,-0.33152005076408386,0.999970018863678,0.4941142499446869,0.17897789180278778,-0.3315049409866333,0.9999770522117615,0.4772804379463196,0.18148282170295715,-0.33186110854148865,0.9999858140945435,0.4734603762626648,0.1809418648481369,-0.33210262656211853,0.9999879598617554,0.4708944261074066,0.180340975522995,-0.3322109580039978,0.9999902844429016,0.49753203988075256,0.18182367086410522,-0.2398192137479782,0.9999729990959167,0.46714118123054504,0.18302196264266968,-0.24117843806743622,0.9999678134918213,0.4880378842353821,0.21387678384780884,-0.30675649642944336,0.999988853931427,0.4769919812679291,0.2137356549501419,-0.30851686000823975,0.9999895095825195,0.5304908752441406,0.28185516595840454,-0.15977755188941956,0.999993622303009,0.43880727887153625,0.2860701382160187,-0.1659499704837799,0.9999920129776001,0.5428518056869507,0.38578030467033386,-0.15103957056999207,0.9944409728050232,0.42861902713775635,0.39100149273872375,-0.1711837649345398,0.9916266202926636,0.5527191758155823,0.4681258201599121,-0.24011501669883728,0.9963940978050232,0.4237743616104126,0.4732171297073364,-0.2693031132221222,0.996874213218689,0.555483877658844,0.4976039230823517,-0.273424357175827,0.99335116147995,0.4185978174209595,0.500606119632721,-0.29578837752342224,0.9937623739242554,0.555874764919281,0.4945732355117798,-0.3032739460468292,0.9942569136619568,0.4215206205844879,0.500425398349762,-0.3235846757888794,0.9947233200073242,0.5526807904243469,0.48467209935188293,-0.25507262349128723,0.9917789697647095,0.4267524182796478,0.49255889654159546,-0.28211891651153564,0.9912747144699097,0.5111042857170105,0.46499794721603394,0.003791271476075053,0.9999008178710938,0.46256858110427856,0.4664399325847626,-0.003959408961236477,0.9999474287033081,0.5184447169303894,0.5938306450843811,-0.14858701825141907,0.9496222138404846,0.4640488922595978,0.597224235534668,-0.17250008881092072,0.9689548015594482,0.5219767093658447,0.7515387535095215,-0.041698258370161057,0.9350930452346802,0.4652315378189087,0.7547398805618286,-0.08194330334663391,0.9462504982948303,0.5160248875617981,0.7773764133453369,-0.038790199905633926,0.884502649307251,0.46970951557159424,0.776915967464447,-0.07898082584142685,0.8597034811973572,0.5333943963050842,0.7898308038711548,-0.15301412343978882,0.9414142966270447,0.45442184805870056,0.7902993559837341,-0.19543661177158356,0.9465609788894653
0.48198965191841125,0.19454024732112885,-0.3420834541320801,0.999990701675415,0.4868912994861603,0.17623376846313477,-0.3291745185852051,0.9999752640724182,0.49092763662338257,0.17558778822422028,-0.32941341400146484,0.9999717473983765,0.4936301112174988,0.1752575784921646,-0.32939377427101135,0.9999783635139465,0.47711607813835144,0.17702612280845642,-0.3301754295825958,0.9999865889549255,0.47334033250808716,0.17669931054115295,-0.3304111361503601,0.9999886751174927,0.4706825017929077,0.17623956501483917,-0.3305152654647827,0.9999908208847046,0.49688589572906494,0.17855024337768555,-0.23678873479366302,0.9999747276306152,0.4668596386909485,0.1791064739227295,-0.24007517099380493,0.9999693632125854,0.487692266702652,0.20883451402187347,-0.3046271502971649,0.9999896883964539,0.4768475592136383,0.20875227451324463,-0.3069632947444916,0.9999902844429016,0.5296974182128906,0.2764739990234375,-0.15747599303722382,0.9999940395355225,0.43877652287483215,0.28259432315826416,-0.16601787507534027,0.9999924302101135,0.5426577925682068,0.38014182448387146,-0.15489467978477478,0.994827151298523,0.42840591073036194,0.3858089745044708,-0.1765306442975998,0.9923229217529297,0.5525907874107361,0.46084684133529663,-0.267495721578598,0.9966475367546082,0.4236084520816803,0.4671551287174225,-0.2828921675682068,0.9971239566802979,0.5551031827926636,0.49005821347236633,-0.3013868033885956,0.9938036203384399,0.4185532033443451,0.49437588453292847,-0.318099707365036,0.9942502975463867,0.5556779503822327,0.48639345169067383,-0.33124449849128723,0.9946544766426086,0.42142802476882935,0.4925941824913025,-0.3448447287082672,0.995137095451355,0.5526538491249084,0.4758037328720093,-0.28202491998672485,0.992313027381897,0.42614442110061646,0.4837723970413208,-0.2968183755874634,0.9919468760490417,0.5112983584403992,0.4635249674320221,0.0038424551021307707,0.9999094605445862,0.46296456456184387,0.4651491343975067,-0.004012311343103647,0.9999513030052185,0.5182088613510132,0.5942506194114685,-0.11042460054159164,0.9541864395141602,0.4646286964416504,0.5973991751670837,-0.12840723991394043,0.9711428284645081,0.5216507911682129,0.751741349697113,-0.007594650611281395,0.9408093690872192,0.465210497379303,0.7547781467437744,-0.043485675007104874,0.9508178234100342,0.5160437822341919,0.7774800658226013,-0.005465335678309202,0.891212522983551,0.46962282061576843,0.7767932415008545,-0.04153358191251755,0.8652182817459106,0.5338299870491028,0.7894344925880432,-0.1205253154039383,0.9466646313667297,0.45453107357025146,0.7903434038162231,-0.15772022306919098,0.9510617256164551
0.48179587721824646,0.19010914862155914,-0.34366294741630554,0.9999914765357971,0.4863657057285309,0.17203278839588165,-0.3312373161315918,0.9999772310256958,0.4902972877025604,0.17143861949443817,-0.3314894139766693,0.9999740123748779,0.49304819107055664,0.1711522787809372,-0.33147069811820984,0.999980092048645,0.47678810358047485,0.17278988659381866,-0.33241090178489685,0.9999876022338867,0.47303909063339233,0.17255781590938568,-0.33264824748039246,0.9999895691871643,0.47032594680786133,0.17225554585456848,-0.3327506482601166,0.9999914765357971,0.4961957037448883,0.17470674216747284,-0.23894833028316498,0.9999768137931824,0.46655672788619995,0.1757238507270813,-0.2426731139421463,0.9999715089797974,0.48734772205352783,0.2044941484928131,-0.30610746145248413,0.9999905824661255,0.47660255432128906,0.2044152170419693,-0.3085819184780121,0.9999911189079285,0.5287335515022278,0.27069297432899475,-0.15851274132728577,0.9999945163726807,0.438778817653656,0.2768714427947998,-0.16572952270507812,0.999992847442627,0.5419401526451111,0.3706320524215698,-0.14955025911331177,0.9951568245887756,0.4282425343990326,0.3774511516094208,-0.17162002623081207,0.9928815960884094,0.5523974895477295,0.45296818017959595,-0.2644895911216736,0.996860682964325,0.4234250783920288,0.46170809864997864,-0.2796860933303833,0.9972876310348511,0.554843008518219,0.48053351044654846,-0.2951318025588989,0.9941697120666504,0.4185255467891693,0.48744580149650574,-0.31589725613594055,0.9945576190948486,0.5556787848472595,0.47725269198417664,-0.32516083121299744,0.9949819445610046,0.42143651843070984,0.4863525331020355,-0.34350350499153137,0.9954001307487488,0.552659273147583,0.46707990765571594,-0.2780841588973999,0.9927546977996826,0.4260845184326172,0.47792330384254456,-0.29412126541137695,0.9923919439315796,0.5113438963890076,0.45927512645721436,0.0034623476676642895,0.9999175667762756,0.4630524516105652,0.461102694272995,-0.00363872735761106,0.9999550580978394,0.5178812146186829,0.5944046378135681,-0.06145375967025757,0.9581608176231384,0.4650229215621948,0.5982747673988342,-0.05642396956682205,0.9725024700164795,0.5210458636283875,0.7519360780715942,0.030674342066049576,0.9458932876586914,0.46510207653045654,0.7547683119773865,0.027728324756026268,0.9547358155250549,0.5159744620323181,0.7774962782859802,0.031678441911935806,0.8950879573822021,0.46915772557258606,0.7759690880775452,0.029489312320947647,0.8675125241279602,0.5336318612098694,0.7892533540725708,-0.08268045634031296,0.9513673186302185,0.45530033111572266,0.7903873920440674,-0.08265850692987442,0.9549654722213745
0.4812811613082886,0.18797335028648376,-0.33544453978538513,0.9999920725822449,0.4856361746788025,0.17040571570396423,-0.32284653186798096,0.9999787211418152,0.4894338846206665,0.16988590359687805,-0.3230993151664734,0.9999757409095764,0.49231845140457153,0.1697683185338974,-0.3230758309364319,0.9999814033508301,0.47624024748802185,0.17111705243587494,-0.3237200081348419,0.9999883770942688,0.4725745618343353,0.1708567589521408,-0.3239521384239197,0.9999902248382568,0.46997466683387756,0.17072159051895142,-0.3240525424480438,0.9999919533729553,0.4954330325126648,0.17277894914150238,-0.23050983250141144,0.9999784827232361,0.4665605425834656,0.17393654584884644,-0.23292240500450134,0.999972939491272,0.48669105768203735,0.2022528499364853,-0.2979978322982788,0.999991238117218,0.4762929379940033,0.2018326371908188,-0.3001006245613098,0.999991774559021,0.528112530708313,0.2683156132698059,-0.15156657993793488,0.9999948740005493,0.4387820065021515,0.2742893397808075,-0.1602397859096527,0.999993085861206,0.5414302349090576,0.3664940595626831,-0.15332576632499695,0.995421826839447,0.42820224165916443,0.3741850256919861,-0.17390987277030945,0.9933684468269348,0.552110493183136,0.4486032724380493,-0.28147628903388977,0.9970487952232361,0.4231955409049988,0.4552394449710846,-0.28902962803840637,0.997442901134491,0.5545869469642639,0.47523266077041626,-0.3164159953594208,0.9945099949836731,0.41850048303604126,0.4821360409259796,-0.3268386423587799,0.9948577880859375,0.5555729269981384,0.4713364541530609,-0.34676405787467957,0.9952843189239502,0.4213923513889313,0.4796842932701111,-0.3536362051963806,0.9956575036048889,0.5525138974189758,0.4614312946796417,-0.29622066020965576,0.9931537508964539,0.4258038103580475,0.4702015519142151,-0.3035754859447479,0.9928189516067505,0.5113384127616882,0.45826396346092224,0.00352551625110209,0.9999246597290039,0.4630545973777771,0.46055445075035095,-0.00370425870642066,0.9999582171440125,0.5176446437835693,0.5945125222206116,-0.05796665698289871,0.9614432454109192,0.46524518728256226,0.5996749997138977,-0.05617035925388336,0.9732589721679688,0.5206927061080933,0.7522544264793396,0.03924696892499924,0.9502308964729309,0.46502742171287537,0.7547607421875,0.03248933330178261,0.9580015540122986,0.5159074068069458,0.7777621746063232,0.04070733115077019,0.8971286416053772,0.46872755885124207,0.775181770324707,0.03467120975255966,0.8673211336135864,0.5335934162139893,0.7892134189605713,-0.07516531646251678,0.9554358720779419,0.456626832485199,0.7904118895530701,-0.07935260981321335,0.9582324624061584
0.4813038110733032,0.18693237006664276,-0.33503663539886475,0.9999926090240479,0.48551952838897705,0.16949613392353058,-0.32234036922454834,0.9999800324440002,0.4893639385700226,0.16897740960121155,-0.32259151339530945,0.9999772906303406,0.4921693503856659,0.16893050074577332,-0.3225627541542053,0.9999825954437256,0.47620365023612976,0.1701323688030243,-0.32330143451690674,0.9999890923500061,0.4726293385028839,0.1697828620672226,-0.3235420286655426,0.9999908208847046,0.4699041545391083,0.16964010894298553,-0.3236475884914398,0.9999924302101135,0.49526166915893555,0.17171211540699005,-0.22905893623828888,0.9999799132347107,0.46657535433769226,0.17276915907859802,-0.23211389780044556,0.999974250793457,0.486604779958725,0.2012813240289688,-0.29717257618904114,0.9999918341636658,0.47635209560394287,0.20087625086307526,-0.2994709014892578,0.9999923706054688,0.5278621912002563,0.2685476541519165,-0.148494690656662,0.9999951720237732,0.4388408362865448,0.2734072506427765,-0.15727369487285614,0.9999933242797852,0.5411397814750671,0.3661192059516907,-0.14596791565418243,0.995625913143158,0.4281546175479889,0.37338927388191223,-0.16387182474136353,0.9937594532966614,0.551847517490387,0.4473778009414673,-0.27480995655059814,0.9972078204154968,0.4230935871601105,0.4552084803581238,-0.2758118808269501,0.9975644946098328,0.5544825792312622,0.4743204712867737,-0.305328369140625,0.9947960376739502,0.4184803366661072,0.4816368818283081,-0.31260946393013,0.995087206363678,0.5555515885353088,0.47040054202079773,-0.3352259397506714,0.9955402612686157,0.4213881492614746,0.4799027144908905,-0.3396351933479309,0.9958553910255432,0.5524571537971497,0.46055442094802856,-0.2882217764854431,0.9934900999069214,0.42572227120399475,0.47073420882225037,-0.29028159379959106,0.9931561946868896,0.5113514065742493,0.45688867568969727,0.003900285577401519,0.9999309778213501,0.46316826343536377,0.45966461300849915,-0.0040816497057676315,0.9999610781669617,0.5173668265342712,0.5945382714271545,-0.040606334805488586,0.9644609689712524,0.46547597646713257,0.600260853767395,-0.05857974290847778,0.9744964838027954,0.5204546451568604,0.7522788643836975,0.057221073657274246,0.9543360471725464,0.4650011956691742,0.7547622919082642,0.03008749708533287,0.9612518548965454,0.5158461332321167,0.777763843536377,0.05875569209456444,0.8994463682174683,0.4685288071632385,0.7748433947563171,0.03240497037768364,0.8687078356742859,0.5332789421081543,0.7891927361488342,-0.05898984894156456,0.9592277407646179,0.4578978419303894,0.7905021905899048,-0.08400364220142365,0.9614505767822266
0.48135241866111755,0.18613114953041077,-0.3099270164966583,0.9999931454658508,0.4854411780834198,0.16893064975738525,-0.29700949788093567,0.9999813437461853,0.4893094003200531,0.1683802306652069,-0.2972565293312073,0.99997878074646,0.49203255772590637,0.1682545244693756,-0.2972220778465271,0.9999837279319763,0.47620445489883423,0.16935738921165466,-0.29789867997169495,0.9999897480010986,0.4726981222629547,0.1690862625837326,-0.2981363832950592,0.9999913573265076,0.4698912501335144,0.16903872787952423,-0.29823532700538635,0.999992847442627,0.49510759115219116,0.17097163200378418,-0.20425662398338318,0.9999812841415405,0.46658846735954285,0.17236383259296417,-0.20708067715168,0.9999755620956421,0.4865919053554535,0.20031750202178955,-0.2723669707775116,0.9999923706054688,0.4763881266117096,0.20043882727622986,-0.2746097147464752,0.999992847442627,0.5273460745811462,0.2660241723060608,-0.1302824467420578,0.9999954104423523,0.43897977471351624,0.2713533341884613,-0.13397440314292908,0.9999933838844299,0.5405300259590149,0.3617926836013794,-0.13866911828517914,0.9958474636077881,0.42814865708351135,0.3697858452796936,-0.144515722990036,0.9940818548202515,0.5515159964561462,0.44318434596061707,-0.27154842019081116,0.9973815083503723,0.4229946732521057,0.4495623707771301,-0.25800734758377075,0.9976710081100464,0.5542786121368408,0.470123827457428,-0.3043827712535858,0.9951173067092896,0.4184650778770447,0.4757777452468872,-0.2933034598827362,0.9953016042709351,0.5553520917892456,0.4662618041038513,-0.3338106870651245,0.9958220720291138,0.42128199338912964,0.4736473262310028,-0.319825679063797,0.9960389733314514,0.5520599484443665,0.4564882814884186,-0.2854136526584625,0.9938709139823914,0.4254647195339203,0.4645935893058777,-0.2722216546535492,0.9934831261634827,0.5113646388053894,0.4560398459434509,0.0036667892709374428,0.9999365210533142,0.4633941948413849,0.4594741761684418,-0.0038499622605741024,0.9999634623527527,0.5168583989143372,0.5949254631996155,-0.023243555799126625,0.9671615362167358,0.4655686616897583,0.601288914680481,-0.04494862258434296,0.9756657481193542,0.5202469229698181,0.7523084878921509,0.06040627509355545,0.9582162499427795,0.4649437963962555,0.7548021078109741,0.03274397552013397,0.9643438458442688,0.5157647728919983,0.7777659893035889,0.060394663363695145,0.9020824432373047,0.46846655011177063,0.7748907804489136,0.03392648696899414,0.8719903826713562,0.533096969127655,0.789104163646698,-0.056495774537324905,0.9627436399459839,0.45772799849510193,0.7905538082122803,-0.08013606816530228,0.9644870758056641
0.4813728332519531,0.18625125288963318,-0.3033130466938019,0.9999935626983643,0.485417902469635,0.169587641954422,-0.2910195291042328,0.9999822974205017,0.4893082082271576,0.16855493187904358,-0.29126688838005066,0.9999799132347107,0.49193742871284485,0.16794781386852264,-0.2912382185459137,0.9999845027923584,0.4762333035469055,0.17056462168693542,-0.2919429838657379,0.9999901652336121,0.4727455675601959,0.17032526433467865,-0.292184054851532,0.9999917149543762,0.46992531418800354,0.17016291618347168,-0.29228708148002625,0.999993085861206,0.4949865937232971,0.17026987671852112,-0.19999350607395172,0.9999822974205017,0.4666069746017456,0.17305214703083038,-0.2028476446866989,0.9999762773513794,0.4865805208683014,0.1998189389705658,-0.2661832273006439,0.9999927282333374,0.4765048325061798,0.20025192201137543,-0.2684358060359955,0.9999931454658508,0.5267971158027649,0.26424500346183777,-0.12748272716999054,0.9999955892562866,0.4391545057296753,0.2692379057407379,-0.12881971895694733,0.9999932646751404,0.5401709675788879,0.3596389591693878,-0.13337725400924683,0.9960538148880005,0.42814919352531433,0.36725741624832153,-0.14080145955085754,0.9944034218788147,0.551243245601654,0.4398323595523834,-0.2631828188896179,0.9975275993347168,0.42295128107070923,0.4468773901462555,-0.2562704086303711,0.9977611303329468,0.5541151762008667,0.466860830783844,-0.298615962266922,0.995374321937561,0.4184926450252533,0.47217509150505066,-0.29111865162849426,0.9954719543457031,0.5551641583442688,0.46351325511932373,-0.32690107822418213,0.9960494637489319,0.42120108008384705,0.47004491090774536,-0.3172775208950043,0.9961869716644287,0.5517533421516418,0.4541776478290558,-0.27733108401298523,0.9941741824150085,0.42527255415916443,0.46111154556274414,-0.2703762352466583,0.9937554001808167,0.5113661289215088,0.4546097218990326,0.0026654903776943684,0.9999411702156067,0.46350353956222534,0.45860984921455383,-0.0028482412453740835,0.999965250492096,0.5163030624389648,0.5949802994728088,-0.016454502940177917,0.9694519639015198,0.4660012423992157,0.6013581156730652,-0.02960403636097908,0.9764761924743652,0.5201631188392639,0.7523307204246521,0.06041533872485161,0.9616251587867737,0.46488603949546814,0.7548788189888,0.04245065525174141,0.9670188426971436,0.5157331228256226,0.7777782082557678,0.059762343764305115,0.9032465815544128,0.4682680368423462,0.7749301195144653,0.04301237314939499,0.8736616969108582,0.5330173373222351,0.7890414595603943,-0.0568743497133255,0.9658185839653015,0.45767006278038025,0.7908535003662109,-0.07085911184549332,0.9670918583869934
0.4811509847640991,0.1879241168498993,-0.3169615566730499,0.9999939799308777,0.48514968156814575,0.17145003378391266,-0.3048911392688751,0.9999833703041077,0.4890665113925934,0.17065003514289856,-0.3051380515098572,0.999981164932251,0.4917447865009308,0.17007233202457428,-0.305106520652771,0.99998539686203,0.47605830430984497,0.17191235721111298,-0.3055957853794098,0.999990701675415,0.47266557812690735,0.17149119079113007,-0.30583539605140686,0.9999921917915344,0.4698268473148346,0.1712622195482254,-0.3059375584125519,0.9999934434890747,0.49486809968948364,0.17178975045681,-0.21177920699119568,0.9999833703041077,0.46661874651908875,0.17373012006282806,-0.21366086602210999,0.9999774098396301,0.48643678426742554,0.20132482051849365,-0.2787918746471405,0.999993085861206,0.47654420137405396,0.20174044370651245,-0.2807544469833374,0.9999935030937195,0.5263581871986389,0.26302438974380493,-0.1355770081281662,0.999995768070221,0.439494252204895,0.2677135467529297,-0.13541951775550842,0.9999933242797852,0.5395854711532593,0.3578265309333801,-0.14043933153152466,0.996222734451294,0.42815715074539185,0.36325913667678833,-0.1521010547876358,0.994682252407074,0.5508725047111511,0.43770670890808105,-0.27350905537605286,0.9976465106010437,0.42290014028549194,0.443189412355423,-0.2788081467151642,0.9978575110435486,0.5540717840194702,0.4632885754108429,-0.3098956048488617,0.9955809116363525,0.4184885025024414,0.4682984948158264,-0.3177051842212677,0.9956597685813904,0.5549719333648682,0.460366815328598,-0.3392539918422699,0.9962349534034729,0.42114102840423584,0.4662666320800781,-0.34369131922721863,0.9963496327400208,0.5513004064559937,0.45176032185554504,-0.2881471514701843,0.9944082498550415,0.42521706223487854,0.4574369788169861,-0.2935408055782318,0.994029700756073,0.5114103555679321,0.4533451497554779,0.0014066708972677588,0.9999452233314514,0.4639734625816345,0.457378625869751,-0.0015823633875697851,0.9999668598175049,0.5154531598091125,0.5950319170951843,-0.012023870833218098,0.9712359309196472,0.4662422239780426,0.6018243432044983,-0.026533562690019608,0.9767737984657288,0.5200271010398865,0.7523443102836609,0.06573981046676636,0.9645013809204102,0.4648241400718689,0.7550506591796875,0.04522275552153587,0.9692226052284241,0.515711784362793,0.7777483463287354,0.06485068798065186,0.9023578763008118,0.4681839346885681,0.7750251889228821,0.04547356814146042,0.8736217021942139,0.5329597592353821,0.7889517545700073,-0.054055120795965195,0.9684607982635498,0.4576009213924408,0.7909988760948181,-0.07109974324703217,0.9692838191986084
0.48095446825027466,0.18844763934612274,-0.32313981652259827,0.9999944567680359,0.48490461707115173,0.17217470705509186,-0.31115394830703735,0.9999845623970032,0.4888571500778198,0.17175281047821045,-0.31140080094337463,0.9999825358390808,0.49160459637641907,0.17144915461540222,-0.3113686442375183,0.9999864101409912,0.4757671356201172,0.1724405586719513,-0.31206467747688293,0.9999913573265076,0.47252199053764343,0.1721569448709488,-0.31230661273002625,0.9999927282333374,0.4697369635105133,0.1721106469631195,-0.3124096095561981,0.9999938607215881,0.4947172701358795,0.17333181202411652,-0.21739037334918976,0.9999845623970032,0.46663033962249756,0.17466777563095093,-0.2202111780643463,0.99997878074646,0.48631715774536133,0.20188674330711365,-0.28463155031204224,0.9999935030937195,0.4765319228172302,0.20197145640850067,-0.2868746519088745,0.9999939203262329,0.5259348154067993,0.2628733813762665,-0.13864293694496155,0.9999959468841553,0.4396442174911499,0.2685832381248474,-0.14103303849697113,0.9999934434890747,0.5392626523971558,0.35580652952194214,-0.1412506103515625,0.9963545799255371,0.4281575381755829,0.36235207319259644,-0.1571788638830185,0.9949308633804321,0.5507214665412903,0.4359498918056488,-0.27134445309638977,0.9977311491966248,0.4227958023548126,0.44178643822669983,-0.2879711091518402,0.9979341626167297,0.5540378093719482,0.4612281024456024,-0.3058467507362366,0.9957173466682434,0.41846001148223877,0.46680155396461487,-0.32653820514678955,0.9958057403564453,0.5547352433204651,0.4586317539215088,-0.3354407250881195,0.9963615536689758,0.42099398374557495,0.46442821621894836,-0.35235852003097534,0.9964764714241028,0.5509202480316162,0.45028921961784363,-0.2856730818748474,0.9945601224899292,0.4250313937664032,0.4554034471511841,-0.30245062708854675,0.9942409992218018,0.5114020705223083,0.4517692029476166,0.001107735326513648,0.9999491572380066,0.46397680044174194,0.4544135332107544,-0.0012832494685426354,0.9999685883522034,0.5146971940994263,0.5950745344161987,-0.008877922780811787,0.9729493260383606,0.46653637290000916,0.6018299460411072,-0.023863455280661583,0.977258026599884,0.5199348330497742,0.7524840831756592,0.06359526515007019,0.967187225818634,0.4647526741027832,0.7550991773605347,0.04293499141931534,0.9713247418403625,0.515709638595581,0.7778635621070862,0.06213485822081566,0.9022128582000732,0.4680274724960327,0.7750439047813416,0.04274052754044533,0.8743908405303955,0.5329551100730896,0.7889695763587952,-0.05754062160849571,0.9709247946739197,0.4575289487838745,0.7911299467086792,-0.07398688793182373,0.971393346786499
0.48097625374794006,0.18926140666007996,-0.3226206600666046,0.9999948143959045,0.4849459230899811,0.17228323221206665,-0.3111264109611511,0.9999855160713196,0.4888935685157776,0.1720546931028366,-0.31137382984161377,0.9999836087226868,0.49162495136260986,0.17189021408557892,-0.3113417327404022,0.9999872446060181,0.47574880719184875,0.1723712533712387,-0.3121268153190613,0.9999918341636658,0.4725324809551239,0.17223963141441345,-0.31237009167671204,0.9999931454658508,0.4697159230709076,0.1723237931728363,-0.31247323751449585,0.999994158744812,0.4947381615638733,0.17385521531105042,-0.21843509376049042,0.9999855160713196,0.46662482619285583,0.17498280107975006,-0.2215920239686966,0.9999797344207764,0.4863252639770508,0.202617347240448,-0.28433650732040405,0.9999938011169434,0.47654667496681213,0.20227554440498352,-0.286692351102829,0.9999942183494568,0.5258170366287231,0.26252925395965576,-0.1399206519126892,0.9999960660934448,0.43982189893722534,0.2684788703918457,-0.1420169472694397,0.9999934434890747,0.5390967130661011,0.3551614582538605,-0.14107826352119446,0.9964656829833984,0.4281717538833618,0.36147743463516235,-0.15799282491207123,0.9951225519180298,0.5506264567375183,0.4354422092437744,-0.26885005831718445,0.997801661491394,0.42273861169815063,0.4406636357307434,-0.28519442677497864,0.9979594945907593,0.5539328455924988,0.4616338610649109,-0.305279403924942,0.995827317237854,0.4184323847293854,0.465335488319397,-0.32218828797340393,0.9958434104919434,0.5542910695075989,0.4581911563873291,-0.3346126675605774,0.9964646697044373,0.42093196511268616,0.4634800851345062,-0.3482218086719513,0.9965137243270874,0.5503790378570557,0.4496158957481384,-0.28335270285606384,0.9946767687797546,0.42496880888938904,0.4548286497592926,-0.2994338274002075,0.9943200349807739,0.5114085078239441,0.45119568705558777,0.0008703191415406764,0.9999524354934692,0.464007705450058,0.4534739851951599,-0.0010464779334142804,0.9999697804450989,0.5143844485282898,0.5950997471809387,-0.01406925730407238,0.9743027091026306,0.46677854657173157,0.6020951271057129,-0.021387971937656403,0.9771409034729004,0.5198976993560791,0.7527541518211365,0.052522044628858566,0.9694882035255432,0.46474090218544006,0.7551812529563904,0.045613404363393784,0.9729108810424805,0.5157081484794617,0.7781466245651245,0.05066269263625145,0.9011667370796204,0.46796515583992004,0.7750740051269531,0.045458074659109116,0.87274169921875,0.5329582095146179,0.7893566489219666,-0.06970443576574326,0.9730453491210938,0.45749372243881226,0.7911527752876282,-0.07073945552110672,0.9729959964752197
0.48109641671180725,0.19033458828926086,-0.3242158591747284,0.9999951124191284,0.4849807024002075,0.17310132086277008,-0.3147111237049103,0.9999863505363464,0.4889262914657593,0.17283564805984497,-0.31497400999069214,0.9999845623970032,0.4916256070137024,0.17266583442687988,-0.31492865085601807,0.9999879598617554,0.4757675230503082,0.17329542338848114,-0.31568747758865356,0.9999922513961792,0.47255009412765503,0.17322660982608795,-0.3159172236919403,0.9999935030937195,0.46968820691108704,0.17328451573848724,-0.31601428985595703,0.9999943971633911,0.49462032318115234,0.17453694343566895,-0.22059468924999237,0.9999863505363464,0.46657171845436096,0.1759331375360489,-0.22341609001159668,0.9999805092811584,0.48642390966415405,0.203635573387146,-0.28478267788887024,0.9999940991401672,0.4766272306442261,0.20330806076526642,-0.28711432218551636,0.9999944567680359,0.5257753729820251,0.2627091109752655,-0.14211639761924744,0.9999962449073792,0.4399125874042511,0.268860399723053,-0.1451377272605896,0.9999934434890747,0.5389719605445862,0.35460951924324036,-0.15914344787597656,0.9965701103210449,0.4282139837741852,0.3602825403213501,-0.16844479739665985,0.9951656460762024,0.5505083203315735,0.4336293935775757,-0.30283716320991516,0.9978891015052795,0.42271292209625244,0.4398808181285858,-0.3063224256038666,0.9979586601257324,0.5538398027420044,0.46085262298583984,-0.3416247069835663,0.9959790110588074,0.418422132730484,0.4642782509326935,-0.3461836874485016,0.9958543181419373,0.5538918972015381,0.45705023407936096,-0.37089353799819946,0.9966011047363281,0.4207416772842407,0.46224313974380493,-0.3721437156200409,0.996530294418335,0.5498847961425781,0.44803091883659363,-0.31755784153938293,0.9948341846466064,0.4247702360153198,0.45380258560180664,-0.32091304659843445,0.9943401217460632,0.5114157795906067,0.45124122500419617,0.0009507637587375939,0.9999548196792603,0.46393468976020813,0.453194260597229,-0.0011257280129939318,0.9999701976776123,0.5141812562942505,0.5953059196472168,-0.0014690509997308254,0.9743673801422119,0.46695008873939514,0.602275013923645,-0.020630130544304848,0.9758507609367371,0.5198917984962463,0.7529683709144592,0.07553999125957489,0.9707686305046082,0.4647332727909088,0.7556222081184387,0.05246458202600479,0.9736252427101135,0.5157539248466492,0.7781841158866882,0.07439003884792328,0.8930087685585022,0.46791064739227295,0.7751296162605286,0.05282321199774742,0.8645655512809753,0.532705545425415,0.7893505692481995,-0.047796010971069336,0.9743968844413757,0.4576977789402008,0.791340172290802,-0.0661277323961258,0.9737850427627563
0.48118317127227783,0.1910143941640854,-0.3408985733985901,0.9999954104423523,0.4850075840950012,0.1735827624797821,-0.3299231231212616,0.9999870657920837,0.4889512360095978,0.17329494655132294,-0.3301849961280823,0.99998539686203,0.49162381887435913,0.17310830950737,-0.33014586567878723,0.9999885559082031,0.47578078508377075,0.17382827401161194,-0.3310856223106384,0.9999926090240479,0.472555011510849,0.17382824420928955,-0.3313096761703491,0.9999938011169434,0.46961742639541626,0.1739051192998886,-0.3314099907875061,0.9999946355819702,0.4945489168167114,0.1749461144208908,-0.2332596629858017,0.9999870657920837,0.46645060181617737,0.17652182281017303,-0.23694728314876556,0.9999812245368958,0.4864915907382965,0.2042093425989151,-0.3008196949958801,0.9999943971633911,0.4766506254673004,0.20388053357601166,-0.303366094827652,0.9999947547912598,0.5257900953292847,0.26298749446868896,-0.15352271497249603,0.9999963641166687,0.4399728775024414,0.26949021220207214,-0.15404190123081207,0.9999934434890747,0.5388584733009338,0.3547804057598114,-0.174319326877594,0.9966791272163391,0.4282105565071106,0.36112743616104126,-0.1873621940612793,0.9952259063720703,0.5504570603370667,0.43317073583602905,-0.3249291181564331,0.9979750514030457,0.4225581884384155,0.43991631269454956,-0.3371092975139618,0.9979981184005737,0.5537578463554382,0.46064114570617676,-0.36550411581993103,0.9961293339729309,0.4182392358779907,0.46451252698898315,-0.38011759519577026,0.9959492087364197,0.5536388158798218,0.45664212107658386,-0.39531657099723816,0.9967361688613892,0.420614629983902,0.46243104338645935,-0.4060092568397522,0.996614933013916,0.549593985080719,0.4473305940628052,-0.34009355306625366,0.9949936270713806,0.4246957004070282,0.45397821068763733,-0.3520500957965851,0.9944545030593872,0.5114192962646484,0.4510094225406647,0.0008836783817969263,0.9999570846557617,0.4637189209461212,0.45278263092041016,-0.0010506202233955264,0.9999707341194153,0.5140979290008545,0.5957340002059937,0.002325953682884574,0.9745088219642639,0.46692609786987305,0.6023594737052917,-0.019189463928341866,0.9748690128326416,0.5199020504951477,0.7529987096786499,0.08875887095928192,0.9719091057777405,0.46471768617630005,0.7556776404380798,0.059144988656044006,0.9744289517402649,0.5158600211143494,0.7780280113220215,0.08840324729681015,0.8846442103385925,0.4678969085216522,0.7751479744911194,0.05990302935242653,0.8582361340522766,0.5322322249412537,0.7893510460853577,-0.03548257425427437,0.975577175617218,0.4576520323753357,0.7913860082626343,-0.061273496598005295,0.9746174812316895
0.48121464252471924,0.19145077466964722,-0.3456261456012726,0.9999957084655762,0.4850330948829651,0.1736638844013214,-0.3341768682003021,0.9999878406524658,0.4889688789844513,0.17363101243972778,-0.3344342112541199,0.9999862909317017,0.4916171431541443,0.17358973622322083,-0.3343959450721741,0.9999891519546509,0.47579219937324524,0.17410096526145935,-0.335347443819046,0.9999930262565613,0.4725634455680847,0.1740923970937729,-0.3355708122253418,0.999994158744812,0.46961328387260437,0.17413878440856934,-0.3356674015522003,0.9999949336051941,0.4944281280040741,0.1756899654865265,-0.23867543041706085,0.999987781047821,0.46645116806030273,0.17669431865215302,-0.24263647198677063,0.9999821186065674,0.48650676012039185,0.2046426236629486,-0.3063999116420746,0.999994695186615,0.47667258977890015,0.2043444663286209,-0.3089810609817505,0.9999950528144836,0.5254867076873779,0.2637189030647278,-0.1597946286201477,0.9999964833259583,0.44009673595428467,0.27011916041374207,-0.1612604409456253,0.999993622303009,0.5388033390045166,0.35547465085983276,-0.18205198645591736,0.9967679977416992,0.4281865358352661,0.3624279499053955,-0.19980743527412415,0.9952235817909241,0.5504535436630249,0.43320727348327637,-0.3334996998310089,0.9980446696281433,0.422408789396286,0.4397038221359253,-0.355293333530426,0.9980385303497314,0.5537746548652649,0.4603240191936493,-0.3740045726299286,0.9962586164474487,0.41808852553367615,0.46469858288764954,-0.3994157016277313,0.9960557222366333,0.5536116361618042,0.4566556513309479,-0.403870552778244,0.9968541264533997,0.42051607370376587,0.4622853100299835,-0.42504698038101196,0.9967090487480164,0.5494771599769592,0.44738084077835083,-0.3486846387386322,0.9951304197311401,0.42462748289108276,0.45369747281074524,-0.37030157446861267,0.9945816397666931,0.5113731026649475,0.4505651295185089,0.0009123772033490241,0.9999591708183289,0.4630874693393707,0.45242971181869507,-0.0010821744799613953,0.999971330165863,0.5141345858573914,0.5960448384284973,-0.00158422882668674,0.9737268090248108,0.466886043548584,0.6017104387283325,-0.03540425002574921,0.9733418822288513,0.519968569278717,0.7530030012130737,0.07827958464622498,0.972206711769104,0.46468231081962585,0.7556851506233215,0.04856141656637192,0.9746543765068054,0.5159642100334167,0.7778016328811646,0.07719909399747849,0.8730732798576355,0.4678315818309784,0.7752199172973633,0.054253339767456055,0.8494026064872742,0.5321717858314514,0.789377748966217,-0.046414509415626526,0.9762073755264282,0.4576123356819153,0.7914136648178101,-0.07579514384269714,0.9750100374221802
0.4812270402908325,0.19168798625469208,-0.3368673622608185,0.9999958872795105,0.48500126600265503,0.17411436140537262,-0.32533979415893555,0.9999882578849792,0.48890772461891174,0.1743370145559311,-0.32559236884117126,0.9999867081642151,0.49152034521102905,0.1743936389684677,-0.3255508542060852,0.9999894499778748,0.47578635811805725,0.17424321174621582,-0.32642862200737,0.9999932646751404,0.47256791591644287,0.17419731616973877,-0.32664811611175537,0.9999943375587463,0.4696158468723297,0.17426356673240662,-0.32674142718315125,0.9999950528144836,0.4942444860935211,0.17646948993206024,-0.23193024098873138,0.9999881386756897,0.466492623090744,0.1770801693201065,-0.2356504499912262,0.9999824166297913,0.48649993538856506,0.2049177885055542,-0.2987607717514038,0.9999948740005493,0.476691335439682,0.20466655492782593,-0.30123698711395264,0.999995231628418,0.5252493619918823,0.26436492800712585,-0.15655046701431274,0.9999966025352478,0.44029301404953003,0.2704152464866638,-0.15939418971538544,0.9999936819076538,0.5387700796127319,0.3559631407260895,-0.1756245493888855,0.9968058466911316,0.42816582322120667,0.3625201880931854,-0.19731302559375763,0.9951776266098022,0.5504557490348816,0.4330524504184723,-0.32358551025390625,0.9980923533439636,0.4221635162830353,0.43921002745628357,-0.3550209105014801,0.9980735778808594,0.5537903904914856,0.4600500464439392,-0.3632807731628418,0.996353805065155,0.41774842143058777,0.46434521675109863,-0.3992074131965637,0.9961553812026978,0.5536066889762878,0.45636436343193054,-0.39280733466148376,0.9969437122344971,0.4204389750957489,0.46216413378715515,-0.42419523000717163,0.9967969655990601,0.5494426488876343,0.4469859302043915,-0.3385698199272156,0.9952259063720703,0.4245959520339966,0.4535693824291229,-0.36983931064605713,0.9947013258934021,0.5113660097122192,0.4503230154514313,0.001126556540839374,0.9999606609344482,0.4627333879470825,0.45212531089782715,-0.0012899755965918303,0.9999713897705078,0.5141933560371399,0.5959967374801636,-0.006007288116961718,0.9725062847137451,0.4668545424938202,0.6012688279151917,-0.040642477571964264,0.9711470007896423,0.5199940800666809,0.7529890537261963,0.06686233729124069,0.9724072813987732,0.46458837389945984,0.7556781768798828,0.035315342247486115,0.9744923710823059,0.516018271446228,0.7777784466743469,0.06606818735599518,0.8618809580802917,0.46746426820755005,0.7752423286437988,0.035575080662965775,0.8385675549507141,0.5321608781814575,0.7894887328147888,-0.05322827026247978,0.9767409563064575,0.45762014389038086,0.7916657328605652,-0.09296318888664246,0.975055456161499
0.48123276233673096,0.19188497960567474,-0.33674249053001404,0.9999960660934448,0.485003262758255,0.17443197965621948,-0.325070321559906,0.9999887347221375,0.4888848662376404,0.17483696341514587,-0.3253231346607208,0.9999872446060181,0.4914694130420685,0.1749526411294937,-0.32528263330459595,0.9999898076057434,0.47579285502433777,0.17429205775260925,-0.326307088136673,0.9999935626983643,0.4725721776485443,0.17428520321846008,-0.3265272080898285,0.9999945759773254,0.4696340262889862,0.17435996234416962,-0.32662123441696167,0.999995231628418,0.4941067695617676,0.17699885368347168,-0.2312462031841278,0.9999886155128479,0.4665188789367676,0.1772596389055252,-0.23563891649246216,0.9999829530715942,0.4865015149116516,0.20514659583568573,-0.2985300123691559,0.9999951124191284,0.4766988456249237,0.20489121973514557,-0.3011727035045624,0.9999954104423523,0.5250881314277649,0.2647826671600342,-0.155623659491539,0.9999966621398926,0.4403987526893616,0.2705495357513428,-0.1593686044216156,0.9999937415122986,0.5387811064720154,0.35609325766563416,-0.1727316677570343,0.9968506693840027,0.4281436502933502,0.3624272048473358,-0.20157313346862793,0.9951722621917725,0.5504634976387024,0.43278753757476807,-0.3188244104385376,0.9981426000595093,0.42199060320854187,0.4388822317123413,-0.358724445104599,0.998110830783844,0.5538385510444641,0.45938411355018616,-0.35793209075927734,0.9964496493339539,0.41751301288604736,0.46426939964294434,-0.40287449955940247,0.996250569820404,0.5536221265792847,0.45580700039863586,-0.38782817125320435,0.9970325827598572,0.4203792214393616,0.46205374598503113,-0.42781713604927063,0.9968793392181396,0.5494614839553833,0.4464966356754303,-0.333916038274765,0.9953291416168213,0.42456790804862976,0.4533800184726715,-0.37347909808158875,0.9948134422302246,0.5113661289215088,0.4501631557941437,0.0014418150531128049,0.9999622702598572,0.4625522196292877,0.45197248458862305,-0.0016022961353883147,0.9999716877937317,0.5142351388931274,0.5960085391998291,-0.005688968114554882,0.9721908569335938,0.4668298065662384,0.6011772155761719,-0.03916815295815468,0.969745397567749,0.5200756788253784,0.7529449462890625,0.06340669095516205,0.9731872081756592,0.46451061964035034,0.7559325098991394,0.033922526985406876,0.9748848080635071,0.5160641074180603,0.7777453064918518,0.06200738251209259,0.8560003042221069,0.4673066735267639,0.7757902145385742,0.033986978232860565,0.8327822089195251,0.5322660207748413,0.7894728779792786,-0.056473538279533386,0.9776014685630798,0.4573146104812622,0.7919310331344604,-0.09541184455156326,0.9755226969718933
0.48125162720680237,0.19197416305541992,-0.3319808542728424,0.9999962449073792,0.48499786853790283,0.17486105859279633,-0.3194279074668884,0.9999891519546509,0.48885419964790344,0.1754923164844513,-0.319676011800766,0.9999876618385315,0.4914063811302185,0.17576950788497925,-0.31963416934013367,0.9999901056289673,0.4757970869541168,0.1743914783000946,-0.32101359963417053,0.9999938011169434,0.47257769107818604,0.1743418425321579,-0.3212358355522156,0.9999947547912598,0.4696316421031952,0.17440183460712433,-0.32133248448371887,0.9999954104423523,0.4939514398574829,0.1781420260667801,-0.22321708500385284,0.9999889731407166,0.46651095151901245,0.17802536487579346,-0.22932232916355133,0.9999834299087524,0.48651549220085144,0.20532578229904175,-0.2930493950843811,0.9999952912330627,0.47671064734458923,0.20502802729606628,-0.29618775844573975,0.9999955892562866,0.5249019861221313,0.26496607065200806,-0.14540886878967285,0.9999967217445374,0.4405340552330017,0.2707112431526184,-0.1551806479692459,0.9999938011169434,0.5386727452278137,0.35640883445739746,-0.16679878532886505,0.9968382120132446,0.4280358552932739,0.3623533546924591,-0.19661982357501984,0.9952046275138855,0.550462007522583,0.4327281713485718,-0.31208497285842896,0.9981775283813477,0.4216350018978119,0.4381100833415985,-0.35416045784950256,0.9981671571731567,0.5538454055786133,0.4593317210674286,-0.35075584053993225,0.9965187311172485,0.4170093834400177,0.4638979732990265,-0.39886459708213806,0.9963725209236145,0.5536258816719055,0.4557320177555084,-0.3807717263698578,0.997098982334137,0.42027753591537476,0.46178653836250305,-0.42362168431282043,0.9969840049743652,0.5494714975357056,0.44638320803642273,-0.32715028524398804,0.9953988790512085,0.4245447516441345,0.45300939679145813,-0.3689076006412506,0.9949624538421631,0.5112891793251038,0.4500448405742645,0.0021414076909422874,0.9999634623527527,0.4623357653617859,0.45188161730766296,-0.002299971878528595,0.999971866607666,0.51424640417099,0.5965164303779602,-0.0010561231756582856,0.9716386795043945,0.4668070077896118,0.6011726260185242,-0.03677062690258026,0.9684174060821533,0.5201244950294495,0.7529246807098389,0.0712447240948677,0.9737192392349243,0.4643617570400238,0.7559365034103394,0.03435692563652992,0.9750480651855469,0.5161183476448059,0.7776620388031006,0.06949851661920547,0.8484278917312622,0.46706444025039673,0.7758461833000183,0.03437524661421776,0.8250890374183655,0.5322463512420654,0.7894678115844727,-0.05546598136425018,0.9782628417015076,0.45729967951774597,0.7921764254570007,-0.09152127057313919,0.9757890701293945
0.48141220211982727,0.19202160835266113,-0.3256378769874573,0.9999963045120239,0.4850345551967621,0.17522792518138885,-0.31264182925224304,0.9999893307685852,0.48885849118232727,0.1759946495294571,-0.3128873109817505,0.999987781047821,0.4914008677005768,0.1763250231742859,-0.3128455579280853,0.9999901056289673,0.47596052289009094,0.1744530349969864,-0.31461238861083984,0.9999939203262329,0.4728318452835083,0.17438851296901703,-0.3148379325866699,0.9999948740005493,0.4698471128940582,0.17451061308383942,-0.314940869808197,0.9999954700469971,0.49385347962379456,0.17889298498630524,-0.21596881747245789,0.9999889731407166,0.46651583909988403,0.17875118553638458,-0.2238212376832962,0.999983549118042,0.48656320571899414,0.20545414090156555,-0.28660574555397034,0.9999953508377075,0.476819783449173,0.20512907207012177,-0.2902732193470001,0.9999956488609314,0.5247688889503479,0.2650415599346161,-0.13780148327350616,0.9999967217445374,0.4406352639198303,0.27081817388534546,-0.151890367269516,0.9999938011169434,0.5385677814483643,0.3566325306892395,-0.15408363938331604,0.9967452883720398,0.4279424846172333,0.3622846007347107,-0.1949557214975357,0.995191752910614,0.550456166267395,0.4328664243221283,-0.2984011769294739,0.998158872127533,0.42133629322052,0.43763741850852966,-0.35212242603302,0.9981963038444519,0.5538504123687744,0.45950499176979065,-0.33642998337745667,0.9964880347251892,0.4165635406970978,0.4636863172054291,-0.3965671956539154,0.9964385032653809,0.5536296963691711,0.4559899568557739,-0.367061972618103,0.9970839023590088,0.420198917388916,0.46172767877578735,-0.4208829998970032,0.9970414638519287,0.5494799017906189,0.44659650325775146,-0.3137870728969574,0.9953454732894897,0.4245370924472809,0.45291846990585327,-0.36665046215057373,0.9950332641601562,0.5112863183021545,0.45019039511680603,0.003264922183007002,0.9999644160270691,0.4622386693954468,0.4520285725593567,-0.0034236758947372437,0.9999719262123108,0.5142776966094971,0.596789538860321,0.0012017508270218968,0.9707527160644531,0.46678540110588074,0.6011609435081482,-0.03604860231280327,0.9667593240737915,0.5201559066772461,0.7529193162918091,0.07294462621212006,0.9741384387016296,0.46420779824256897,0.7559025287628174,0.03605138882994652,0.9749521613121033,0.5161446332931519,0.7776387929916382,0.07110127806663513,0.8409161567687988,0.46679791808128357,0.7758042216300964,0.03625352680683136,0.8159978985786438,0.5322415828704834,0.7894794940948486,-0.05538536235690117,0.9787809252738953,0.45760577917099,0.7924195528030396,-0.08803252875804901,0.9757633209228516
0.481518417596817,0.19226442277431488,-0.3265666663646698,0.9999963045120239,0.4850415885448456,0.1758539378643036,-0.3136097192764282,0.9999893307685852,0.4888608157634735,0.1767093390226364,-0.31385454535484314,0.9999877214431763,0.49138128757476807,0.17708055675029755,-0.313813179731369,0.9999899864196777,0.47613146901130676,0.17481864988803864,-0.3155333697795868,0.9999939203262329,0.4731229543685913,0.17472431063652039,-0.3157584071159363,0.9999949336051941,0.47013431787490845,0.1747356802225113,-0.3158605694770813,0.9999954700469971,0.4937523305416107,0.1797904670238495,-0.21681803464889526,0.9999887943267822,0.46653109788894653,0.17954422533512115,-0.22450996935367584,0.999983549118042,0.48657113313674927,0.20558391511440277,-0.2874847650527954,0.9999953508377075,0.4769316017627716,0.20518894493579865,-0.2910906970500946,0.9999957084655762,0.5245286226272583,0.26532331109046936,-0.1390746384859085,0.9999966621398926,0.4406680464744568,0.270936518907547,-0.15202116966247559,0.9999938011169434,0.5384420156478882,0.3568352162837982,-0.1544850766658783,0.9965610504150391,0.42772066593170166,0.36253881454467773,-0.19991908967494965,0.9951165318489075,0.5504341125488281,0.4330746829509735,-0.3068024218082428,0.998066246509552,0.4210878610610962,0.43729808926582336,-0.36311569809913635,0.9982122778892517,0.5538467168807983,0.4598208963871002,-0.34607699513435364,0.9963395595550537,0.416251540184021,0.46336454153060913,-0.4087263345718384,0.9964869022369385,0.5536336302757263,0.45631203055381775,-0.3764374852180481,0.9969742894172668,0.4200986325740814,0.4614878296852112,-0.4327692687511444,0.9970847964286804,0.5494756102561951,0.4468555748462677,-0.3223205506801605,0.9951373934745789,0.42451319098472595,0.4526834487915039,-0.377705454826355,0.9950751662254333,0.5112450122833252,0.4502197206020355,0.003586775856092572,0.9999650120735168,0.46203339099884033,0.4521438181400299,-0.0037433563265949488,0.9999718070030212,0.5143110156059265,0.5970478057861328,-0.0018519830191507936,0.9691014289855957,0.46661895513534546,0.6011696457862854,-0.03727547451853752,0.9640210270881653,0.5201788544654846,0.7529251575469971,0.06976335495710373,0.9739479422569275,0.4639945924282074,0.755902886390686,0.0358455590903759,0.9741501212120056,0.5161850452423096,0.7776402831077576,0.0679764673113823,0.8302409052848816,0.46648842096328735,0.7758001089096069,0.036162737756967545,0.8034766912460327,0.5321223139762878,0.789535403251648,-0.05748065561056137,0.9788702130317688,0.4578733444213867,0.7927473187446594,-0.08765223622322083,0.9751237630844116
0.48156657814979553,0.19243484735488892,-0.3173067271709442,0.9999963641166687,0.4850481450557709,0.17628198862075806,-0.30395179986953735,0.9999894499778748,0.48885828256607056,0.17717459797859192,-0.3041899800300598,0.9999878406524658,0.49135082960128784,0.17756859958171844,-0.304147332906723,0.9999899864196777,0.4762265384197235,0.17511409521102905,-0.3060511350631714,0.9999940395355225,0.473288357257843,0.1750013828277588,-0.3062753975391388,0.9999950528144836,0.47029367089271545,0.17492765188217163,-0.30637162923812866,0.9999955296516418,0.49365875124931335,0.18037396669387817,-0.2072736620903015,0.9999887347221375,0.4665354788303375,0.18005380034446716,-0.21566571295261383,0.9999837279319763,0.4865816533565521,0.205710768699646,-0.27839919924736023,0.9999954104423523,0.47698622941970825,0.205220028758049,-0.2822205722332001,0.999995768070221,0.524199366569519,0.26547130942344666,-0.13199137151241302,0.999996542930603,0.44068723917007446,0.27101030945777893,-0.14542336761951447,0.9999938011169434,0.5382040739059448,0.3569503426551819,-0.1548386961221695,0.9964240193367004,0.4275345802307129,0.3626510202884674,-0.19717459380626678,0.9951336979866028,0.5503783822059631,0.4331124722957611,-0.306700736284256,0.9980053305625916,0.4208230674266815,0.43702057003974915,-0.354623943567276,0.9982601404190063,0.55381840467453,0.45993858575820923,-0.3459796905517578,0.9962509870529175,0.4159957468509674,0.46323710680007935,-0.39916232228279114,0.9965904355049133,0.5536280274391174,0.4564059376716614,-0.3758930563926697,0.9969115853309631,0.4200020432472229,0.46129798889160156,-0.42330893874168396,0.9971724152565002,0.5494487881660461,0.4469158351421356,-0.32207992672920227,0.9950143098831177,0.42448660731315613,0.4523589611053467,-0.3691272437572479,0.9952031373977661,0.5111351609230042,0.450322687625885,0.0036929610650986433,0.9999656081199646,0.4617457389831543,0.4522295594215393,-0.003850299632176757,0.9999718070030212,0.5143365859985352,0.5969083905220032,-0.00679048290476203,0.9683554172515869,0.4663737714290619,0.6011124849319458,-0.037434738129377365,0.9620261192321777,0.5201836824417114,0.752950131893158,0.05207956209778786,0.9739765524864197,0.46380096673965454,0.7558944225311279,0.03077564761042595,0.9735347032546997,0.5161873698234558,0.7776924967765808,0.049261171370744705,0.8226845264434814,0.4662112593650818,0.7757755517959595,0.030621642246842384,0.7933102250099182,0.5321211814880371,0.7896209955215454,-0.07730002701282501,0.9790695309638977,0.45785632729530334,0.7929604649543762,-0.09231290966272354,0.9746010303497314
0.48160648345947266,0.19265073537826538,-0.31513166427612305,0.9999964237213135,0.4850521385669708,0.17664392292499542,-0.30186209082603455,0.9999895691871643,0.4888569414615631,0.17754751443862915,-0.30209848284721375,0.9999879002571106,0.4913265109062195,0.17794351279735565,-0.30205538868904114,0.9999899864196777,0.4763021767139435,0.17540675401687622,-0.30389508605003357,0.999994158744812,0.4734157919883728,0.17529502511024475,-0.3041191101074219,0.9999951720237732,0.47042080760002136,0.175165593624115,-0.30421343445777893,0.9999955892562866,0.49359893798828125,0.18076710402965546,-0.20566239953041077,0.9999886751174927,0.46653997898101807,0.1804538369178772,-0.2137341946363449,0.9999839067459106,0.48658791184425354,0.20588372647762299,-0.2763897180557251,0.9999954104423523,0.47704267501831055,0.20529818534851074,-0.28011977672576904,0.9999958276748657,0.5240309238433838,0.2656483054161072,-0.13108211755752563,0.9999964833259583,0.4407100975513458,0.2710695266723633,-0.14366787672042847,0.9999938011169434,0.5380403399467468,0.35703739523887634,-0.15575829148292542,0.9963019490242004,0.42740461230278015,0.36268261075019836,-0.19541136920452118,0.995144248008728,0.5503432154655457,0.4331410825252533,-0.31045064330101013,0.9979488849639893,0.4206380248069763,0.436914324760437,-0.3538927137851715,0.9983024597167969,0.5537970662117004,0.4600387215614319,-0.3503452241420746,0.9961738586425781,0.415805459022522,0.46315670013427734,-0.3985508382320404,0.9966843128204346,0.5536274313926697,0.4564792215824127,-0.37977635860443115,0.9968574047088623,0.41992631554603577,0.46124038100242615,-0.4225376546382904,0.9972519278526306,0.5494396686553955,0.44696637988090515,-0.3257603943347931,0.9949043393135071,0.42446431517601013,0.45228931307792664,-0.36836203932762146,0.9953191876411438,0.5110456347465515,0.4503985643386841,0.0037570169661194086,0.9999660849571228,0.4615694582462311,0.45229941606521606,-0.0039141359739005566,0.9999717473983765,0.514356255531311,0.5968083739280701,-0.013577556237578392,0.9677093625068665,0.4662252366542816,0.6010774970054626,-0.04176689311861992,0.9602506756782532,0.5201864838600159,0.7530033588409424,0.04439713433384895,0.9739542007446289,0.46368271112442017,0.7558912038803101,0.02515587955713272,0.972868800163269,0.5161887407302856,0.7777944207191467,0.04150061681866646,0.8157546520233154,0.4660567343235016,0.7757523655891418,0.024931879714131355,0.7835164070129395,0.5321229100227356,0.7897216081619263,-0.08505066484212875,0.9792218208312988,0.45784398913383484,0.7931349873542786,-0.09733860939741135,0.974036693572998
0.4816329777240753,0.19268739223480225,-0.3150478005409241,0.9999964833259583,0.4850587248802185,0.17679864168167114,-0.3015802204608917,0.9999896287918091,0.4888574182987213,0.1777179092168808,-0.3018166422843933,0.9999879002571106,0.49131497740745544,0.178111270070076,-0.3017730712890625,0.999989926815033,0.476377010345459,0.17549043893814087,-0.30364570021629333,0.9999942183494568,0.4735299050807953,0.17537811398506165,-0.30386751890182495,0.999995231628418,0.4705387353897095,0.17520545423030853,-0.30395975708961487,0.9999956488609314,0.49356609582901,0.18097835779190063,-0.20483429729938507,0.9999884963035583,0.466545045375824,0.18063394725322723,-0.21319429576396942,0.9999840259552002,0.4865947961807251,0.20592257380485535,-0.27621227502822876,0.9999954104423523,0.4770923852920532,0.20538319647312164,-0.2800048291683197,0.9999958872795105,0.5238600373268127,0.26569893956184387,-0.13161827623844147,0.9999963641166687,0.440719336271286,0.2711101174354553,-0.14358465373516083,0.9999938011169434,0.5378970503807068,0.35704246163368225,-0.1615060716867447,0.9960677623748779,0.42733675241470337,0.36244508624076843,-0.20019438862800598,0.9950236082077026,0.5502685308456421,0.43303218483924866,-0.3211532533168793,0.9978258013725281,0.4205983281135559,0.4363555610179901,-0.36979106068611145,0.9983241558074951,0.5537764430046082,0.4598139822483063,-0.3618917763233185,0.9960132241249084,0.41579070687294006,0.4625880718231201,-0.41599148511886597,0.996756374835968,0.5535740256309509,0.45630648732185364,-0.39071181416511536,0.9967353343963623,0.41983500123023987,0.46041297912597656,-0.43943122029304504,0.997313380241394,0.5493284463882446,0.4469013810157776,-0.33633551001548767,0.9946763515472412,0.4244323670864105,0.45142775774002075,-0.38430464267730713,0.9953944683074951,0.5109891295433044,0.45046472549438477,0.0038413899019360542,0.9999663233757019,0.4614695608615875,0.45235392451286316,-0.003995890263468027,0.9999715089797974,0.5143370628356934,0.5962615013122559,-0.028136782348155975,0.9664040207862854,0.4660654067993164,0.6008514761924744,-0.06500060111284256,0.9580395221710205,0.5201902389526367,0.753033459186554,0.03216777741909027,0.9732999801635742,0.4635903537273407,0.7558766603469849,0.004077801015228033,0.9714730978012085,0.5161904096603394,0.7779903411865234,0.02935354970395565,0.8076795935630798,0.4659760296344757,0.7757288813591003,0.004091623704880476,0.7717104554176331,0.5322058796882629,0.7898173928260803,-0.09651651978492737,0.9789102077484131,0.4578302204608917,0.7931824922561646,-0.11745965480804443,0.9728156328201294
0.48164102435112,0.19280989468097687,-0.3178892433643341,0.9999966621398926,0.48505932092666626,0.17685678601264954,-0.30471542477607727,0.9999901652336121,0.48883867263793945,0.17773033678531647,-0.3049541413784027,0.9999884963035583,0.49127596616744995,0.17813462018966675,-0.30491259694099426,0.9999904036521912,0.47637706995010376,0.17562489211559296,-0.3066149652004242,0.9999945163726807,0.4735228419303894,0.17552290856838226,-0.306838721036911,0.9999955296516418,0.47052162885665894,0.1753537952899933,-0.3069332242012024,0.9999958872795105,0.49353668093681335,0.18102695047855377,-0.20842383801937103,0.9999890327453613,0.4665318727493286,0.18069371581077576,-0.2158983051776886,0.999984860420227,0.48659494519233704,0.20602741837501526,-0.27907177805900574,0.9999956488609314,0.47710171341896057,0.20546992123126984,-0.28260329365730286,0.9999961256980896,0.5237641334533691,0.26584523916244507,-0.13233613967895508,0.9999964237213135,0.44071823358535767,0.27110397815704346,-0.14532439410686493,0.9999940395355225,0.5377309918403625,0.35711631178855896,-0.17179295420646667,0.9960415363311768,0.4272090196609497,0.3623059093952179,-0.20892836153507233,0.9951373934745789,0.5501572489738464,0.4330099821090698,-0.3320385813713074,0.9978088140487671,0.4204801619052887,0.4353424608707428,-0.3804551362991333,0.9983906149864197,0.5537309050559998,0.45960089564323425,-0.3733735978603363,0.9960148334503174,0.41563934087753296,0.46203845739364624,-0.4269839823246002,0.9969000220298767,0.5534760355949402,0.4560658633708954,-0.4021230936050415,0.9967422485351562,0.41972965002059937,0.45962196588516235,-0.45020684599876404,0.9974323511123657,0.54917973279953,0.44680824875831604,-0.3472081124782562,0.9946692585945129,0.4244166612625122,0.4503825902938843,-0.394882470369339,0.9955731630325317,0.5108658075332642,0.4504283368587494,0.003848571563139558,0.9999672174453735,0.4612024426460266,0.4522751569747925,-0.004002103582024574,0.9999719262123108,0.5142706036567688,0.5944294929504395,-0.05949830263853073,0.9672990441322327,0.4658365249633789,0.6006218194961548,-0.07634146511554718,0.9580503106117249,0.5201870799064636,0.7530438899993896,0.003990978933870792,0.9733746647834778,0.46354687213897705,0.7558898329734802,-0.0093513960018754,0.9712115526199341,0.516156792640686,0.7781510353088379,0.0015632895519956946,0.8066542744636536,0.4659566581249237,0.775734007358551,-0.009636443108320236,0.767117977142334,0.5322949886322021,0.7898277044296265,-0.12295395880937576,0.9791795611381531,0.45765477418899536,0.7932022213935852,-0.1310020238161087,0.9726458787918091
0.4816199541091919,0.19292418658733368,-0.3185025155544281,0.9999968409538269,0.48500698804855347,0.17695535719394684,-0.3057524263858795,0.9999906420707703,0.48877400159835815,0.17777349054813385,-0.3059975206851959,0.9999890327453613,0.49120384454727173,0.17816002666950226,-0.3059597909450531,0.9999908208847046,0.47632262110710144,0.17580345273017883,-0.30761417746543884,0.9999948143959045,0.473449170589447,0.17569521069526672,-0.3078412413597107,0.999995768070221,0.47042790055274963,0.17553548514842987,-0.30794426798820496,0.9999961256980896,0.49352216720581055,0.1810370683670044,-0.21010702848434448,0.9999894499778748,0.4664999544620514,0.18074150383472443,-0.21731053292751312,0.9999855756759644,0.4865643382072449,0.20612357556819916,-0.2799100875854492,0.9999958872795105,0.47705936431884766,0.20552775263786316,-0.2833881080150604,0.9999963045120239,0.5236934423446655,0.26602354645729065,-0.13329482078552246,0.9999964237213135,0.44071802496910095,0.2709752917289734,-0.14553283154964447,0.9999942183494568,0.5375953912734985,0.3569226861000061,-0.1720796525478363,0.995972752571106,0.4270111918449402,0.3614075183868408,-0.20867493748664856,0.9952061176300049,0.5500873923301697,0.4326779842376709,-0.3304602801799774,0.9977735877037048,0.42027971148490906,0.43339431285858154,-0.38182058930397034,0.9984477162361145,0.5536512136459351,0.45911550521850586,-0.37181827425956726,0.9959783554077148,0.4153554141521454,0.46109095215797424,-0.4289553463459015,0.9970218539237976,0.5533835887908936,0.45556601881980896,-0.401153028011322,0.9967199563980103,0.4196569621562958,0.4586470127105713,-0.4524443447589874,0.9975342154502869,0.5490997433662415,0.44648176431655884,-0.34582579135894775,0.9946128129959106,0.424411803483963,0.44915321469306946,-0.3964173495769501,0.9957237243652344,0.510693371295929,0.4498710334300995,0.003846056992188096,0.9999677538871765,0.46079984307289124,0.4515360891819,-0.003999880515038967,0.9999721646308899,0.5141664147377014,0.5933880805969238,-0.050300318747758865,0.9668082594871521,0.4655975103378296,0.6004557013511658,-0.07181181758642197,0.9562790989875793,0.5201650261878967,0.7530505657196045,0.012374449521303177,0.9725834131240845,0.46345534920692444,0.7558910250663757,-0.0041605629958212376,0.9699327945709229,0.516105592250824,0.7782639265060425,0.009680009447038174,0.7994892001152039,0.46588680148124695,0.7757385969161987,-0.0044789002276957035,0.7565199136734009,0.5323421359062195,0.7898353934288025,-0.11636178195476532,0.9789083003997803,0.4574454724788666,0.7932249307632446,-0.12709000706672668,0.9717041850090027
0.481624037027359,0.1929602324962616,-0.3171616494655609,0.9999970197677612,0.484998494386673,0.1770201325416565,-0.3037039637565613,0.9999911189079285,0.4887498915195465,0.17778971791267395,-0.30393847823143005,0.9999895095825195,0.4911772310733795,0.17815987765789032,-0.30389508605003357,0.999991238117218,0.47632625699043274,0.17594069242477417,-0.3055151402950287,0.9999950528144836,0.473459929227829,0.1758257895708084,-0.30574095249176025,0.9999960064888,0.4704403579235077,0.17568349838256836,-0.30583134293556213,0.9999963045120239,0.4935203492641449,0.181045800447464,-0.2065712809562683,0.9999898076057434,0.4665011167526245,0.18079951405525208,-0.2136492133140564,0.9999862313270569,0.4865667223930359,0.2061697095632553,-0.2782401442527771,0.9999960660934448,0.47706496715545654,0.20547661185264587,-0.2816776633262634,0.9999964833259583,0.5236676931381226,0.26609939336776733,-0.13140207529067993,0.9999964833259583,0.4407193958759308,0.27085739374160767,-0.1423387974500656,0.9999943971633911,0.5374976396560669,0.35687536001205444,-0.16694992780685425,0.9958515763282776,0.42689046263694763,0.36103570461273193,-0.19931688904762268,0.9952496290206909,0.5499979853630066,0.4325096309185028,-0.32604625821113586,0.9977210760116577,0.42020025849342346,0.43282362818717957,-0.3806712329387665,0.9984945058822632,0.5535218119621277,0.4587709903717041,-0.3658873736858368,0.995914876461029,0.41523054242134094,0.46050435304641724,-0.4247874915599823,0.997123122215271,0.5532798171043396,0.45515790581703186,-0.39561566710472107,0.9966723918914795,0.4195764362812042,0.45804741978645325,-0.4482557475566864,0.9976184368133545,0.5490303635597229,0.4462554156780243,-0.3413557708263397,0.9945172071456909,0.4243834316730499,0.4485788345336914,-0.394845187664032,0.9958488345146179,0.5105372667312622,0.44959214329719543,0.0038547434378415346,0.9999686479568481,0.46056467294692993,0.4510784149169922,-0.004008572082966566,0.9999728202819824,0.5140715837478638,0.5928630828857422,-0.04630664736032486,0.9667144417762756,0.46546247601509094,0.6002472043037415,-0.07519274204969406,0.9560869336128235,0.5201157927513123,0.7530656456947327,0.013804889284074306,0.972699761390686,0.4633914828300476,0.7558879256248474,-0.009641827084124088,0.9697551131248474,0.5159324407577515,0.7784010171890259,0.010868527926504612,0.7982010841369629,0.4658224284648895,0.7757341861724854,-0.010018146596848965,0.7519229054450989,0.5327877998352051,0.7899208068847656,-0.1150643602013588,0.9792009592056274,0.45728349685668945,0.7932465672492981,-0.13233500719070435,0.9716773629188538
0.481621652841568,0.1930161863565445,-0.3176342844963074,0.9999971389770508,0.4849839210510254,0.17707595229148865,-0.30468371510505676,0.9999915361404419,0.4887228012084961,0.17781507968902588,-0.30492180585861206,0.9999899864196777,0.49114859104156494,0.17817479372024536,-0.30488213896751404,0.9999915957450867,0.4763311445713043,0.17603804171085358,-0.3064637780189514,0.9999952912330627,0.4734783470630646,0.17591528594493866,-0.30669063329696655,0.9999961853027344,0.4704619348049164,0.17578493058681488,-0.30678579211235046,0.9999964833259583,0.4935207962989807,0.18105340003967285,-0.2081773728132248,0.9999901652336121,0.4665079116821289,0.18084029853343964,-0.21515269577503204,0.9999868869781494,0.48656129837036133,0.20622095465660095,-0.27910953760147095,0.9999962449073792,0.47706976532936096,0.20548015832901,-0.2824963331222534,0.9999966621398926,0.5236613154411316,0.26613354682922363,-0.132912740111351,0.9999964833259583,0.4407196044921875,0.2707759439945221,-0.14347869157791138,0.9999945759773254,0.5373950600624084,0.3568750321865082,-0.16972854733467102,0.9957688450813293,0.42680177092552185,0.36089184880256653,-0.20174625515937805,0.9952954649925232,0.549913763999939,0.4324493408203125,-0.33219507336616516,0.9976781606674194,0.42009830474853516,0.43261775374412537,-0.3777797520160675,0.9985459446907043,0.5534064173698425,0.45871272683143616,-0.3741320073604584,0.99587082862854,0.41513437032699585,0.4601527750492096,-0.42428645491600037,0.9972337484359741,0.5532100200653076,0.4550229012966156,-0.40312010049819946,0.9966415762901306,0.4194948375225067,0.4577062726020813,-0.44819360971450806,0.9977108836174011,0.5489785075187683,0.4461641013622284,-0.347526878118515,0.9944461584091187,0.42433756589889526,0.44828739762306213,-0.3924507200717926,0.9959879517555237,0.5103696584701538,0.44944536685943604,0.0038666841574013233,0.9999694228172302,0.4604278802871704,0.4508364498615265,-0.004019676707684994,0.9999733567237854,0.5140312314033508,0.5924267172813416,-0.04445061832666397,0.9668327569961548,0.4653870463371277,0.6001677513122559,-0.07404400408267975,0.9559631943702698,0.5200499296188354,0.7530694603919983,0.017849115654826164,0.9728452563285828,0.4633345603942871,0.7558778524398804,-0.005911205895245075,0.9696227312088013,0.5156928896903992,0.7784209847450256,0.015119865536689758,0.7971084713935852,0.465772420167923,0.7757251262664795,-0.006073106545954943,0.7479194402694702,0.5331659317016602,0.7901099324226379,-0.11133602261543274,0.9794756174087524,0.45706647634506226,0.7932611703872681,-0.12898345291614532,0.971647322177887
0.48162394762039185,0.19285140931606293,-0.3167470693588257,0.9999973177909851,0.48498526215553284,0.1769789606332779,-0.3028932809829712,0.9999920129776001,0.4887167513370514,0.17768073081970215,-0.3031255602836609,0.9999904632568359,0.4911353290081024,0.17802126705646515,-0.3030824363231659,0.9999920129776001,0.4763244688510895,0.17601525783538818,-0.30481311678886414,0.9999955892562866,0.47345834970474243,0.175901398062706,-0.3050399720668793,0.9999963641166687,0.470427542924881,0.1758161187171936,-0.30513063073158264,0.9999966621398926,0.4935113489627838,0.18096525967121124,-0.20395730435848236,0.9999905824661255,0.46649032831192017,0.18088513612747192,-0.2116612046957016,0.9999875426292419,0.4865701496601105,0.20607325434684753,-0.27741965651512146,0.9999964237213135,0.47706833481788635,0.20529207587242126,-0.28100767731666565,0.9999968409538269,0.5236219167709351,0.2662520706653595,-0.12804323434829712,0.999996542930603,0.4407206177711487,0.27053776383399963,-0.13981065154075623,0.9999947547912598,0.537305474281311,0.3564862608909607,-0.15585489571094513,0.9956925511360168,0.4267005920410156,0.3599588871002197,-0.19251182675361633,0.9953462481498718,0.5498746633529663,0.43177056312561035,-0.31095629930496216,0.9976666569709778,0.42000070214271545,0.4317341446876526,-0.36226511001586914,0.9985883235931396,0.5533589720726013,0.4582696855068207,-0.35098880529403687,0.9958541393280029,0.41500142216682434,0.4597536325454712,-0.4076857566833496,0.9973164200782776,0.5531592965126038,0.45459577441215515,-0.3803788125514984,0.9966301321983337,0.4194474518299103,0.45727452635765076,-0.4320281147956848,0.997779130935669,0.5489262938499451,0.4457415044307709,-0.3261582553386688,0.9944165349006653,0.4243280291557312,0.447721391916275,-0.3769173324108124,0.9960905313491821,0.51032954454422,0.44901248812675476,0.003901746589690447,0.9999700784683228,0.4602832794189453,0.4502790868282318,-0.004057104233652353,0.9999737739562988,0.5139613151550293,0.5917975902557373,-0.04201846197247505,0.9665350317955017,0.46530279517173767,0.6000178456306458,-0.07160123437643051,0.9554503560066223,0.5199739336967468,0.7530505061149597,0.01895386166870594,0.9729676246643066,0.4632081091403961,0.7557993531227112,-0.006049707531929016,0.9695077538490295,0.5154959559440613,0.7784324884414673,0.016049327328801155,0.7951409816741943,0.46563631296157837,0.7756905555725098,-0.006502935662865639,0.7437989711761475,0.5334478616714478,0.7903041243553162,-0.11062159389257431,0.9796788096427917,0.4569355249404907,0.7932735681533813,-0.12953387200832367,0.9715982675552368
0.48160842061042786,0.1925220638513565,-0.31743696331977844,0.9999974370002747,0.48490577936172485,0.17678199708461761,-0.30366238951683044,0.9999924302101135,0.4886248707771301,0.17745724320411682,-0.30389443039894104,0.9999909400939941,0.4910415709018707,0.17780405282974243,-0.30385082960128784,0.9999923706054688,0.47624996304512024,0.17591258883476257,-0.30554020404815674,0.9999958276748657,0.4733738601207733,0.1758144497871399,-0.305768221616745,0.999996542930603,0.47032082080841064,0.17577674984931946,-0.30585935711860657,0.9999968409538269,0.49344566464424133,0.1808737963438034,-0.2052156627178192,0.9999909996986389,0.4664422869682312,0.1809103786945343,-0.21261487901210785,0.9999881386756897,0.4865553081035614,0.20576733350753784,-0.2781296670436859,0.9999966025352478,0.47702109813690186,0.20498090982437134,-0.2816579043865204,0.9999970197677612,0.523564875125885,0.26623132824897766,-0.12847809493541718,0.9999966025352478,0.4407529830932617,0.26988252997398376,-0.1402117758989334,0.9999949336051941,0.5372560620307922,0.35623133182525635,-0.14756512641906738,0.9956083297729492,0.4266495704650879,0.35856372117996216,-0.1836368441581726,0.99538254737854,0.5498742461204529,0.431529700756073,-0.2927292287349701,0.9976296424865723,0.41976314783096313,0.43114086985588074,-0.33982059359550476,0.9986070990562439,0.5533502101898193,0.45825979113578796,-0.3305729329586029,0.9957753419876099,0.41464611887931824,0.4592524766921997,-0.3829270899295807,0.9973437786102295,0.5531340837478638,0.4545566737651825,-0.3607078194618225,0.996569812297821,0.4192971885204315,0.45698311924934387,-0.40799400210380554,0.9978022575378418,0.5489103198051453,0.44562509655952454,-0.30793991684913635,0.9943233132362366,0.42427417635917664,0.4473924934864044,-0.35447776317596436,0.996127724647522,0.5103297829627991,0.4483489394187927,0.0039012243505567312,0.9999706745147705,0.46023306250572205,0.4492737948894501,-0.004056956153362989,0.9999741315841675,0.5139380693435669,0.5917903184890747,-0.03193805739283562,0.9659639596939087,0.4652498662471771,0.5999541878700256,-0.05739588662981987,0.9545125365257263,0.5199156999588013,0.7530145645141602,0.024946309626102448,0.9728662371635437,0.4631284773349762,0.7556168437004089,0.006340749096125364,0.9691836833953857,0.5153911709785461,0.7784435749053955,0.021546807140111923,0.7908673882484436,0.46548670530319214,0.7754497528076172,0.005796604324132204,0.738238513469696,0.5334442257881165,0.7903279662132263,-0.10574660450220108,0.9797104001045227,0.4569493532180786,0.7932824492454529,-0.11647701263427734,0.9713730216026306
0.48160320520401,0.1920437514781952,-0.3179999887943268,0.9999975562095642,0.4848664402961731,0.17640377581119537,-0.30429133772850037,0.9999927282333374,0.488576203584671,0.1770498901605606,-0.30452385544776917,0.999991238117218,0.4909866750240326,0.1773904711008072,-0.30448034405708313,0.9999926090240479,0.4761936366558075,0.17562155425548553,-0.30614736676216125,0.9999960064888,0.4733085036277771,0.1755397766828537,-0.3063751757144928,0.9999966621398926,0.47023674845695496,0.17555402219295502,-0.30646654963493347,0.9999969601631165,0.49341145157814026,0.1806185096502304,-0.20607516169548035,0.999991238117218,0.4664064943790436,0.1808394491672516,-0.21332979202270508,0.9999885559082031,0.4865551292896271,0.20529356598854065,-0.2787269651889801,0.9999967217445374,0.47699061036109924,0.20454232394695282,-0.2822246551513672,0.9999971389770508,0.5235278606414795,0.26600733399391174,-0.12900029122829437,0.9999966025352478,0.44079193472862244,0.26915815472602844,-0.14091616868972778,0.9999950528144836,0.5372219681739807,0.3559572100639343,-0.14701725542545319,0.9955143928527832,0.4266182482242584,0.35774609446525574,-0.18387989699840546,0.9954255819320679,0.5498611330986023,0.4314681589603424,-0.29155758023262024,0.9975840449333191,0.41962045431137085,0.4306459128856659,-0.33982858061790466,0.9986259937286377,0.5533029437065125,0.4582626521587372,-0.329415500164032,0.9956843256950378,0.414438396692276,0.4587767422199249,-0.38316449522972107,0.9973708987236023,0.5530419945716858,0.4545554220676422,-0.35958224534988403,0.9964985847473145,0.41915932297706604,0.4566127061843872,-0.40804800391197205,0.9978246688842773,0.5488435626029968,0.44560661911964417,-0.3067778944969177,0.9942112565040588,0.42420852184295654,0.4469994008541107,-0.3544301986694336,0.9961622357368469,0.510330319404602,0.4479283392429352,0.003900685114786029,0.9999710321426392,0.46022355556488037,0.4486734867095947,-0.004056715872138739,0.9999743103981018,0.5139219164848328,0.5916648507118225,-0.029504576697945595,0.9652122259140015,0.46513286232948303,0.5999438762664795,-0.052712179720401764,0.9533088207244873,0.5198757648468018,0.7530068755149841,0.02577374503016472,0.9727462530136108,0.4629913866519928,0.7555007934570312,0.0109455157071352,0.9687753319740295,0.5152919292449951,0.7785443067550659,0.0218394473195076,0.7872567176818848,0.4652842581272125,0.7753298878669739,0.01036976557224989,0.7332171201705933,0.5335375070571899,0.7903559803962708,-0.10481499135494232,0.979684054851532,0.4569174349308014,0.7932624816894531,-0.11182286590337753,0.9710301160812378
0.48159167170524597,0.19154375791549683,-0.3181754946708679,0.999997615814209,0.4848005175590515,0.1760094165802002,-0.30453577637672424,0.9999929666519165,0.4884936511516571,0.17664092779159546,-0.3047695755958557,0.9999914169311523,0.4908943474292755,0.17699287831783295,-0.30472686886787415,0.9999927878379822,0.4761399030685425,0.17529445886611938,-0.30644336342811584,0.9999961256980896,0.47325029969215393,0.1752273440361023,-0.30667105317115784,0.9999967813491821,0.47015705704689026,0.1752927452325821,-0.3067623972892761,0.9999970197677612,0.4933401942253113,0.18036197125911713,-0.2063712626695633,0.9999913573265076,0.46636268496513367,0.18071000277996063,-0.21383820474147797,0.9999887943267822,0.48654261231422424,0.20484128594398499,-0.2788470983505249,0.9999967813491821,0.4769611656665802,0.20411837100982666,-0.2824511229991913,0.9999971985816956,0.5235248804092407,0.26586657762527466,-0.12913672626018524,0.9999966025352478,0.44082558155059814,0.26879218220710754,-0.1410139501094818,0.9999951124191284,0.5371953845024109,0.3556746244430542,-0.15279993414878845,0.9953643083572388,0.4265798330307007,0.3572263717651367,-0.18412676453590393,0.9954193234443665,0.5498576760292053,0.431306391954422,-0.304075688123703,0.9975007772445679,0.4194882810115814,0.43040046095848083,-0.34189704060554504,0.9986326098442078,0.5532782673835754,0.45822417736053467,-0.3434843420982361,0.9955578446388245,0.41428250074386597,0.45847365260124207,-0.38556379079818726,0.9973832368850708,0.5529720783233643,0.45448821783065796,-0.3734759986400604,0.9963995218276978,0.41895791888237,0.45642101764678955,-0.40992769598960876,0.9978353977203369,0.5487760901451111,0.44549304246902466,-0.3194959759712219,0.994045078754425,0.42408287525177,0.4467945396900177,-0.3562837243080139,0.9961739778518677,0.51032555103302,0.4478660821914673,0.003897345159202814,0.9999712109565735,0.46020379662513733,0.4485415518283844,-0.004053747281432152,0.9999743700027466,0.5139067769050598,0.5916382670402527,-0.030207395553588867,0.9639893174171448,0.46500149369239807,0.5999382138252258,-0.05413900315761566,0.9514763951301575,0.5198463797569275,0.752985417842865,0.025934109464287758,0.9721770286560059,0.462881863117218,0.7554054260253906,0.010465368628501892,0.9678781628608704,0.5152559280395508,0.7785918712615967,0.022472862154245377,0.7822458744049072,0.4651332497596741,0.7752911448478699,0.009966623038053513,0.7260998487472534,0.5336112380027771,0.7903622388839722,-0.10416153818368912,0.9793644547462463,0.45691290497779846,0.7932240962982178,-0.11219587177038193,0.9702531695365906
0.48154646158218384,0.19118762016296387,-0.317526251077652,0.9999977350234985,0.48469099402427673,0.1757039576768875,-0.3039083778858185,0.9999932050704956,0.4883766770362854,0.1763204038143158,-0.3041401505470276,0.9999917149543762,0.49079087376594543,0.17669689655303955,-0.304095596075058,0.9999930262565613,0.4760729670524597,0.17506101727485657,-0.30557048320770264,0.9999963045120239,0.47319191694259644,0.1750105321407318,-0.30579817295074463,0.9999969005584717,0.4700907766819,0.17511500418186188,-0.30588868260383606,0.9999971389770508,0.49328553676605225,0.18016530573368073,-0.20635084807872772,0.9999915957450867,0.46633589267730713,0.18061381578445435,-0.212735116481781,0.9999890923500061,0.4864945411682129,0.20452986657619476,-0.2784678637981415,0.9999969005584717,0.47691863775253296,0.2037942111492157,-0.2817456126213074,0.9999972581863403,0.5235174298286438,0.26574909687042236,-0.1298678070306778,0.9999966025352478,0.4408508241176605,0.26854249835014343,-0.1408224254846573,0.9999951720237732,0.5371710658073425,0.35545822978019714,-0.15361133217811584,0.9952815771102905,0.4265555441379547,0.3568354547023773,-0.18452800810337067,0.9953956007957458,0.5498560070991516,0.4311758279800415,-0.3045003116130829,0.9974604249000549,0.4193893373012543,0.43028953671455383,-0.3418598771095276,0.9986305832862854,0.5532765984535217,0.4581576883792877,-0.34403926134109497,0.9954975247383118,0.4141978621482849,0.4582684636116028,-0.38546809554100037,0.9973806738853455,0.5529397130012512,0.4544018805027008,-0.37392371892929077,0.9963529109954834,0.4188249409198761,0.4563382863998413,-0.41024476289749146,0.997833788394928,0.5487229228019714,0.44537293910980225,-0.3199011981487274,0.993964672088623,0.42398276925086975,0.44672533869743347,-0.3564855456352234,0.9961687326431274,0.5103228688240051,0.44781404733657837,0.003894713008776307,0.9999715089797974,0.46019232273101807,0.44845375418663025,-0.004051636438816786,0.9999744892120361,0.5138940215110779,0.591636061668396,-0.03063368797302246,0.9628816246986389,0.46490976214408875,0.5999335646629333,-0.055003438144922256,0.9500616192817688,0.5198037028312683,0.7529668807983398,0.025480765849351883,0.9715903997421265,0.462802916765213,0.7553301453590393,0.009754443541169167,0.9670442938804626,0.5152013301849365,0.7786337733268738,0.022212063893675804,0.777619481086731,0.4650100767612457,0.7752492427825928,0.009120450355112553,0.7194770574569702,0.5337195992469788,0.7903614640235901,-0.10426110774278641,0.9790616631507874,0.4569234848022461,0.7931557893753052,-0.11293443292379379,0.9695606827735901
0.48153626918792725,0.19059115648269653,-0.3101968467235565,0.9999978542327881,0.4846704602241516,0.1752067357301712,-0.2966424226760864,0.9999935030937195,0.4883539378643036,0.17579635977745056,-0.29686984419822693,0.9999920129776001,0.4907645881175995,0.17615358531475067,-0.29682496190071106,0.9999932646751404,0.4760045111179352,0.1746053397655487,-0.298099547624588,0.9999964833259583,0.47310447692871094,0.17457491159439087,-0.29832905530929565,0.9999970197677612,0.46998679637908936,0.17473822832107544,-0.2984180450439453,0.9999972581863403,0.49327585101127625,0.17971614003181458,-0.20045782625675201,0.9999918341636658,0.46629372239112854,0.1803448349237442,-0.20584389567375183,0.9999894499778748,0.48649269342422485,0.20395925641059875,-0.27167680859565735,0.9999970197677612,0.47687068581581116,0.20323261618614197,-0.27464690804481506,0.9999973773956299,0.5235146284103394,0.2654367983341217,-0.1261204332113266,0.9999966621398926,0.4408904016017914,0.2680887281894684,-0.13458368182182312,0.9999952912330627,0.5371498465538025,0.3553274869918823,-0.14930430054664612,0.9952620267868042,0.4265446364879608,0.35640743374824524,-0.17458957433700562,0.9954215288162231,0.5498546361923218,0.43097853660583496,-0.29813098907470703,0.9974555969238281,0.4193105101585388,0.43010616302490234,-0.3276187777519226,0.9986448884010315,0.55327308177948,0.45807430148124695,-0.33686259388923645,0.9954870939254761,0.41411152482032776,0.4579884111881256,-0.3699823319911957,0.997407078742981,0.552911102771759,0.4542624354362488,-0.36628198623657227,0.9963443279266357,0.4186883568763733,0.4561992883682251,-0.39510971307754517,0.9978553652763367,0.5486942529678345,0.44516780972480774,-0.3131884038448334,0.9939510822296143,0.42387470602989197,0.44662556052207947,-0.34226366877555847,0.9962090849876404,0.5103143453598022,0.447409063577652,0.003761270083487034,0.9999719858169556,0.46016594767570496,0.4480394423007965,-0.003922979813069105,0.99997478723526,0.5138824582099915,0.591579020023346,-0.030586399137973785,0.9625230431556702,0.46485528349876404,0.599797248840332,-0.05549321323633194,0.9498436450958252,0.5197646617889404,0.7529524564743042,0.024609001353383064,0.9715776443481445,0.46273162961006165,0.7553271055221558,0.005827673710882664,0.9669228792190552,0.5151510834693909,0.7786597609519958,0.02120516449213028,0.7760213017463684,0.464920312166214,0.7752586603164673,0.0048391870222985744,0.7170794606208801,0.5337893962860107,0.79036545753479,-0.10445956885814667,0.979114294052124,0.45680272579193115,0.7930861115455627,-0.11592790484428406,0.9694949388504028
0.4815238416194916,0.1899224817752838,-0.3117648661136627,0.9999979734420776,0.48466286063194275,0.17467100918293,-0.2982746958732605,0.9999938011169434,0.4883432984352112,0.17522312700748444,-0.2985035479068756,0.9999923706054688,0.49074867367744446,0.1755410134792328,-0.29845884442329407,0.9999935626983643,0.47592785954475403,0.174114391207695,-0.2997871935367584,0.9999966621398926,0.47299134731292725,0.17410686612129211,-0.30001747608184814,0.9999971389770508,0.46986159682273865,0.17433063685894012,-0.30010735988616943,0.9999973773956299,0.4932723045349121,0.17914898693561554,-0.2018662840127945,0.9999921917915344,0.4662567973136902,0.1799836903810501,-0.20751558244228363,0.9999898672103882,0.4864925742149353,0.2033565640449524,-0.27310699224472046,0.9999971389770508,0.4768223464488983,0.2026873230934143,-0.27614355087280273,0.9999974966049194,0.523521363735199,0.26506176590919495,-0.12679076194763184,0.9999967813491821,0.4409066438674927,0.2676745355129242,-0.1355389654636383,0.9999954700469971,0.5371434688568115,0.3551941514015198,-0.1461067944765091,0.995300829410553,0.4265274703502655,0.3563472330570221,-0.172077015042305,0.9954580068588257,0.5498520135879517,0.43090859055519104,-0.2906607687473297,0.997491180896759,0.41920584440231323,0.4301369786262512,-0.32094886898994446,0.9986578226089478,0.5532709956169128,0.45802295207977295,-0.32828134298324585,0.9955394864082336,0.4140486717224121,0.4578511416912079,-0.3623502850532532,0.9974309206008911,0.5528697371482849,0.4542151689529419,-0.3580801784992218,0.996387243270874,0.4184446632862091,0.456182062625885,-0.3881148397922516,0.9978749752044678,0.5486230850219727,0.4451083242893219,-0.3056638538837433,0.9940237402915955,0.4235912561416626,0.4466610252857208,-0.33567818999290466,0.9962471723556519,0.5103046298027039,0.4471258521080017,0.00375589937902987,0.9999727010726929,0.46012887358665466,0.4476704001426697,-0.003918628674000502,0.9999752640724182,0.5138776898384094,0.5915668606758118,-0.030521491542458534,0.9627431035041809,0.46479764580726624,0.5994506478309631,-0.05674668401479721,0.950585126876831,0.5197212100028992,0.7529512643814087,0.024552196264266968,0.9719424247741699,0.46265870332717896,0.7553255558013916,0.0002221853646915406,0.9673541784286499,0.5150934457778931,0.7787172198295593,0.021146949380636215,0.7776657938957214,0.4648321568965912,0.7753026485443115,-0.0009381662821397185,0.7183474898338318,0.5338707566261292,0.7903642058372498,-0.10430767387151718,0.9794676899909973,0.45670244097709656,0.7929942607879639,-0.12175250798463821,0.9699574112892151
0.48149627447128296,0.18928955495357513,-0.31279686093330383,0.9999980330467224,0.4846343994140625,0.17416837811470032,-0.2991763949394226,0.9999939799308777,0.4883163273334503,0.1746765375137329,-0.2994054853916168,0.9999926090240479,0.49072185158729553,0.17495429515838623,-0.29936063289642334,0.9999937415122986,0.4758300483226776,0.17365288734436035,-0.30080142617225647,0.9999967813491821,0.4728526175022125,0.1736500859260559,-0.3010293245315552,0.9999971985816956,0.46973976492881775,0.17390410602092743,-0.30111849308013916,0.9999974370002747,0.4932684898376465,0.17851315438747406,-0.20281170308589935,0.9999923706054688,0.46622955799102783,0.17948439717292786,-0.2079998403787613,0.9999901056289673,0.4864925742149353,0.20277775824069977,-0.27392926812171936,0.9999971985816956,0.4767695367336273,0.20213767886161804,-0.27710676193237305,0.9999975562095642,0.523609459400177,0.26455003023147583,-0.12705406546592712,0.9999968409538269,0.4409150779247284,0.2671618163585663,-0.13643306493759155,0.9999955892562866,0.5371447205543518,0.3551028072834015,-0.14322730898857117,0.995330810546875,0.42652449011802673,0.3562435209751129,-0.17181621491909027,0.9954835772514343,0.5498507618904114,0.43091636896133423,-0.2802920341491699,0.9975073337554932,0.41909268498420715,0.4301971197128296,-0.3170524835586548,0.998663067817688,0.5532711148262024,0.45800188183784485,-0.3162074089050293,0.9955543279647827,0.4139339327812195,0.4577670097351074,-0.3577159345149994,0.997438371181488,0.5528610944747925,0.4542140066623688,-0.3465227484703064,0.9964005947113037,0.4180991053581238,0.45617735385894775,-0.3837006390094757,0.9978814125061035,0.5485851764678955,0.4451097249984741,-0.2952490448951721,0.9940565228462219,0.4232602119445801,0.4466976821422577,-0.33178481459617615,0.9962664246559143,0.5103062391281128,0.4470656216144562,0.0037694377824664116,0.9999733567237854,0.4601445198059082,0.4475841820240021,-0.0039337025955319405,0.9999757409095764,0.5138773322105408,0.5915735363960266,-0.03050747886300087,0.9634997248649597,0.46476924419403076,0.5991231203079224,-0.05685414373874664,0.9517267942428589,0.5196877717971802,0.7529246211051941,0.02496502362191677,0.9725233912467957,0.46257343888282776,0.7552595734596252,0.0010629335884004831,0.9680119752883911,0.5150678157806396,0.7787222266197205,0.021597586572170258,0.7805611491203308,0.46468621492385864,0.7752783298492432,0.00010861577175091952,0.7208702564239502,0.5338745713233948,0.7903595566749573,-0.10299838334321976,0.9799469709396362,0.4565808176994324,0.792826771736145,-0.12095978111028671,0.97059166431427
0.4814101755619049,0.1887858510017395,-0.31614208221435547,0.9999980926513672,0.4845995604991913,0.17371726036071777,-0.30319052934646606,0.9999942183494568,0.4882951080799103,0.17418916523456573,-0.303420752286911,0.9999929070472717,0.4907058775424957,0.17444570362567902,-0.3033769428730011,0.9999939799308777,0.4757317900657654,0.1732284426689148,-0.3043892979621887,0.9999969005584717,0.4727255702018738,0.17321352660655975,-0.30462950468063354,0.9999973177909851,0.46963798999786377,0.17347809672355652,-0.3047248423099518,0.9999975562095642,0.49327680468559265,0.17788644134998322,-0.2077636569738388,0.9999926686286926,0.4662186801433563,0.17889763414859772,-0.21145321428775787,0.9999904036521912,0.4864770770072937,0.2023053914308548,-0.27744051814079285,0.9999972581863403,0.4766647517681122,0.20164884626865387,-0.28007546067237854,0.999997615814209,0.523698091506958,0.26398399472236633,-0.1286829113960266,0.9999969601631165,0.44091734290122986,0.26667505502700806,-0.13662949204444885,0.9999957084655762,0.5371432900428772,0.35495221614837646,-0.13950467109680176,0.9953873157501221,0.4265194535255432,0.3560599386692047,-0.16727124154567719,0.9955618977546692,0.5498495697975159,0.4309227764606476,-0.271180123090744,0.9975262880325317,0.41893863677978516,0.4302300810813904,-0.3081507086753845,0.9986867904663086,0.5532708764076233,0.4579821825027466,-0.3060482144355774,0.9955635666847229,0.41369402408599854,0.45751288533210754,-0.34788453578948975,0.9974762797355652,0.5528585314750671,0.4542078673839569,-0.3366757035255432,0.9964088797569275,0.4177078902721405,0.4560560882091522,-0.3743809759616852,0.9979132413864136,0.5485761165618896,0.4451103210449219,-0.2860812544822693,0.9940871596336365,0.42291730642318726,0.4466799199581146,-0.3229343593120575,0.9963286519050598,0.5103029012680054,0.4467184245586395,0.003762010484933853,0.9999739527702332,0.46014365553855896,0.4471670687198639,-0.00392751581966877,0.9999762177467346,0.5138792395591736,0.5915775299072266,-0.030662059783935547,0.9647883772850037,0.4647597670555115,0.5987613797187805,-0.056357741355895996,0.9534608125686646,0.5196381211280823,0.7528937458992004,0.02533174306154251,0.9732941389083862,0.4625338315963745,0.7551525831222534,0.0019710769411176443,0.9689458012580872,0.5150240659713745,0.7787290811538696,0.02220246195793152,0.7848507165908813,0.46460968255996704,0.7751340270042419,0.0010867005912587047,0.7252945303916931,0.5338681936264038,0.7903314232826233,-0.10159000754356384,0.9805499911308289,0.45657414197921753,0.7926466464996338,-0.11914072185754776,0.9714611768722534
0.48132598400115967,0.18836501240730286,-0.3227687478065491,0.9999982118606567,0.4845520853996277,0.17330564558506012,-0.31011661887168884,0.9999945163726807,0.488261878490448,0.17374737560749054,-0.3103492558002472,0.9999933242797852,0.49068301916122437,0.17399880290031433,-0.31030556559562683,0.9999942779541016,0.47564250230789185,0.1728636920452118,-0.31109145283699036,0.999997079372406,0.47261905670166016,0.17284761369228363,-0.3113344609737396,0.9999974966049194,0.4695480167865753,0.17312511801719666,-0.31142908334732056,0.9999976754188538,0.4932818114757538,0.17738939821720123,-0.2147706001996994,0.999993085861206,0.4661993384361267,0.17848323285579681,-0.21779507398605347,0.9999908804893494,0.4864445924758911,0.2019200474023819,-0.2840903401374817,0.9999973773956299,0.47658002376556396,0.20124246180057526,-0.2864212095737457,0.9999977350234985,0.5237820148468018,0.2637298107147217,-0.13404007256031036,0.999997079372406,0.44091999530792236,0.26634541153907776,-0.1407477706670761,0.9999958872795105,0.5371444225311279,0.354892373085022,-0.1415083408355713,0.9955097436904907,0.42650607228279114,0.3560168147087097,-0.16901224851608276,0.9956714510917664,0.549853503704071,0.43092793226242065,-0.27443498373031616,0.9975861310958862,0.41885897517204285,0.43026506900787354,-0.310660719871521,0.9987106323242188,0.5532770752906799,0.4579675793647766,-0.3097291886806488,0.9956477284431458,0.41361936926841736,0.4574301540851593,-0.35061877965927124,0.997515082359314,0.5528585314750671,0.4542093276977539,-0.3405885100364685,0.9964792728424072,0.4174973666667938,0.45601797103881836,-0.3774118721485138,0.9979465007781982,0.5485732555389404,0.4451136589050293,-0.2894647717475891,0.994213879108429,0.42269226908683777,0.446692556142807,-0.325596421957016,0.9963935613632202,0.5102978944778442,0.4464675188064575,0.0037591459695249796,0.99997478723526,0.46013757586479187,0.44687575101852417,-0.003925241529941559,0.9999769330024719,0.5138806700706482,0.591508150100708,-0.035182174295186996,0.9663284420967102,0.46472638845443726,0.5983760952949524,-0.05644441023468971,0.9554492235183716,0.5195953845977783,0.7528207898139954,0.024271508678793907,0.9741498231887817,0.4624831974506378,0.7550274729728699,0.0028305486775934696,0.9700005054473877,0.5149917006492615,0.7787345051765442,0.021451318636536598,0.7901657819747925,0.46451154351234436,0.7749826908111572,0.0021057475823909044,0.7306056618690491,0.5338297486305237,0.790257453918457,-0.10285970568656921,0.9812585711479187,0.45657166838645935,0.7925422191619873,-0.11839595437049866,0.9724814295768738
0.48120421171188354,0.1878535896539688,-0.32733777165412903,0.9999982714653015,0.4845110774040222,0.17271113395690918,-0.31481677293777466,0.9999947547912598,0.4882366359233856,0.17308172583580017,-0.3150506913661957,0.9999935626983643,0.49066266417503357,0.1733231395483017,-0.31500938534736633,0.9999945163726807,0.4755478799343109,0.17235758900642395,-0.31577369570732117,0.9999971985816956,0.47250446677207947,0.1723453253507614,-0.3160148561000824,0.999997615814209,0.4694444537162781,0.17263293266296387,-0.3161088526248932,0.9999977946281433,0.49330466985702515,0.17665794491767883,-0.21971279382705688,0.9999933838844299,0.4661884009838104,0.17776420712471008,-0.22268471121788025,0.9999911785125732,0.48641762137413025,0.2014155387878418,-0.288749098777771,0.9999974966049194,0.4764745831489563,0.20074181258678436,-0.29103124141693115,0.9999977946281433,0.5238924622535706,0.26334348320961,-0.1392659991979599,0.9999971985816956,0.44088420271873474,0.26584625244140625,-0.14598436653614044,0.9999960064888,0.5371538400650024,0.3548034727573395,-0.14454592764377594,0.9955673217773438,0.42649680376052856,0.3560383915901184,-0.17043064534664154,0.9957592487335205,0.549852728843689,0.4309331476688385,-0.28045982122421265,0.9975913166999817,0.4188135862350464,0.4302818179130554,-0.31673288345336914,0.9987267255783081,0.5532771348953247,0.45794400572776794,-0.3168695271015167,0.9956443309783936,0.4135931730270386,0.4574081301689148,-0.35732516646385193,0.9975436925888062,0.5528571009635925,0.45421043038368225,-0.34732022881507874,0.996477484703064,0.4173302948474884,0.4559866189956665,-0.3837283253669739,0.997970461845398,0.5485712289810181,0.4451167583465576,-0.2955155074596405,0.994225025177002,0.42247217893600464,0.44670242071151733,-0.3315853178501129,0.9964364767074585,0.510294497013092,0.446295827627182,0.0037330747582018375,0.9999755024909973,0.46013203263282776,0.4467388093471527,-0.0039003996644169092,0.9999774694442749,0.5138843059539795,0.5914559960365295,-0.04659320041537285,0.9678329825401306,0.46469175815582275,0.5982216596603394,-0.0575987808406353,0.9571695923805237,0.5195615291595459,0.7528079748153687,0.01640828140079975,0.9748985767364502,0.4624599516391754,0.7549432516098022,0.002951976377516985,0.9709354043006897,0.5149601697921753,0.7787414193153381,0.014034968800842762,0.7954075336456299,0.4644882380962372,0.7749339938163757,0.0023027798160910606,0.7355321645736694,0.5338018536567688,0.7902438640594482,-0.10977120697498322,0.9818511009216309,0.456278920173645,0.7923803925514221,-0.11828681081533432,0.9733325839042664
0.48102590441703796,0.1870596557855606,-0.3259635269641876,0.9999983310699463,0.4844416081905365,0.1716451644897461,-0.31327077746391296,0.9999949336051941,0.48818498849868774,0.17193478345870972,-0.31350430846214294,0.9999938011169434,0.49063074588775635,0.1721947342157364,-0.3134629428386688,0.9999947547912598,0.47539064288139343,0.17129966616630554,-0.31433460116386414,0.9999973177909851,0.47229012846946716,0.17138144373893738,-0.3145732283592224,0.9999977350234985,0.469238817691803,0.17176686227321625,-0.31466665863990784,0.9999978542327881,0.49333980679512024,0.1757434904575348,-0.21817156672477722,0.999993622303009,0.4661496877670288,0.17676499485969543,-0.22154253721237183,0.9999914765357971,0.48637476563453674,0.20047341287136078,-0.2874329686164856,0.999997615814209,0.4763130843639374,0.19994118809700012,-0.2898392677307129,0.9999978542327881,0.5240607857704163,0.2629391849040985,-0.13933753967285156,0.9999972581863403,0.4408537447452545,0.26518383622169495,-0.14653116464614868,0.9999960660934448,0.5371615290641785,0.35469457507133484,-0.1491212248802185,0.9956433773040771,0.4264937937259674,0.3558622896671295,-0.17257188260555267,0.9958529472351074,0.5498506426811218,0.43090543150901794,-0.2842157781124115,0.9976104497909546,0.41876620054244995,0.430306613445282,-0.3197089731693268,0.9987398982048035,0.5532746911048889,0.4578794836997986,-0.31988850235939026,0.9956760406494141,0.41352877020835876,0.457385390996933,-0.3607654869556427,0.9975694417953491,0.552864134311676,0.4541766941547394,-0.35049909353256226,0.9965037107467651,0.41715139150619507,0.45594528317451477,-0.3869149386882782,0.997991681098938,0.5485773086547852,0.4450732469558716,-0.2992330491542816,0.9942806363105774,0.422290176153183,0.4466964304447174,-0.33451277017593384,0.9964792728424072,0.5102943181991577,0.44617602229118347,0.003721545683220029,0.9999762177467346,0.4601319432258606,0.4466451406478882,-0.0038894324097782373,0.9999780058860779,0.5138843655586243,0.5911760330200195,-0.05269110947847366,0.9693505167961121,0.46457067131996155,0.5980759263038635,-0.05910966917872429,0.9588449001312256,0.5195394158363342,0.752805233001709,0.006569603458046913,0.9758105874061584,0.46242523193359375,0.7548906803131104,0.0013618350494652987,0.9718953371047974,0.5149320363998413,0.7788093090057373,0.003792043775320053,0.8021414279937744,0.46447113156318665,0.7749297618865967,0.0006745585124008358,0.741479218006134,0.5338010191917419,0.7902181148529053,-0.12036585062742233,0.9825407862663269,0.45594775676727295,0.7922236323356628,-0.11953704059123993,0.9741978645324707
0.4813746511936188,0.18645082414150238,-0.3252590596675873,0.9999983906745911,0.4849136471748352,0.17112402617931366,-0.31239208579063416,0.9999951124191284,0.4884328842163086,0.17131192982196808,-0.31262487173080444,0.9999940395355225,0.49087759852409363,0.171444371342659,-0.312582403421402,0.9999949336051941,0.4757036566734314,0.17069698870182037,-0.31349125504493713,0.9999974370002747,0.47260093688964844,0.17076386511325836,-0.3137286901473999,0.9999977946281433,0.4695226848125458,0.17106249928474426,-0.31382182240486145,0.9999979138374329,0.4934592545032501,0.17480936646461487,-0.21703992784023285,0.9999938607215881,0.4661741256713867,0.1759086698293686,-0.22171565890312195,0.999991774559021,0.4866654574871063,0.19969937205314636,-0.2866385579109192,0.9999976754188538,0.4766225218772888,0.19886498153209686,-0.2890964150428772,0.9999979138374329,0.524128794670105,0.2620027959346771,-0.13881130516529083,0.9999973177909851,0.44084247946739197,0.26448771357536316,-0.14737850427627563,0.9999961853027344,0.5371699929237366,0.35441404581069946,-0.14945712685585022,0.9957147240638733,0.4264468550682068,0.35570603609085083,-0.1734050065279007,0.9959462285041809,0.5498488545417786,0.43084827065467834,-0.2854456305503845,0.9976419806480408,0.4186744689941406,0.43033313751220703,-0.31956857442855835,0.998753011226654,0.5532582998275757,0.4578154385089874,-0.32171016931533813,0.9957292675971985,0.41338348388671875,0.45730361342430115,-0.35969072580337524,0.9975975751876831,0.5528748035430908,0.45413461327552795,-0.3521673381328583,0.9965473413467407,0.41700705885887146,0.45585474371910095,-0.3859843909740448,0.9980151057243347,0.5486050844192505,0.44499897956848145,-0.30049410462379456,0.9943621158599854,0.4221680462360382,0.446650892496109,-0.3343130052089691,0.9965243935585022,0.5103045105934143,0.44604790210723877,0.0037355145905166864,0.9999768733978271,0.4601386487483978,0.44651705026626587,-0.0039037500973790884,0.9999784827232361,0.5138868093490601,0.5910996198654175,-0.05008383095264435,0.9707815051078796,0.4645036458969116,0.5979011654853821,-0.059773556888103485,0.9605306386947632,0.5195318460464478,0.752810001373291,0.006822581868618727,0.976733386516571,0.4623933434486389,0.7548523545265198,-0.0014991236384958029,0.9729011654853821,0.514906644821167,0.7788905501365662,0.0037984191440045834,0.8089137673377991,0.4644549787044525,0.7749272584915161,-0.002431346569210291,0.7478858828544617,0.5338126420974731,0.7902103066444397,-0.1194857731461525,0.9832400679588318,0.4556531608104706,0.7920804619789124,-0.12178505212068558,0.9751177430152893
0.48150065541267395,0.18594130873680115,-0.32789337635040283,0.9999984502792358,0.485090434551239,0.17063981294631958,-0.31539231538772583,0.9999953508377075,0.4885469377040863,0.17073704302310944,-0.3156285583972931,0.9999943375587463,0.4909961521625519,0.17075301706790924,-0.31558898091316223,0.9999951720237732,0.4758619964122772,0.17014436423778534,-0.316729873418808,0.9999975562095642,0.4727589786052704,0.17017000913619995,-0.31697148084640503,0.9999979138374329,0.4696616232395172,0.1703816056251526,-0.3170643448829651,0.9999980330467224,0.49356117844581604,0.17388193309307098,-0.22015976905822754,0.999994158744812,0.4661893844604492,0.17499618232250214,-0.22516168653964996,0.9999921321868896,0.48675596714019775,0.19900356233119965,-0.2891172468662262,0.9999977946281433,0.4767822325229645,0.19809556007385254,-0.29186946153640747,0.9999980330467224,0.5242709517478943,0.2613735496997833,-0.1401495337486267,0.9999974370002747,0.4407781958580017,0.2638793885707855,-0.14791825413703918,0.9999963045120239,0.5372337698936462,0.35399144887924194,-0.1483549326658249,0.9958270192146301,0.42641839385032654,0.3555532991886139,-0.16826531291007996,0.9960598349571228,0.54985111951828,0.4307646155357361,-0.28254804015159607,0.9977025985717773,0.41858214139938354,0.4303627908229828,-0.3002498745918274,0.9987656474113464,0.553257405757904,0.45774757862091064,-0.3181895315647125,0.9958227872848511,0.41327258944511414,0.4572911858558655,-0.3379587233066559,0.99761563539505,0.5528979897499084,0.4541316628456116,-0.3485143482685089,0.9966217875480652,0.4169028401374817,0.4558276832103729,-0.36526039242744446,0.9980300664901733,0.5486517548561096,0.4449954628944397,-0.29741913080215454,0.9944905042648315,0.4220745265483856,0.4466324746608734,-0.31500861048698425,0.9965607523918152,0.5103341341018677,0.4457799196243286,0.003626331454142928,0.9999776482582092,0.46015316247940063,0.4462090730667114,-0.0037991490680724382,0.9999790191650391,0.5138870477676392,0.5910991430282593,-0.04843120649456978,0.9723896980285645,0.46437981724739075,0.5978900194168091,-0.0563097707927227,0.9624980688095093,0.5195136666297913,0.7528265118598938,0.009501975029706955,0.9778191447257996,0.4623618423938751,0.7548121213912964,0.00211709039285779,0.97411048412323,0.5148780345916748,0.7789818048477173,0.006645374000072479,0.8167590498924255,0.46445220708847046,0.7749141454696655,0.0013046619715169072,0.7561820149421692,0.5338467955589294,0.7901999354362488,-0.11656330525875092,0.9840217232704163,0.4554332196712494,0.7919666767120361,-0.11631501466035843,0.9761924147605896
0.4815736711025238,0.1854187697172165,-0.3216732442378998,0.9999985098838806,0.48519259691238403,0.17012903094291687,-0.3093777298927307,0.9999955892562866,0.48861056566238403,0.17018526792526245,-0.30961620807647705,0.9999946355819702,0.4910566210746765,0.17013953626155853,-0.30957934260368347,0.9999954104423523,0.4759705662727356,0.1695357859134674,-0.3108488619327545,0.9999976754188538,0.4728745222091675,0.16952361166477203,-0.3110991418361664,0.9999980330467224,0.4697752892971039,0.169692263007164,-0.3111962676048279,0.999998152256012,0.49360594153404236,0.1732213795185089,-0.21556395292282104,0.9999944567680359,0.46620580554008484,0.17429068684577942,-0.22104045748710632,0.9999924898147583,0.4868004024028778,0.19838033616542816,-0.2833033800125122,0.9999978542327881,0.47685477137565613,0.19743376970291138,-0.2862621545791626,0.9999980926513672,0.5243335962295532,0.2608130872249603,-0.13545377552509308,0.9999975562095642,0.44075098633766174,0.263339638710022,-0.1432201862335205,0.9999963641166687,0.5372782945632935,0.35367658734321594,-0.13256560266017914,0.9959726333618164,0.4264060854911804,0.3552524149417877,-0.15453395247459412,0.9961950778961182,0.5498615503311157,0.4306812882423401,-0.2562030851840973,0.9977758526802063,0.41845688223838806,0.4303860366344452,-0.2773491442203522,0.9987718462944031,0.5532655715942383,0.45763668417930603,-0.2891601324081421,0.9959312081336975,0.4131397604942322,0.4572773873806,-0.31317979097366333,0.9976143836975098,0.552932620048523,0.4541187882423401,-0.319733589887619,0.9967092275619507,0.4167479872703552,0.4558074176311493,-0.34075266122817993,0.998029351234436,0.5487117171287537,0.4449845850467682,-0.2708660662174225,0.9946502447128296,0.42190733551979065,0.44660377502441406,-0.29205799102783203,0.9965841770172119,0.5103514790534973,0.44543275237083435,0.003588529536500573,0.9999785423278809,0.4601612985134125,0.44591134786605835,-0.0037641460075974464,0.9999797344207764,0.5138888955116272,0.5911789536476135,-0.04699830338358879,0.9742204546928406,0.4643382728099823,0.5978461503982544,-0.0532916896045208,0.9649239182472229,0.5194951891899109,0.7528963088989258,0.01140420138835907,0.9791369438171387,0.46232298016548157,0.7548065781593323,0.0033545123878866434,0.9755914807319641,0.5148243308067322,0.7792577147483826,0.008564409799873829,0.8262757658958435,0.4644506573677063,0.7749305963516235,0.0025150487199425697,0.7672101855278015,0.533939003944397,0.7901873588562012,-0.11566376686096191,0.9849581718444824,0.4551161229610443,0.7919182181358337,-0.11359000205993652,0.9775286316871643
0.4815789759159088,0.18469558656215668,-0.32008111476898193,0.9999985694885254,0.4852856993675232,0.16908082365989685,-0.3080877661705017,0.9999957084655762,0.4886871576309204,0.16919122636318207,-0.30832669138908386,0.9999948143959045,0.49117758870124817,0.16921375691890717,-0.3082900941371918,0.9999955892562866,0.4759960174560547,0.1683768481016159,-0.30932244658470154,0.9999977350234985,0.4728890657424927,0.16845397651195526,-0.3095783591270447,0.9999980926513672,0.46978092193603516,0.1687532365322113,-0.30967941880226135,0.9999982118606567,0.4938408434391022,0.17214049398899078,-0.215257465839386,0.999994695186615,0.4662073850631714,0.17335250973701477,-0.21980543434619904,0.9999926686286926,0.4868391454219818,0.1978563517332077,-0.28197428584098816,0.9999979138374329,0.47685593366622925,0.19669489562511444,-0.28466254472732544,0.9999980926513672,0.5243797898292542,0.2604711055755615,-0.1348332017660141,0.999997615814209,0.44070494174957275,0.2624801993370056,-0.14083056151866913,0.9999963641166687,0.5373130440711975,0.3532775342464447,-0.12731121480464935,0.9960894584655762,0.4264006018638611,0.3539777398109436,-0.14518116414546967,0.9962899684906006,0.5498714447021484,0.43061402440071106,-0.2439952790737152,0.9978206753730774,0.41836121678352356,0.43036842346191406,-0.2608634829521179,0.9987504482269287,0.5532655119895935,0.45759207010269165,-0.27551600337028503,0.9959850907325745,0.41299834847450256,0.4571610391139984,-0.2952035665512085,0.9975552558898926,0.5529676675796509,0.45411768555641174,-0.30607137084007263,0.9967529773712158,0.41666582226753235,0.45575159788131714,-0.32312801480293274,0.9979819059371948,0.5488030314445496,0.4449748992919922,-0.25841671228408813,0.9947448372840881,0.42185279726982117,0.4465698003768921,-0.2755542993545532,0.9965410232543945,0.5103513598442078,0.4449467062950134,0.0034920640755444765,0.9999792575836182,0.46015965938568115,0.4453904628753662,-0.0036705953534692526,0.9999803304672241,0.5139184594154358,0.5917047262191772,-0.03952866047620773,0.9758281707763672,0.46426188945770264,0.597791850566864,-0.05297873914241791,0.967204213142395,0.5194663405418396,0.7529357075691223,0.019267618656158447,0.9802961945533752,0.46227753162384033,0.7547467947006226,0.004873265512287617,0.9769434332847595,0.5147767663002014,0.7793835401535034,0.016800785437226295,0.8345300555229187,0.46444636583328247,0.7749041318893433,0.004308098461478949,0.7771728038787842,0.5339749455451965,0.7901824116706848,-0.10363451391458511,0.9857751131057739,0.45500338077545166,0.7918909192085266,-0.11116453260183334,0.9787449240684509
0.4815869629383087,0.1837599277496338,-0.32902809977531433,0.9999985694885254,0.48541414737701416,0.16728946566581726,-0.3172127604484558,0.999995768070221,0.48875823616981506,0.1674499660730362,-0.31745582818984985,0.9999949336051941,0.4912623167037964,0.1675128936767578,-0.31742075085639954,0.9999957084655762,0.4759928286075592,0.16659541428089142,-0.3185370862483978,0.9999977350234985,0.47287002205848694,0.1669166386127472,-0.3187915086746216,0.9999980926513672,0.46972009539604187,0.16748137772083282,-0.31889382004737854,0.9999982118606567,0.4939740002155304,0.17029502987861633,-0.22321729362010956,0.9999948740005493,0.46615326404571533,0.17218421399593353,-0.22794710099697113,0.9999927282333374,0.48695939779281616,0.19717229902744293,-0.2903498709201813,0.9999979138374329,0.4768387973308563,0.19595947861671448,-0.2931363880634308,0.9999980926513672,0.5244263410568237,0.2597430646419525,-0.14103089272975922,0.9999976754188538,0.44063910841941833,0.2617317736148834,-0.14639204740524292,0.9999963045120239,0.5373426079750061,0.35269275307655334,-0.13241107761859894,0.9962065815925598,0.4263661205768585,0.35323500633239746,-0.15374347567558289,0.9963016510009766,0.5498762130737305,0.4304217994213104,-0.25641486048698425,0.9978665709495544,0.4182013273239136,0.43030762672424316,-0.2746129035949707,0.9986873865127563,0.5532618761062622,0.4575076997280121,-0.28932657837867737,0.9960395693778992,0.41281959414482117,0.45714014768600464,-0.309975266456604,0.9974188208580017,0.552979052066803,0.45409196615219116,-0.32008346915245056,0.9967978596687317,0.4165327847003937,0.4557519555091858,-0.33796122670173645,0.9978700280189514,0.5488497614860535,0.4449149966239929,-0.27109429240226746,0.9948325157165527,0.42172515392303467,0.4465693533420563,-0.28942400217056274,0.9963942766189575,0.510336697101593,0.4443179965019226,0.0033732338342815638,0.9999797940254211,0.4601273536682129,0.44493934512138367,-0.003553029615432024,0.999980628490448,0.5139462947845459,0.5920692682266235,-0.03653402999043465,0.9771523475646973,0.46417155861854553,0.597773551940918,-0.04811586067080498,0.9687970876693726,0.51944500207901,0.7529698610305786,0.022232087329030037,0.9812626242637634,0.4622277319431305,0.754673182964325,0.012758729048073292,0.9779684543609619,0.5147628784179688,0.7794631719589233,0.019585423171520233,0.8410670757293701,0.46444424986839294,0.7748761177062988,0.012256757356226444,0.7845073938369751,0.5339956879615784,0.7901815176010132,-0.10240979492664337,0.9864314198493958,0.45479440689086914,0.7918812036514282,-0.10543148219585419,0.9796262383460999
0.48174551129341125,0.18257823586463928,-0.3362376391887665,0.9999985694885254,0.4857766330242157,0.16559015214443207,-0.32474586367607117,0.999995768070221,0.488920122385025,0.16574130952358246,-0.3249925971031189,0.9999949932098389,0.4915032982826233,0.1657809615135193,-0.324957013130188,0.999995768070221,0.47608405351638794,0.16512010991573334,-0.3263145387172699,0.9999977350234985,0.47292429208755493,0.16554860770702362,-0.32656916975975037,0.9999980926513672,0.46973922848701477,0.1662779003381729,-0.32667216658592224,0.9999982118606567,0.49411293864250183,0.1681491583585739,-0.23026277124881744,0.9999949932098389,0.4661484658718109,0.170762836933136,-0.23613743484020233,0.9999926686286926,0.4872170388698578,0.19616630673408508,-0.2971908450126648,0.9999979138374329,0.4769134521484375,0.194827601313591,-0.30031898617744446,0.9999980926513672,0.5245131850242615,0.2590349614620209,-0.14695611596107483,0.9999977350234985,0.44056761264801025,0.26092180609703064,-0.15212346613407135,0.9999962449073792,0.5373660922050476,0.3520662188529968,-0.13336335122585297,0.9963169097900391,0.42631053924560547,0.35222911834716797,-0.15676531195640564,0.996285617351532,0.5499003529548645,0.4302639365196228,-0.2599680423736572,0.9979118704795837,0.4180397093296051,0.4300849437713623,-0.27515560388565063,0.9986301064491272,0.5532613396644592,0.45749107003211975,-0.29286929965019226,0.9960941672325134,0.4127114713191986,0.4571383595466614,-0.3102063536643982,0.9973002076148987,0.553015410900116,0.45408767461776733,-0.32385510206222534,0.996843695640564,0.4164782762527466,0.45575112104415894,-0.33872413635253906,0.9977748990058899,0.5489189028739929,0.4448699355125427,-0.2747117280960083,0.9949187636375427,0.42161160707473755,0.4465266466140747,-0.2900920808315277,0.996270477771759,0.5103331804275513,0.44381752610206604,0.0032700910232961178,0.999980092048645,0.46009257435798645,0.44458019733428955,-0.0034491345286369324,0.9999807476997375,0.5140009522438049,0.5928850173950195,-0.02012321911752224,0.9780323505401611,0.464039146900177,0.5977689623832703,-0.04415334388613701,0.970018744468689,0.5194283723831177,0.7530184984207153,0.04194042831659317,0.9819195866584778,0.4621795415878296,0.7546665072441101,0.019635962322354317,0.9786991477012634,0.5147343277931213,0.7795555591583252,0.03946303203701973,0.844929039478302,0.46443837881088257,0.7749241590499878,0.019389323890209198,0.7893311977386475,0.5340108275413513,0.7901992797851562,-0.08235295861959457,0.9868656396865845,0.45463067293167114,0.7918938994407654,-0.0985320582985878,0.980251669883728
0.4817543029785156,0.18109817802906036,-0.3377440273761749,0.9999985694885254,0.48586225509643555,0.16358792781829834,-0.3257189393043518,0.9999958276748657,0.4889715313911438,0.1638193428516388,-0.32596343755722046,0.9999951124191284,0.49159276485443115,0.16387143731117249,-0.3259248435497284,0.9999958872795105,0.4760980010032654,0.16319960355758667,-0.327206015586853,0.9999977350234985,0.472942054271698,0.16365967690944672,-0.32745617628097534,0.9999980926513672,0.46974796056747437,0.16452109813690186,-0.3275574743747711,0.9999982118606567,0.4943246841430664,0.16627837717533112,-0.22977715730667114,0.9999951124191284,0.466142475605011,0.1688554733991623,-0.23531252145767212,0.9999927878379822,0.4873257875442505,0.195079505443573,-0.29830747842788696,0.9999979734420776,0.4769264757633209,0.19336307048797607,-0.3013449013233185,0.9999980926513672,0.5246468782424927,0.2584858536720276,-0.1466701477766037,0.9999977946281433,0.44040557742118835,0.2604234516620636,-0.15314732491970062,0.9999962449073792,0.5374584794044495,0.3515395224094391,-0.13562104105949402,0.9963856339454651,0.42628127336502075,0.3516204059123993,-0.15829457342624664,0.9963124990463257,0.549930214881897,0.4300577938556671,-0.2629009187221527,0.9979457259178162,0.4180380702018738,0.42983683943748474,-0.28272750973701477,0.9986153841018677,0.5533163547515869,0.45743024349212646,-0.2966327667236328,0.9961415529251099,0.41271182894706726,0.4570738673210144,-0.31931936740875244,0.9972654581069946,0.5530670881271362,0.45408645272254944,-0.3271529972553253,0.9968822598457336,0.41647428274154663,0.4557068943977356,-0.3469632565975189,0.9977474808692932,0.5489692687988281,0.44485899806022644,-0.27762991189956665,0.9949856996536255,0.4215792715549469,0.446414053440094,-0.2975674271583557,0.9962345361709595,0.510325014591217,0.44373008608818054,0.003351587103679776,0.9999802708625793,0.460035502910614,0.4445858597755432,-0.003530354704707861,0.9999808669090271,0.5141276717185974,0.5931493639945984,-0.02485988847911358,0.9786288142204285,0.4638097882270813,0.5978215336799622,-0.04620036110281944,0.9708544611930847,0.5194225907325745,0.753061830997467,0.04202031344175339,0.9822073578834534,0.46210214495658875,0.7546725869178772,0.018705938011407852,0.9791202545166016,0.514729380607605,0.7795820236206055,0.040220700204372406,0.8470197319984436,0.4643787443637848,0.7749437689781189,0.018695920705795288,0.791814386844635,0.5340117812156677,0.7902030944824219,-0.082427017390728,0.9870797991752625,0.4546326994895935,0.7919428944587708,-0.10068991035223007,0.9806117415428162
0.4818057119846344,0.18038898706436157,-0.3391508460044861,0.9999985694885254,0.4860498607158661,0.16292843222618103,-0.3269849419593811,0.9999958872795105,0.48907148838043213,0.1631757766008377,-0.3272310495376587,0.9999951720237732,0.491764098405838,0.16322551667690277,-0.32719123363494873,0.9999959468841553,0.4761568605899811,0.1623731553554535,-0.3285762071609497,0.9999977350234985,0.472993940114975,0.16276057064533234,-0.32882556319236755,0.9999980926513672,0.46978121995925903,0.16361674666404724,-0.3289283514022827,0.9999982118606567,0.4945088326931,0.16549961268901825,-0.23012837767601013,0.9999951720237732,0.46614134311676025,0.16781985759735107,-0.23617328703403473,0.9999927878379822,0.487457275390625,0.19443301856517792,-0.2993778884410858,0.9999979734420776,0.47695913910865784,0.1927139014005661,-0.30256715416908264,0.9999980926513672,0.5247330665588379,0.2581935226917267,-0.1464671939611435,0.9999977946281433,0.4402807056903839,0.25998663902282715,-0.1543913185596466,0.9999962449073792,0.5375131368637085,0.3512914180755615,-0.13581371307373047,0.996430516242981,0.426254004240036,0.3512685000896454,-0.16359089314937592,0.9963091015815735,0.5499536395072937,0.4298970401287079,-0.26475170254707336,0.9979689121246338,0.41803643107414246,0.42962411046028137,-0.28803953528404236,0.9985872507095337,0.5533413290977478,0.45739033818244934,-0.29872414469718933,0.9961715340614319,0.4127124845981598,0.45701584219932556,-0.3254939913749695,0.9972059726715088,0.5531084537506104,0.4540850818157196,-0.3292742967605591,0.9969068765640259,0.4164728820323944,0.45565441250801086,-0.3533734977245331,0.9977001547813416,0.5490207672119141,0.4448438286781311,-0.2795189619064331,0.995027482509613,0.421554833650589,0.44627413153648376,-0.3029822111129761,0.9961656332015991,0.5103181004524231,0.44372063875198364,0.0035204931627959013,0.9999803900718689,0.4600001573562622,0.44459056854248047,-0.0036978423595428467,0.9999809265136719,0.514276921749115,0.5942795872688293,-0.016723306849598885,0.9789597988128662,0.46367305517196655,0.598175585269928,-0.04490604251623154,0.9714360237121582,0.5194156765937805,0.7531432509422302,0.05680341646075249,0.9824274182319641,0.4620274007320404,0.7546822428703308,0.0273422934114933,0.9794163703918457,0.5147221684455872,0.7796315550804138,0.05552155151963234,0.8480386137962341,0.4643239974975586,0.7749431133270264,0.028000125661492348,0.7933083772659302,0.534125030040741,0.7902069687843323,-0.06756047159433365,0.9872317910194397,0.45467445254325867,0.7921266555786133,-0.09213103353977203,0.9808609485626221
0.4818199872970581,0.17862600088119507,-0.33821648359298706,0.9999986290931702,0.4862886071205139,0.16110095381736755,-0.3256145119667053,0.9999960064888,0.4892312288284302,0.16143755614757538,-0.3258580267429352,0.9999952912330627,0.49214109778404236,0.16154766082763672,-0.3258197605609894,0.9999960660934448,0.47618618607521057,0.16028933227062225,-0.3270491063594818,0.9999977946281433,0.4730432331562042,0.16053926944732666,-0.327294260263443,0.999998152256012,0.46983397006988525,0.16127541661262512,-0.327392578125,0.9999982714653015,0.4949914515018463,0.164106085896492,-0.22841371595859528,0.9999952912330627,0.4661424458026886,0.1653454303741455,-0.23399469256401062,0.9999929070472717,0.48761141300201416,0.19311192631721497,-0.2984081208705902,0.9999980330467224,0.4769664704799652,0.191299706697464,-0.3013963997364044,0.999998152256012,0.5248890519142151,0.2574380040168762,-0.14598235487937927,0.9999978542327881,0.4400726556777954,0.2594432830810547,-0.1539350152015686,0.9999962449073792,0.5376331210136414,0.35110244154930115,-0.14661435782909393,0.9964832067489624,0.42624881863594055,0.35078492760658264,-0.17196735739707947,0.9963228106498718,0.5499547719955444,0.4297780394554138,-0.28064167499542236,0.9979981780052185,0.41809359192848206,0.42963770031929016,-0.30383560061454773,0.9985740780830383,0.5534049868583679,0.4573858678340912,-0.31661587953567505,0.9962286353111267,0.41290155053138733,0.45701587200164795,-0.34271278977394104,0.9971861243247986,0.5532180070877075,0.4540889263153076,-0.34669703245162964,0.9969497323036194,0.4164866507053375,0.4556836783885956,-0.37000343203544617,0.9976826906204224,0.5490990877151489,0.4448280334472656,-0.2953537404537201,0.995090126991272,0.42153385281562805,0.44630300998687744,-0.3187258541584015,0.9961323738098145,0.510248064994812,0.4438759386539459,0.0038792637642472982,0.9999808669090271,0.4598929286003113,0.4448907673358917,-0.004055457655340433,0.9999812245368958,0.5145816206932068,0.5947782397270203,-0.04742446914315224,0.9796721935272217,0.4635366201400757,0.5987228155136108,-0.06549283117055893,0.9722124934196472,0.5193974375724792,0.7533671855926514,0.04575638845562935,0.9826884865760803,0.461988627910614,0.7546790838241577,0.02028029039502144,0.9797225594520569,0.514617383480072,0.779987633228302,0.05117389187216759,0.8516921401023865,0.46432891488075256,0.7749112844467163,0.023907704278826714,0.7961123585700989,0.5349093675613403,0.7902409434318542,-0.07234843075275421,0.9874128103256226,0.4546765983104706,0.7924938201904297,-0.09524518996477127,0.9810893535614014
0.48179057240486145,0.17673519253730774,-0.32239916920661926,0.9999985694885254,0.48631441593170166,0.1594124436378479,-0.30973944067955017,0.9999958276748657,0.48926952481269836,0.15963876247406006,-0.3099791705608368,0.9999951124191284,0.4922555983066559,0.15965355932712555,-0.30994635820388794,0.9999959468841553,0.47618618607521057,0.158688485622406,-0.3108075261116028,0.9999976754188538,0.47304567694664,0.1588376760482788,-0.3110651671886444,0.9999980330467224,0.46983468532562256,0.1592874526977539,-0.31116896867752075,0.999998152256012,0.4953259825706482,0.16225364804267883,-0.21447767317295074,0.9999951720237732,0.4661423861980438,0.16331396996974945,-0.2182517945766449,0.9999924898147583,0.4876478612422943,0.19142870604991913,-0.2834557890892029,0.9999979734420776,0.47696006298065186,0.1898299902677536,-0.28599098324775696,0.9999980330467224,0.5250968337059021,0.25648781657218933,-0.13314968347549438,0.9999978542327881,0.4399639964103699,0.25865018367767334,-0.14054203033447266,0.9999961853027344,0.5378441214561462,0.35069650411605835,-0.1231050193309784,0.9964973330497742,0.4262442886829376,0.3501034080982208,-0.13880802690982819,0.9963141083717346,0.5500159859657288,0.4296785593032837,-0.2378758043050766,0.9979930520057678,0.4180864095687866,0.4297783672809601,-0.24467189610004425,0.998531699180603,0.5535352826118469,0.457393079996109,-0.2685745656490326,0.9962118268013,0.4128956198692322,0.4572538733482361,-0.2772509753704071,0.997098445892334,0.553378164768219,0.45422127842903137,-0.2985782325267792,0.9969318509101868,0.4164109528064728,0.4560368061065674,-0.3058607280254364,0.9976099133491516,0.5492751598358154,0.4448852837085724,-0.2518860399723053,0.9950847625732422,0.42138975858688354,0.44652259349823,-0.25931546092033386,0.9960455298423767,0.5100932717323303,0.4438799023628235,0.004333630204200745,0.9999813437461853,0.45978596806526184,0.4449097216129303,-0.0045172227546572685,0.9999815821647644,0.515163779258728,0.5947579145431519,-0.047336120158433914,0.9808476567268372,0.4632558822631836,0.5989217162132263,-0.06861554831266403,0.9738897681236267,0.5193724036216736,0.7535133361816406,0.04477411508560181,0.9834917187690735,0.4619320333003998,0.754676342010498,0.014437338337302208,0.9806695580482483,0.5144405961036682,0.7802985906600952,0.046142738312482834,0.8582975268363953,0.46433117985725403,0.7748703360557556,0.01866762712597847,0.8032707571983337,0.5356910228729248,0.7902469038963318,-0.08025004714727402,0.9879394769668579,0.4546665549278259,0.7927171587944031,-0.09811469912528992,0.9818736910820007
0.4813619554042816,0.17447905242443085,-0.3110693395137787,0.9999984502792358,0.48625051975250244,0.15753920376300812,-0.2977982461452484,0.9999955296516418,0.4892510771751404,0.15767022967338562,-0.29803186655044556,0.9999948143959045,0.492239385843277,0.15773561596870422,-0.2980041801929474,0.9999957084655762,0.47611698508262634,0.15682992339134216,-0.2981896698474884,0.9999974370002747,0.47300806641578674,0.1567521095275879,-0.2984462380409241,0.9999978542327881,0.46980831027030945,0.15666835010051727,-0.2985469698905945,0.9999979734420776,0.4955774247646332,0.16063278913497925,-0.20268869400024414,0.9999949336051941,0.46614280343055725,0.16038872301578522,-0.20325973629951477,0.9999918341636658,0.48738178610801697,0.18942943215370178,-0.2724825441837311,0.9999978542327881,0.476735383272171,0.18809901177883148,-0.2741396725177765,0.9999979138374329,0.5254536867141724,0.25565972924232483,-0.12309683114290237,0.9999977946281433,0.439859539270401,0.2580595016479492,-0.13050983846187592,0.9999961256980896,0.5381996631622314,0.35070112347602844,-0.11456871777772903,0.9965410232543945,0.42624086141586304,0.3499743342399597,-0.13323244452476501,0.9963871836662292,0.5500432252883911,0.42998096346855164,-0.22945009171962738,0.9980049133300781,0.41809341311454773,0.43041449785232544,-0.2426431030035019,0.9985153675079346,0.5536780953407288,0.4579586386680603,-0.2603699266910553,0.9962236285209656,0.41294556856155396,0.457797646522522,-0.2757382094860077,0.9970557689666748,0.5534852743148804,0.4547886252403259,-0.2902974486351013,0.9969373941421509,0.4164026081562042,0.45674413442611694,-0.30363282561302185,0.9975724220275879,0.549368679523468,0.4454459249973297,-0.24344152212142944,0.9951165318489075,0.42131567001342773,0.44719547033309937,-0.25708431005477905,0.995997428894043,0.5099645853042603,0.44394785165786743,0.004649103619158268,0.9999821186065674,0.459751158952713,0.4452285170555115,-0.004841512534767389,0.9999821782112122,0.5158107280731201,0.5936521887779236,-0.09519226849079132,0.9823070168495178,0.4628449082374573,0.5989040732383728,-0.07962320744991302,0.9757003784179688,0.5193385481834412,0.753474235534668,-0.0026147745084017515,0.9843831658363342,0.4619123637676239,0.7545792460441589,0.0022550977300852537,0.9818140268325806,0.514204740524292,0.7802935242652893,-0.0008221406023949385,0.8662768602371216,0.4643985331058502,0.7747433185577393,0.005078241694718599,0.8121026754379272,0.5356816649436951,0.7902395725250244,-0.11870494484901428,0.9885469675064087,0.4546694755554199,0.7928593158721924,-0.11127550899982452,0.9828267693519592
0.48120957612991333,0.17282749712467194,-0.29545870423316956,0.9999982118606567,0.48624786734580994,0.15615542232990265,-0.2821500897407532,0.999994695186615,0.48925116658210754,0.15608294308185577,-0.2823779881000519,0.9999939203262329,0.4922509491443634,0.15611816942691803,-0.2823527753353119,0.9999950528144836,0.47611960768699646,0.15561898052692413,-0.28224024176597595,0.9999969005584717,0.4730341136455536,0.15543542802333832,-0.2824946343898773,0.9999974370002747,0.46985286474227905,0.1549561619758606,-0.2825970947742462,0.999997615814209,0.49582815170288086,0.15889479219913483,-0.18904276192188263,0.9999942183494568,0.4661838114261627,0.15809890627861023,-0.18825523555278778,0.9999903440475464,0.48719102144241333,0.1874058097600937,-0.2578461766242981,0.999997615814209,0.4767015874385834,0.1865304708480835,-0.2591020166873932,0.9999976754188538,0.5259639024734497,0.2554579973220825,-0.11388160288333893,0.9999977350234985,0.43981388211250305,0.2575702965259552,-0.11925466358661652,0.9999960064888,0.5384851694107056,0.3510206639766693,-0.10702066123485565,0.9965685606002808,0.42623117566108704,0.34988048672676086,-0.12814684212207794,0.9964514970779419,0.5501355528831482,0.4301227629184723,-0.21794778108596802,0.9980210661888123,0.4180833399295807,0.4308968484401703,-0.24161534011363983,0.9984979033470154,0.5539301633834839,0.4582681357860565,-0.24796366691589355,0.996247410774231,0.4129377007484436,0.4585834741592407,-0.2747666537761688,0.9970183968544006,0.5536139011383057,0.45506495237350464,-0.27772995829582214,0.9969537854194641,0.41636091470718384,0.4575677812099457,-0.3019821047782898,0.9975395798683167,0.5494849681854248,0.4456638693809509,-0.23174253106117249,0.9951621294021606,0.42123639583587646,0.44786879420280457,-0.25589513778686523,0.9959573745727539,0.5099323987960815,0.4440103769302368,0.0046472689136862755,0.9999825358390808,0.45975056290626526,0.4456286132335663,-0.00484005082398653,0.999982476234436,0.5160118341445923,0.5908850431442261,-0.1103765144944191,0.9835362434387207,0.4624326825141907,0.5968523025512695,-0.09509790688753128,0.9772650599479675,0.5192956328392029,0.7534552812576294,-0.02587277442216873,0.985103189945221,0.4618407189846039,0.7543732523918152,-0.02133287861943245,0.9827714562416077,0.5141392350196838,0.780287504196167,-0.02504851669073105,0.8729021549224854,0.4644835889339447,0.7746976017951965,-0.019909488037228584,0.819677472114563,0.5355454087257385,0.7901763319969177,-0.1430666744709015,0.989063024520874,0.45456111431121826,0.7929001450538635,-0.13665656745433807,0.9836688041687012
0.48111075162887573,0.17196950316429138,-0.29311519861221313,0.9999979734420776,0.48624545335769653,0.15536151826381683,-0.2798524498939514,0.9999939799308777,0.4892534017562866,0.1552186906337738,-0.2800807058811188,0.9999932050704956,0.49226492643356323,0.1552375704050064,-0.2800554633140564,0.9999945163726807,0.4761216938495636,0.15488512814044952,-0.2800287902355194,0.9999964833259583,0.4730507731437683,0.15466640889644623,-0.2802821695804596,0.999997079372406,0.4698805809020996,0.15405058860778809,-0.2803841829299927,0.9999973177909851,0.4959869086742401,0.157999187707901,-0.18706026673316956,0.999993622303009,0.4662182629108429,0.15710468590259552,-0.1866300255060196,0.9999890923500061,0.4870792329311371,0.18642501533031464,-0.25563517212867737,0.9999973773956299,0.4766787588596344,0.1857212781906128,-0.2569945454597473,0.9999974966049194,0.526278555393219,0.2552993595600128,-0.11256463080644608,0.9999976754188538,0.4397750496864319,0.25725284218788147,-0.1182614266872406,0.9999958872795105,0.5386878252029419,0.35129836201667786,-0.1067371815443039,0.9965983033180237,0.4262215197086334,0.34980645775794983,-0.12927314639091492,0.9965205788612366,0.5502068996429443,0.43025875091552734,-0.21799792349338531,0.9980369210243225,0.4180730879306793,0.4312569797039032,-0.2438855916261673,0.9984856843948364,0.5540953874588013,0.45851919054985046,-0.2480793595314026,0.9962721467018127,0.4129299223423004,0.45918187499046326,-0.2772230803966522,0.9969916343688965,0.5537012815475464,0.45530617237091064,-0.2779463529586792,0.9969714879989624,0.4163316488265991,0.45811665058135986,-0.30427491664886475,0.9975156784057617,0.5495651960372925,0.44587475061416626,-0.23186331987380981,0.9952086806297302,0.4211732745170593,0.44833049178123474,-0.25813788175582886,0.995930016040802,0.5099062323570251,0.4440446197986603,0.004643997643142939,0.9999829530715942,0.4597501754760742,0.4458898603916168,-0.004836919251829386,0.9999827742576599,0.5161406397819519,0.5895143747329712,-0.11218255013227463,0.9846627712249756,0.46220216155052185,0.5957618355751038,-0.09661969542503357,0.9786887168884277,0.5192747116088867,0.7534344792366028,-0.030113976448774338,0.9857771992683411,0.4617910087108612,0.7542888522148132,-0.025179216638207436,0.983650267124176,0.5141037106513977,0.7802788019180298,-0.02959812618792057,0.8790934085845947,0.464568167924881,0.7746946811676025,-0.024107396602630615,0.8267725706100464,0.5353380441665649,0.7901715636253357,-0.14771883189678192,0.9895541071891785,0.45449113845825195,0.7929812669754028,-0.14088188111782074,0.9844550490379333
0.48107147216796875,0.17073100805282593,-0.28376731276512146,0.9999969601631165,0.4862598180770874,0.15453581511974335,-0.26965096592903137,0.9999905824661255,0.48926445841789246,0.1542547345161438,-0.26986560225486755,0.9999895095825195,0.4923481345176697,0.1542162448167801,-0.2698442041873932,0.9999918341636658,0.47613584995269775,0.15408039093017578,-0.26922407746315,0.9999945163726807,0.473104327917099,0.15382708609104156,-0.2694847881793976,0.9999954700469971,0.4699726104736328,0.1530395895242691,-0.2695974111557007,0.9999960064888,0.49632197618484497,0.15675798058509827,-0.17563624680042267,0.999990701675415,0.46628841757774353,0.1561155766248703,-0.17270557582378387,0.9999843239784241,0.4870733320713043,0.18520358204841614,-0.246024027466774,0.999996542930603,0.47667884826660156,0.18462470173835754,-0.2466953545808792,0.9999967813491821,0.5269536375999451,0.25525107979774475,-0.10238649696111679,0.9999974370002747,0.43964117765426636,0.2569270730018616,-0.10420697182416916,0.9999955892562866,0.5390689969062805,0.3519282937049866,-0.08832298219203949,0.9966520071029663,0.4262178838253021,0.35055115818977356,-0.10828426480293274,0.9965838193893433,0.5505334138870239,0.4313753843307495,-0.18622402846813202,0.998053252696991,0.41809138655662537,0.4332731068134308,-0.2153594195842743,0.9984955787658691,0.5544602274894714,0.4599040150642395,-0.21266795694828033,0.9962789416313171,0.4129840135574341,0.461321085691452,-0.24651165306568146,0.9969950318336487,0.5538029074668884,0.4565145969390869,-0.24219781160354614,0.9969699382781982,0.4163607060909271,0.4607992172241211,-0.27326828241348267,0.9975136518478394,0.5496671795845032,0.44740885496139526,-0.19926758110523224,0.9952287077903748,0.42117729783058167,0.45169323682785034,-0.22912383079528809,0.9959364533424377,0.5098370909690857,0.44483551383018494,0.004635469987988472,0.9999828934669495,0.4596027433872223,0.4470106065273285,-0.004829005803912878,0.9999825954437256,0.5163377523422241,0.5883429646492004,-0.14915895462036133,0.9858426451683044,0.4614418148994446,0.5942589640617371,-0.1532527059316635,0.9803457260131836,0.5192673802375793,0.7530353665351868,-0.04473356530070305,0.9864906668663025,0.4617413282394409,0.7540314793586731,-0.06127677857875824,0.9846192002296448,0.5141026377677917,0.7794327139854431,-0.04168468341231346,0.88499915599823,0.4647180438041687,0.7746180295944214,-0.05768142640590668,0.8347280025482178,0.5349820852279663,0.7901366949081421,-0.15880680084228516,0.9899761080741882,0.45422133803367615,0.7931142449378967,-0.17430463433265686,0.9852474927902222
0.4810749888420105,0.16993092000484467,-0.28316038846969604,0.9999958872795105,0.4863673746585846,0.15389613807201385,-0.2689662575721741,0.999987006187439,0.489327996969223,0.1536031812429428,-0.269184947013855,0.9999855160713196,0.4925495982170105,0.15348586440086365,-0.26916205883026123,0.9999889135360718,0.4762214720249176,0.15328453481197357,-0.2688320577144623,0.9999924898147583,0.4732203781604767,0.15293629467487335,-0.2690850496292114,0.9999938011169434,0.4700976610183716,0.15205563604831696,-0.269193559885025,0.9999945759773254,0.4967435598373413,0.15592506527900696,-0.175838902592659,0.9999875426292419,0.466375470161438,0.15516862273216248,-0.17441758513450623,0.9999794960021973,0.48709428310394287,0.18429280817508698,-0.24591153860092163,0.9999957084655762,0.47674402594566345,0.18390457332134247,-0.2469901442527771,0.9999960660934448,0.5275886654853821,0.25528189539909363,-0.10589993000030518,0.9999971985816956,0.43943384289741516,0.256852388381958,-0.10892915725708008,0.9999952912330627,0.5393646359443665,0.3530067205429077,-0.10148976743221283,0.9967084527015686,0.4262137711048126,0.3512059450149536,-0.12170079350471497,0.996635913848877,0.5506259799003601,0.43339839577674866,-0.21108359098434448,0.9980485439300537,0.41816064715385437,0.4363861083984375,-0.23613683879375458,0.9985078573226929,0.554628312587738,0.46249136328697205,-0.24067147076129913,0.9962664842605591,0.4131801426410675,0.46434029936790466,-0.2695927321910858,0.9970160126686096,0.5538300275802612,0.4587361514568329,-0.2699834108352661,0.9969516396522522,0.4164046049118042,0.4639154076576233,-0.29609915614128113,0.9975265860557556,0.5497112274169922,0.45009350776672363,-0.2245531529188156,0.995210587978363,0.4211759865283966,0.45523080229759216,-0.25009414553642273,0.9959544539451599,0.5097719430923462,0.4463539123535156,0.004690859001129866,0.999983012676239,0.45949646830558777,0.4490318298339844,-0.004882634151726961,0.9999825954437256,0.5168850421905518,0.5884068012237549,-0.14726582169532776,0.9868437647819519,0.46057742834091187,0.5940350890159607,-0.15683957934379578,0.9816804528236389,0.5192628502845764,0.7528688907623291,-0.03947214037179947,0.9870231747627258,0.46163055300712585,0.7537710666656494,-0.057549867779016495,0.9852847456932068,0.5140474438667297,0.7792064547538757,-0.03617187589406967,0.8901275992393494,0.4647427201271057,0.7744693160057068,-0.05332731828093529,0.8403167128562927,0.5349524021148682,0.7900781631469727,-0.15271218121051788,0.9902796149253845,0.4539496600627899,0.7931146621704102,-0.16915224492549896,0.9857463836669922
0.4812455177307129,0.16984383761882782,-0.2919008433818817,0.9999949336051941,0.4867430329322815,0.1538110375404358,-0.2782861292362213,0.9999839067459106,0.4896296262741089,0.15357792377471924,-0.27851107716560364,0.9999821782112122,0.4932011663913727,0.1534138172864914,-0.27848440408706665,0.9999864101409912,0.476510226726532,0.1531524807214737,-0.2785208523273468,0.9999906420707703,0.4735044836997986,0.15279226005077362,-0.27877360582351685,0.999992311000824,0.470403254032135,0.1519218385219574,-0.27887946367263794,0.9999933242797852,0.4973575174808502,0.15574496984481812,-0.1843225508928299,0.9999847412109375,0.46650585532188416,0.1549886018037796,-0.18422676622867584,0.9999750256538391,0.4874197840690613,0.1840849369764328,-0.2541399896144867,0.9999949336051941,0.47695404291152954,0.18382491171360016,-0.2556520104408264,0.9999954104423523,0.5282934904098511,0.25578904151916504,-0.11102582514286041,0.9999970197677612,0.4392302632331848,0.2568685710430145,-0.11475786566734314,0.9999949932098389,0.5398607850074768,0.35525572299957275,-0.10656123608350754,0.9967637658119202,0.4261711537837982,0.35359251499176025,-0.11735375970602036,0.9966539144515991,0.5509904026985168,0.435792475938797,-0.21835385262966156,0.9980648159980774,0.4182038903236389,0.44026079773902893,-0.21669085323810577,0.9985073804855347,0.5550038814544678,0.46604758501052856,-0.24803508818149567,0.9962899088859558,0.4133364260196686,0.4684044420719147,-0.2470482736825943,0.9970052242279053,0.554011881351471,0.462140828371048,-0.2770783305168152,0.9969631433486938,0.416404664516449,0.4681922495365143,-0.27448704838752747,0.9975137710571289,0.5499231219291687,0.4532112777233124,-0.23172713816165924,0.9952375888824463,0.421134352684021,0.4600711166858673,-0.2304249405860901,0.9959421157836914,0.5095748901367188,0.4471989572048187,0.0047991774044930935,0.9999831318855286,0.459227055311203,0.4497213065624237,-0.004991236142814159,0.9999825358390808,0.5171544551849365,0.5878386497497559,-0.14072856307029724,0.9877738356590271,0.45978042483329773,0.5930136442184448,-0.156144380569458,0.9830259084701538,0.5192566514015198,0.7525094151496887,-0.032602157443761826,0.9876431822776794,0.4614885449409485,0.7533596754074097,-0.059669144451618195,0.9861210584640503,0.5140450596809387,0.7789052128791809,-0.029313312843441963,0.8954727649688721,0.464743047952652,0.774210512638092,-0.05559122562408447,0.847487211227417,0.5347550511360168,0.7900087833404541,-0.1453051120042801,0.9906529188156128,0.4537957012653351,0.7931128144264221,-0.17090776562690735,0.9864282608032227
0.4816223382949829,0.16989518702030182,-0.2949056625366211,0.9999940991401672,0.4873139262199402,0.15388710796833038,-0.2818623185157776,0.9999808669090271,0.4902746081352234,0.15371713042259216,-0.2820920944213867,0.9999788403511047,0.49412497878074646,0.1535646915435791,-0.28206387162208557,0.9999839663505554,0.4769984483718872,0.15310056507587433,-0.28220251202583313,0.9999890923500061,0.4739796817302704,0.1526985615491867,-0.2824540436267853,0.9999910593032837,0.4708617627620697,0.15184003114700317,-0.28255778551101685,0.999992311000824,0.49781960248947144,0.155883327126503,-0.18770547211170197,0.9999818801879883,0.46672236919403076,0.1549801081418991,-0.18812114000320435,0.9999715685844421,0.4878542125225067,0.1841217279434204,-0.2572205364704132,0.9999943375587463,0.4772578775882721,0.18379950523376465,-0.25881898403167725,0.9999949336051941,0.5287938714027405,0.25652945041656494,-0.11333809792995453,0.9999968409538269,0.4389408230781555,0.2575549781322479,-0.11740982532501221,0.9999948143959045,0.540466845035553,0.35774388909339905,-0.10846371948719025,0.9968258738517761,0.425971120595932,0.35719045996665955,-0.11863620579242706,0.9967385530471802,0.551288902759552,0.4398965835571289,-0.21953700482845306,0.9980788230895996,0.41824302077293396,0.44320148229599,-0.21950966119766235,0.9985501766204834,0.5553902387619019,0.4704253077507019,-0.24888791143894196,0.9963076710700989,0.4133189916610718,0.47181105613708496,-0.2503649890422821,0.997079610824585,0.5541915893554688,0.4672573208808899,-0.27765628695487976,0.9969701766967773,0.4164261519908905,0.471661239862442,-0.27790114283561707,0.9975730776786804,0.5500801801681519,0.4581433832645416,-0.2326699197292328,0.9952571392059326,0.42118310928344727,0.4635845720767975,-0.23328572511672974,0.9960336089134216,0.5095498561859131,0.4476794898509979,0.0049287485890090466,0.9999831914901733,0.45907673239707947,0.4501931667327881,-0.005119766108691692,0.9999825954437256,0.5173067450523376,0.5865120887756348,-0.15444102883338928,0.9886796474456787,0.4592922031879425,0.5918136239051819,-0.1762285977602005,0.9843488931655884,0.5192480683326721,0.7522175312042236,-0.04172036796808243,0.9882711172103882,0.46137210726737976,0.7526676058769226,-0.07756328582763672,0.986957311630249,0.513994574546814,0.7788431644439697,-0.03779102489352226,0.9009004235267639,0.4647110104560852,0.773409903049469,-0.07320062816143036,0.8547543883323669,0.5345637798309326,0.7899439334869385,-0.15501774847507477,0.9910511374473572,0.4537450671195984,0.7931182384490967,-0.19107423722743988,0.9871423840522766
0.4817759394645691,0.16991493105888367,-0.2969297170639038,0.9999935030937195,0.4875689446926117,0.15394045412540436,-0.2837774455547333,0.99997878074646,0.49055397510528564,0.15380199253559113,-0.28400519490242004,0.9999765157699585,0.49452507495880127,0.15365129709243774,-0.2839769423007965,0.9999822974205017,0.47720232605934143,0.15309353172779083,-0.2841457426548004,0.9999880790710449,0.4741895794868469,0.1526794284582138,-0.28439855575561523,0.9999902248382568,0.47106796503067017,0.1518213003873825,-0.2845034897327423,0.9999916553497314,0.49810874462127686,0.15597237646579742,-0.18903730809688568,0.9999799132347107,0.46686726808547974,0.15501031279563904,-0.1894940584897995,0.9999692440032959,0.48807352781295776,0.18413995206356049,-0.25910893082618713,0.9999939203262329,0.4774090647697449,0.18378207087516785,-0.26077744364738464,0.9999946355819702,0.5290817618370056,0.25703176856040955,-0.11451438814401627,0.9999966621398926,0.4387398064136505,0.25803259015083313,-0.11835263669490814,0.999994695186615,0.5408229231834412,0.3590855002403259,-0.10973361879587173,0.9968995451927185,0.42580869793891907,0.3590397536754608,-0.1199796050786972,0.9968409538269043,0.5514768958091736,0.44165417551994324,-0.22165125608444214,0.9981018900871277,0.41827651858329773,0.4445112645626068,-0.22306384146213531,0.9986003637313843,0.5556257367134094,0.4721214771270752,-0.2513140141963959,0.9963452219963074,0.41330307722091675,0.4732184410095215,-0.2544044256210327,0.9971716403961182,0.5543220639228821,0.46915265917778015,-0.28015998005867004,0.9969940185546875,0.41644802689552307,0.47307756543159485,-0.2818688750267029,0.9976472854614258,0.5501973628997803,0.45996394753456116,-0.23486922681331635,0.995301365852356,0.42123544216156006,0.464982271194458,-0.2368783950805664,0.9961483478546143,0.5095232129096985,0.44801849126815796,0.004956741351634264,0.9999833703041077,0.45895639061927795,0.450542151927948,-0.005147186107933521,0.9999827146530151,0.5174139142036438,0.5858226418495178,-0.15832608938217163,0.9895373582839966,0.45903071761131287,0.5911898016929626,-0.17797422409057617,0.9855785369873047,0.5192358493804932,0.7520177364349365,-0.04560651257634163,0.9889060854911804,0.461296945810318,0.7523582577705383,-0.08054400235414505,0.9877685308456421,0.5139043927192688,0.7788199186325073,-0.0416947677731514,0.9064252972602844,0.4647108018398285,0.7731800079345703,-0.07637353241443634,0.8620985150337219,0.5344644784927368,0.7898979187011719,-0.15918557345867157,0.9914714097976685,0.4535881578922272,0.7931081652641296,-0.19471591711044312,0.9878526926040649
0.48226460814476013,0.17004665732383728,-0.31755733489990234,0.9999935030937195,0.4880467355251312,0.15404604375362396,-0.30212777853012085,0.9999786019325256,0.49125388264656067,0.15390609204769135,-0.3023347854614258,0.9999762177467346,0.4952526092529297,0.15373176336288452,-0.30230748653411865,0.9999820590019226,0.47752416133880615,0.15322069823741913,-0.3031967282295227,0.9999881386756897,0.47444555163383484,0.15282940864562988,-0.30344387888908386,0.9999902844429016,0.47124555706977844,0.15201792120933533,-0.30354025959968567,0.999991774559021,0.4987863004207611,0.1559862345457077,-0.20160292088985443,0.9999794363975525,0.46691930294036865,0.15524448454380035,-0.20542018115520477,0.999969482421875,0.48889485001564026,0.1842261105775833,-0.27741754055023193,0.9999939203262329,0.4776626527309418,0.18389937281608582,-0.2800367474555969,0.9999947547912598,0.529585063457489,0.25903743505477905,-0.12645836174488068,0.9999966025352478,0.43842002749443054,0.25918808579444885,-0.13178399205207825,0.9999947547912598,0.5412635207176208,0.3635946214199066,-0.13125304877758026,0.9969608783721924,0.4255528151988983,0.3657528758049011,-0.14170104265213013,0.9969971179962158,0.551866888999939,0.4478541612625122,-0.25482118129730225,0.9981104135513306,0.41843995451927185,0.45102009177207947,-0.25338831543922424,0.9986670613288879,0.5556327104568481,0.4770643413066864,-0.2877960503101349,0.996375322341919,0.4132798910140991,0.478657990694046,-0.2877495586872101,0.99729984998703,0.5546684861183167,0.4737623929977417,-0.31645268201828003,0.9970113635063171,0.41645506024360657,0.4791732132434845,-0.31492385268211365,0.9977522492408752,0.5508944392204285,0.4645474851131439,-0.2683189809322357,0.9953290224075317,0.4213714003562927,0.47154733538627625,-0.2672969102859497,0.996301531791687,0.509520411491394,0.4493729770183563,0.004964804742485285,0.999983549118042,0.45872965455055237,0.4521789252758026,-0.005153624806553125,0.9999829530715942,0.5174698829650879,0.5848131775856018,-0.19994372129440308,0.9903351664543152,0.4585563540458679,0.5904037952423096,-0.21229533851146698,0.9866612553596497,0.5192307829856873,0.7519732713699341,-0.07505185157060623,0.9892638325691223,0.4612027406692505,0.7522777318954468,-0.1041000559926033,0.9883166551589966,0.5138798356056213,0.7790712118148804,-0.06996187567710876,0.9112985134124756,0.4647079408168793,0.7731552124023438,-0.09903258830308914,0.8677870631217957,0.5343776941299438,0.7898906469345093,-0.1906793713569641,0.9917154908180237,0.45338132977485657,0.7931055426597595,-0.22172380983829498,0.9883277416229248
0.4826093316078186,0.1709313988685608,-0.3277914226055145,0.9999935030937195,0.4883277118206024,0.15419542789459229,-0.3126317858695984,0.9999786019325256,0.49162352085113525,0.15408067405223846,-0.31283751130104065,0.9999760985374451,0.49564945697784424,0.153953418135643,-0.3128102421760559,0.9999819993972778,0.4777502715587616,0.15326309204101562,-0.31359368562698364,0.9999882578849792,0.47460585832595825,0.15288271009922028,-0.3138390779495239,0.9999903440475464,0.471390038728714,0.15206079185009003,-0.3139340579509735,0.9999918937683105,0.4991607666015625,0.15630953013896942,-0.21251392364501953,0.9999790787696838,0.46696120500564575,0.1555711179971695,-0.21595732867717743,0.9999697804450989,0.4895128309726715,0.18565694987773895,-0.2876642346382141,0.9999939799308777,0.4778241217136383,0.18457026779651642,-0.29014748334884644,0.9999948740005493,0.5300469994544983,0.2611117362976074,-0.1371152102947235,0.999996542930603,0.43824440240859985,0.2604421079158783,-0.1412588506937027,0.9999948143959045,0.5416116118431091,0.3665465712547302,-0.14597156643867493,0.9970374703407288,0.42537763714790344,0.3689916431903839,-0.15036149322986603,0.9971380233764648,0.5522229075431824,0.4509034752845764,-0.2731413245201111,0.9981348514556885,0.4185945391654968,0.4548501968383789,-0.2593098282814026,0.9987255930900574,0.5556440949440002,0.4805213212966919,-0.3070444166660309,0.9964345693588257,0.41327884793281555,0.4823656976222992,-0.29336118698120117,0.997409462928772,0.5553486347198486,0.47723913192749023,-0.335367888212204,0.9970541000366211,0.41645458340644836,0.48287031054496765,-0.3204914927482605,0.9978424310684204,0.5519729256629944,0.46694764494895935,-0.28659915924072266,0.9953915476799011,0.42138585448265076,0.47477439045906067,-0.2731611132621765,0.9964335560798645,0.5094844102859497,0.45095017552375793,0.004985930863767862,0.9999836087226868,0.45854634046554565,0.4540381133556366,-0.0051724715158343315,0.9999830722808838,0.5177236199378967,0.5845474600791931,-0.199330672621727,0.9910274147987366,0.45773759484291077,0.5899546146392822,-0.21414825320243835,0.9876169562339783,0.5192152261734009,0.751937985420227,-0.07330895960330963,0.9895310401916504,0.46109840273857117,0.7520110011100769,-0.10283364355564117,0.9887674450874329,0.5137929320335388,0.779173731803894,-0.06807909160852432,0.9153806567192078,0.46470361948013306,0.7729020118713379,-0.09738180786371231,0.8726071715354919,0.5340964198112488,0.7898863554000854,-0.18837453424930573,0.991900622844696,0.453341543674469,0.7930957078933716,-0.2192077934741974,0.988715410232544
0.48304498195648193,0.17280583083629608,-0.3382919430732727,0.9999932646751404,0.48862960934638977,0.15524984896183014,-0.3232532739639282,0.9999779462814331,0.49211814999580383,0.15504004061222076,-0.3234623670578003,0.9999752640724182,0.49610620737075806,0.15494029223918915,-0.3234412372112274,0.9999815225601196,0.4778834283351898,0.15420450270175934,-0.3239412307739258,0.9999879598617554,0.4746648073196411,0.15394362807273865,-0.32418903708457947,0.9999900460243225,0.47150638699531555,0.15354183316230774,-0.3242878019809723,0.9999917149543762,0.4996144473552704,0.1572137475013733,-0.22337712347507477,0.9999781250953674,0.46701493859291077,0.15746517479419708,-0.22550749778747559,0.9999687075614929,0.4900473356246948,0.18788041174411774,-0.29818424582481384,0.9999938011169434,0.47794392704963684,0.18624672293663025,-0.3003023862838745,0.9999947547912598,0.530362069606781,0.26510825753211975,-0.14699016511440277,0.9999964833259583,0.43787136673927307,0.2640780806541443,-0.14735206961631775,0.999994695186615,0.5418303608894348,0.37103405594825745,-0.1477983444929123,0.9971058964729309,0.425295889377594,0.37297743558883667,-0.1471593976020813,0.9971866607666016,0.552621603012085,0.45804473757743835,-0.2647727429866791,0.9981303215026855,0.4185958504676819,0.4618338346481323,-0.2467193454504013,0.9987162351608276,0.5558976531028748,0.4880121946334839,-0.2966667711734772,0.9964319467544556,0.413199245929718,0.4884548485279083,-0.27701205015182495,0.9973800182342529,0.5556856393814087,0.48432978987693787,-0.3249838054180145,0.9970443248748779,0.4164222776889801,0.4898086488246918,-0.305026650428772,0.9978150725364685,0.5524289608001709,0.47407835721969604,-0.2778688371181488,0.9953877329826355,0.42139098048210144,0.48181796073913574,-0.2603216767311096,0.9963825345039368,0.5094785690307617,0.45339733362197876,0.0049970424734056,0.9999838471412659,0.45834147930145264,0.4562501609325409,-0.005182416643947363,0.9999832510948181,0.5180012583732605,0.5843377709388733,-0.19971658289432526,0.9916735887527466,0.4568254351615906,0.5901085734367371,-0.2133295238018036,0.988507866859436,0.5191662311553955,0.751929521560669,-0.0717722550034523,0.9898557066917419,0.4609743356704712,0.7520039677619934,-0.10240889340639114,0.9892874956130981,0.5135274529457092,0.7792444229125977,-0.06625060737133026,0.9195175766944885,0.4646885097026825,0.7729032635688782,-0.09690224379301071,0.8780322670936584,0.5338584184646606,0.7898880243301392,-0.18626625835895538,0.9921107292175293,0.4532490670681,0.7931011915206909,-0.21885466575622559,0.9891550540924072
0.4834432303905487,0.17593419551849365,-0.3486534357070923,0.9999931454658508,0.48887449502944946,0.15768428146839142,-0.3335639536380768,0.9999776482582092,0.49248382449150085,0.15751194953918457,-0.3337740898132324,0.9999748468399048,0.49640464782714844,0.1574917733669281,-0.33375492691993713,0.9999814033508301,0.4780115485191345,0.1562008112668991,-0.33440127968788147,0.9999878406524658,0.4747220575809479,0.15592585504055023,-0.33465129137039185,0.999989926815033,0.4716028571128845,0.15582135319709778,-0.3347528278827667,0.9999917149543762,0.4997653663158417,0.16023188829421997,-0.23303981125354767,0.9999775886535645,0.4670356810092926,0.16021069884300232,-0.23593328893184662,0.9999681711196899,0.49040138721466064,0.1911841779947281,-0.30822038650512695,0.9999936819076538,0.4780544936656952,0.18940149247646332,-0.3105640113353729,0.999994695186615,0.5306807160377502,0.2692990303039551,-0.15485885739326477,0.9999964833259583,0.43731626868247986,0.2680654525756836,-0.1549384444952011,0.9999946355819702,0.5422220230102539,0.37741297483444214,-0.14862118661403656,0.9971979260444641,0.42512246966362,0.3764992356300354,-0.1485668271780014,0.9972376227378845,0.5527387857437134,0.46439310908317566,-0.25852087140083313,0.9981284737586975,0.4185505211353302,0.46751639246940613,-0.2407015711069107,0.9986926317214966,0.5559578537940979,0.49340030550956726,-0.289533793926239,0.9964194893836975,0.41297081112861633,0.49399781227111816,-0.27005377411842346,0.9973096251487732,0.5556798577308655,0.4900805950164795,-0.3179181218147278,0.997025191783905,0.4164164960384369,0.49507609009742737,-0.2980060875415802,0.9977516531944275,0.5523949861526489,0.4804582893848419,-0.27146488428115845,0.9953715801239014,0.4214479327201843,0.48690834641456604,-0.25409409403800964,0.9962752461433411,0.5094684362411499,0.4554136395454407,0.005009017419070005,0.9999842643737793,0.4582042396068573,0.4580102860927582,-0.0051929885521531105,0.9999836087226868,0.5183801651000977,0.5844079256057739,-0.19908814132213593,0.9922904372215271,0.4559568464756012,0.5901922583580017,-0.21819257736206055,0.9893576502799988,0.5191041827201843,0.7517292499542236,-0.06697634607553482,0.990227222442627,0.4608444273471832,0.7520151734352112,-0.10428877919912338,0.9898396134376526,0.513378381729126,0.7790965437889099,-0.061107076704502106,0.923663318157196,0.4646827280521393,0.7729744911193848,-0.09845615178346634,0.8838968873023987,0.5334631204605103,0.7898891568183899,-0.18020115792751312,0.9923519492149353,0.4528254568576813,0.7931274175643921,-0.22016872465610504,0.989638090133667
0.4834277033805847,0.17752505838871002,-0.3534673750400543,0.999993085861206,0.4888889491558075,0.15901969373226166,-0.3385871946811676,0.9999775290489197,0.4924691617488861,0.15883055329322815,-0.33879736065864563,0.9999746084213257,0.4964078366756439,0.15886163711547852,-0.33877962827682495,0.9999813437461853,0.4779978096485138,0.15762771666049957,-0.3390645682811737,0.999987781047821,0.4747108519077301,0.1574418842792511,-0.3393169641494751,0.9999898672103882,0.47159916162490845,0.1573612093925476,-0.3394196927547455,0.9999917149543762,0.49984031915664673,0.16160696744918823,-0.23808524012565613,0.9999773502349854,0.4670551121234894,0.16161079704761505,-0.23933427035808563,0.9999678134918213,0.49039512872695923,0.1928388923406601,-0.3129637837409973,0.9999936819076538,0.47802260518074036,0.1908332109451294,-0.31481876969337463,0.999994695186615,0.5308855772018433,0.27084457874298096,-0.15809661149978638,0.9999964833259583,0.43716540932655334,0.26908597350120544,-0.1574103832244873,0.9999945759773254,0.542449414730072,0.378450483083725,-0.15022887289524078,0.9972981214523315,0.4250888526439667,0.376955509185791,-0.1518488973379135,0.9973036050796509,0.5530303120613098,0.46562495827674866,-0.25703027844429016,0.9981437921524048,0.41852813959121704,0.46888577938079834,-0.2411043345928192,0.9986830949783325,0.5560556054115295,0.4946691393852234,-0.2875955402851105,0.9964390993118286,0.4128381609916687,0.49534302949905396,-0.2711687684059143,0.9972727298736572,0.555733323097229,0.49139630794525146,-0.3161350190639496,0.9970328211784363,0.41641542315483093,0.4963330328464508,-0.2988424301147461,0.9977158308029175,0.5525304079055786,0.4817582368850708,-0.2699163556098938,0.9953944087028503,0.4215176999568939,0.4881255030632019,-0.2542773187160492,0.9962125420570374,0.5094515681266785,0.4559730291366577,0.004983229096978903,0.9999846816062927,0.458064466714859,0.45855942368507385,-0.005166202317923307,0.9999840259552002,0.5185908675193787,0.5843907594680786,-0.20502707362174988,0.9928886294364929,0.455577552318573,0.5901490449905396,-0.22231534123420715,0.9901620745658875,0.5189946293830872,0.7516016364097595,-0.07569944858551025,0.9906937479972839,0.4608076810836792,0.7521781921386719,-0.1121542826294899,0.9904069304466248,0.5130760669708252,0.7790907025337219,-0.07010352611541748,0.9282112717628479,0.4647882580757141,0.773532509803772,-0.10683870315551758,0.8901296257972717,0.533425509929657,0.7900558114051819,-0.19061817228794098,0.9926704168319702,0.4519130289554596,0.7930847406387329,-0.2299242615699768,0.9901509284973145
0.4835672676563263,0.18135783076286316,-0.36003124713897705,0.999993085861206,0.48901569843292236,0.16283103823661804,-0.34437716007232666,0.9999776482582092,0.4926568567752838,0.16250810027122498,-0.34458622336387634,0.9999746680259705,0.4965612292289734,0.16237391531467438,-0.3445681035518646,0.9999814629554749,0.47806984186172485,0.16162925958633423,-0.3450140058994293,0.9999879002571106,0.4747566878795624,0.16127929091453552,-0.34525924921035767,0.9999898672103882,0.4716501533985138,0.1613623946905136,-0.3453577756881714,0.999991774559021,0.49989578127861023,0.16540193557739258,-0.24122637510299683,0.9999772310256958,0.4670577645301819,0.16598358750343323,-0.24314603209495544,0.9999675750732422,0.49053725600242615,0.1970067173242569,-0.31863194704055786,0.9999936819076538,0.4780367612838745,0.195484459400177,-0.3206806480884552,0.999994695186615,0.5312157869338989,0.274281769990921,-0.16160497069358826,0.9999964237213135,0.4370177686214447,0.2731803357601166,-0.16069558262825012,0.9999944567680359,0.542700469493866,0.3836491107940674,-0.16160297393798828,0.9973978400230408,0.4248751401901245,0.3824416697025299,-0.16294169425964355,0.9973497986793518,0.5530245900154114,0.4718395471572876,-0.2756824791431427,0.9981820583343506,0.4182404577732086,0.4741634130477905,-0.26012441515922546,0.9986696243286133,0.5562212467193604,0.49878767132759094,-0.3078078627586365,0.9965125918388367,0.4123912453651428,0.5009280443191528,-0.29166069626808167,0.9972386360168457,0.5557339787483215,0.4964122176170349,-0.33587220311164856,0.997086763381958,0.41625678539276123,0.5011516213417053,-0.3193087577819824,0.9976813197135925,0.5525110960006714,0.48796048760414124,-0.2885674238204956,0.9954798817634583,0.42151859402656555,0.4926646947860718,-0.2736886441707611,0.9961487054824829,0.5094119906425476,0.4586062729358673,0.004811306484043598,0.9999849200248718,0.4579726755619049,0.4608668088912964,-0.004990278743207455,0.9999842047691345,0.5187740325927734,0.5843106508255005,-0.22022682428359985,0.9934335947036743,0.4547027349472046,0.5901661515235901,-0.23254582285881042,0.9908538460731506,0.5188494324684143,0.7515034079551697,-0.0888453796505928,0.9911491870880127,0.4607712924480438,0.752170741558075,-0.11586808413267136,0.9908915758132935,0.5127997994422913,0.7791205644607544,-0.08322498947381973,0.9327549934387207,0.4648747444152832,0.7736353874206543,-0.11009789258241653,0.89613938331604,0.5335743427276611,0.790328323841095,-0.20528189837932587,0.9929696917533875,0.4509751498699188,0.7928388714790344,-0.23349638283252716,0.9905624985694885
0.48360100388526917,0.18498893082141876,-0.38087624311447144,0.999993085861206,0.48904237151145935,0.1665540635585785,-0.3644556403160095,0.9999778866767883,0.4926716983318329,0.16619648039340973,-0.3646673262119293,0.99997478723526,0.4965744912624359,0.16595114767551422,-0.36464717984199524,0.9999816417694092,0.4780734181404114,0.16557718813419342,-0.36531344056129456,0.9999880790710449,0.4747573137283325,0.16516679525375366,-0.36556071043014526,0.9999899864196777,0.4716480076313019,0.16527864336967468,-0.3656635582447052,0.9999918937683105,0.49989524483680725,0.16903544962406158,-0.25673532485961914,0.999977171421051,0.4670388400554657,0.17038609087467194,-0.25972068309783936,0.9999678134918213,0.49060964584350586,0.20061995089054108,-0.3376989960670471,0.9999936819076538,0.478036105632782,0.19958215951919556,-0.3400292992591858,0.9999947547912598,0.5314769148826599,0.2783132791519165,-0.1706191748380661,0.9999963045120239,0.43680259585380554,0.2771173119544983,-0.17326243221759796,0.9999943971633911,0.5428401231765747,0.3874721825122833,-0.16357596218585968,0.9974316954612732,0.4248257279396057,0.3886673152446747,-0.17860332131385803,0.9974184632301331,0.5530354976654053,0.47916221618652344,-0.27145612239837646,0.9981482625007629,0.41810935735702515,0.48021331429481506,-0.2808985710144043,0.9986637234687805,0.5562202334403992,0.5062034726142883,-0.3022872507572174,0.9964481592178345,0.41219499707221985,0.506787121295929,-0.31385526061058044,0.9972175359725952,0.5557489395141602,0.5028699040412903,-0.33106333017349243,0.9970183372497559,0.41592952609062195,0.507781982421875,-0.34122759103775024,0.9976555109024048,0.5525016188621521,0.4941076636314392,-0.28443214297294617,0.9953916072845459,0.42143598198890686,0.4989612102508545,-0.2944498360157013,0.9960893988609314,0.5094178915023804,0.46006280183792114,0.0046561481431126595,0.9999853372573853,0.4579480290412903,0.46210741996765137,-0.004831492900848389,0.9999845623970032,0.5191100239753723,0.5844963788986206,-0.23770207166671753,0.9939338564872742,0.45402780175209045,0.5902307629585266,-0.25136545300483704,0.9914801120758057,0.5185905694961548,0.7514457702636719,-0.09954123944044113,0.9915671348571777,0.4606305956840515,0.7521762847900391,-0.12546585500240326,0.9913428425788879,0.5123880505561829,0.7793493270874023,-0.09353117644786835,0.937020480632782,0.465053915977478,0.7741520404815674,-0.11898677796125412,0.9020525217056274,0.533633291721344,0.7904562950134277,-0.21904000639915466,0.9932554364204407,0.449646532535553,0.792643129825592,-0.24493011832237244,0.9909619688987732
0.48396819829940796,0.1907394975423813,-0.3804059624671936,0.999992847442627,0.48936450481414795,0.17308881878852844,-0.36323830485343933,0.9999773502349854,0.49321869015693665,0.1725132316350937,-0.3634503185749054,0.9999741315841675,0.49685195088386536,0.1721479296684265,-0.36343246698379517,0.9999812841415405,0.47826719284057617,0.1718709021806717,-0.36461538076400757,0.9999878406524658,0.4749135673046112,0.17128321528434753,-0.36485573649406433,0.9999897480010986,0.4717164635658264,0.1708829700946808,-0.3649584650993347,0.9999917149543762,0.5000133514404297,0.1744498312473297,-0.25357916951179504,0.9999765157699585,0.4670425057411194,0.17601513862609863,-0.2588890492916107,0.9999666213989258,0.49073395133018494,0.2063092142343521,-0.3365892171859741,0.9999935626983643,0.47827139496803284,0.20512987673282623,-0.3396194875240326,0.9999946355819702,0.5316510200500488,0.2842113971710205,-0.16724011301994324,0.9999962449073792,0.43633195757865906,0.2835826277732849,-0.17203138768672943,0.999994158744812,0.542973518371582,0.3940708041191101,-0.15745393931865692,0.9974929094314575,0.4247688949108124,0.39707425236701965,-0.17844901978969574,0.9973887205123901,0.5530856251716614,0.4854784309864044,-0.26663005352020264,0.9981743693351746,0.41801613569259644,0.49102234840393066,-0.28035178780555725,0.9985738396644592,0.5563271045684814,0.5136090517044067,-0.2984112799167633,0.9964764714241028,0.4120287597179413,0.5160385370254517,-0.3131246864795685,0.9970256090164185,0.5558321475982666,0.510407567024231,-0.32686546444892883,0.9970332384109497,0.4153992533683777,0.5170563459396362,-0.34071511030197144,0.9974830746650696,0.5525272488594055,0.5007646083831787,-0.27977055311203003,0.9954159259796143,0.4211369454860687,0.5085742473602295,-0.2939877510070801,0.9957877993583679,0.509337306022644,0.4624543786048889,0.004647114314138889,0.9999856948852539,0.45775848627090454,0.46461015939712524,-0.004822013899683952,0.9999847412109375,0.5191397666931152,0.5855721831321716,-0.24898430705070496,0.9943693280220032,0.45303070545196533,0.5900598168373108,-0.2658310532569885,0.992016077041626,0.51838219165802,0.7514427304267883,-0.10551521927118301,0.9918807148933411,0.4603734314441681,0.752175509929657,-0.13288193941116333,0.9916793704032898,0.5121367573738098,0.7797677516937256,-0.09899093210697174,0.9404745101928711,0.46503642201423645,0.7744107246398926,-0.12568016350269318,0.9068887233734131,0.5336371064186096,0.7904669642448425,-0.22640664875507355,0.9934521913528442,0.4493182897567749,0.7926208972930908,-0.2528289258480072,0.9912333488464355
0.4840094745159149,0.196152001619339,-0.3773946762084961,0.9999929070472717,0.4894663691520691,0.17843955755233765,-0.3605160117149353,0.9999776482582092,0.4933956563472748,0.17777803540229797,-0.3607216477394104,0.9999744296073914,0.4969503581523895,0.17730727791786194,-0.3607051968574524,0.9999816417694092,0.47827836871147156,0.17725537717342377,-0.36198121309280396,0.9999880194664001,0.47491365671157837,0.17659708857536316,-0.36222076416015625,0.999989926815033,0.4717056155204773,0.1759207546710968,-0.36232149600982666,0.9999918341636658,0.5000444054603577,0.17965500056743622,-0.25240975618362427,0.9999767541885376,0.46702900528907776,0.181378573179245,-0.25825896859169006,0.9999667406082153,0.49077853560447693,0.21183553338050842,-0.33418530225753784,0.9999936819076538,0.47827741503715515,0.21061696112155914,-0.3373233377933502,0.999994695186615,0.531999409198761,0.2895146608352661,-0.16556532680988312,0.9999963045120239,0.4360232353210449,0.28868111968040466,-0.1721644401550293,0.9999940395355225,0.5433019399642944,0.40019527077674866,-0.1543584167957306,0.9976206421852112,0.42467790842056274,0.40363067388534546,-0.17991428077220917,0.9974275231361389,0.5532110333442688,0.4908035397529602,-0.2512802481651306,0.9982724785804749,0.41794130206108093,0.49679067730903625,-0.28004392981529236,0.9985439777374268,0.5563845038414001,0.5196351408958435,-0.27933651208877563,0.9966496825218201,0.41162797808647156,0.5219995975494385,-0.31199079751968384,0.9969695806503296,0.5558326840400696,0.516608715057373,-0.30838918685913086,0.9971739649772644,0.4149671196937561,0.523246169090271,-0.3392420709133148,0.9974276423454285,0.552538275718689,0.5067359209060669,-0.26392051577568054,0.9956361651420593,0.4210564196109772,0.5148590207099915,-0.2934204638004303,0.995686948299408,0.5093038082122803,0.46430259943008423,0.004764267709106207,0.9999860525131226,0.4576762616634369,0.46554866433143616,-0.0049384287558496,0.9999849200248718,0.5191337466239929,0.5854858756065369,-0.26143738627433777,0.9948040246963501,0.4519800543785095,0.5885641574859619,-0.2780683934688568,0.9925801753997803,0.5182705521583557,0.7514452338218689,-0.1343706101179123,0.992303729057312,0.46023139357566833,0.7521767616271973,-0.16267171502113342,0.9921237826347351,0.5117904543876648,0.7800135612487793,-0.1296021193265915,0.9444887638092041,0.4650362730026245,0.7746642231941223,-0.1573689877986908,0.9126230478286743,0.5336421728134155,0.7904706597328186,-0.2593283951282501,0.9937805533409119,0.4489429295063019,0.7926023006439209,-0.2868235409259796,0.9916731715202332
0.48393136262893677,0.19884848594665527,-0.39272621273994446,0.9999932050704956,0.4894315004348755,0.1807171106338501,-0.3761344850063324,0.9999787211418152,0.4933362901210785,0.18013964593410492,-0.37633511424064636,0.9999755620956421,0.4969414174556732,0.1796911656856537,-0.3763188421726227,0.9999825358390808,0.47802773118019104,0.17953789234161377,-0.37693920731544495,0.9999886155128479,0.47449731826782227,0.1788301020860672,-0.3771780729293823,0.9999904036521912,0.47127294540405273,0.1784217655658722,-0.37727707624435425,0.9999921917915344,0.5000380277633667,0.1820717751979828,-0.26726648211479187,0.9999777674674988,0.4667983055114746,0.1841305047273636,-0.270155131816864,0.9999679923057556,0.49076858162879944,0.21430958807468414,-0.34913840889930725,0.9999939799308777,0.47813254594802856,0.21342039108276367,-0.3513849675655365,0.9999949336051941,0.532304048538208,0.29111215472221375,-0.1769331395626068,0.9999964237213135,0.43585115671157837,0.28992533683776855,-0.17933377623558044,0.9999940991401672,0.5434888601303101,0.40171167254447937,-0.15724129974842072,0.9977381825447083,0.42451709508895874,0.4051394462585449,-0.1828133761882782,0.9974417090415955,0.5532094240188599,0.4922553598880768,-0.25121867656707764,0.9983623623847961,0.41773098707199097,0.49884921312332153,-0.2817569673061371,0.9985021948814392,0.5563698410987854,0.521530032157898,-0.27920404076576233,0.9968067407608032,0.41113007068634033,0.5235306620597839,-0.31350934505462646,0.9968825578689575,0.5558338165283203,0.5181155204772949,-0.3084006905555725,0.9973026514053345,0.41431477665901184,0.5249595642089844,-0.34116801619529724,0.9973501563072205,0.552559494972229,0.5081242322921753,-0.2638349235057831,0.9958373308181763,0.4207357168197632,0.516875684261322,-0.29530176520347595,0.995557963848114,0.5093003511428833,0.46416008472442627,0.00472412770614028,0.9999862909317017,0.45767542719841003,0.4651762843132019,-0.004898556042462587,0.9999850392341614,0.519135057926178,0.5855686664581299,-0.2613482177257538,0.9951611757278442,0.45146405696868896,0.5877878069877625,-0.2737991511821747,0.9930222034454346,0.5182517766952515,0.7514792084693909,-0.1284414678812027,0.992483913898468,0.4600146412849426,0.7519103288650513,-0.15092836320400238,0.9923627376556396,0.5117891430854797,0.7801896333694458,-0.12290903925895691,0.9470482468605042,0.464697003364563,0.7745958566665649,-0.14476622641086578,0.9162847399711609,0.5326508283615112,0.790795624256134,-0.25280246138572693,0.9939329624176025,0.4490499794483185,0.7921806573867798,-0.27418628334999084,0.991905927658081
0.4836130738258362,0.20456036925315857,-0.40599435567855835,0.999993622303009,0.48936542868614197,0.18591712415218353,-0.3896294832229614,0.9999801516532898,0.493219792842865,0.1854451596736908,-0.38983404636383057,0.9999771118164062,0.4968876242637634,0.18487830460071564,-0.38981884717941284,0.9999837279319763,0.4777761697769165,0.18511834740638733,-0.3907347619533539,0.99998939037323,0.4742334485054016,0.18436016142368317,-0.3909775912761688,0.9999910593032837,0.4709596633911133,0.18369261920452118,-0.3910762369632721,0.9999927282333374,0.5000179409980774,0.18665063381195068,-0.2804153263568878,0.9999791979789734,0.4667190909385681,0.18880760669708252,-0.28480154275894165,0.9999698996543884,0.4904938042163849,0.2197091281414032,-0.3621762990951538,0.9999943375587463,0.47781944274902344,0.21936596930027008,-0.3648233413696289,0.9999952912330627,0.5323650240898132,0.2964828908443451,-0.18475444614887238,0.999996542930603,0.43557462096214294,0.29546666145324707,-0.19364571571350098,0.9999942779541016,0.5437697768211365,0.4075232148170471,-0.15924836695194244,0.9978758096694946,0.42433035373687744,0.4118093252182007,-0.20093737542629242,0.9975354671478271,0.5532052516937256,0.4983673691749573,-0.2484452873468399,0.998470664024353,0.4174463152885437,0.5039239525794983,-0.3014968931674957,0.9985315799713135,0.5564401745796204,0.5284292697906494,-0.274910032749176,0.9970017671585083,0.4105098843574524,0.5301936268806458,-0.3337385952472687,0.9969410300254822,0.555834174156189,0.524781346321106,-0.30497100949287415,0.9974628686904907,0.4140360653400421,0.5314362645149231,-0.3616738021373749,0.9973950386047363,0.5525546669960022,0.5151059031486511,-0.2611371874809265,0.9960892200469971,0.4206736981868744,0.5237202048301697,-0.3150772154331207,0.9956229329109192,0.5092974305152893,0.4643164277076721,0.005034663248807192,0.9999867081642151,0.4576782286167145,0.46529069542884827,-0.005215550772845745,0.99998539686203,0.519415020942688,0.5856001377105713,-0.26623743772506714,0.9955011606216431,0.4505074918270111,0.586004912853241,-0.28785642981529236,0.9934706091880798,0.5181690454483032,0.752136766910553,-0.149675190448761,0.992817759513855,0.45987218618392944,0.7519925832748413,-0.18060435354709625,0.9927189946174622,0.5114781856536865,0.7809428572654724,-0.14622187614440918,0.950542688369751,0.4646206200122833,0.7757336497306824,-0.17633892595767975,0.9213396310806274,0.5326581597328186,0.7909541130065918,-0.2786319851875305,0.9942302107810974,0.448057621717453,0.7921735048294067,-0.30785495042800903,0.9923021793365479
0.4834385812282562,0.21029196679592133,-0.41113710403442383,0.9999936819076538,0.4893132746219635,0.19168846309185028,-0.3946039080619812,0.9999805092811584,0.49309396743774414,0.19123703241348267,-0.39481040835380554,0.9999774098396301,0.4968053698539734,0.1907614767551422,-0.3947950005531311,0.999984085559845,0.4775773584842682,0.19087384641170502,-0.39577576518058777,0.9999896287918091,0.47398847341537476,0.19014862179756165,-0.39601656794548035,0.9999911785125732,0.470610111951828,0.18943975865840912,-0.39612558484077454,0.999992847442627,0.5000101327896118,0.1923634111881256,-0.28485915064811707,0.9999793767929077,0.46656930446624756,0.19397439062595367,-0.2895284593105316,0.9999700784683228,0.4902186989784241,0.22524376213550568,-0.3671151399612427,0.9999944567680359,0.47741249203681946,0.22537200152873993,-0.36985448002815247,0.9999953508377075,0.5323939919471741,0.30202916264533997,-0.18873248994350433,0.999996542930603,0.4350997805595398,0.30122941732406616,-0.1967332363128662,0.9999940991401672,0.5438598394393921,0.412648469209671,-0.15715143084526062,0.9979149103164673,0.42400503158569336,0.4175083637237549,-0.19758976995944977,0.9974233508110046,0.5532158017158508,0.5063449144363403,-0.2337103635072708,0.9984966516494751,0.41710034012794495,0.5105002522468567,-0.2898819148540497,0.998348593711853,0.5565364956855774,0.5361135601997375,-0.25782424211502075,0.9970159530639648,0.4100952446460724,0.5375609993934631,-0.32123225927352905,0.9965265989303589,0.555828332901001,0.5329068899154663,-0.2879575490951538,0.9974666237831116,0.4139789342880249,0.5382770895957947,-0.3489292860031128,0.9970287084579468,0.5525346398353577,0.5234821438789368,-0.24608731269836426,0.9961111545562744,0.42065465450286865,0.5308977365493774,-0.30330705642700195,0.9950349926948547,0.5092634558677673,0.46547847986221313,0.005098828114569187,0.9999870657920837,0.457677960395813,0.46623292565345764,-0.005280598532408476,0.9999856948852539,0.5203253030776978,0.5874650478363037,-0.254772812128067,0.9957373142242432,0.44952020049095154,0.5860395431518555,-0.2800561785697937,0.993751049041748,0.5180951952934265,0.7521601915359497,-0.12435247004032135,0.9929249882698059,0.4596192240715027,0.7521013617515564,-0.15634390711784363,0.9928967356681824,0.5114827752113342,0.7804223895072937,-0.12011204659938812,0.952412486076355,0.46444156765937805,0.7761890292167664,-0.15043558180332184,0.9243974685668945,0.5319935083389282,0.7914283871650696,-0.24790354073047638,0.9942836761474609,0.4477323889732361,0.7922499179840088,-0.27987948060035706,0.9924401640892029
0.48343202471733093,0.21743083000183105,-0.4122435450553894,0.9999940395355225,0.4892815351486206,0.19863972067832947,-0.3957550823688507,0.9999817609786987,0.4930056929588318,0.19784580171108246,-0.3959593176841736,0.9999788403511047,0.4967215955257416,0.1972510814666748,-0.39594829082489014,0.9999851584434509,0.4775781035423279,0.19899676740169525,-0.39763009548187256,0.9999902844429016,0.4739912152290344,0.19846218824386597,-0.39786165952682495,0.9999917149543762,0.4706045091152191,0.19787414371967316,-0.3979611098766327,0.9999932646751404,0.5000147819519043,0.1995437890291214,-0.28624045848846436,0.999980628490448,0.46648696064949036,0.20168206095695496,-0.2939639985561371,0.9999714493751526,0.4901982545852661,0.23150098323822021,-0.36815768480300903,0.9999948143959045,0.47730132937431335,0.23333917558193207,-0.3717670440673828,0.9999955892562866,0.5323959589004517,0.3082011640071869,-0.18945905566215515,0.9999966621398926,0.43486276268959045,0.3070697784423828,-0.2004777044057846,0.9999939799308777,0.5438880324363708,0.41867101192474365,-0.15468411147594452,0.9980161786079407,0.4236002266407013,0.4243796169757843,-0.19962041079998016,0.9973583817481995,0.5532991290092468,0.5152542591094971,-0.22149719297885895,0.998591423034668,0.41672414541244507,0.5194954872131348,-0.2849180996417999,0.9981288909912109,0.5566075444221497,0.5431987643241882,-0.244674950838089,0.9971799850463867,0.40976399183273315,0.5464184284210205,-0.31638190150260925,0.9960341453552246,0.5558295845985413,0.540450394153595,-0.2748964726924896,0.9976024627685547,0.4137846827507019,0.5470391511917114,-0.34402960538864136,0.9965925812721252,0.5525417327880859,0.5310752391815186,-0.23376789689064026,0.9963244199752808,0.42037448287010193,0.5389192700386047,-0.2982873320579529,0.9943587183952332,0.5092357993125916,0.46555522084236145,0.00516725005581975,0.9999872446060181,0.45767608284950256,0.46699297428131104,-0.0053501431830227375,0.9999855160713196,0.5213316082954407,0.5822024941444397,-0.2654150128364563,0.9959879517555237,0.448522686958313,0.5871077179908752,-0.2794640362262726,0.9939978122711182,0.5180748105049133,0.7522290945053101,-0.14596310257911682,0.9931449294090271,0.4595378041267395,0.7521517276763916,-0.15663178265094757,0.9930105805397034,0.5114850401878357,0.7803053855895996,-0.14207115769386292,0.954954206943512,0.46444371342658997,0.7770235538482666,-0.15055140852928162,0.9275438785552979,0.5319746732711792,0.7912839651107788,-0.2739604115486145,0.9944508075714111,0.44607260823249817,0.7922692894935608,-0.2786528468132019,0.9925485849380493
0.4827803075313568,0.2228650003671646,-0.4249798655509949,0.9999944567680359,0.48888352513313293,0.2043885886669159,-0.4087701141834259,0.9999830722808838,0.4925287365913391,0.20379333198070526,-0.40897125005722046,0.9999802708625793,0.49622827768325806,0.2034047544002533,-0.40895479917526245,0.9999862313270569,0.47722747921943665,0.20471389591693878,-0.41011378169059753,0.9999909996986389,0.4736158549785614,0.20410415530204773,-0.410346120595932,0.9999922513961792,0.47022512555122375,0.20347709953784943,-0.4104442000389099,0.9999937415122986,0.49999111890792847,0.20598676800727844,-0.2993563711643219,0.9999818801879883,0.46636706590652466,0.20655064284801483,-0.30487924814224243,0.9999731183052063,0.4894148111343384,0.23755961656570435,-0.38089457154273987,0.9999951720237732,0.476672500371933,0.23865827918052673,-0.38385456800460815,0.9999958872795105,0.5323878526687622,0.3131055533885956,-0.20000199973583221,0.9999968409538269,0.43460962176322937,0.3115299642086029,-0.21009622514247894,0.9999940991401672,0.5440083146095276,0.42351728677749634,-0.1626167893409729,0.9981169700622559,0.4233163297176361,0.42879506945610046,-0.20840266346931458,0.9973342418670654,0.5534161925315857,0.5214235782623291,-0.23105554282665253,0.9986746907234192,0.41643890738487244,0.5264415144920349,-0.28907492756843567,0.9979368448257446,0.5566567182540894,0.5511203408241272,-0.257036417722702,0.9973122477531433,0.40961119532585144,0.5538502335548401,-0.3192674517631531,0.9954999685287476,0.5557634234428406,0.5477206707000732,-0.2868040204048157,0.9977109432220459,0.4134693443775177,0.5548193454742432,-0.34655269980430603,0.9961204528808594,0.5525342226028442,0.5372150540351868,-0.24367356300354004,0.996491014957428,0.41966354846954346,0.5462737083435059,-0.3020077347755432,0.9936123490333557,0.5088834166526794,0.4658753275871277,0.005276211071759462,0.999987781047821,0.45752084255218506,0.46749842166900635,-0.005462608765810728,0.9999859929084778,0.522223711013794,0.581982433795929,-0.2629726529121399,0.996150016784668,0.4480515420436859,0.5875132083892822,-0.28283849358558655,0.9941613674163818,0.5180045366287231,0.752121090888977,-0.13111944496631622,0.9931623339653015,0.45950084924697876,0.7521536946296692,-0.1532544195652008,0.9931023120880127,0.5113297700881958,0.7797725200653076,-0.12616394460201263,0.9562169313430786,0.46445465087890625,0.7775248289108276,-0.14672328531742096,0.9296731948852539,0.5319032073020935,0.7912444472312927,-0.25848329067230225,0.994462251663208,0.44551095366477966,0.7922201752662659,-0.27788636088371277,0.9926233887672424
0.4827162027359009,0.22454099357128143,-0.43112581968307495,0.9999948143959045,0.48884958028793335,0.20609384775161743,-0.4150025248527527,0.9999842047691345,0.49249598383903503,0.20529040694236755,-0.4152040183544159,0.9999815225601196,0.4961692988872528,0.2047581672668457,-0.4151873290538788,0.9999871850013733,0.4771781265735626,0.2066982090473175,-0.4164658486843109,0.9999915957450867,0.4735693633556366,0.20609045028686523,-0.41669517755508423,0.9999927282333374,0.4701731503009796,0.2053731083869934,-0.4167889654636383,0.999994158744812,0.4999791979789734,0.20691518485546112,-0.3050566017627716,0.999983012676239,0.4663299024105072,0.20814035832881927,-0.31110161542892456,0.9999746084213257,0.4893181622028351,0.23884950578212738,-0.3867664933204651,0.9999954700469971,0.4765106737613678,0.24036231637001038,-0.389861524105072,0.9999961853027344,0.5323790311813354,0.3140273690223694,-0.20616286993026733,0.9999969601631165,0.4344543516635895,0.3127005398273468,-0.2160811573266983,0.9999942183494568,0.5442373752593994,0.42475298047065735,-0.17991259694099426,0.9982086420059204,0.4231642484664917,0.43013617396354675,-0.21952161192893982,0.9973534941673279,0.5534566640853882,0.5222818851470947,-0.262576699256897,0.9987480044364929,0.4162118136882782,0.5279662013053894,-0.30379754304885864,0.9977913498878479,0.5566543340682983,0.5520429611206055,-0.2900794446468353,0.9974357485771179,0.4095354676246643,0.5550681352615356,-0.3347706198692322,0.9951335191726685,0.5557262897491455,0.5483360290527344,-0.3191814422607422,0.9978109002113342,0.4132843315601349,0.5561460256576538,-0.3618926405906677,0.9957976937294006,0.5525312423706055,0.5377601981163025,-0.27494576573371887,0.9966419339179993,0.41920697689056396,0.5476518273353577,-0.3167141079902649,0.9930860996246338,0.5086225271224976,0.4662425220012665,0.005400354508310556,0.9999883770942688,0.45738452672958374,0.46798232197761536,-0.005587676540017128,0.9999865889549255,0.5230015516281128,0.5808508396148682,-0.2684463560581207,0.9963333010673523,0.44773945212364197,0.5877392292022705,-0.2912585437297821,0.9944047927856445,0.5179908275604248,0.7520773410797119,-0.1353382170200348,0.993350625038147,0.4594615697860718,0.7521809935569763,-0.16245602071285248,0.9933363795280457,0.5113166570663452,0.7795446515083313,-0.13027788698673248,0.9583271145820618,0.4644567370414734,0.7777515649795532,-0.1560983806848526,0.9328466653823853,0.5322055816650391,0.7908920049667358,-0.26682373881340027,0.9946216344833374,0.4457545876502991,0.7921436429023743,-0.29110512137413025,0.9928591847419739
0.48273712396621704,0.23319962620735168,-0.46033772826194763,0.999995231628418,0.48891958594322205,0.21409420669078827,-0.44435179233551025,0.9999855160713196,0.4925711750984192,0.2135169357061386,-0.44455018639564514,0.999983012676239,0.49620112776756287,0.2133013904094696,-0.44452953338623047,0.9999882578849792,0.47729355096817017,0.2137271761894226,-0.4464881122112274,0.999992311000824,0.473702996969223,0.2131103277206421,-0.4467152953147888,0.9999933242797852,0.4702204465866089,0.21258427202701569,-0.44680795073509216,0.9999946355819702,0.49988889694213867,0.21526038646697998,-0.33136799931526184,0.9999843239784241,0.4660762548446655,0.21541330218315125,-0.34047210216522217,0.9999765753746033,0.48932138085365295,0.24925954639911652,-0.4144648313522339,0.9999958276748657,0.4764830768108368,0.2494388371706009,-0.4184199869632721,0.9999964833259583,0.5323714017868042,0.32190388441085815,-0.22578097879886627,0.999997079372406,0.4344650208950043,0.31706854701042175,-0.24007906019687653,0.9999944567680359,0.5444897413253784,0.43128132820129395,-0.19281180202960968,0.9982801675796509,0.4228058457374573,0.43473631143569946,-0.24414093792438507,0.9974063038825989,0.553490400314331,0.5318029522895813,-0.2675331234931946,0.9988008737564087,0.41573387384414673,0.5342891812324524,-0.32512179017066956,0.9977149963378906,0.5566552877426147,0.5591843724250793,-0.2933568060398102,0.9975023865699768,0.4094259440898895,0.5628389716148376,-0.355967253446579,0.9948717355728149,0.55567467212677,0.5563653111457825,-0.3224059045314789,0.9978594183921814,0.4131647050380707,0.5635993480682373,-0.38222822546958923,0.9955636858940125,0.5524845719337463,0.5471401214599609,-0.27953723073005676,0.9967213869094849,0.41888555884361267,0.5547977089881897,-0.3374675214290619,0.9926826357841492,0.5085238218307495,0.466202974319458,0.005848619155585766,0.9999889135360718,0.45735785365104675,0.46801167726516724,-0.006037428509443998,0.9999871850013733,0.5235620737075806,0.5777521133422852,-0.2766147553920746,0.9964455366134644,0.4466114342212677,0.5867412090301514,-0.3025132417678833,0.9945248961448669,0.5179728865623474,0.7519103288650513,-0.13963079452514648,0.9933761358261108,0.45932087302207947,0.752181351184845,-0.1702926754951477,0.9934660792350769,0.5113021731376648,0.7789350152015686,-0.13418243825435638,0.9597011208534241,0.46445149183273315,0.7778337597846985,-0.16364949941635132,0.93523108959198,0.5323607325553894,0.790806770324707,-0.27164551615715027,0.9946480393409729,0.4457857310771942,0.7919465899467468,-0.3002409040927887,0.9929744005203247
0.48273852467536926,0.24046455323696136,-0.4620595872402191,0.9999956488609314,0.488969624042511,0.2209777981042862,-0.44614753127098083,0.9999867677688599,0.4926684498786926,0.21999594569206238,-0.4463466703891754,0.9999844431877136,0.4962211549282074,0.21945931017398834,-0.4463268518447876,0.9999892711639404,0.4774695336818695,0.22167931497097015,-0.44849294424057007,0.9999929666519165,0.47396135330200195,0.22121798992156982,-0.44871559739112854,0.9999938607215881,0.4704710841178894,0.22031192481517792,-0.44880515336990356,0.9999951124191284,0.49971139430999756,0.22115623950958252,-0.3336023688316345,0.9999855756759644,0.4660780727863312,0.22188661992549896,-0.34359148144721985,0.9999784827232361,0.4893351197242737,0.2560969591140747,-0.4163306653499603,0.9999961853027344,0.47651857137680054,0.2554228603839874,-0.4205474555492401,0.9999967813491821,0.5323648452758789,0.32664722204208374,-0.22847342491149902,0.9999972581863403,0.43444767594337463,0.32244858145713806,-0.2423929125070572,0.9999947547912598,0.5446097254753113,0.43686917424201965,-0.1947333961725235,0.9983452558517456,0.42253610491752625,0.43937039375305176,-0.24635963141918182,0.9974703192710876,0.5535220503807068,0.5377833843231201,-0.2685260772705078,0.9988583922386169,0.4156351387500763,0.5393645167350769,-0.32655590772628784,0.9976743459701538,0.5566552877426147,0.5654656291007996,-0.2942870557308197,0.9975883364677429,0.4093184173107147,0.5675042867660522,-0.3574088513851166,0.9946961998939514,0.555619478225708,0.5620881915092468,-0.32318225502967834,0.9979265928268433,0.413042277097702,0.5686126351356506,-0.38344621658325195,0.9954085350036621,0.5524011254310608,0.5526263117790222,-0.2804136872291565,0.9968224167823792,0.41877108812332153,0.5597550868988037,-0.3387860953807831,0.9923960566520691,0.508496105670929,0.46739205718040466,0.005896802060306072,0.9999893307685852,0.4573589563369751,0.469369113445282,-0.006085902452468872,0.9999876022338867,0.523685872554779,0.5770683884620667,-0.279669851064682,0.9964941740036011,0.4467536211013794,0.5841455459594727,-0.30570489168167114,0.994513750076294,0.5179636478424072,0.7517435550689697,-0.14135590195655823,0.9932127594947815,0.45920082926750183,0.7521202564239502,-0.17167901992797852,0.993421733379364,0.511300802230835,0.7785980701446533,-0.13567768037319183,0.9604869484901428,0.4644527733325958,0.7779184579849243,-0.16477558016777039,0.9368294477462769,0.532432496547699,0.7906715869903564,-0.2709326148033142,0.9945546984672546,0.4450717568397522,0.7916737198829651,-0.2986432909965515,0.9929438829421997
0.4828105866909027,0.2512708902359009,-0.4841204583644867,0.9999960064888,0.4890504777431488,0.23146028816699982,-0.46742403507232666,0.9999879002571106,0.49274349212646484,0.230438232421875,-0.46762412786483765,0.9999857544898987,0.4962907135486603,0.22977201640605927,-0.4676017165184021,0.9999902248382568,0.4778479337692261,0.23114489018917084,-0.47046932578086853,0.999993622303009,0.47435569763183594,0.23001030087471008,-0.470691978931427,0.9999943971633911,0.47096920013427734,0.22887387871742249,-0.4707856774330139,0.9999955296516418,0.49976852536201477,0.23036757111549377,-0.35011035203933716,0.9999867677688599,0.46607211232185364,0.2304246723651886,-0.36321794986724854,0.9999803304672241,0.48937761783599854,0.26527777314186096,-0.4365759491920471,0.9999964833259583,0.47669991850852966,0.2648661434650421,-0.441680371761322,0.999997079372406,0.5324541330337524,0.33548271656036377,-0.23793645203113556,0.9999973773956299,0.434197336435318,0.3320542871952057,-0.25589409470558167,0.9999950528144836,0.5446092486381531,0.4444037079811096,-0.19103798270225525,0.9983959197998047,0.421662300825119,0.4487997889518738,-0.2500931918621063,0.9975767731666565,0.553520917892456,0.5455011129379272,-0.2636273503303528,0.9989174008369446,0.4155089259147644,0.5497479438781738,-0.32426363229751587,0.9977553486824036,0.5566603541374207,0.5754145979881287,-0.2849855422973633,0.9976727366447449,0.4092949628829956,0.5779690742492676,-0.35435619950294495,0.9947928190231323,0.5555993318557739,0.5708274245262146,-0.31486421823501587,0.9979934692382812,0.4130263328552246,0.5785617828369141,-0.3810900151729584,0.9954923987388611,0.5523684620857239,0.5609091520309448,-0.27467772364616394,0.9969305992126465,0.41875872015953064,0.570163369178772,-0.3364500403404236,0.9925004243850708,0.5084453225135803,0.46738678216934204,0.006181709002703428,0.9999895095825195,0.4575003385543823,0.4695277810096741,-0.0063726091757416725,0.999987781047821,0.5236260294914246,0.5774955153465271,-0.27105265855789185,0.9964625835418701,0.44644078612327576,0.5843101739883423,-0.29606500267982483,0.9944190979003906,0.5179587006568909,0.7517102956771851,-0.12303156405687332,0.9929823875427246,0.4590695798397064,0.7521314024925232,-0.152633935213089,0.9932668805122375,0.5113051533699036,0.7783500552177429,-0.1159651055932045,0.9604886770248413,0.46445348858833313,0.7781175374984741,-0.1429266780614853,0.9371606111526489,0.5324378609657288,0.7905713319778442,-0.24900199472904205,0.9943643808364868,0.44408854842185974,0.7916483879089355,-0.2728818356990814,0.9927557706832886
0.4828289747238159,0.25936201214790344,-0.5000925064086914,0.9999963045120239,0.4890581965446472,0.2386898398399353,-0.4839479625225067,0.999988853931427,0.49276548624038696,0.23811538517475128,-0.4841412305831909,0.9999867677688599,0.49633005261421204,0.2376648485660553,-0.48411595821380615,0.9999909400939941,0.4778965711593628,0.23809164762496948,-0.4864356219768524,0.999994158744812,0.4744846522808075,0.23723576962947845,-0.4866562783718109,0.9999948143959045,0.4711214601993561,0.23597727715969086,-0.4867509603500366,0.9999958872795105,0.4997705817222595,0.2370327264070511,-0.3664923906326294,0.9999876022338867,0.4660554528236389,0.23695026338100433,-0.3770054876804352,0.9999818205833435,0.48943600058555603,0.27293094992637634,-0.4522439241409302,0.9999967217445374,0.47674933075904846,0.2717001736164093,-0.45658430457115173,0.9999973177909851,0.5327306985855103,0.3411499559879303,-0.2510109543800354,0.9999974370002747,0.4338582158088684,0.33846601843833923,-0.2655685245990753,0.9999952912330627,0.5446029901504517,0.4517309069633484,-0.20435720682144165,0.9983570575714111,0.420926034450531,0.45519381761550903,-0.2548616826534271,0.9976250529289246,0.5534923672676086,0.5540237426757812,-0.2698656916618347,0.998908281326294,0.41525331139564514,0.5559597015380859,-0.3290187418460846,0.9978098273277283,0.5568193793296814,0.5811238884925842,-0.2942295968532562,0.9975849986076355,0.4089324176311493,0.5836330652236938,-0.35954681038856506,0.9948225021362305,0.5556000471115112,0.5770952105522156,-0.3239253759384155,0.9979081749916077,0.4127351939678192,0.5840891599655151,-0.3868378698825836,0.9955228567123413,0.5523169636726379,0.5689883828163147,-0.28158795833587646,0.9968180656433105,0.41838690638542175,0.5757889747619629,-0.3413945436477661,0.992499053478241,0.5083621740341187,0.4680528938770294,0.00624961219727993,0.9999892115592957,0.45753249526023865,0.4700067937374115,-0.0064376527443528175,0.9999876618385315,0.5236289501190186,0.5778999328613281,-0.26684460043907166,0.9960291385650635,0.44573068618774414,0.5844186544418335,-0.2928093373775482,0.9937137365341187,0.517957866191864,0.7516394853591919,-0.11185432225465775,0.9915981292724609,0.45881032943725586,0.7521210312843323,-0.13364094495773315,0.9921008348464966,0.511326253414154,0.7780318856239319,-0.10420001298189163,0.9564924240112305,0.46434783935546875,0.7781080603599548,-0.12316568195819855,0.9315170049667358,0.5324119329452515,0.7903568744659424,-0.23846489191055298,0.993323028087616,0.4442310929298401,0.7916085720062256,-0.25472551584243774,0.9915065169334412
0.48288795351982117,0.2607024013996124,-0.49886515736579895,0.999996542930603,0.4891279339790344,0.2404676079750061,-0.4824027717113495,0.9999896287918091,0.4928831458091736,0.24010628461837769,-0.4825946092605591,0.9999876022338867,0.4964134991168976,0.23988215625286102,-0.4825691878795624,0.9999915361404419,0.4781702160835266,0.23933430016040802,-0.48495692014694214,0.9999945759773254,0.47485631704330444,0.238423153758049,-0.4851784110069275,0.9999951720237732,0.4716021716594696,0.2370198369026184,-0.4852738678455353,0.9999961853027344,0.4997686445713043,0.2394467443227768,-0.364169180393219,0.9999882578849792,0.4661314785480499,0.2382277250289917,-0.37505701184272766,0.9999830722808838,0.48947203159332275,0.2744844853878021,-0.45080193877220154,0.9999969601631165,0.4768652319908142,0.2725905478000641,-0.45525500178337097,0.9999974966049194,0.5328496098518372,0.34222596883773804,-0.24896231293678284,0.9999974966049194,0.4336210787296295,0.33969566226005554,-0.26308658719062805,0.9999955296516418,0.5445848703384399,0.4527354836463928,-0.20125658810138702,0.9983147382736206,0.4205450415611267,0.45644891262054443,-0.25120440125465393,0.9976405501365662,0.5534541010856628,0.5545470118522644,-0.26670369505882263,0.9988918900489807,0.4150985777378082,0.5570095181465149,-0.32543957233428955,0.997837483882904,0.5569178462028503,0.5820522308349609,-0.29152995347976685,0.9974750876426697,0.40872418880462646,0.5847244262695312,-0.35579460859298706,0.9947810769081116,0.5555974841117859,0.5783072710037231,-0.3211897313594818,0.9978039860725403,0.41251829266548157,0.5851805806159973,-0.38328519463539124,0.995491087436676,0.5522373914718628,0.5702219605445862,-0.2785934507846832,0.9966771602630615,0.41809502243995667,0.5767946243286133,-0.33788567781448364,0.9924002885818481,0.5083081722259521,0.4685385227203369,0.006327508017420769,0.9999889135360718,0.45756807923316956,0.47039541602134705,-0.006514327600598335,0.9999875426292419,0.5236243605613708,0.5781726837158203,-0.2657511830329895,0.9956196546554565,0.4454023241996765,0.5844884514808655,-0.29491570591926575,0.9930043816566467,0.5179548859596252,0.7514190077781677,-0.10780758410692215,0.9902395606040955,0.4586006999015808,0.7520888447761536,-0.12959042191505432,0.9909760355949402,0.5113486647605896,0.777435839176178,-0.09981897473335266,0.9518002271652222,0.4642251133918762,0.7780015468597412,-0.11884944140911102,0.9253895878791809,0.5321510434150696,0.7901430726051331,-0.2349887639284134,0.9922536015510559,0.4443458616733551,0.7915787696838379,-0.2514213025569916,0.9902386665344238
0.48337072134017944,0.2685385048389435,-0.5221505761146545,0.9999967813491821,0.4894285798072815,0.2491949051618576,-0.5054396986961365,0.9999904036521912,0.49330008029937744,0.248307466506958,-0.5056382417678833,0.9999884366989136,0.4966282248497009,0.24754740297794342,-0.5056141018867493,0.9999921321868896,0.4783990979194641,0.24810276925563812,-0.5088042616844177,0.9999949932098389,0.475019246339798,0.24720436334609985,-0.5090200304985046,0.9999955296516418,0.4717176556587219,0.24645298719406128,-0.5091186761856079,0.9999964833259583,0.49973705410957336,0.24680139124393463,-0.3841894567012787,0.9999890327453613,0.46596941351890564,0.24774838984012604,-0.39844760298728943,0.9999843239784241,0.4898727834224701,0.2821999490261078,-0.47275006771087646,0.9999971985816956,0.47715747356414795,0.2819496989250183,-0.4781731367111206,0.9999976754188538,0.5328988432884216,0.3476470708847046,-0.26477155089378357,0.9999975562095642,0.4333953261375427,0.34602588415145874,-0.277964323759079,0.9999957084655762,0.5446189641952515,0.46108055114746094,-0.21234549582004547,0.9982355237007141,0.42052093148231506,0.4639934003353119,-0.2602194547653198,0.9975944757461548,0.5537296533584595,0.5627503991127014,-0.2724709212779999,0.9988857507705688,0.4150036871433258,0.5625272989273071,-0.32843905687332153,0.9978383183479309,0.5569167733192444,0.5912304520606995,-0.29684266448020935,0.9974036812782288,0.40856364369392395,0.5911696553230286,-0.35791510343551636,0.9947119355201721,0.5555959939956665,0.5880722403526306,-0.3268260657787323,0.9977325201034546,0.41248220205307007,0.5916762948036194,-0.38548004627227783,0.9954330325126648,0.5522394776344299,0.5793744921684265,-0.2843698263168335,0.9965860843658447,0.4178810119628906,0.5827592015266418,-0.340686172246933,0.9922619462013245,0.508312463760376,0.469510018825531,0.006169820670038462,0.9999887943267822,0.45776650309562683,0.47152355313301086,-0.006349981762468815,0.9999875426292419,0.5236582159996033,0.5791715383529663,-0.2646467983722687,0.9954994320869446,0.44512489438056946,0.5843875408172607,-0.2931711971759796,0.9927575588226318,0.5179466009140015,0.7510465979576111,-0.09628130495548248,0.9899531602859497,0.45843467116355896,0.7519742846488953,-0.12319087237119675,0.9908509254455566,0.5113983750343323,0.7763222455978394,-0.08738434314727783,0.9502156376838684,0.46419432759284973,0.7778775691986084,-0.1121850535273552,0.9244664907455444,0.5316076874732971,0.7898328304290771,-0.22408270835876465,0.9919256567955017,0.4439484477043152,0.7915596961975098,-0.24716706573963165,0.9899414777755737
0.4834241271018982,0.27543336153030396,-0.5368232131004333,0.9999969601631165,0.4894558787345886,0.255109041929245,-0.5203090310096741,0.9999909996986389,0.49331963062286377,0.2542111277580261,-0.5205122828483582,0.9999890923500061,0.4966498017311096,0.2532813847064972,-0.5204874277114868,0.9999926090240479,0.4783523976802826,0.2552802264690399,-0.5233740210533142,0.9999953508377075,0.47490355372428894,0.25486335158348083,-0.5235910415649414,0.9999958276748657,0.4713324308395386,0.25417083501815796,-0.5236927270889282,0.9999967217445374,0.4997348189353943,0.2522709369659424,-0.39921945333480835,0.9999896287918091,0.4657661020755768,0.25476595759391785,-0.4120955765247345,0.99998539686203,0.4898914396762848,0.2888979911804199,-0.48744022846221924,0.9999973773956299,0.47713714838027954,0.28993430733680725,-0.49244600534439087,0.9999978542327881,0.5329158306121826,0.3548547923564911,-0.2767869830131531,0.999997615814209,0.43332749605178833,0.35119226574897766,-0.2899910807609558,0.9999958276748657,0.5447266101837158,0.4666287899017334,-0.22786030173301697,0.9982078075408936,0.4204920530319214,0.4710244834423065,-0.27614080905914307,0.9975797533988953,0.5538633465766907,0.5702244639396667,-0.2915988862514496,0.9989014267921448,0.4149770140647888,0.5693536996841431,-0.34869593381881714,0.9978724718093872,0.5569639205932617,0.596823513507843,-0.3169361352920532,0.9973893165588379,0.4084893465042114,0.5969439148902893,-0.379372239112854,0.9947437047958374,0.5555946230888367,0.594881534576416,-0.34706443548202515,0.9977105855941772,0.4125088155269623,0.5974776744842529,-0.40675419569015503,0.9954603314399719,0.5522225499153137,0.5869570374488831,-0.30364301800727844,0.9965657591819763,0.4178970158100128,0.5884389281272888,-0.3609188199043274,0.9922689199447632,0.5082411766052246,0.4700629413127899,0.006018179468810558,0.9999887943267822,0.4578355848789215,0.47202780842781067,-0.0061953263357281685,0.9999877214431763,0.5236352682113647,0.5816233158111572,-0.2656957507133484,0.9954078197479248,0.4452243447303772,0.58407062292099,-0.2959855794906616,0.9926294088363647,0.517943799495697,0.7507330179214478,-0.09842619299888611,0.9898385405540466,0.45833510160446167,0.7517930269241333,-0.12906551361083984,0.9909690618515015,0.5114412307739258,0.775646448135376,-0.08990049362182617,0.9491474628448486,0.46418842673301697,0.7778473496437073,-0.1190321147441864,0.924911618232727,0.5314807295799255,0.7894652485847473,-0.2285955548286438,0.9917519688606262,0.44369375705718994,0.7914782762527466,-0.25354453921318054,0.9899409413337708
0.48360496759414673,0.2842097878456116,-0.5523053407669067,0.9999969601631165,0.48949959874153137,0.26493558287620544,-0.5365646481513977,0.9999911785125732,0.4934053421020508,0.26349058747291565,-0.5367691516876221,0.9999892115592957,0.4967254102230072,0.2622549533843994,-0.5367432832717896,0.9999926686286926,0.4784078598022461,0.26575812697410583,-0.5401542782783508,0.9999955296516418,0.47493183612823486,0.26527222990989685,-0.5403653383255005,0.9999960064888,0.47133323550224304,0.26421329379081726,-0.5404704809188843,0.9999968409538269,0.49981874227523804,0.2616346478462219,-0.4168767035007477,0.9999895095825195,0.46563658118247986,0.264434814453125,-0.4319869875907898,0.999985933303833,0.48996293544769287,0.29729145765304565,-0.5031596422195435,0.9999974370002747,0.47714290022850037,0.2984456717967987,-0.508780837059021,0.9999979138374329,0.5329152345657349,0.3617241680622101,-0.29420265555381775,0.9999975562095642,0.4330565333366394,0.35966089367866516,-0.3117392659187317,0.9999958872795105,0.544740617275238,0.4737316071987152,-0.26025646924972534,0.9978710412979126,0.4203130304813385,0.4799693822860718,-0.3126748204231262,0.9973928928375244,0.5541126728057861,0.5768137574195862,-0.335093230009079,0.9986948370933533,0.41497981548309326,0.5796328783035278,-0.39313676953315735,0.997709333896637,0.557195782661438,0.6049525141716003,-0.36250850558280945,0.9968820810317993,0.4084881544113159,0.6084804534912109,-0.42608270049095154,0.9943590760231018,0.5555807948112488,0.6040951013565063,-0.39186179637908936,0.9972342252731323,0.41257721185684204,0.6084986329078674,-0.45189645886421204,0.995129406452179,0.5521305203437805,0.5952175259590149,-0.34727123379707336,0.9959124326705933,0.4184100031852722,0.5974135398864746,-0.40497732162475586,0.9916220307350159,0.508262038230896,0.47331786155700684,0.005979234352707863,0.9999884963035583,0.45784884691238403,0.47490206360816956,-0.006152690388262272,0.9999876022338867,0.5230859518051147,0.5821577310562134,-0.27981364727020264,0.9948302507400513,0.4453292489051819,0.5835469365119934,-0.3116290271282196,0.9916718006134033,0.5179417133331299,0.7504910230636597,-0.12103845179080963,0.9891478419303894,0.458272784948349,0.7517075538635254,-0.1490277647972107,0.9905292391777039,0.5114753842353821,0.7753402590751648,-0.11375464498996735,0.9467251896858215,0.46418288350105286,0.7778565287590027,-0.13942940533161163,0.9228627681732178,0.530907154083252,0.7891919016838074,-0.25857120752334595,0.9912248253822327,0.44376856088638306,0.7914243936538696,-0.2812793552875519,0.9893997311592102
0.483529657125473,0.29288309812545776,-0.5617281794548035,0.9999969005584717,0.4895000159740448,0.2721787393093109,-0.5464118719100952,0.9999911189079285,0.49343448877334595,0.27070584893226624,-0.5466126799583435,0.9999889731407166,0.49676263332366943,0.2695428133010864,-0.5465828776359558,0.9999924898147583,0.47830119729042053,0.2736346125602722,-0.5495296716690063,0.9999956488609314,0.47483956813812256,0.27292904257774353,-0.5497413277626038,0.9999960660934448,0.4711110293865204,0.27212005853652954,-0.549849808216095,0.9999969005584717,0.5000201463699341,0.2680918574333191,-0.42586749792099,0.9999890923500061,0.4652070999145508,0.2709980607032776,-0.43888065218925476,0.9999862313270569,0.48994848132133484,0.30589330196380615,-0.5119630098342896,0.9999973773956299,0.47686880826950073,0.3073732554912567,-0.5169675350189209,0.9999979138374329,0.5329515337944031,0.36788901686668396,-0.2996266484260559,0.9999974370002747,0.43281206488609314,0.3652362525463104,-0.3153490722179413,0.9999958872795105,0.5448711514472961,0.4788954555988312,-0.26585254073143005,0.9973162412643433,0.4201143980026245,0.48544543981552124,-0.31393322348594666,0.9970596432685852,0.554409921169281,0.5842282772064209,-0.3381390869617462,0.9983561635017395,0.4149876534938812,0.5847864151000977,-0.3936605453491211,0.9974532723426819,0.5572928786277771,0.6117156147956848,-0.36520805954933167,0.9960948824882507,0.4083936810493469,0.6138795614242554,-0.42654216289520264,0.9938085675239563,0.5556305646896362,0.6094036102294922,-0.39440637826919556,0.9965053200721741,0.41261953115463257,0.6140974760055542,-0.45194822549819946,0.994666337966919,0.5521652102470398,0.6009519100189209,-0.350201278924942,0.9949094653129578,0.41859084367752075,0.6040395498275757,-0.4053398370742798,0.9907251596450806,0.5083521008491516,0.47621703147888184,0.005975871812552214,0.9999879002571106,0.45787903666496277,0.47789034247398376,-0.006147162523120642,0.9999873042106628,0.5230077505111694,0.5821609497070312,-0.2817409932613373,0.9940320253372192,0.44536253809928894,0.5827049016952515,-0.3196163773536682,0.9906877875328064,0.5179408192634583,0.7498065233230591,-0.12052543461322784,0.9882568120956421,0.4581601023674011,0.7514963746070862,-0.15224531292915344,0.9900031089782715,0.5115112662315369,0.7742878794670105,-0.11306939274072647,0.9430735111236572,0.4641813635826111,0.7778119444847107,-0.14216478168964386,0.9194253087043762,0.5304120182991028,0.7888564467430115,-0.2579796016216278,0.9905622005462646,0.4439452588558197,0.7914199233055115,-0.28558477759361267,0.9887537956237793
0.48376819491386414,0.29216068983078003,-0.5599904656410217,0.9999968409538269,0.4895811080932617,0.27300918102264404,-0.5443106293678284,0.9999911189079285,0.49355605244636536,0.2716138958930969,-0.544511079788208,0.999988853931427,0.4968225657939911,0.27037280797958374,-0.5444850325584412,0.9999923706054688,0.4784108102321625,0.27371087670326233,-0.5480627417564392,0.999995768070221,0.47490471601486206,0.2732187509536743,-0.5482704043388367,0.9999961256980896,0.4711589813232422,0.2722908854484558,-0.5483754277229309,0.9999969601631165,0.5000293254852295,0.2695261240005493,-0.4238094687461853,0.9999889135360718,0.46518179774284363,0.27184802293777466,-0.4396572709083557,0.9999865889549255,0.4900246262550354,0.30516642332077026,-0.5103763341903687,0.9999973773956299,0.4769916534423828,0.30633544921875,-0.5162015557289124,0.9999979734420776,0.532943606376648,0.36794814467430115,-0.2985958158969879,0.9999973773956299,0.4326084554195404,0.36595383286476135,-0.3171370327472687,0.9999958872795105,0.5448702573776245,0.4788278639316559,-0.2631741166114807,0.9969658255577087,0.41991642117500305,0.48672616481781006,-0.31469112634658813,0.9967374801635742,0.5546073317527771,0.5840158462524414,-0.33502236008644104,0.9981347918510437,0.414985716342926,0.586292028427124,-0.39030319452285767,0.997099757194519,0.5574935078620911,0.6118714213371277,-0.3617960214614868,0.9955379366874695,0.408371239900589,0.6155011057853699,-0.4224011301994324,0.9930101037025452,0.5556594133377075,0.6099842190742493,-0.3908597230911255,0.9959859251976013,0.41262540221214294,0.6153274178504944,-0.4476059675216675,0.9939830303192139,0.5521642565727234,0.6016798615455627,-0.3470182716846466,0.9942066669464111,0.41859182715415955,0.6054208874702454,-0.4017563760280609,0.9894973039627075,0.5083919763565063,0.47719302773475647,0.006333325989544392,0.9999876022338867,0.4578889310359955,0.4788619577884674,-0.0064926170744001865,0.9999871850013733,0.5229690670967102,0.5825362205505371,-0.2819616496562958,0.9935027956962585,0.4454166293144226,0.58238285779953,-0.32089364528656006,0.9899537563323975,0.5179389715194702,0.7495540380477905,-0.12005443125963211,0.987542450428009,0.458067923784256,0.7512839436531067,-0.15302443504333496,0.9896774888038635,0.5115599036216736,0.7738111019134521,-0.11227289587259293,0.9397454857826233,0.46413344144821167,0.7777337431907654,-0.1428615152835846,0.9164310693740845,0.5300666093826294,0.7887235283851624,-0.25459933280944824,0.9899442791938782,0.444439560174942,0.7914168238639832,-0.28673723340034485,0.9882343411445618
0.48380470275878906,0.30053260922431946,-0.5666182041168213,0.9999966025352478,0.48976144194602966,0.28151023387908936,-0.5518181920051575,0.9999905824661255,0.4937221109867096,0.28003326058387756,-0.5520158410072327,0.9999879002571106,0.496902734041214,0.27886471152305603,-0.5519934296607971,0.9999917149543762,0.47855329513549805,0.28246593475341797,-0.5555974245071411,0.9999956488609314,0.4749889373779297,0.281627893447876,-0.555804431438446,0.9999960064888,0.4712781608104706,0.2804652452468872,-0.5559109449386597,0.9999969005584717,0.5000455975532532,0.2780183255672455,-0.433489590883255,0.9999876022338867,0.46518340706825256,0.27998337149620056,-0.44952547550201416,0.9999862313270569,0.4901460111141205,0.31442898511886597,-0.5175865888595581,0.9999971389770508,0.47708287835121155,0.3152519762516022,-0.5234501957893372,0.9999978542327881,0.5329420566558838,0.37310317158699036,-0.30710750818252563,0.9999971985816956,0.43256044387817383,0.3709464967250824,-0.32770565152168274,0.9999958276748657,0.5450304746627808,0.48418352007865906,-0.2757006585597992,0.9960590600967407,0.41984155774116516,0.4912724196910858,-0.3291946053504944,0.9961876273155212,0.5547189116477966,0.5902111530303955,-0.34941500425338745,0.9973404407501221,0.41515129804611206,0.5928077101707458,-0.40531638264656067,0.9963237047195435,0.5579499006271362,0.6195343732833862,-0.37663450837135315,0.9937760233879089,0.4084630310535431,0.6223034262657166,-0.43778038024902344,0.9913232922554016,0.5556762218475342,0.6173223257064819,-0.40544450283050537,0.9943431615829468,0.4128473401069641,0.622298538684845,-0.46265116333961487,0.9925334453582764,0.5521572232246399,0.6088116765022278,-0.36141955852508545,0.9920305013656616,0.4188567101955414,0.6119605898857117,-0.41662272810935974,0.9869204759597778,0.5084103941917419,0.4789300560951233,0.0064582484774291515,0.9999867081642151,0.4578896164894104,0.48074567317962646,-0.006615319289267063,0.9999865889549255,0.5227533578872681,0.5820936560630798,-0.2878241539001465,0.9914207458496094,0.4455602467060089,0.5823781490325928,-0.3258531391620636,0.9868227243423462,0.5179053544998169,0.7495632767677307,-0.13975434005260468,0.9850331544876099,0.4580429196357727,0.7512297630310059,-0.16731205582618713,0.9875739216804504,0.5115600228309631,0.7744390964508057,-0.1337774395942688,0.9326406121253967,0.46414878964424133,0.7778110504150391,-0.15826821327209473,0.906773567199707,0.5301021933555603,0.7886936664581299,-0.2810778319835663,0.9881972074508667,0.44471749663352966,0.7914139032363892,-0.30294182896614075,0.9859784245491028
0.48399069905281067,0.30703678727149963,-0.5603218674659729,0.9999964833259583,0.49017947912216187,0.28719842433929443,-0.5455315709114075,0.9999904036521912,0.4940979778766632,0.2860279381275177,-0.5457280278205872,0.9999875426292419,0.4971201717853546,0.2850700616836548,-0.5457069277763367,0.9999914765357971,0.4789678156375885,0.2879047095775604,-0.5493484735488892,0.9999956488609314,0.4752916395664215,0.287326842546463,-0.5495532155036926,0.9999960064888,0.47161248326301575,0.28630635142326355,-0.5496564507484436,0.9999969005584717,0.5000499486923218,0.283983051776886,-0.42762571573257446,0.9999869465827942,0.4651848375797272,0.2851335108280182,-0.4436977505683899,0.9999862313270569,0.4904812276363373,0.32076093554496765,-0.511388897895813,0.9999970197677612,0.4772062599658966,0.32199880480766296,-0.5172721147537231,0.9999977946281433,0.532941460609436,0.37779369950294495,-0.3030351400375366,0.999997079372406,0.4325062036514282,0.3755510747432709,-0.3213599920272827,0.999995768070221,0.5453736186027527,0.49007725715637207,-0.27199220657348633,0.9954570531845093,0.41983091831207275,0.49435871839523315,-0.31836414337158203,0.9957889318466187,0.5547860264778137,0.5961753129959106,-0.34629759192466736,0.9969397187232971,0.4153110682964325,0.5977588295936584,-0.3891001343727112,0.9958081841468811,0.559025228023529,0.6258559226989746,-0.37340036034584045,0.9928168058395386,0.40856000781059265,0.6274316310882568,-0.4203103482723236,0.9901299476623535,0.5557365417480469,0.6225883960723877,-0.401996910572052,0.9934592843055725,0.41297972202301025,0.6270421743392944,-0.44513261318206787,0.9915190935134888,0.5521337985992432,0.6146489381790161,-0.35824209451675415,0.9908474683761597,0.41896888613700867,0.6168761849403381,-0.40024614334106445,0.9851219654083252,0.5084841847419739,0.4811009168624878,0.006384253967553377,0.9999850988388062,0.45782291889190674,0.4827078878879547,-0.006539907772094011,0.9999853372573853,0.5222236514091492,0.582010805606842,-0.2878015339374542,0.9888863563537598,0.44563496112823486,0.5824252367019653,-0.32008227705955505,0.9827858805656433,0.5178850889205933,0.7493159174919128,-0.1432589888572693,0.9807206392288208,0.4580419659614563,0.7515164017677307,-0.1672256588935852,0.9844835996627808,0.5115901231765747,0.7744653820991516,-0.13739806413650513,0.9212644696235657,0.4643336534500122,0.7785534262657166,-0.1587407886981964,0.8942798972129822,0.5299507975578308,0.7885792851448059,-0.28104808926582336,0.9852173924446106,0.44477614760398865,0.7915023565292358,-0.30052024126052856,0.9826735258102417
0.4840318560600281,0.3177480399608612,-0.5655466914176941,0.9999962449073792,0.49017778038978577,0.29763197898864746,-0.5509927272796631,0.9999898076057434,0.4941180944442749,0.2958381772041321,-0.5511898398399353,0.9999866485595703,0.4971286952495575,0.2945404052734375,-0.5511704683303833,0.9999908208847046,0.47901350259780884,0.29901784658432007,-0.5542675256729126,0.9999954700469971,0.47530385851860046,0.29822829365730286,-0.5544706583023071,0.9999958276748657,0.471618115901947,0.29680803418159485,-0.5545746684074402,0.9999967813491821,0.5000612735748291,0.29117557406425476,-0.43121829628944397,0.9999858140945435,0.46515989303588867,0.2929205298423767,-0.44500190019607544,0.9999855756759644,0.49056118726730347,0.32975301146507263,-0.5155823230743408,0.9999966621398926,0.4772774577140808,0.33158063888549805,-0.5208168029785156,0.9999975562095642,0.532998263835907,0.38453465700149536,-0.304533988237381,0.9999969005584717,0.4324354827404022,0.3811054229736328,-0.3188073933124542,0.9999955892562866,0.545846164226532,0.4969027042388916,-0.27467814087867737,0.9948323965072632,0.41972097754478455,0.5005698800086975,-0.3162645101547241,0.995152473449707,0.5548606514930725,0.6008338928222656,-0.34860846400260925,0.9965037107467651,0.41556689143180847,0.6046664118766785,-0.38754913210868835,0.9948379993438721,0.559704601764679,0.6319653391838074,-0.37632080912590027,0.9917622804641724,0.4085944890975952,0.6336333751678467,-0.41876164078712463,0.9880303740501404,0.5557350516319275,0.6290113925933838,-0.4046260118484497,0.9924854636192322,0.41318637132644653,0.6336166858673096,-0.44318464398384094,0.9897533655166626,0.551992654800415,0.62044358253479,-0.36047253012657166,0.9895018935203552,0.41913217306137085,0.6243123412132263,-0.3985503613948822,0.9820495843887329,0.5086357593536377,0.48472777009010315,0.005971462931483984,0.9999831914901733,0.45781323313713074,0.4867512881755829,-0.0061228154227137566,0.9999837875366211,0.52170330286026,0.5818347334861755,-0.2956128418445587,0.9862246513366699,0.4458925426006317,0.5822478532791138,-0.3227272033691406,0.9784200191497803,0.5178767442703247,0.7492133378982544,-0.14267171919345856,0.9758337736129761,0.4580304026603699,0.7519212961196899,-0.16643358767032623,0.981304407119751,0.5116318464279175,0.7744878530502319,-0.13589483499526978,0.9091068506240845,0.46434661746025085,0.7793512940406799,-0.15762566030025482,0.8820571303367615,0.5299739241600037,0.7885761260986328,-0.279691606760025,0.9819260835647583,0.4447098970413208,0.7917171716690063,-0.30049192905426025,0.9792459607124329
0.4840013086795807,0.3230712413787842,-0.5655232667922974,0.9999961256980896,0.49012210965156555,0.30339381098747253,-0.5513381958007812,0.9999895691871643,0.4941134452819824,0.3015880286693573,-0.55152827501297,0.9999862313270569,0.4971294403076172,0.30017611384391785,-0.5515057444572449,0.9999904632568359,0.4790118336677551,0.3046174943447113,-0.5540983080863953,0.9999954700469971,0.4753040075302124,0.3037455677986145,-0.5543066263198853,0.9999958276748657,0.47161853313446045,0.30220985412597656,-0.5544173717498779,0.9999967813491821,0.5001420974731445,0.29660868644714355,-0.4325985610485077,0.9999852776527405,0.4651133120059967,0.2979948818683624,-0.4441237151622772,0.9999856948852539,0.4905742406845093,0.33523762226104736,-0.5158708691596985,0.9999964833259583,0.4772804379463196,0.33638206124305725,-0.5204508304595947,0.9999974966049194,0.533067524433136,0.39021924138069153,-0.3036791980266571,0.9999967217445374,0.43241584300994873,0.3857378363609314,-0.31617459654808044,0.9999955892562866,0.5461868643760681,0.5036060214042664,-0.2674136459827423,0.9940771460533142,0.41972172260284424,0.5040539503097534,-0.3066851794719696,0.9945370554924011,0.5549103021621704,0.6045836210250854,-0.3349207639694214,0.9959031343460083,0.4156293570995331,0.6093307137489319,-0.3710227608680725,0.9940977096557617,0.5599840879440308,0.6365559697151184,-0.3619467318058014,0.9903200268745422,0.4085823595523834,0.6384980082511902,-0.39923885464668274,0.9863914251327515,0.5557442903518677,0.6343819499015808,-0.39074382185935974,0.9911621809005737,0.41332122683525085,0.6386288404464722,-0.4236445724964142,0.9883742332458496,0.5519782304763794,0.6256163716316223,-0.3468570113182068,0.9877659678459167,0.4191507399082184,0.629500687122345,-0.38138580322265625,0.979680597782135,0.5089055895805359,0.4865589737892151,0.0057486980222165585,0.9999814629554749,0.45783689618110657,0.48788610100746155,-0.005892067216336727,0.9999826550483704,0.5212720632553101,0.5820067524909973,-0.29053935408592224,0.98451167345047,0.4463382065296173,0.5821065306663513,-0.3200528919696808,0.97596675157547,0.5176891684532166,0.7494271397590637,-0.13755151629447937,0.9727523326873779,0.45802897214889526,0.7519208788871765,-0.1629551351070404,0.9790947437286377,0.5115159153938293,0.7754226326942444,-0.13067972660064697,0.9002174139022827,0.4643472731113434,0.7793869972229004,-0.15399384498596191,0.8718426823616028,0.5302237868309021,0.7886354327201843,-0.2738930583000183,0.9798851609230042,0.4447898864746094,0.7919268012046814,-0.2960168421268463,0.976887047290802
0.48428794741630554,0.3245047926902771,-0.5681032538414001,0.999995768070221,0.4903281629085541,0.30357885360717773,-0.5540134310722351,0.9999887347221375,0.4944426119327545,0.3019287586212158,-0.5542046427726746,0.9999850392341614,0.49731653928756714,0.3009841740131378,-0.554183840751648,0.9999895691871643,0.4791894853115082,0.3056355118751526,-0.5572082996368408,0.9999951720237732,0.47540560364723206,0.30485302209854126,-0.5574103593826294,0.9999955892562866,0.471752792596817,0.30360645055770874,-0.5575176477432251,0.9999966025352478,0.500205397605896,0.29777637124061584,-0.4356914758682251,0.999984085559845,0.4651166796684265,0.2996216416358948,-0.44906526803970337,0.9999851584434509,0.4909496605396271,0.33633044362068176,-0.5185558795928955,0.9999961853027344,0.4777089059352875,0.3384762108325958,-0.5236583948135376,0.9999973177909851,0.5331143140792847,0.391159325838089,-0.3084486722946167,0.9999966025352478,0.4323846697807312,0.3867352604866028,-0.32119542360305786,0.9999954700469971,0.5463603734970093,0.5050116181373596,-0.27676689624786377,0.993442952632904,0.41972723603248596,0.5057395696640015,-0.31587061285972595,0.9939274787902832,0.5548779964447021,0.6052340865135193,-0.3454311192035675,0.9953274726867676,0.4156814515590668,0.610200822353363,-0.38351863622665405,0.9931409358978271,0.559975266456604,0.6373804807662964,-0.3725103735923767,0.9889359474182129,0.4085843861103058,0.6393201947212219,-0.4137842059135437,0.9843275547027588,0.5556264519691467,0.635898768901825,-0.4004738926887512,0.9898768663406372,0.4134235382080078,0.6392101645469666,-0.4375830590724945,0.9866287708282471,0.5516433715820312,0.6265989542007446,-0.3570251166820526,0.9860345721244812,0.41915634274482727,0.6303116083145142,-0.3940868377685547,0.9766954183578491,0.5089802145957947,0.48751312494277954,0.0055788676254451275,0.9999804496765137,0.45783618092536926,0.48904651403427124,-0.0057169715873897076,0.9999819397926331,0.521107017993927,0.5819254517555237,-0.29324871301651,0.9831860661506653,0.4465569853782654,0.582116425037384,-0.3221525251865387,0.9738363027572632,0.5175089836120605,0.7492070198059082,-0.13539095222949982,0.970244824886322,0.45798030495643616,0.751908004283905,-0.16140076518058777,0.9776108860969543,0.5114611983299255,0.7753128409385681,-0.1295202523469925,0.8916720747947693,0.4643436670303345,0.7793693542480469,-0.1522892862558365,0.8634583353996277,0.5302353501319885,0.7886996865272522,-0.2709178328514099,0.9779234528541565,0.44485005736351013,0.7922220826148987,-0.29499906301498413,0.9750311970710754
0.4843202233314514,0.3316381871700287,-0.563601553440094,0.9999957084655762,0.49036771059036255,0.3117575943470001,-0.5499466061592102,0.9999887347221375,0.4945151209831238,0.3109557032585144,-0.5501347780227661,0.9999849200248718,0.4973565638065338,0.31010228395462036,-0.5501114726066589,0.9999894499778748,0.47919827699661255,0.31212425231933594,-0.553010880947113,0.9999951720237732,0.4754406213760376,0.31160643696784973,-0.5532121062278748,0.9999956488609314,0.471783846616745,0.31049591302871704,-0.5533170700073242,0.9999966025352478,0.5002714395523071,0.3057473301887512,-0.4331966042518616,0.9999839663505554,0.4651101231575012,0.30591991543769836,-0.4459547996520996,0.9999854564666748,0.4909590780735016,0.3435145914554596,-0.5145290493965149,0.9999961256980896,0.4777624309062958,0.34471309185028076,-0.5194680094718933,0.9999973177909851,0.5331147313117981,0.39630329608917236,-0.30598199367523193,0.999996542930603,0.4322972297668457,0.3924679458141327,-0.318700909614563,0.9999955296516418,0.5464090704917908,0.5107042193412781,-0.2714042663574219,0.9930053353309631,0.4197327792644501,0.5109291672706604,-0.3105373680591583,0.9935641288757324,0.5548787713050842,0.6119160056114197,-0.33738815784454346,0.9950201511383057,0.4157664477825165,0.6168809533119202,-0.38305264711380005,0.9928088784217834,0.5599381923675537,0.6446358561515808,-0.36412954330444336,0.9881317615509033,0.4085364043712616,0.6446520090103149,-0.4109255075454712,0.9835810661315918,0.5555840730667114,0.6434733867645264,-0.3926093876361847,0.989139199256897,0.4134790301322937,0.6453331708908081,-0.43302595615386963,0.9860202670097351,0.5515778660774231,0.6345818042755127,-0.3491128385066986,0.98505699634552,0.4191601574420929,0.6374630331993103,-0.3923642337322235,0.9756041765213013,0.5089799165725708,0.4888859987258911,0.005463967099785805,0.9999790191650391,0.45783478021621704,0.49026986956596375,-0.005598528776317835,0.9999808669090271,0.5208275318145752,0.5819315910339355,-0.29092472791671753,0.9821063876152039,0.44668281078338623,0.5817628502845764,-0.3214591145515442,0.9721168875694275,0.5174186825752258,0.7492299675941467,-0.13458578288555145,0.9681428074836731,0.4579787254333496,0.7518965005874634,-0.16062217950820923,0.9759764671325684,0.511426568031311,0.7756833434104919,-0.12898431718349457,0.884261429309845,0.4643736779689789,0.7795148491859436,-0.1511729657649994,0.8548161387443542,0.5303272008895874,0.7888738512992859,-0.26959457993507385,0.9764760732650757,0.44485655426979065,0.7922402024269104,-0.29306480288505554,0.973366916179657
0.4843800663948059,0.33731427788734436,-0.5647972822189331,0.9999955296516418,0.49043455719947815,0.31804758310317993,-0.5516408681869507,0.9999883770942688,0.49461936950683594,0.31701111793518066,-0.5518267154693604,0.9999844431877136,0.49743759632110596,0.31593531370162964,-0.5518043637275696,0.9999890327453613,0.47913581132888794,0.3182418942451477,-0.554364800453186,0.9999950528144836,0.47539022564888,0.3176133334636688,-0.5545651912689209,0.9999955296516418,0.47172263264656067,0.31668412685394287,-0.5546706318855286,0.999996542930603,0.5004177093505859,0.3112514019012451,-0.4359380006790161,0.9999836087226868,0.4650271236896515,0.3115980923175812,-0.44711071252822876,0.9999854564666748,0.4909976124763489,0.34960266947746277,-0.5158999562263489,0.9999958872795105,0.4778132736682892,0.35053569078445435,-0.5203975439071655,0.9999971985816956,0.5331596732139587,0.400712251663208,-0.30874064564704895,0.9999964833259583,0.4321839213371277,0.3970164954662323,-0.31798937916755676,0.9999954700469971,0.546403169631958,0.5162882804870605,-0.2751277983188629,0.9925128817558289,0.4197379946708679,0.5163357257843018,-0.30780962109565735,0.9929291605949402,0.5548726320266724,0.6172317266464233,-0.3372662663459778,0.9946799874305725,0.41578805446624756,0.6212893724441528,-0.36694687604904175,0.9920986890792847,0.5599137544631958,0.6501452922821045,-0.36322319507598877,0.9872680902481079,0.4085064232349396,0.6492154002189636,-0.3942790627479553,0.9820791482925415,0.5555593371391296,0.648406445980072,-0.3910523056983948,0.9883537292480469,0.41351988911628723,0.650142252445221,-0.41756686568260193,0.984798014163971,0.5515177845954895,0.6392958760261536,-0.3485935628414154,0.9839886426925659,0.4191600978374481,0.6428226232528687,-0.3768363893032074,0.9735694527626038,0.5089828968048096,0.4909990727901459,0.005156076513230801,0.9999773502349854,0.45786625146865845,0.4926934242248535,-0.005280218552798033,0.9999796152114868,0.5204371213912964,0.5811863541603088,-0.2943517863750458,0.9810904264450073,0.4468734860420227,0.5813079476356506,-0.323687881231308,0.9708166718482971,0.5173587203025818,0.7484773397445679,-0.1334795206785202,0.9658112525939941,0.45797720551490784,0.751704752445221,-0.16025938093662262,0.9744501709938049,0.511435866355896,0.7753856182098389,-0.12846705317497253,0.8756437301635742,0.46437275409698486,0.7794890403747559,-0.15029692649841309,0.8457433581352234,0.5301648378372192,0.7888770699501038,-0.26885369420051575,0.9747529625892639,0.445003867149353,0.7923659682273865,-0.292511910200119,0.9716006517410278
0.4843255281448364,0.3442089557647705,-0.5604172348976135,0.9999954700469971,0.49033859372138977,0.32533523440361023,-0.5469563603401184,0.999988317489624,0.494549423456192,0.3239040970802307,-0.5471432209014893,0.9999844431877136,0.4974251687526703,0.3223477303981781,-0.5471211671829224,0.9999889731407166,0.478918194770813,0.32599523663520813,-0.5498390197753906,0.9999950528144836,0.47521987557411194,0.3252529501914978,-0.5500393509864807,0.9999955296516418,0.47151103615760803,0.32417288422584534,-0.5501443147659302,0.999996542930603,0.5004394054412842,0.3173047602176666,-0.4310331344604492,0.9999837875366211,0.4648626148700714,0.31907495856285095,-0.44294682145118713,0.9999856948852539,0.490999698638916,0.3565879166126251,-0.511498212814331,0.9999957084655762,0.4777758717536926,0.3583470582962036,-0.5162015557289124,0.999997079372406,0.5331907868385315,0.4057512581348419,-0.3045673668384552,0.9999964833259583,0.43188613653182983,0.4024606943130493,-0.3153687119483948,0.9999954104423523,0.546347439289093,0.5216071009635925,-0.27049630880355835,0.9918927550315857,0.4197419285774231,0.5219383239746094,-0.29599282145500183,0.9918498396873474,0.554869532585144,0.624238133430481,-0.3240298926830292,0.9943928122520447,0.4157937169075012,0.6281432509422302,-0.34335991740226746,0.9908090233802795,0.5599067807197571,0.6550602912902832,-0.34802892804145813,0.9865598082542419,0.4084201455116272,0.6570801138877869,-0.36950525641441345,0.9795204997062683,0.5555717945098877,0.6539721488952637,-0.3756173849105835,0.9877298474311829,0.41354551911354065,0.6579181551933289,-0.39377453923225403,0.9827173352241516,0.5515304803848267,0.6449934244155884,-0.3350687026977539,0.9831366539001465,0.41910412907600403,0.6506769061088562,-0.3537060618400574,0.9702045917510986,0.5089611411094666,0.49467936158180237,0.00512069882825017,0.999975323677063,0.4578667879104614,0.49654698371887207,-0.005240053869783878,0.9999778270721436,0.5199154615402222,0.5802847146987915,-0.29816070199012756,0.9801104664802551,0.44731059670448303,0.5801801681518555,-0.32546326518058777,0.9691116809844971,0.5169112682342529,0.748298704624176,-0.1345246434211731,0.9626588821411133,0.45792531967163086,0.7516719698905945,-0.15967340767383575,0.9719109535217285,0.5111256837844849,0.7760550379753113,-0.1274157613515854,0.8665037751197815,0.4643537402153015,0.7795011401176453,-0.15013594925403595,0.8344471454620361,0.5301716327667236,0.7890720963478088,-0.2684589922428131,0.9726753234863281,0.445016473531723,0.792380690574646,-0.28911951184272766,0.9690536856651306
0.48422086238861084,0.3499312102794647,-0.5599752068519592,0.9999954104423523,0.49016091227531433,0.33109691739082336,-0.5470136404037476,0.9999883770942688,0.4943656027317047,0.32957881689071655,-0.5471972227096558,0.9999845623970032,0.4973415434360504,0.32778170704841614,-0.5471769571304321,0.9999889731407166,0.47860246896743774,0.3320852220058441,-0.5498152375221252,0.9999951124191284,0.47489872574806213,0.3314618170261383,-0.5500097870826721,0.9999955892562866,0.4711364209651947,0.3303287923336029,-0.5501123070716858,0.999996542930603,0.5004556179046631,0.3221365213394165,-0.43249428272247314,0.999984085559845,0.4646507203578949,0.32437407970428467,-0.44401755928993225,0.9999860525131226,0.4909623861312866,0.36233893036842346,-0.5113508701324463,0.9999956488609314,0.47761470079421997,0.36455684900283813,-0.5159558653831482,0.9999970197677612,0.5331833958625793,0.4093320667743683,-0.3060118556022644,0.999996542930603,0.4316830337047577,0.4067769944667816,-0.31512364745140076,0.9999954104423523,0.5462290048599243,0.5257781147956848,-0.27063027024269104,0.9915581941604614,0.4197467565536499,0.5269890427589417,-0.29570892453193665,0.9910996556282043,0.554916262626648,0.6305036544799805,-0.32437774538993835,0.994276225566864,0.41575321555137634,0.6341478824615479,-0.3428191542625427,0.9899418354034424,0.5601944327354431,0.6606779098510742,-0.34872326254844666,0.9861857295036316,0.40815797448158264,0.6630364060401917,-0.3690981864929199,0.9777495265007019,0.5555271506309509,0.6608792543411255,-0.37638357281684875,0.9873975515365601,0.41354769468307495,0.6628115177154541,-0.3933269679546356,0.9813007712364197,0.5514523386955261,0.6524209976196289,-0.3355042338371277,0.9826875329017639,0.4189623296260834,0.6556909680366516,-0.35317155718803406,0.9679079651832581,0.5089631676673889,0.49673083424568176,0.0050506992265582085,0.9999740123748779,0.45787283778190613,0.498601496219635,-0.005165663547813892,0.9999766945838928,0.5196679830551147,0.5800710916519165,-0.30272337794303894,0.9789140224456787,0.4473143219947815,0.5795717239379883,-0.33033981919288635,0.9672088027000427,0.5166833996772766,0.748239278793335,-0.13447009027004242,0.9585510492324829,0.45792466402053833,0.7513442039489746,-0.15941789746284485,0.9688984155654907,0.5110148787498474,0.7760818600654602,-0.12655453383922577,0.8556972742080688,0.46430546045303345,0.7789695858955383,-0.14982861280441284,0.8219740986824036,0.5302098989486694,0.7892658710479736,-0.2651180624961853,0.9699599146842957,0.4460473358631134,0.7923358678817749,-0.2868315875530243,0.9659474492073059
0.48421090841293335,0.3504091501235962,-0.5604608058929443,0.999995231628418,0.49014315009117126,0.33245792984962463,-0.5476328134536743,0.9999881386756897,0.49435675144195557,0.33090150356292725,-0.54781574010849,0.9999842643737793,0.49733203649520874,0.32928502559661865,-0.5477972626686096,0.9999887347221375,0.47851845622062683,0.3331817388534546,-0.5506008863449097,0.9999950528144836,0.47483301162719727,0.3323294222354889,-0.5507909655570984,0.9999955296516418,0.47108158469200134,0.33128970861434937,-0.5508915781974792,0.9999964833259583,0.5004451274871826,0.32427164912223816,-0.4335317015647888,0.9999839067459106,0.46458813548088074,0.32558968663215637,-0.4459506869316101,0.9999861121177673,0.4909619688987732,0.36309006810188293,-0.512001097202301,0.9999954700469971,0.47761255502700806,0.3643609583377838,-0.5168097615242004,0.9999969005584717,0.5331413149833679,0.41045352816581726,-0.30805838108062744,0.9999964833259583,0.43147265911102295,0.4079037308692932,-0.31689170002937317,0.9999953508377075,0.5461752414703369,0.5262207388877869,-0.2724544405937195,0.9911404848098755,0.4197360575199127,0.5284205675125122,-0.29826197028160095,0.9905129075050354,0.5549911260604858,0.6316668391227722,-0.32477065920829773,0.9940260052680969,0.4157494902610779,0.6349124908447266,-0.3490394651889801,0.9892468452453613,0.5603578686714172,0.6620750427246094,-0.3492046594619751,0.9854974150657654,0.4079606235027313,0.6636908650398254,-0.3760661780834198,0.9762935042381287,0.5556186437606812,0.6618348956108093,-0.37717610597610474,0.9867616891860962,0.41354984045028687,0.6641746759414673,-0.4001035690307617,0.9801128506660461,0.5515711307525635,0.6530731916427612,-0.3355801999568939,0.9818596243858337,0.41893061995506287,0.6571589112281799,-0.35942813754081726,0.9659292101860046,0.5089660882949829,0.49774688482284546,0.004778087139129639,0.9999728202819824,0.4578915536403656,0.499692440032959,-0.0048889461904764175,0.9999756813049316,0.5196306109428406,0.5801296830177307,-0.3009510338306427,0.9777156114578247,0.44722816348075867,0.5795803070068359,-0.3276638090610504,0.9650673866271973,0.516440212726593,0.7478552460670471,-0.13333295285701752,0.955240786075592,0.45792287588119507,0.7513410449028015,-0.1561574637889862,0.9665446877479553,0.5108762979507446,0.7760839462280273,-0.12400788813829422,0.8473752737045288,0.46441563963890076,0.7793207168579102,-0.145157590508461,0.8131383657455444,0.5298855304718018,0.7892851829528809,-0.25851333141326904,0.9675592184066772,0.44603368639945984,0.7923201322555542,-0.27992236614227295,0.9633088111877441
0.4840095639228821,0.35653460025787354,-0.5593459010124207,0.9999949336051941,0.4898620843887329,0.33767449855804443,-0.5464724898338318,0.9999876618385315,0.4940471947193146,0.3362865447998047,-0.5466557145118713,0.9999836087226868,0.4971493184566498,0.33459603786468506,-0.546636700630188,0.9999882578849792,0.4781893789768219,0.33895397186279297,-0.5493586659431458,0.9999948740005493,0.4744907021522522,0.33870986104011536,-0.5495494604110718,0.9999953508377075,0.47068560123443604,0.3378686308860779,-0.5496505498886108,0.9999963641166687,0.5004456639289856,0.3292419910430908,-0.43440282344818115,0.9999834895133972,0.46440204977989197,0.3317655920982361,-0.44589856266975403,0.9999858736991882,0.49074554443359375,0.36914125084877014,-0.5111120343208313,0.9999951720237732,0.4773719012737274,0.37098026275634766,-0.5157989263534546,0.9999967217445374,0.5330939888954163,0.41441670060157776,-0.3100729286670685,0.9999964237213135,0.43143612146377563,0.4119201600551605,-0.3188377618789673,0.999995231628418,0.546017587184906,0.5307599902153015,-0.2777913510799408,0.9906293749809265,0.41973817348480225,0.5337929725646973,-0.30000707507133484,0.9896361231803894,0.5549874901771545,0.6374682188034058,-0.3291853070259094,0.9936959147453308,0.4157508909702301,0.6416544914245605,-0.34544864296913147,0.9877843260765076,0.5603516101837158,0.6676583886146545,-0.3531138300895691,0.984645426273346,0.40772679448127747,0.6682989597320557,-0.37117305397987366,0.9732279181480408,0.5555824041366577,0.668462872505188,-0.38001468777656555,0.9859769940376282,0.4135574996471405,0.6702991127967834,-0.3943580687046051,0.9775960445404053,0.5515498518943787,0.6598221659660339,-0.3398560881614685,0.9808506369590759,0.41893550753593445,0.6636722683906555,-0.35533836483955383,0.9620320200920105,0.5089653134346008,0.49932968616485596,0.004791239742189646,0.9999716877937317,0.4579363167285919,0.5017654895782471,-0.004900046158581972,0.9999747276306152,0.5196408629417419,0.5801399946212769,-0.2992866337299347,0.976129412651062,0.447223037481308,0.5795826315879822,-0.3267083466053009,0.9625895023345947,0.5162805914878845,0.747551441192627,-0.1325393170118332,0.9512094855308533,0.4578731954097748,0.7513002753257751,-0.15616056323051453,0.9636169075965881,0.5107356309890747,0.7761024832725525,-0.1227039247751236,0.8374752402305603,0.4643147885799408,0.7793042063713074,-0.1451997607946396,0.801690936088562,0.5299667716026306,0.7892711758613586,-0.2559511959552765,0.964554488658905,0.44620925188064575,0.7919868230819702,-0.28017714619636536,0.9600582718849182
0.48401549458503723,0.3616050183773041,-0.5596904158592224,0.9999943971633911,0.48985499143600464,0.34208032488822937,-0.5472080707550049,0.9999865293502808,0.4940093755722046,0.3408108353614807,-0.5473883152008057,0.9999821782112122,0.49711617827415466,0.3391648232936859,-0.5473710298538208,0.9999870657920837,0.4781648516654968,0.34392890334129333,-0.5501876473426819,0.9999944567680359,0.47442975640296936,0.3438623249530792,-0.5503740310668945,0.9999949932098389,0.4706161916255951,0.34310394525527954,-0.5504762530326843,0.9999960660934448,0.5004414319992065,0.3335191011428833,-0.43577003479003906,0.9999824166297913,0.4643413722515106,0.33670729398727417,-0.4480147063732147,0.9999853372573853,0.4907435178756714,0.37344780564308167,-0.5119242668151855,0.999994695186615,0.47737380862236023,0.3758296072483063,-0.5167022943496704,0.9999964833259583,0.5330672860145569,0.41754263639450073,-0.31162717938423157,0.9999963045120239,0.4313054084777832,0.41598591208457947,-0.3206149637699127,0.9999951124191284,0.545812726020813,0.5343899130821228,-0.28055429458618164,0.9898258447647095,0.41973990201950073,0.5374851822853088,-0.30134469270706177,0.9890227317810059,0.5549771189689636,0.6426058411598206,-0.33245527744293213,0.9932083487510681,0.41569218039512634,0.6463119983673096,-0.3442586660385132,0.9867696762084961,0.5603983402252197,0.6736167669296265,-0.35646218061447144,0.9834910035133362,0.40747398138046265,0.6727736592292786,-0.36967891454696655,0.9711020588874817,0.5555831789970398,0.6730769276618958,-0.38314828276634216,0.984908401966095,0.41355934739112854,0.6749980449676514,-0.39272820949554443,0.9758726954460144,0.5515416264533997,0.6641318798065186,-0.34322914481163025,0.9794701337814331,0.4189338982105255,0.6683868765830994,-0.3539852201938629,0.9592610001564026,0.508968710899353,0.5022419691085815,0.004725262522697449,0.9999709129333496,0.45793771743774414,0.5044506788253784,-0.004830481950193644,0.9999743103981018,0.5196512937545776,0.58014976978302,-0.3050522804260254,0.9751200675964355,0.44721290469169617,0.5795881748199463,-0.3309103548526764,0.9610519409179688,0.5162287354469299,0.7471997141838074,-0.13236869871616364,0.9484294056892395,0.4577580392360687,0.7512596249580383,-0.15699711441993713,0.9619677662849426,0.5106710195541382,0.7760998606681824,-0.12238899618387222,0.8294782042503357,0.46394118666648865,0.7792832255363464,-0.1455787718296051,0.7938188910484314,0.5299709439277649,0.7892419099807739,-0.25577908754348755,0.962385356426239,0.44643887877464294,0.7918635010719299,-0.28092437982559204,0.9580186009407043
0.4840152859687805,0.3671266734600067,-0.5579846501350403,0.999994158744812,0.48981285095214844,0.3472018837928772,-0.5465608835220337,0.9999862313270569,0.49395617842674255,0.34563568234443665,-0.5467356443405151,0.9999817609786987,0.4970777630805969,0.3438803553581238,-0.5467202067375183,0.9999867081642151,0.4780804514884949,0.34981703758239746,-0.5492443442344666,0.9999943375587463,0.4742439091205597,0.3497069776058197,-0.5494147539138794,0.9999948740005493,0.47035807371139526,0.34884753823280334,-0.5495129227638245,0.9999960064888,0.5005012154579163,0.3379092514514923,-0.43462175130844116,0.9999822378158569,0.4641333222389221,0.3421854078769684,-0.4463801085948944,0.9999853372573853,0.4907459616661072,0.3788904845714569,-0.5118446946144104,0.9999945163726807,0.47736993432044983,0.38167881965637207,-0.5162091851234436,0.9999963641166687,0.5330668687820435,0.4230518341064453,-0.3111170828342438,0.9999962449073792,0.43117955327033997,0.42191529273986816,-0.3204605281352997,0.9999950528144836,0.5457411408424377,0.5384989380836487,-0.2780793607234955,0.9894053936004639,0.41989564895629883,0.542421817779541,-0.3009428083896637,0.9885866045951843,0.5549774169921875,0.6485154032707214,-0.3259931206703186,0.9930886030197144,0.4155096113681793,0.6506547331809998,-0.33694571256637573,0.9864218831062317,0.560390830039978,0.6799200177192688,-0.3486320376396179,0.9831202626228333,0.40700194239616394,0.6779300570487976,-0.3614858090877533,0.9702200889587402,0.5555831789970398,0.6783957481384277,-0.3752230405807495,0.9845677018165588,0.4134959876537323,0.6806206703186035,-0.38488057255744934,0.9752129912376404,0.5515245199203491,0.669917643070221,-0.33654895424842834,0.9790441393852234,0.4188785254955292,0.6739304661750793,-0.3467588722705841,0.9582132697105408,0.5088438987731934,0.5050140023231506,0.004898416344076395,0.9999700784683228,0.45766353607177734,0.5074146389961243,-0.004998649470508099,0.9999736547470093,0.5197893381118774,0.5800414085388184,-0.3027230501174927,0.9732961058616638,0.4468843638896942,0.5803670287132263,-0.3292173147201538,0.9582713842391968,0.5162273049354553,0.7465462684631348,-0.12212688475847244,0.9435396790504456,0.4575706124305725,0.7507155537605286,-0.14693747460842133,0.9580840468406677,0.5106378793716431,0.776053786277771,-0.11108668893575668,0.8188520669937134,0.46347296237945557,0.778593122959137,-0.13422368466854095,0.7804796099662781,0.5299803018569946,0.7892385721206665,-0.2401614487171173,0.9588290452957153,0.4476805329322815,0.7912563681602478,-0.26466691493988037,0.9538388848304749
0.4840124249458313,0.3708755075931549,-0.5570476651191711,0.9999940991401672,0.48974645137786865,0.3509698510169983,-0.5462466478347778,0.9999862313270569,0.493876576423645,0.34955501556396484,-0.5464144349098206,0.999981701374054,0.4970083236694336,0.34800562262535095,-0.546400785446167,0.9999866485595703,0.47797664999961853,0.3534419536590576,-0.5486953854560852,0.9999943375587463,0.4740915596485138,0.35341697931289673,-0.5488529801368713,0.9999948740005493,0.4701889157295227,0.35266420245170593,-0.5489461421966553,0.9999960064888,0.500533401966095,0.34217917919158936,-0.4343547523021698,0.9999824166297913,0.46398690342903137,0.3463844656944275,-0.4456709027290344,0.9999856352806091,0.49075400829315186,0.38248592615127563,-0.511663019657135,0.9999944567680359,0.4773607850074768,0.3857126832008362,-0.515942394733429,0.9999963641166687,0.5330226421356201,0.42619287967681885,-0.3114756941795349,0.9999962449073792,0.4311307966709137,0.4255062937736511,-0.32058534026145935,0.9999950528144836,0.5457383990287781,0.5404995679855347,-0.28052660822868347,0.9893391728401184,0.4200707674026489,0.5450050234794617,-0.3017522990703583,0.988531231880188,0.5549623370170593,0.6518795490264893,-0.32808059453964233,0.9931620955467224,0.41541236639022827,0.653306782245636,-0.3411196768283844,0.9865189790725708,0.5604355931282043,0.6821107268333435,-0.35069209337234497,0.9832159280776978,0.4068772494792938,0.6799803972244263,-0.3665785789489746,0.9703530073165894,0.5555569529533386,0.6807801127433777,-0.3763600289821625,0.984649658203125,0.41349297761917114,0.6823630928993225,-0.3899494409561157,0.9753994345664978,0.551314115524292,0.672848105430603,-0.3384544253349304,0.9791655540466309,0.4188782274723053,0.6758404970169067,-0.35106417536735535,0.958507239818573,0.5083974599838257,0.5072692036628723,0.005049443803727627,0.9999686479568481,0.4569743275642395,0.5101372003555298,-0.005145316943526268,0.9999725818634033,0.5198055505752563,0.5794727206230164,-0.3012244403362274,0.9716430902481079,0.4466395974159241,0.5806202292442322,-0.32894665002822876,0.9559112787246704,0.5162303447723389,0.7452356219291687,-0.12371291220188141,0.939307451248169,0.4573439657688141,0.7498272657394409,-0.1487485021352768,0.9544879198074341,0.5106409788131714,0.7750675082206726,-0.11338303983211517,0.8096168041229248,0.46297746896743774,0.7775759100914001,-0.1365777999162674,0.7682493925094604,0.5297297239303589,0.7892569899559021,-0.24465486407279968,0.9560679793357849,0.44923272728919983,0.7907788157463074,-0.268492728471756,0.9502779841423035
0.4838121235370636,0.372372567653656,-0.5521519780158997,0.9999939799308777,0.48950275778770447,0.3530251085758209,-0.5410481691360474,0.9999860525131226,0.49361276626586914,0.3516945242881775,-0.5412169098854065,0.9999814629554749,0.4967544376850128,0.3500615358352661,-0.5412020087242126,0.999986469745636,0.47761064767837524,0.35514286160469055,-0.5435093641281128,0.9999942779541016,0.473667711019516,0.35524940490722656,-0.5436719059944153,0.9999948143959045,0.4698345959186554,0.3544037938117981,-0.5437662601470947,0.9999959468841553,0.5005272626876831,0.3437216281890869,-0.43256059288978577,0.999982476234436,0.4638444483280182,0.3478356599807739,-0.4429692029953003,0.9999856948852539,0.4906812906265259,0.3838462829589844,-0.5065240263938904,0.9999943375587463,0.4772680401802063,0.3868049681186676,-0.5106643438339233,0.9999963045120239,0.532936155796051,0.42575153708457947,-0.3100675940513611,0.9999962449073792,0.4310764968395233,0.4254535138607025,-0.3190150558948517,0.9999949932098389,0.5457035303115845,0.5415266156196594,-0.2772555351257324,0.9892920851707458,0.42013850808143616,0.5456417798995972,-0.29594099521636963,0.9882690906524658,0.5549649000167847,0.6529508233070374,-0.31900516152381897,0.9932687878608704,0.4153457581996918,0.6544395089149475,-0.3293514847755432,0.9863255023956299,0.5605236887931824,0.6827312707901001,-0.3413049280643463,0.9833735227584839,0.40680617094039917,0.6805286407470703,-0.35340455174446106,0.9698807001113892,0.5555474162101746,0.6817752122879028,-0.3676089346408844,0.9847928285598755,0.4134918451309204,0.6828417778015137,-0.37672510743141174,0.9750910401344299,0.5512248277664185,0.6737474203109741,-0.32946282625198364,0.9793679118156433,0.4188770353794098,0.6765603423118591,-0.33910563588142395,0.958031952381134,0.5080998539924622,0.5082840919494629,0.005296966060996056,0.9999671578407288,0.45642518997192383,0.5108791589736938,-0.005388983525335789,0.9999712109565735,0.5198150873184204,0.5793986320495605,-0.30053916573524475,0.9703636169433594,0.44646796584129333,0.5809590220451355,-0.32841476798057556,0.9539259672164917,0.5161836743354797,0.7451010346412659,-0.12457908689975739,0.9359393119812012,0.45722535252571106,0.749329149723053,-0.14966651797294617,0.9511083364486694,0.5105050802230835,0.7746081948280334,-0.11457297950983047,0.8024688363075256,0.4626828134059906,0.7769781947135925,-0.13766977190971375,0.7574003338813782,0.5295525193214417,0.7893271446228027,-0.24568022787570953,0.9538679122924805,0.4498451054096222,0.7905368208885193,-0.2685982286930084,0.9470033645629883
0.48386913537979126,0.3764869272708893,-0.552553117275238,0.9999936819076538,0.489499568939209,0.35668614506721497,-0.5417670011520386,0.9999855756759644,0.49359506368637085,0.35523128509521484,-0.5419338345527649,0.9999808669090271,0.49671345949172974,0.35365885496139526,-0.5419206619262695,0.9999859929084778,0.4776010811328888,0.3591252863407135,-0.5444206595420837,0.9999940991401672,0.4736424386501312,0.3590661585330963,-0.544580340385437,0.9999946355819702,0.4698064923286438,0.35824015736579895,-0.5446723103523254,0.9999958276748657,0.5005174279212952,0.34812572598457336,-0.43346017599105835,0.9999822974205017,0.4636721611022949,0.3515457510948181,-0.4448065459728241,0.9999855756759644,0.49074453115463257,0.38767367601394653,-0.5069607496261597,0.999994158744812,0.4772751033306122,0.39061158895492554,-0.5112577676773071,0.9999961853027344,0.5328006148338318,0.4263612627983093,-0.3105156123638153,0.9999962449073792,0.4309081733226776,0.42615047097206116,-0.31893929839134216,0.9999949336051941,0.5456998944282532,0.5411415696144104,-0.2792246639728546,0.9889962673187256,0.4201398193836212,0.5461626052856445,-0.2967902719974518,0.9881089925765991,0.5549628138542175,0.6520732641220093,-0.32315418124198914,0.9932127594947815,0.4152682423591614,0.6546690464019775,-0.33555805683135986,0.9861470460891724,0.5605887770652771,0.6819702982902527,-0.3450390696525574,0.9831979274749756,0.40674200654029846,0.6806551814079285,-0.3605322241783142,0.9696156978607178,0.5555374026298523,0.6812734007835388,-0.36949920654296875,0.9846147894859314,0.4134497344493866,0.6828114986419678,-0.38370150327682495,0.974933922290802,0.5511480569839478,0.6732094287872314,-0.33313319087028503,0.9791417121887207,0.4187925159931183,0.6768501996994019,-0.3453964293003082,0.9577023386955261,0.508104681968689,0.5088164806365967,0.004962726030498743,0.999965488910675,0.4563630223274231,0.5108630657196045,-0.005053231026977301,0.9999697804450989,0.5200554728507996,0.5792328715324402,-0.3060554265975952,0.9698393940925598,0.44618600606918335,0.5811672806739807,-0.32985788583755493,0.9526152610778809,0.5161959528923035,0.7450142502784729,-0.13707710802555084,0.9346085786819458,0.4571918249130249,0.7493471503257751,-0.15458983182907104,0.9495604038238525,0.5105051398277283,0.7743493318557739,-0.12737064063549042,0.7991912961006165,0.4625624716281891,0.7768826484680176,-0.14271239936351776,0.7523987889289856,0.5290598273277283,0.7893567681312561,-0.2579783499240875,0.9530490636825562,0.4499187171459198,0.790514349937439,-0.2710760235786438,0.9455322623252869
0.4838128089904785,0.38082951307296753,-0.5508319735527039,0.9999930262565613,0.4893505275249481,0.36130714416503906,-0.5405586957931519,0.9999843835830688,0.4933551251888275,0.3596900999546051,-0.5407244563102722,0.9999793171882629,0.49644315242767334,0.35800740122795105,-0.540713369846344,0.999984860420227,0.477349191904068,0.3638089597225189,-0.5430835485458374,0.9999935626983643,0.4732055068016052,0.3634047210216522,-0.5432474613189697,0.999994158744812,0.4693751633167267,0.36231687664985657,-0.5433410406112671,0.9999954700469971,0.500525712966919,0.35077452659606934,-0.43335744738578796,0.9999814629554749,0.46336957812309265,0.353854775428772,-0.4445439577102661,0.9999848008155823,0.4907146692276001,0.39182618260383606,-0.5053558349609375,0.9999936819076538,0.47704988718032837,0.3949776291847229,-0.5094247460365295,0.9999958276748657,0.5327860116958618,0.42740821838378906,-0.31033656001091003,0.9999962449073792,0.4308006465435028,0.42672181129455566,-0.3186335861682892,0.9999948740005493,0.5459232330322266,0.5425921082496643,-0.2790065407752991,0.9885213375091553,0.42006126046180725,0.5460841059684753,-0.2966628670692444,0.9877458214759827,0.555036187171936,0.6512944102287292,-0.32372111082077026,0.993019700050354,0.4152069687843323,0.6536596417427063,-0.33532142639160156,0.9857080578804016,0.5608997344970703,0.6810441017150879,-0.3463398516178131,0.9827201962471008,0.4066518247127533,0.6803402304649353,-0.3596780002117157,0.9689309597015381,0.5555369257926941,0.6809736490249634,-0.3717844784259796,0.9841691851615906,0.41344889998435974,0.6823325753211975,-0.3823356330394745,0.9744465947151184,0.5511067509651184,0.6732214093208313,-0.3340005874633789,0.9785647988319397,0.41877666115760803,0.6760290861129761,-0.3448864817619324,0.9568215012550354,0.5082435607910156,0.5096415281295776,0.004392425063997507,0.9999632239341736,0.45631301403045654,0.5114507079124451,-0.004482465796172619,0.9999677538871765,0.520931601524353,0.5788694620132446,-0.3053026497364044,0.969005286693573,0.4460502564907074,0.5813744068145752,-0.3268044590950012,0.9509391784667969,0.5161982774734497,0.7449883818626404,-0.14061880111694336,0.932674765586853,0.45714715123176575,0.749446451663971,-0.15457575023174286,0.9474257230758667,0.5104802250862122,0.7742863297462463,-0.1311977356672287,0.7949991822242737,0.462493896484375,0.7768544554710388,-0.14274263381958008,0.7459878325462341,0.5283418297767639,0.7893579006195068,-0.2602146565914154,0.9518778324127197,0.44978734850883484,0.790495753288269,-0.2714141309261322,0.9436375498771667
0.4838308095932007,0.383667916059494,-0.5499491095542908,0.9999918341636658,0.48931920528411865,0.36402055621147156,-0.5398851633071899,0.9999819993972778,0.4932771921157837,0.3620305359363556,-0.5400514602661133,0.9999762773513794,0.4963122606277466,0.3601747155189514,-0.5400396585464478,0.9999826550483704,0.47722309827804565,0.3672279119491577,-0.5424906611442566,0.9999924898147583,0.47297248244285583,0.36685478687286377,-0.5426579117774963,0.9999931454658508,0.46914926171302795,0.36570271849632263,-0.542753279209137,0.999994695186615,0.5005664229393005,0.3510887920856476,-0.433634877204895,0.9999794960021973,0.46320298314094543,0.3555196523666382,-0.4446788728237152,0.999983012676239,0.4907202422618866,0.39377036690711975,-0.5046172738075256,0.9999927878379822,0.4770243465900421,0.39721494913101196,-0.5087760090827942,0.999995231628418,0.5329025983810425,0.4278944134712219,-0.31033599376678467,0.9999962449073792,0.4306334853172302,0.42710956931114197,-0.3190619647502899,0.999994695186615,0.5464228391647339,0.5427566170692444,-0.2799762189388275,0.9879471063613892,0.41998544335365295,0.5457344055175781,-0.29769080877304077,0.9869556427001953,0.5550512075424194,0.6511508226394653,-0.3262452483177185,0.9927070736885071,0.41518592834472656,0.6530887484550476,-0.33665594458580017,0.9846253991127014,0.5610849261283875,0.6805813312530518,-0.34862902760505676,0.9819096326828003,0.40664878487586975,0.6800788640975952,-0.3610518276691437,0.9668139815330505,0.5555693507194519,0.6808229684829712,-0.37268227338790894,0.9834108352661133,0.41357049345970154,0.6820423603057861,-0.3833986818790436,0.9727858304977417,0.5511000752449036,0.6732702255249023,-0.33610641956329346,0.9775722026824951,0.418884813785553,0.675483226776123,-0.3460986316204071,0.9541267156600952,0.5081314444541931,0.5089503526687622,0.004524016287177801,0.9999605417251587,0.45578303933143616,0.5105205774307251,-0.004611280281096697,0.9999651312828064,0.5213820338249207,0.5789759159088135,-0.29772481322288513,0.9663228988647461,0.4460045099258423,0.5821670293807983,-0.32572558522224426,0.9475506544113159,0.5161987543106079,0.7450272440910339,-0.13629966974258423,0.9277390837669373,0.45699265599250793,0.749319851398468,-0.15222850441932678,0.9426280856132507,0.5104705691337585,0.774375855922699,-0.12690430879592896,0.7832789421081543,0.4621666967868805,0.7762718200683594,-0.14008010923862457,0.7314311265945435,0.5283869504928589,0.7895039916038513,-0.2520308196544647,0.9479457139968872,0.44973963499069214,0.7904943823814392,-0.26637783646583557,0.938689112663269
0.48418334126472473,0.38287216424942017,-0.5504491329193115,0.9999908804893494,0.4893253743648529,0.363273024559021,-0.5409561395645142,0.9999799728393555,0.4932750463485718,0.36119481921195984,-0.5411221981048584,0.999973714351654,0.4962967336177826,0.3591662645339966,-0.5411123037338257,0.9999808669090271,0.47722128033638,0.3666459619998932,-0.5438329577445984,0.9999916553497314,0.47295868396759033,0.3663293421268463,-0.5439987778663635,0.9999923706054688,0.4691546559333801,0.3652484118938446,-0.5440930128097534,0.9999940991401672,0.5006223917007446,0.34996262192726135,-0.43594977259635925,0.9999780058860779,0.4631863236427307,0.35542911291122437,-0.4479622542858124,0.9999814629554749,0.49091634154319763,0.39235973358154297,-0.5056046843528748,0.9999921917915344,0.4774501621723175,0.39636924862861633,-0.5100645422935486,0.9999948143959045,0.5331985950469971,0.42836302518844604,-0.31202074885368347,0.9999963045120239,0.4305470883846283,0.4270828366279602,-0.3219819664955139,0.9999945759773254,0.5467929244041443,0.5432441830635071,-0.28154096007347107,0.9874999523162842,0.4199380874633789,0.54526287317276,-0.3014104664325714,0.9861961007118225,0.5550705194473267,0.650923490524292,-0.32969093322753906,0.9924467206001282,0.4151807129383087,0.6542060375213623,-0.3373999297618866,0.9831610321998596,0.5613124370574951,0.6802502274513245,-0.35271164774894714,0.9811657071113586,0.406654953956604,0.6805654764175415,-0.36254891753196716,0.9638777375221252,0.5555728077888489,0.6805835962295532,-0.3771682679653168,0.9827096462249756,0.41358768939971924,0.6826672554016113,-0.3852730393409729,0.9704275727272034,0.5510702133178711,0.6731193661689758,-0.3396792709827423,0.9766587018966675,0.41889065504074097,0.6762773394584656,-0.34717729687690735,0.9503528475761414,0.5080932974815369,0.5083658695220947,0.004756337963044643,0.999959409236908,0.4557705521583557,0.5103498697280884,-0.004842814989387989,0.9999638795852661,0.5218698382377625,0.5793231725692749,-0.29748696088790894,0.9637824296951294,0.44604378938674927,0.5827565789222717,-0.32537636160850525,0.944003164768219,0.5161821842193604,0.745023787021637,-0.13376151025295258,0.922495424747467,0.45687589049339294,0.7491433024406433,-0.15210765600204468,0.9385438561439514,0.5104547142982483,0.77436763048172,-0.12405431270599365,0.7716090083122253,0.4619225263595581,0.7760222554206848,-0.1400800198316574,0.7178632020950317,0.5284108519554138,0.7895564436912537,-0.2501765787601471,0.9438663721084595,0.45028063654899597,0.7903889417648315,-0.2680272161960602,0.9343472123146057
0.484393447637558,0.3814341127872467,-0.5505638718605042,0.9999902248382568,0.489337295293808,0.3618956208229065,-0.5408515334129333,0.9999785423278809,0.49327537417411804,0.35996633768081665,-0.5410190224647522,0.999971866607666,0.4962882995605469,0.3579684793949127,-0.541010320186615,0.999979555606842,0.47722283005714417,0.36459046602249146,-0.5437957644462585,0.9999910593032837,0.47296279668807983,0.36415794491767883,-0.543962299823761,0.999991774559021,0.46916237473487854,0.3630339205265045,-0.5440570116043091,0.9999936819076538,0.5006482601165771,0.3489142656326294,-0.43586865067481995,0.9999769330024719,0.46318739652633667,0.3538677990436554,-0.4482491612434387,0.9999803900718689,0.49107277393341064,0.3909755349159241,-0.5055467486381531,0.999991774559021,0.47759783267974854,0.3947694003582001,-0.5100915431976318,0.9999945163726807,0.5332934260368347,0.4278274476528168,-0.3125993013381958,0.9999963641166687,0.4305435121059418,0.42586925625801086,-0.32328906655311584,0.9999945163726807,0.5468112826347351,0.5432531237602234,-0.28262555599212646,0.9870644807815552,0.41994377970695496,0.5451186895370483,-0.30529797077178955,0.9856621026992798,0.5551258325576782,0.6510454416275024,-0.33087050914764404,0.9920883774757385,0.41514188051223755,0.6554971933364868,-0.34121033549308777,0.9818958640098572,0.5614668130874634,0.6807131767272949,-0.353982537984848,0.9802311658859253,0.40665143728256226,0.6820897459983826,-0.3654996454715729,0.9613556861877441,0.5555859208106995,0.6807894110679626,-0.3788098990917206,0.9818321466445923,0.4135710895061493,0.6839168667793274,-0.38812002539634705,0.9684118628501892,0.551056981086731,0.6732134819030762,-0.3409859538078308,0.9755495190620422,0.4188504219055176,0.6774778962135315,-0.35079261660575867,0.947145402431488,0.5081424117088318,0.5079075694084167,0.004960356280207634,0.999958336353302,0.45578986406326294,0.5097927451133728,-0.005048694089055061,0.9999628067016602,0.521862804889679,0.5793558955192566,-0.29732745885849,0.9614494442939758,0.4461086392402649,0.5827509760856628,-0.32512298226356506,0.9402257800102234,0.5160570740699768,0.7451369762420654,-0.13387969136238098,0.9175700545310974,0.45679447054862976,0.7490936517715454,-0.15536411106586456,0.9341157078742981,0.5103272199630737,0.7745288610458374,-0.12438658624887466,0.7631157636642456,0.4617486298084259,0.776007354259491,-0.1440630555152893,0.7056061625480652,0.5284329056739807,0.7896353602409363,-0.2504781186580658,0.9404218792915344,0.4508169889450073,0.7903648018836975,-0.27220410108566284,0.9299996495246887
0.4845206141471863,0.380980521440506,-0.5501596927642822,0.9999898076057434,0.4893452227115631,0.3614545464515686,-0.5403414368629456,0.999977707862854,0.4932754337787628,0.35957425832748413,-0.5405108332633972,0.9999708533287048,0.4962802827358246,0.3575790822505951,-0.5405033230781555,0.9999788999557495,0.4772241413593292,0.3639020025730133,-0.5433841347694397,0.999990701675415,0.4729650318622589,0.36341604590415955,-0.543551504611969,0.9999914169311523,0.46916836500167847,0.36226242780685425,-0.5436466932296753,0.9999933838844299,0.5006729364395142,0.34846246242523193,-0.4355252981185913,0.9999764561653137,0.46318843960762024,0.3532223701477051,-0.4478229880332947,0.9999797344207764,0.49117591977119446,0.3904910385608673,-0.5050280094146729,0.9999915361404419,0.4776799976825714,0.3942171335220337,-0.5097213387489319,0.9999943375587463,0.5333559513092041,0.4275897443294525,-0.31223657727241516,0.9999964237213135,0.43053969740867615,0.42520084977149963,-0.32262882590293884,0.9999944567680359,0.5468388795852661,0.5431575179100037,-0.28174516558647156,0.986695408821106,0.41995716094970703,0.5449300408363342,-0.30501851439476013,0.9848692417144775,0.5551750659942627,0.6512599587440491,-0.3301904499530792,0.991848886013031,0.4151403307914734,0.6553633213043213,-0.3388918936252594,0.9803956151008606,0.5615522861480713,0.6809945106506348,-0.35303911566734314,0.9795750379562378,0.4066472053527832,0.6820933222770691,-0.362588107585907,0.9585123062133789,0.5556102991104126,0.6810282468795776,-0.37794047594070435,0.9812194108963013,0.41356658935546875,0.6840848922729492,-0.3854828178882599,0.9661270380020142,0.5510542988777161,0.6734569668769836,-0.34021660685539246,0.9747618436813354,0.4188445210456848,0.6776033639907837,-0.3484487235546112,0.9435628056526184,0.508151113986969,0.5075737237930298,0.005028883460909128,0.9999575614929199,0.45580166578292847,0.5093984007835388,-0.005117414984852076,0.9999619126319885,0.5218531489372253,0.57941734790802,-0.29641908407211304,0.9594444036483765,0.4461880624294281,0.5827460289001465,-0.3243066370487213,0.9371007084846497,0.5159414410591125,0.7452707886695862,-0.1337638646364212,0.9136373996734619,0.45674529671669006,0.749089241027832,-0.1560664176940918,0.9304279088973999,0.5101602077484131,0.7747008204460144,-0.12438227981328964,0.7561129927635193,0.46167099475860596,0.7759551405906677,-0.14493399858474731,0.6950981616973877,0.5284535884857178,0.7897171974182129,-0.25067251920700073,0.937739372253418,0.4509057104587555,0.7903275489807129,-0.2731466591358185,0.9264383912086487
0.48451241850852966,0.3793899714946747,-0.5501962304115295,0.99998939037323,0.48931899666786194,0.3599286377429962,-0.5405526757240295,0.9999769330024719,0.49325039982795715,0.3581658601760864,-0.5407216548919678,0.9999697804450989,0.49622219800949097,0.3562769889831543,-0.5407153367996216,0.9999781847000122,0.47717487812042236,0.3621988296508789,-0.543491005897522,0.9999904036521912,0.47292473912239075,0.36175042390823364,-0.5436592102050781,0.9999911189079285,0.46914932131767273,0.36064088344573975,-0.5437554121017456,0.9999931454658508,0.5006806254386902,0.34769994020462036,-0.4357073903083801,0.999975860118866,0.4631924629211426,0.3521746098995209,-0.4475181996822357,0.9999792575836182,0.49117591977119446,0.38928401470184326,-0.5052114725112915,0.9999912977218628,0.4776989817619324,0.3926604986190796,-0.5097765922546387,0.999994158744812,0.5334879159927368,0.4272359013557434,-0.3124382197856903,0.9999964237213135,0.43054232001304626,0.4247131049633026,-0.3222994804382324,0.9999944567680359,0.5466955304145813,0.5427553653717041,-0.28149306774139404,0.986042320728302,0.4199593663215637,0.5446344017982483,-0.3039731979370117,0.9842361211776733,0.5551930069923401,0.6514003276824951,-0.32945019006729126,0.9913618564605713,0.415139764547348,0.6552611589431763,-0.3376716375350952,0.9792454242706299,0.5615531206130981,0.6812406182289124,-0.35211315751075745,0.9784252643585205,0.40664640069007874,0.6818328499794006,-0.3613123297691345,0.956375241279602,0.5556328892707825,0.6811217069625854,-0.37735477089881897,0.9801520705223083,0.4135708510875702,0.6841843724250793,-0.3844030797481537,0.9643986821174622,0.5510545969009399,0.6733812689781189,-0.3395323157310486,0.9733967781066895,0.41884925961494446,0.6777209639549255,-0.3472825288772583,0.940821647644043,0.5085408091545105,0.5073332190513611,0.004865373019129038,0.9999570250511169,0.45621153712272644,0.5091518759727478,-0.004956358578056097,0.9999615550041199,0.5217956304550171,0.5794708132743835,-0.2991265058517456,0.9584180116653442,0.4463295638561249,0.5826470255851746,-0.32442206144332886,0.9350849986076355,0.5158363580703735,0.745475709438324,-0.13847747445106506,0.9118565320968628,0.4566924273967743,0.7491734027862549,-0.1591208130121231,0.928688108921051,0.5100535154342651,0.774878203868866,-0.1294209063053131,0.7530429363250732,0.4616489112377167,0.7759971022605896,-0.1483304649591446,0.6896746754646301,0.5284345149993896,0.7898054718971252,-0.25862130522727966,0.9368041753768921,0.4508870542049408,0.7903337478637695,-0.27853018045425415,0.9249765276908875
0.4844712018966675,0.37852445244789124,-0.5510518550872803,0.9999890923500061,0.4892818033695221,0.35889381170272827,-0.5412813425064087,0.9999763369560242,0.49321454763412476,0.35715582966804504,-0.541452169418335,0.9999688863754272,0.4961808919906616,0.3553013503551483,-0.5414470434188843,0.9999775886535645,0.47717344760894775,0.3613847494125366,-0.5440260171890259,0.9999901652336121,0.47294148802757263,0.3611205816268921,-0.5441952347755432,0.9999908804893494,0.46917277574539185,0.36003953218460083,-0.5442916750907898,0.9999929666519165,0.5006737112998962,0.34705185890197754,-0.4365116357803345,0.999975323677063,0.463193416595459,0.35142141580581665,-0.44758594036102295,0.99997878074646,0.49114611744880676,0.38842448592185974,-0.5061991810798645,0.9999911189079285,0.47768136858940125,0.3919920325279236,-0.5105084180831909,0.9999940395355225,0.5336042046546936,0.4271588623523712,-0.3140142858028412,0.9999964237213135,0.43052399158477783,0.4244687557220459,-0.3225792646408081,0.9999944567680359,0.5467055439949036,0.54248046875,-0.2843833565711975,0.9857125878334045,0.419962078332901,0.5447623133659363,-0.3057798445224762,0.9838021993637085,0.5552495718002319,0.6514557003974915,-0.3325033485889435,0.9910004734992981,0.415138840675354,0.6547943949699402,-0.34390389919281006,0.97854083776474,0.5615751147270203,0.6813485026359558,-0.3556959331035614,0.9775704145431519,0.406639039516449,0.6815295815467834,-0.36829978227615356,0.9550888538360596,0.5556315779685974,0.6811213493347168,-0.3812684118747711,0.9793432950973511,0.41357284784317017,0.6838737726211548,-0.3913640081882477,0.9633615612983704,0.5510442852973938,0.6733819246292114,-0.34277230501174927,0.9723816514015198,0.418850839138031,0.6772940754890442,-0.35362523794174194,0.9391457438468933,0.5086344480514526,0.5072060823440552,0.004834726452827454,0.9999567270278931,0.4562259316444397,0.5090700387954712,-0.004927536938339472,0.9999613165855408,0.5217815637588501,0.5794519186019897,-0.29909008741378784,0.9572094082832336,0.4463358223438263,0.5826267600059509,-0.3243435323238373,0.9325605034828186,0.515751302242279,0.7456163763999939,-0.13785789906978607,0.9094774723052979,0.4566499590873718,0.7492471933364868,-0.15906722843647003,0.9265207052230835,0.5099436044692993,0.7749378681182861,-0.12880632281303406,0.7491805553436279,0.46163660287857056,0.7760347127914429,-0.14826712012290955,0.6839010715484619,0.528407633304596,0.7898454070091248,-0.2585219442844391,0.9353518486022949,0.4508458077907562,0.7903386950492859,-0.2787184417247772,0.9229956865310669
0.4844002425670624,0.37790215015411377,-0.5511454939842224,0.9999884366989136,0.48920610547065735,0.3582443594932556,-0.5412577986717224,0.9999750256538391,0.49315720796585083,0.35652226209640503,-0.5414289832115173,0.9999670386314392,0.49612268805503845,0.3546863794326782,-0.5414238572120667,0.9999763369560242,0.4771571457386017,0.36087411642074585,-0.543951153755188,0.9999896287918091,0.4729449450969696,0.3607640862464905,-0.5441212058067322,0.9999903440475464,0.4691754877567291,0.35970887541770935,-0.5442180633544922,0.9999925494194031,0.5006727576255798,0.34658360481262207,-0.43646857142448425,0.9999740719795227,0.46319112181663513,0.351127028465271,-0.4474414885044098,0.999977707862854,0.4911026358604431,0.3878590762615204,-0.5062010884284973,0.999990701675415,0.47765693068504333,0.3915688097476959,-0.5105039477348328,0.9999937415122986,0.533644437789917,0.42695385217666626,-0.3144676387310028,0.9999963641166687,0.4304889440536499,0.42437437176704407,-0.3226378858089447,0.9999943971633911,0.5467993021011353,0.5425595045089722,-0.28640586137771606,0.9853820204734802,0.4199604094028473,0.5448071360588074,-0.30716672539711,0.9833033680915833,0.5552859902381897,0.6512791514396667,-0.33559373021125793,0.9906156063079834,0.4151381254196167,0.6545068621635437,-0.3467547297477722,0.9776461720466614,0.5615878701210022,0.6811876893043518,-0.35912689566612244,0.9767027497291565,0.40663620829582214,0.6812969446182251,-0.3714729845523834,0.9534453749656677,0.5556262731552124,0.6810807585716248,-0.3848424553871155,0.9785212278366089,0.4135734736919403,0.6836588978767395,-0.3943478763103485,0.9620212316513062,0.5510223507881165,0.6733738780021667,-0.3459734618663788,0.971350908279419,0.4188534617424011,0.6770419478416443,-0.3564552664756775,0.9370564222335815,0.5086328983306885,0.507055938243866,0.00481103640049696,0.999956488609314,0.45620355010032654,0.508935809135437,-0.0049051642417907715,0.9999611377716064,0.5218997597694397,0.5794479250907898,-0.29905766248703003,0.9560615420341492,0.4463261067867279,0.5826213955879211,-0.3243435323238373,0.9303413033485413,0.5157226920127869,0.7456938028335571,-0.13872030377388,0.9075024724006653,0.45662158727645874,0.7495235204696655,-0.16061611473560333,0.9249005913734436,0.5098885893821716,0.7749930620193481,-0.12989456951618195,0.745557963848114,0.4616371691226959,0.7763445973396301,-0.1500389575958252,0.6797048449516296,0.5281010866165161,0.789864718914032,-0.2601509690284729,0.9341007471084595,0.44987455010414124,0.7904050350189209,-0.28078407049179077,0.9215435981750488
0.4843963384628296,0.3778247535228729,-0.5512181520462036,0.999987781047821,0.4891906976699829,0.357899010181427,-0.5412607192993164,0.9999735951423645,0.4931412935256958,0.35618680715560913,-0.5414319634437561,0.9999649524688721,0.49610868096351624,0.3543550670146942,-0.541426956653595,0.9999749064445496,0.4771565794944763,0.36073538661003113,-0.5439523458480835,0.9999890327453613,0.47296255826950073,0.360360324382782,-0.5441227555274963,0.9999897480010986,0.4692051112651825,0.35931268334388733,-0.5442196726799011,0.9999921321868896,0.500667929649353,0.3463445007801056,-0.4366457164287567,0.9999725222587585,0.4631960690021515,0.3509894013404846,-0.44737347960472107,0.999976396560669,0.49109798669815063,0.3875539004802704,-0.5062822699546814,0.9999901056289673,0.4776574671268463,0.3912895619869232,-0.5105313062667847,0.9999933838844299,0.5337609052658081,0.4268360137939453,-0.3153837025165558,0.9999963045120239,0.4304763078689575,0.4242090582847595,-0.3237135708332062,0.9999942183494568,0.5469982624053955,0.5424546003341675,-0.2892330288887024,0.9848314523696899,0.4199574291706085,0.5448892712593079,-0.31114885210990906,0.9827421307563782,0.5553194880485535,0.6511666178703308,-0.3390737473964691,0.9898460507392883,0.4151206910610199,0.6544895172119141,-0.351951539516449,0.97632896900177,0.5615959763526917,0.6810473799705505,-0.36269766092300415,0.9750118851661682,0.4066200256347656,0.6811961531639099,-0.3769172728061676,0.9509608149528503,0.5555832982063293,0.6809888482093811,-0.3881887197494507,0.976916491985321,0.41357240080833435,0.6835517883300781,-0.3994559943675995,0.9599621891975403,0.5509511232376099,0.6733437180519104,-0.3493908643722534,0.9693738222122192,0.4188518226146698,0.6769275665283203,-0.36155974864959717,0.9339244365692139,0.5086327195167542,0.5070919990539551,0.004808501340448856,0.9999561309814453,0.45620468258857727,0.5087702870368958,-0.0049032713286578655,0.9999608397483826,0.5222130417823792,0.5794486403465271,-0.2988205850124359,0.9542266726493835,0.44628047943115234,0.582610547542572,-0.3238142728805542,0.9269163608551025,0.5156649351119995,0.7457706332206726,-0.1397232860326767,0.9046202898025513,0.4565902054309845,0.7497385740280151,-0.1617654263973236,0.9226279854774475,0.5097600817680359,0.7750381827354431,-0.13116101920604706,0.7409437894821167,0.4616362750530243,0.7765573859214783,-0.15144681930541992,0.674685001373291,0.5278815627098083,0.789975106716156,-0.26139822602272034,0.9320057034492493,0.44935837388038635,0.7904478311538696,-0.282068133354187,0.9192812442779541
0.48437607288360596,0.3776838481426239,-0.552055299282074,0.9999871253967285,0.48916175961494446,0.35762301087379456,-0.5418359041213989,0.9999722838401794,0.4931185841560364,0.3559308648109436,-0.5420079827308655,0.9999631643295288,0.4960913360118866,0.3541111648082733,-0.5420025587081909,0.9999736547470093,0.4771430790424347,0.3606787621974945,-0.5444203019142151,0.9999884963035583,0.47296571731567383,0.3600844442844391,-0.544593095779419,0.9999892115592957,0.46920865774154663,0.3590392470359802,-0.5446921586990356,0.999991774559021,0.5006664395332336,0.346200555562973,-0.4367254972457886,0.9999712705612183,0.4631926715373993,0.3509420156478882,-0.4473010301589966,0.9999753832817078,0.49109116196632385,0.38728848099708557,-0.5068823099136353,0.9999896287918091,0.47764718532562256,0.391234427690506,-0.5110138654708862,0.999993085861206,0.5338423252105713,0.4267689883708954,-0.31502899527549744,0.9999962449073792,0.4304506480693817,0.4241015315055847,-0.32344403862953186,0.9999940395355225,0.5471203327178955,0.5425856709480286,-0.2877587378025055,0.9845103025436401,0.4199634790420532,0.5449103713035583,-0.3098223805427551,0.982197105884552,0.555355429649353,0.6510702967643738,-0.3374403715133667,0.9894365668296814,0.4150897264480591,0.6545368432998657,-0.35104599595069885,0.9752767086029053,0.5616119503974915,0.6808956861495972,-0.36104246973991394,0.9740840196609497,0.4065598249435425,0.6811928153038025,-0.3761853277683258,0.9490761756896973,0.5555732846260071,0.6808849573135376,-0.38671258091926575,0.9760398864746094,0.41352811455726624,0.6835838556289673,-0.3988805115222931,0.9584144949913025,0.5509284138679504,0.6732699275016785,-0.3478129804134369,0.9682828187942505,0.4188176393508911,0.6769459843635559,-0.36072126030921936,0.9315362572669983,0.508621335029602,0.507320761680603,0.004818810615688562,0.9999560713768005,0.45617732405662537,0.5086597800254822,-0.004913900978863239,0.9999607801437378,0.5224143862724304,0.5794234275817871,-0.299752801656723,0.9541022181510925,0.4462797939777374,0.5825992226600647,-0.3252579867839813,0.9264383316040039,0.5156338810920715,0.7457910776138306,-0.13953614234924316,0.9043955206871033,0.4565788209438324,0.7500199675559998,-0.1627141684293747,0.9225803017616272,0.5097064971923828,0.7750419974327087,-0.13079743087291718,0.7408014535903931,0.46163836121559143,0.7768256068229675,-0.15224888920783997,0.6742137670516968,0.5276092290878296,0.790026843547821,-0.26178860664367676,0.9318262338638306,0.4490741789340973,0.7905240058898926,-0.28409120440483093,0.9191338419914246
0.48435935378074646,0.377503365278244,-0.55206298828125,0.9999863505363464,0.48914480209350586,0.35739800333976746,-0.5418350696563721,0.9999706149101257,0.4931066930294037,0.3557214140892029,-0.5420072078704834,0.9999608993530273,0.4960830509662628,0.35390886664390564,-0.5420016646385193,0.9999720454216003,0.47714048624038696,0.36052003502845764,-0.5444157719612122,0.9999878406524658,0.47297438979148865,0.3600280284881592,-0.5445888638496399,0.9999885559082031,0.46922236680984497,0.3589814305305481,-0.5446881651878357,0.9999912977218628,0.5006658434867859,0.34603023529052734,-0.4366353452205658,0.9999696612358093,0.4631930887699127,0.35086026787757874,-0.4471799433231354,0.9999741911888123,0.49108341336250305,0.3870760202407837,-0.5068876147270203,0.9999890327453613,0.4776395261287689,0.3911108672618866,-0.511013925075531,0.9999927282333374,0.5339307188987732,0.4267486333847046,-0.3148718476295471,0.9999961256980896,0.43043720722198486,0.42401742935180664,-0.32337120175361633,0.9999938607215881,0.5471842288970947,0.5425685048103333,-0.2873798608779907,0.9841681718826294,0.4199831187725067,0.5449517965316772,-0.30800801515579224,0.9817015528678894,0.5553867816925049,0.6509881615638733,-0.33613893389701843,0.9890454411506653,0.4150790274143219,0.6544007658958435,-0.345580518245697,0.9744372963905334,0.5616357326507568,0.6807613372802734,-0.35930174589157104,0.9731727242469788,0.40651649236679077,0.6810604929924011,-0.36985740065574646,0.9474910497665405,0.5555630326271057,0.6807745099067688,-0.3848966658115387,0.9751810431480408,0.41350507736206055,0.6835163235664368,-0.3926137387752533,0.9571043252944946,0.550910234451294,0.6732017993927002,-0.3464396893978119,0.9672276973724365,0.4188014566898346,0.6768717169761658,-0.35514646768569946,0.9295474290847778,0.5086069703102112,0.5074689984321594,0.004821373615413904,0.9999558329582214,0.4561592936515808,0.5085830092430115,-0.004916571546345949,0.9999606013298035,0.5226067304611206,0.5794028043746948,-0.29970625042915344,0.9539878964424133,0.4462883770465851,0.5825949311256409,-0.3252323269844055,0.9261200428009033,0.5156158208847046,0.7458283305168152,-0.1392436921596527,0.9043874740600586,0.4565702974796295,0.7503190040588379,-0.16209669411182404,0.9228330254554749,0.509670078754425,0.7751337885856628,-0.13044078648090363,0.740267813205719,0.4616408050060272,0.7770344018936157,-0.15151186287403107,0.6739814877510071,0.5273860692977905,0.7900580763816833,-0.261228084564209,0.9315919876098633,0.44850295782089233,0.7905701994895935,-0.28320741653442383,0.9191023111343384
0.4843541085720062,0.3773769438266754,-0.5524241924285889,0.9999850392341614,0.48913732171058655,0.35724860429763794,-0.5420246720314026,0.9999678134918213,0.49310415983200073,0.3555924892425537,-0.5421968102455139,0.9999571442604065,0.4960809051990509,0.35378390550613403,-0.5421907305717468,0.9999693632125854,0.477139413356781,0.36042582988739014,-0.5445682406425476,0.9999867081642151,0.4729858934879303,0.3599328398704529,-0.5447432398796082,0.9999875426292419,0.4692392349243164,0.3589065372943878,-0.5448446273803711,0.9999905228614807,0.5006645321846008,0.3459323048591614,-0.43657299876213074,0.9999669790267944,0.46319249272346497,0.3507791757583618,-0.44708535075187683,0.9999722838401794,0.4910815358161926,0.3869161903858185,-0.5070295333862305,0.9999880790710449,0.4776388704776764,0.3910285234451294,-0.5111253261566162,0.9999921321868896,0.533974289894104,0.42671656608581543,-0.3145165741443634,0.9999959468841553,0.4304346442222595,0.42398664355278015,-0.32275334000587463,0.999993622303009,0.5471825003623962,0.5425263047218323,-0.2867712676525116,0.9836137890815735,0.41999611258506775,0.544918417930603,-0.30540958046913147,0.9811835885047913,0.5553892254829407,0.6509467959403992,-0.33450013399124146,0.9884796142578125,0.41505861282348633,0.6542937755584717,-0.34161677956581116,0.9735437035560608,0.561638593673706,0.6806640028953552,-0.3573952317237854,0.9719343781471252,0.40644896030426025,0.6809630990028381,-0.3656145930290222,0.9458978176116943,0.5555418729782104,0.6807231307029724,-0.38309556245803833,0.9740170240402222,0.4134809672832489,0.6834426522254944,-0.38842490315437317,0.9557913541793823,0.550868034362793,0.6731791496276855,-0.34481844305992126,0.9657726883888245,0.41878268122673035,0.6768065690994263,-0.3511461317539215,0.9275075793266296,0.5086065530776978,0.5080323815345764,0.004821907263249159,0.9999553561210632,0.4561566114425659,0.5087443590164185,-0.004917230922728777,0.9999603033065796,0.5227052569389343,0.5793582797050476,-0.30214691162109375,0.9544257521629333,0.4462951421737671,0.5825610756874084,-0.32781657576560974,0.9267368316650391,0.5156060457229614,0.7458487153053284,-0.14016154408454895,0.9055448770523071,0.45654597878456116,0.7505865097045898,-0.16398070752620697,0.9239160418510437,0.5096657276153564,0.7752426266670227,-0.13123778998851776,0.7422196269035339,0.4616425633430481,0.7772205471992493,-0.15337343513965607,0.6761246919631958,0.5272167325019836,0.7900928258895874,-0.2634749710559845,0.9322552680969238,0.44823014736175537,0.7906161546707153,-0.28660356998443604,0.9199265241622925
0.48432010412216187,0.3772653043270111,-0.5531008243560791,0.9999837279319763,0.4891214668750763,0.3571756184101105,-0.5425854325294495,0.9999648928642273,0.493100643157959,0.3555493950843811,-0.5427581071853638,0.9999532103538513,0.4960784614086151,0.353738397359848,-0.5427513718605042,0.9999664425849915,0.4771343767642975,0.36037689447402954,-0.5450905561447144,0.9999855160713196,0.4729890525341034,0.35974133014678955,-0.5452674031257629,0.999986469745636,0.46924301981925964,0.35864824056625366,-0.545370876789093,0.9999897480010986,0.5006639361381531,0.34582293033599854,-0.4368382394313812,0.9999640583992004,0.46318212151527405,0.3504438102245331,-0.44718170166015625,0.9999702572822571,0.49106311798095703,0.3867788314819336,-0.5075656771659851,0.9999870657920837,0.47760656476020813,0.3909657299518585,-0.511626124382019,0.9999914765357971,0.5340290069580078,0.4267044961452484,-0.3145849108695984,0.999995768070221,0.43042299151420593,0.42396485805511475,-0.3227958679199219,0.9999933838844299,0.5471780896186829,0.5425942540168762,-0.287727952003479,0.9829753637313843,0.4200001060962677,0.5449506640434265,-0.3069499135017395,0.9807309508323669,0.5553913712501526,0.6509208083152771,-0.3375226855278015,0.9877309203147888,0.4150565266609192,0.6540845632553101,-0.3456488847732544,0.9726859927177429,0.561639130115509,0.6806522011756897,-0.3608468174934387,0.9703806638717651,0.4064001739025116,0.680768609046936,-0.37014487385749817,0.9444293975830078,0.5555291771888733,0.6807528734207153,-0.38661760091781616,0.9725439548492432,0.41347140073776245,0.6833789348602295,-0.3927074372768402,0.9545645713806152,0.5508393049240112,0.6731904745101929,-0.34793806076049805,0.9639355540275574,0.41878029704093933,0.6767263412475586,-0.3551589250564575,0.9255916476249695,0.5086112022399902,0.5085097551345825,0.004805584903806448,0.9999550580978394,0.4561643898487091,0.5089156627655029,-0.004901536274701357,0.9999602437019348,0.5227999091148376,0.5792607665061951,-0.3043162524700165,0.9547154307365417,0.44630908966064453,0.5824519991874695,-0.3292660713195801,0.927117645740509,0.5156009793281555,0.7458550930023193,-0.14197787642478943,0.906474769115448,0.4565104842185974,0.7507241368293762,-0.16608954966068268,0.9250272512435913,0.5096749067306519,0.7752283811569214,-0.13305188715457916,0.7436731457710266,0.46164053678512573,0.7772901058197021,-0.15561792254447937,0.6786137223243713,0.5269323587417603,0.7900985479354858,-0.26604968309402466,0.9328360557556152,0.4479115605354309,0.7906684875488281,-0.28952160477638245,0.9208383560180664
0.4842410981655121,0.37700355052948,-0.5532792210578918,0.9999827146530151,0.4890664219856262,0.3570396602153778,-0.5427252650260925,0.999962568283081,0.4930689036846161,0.3554454743862152,-0.5428981184959412,0.9999500513076782,0.4960561692714691,0.35364624857902527,-0.5428913831710815,0.9999641180038452,0.47711074352264404,0.36017486453056335,-0.5452128648757935,0.999984622001648,0.47298988699913025,0.35965660214424133,-0.5453907251358032,0.9999856352806091,0.4692435562610626,0.35857337713241577,-0.545494794845581,0.9999891519546509,0.5006645321846008,0.34577107429504395,-0.4368486702442169,0.9999617338180542,0.46315521001815796,0.3502575755119324,-0.44714584946632385,0.9999687671661377,0.491023451089859,0.3866662383079529,-0.5076792240142822,0.9999862313270569,0.47751036286354065,0.3907032907009125,-0.5117201209068298,0.9999909400939941,0.534100353717804,0.4266898036003113,-0.31447353959083557,0.9999955892562866,0.4304061532020569,0.4239146411418915,-0.32280057668685913,0.9999932646751404,0.5472074151039124,0.5425927639007568,-0.287682443857193,0.9823790192604065,0.41999420523643494,0.5449126362800598,-0.3083522617816925,0.9807572364807129,0.5554121136665344,0.6509069204330444,-0.33787068724632263,0.9871121048927307,0.4150543212890625,0.6539272665977478,-0.3492403030395508,0.9727339148521423,0.5616973042488098,0.6806318759918213,-0.3612729609012604,0.9691648483276367,0.40626633167266846,0.6806533336639404,-0.3742190897464752,0.9445934891700745,0.5555409789085388,0.6807066202163696,-0.38713565468788147,0.9713925719261169,0.41346630454063416,0.683314859867096,-0.3966192603111267,0.9546951651573181,0.5508388876914978,0.6731416583061218,-0.3483358919620514,0.9624847173690796,0.41879159212112427,0.6766638159751892,-0.35873445868492126,0.9256819486618042,0.5086401104927063,0.5088194012641907,0.004730040207505226,0.9999544620513916,0.45620834827423096,0.509098470211029,-0.0048280744813382626,0.9999600052833557,0.5228688716888428,0.57923424243927,-0.3057851195335388,0.9551070928573608,0.44633203744888306,0.5824506878852844,-0.32918691635131836,0.9272701740264893,0.5155938863754272,0.7458686828613281,-0.1436493992805481,0.907428503036499,0.4564925730228424,0.7508766055107117,-0.16551615297794342,0.9257584810256958,0.5096734762191772,0.7752441763877869,-0.13472162187099457,0.7460077404975891,0.4616464376449585,0.7774871587753296,-0.15496520698070526,0.6814467906951904,0.5269331932067871,0.7901495695114136,-0.2667016386985779,0.9335043430328369,0.4473443329334259,0.7907780408859253,-0.2879389226436615,0.9215224981307983
0.4841614365577698,0.3767918348312378,-0.5531507134437561,0.9999819397926331,0.4890138804912567,0.35693785548210144,-0.5426040887832642,0.9999609589576721,0.4930410087108612,0.35537219047546387,-0.5427770614624023,0.9999477863311768,0.4960353672504425,0.353572279214859,-0.542770504951477,0.9999624490737915,0.47709280252456665,0.36002954840660095,-0.5450486540794373,0.9999839663505554,0.4729916751384735,0.35960128903388977,-0.5452272891998291,0.9999849796295166,0.4692448377609253,0.3584321439266205,-0.5453319549560547,0.9999886751174927,0.500666081905365,0.3457191586494446,-0.436739057302475,0.9999601244926453,0.46313178539276123,0.349995493888855,-0.4467111825942993,0.999967634677887,0.49097052216529846,0.38658878207206726,-0.5075299739837646,0.9999855756759644,0.4774278700351715,0.3905273377895355,-0.5115149617195129,0.9999905228614807,0.5341628789901733,0.4266788065433502,-0.3143399953842163,0.9999954700469971,0.4303986132144928,0.4238867163658142,-0.32275494933128357,0.9999931454658508,0.5472230315208435,0.5425735712051392,-0.2875109612941742,0.981961727142334,0.41999131441116333,0.5449013113975525,-0.308324933052063,0.9807516932487488,0.5554322600364685,0.650740385055542,-0.337866872549057,0.9866556525230408,0.4150531589984894,0.6537927389144897,-0.3491937220096588,0.9726624488830566,0.5617573261260986,0.6805855631828308,-0.36130350828170776,0.9682877659797668,0.40616172552108765,0.6805461049079895,-0.37413451075553894,0.9445465803146362,0.5555527806282043,0.6806892156600952,-0.3871394097805023,0.9705612063407898,0.41346532106399536,0.6832770705223083,-0.3965667486190796,0.954655647277832,0.5508360266685486,0.6730592250823975,-0.3483258783817291,0.9614189863204956,0.4188235402107239,0.676615297794342,-0.35870078206062317,0.9255408644676208,0.5086826086044312,0.5091474652290344,0.00471196323633194,0.9999539256095886,0.45626404881477356,0.5093100666999817,-0.004810958169400692,0.9999597072601318,0.5229042172431946,0.5792335271835327,-0.305856853723526,0.955542266368866,0.4463382959365845,0.5824523568153381,-0.3290775418281555,0.9274983406066895,0.5155642628669739,0.7459678649902344,-0.14439436793327332,0.9083119630813599,0.4564790725708008,0.7510369420051575,-0.16541814804077148,0.9262602925300598,0.5096529126167297,0.7754040360450745,-0.13551974296569824,0.748600423336029,0.46164771914482117,0.7778327465057373,-0.1548592448234558,0.6839054822921753,0.5270005464553833,0.7902548909187317,-0.26689979434013367,0.9341669082641602,0.44702303409576416,0.7909836769104004,-0.2871609330177307,0.9220385551452637
0.48409244418144226,0.3764691948890686,-0.5531782507896423,0.9999814033508301,0.4889799654483795,0.35670313239097595,-0.5426129698753357,0.9999597668647766,0.49302446842193604,0.35509786009788513,-0.5427860617637634,0.9999460577964783,0.49602022767066956,0.3533703684806824,-0.5427795648574829,0.9999611973762512,0.4770886301994324,0.35935115814208984,-0.5450479984283447,0.9999834895133972,0.47300079464912415,0.35863134264945984,-0.5452268123626709,0.9999845027923584,0.46924927830696106,0.3572827875614166,-0.5453313589096069,0.9999883770942688,0.5006725192070007,0.34555402398109436,-0.4367094337940216,0.999958872795105,0.46311256289482117,0.34881606698036194,-0.44654324650764465,0.9999668002128601,0.4909116327762604,0.386563241481781,-0.5075355768203735,0.9999850392341614,0.4772477447986603,0.38998842239379883,-0.5115143060684204,0.9999902248382568,0.5342098474502563,0.426660418510437,-0.31426921486854553,0.9999953508377075,0.4303878843784332,0.4238526523113251,-0.3227229714393616,0.999993085861206,0.5472451448440552,0.5425578355789185,-0.28790155053138733,0.9815431237220764,0.4199773967266083,0.5448862910270691,-0.3089154362678528,0.9807109832763672,0.5554665923118591,0.650459349155426,-0.3388226628303528,0.9861528277397156,0.41506168246269226,0.6533071994781494,-0.3509564995765686,0.9725562930107117,0.5617977380752563,0.6805667281150818,-0.3624192178249359,0.9673030972480774,0.4061226546764374,0.6802712678909302,-0.3761025369167328,0.9444613456726074,0.5555541515350342,0.6806751489639282,-0.3882097005844116,0.9696301221847534,0.41348329186439514,0.6830700635910034,-0.39852237701416016,0.9545792937278748,0.5508262515068054,0.6729644536972046,-0.3492830991744995,0.9602237939834595,0.41888728737831116,0.6764609813690186,-0.36049070954322815,0.9253160953521729,0.5087974667549133,0.5092015862464905,0.00465819938108325,0.9999534487724304,0.4563668370246887,0.5094430446624756,-0.004759077914059162,0.9999594688415527,0.5229228734970093,0.579188346862793,-0.30619513988494873,0.9555391073226929,0.44634363055229187,0.5824518203735352,-0.32890161871910095,0.9269487857818604,0.5155193209648132,0.7461161017417908,-0.14439110457897186,0.9080924987792969,0.4564744234085083,0.7511216998100281,-0.1652298867702484,0.9260350465774536,0.5096216201782227,0.775695264339447,-0.13547208905220032,0.7495865225791931,0.4616919457912445,0.7780717015266418,-0.1546824872493744,0.6847304701805115,0.5271174907684326,0.7903376817703247,-0.26651912927627563,0.9340915679931641,0.4468577206134796,0.7912121415138245,-0.28668153285980225,0.9218108057975769
0.4840910732746124,0.37554457783699036,-0.55347740650177,0.9999802112579346,0.4889775216579437,0.35573455691337585,-0.5427845120429993,0.9999569654464722,0.4930309057235718,0.35413986444473267,-0.5429580807685852,0.9999420642852783,0.4960242509841919,0.35259056091308594,-0.542952299118042,0.999958336353302,0.4770989418029785,0.35786885023117065,-0.5452461838722229,0.9999824166297913,0.47306570410728455,0.3570830821990967,-0.5454251766204834,0.9999834895133972,0.4693393111228943,0.35576575994491577,-0.5455303192138672,0.9999877214431763,0.5006973147392273,0.3450412154197693,-0.43668967485427856,0.9999558329582214,0.463111937046051,0.34800463914871216,-0.4465683698654175,0.9999648928642273,0.49090903997421265,0.38602977991104126,-0.5077407360076904,0.9999840259552002,0.47724825143814087,0.38888463377952576,-0.5117582082748413,0.9999896287918091,0.5342817306518555,0.42664635181427,-0.31436747312545776,0.9999951124191284,0.43036898970603943,0.4238037168979645,-0.3230847716331482,0.9999929070472717,0.5472662448883057,0.5425402522087097,-0.29000651836395264,0.9806373119354248,0.4199509620666504,0.544858455657959,-0.3132654130458832,0.9805574417114258,0.55550616979599,0.6501549482345581,-0.3427254855632782,0.985055148601532,0.4150449335575104,0.6529026627540588,-0.35889509320259094,0.9721698760986328,0.5618584752082825,0.6805410385131836,-0.3667609989643097,0.9652048945426941,0.40599092841148376,0.6800012588500977,-0.38487184047698975,0.9438852667808533,0.5555508732795715,0.6806449890136719,-0.39250192046165466,0.9676501750946045,0.4134792983531952,0.6828347444534302,-0.40709322690963745,0.9540920853614807,0.550781786441803,0.6727926731109619,-0.3532426655292511,0.9577159881591797,0.41888970136642456,0.6763091683387756,-0.36846426129341125,0.9243865609169006,0.5089086294174194,0.5094529986381531,0.00458816671743989,0.9999528527259827,0.4564235508441925,0.509729266166687,-0.004690981935709715,0.9999592900276184,0.5229105353355408,0.5791870951652527,-0.30870527029037476,0.9549073576927185,0.44634535908699036,0.5824492573738098,-0.3297988176345825,0.9251598119735718,0.515489399433136,0.7462327480316162,-0.14453859627246857,0.9062747359275818,0.45647260546684265,0.7512551546096802,-0.16551141440868378,0.9246971607208252,0.5095781683921814,0.7758632898330688,-0.13543877005577087,0.7481679320335388,0.46171778440475464,0.7782946825027466,-0.1549384891986847,0.6833125352859497,0.527143120765686,0.7905406951904297,-0.2662350535392761,0.9327842593193054,0.44672632217407227,0.7914739847183228,-0.28674814105033875,0.9203240871429443
0.48408013582229614,0.37490999698638916,-0.5564940571784973,0.9999792575836182,0.48897817730903625,0.3551712930202484,-0.5451980233192444,0.999954342842102,0.4930393397808075,0.3535975515842438,-0.5453724265098572,0.9999383687973022,0.4960275888442993,0.3521253168582916,-0.5453649759292603,0.9999555945396423,0.477100670337677,0.3567582070827484,-0.5476433634757996,0.9999814629554749,0.4730972349643707,0.35589975118637085,-0.5478246212005615,0.9999827146530151,0.4693906605243683,0.35457780957221985,-0.547930121421814,0.9999871850013733,0.5006913542747498,0.3445279598236084,-0.43717876076698303,0.9999529123306274,0.4631190598011017,0.3470935821533203,-0.4470556676387787,0.9999632835388184,0.4908461570739746,0.38556715846061707,-0.510023832321167,0.9999831914901733,0.47723910212516785,0.3877066373825073,-0.514049232006073,0.9999891519546509,0.5342943072319031,0.42663854360580444,-0.3144308924674988,0.9999948143959045,0.4302957355976105,0.4237716495990753,-0.32368457317352295,0.999992847442627,0.5472738742828369,0.5425379872322083,-0.2922359108924866,0.9801863431930542,0.4199245572090149,0.544685423374176,-0.3173626959323883,0.9809330105781555,0.5556260943412781,0.6495591998100281,-0.34841489791870117,0.9841951727867126,0.41504427790641785,0.65220046043396,-0.36828678846359253,0.9725096821784973,0.5620526671409607,0.6794794797897339,-0.3731934130191803,0.9635710120201111,0.4059288799762726,0.6794676780700684,-0.39546099305152893,0.944602370262146,0.5555518269538879,0.679823100566864,-0.3987565338611603,0.9660854339599609,0.4134782552719116,0.6821320056915283,-0.4173985719680786,0.9546711444854736,0.5507710576057434,0.6722228527069092,-0.3589266538619995,0.9556683301925659,0.41890034079551697,0.675811231136322,-0.3778502345085144,0.9250262975692749,0.5089632272720337,0.5100746154785156,0.0045944140292704105,0.9999530911445618,0.4564169645309448,0.510179877281189,-0.004697717260569334,0.9999599456787109,0.5228517651557922,0.5792056322097778,-0.312892347574234,0.955635666847229,0.4466196298599243,0.5823659300804138,-0.33613550662994385,0.9264621734619141,0.515479326248169,0.7462394833564758,-0.14425882697105408,0.907341480255127,0.4564696252346039,0.7512529492378235,-0.167934387922287,0.926159679889679,0.5094897747039795,0.7758678197860718,-0.1351926475763321,0.752291202545166,0.4617200791835785,0.7782971262931824,-0.157144695520401,0.6883877515792847,0.5275682210922241,0.7906484007835388,-0.2659452557563782,0.9335304498672485,0.44671618938446045,0.7914914488792419,-0.2910403311252594,0.9216252565383911
0.48384782671928406,0.3744548559188843,-0.556361734867096,0.9999769926071167,0.4889141023159027,0.354150652885437,-0.5451371073722839,0.9999486207962036,0.4929540455341339,0.3526431918144226,-0.5453116297721863,0.9999303817749023,0.49591827392578125,0.35123351216316223,-0.545303225517273,0.9999499320983887,0.47690221667289734,0.3554685115814209,-0.5475263595581055,0.9999792575836182,0.4729000926017761,0.3546575605869293,-0.5477076172828674,0.9999808073043823,0.46925976872444153,0.35333946347236633,-0.5478147864341736,0.9999858140945435,0.5005810260772705,0.34313130378723145,-0.4371684789657593,0.9999470710754395,0.4631116986274719,0.34549230337142944,-0.4465571939945221,0.9999596476554871,0.49060526490211487,0.38492029905319214,-0.5099026560783386,0.999981701374054,0.4769743084907532,0.3865642845630646,-0.5139951109886169,0.9999882578849792,0.534288227558136,0.4260421097278595,-0.3145070970058441,0.9999945163726807,0.4302477538585663,0.4236096143722534,-0.32364940643310547,0.9999927282333374,0.5472740530967712,0.5424796342849731,-0.2938540279865265,0.9795955419540405,0.41987699270248413,0.5443403124809265,-0.3186091482639313,0.9811954498291016,0.555660605430603,0.6488514542579651,-0.3500460684299469,0.983335554599762,0.41495007276535034,0.651447057723999,-0.3709101378917694,0.9729329943656921,0.5621572136878967,0.6788321733474731,-0.3748883903026581,0.9619304537773132,0.405739426612854,0.6792336702346802,-0.3984781503677368,0.9454377293586731,0.5555537343025208,0.6792122721672058,-0.40054118633270264,0.9645527601242065,0.41345512866973877,0.6817460060119629,-0.4205797016620636,0.9553780555725098,0.550752580165863,0.6715625524520874,-0.3605990707874298,0.9536262154579163,0.4188988506793976,0.6754343509674072,-0.3806525468826294,0.9258948564529419,0.5089779496192932,0.510107696056366,0.004556178115308285,0.9999527335166931,0.4563613533973694,0.5102762579917908,-0.004660192411392927,0.9999601244926453,0.5226803421974182,0.5792662501335144,-0.31172457337379456,0.9551689624786377,0.4468463361263275,0.5823522210121155,-0.33500999212265015,0.9257691502571106,0.5154770016670227,0.7462460994720459,-0.14208552241325378,0.9062619209289551,0.45645296573638916,0.7512595653533936,-0.1675695925951004,0.9257895946502686,0.5094778537750244,0.775836169719696,-0.13238772749900818,0.7514020204544067,0.4617120623588562,0.7783308029174805,-0.15690061450004578,0.6881307363510132,0.5277770161628723,0.7908047437667847,-0.26398196816444397,0.9328250288963318,0.44672584533691406,0.7917206287384033,-0.2900043725967407,0.9212285876274109
0.48371025919914246,0.37411579489707947,-0.5560999512672424,0.9999749064445496,0.4888729751110077,0.3534981608390808,-0.5448505282402039,0.999943196773529,0.4928963780403137,0.3520253002643585,-0.5450251698493958,0.9999228119850159,0.495842844247818,0.3506503999233246,-0.5450180768966675,0.9999445676803589,0.4767910838127136,0.3546713590621948,-0.5471011996269226,0.999977171421051,0.4727889895439148,0.35388436913490295,-0.5472825169563293,0.9999789595603943,0.4691881537437439,0.3525775074958801,-0.5473908185958862,0.9999845027923584,0.5005007386207581,0.3423420786857605,-0.4369893968105316,0.9999415278434753,0.46310847997665405,0.3446013629436493,-0.44595253467559814,0.9999560713768005,0.4904669225215912,0.3844793140888214,-0.5097313523292542,0.9999802112579346,0.47682228684425354,0.3858705163002014,-0.5136376023292542,0.9999873638153076,0.5342841744422913,0.42567306756973267,-0.3144868016242981,0.9999942183494568,0.43020445108413696,0.42351317405700684,-0.32360348105430603,0.9999925494194031,0.5472752451896667,0.5424641966819763,-0.29417482018470764,0.979054868221283,0.4198375940322876,0.5441576838493347,-0.3188078701496124,0.981389045715332,0.5557222962379456,0.6483340859413147,-0.3502374291419983,0.9824541807174683,0.4148964285850525,0.6507815718650818,-0.37122243642807007,0.9731691479682922,0.562246561050415,0.6782844066619873,-0.3750474750995636,0.9602414965629578,0.40563395619392395,0.6789958477020264,-0.39879435300827026,0.9459351897239685,0.5555582642555237,0.6787457466125488,-0.40066197514533997,0.9629708528518677,0.4134397804737091,0.6813195943832397,-0.42088326811790466,0.9558039307594299,0.5507465600967407,0.6711033582687378,-0.3607701361179352,0.9515359401702881,0.4188976585865021,0.6750016212463379,-0.3809741735458374,0.9263283610343933,0.5089885592460632,0.5102015137672424,0.004544863943010569,0.9999523758888245,0.45631858706474304,0.5104711055755615,-0.004649221897125244,0.9999602437019348,0.5225504040718079,0.5793322920799255,-0.31111714243888855,0.9547702074050903,0.4470265507698059,0.5823217630386353,-0.33462774753570557,0.925210177898407,0.5154746770858765,0.746268093585968,-0.1413988620042801,0.905406653881073,0.4564489722251892,0.7512615323066711,-0.16722920536994934,0.9254898428916931,0.5094563961029053,0.7758464813232422,-0.13157732784748077,0.7512530088424683,0.4617041051387787,0.7783335447311401,-0.15653350949287415,0.6881746053695679,0.5279698371887207,0.7909416556358337,-0.263542115688324,0.932268500328064,0.44673073291778564,0.7918672561645508,-0.28991231322288513,0.9208911061286926
0.48370659351348877,0.37249332666397095,-0.5557779669761658,0.999973475933075,0.4888889491558075,0.35152456164360046,-0.5440797805786133,0.9999393820762634,0.49292129278182983,0.35022762417793274,-0.5442548990249634,0.9999174475669861,0.49586552381515503,0.34898847341537476,-0.5442500710487366,0.999940812587738,0.4769105911254883,0.35250788927078247,-0.546563446521759,0.9999758005142212,0.4729594588279724,0.3518059551715851,-0.54674232006073,0.999977707862854,0.4693652093410492,0.35044124722480774,-0.5468500256538391,0.9999836087226868,0.5004792809486389,0.34144163131713867,-0.43578100204467773,0.9999377727508545,0.4631246030330658,0.3431793749332428,-0.4457087516784668,0.9999536871910095,0.4904654622077942,0.3829769194126129,-0.5094312429428101,0.9999793171882629,0.4768259823322296,0.38406074047088623,-0.5135298371315002,0.9999868273735046,0.5342413187026978,0.425405889749527,-0.3143642246723175,0.9999939799308777,0.43015795946121216,0.4234567880630493,-0.32415345311164856,0.9999923706054688,0.5472771525382996,0.5424000024795532,-0.29407885670661926,0.978651762008667,0.41983041167259216,0.5441173911094666,-0.32240042090415955,0.9817493557929993,0.5557422637939453,0.6476591229438782,-0.3501679003238678,0.9817779660224915,0.41482797265052795,0.6506105065345764,-0.3757346570491791,0.973614513874054,0.5622599720954895,0.6777149438858032,-0.3748777210712433,0.9589692950248718,0.4055197834968567,0.6789197325706482,-0.4036504328250885,0.9467161893844604,0.5555633306503296,0.6780914664268494,-0.40050598978996277,0.9617567658424377,0.413415789604187,0.6812270879745483,-0.4256962537765503,0.956451952457428,0.5507428646087646,0.6705019474029541,-0.36072367429733276,0.9499990940093994,0.41889339685440063,0.6749287843704224,-0.38553667068481445,0.9272022843360901,0.5089591145515442,0.5105850696563721,0.004586524795740843,0.999952495098114,0.4562779664993286,0.5107529163360596,-0.004692321643233299,0.9999606013298035,0.5224267840385437,0.579409658908844,-0.3112586736679077,0.9545767307281494,0.4470965564250946,0.5823222994804382,-0.3356468975543976,0.9248217940330505,0.515451192855835,0.7462764978408813,-0.14008747041225433,0.9048134088516235,0.4564410150051117,0.7512691020965576,-0.1666702777147293,0.925480842590332,0.5094285607337952,0.7756887078285217,-0.13005311787128448,0.7503087520599365,0.4616994261741638,0.7783405184745789,-0.1555776298046112,0.6886157393455505,0.5280316472053528,0.7910035252571106,-0.2620268166065216,0.9317652583122253,0.4467390775680542,0.7919876575469971,-0.288932204246521,0.920701265335083
0.4836905300617218,0.371049165725708,-0.5553670525550842,0.9999717473983765,0.488890141248703,0.3498782217502594,-0.5435007810592651,0.9999347925186157,0.49292150139808655,0.3485466241836548,-0.5436763763427734,0.9999110698699951,0.4958644211292267,0.34733161330223083,-0.5436735153198242,0.9999364018440247,0.4769723117351532,0.3508458137512207,-0.5461054444313049,0.9999740123748779,0.47300922870635986,0.35015425086021423,-0.5462826490402222,0.9999760389328003,0.46940648555755615,0.3488553762435913,-0.5463902354240417,0.9999824166297913,0.5004510283470154,0.34055280685424805,-0.43516844511032104,0.9999333024024963,0.46313101053237915,0.3423748016357422,-0.4455118179321289,0.9999504089355469,0.4904583990573883,0.38176295161247253,-0.5090684294700623,0.9999781250953674,0.4768137037754059,0.38258031010627747,-0.5132940411567688,0.9999860525131226,0.5342005491256714,0.42492201924324036,-0.3142835795879364,0.9999937415122986,0.4300893545150757,0.42313849925994873,-0.32452982664108276,0.9999921321868896,0.5472575426101685,0.5422289371490479,-0.2943143844604492,0.9781854748725891,0.4198267161846161,0.543968141078949,-0.32446664571762085,0.9819431304931641,0.5557450652122498,0.6467007398605347,-0.3503967523574829,0.9810453057289124,0.4148041009902954,0.6501303315162659,-0.37805071473121643,0.9736518263816833,0.562267005443573,0.6765391826629639,-0.37501150369644165,0.9575867056846619,0.405464768409729,0.6787951588630676,-0.40602388978004456,0.9467283487319946,0.5555711388587952,0.6772049069404602,-0.4005928635597229,0.9604394435882568,0.4133680462837219,0.6809806823730469,-0.427901953458786,0.9564708471298218,0.5507393479347229,0.6698851585388184,-0.3609312176704407,0.9483051896095276,0.41888299584388733,0.6745759844779968,-0.38781461119651794,0.9270774722099304,0.5087957978248596,0.5107522010803223,0.004607216455042362,0.9999521374702454,0.4561016857624054,0.5110321044921875,-0.0047137620858848095,0.9999605417251587,0.5223146677017212,0.5794340372085571,-0.3111315667629242,0.9539092183113098,0.44710129499435425,0.5823585391044617,-0.33572036027908325,0.9235996603965759,0.5154181122779846,0.746290385723114,-0.1401102989912033,0.9037625789642334,0.45642727613449097,0.7512767910957336,-0.16659602522850037,0.9247047901153564,0.5093892812728882,0.7755593061447144,-0.13008446991443634,0.7487534880638123,0.46169933676719666,0.7783433198928833,-0.15550117194652557,0.6878392100334167,0.5280325412750244,0.791070818901062,-0.26208558678627014,0.9309544563293457,0.44659850001335144,0.7920877933502197,-0.2886435091495514,0.9198543429374695
