x1,y1,z1,v1,x2,y2,z2,v2,x3,y3,z3,v3,x4,y4,z4,v4,x5,y5,z5,v5,x6,y6,z6,v6,x7,y7,z7,v7,x8,y8,z8,v8,x9,y9,z9,v9,x10,y10,z10,v10,x11,y11,z11,v11,x12,y12,z12,v12,x13,y13,z13,v13,x14,y14,z14,v14,x15,y15,z15,v15,x16,y16,z16,v16,x17,y17,z17,v17,x18,y18,z18,v18,x19,y19,z19,v19,x20,y20,z20,v20,x21,y21,z21,v21,x22,y22,z22,v22,x23,y23,z23,v23,x24,y24,z24,v24,x25,y25,z25,v25,x26,y26,z26,v26,x27,y27,z27,v27,x28,y28,z28,v28,x29,y29,z29,v29,x30,y30,z30,v30,x31,y31,z31,v31,x32,y32,z32,v32,x33,y33,z33,v33
0.5383845567703247,0.3825642168521881,-0.022587241604924202,0.8786075711250305,0.535814642906189,0.3910013437271118,-0.0492858961224556,0.8752585649490356,0.5348691940307617,0.39951494336128235,-0.04975424334406853,0.8678273558616638,0.5347946882247925,0.4076939821243286,-0.04982595890760422,0.8992372751235962,0.5370360612869263,0.3762699067592621,-0.0662950724363327,0.884095311164856,0.5372193455696106,0.372897207736969,-0.06667228043079376,0.884438693523407,0.5370036363601685,0.3698757290840149,-0.06699122488498688,0.8948984146118164,0.5290065407752991,0.453144371509552,-0.11145573854446411,0.9193168878555298,0.5297091603279114,0.40218767523765564,-0.18808075785636902,0.8654970526695251,0.521933913230896,0.42878520488739014,-0.026919130235910416,0.8918168544769287,0.5169739127159119,0.40624746680259705,-0.05275479704141617,0.871941089630127,0.5256889462471008,0.5810577273368835,-0.12674318253993988,0.9996017217636108,0.5310211777687073,0.4700952172279358,-0.11633610725402832,0.9868733882904053,0.4966229796409607,0.5480467677116394,-0.041923873126506805,0.10380850732326508,0.521560549736023,0.41629552841186523,-0.08240100741386414,0.794704258441925,0.43782147765159607,0.3977963328361511,-0.013815109618008137,0.5708364248275757,0.4583056569099426,0.3664475679397583,-0.04814770072698593,0.8319953680038452,0.41958945989608765,0.3701639771461487,-0.032886285334825516,0.6250400543212891,0.44159001111984253,0.3504871726036072,-0.0691259577870369,0.8255875110626221,0.42836794257164,0.3568468689918518,-0.056661467999219894,0.6394655108451843,0.4361245632171631,0.3684179186820984,-0.07983001321554184,0.8183920383453369,0.4421834349632263,0.36383888125419617,-0.022580105811357498,0.619358241558075,0.43803414702415466,0.37985509634017944,-0.046522147953510284,0.7742411494255066,0.5435974597930908,0.648350715637207,0.021278267726302147,0.9993272423744202,0.5743958353996277,0.5577797293663025,-0.021795423701405525,0.9989956021308899,0.5570207238197327,0.8272098302841187,0.09137293696403503,0.2194342315196991,0.6133838891983032,0.5161200761795044,-0.17875292897224426,0.7309138178825378,0.5958061814308167,1.056805968284607,0.12200360000133514,0.08588873594999313,0.637721598148346,0.4502454102039337,-0.2737939953804016,0.4088215231895447,0.6088340878486633,1.0657463073730469,0.12580296397209167,0.3045552670955658,0.6474039554595947,0.44823595881462097,-0.28000515699386597,0.4953528046607971,0.5800139904022217,1.1593786478042603,0.05045050382614136,0.1206560879945755,0.6214600801467896,0.3991203308105469,-0.3771163523197174,0.33643683791160583
0.569783091545105,0.39086705446243286,-0.027478715404868126,0.7948615550994873,0.5730465650558472,0.3999558687210083,-0.04705750197172165,0.7938593626022339,0.5691550970077515,0.408126562833786,-0.047483377158641815,0.7876353859901428,0.566044270992279,0.4161865711212158,-0.0474667027592659,0.8201868534088135,0.5820139646530151,0.38295984268188477,-0.056935083121061325,0.805752694606781,0.5849367380142212,0.3773559629917145,-0.057385385036468506,0.8084220290184021,0.587358295917511,0.3720603883266449,-0.05776091292500496,0.8204585909843445,0.5516150593757629,0.44902873039245605,-0.09343238919973373,0.8452660441398621,0.5737354755401611,0.36697354912757874,-0.13674655556678772,0.7877755165100098,0.5508484840393066,0.42040175199508667,-0.028219610452651978,0.8131855130195618,0.54017174243927,0.38220804929733276,-0.04468017444014549,0.7934508323669434,0.5152109265327454,0.5616153478622437,-0.11711621284484863,0.9993565082550049,0.5640210509300232,0.41393864154815674,-0.0843530148267746,0.9812074899673462,0.4668120741844177,0.5358753800392151,-0.08937224745750427,0.09512311965227127,0.5625078082084656,0.30388927459716797,-0.10221384465694427,0.7161287665367126,0.420989453792572,0.4161650836467743,-0.10793018341064453,0.5226842164993286,0.5298055410385132,0.19068823754787445,-0.09620325267314911,0.7512754797935486,0.40628117322921753,0.3955978751182556,-0.1271098256111145,0.5806286334991455,0.5191296935081482,0.19859521090984344,-0.09604796767234802,0.748242974281311,0.4200690686702728,0.38428449630737305,-0.15047942101955414,0.5936269164085388,0.5199449062347412,0.21391195058822632,-0.13357560336589813,0.7415250539779663,0.42991581559181213,0.3913811147212982,-0.11572154611349106,0.5746743083000183,0.5176601409912109,0.23254463076591492,-0.10417606681585312,0.7008464932441711,0.5019078850746155,0.6197580695152283,0.003800771664828062,0.9991309642791748,0.5381497144699097,0.5083990097045898,-0.0044249678030610085,0.9987558126449585,0.5835466384887695,0.874527633190155,0.018806854262948036,0.19802691042423248,0.5925465822219849,0.4777868986129761,-0.1615227609872818,0.661254346370697,0.5878434181213379,1.0050482749938965,-0.008533590473234653,0.07864243537187576,0.5516437292098999,0.4129333198070526,-0.3674456477165222,0.37129226326942444,0.5954000949859619,0.9885401129722595,-0.008315334096550941,0.2782052755355835,0.5537550449371338,0.41968870162963867,-0.38193756341934204,0.4576511085033417,0.5592442750930786,1.1169408559799194,-0.07760143280029297,0.11022244393825531,0.5126000642776489,0.3299749493598938,-0.45859256386756897,0.306673139333725
0.5177429914474487,0.2176433801651001,-0.28642943501472473,0.8152065277099609,0.5253132581710815,0.19576382637023926,-0.2840536832809448,0.8141683340072632,0.5299445390701294,0.19593636691570282,-0.2844177186489105,0.8086172342300415,0.5343869924545288,0.195803701877594,-0.2844059467315674,0.837914764881134,0.5181323885917664,0.19506210088729858,-0.2577838897705078,0.8249226212501526,0.5167600512504578,0.19425708055496216,-0.25813931226730347,0.8273970484733582,0.5153815150260925,0.1930713653564453,-0.2584076225757599,0.8382388949394226,0.5538119077682495,0.20244072377681732,-0.2152278870344162,0.860661506652832,0.5257741808891296,0.20037037134170532,-0.09521269053220749,0.8087553381919861,0.5288538336753845,0.24149364233016968,-0.25566524267196655,0.8318284749984741,0.5184472799301147,0.23841947317123413,-0.2234128713607788,0.8140442967414856,0.618896484375,0.35033196210861206,-0.1923760175704956,0.9994118809700012,0.5064578652381897,0.36201998591423035,0.03973929211497307,0.9830671548843384,0.6401134729385376,0.5530372262001038,-0.37111493945121765,0.18384134769439697,0.48206329345703125,0.5262584686279297,-0.03397457301616669,0.683505117893219,0.6073489189147949,0.45961156487464905,-0.6655793786048889,0.5695951581001282,0.4308474063873291,0.45652061700820923,-0.3689962923526764,0.7739866971969604,0.5923542380332947,0.44409802556037903,-0.7415177226066589,0.6216828227043152,0.40572983026504517,0.43934202194213867,-0.44133561849594116,0.7721161842346191,0.5922867059707642,0.41497623920440674,-0.7503188848495483,0.6333993077278137,0.40843310952186584,0.41754934191703796,-0.4646276533603668,0.7661683559417725,0.5934895873069763,0.4231167137622833,-0.6743756532669067,0.6151447296142578,0.41970521211624146,0.4196211099624634,-0.39099639654159546,0.7287817001342773,0.5799492597579956,0.6890456676483154,-0.06726124882698059,0.9989872574806213,0.5184682011604309,0.6803263425827026,0.06719915568828583,0.9986460208892822,0.5767259001731873,0.9370015263557434,-0.05845505744218826,0.23762263357639313,0.5189957022666931,0.9325577020645142,0.13520504534244537,0.6200336217880249,0.586533784866333,1.1347166299819946,0.23422935605049133,0.08984687924385071,0.5314735174179077,1.1176834106445312,0.43402689695358276,0.34247103333473206,0.5960095524787903,1.1656789779663086,0.25684854388237,0.2627520263195038,0.5420278906822205,1.1536370515823364,0.45931535959243774,0.4237788915634155,0.553027868270874,1.1932413578033447,0.1342449188232422,0.11703971028327942,0.5053255558013916,1.1737231016159058,0.36280182003974915,0.2840864062309265
0.5177326202392578,0.21843573451042175,-0.31383198499679565,0.8336044549942017,0.5256350040435791,0.19631372392177582,-0.31473788619041443,0.8326308131217957,0.5301216244697571,0.19629153609275818,-0.31514835357666016,0.8276596665382385,0.5345972776412964,0.1960809975862503,-0.3151555359363556,0.8540341854095459,0.5183402299880981,0.19586674869060516,-0.2882654070854187,0.8423095345497131,0.5171387791633606,0.19505715370178223,-0.28862616419792175,0.8445652723312378,0.5159525871276855,0.19392873346805573,-0.2888990342617035,0.8543210625648499,0.5542111396789551,0.2027801275253296,-0.2503140866756439,0.8745680451393127,0.5283112525939941,0.20112605392932892,-0.12816911935806274,0.8277127146720886,0.5289739370346069,0.2418469786643982,-0.283061683177948,0.8486278057098389,0.5187049508094788,0.23968812823295593,-0.25025659799575806,0.8326032757759094,0.6191705465316772,0.35057327151298523,-0.21234814822673798,0.9994667768478394,0.506304144859314,0.36169442534446716,0.014287603087723255,0.9847339391708374,0.6401991248130798,0.554013192653656,-0.37327009439468384,0.26487958431243896,0.4821111261844635,0.5266469717025757,-0.0526108518242836,0.6634003520011902,0.6069474816322327,0.4702117145061493,-0.6748083233833313,0.6124522089958191,0.4286870062351227,0.45655861496925354,-0.39608028531074524,0.7932434678077698,0.5926568508148193,0.4543335735797882,-0.7536223530769348,0.6592537760734558,0.40343865752220154,0.4391888976097107,-0.4704042971134186,0.7925824522972107,0.5930184125900269,0.4236201047897339,-0.7666648030281067,0.6698087453842163,0.4073324203491211,0.41755056381225586,-0.49913376569747925,0.787484347820282,0.5942808389663696,0.43057408928871155,-0.685421884059906,0.6529994010925293,0.41840219497680664,0.42023175954818726,-0.42048579454421997,0.752568781375885,0.5799599289894104,0.6890382766723633,-0.06644923985004425,0.9988057613372803,0.5184696912765503,0.6804243922233582,0.06639664620161057,0.998409628868103,0.577004611492157,0.9377599954605103,-0.0572543740272522,0.278688907623291,0.5192438364028931,0.9325588941574097,0.14700059592723846,0.5827555060386658,0.5877203345298767,1.1487785577774048,0.21573762595653534,0.10000389069318771,0.5293903946876526,1.1263378858566284,0.44774818420410156,0.3148760199546814,0.5969395041465759,1.1817197799682617,0.23459000885486603,0.24835261702537537,0.5381219983100891,1.1636531352996826,0.4726915955543518,0.3908551335334778,0.5537061095237732,1.2029707431793213,0.09704839438199997,0.12387403845787048,0.5042146444320679,1.182469367980957,0.37199658155441284,0.26285380125045776
0.517805278301239,0.21931146085262299,-0.3110203444957733,0.850197434425354,0.5263291597366333,0.19699785113334656,-0.3106631636619568,0.8493010401725769,0.5305678248405457,0.19679999351501465,-0.31106698513031006,0.8448386788368225,0.5352636575698853,0.19651004672050476,-0.31107297539711,0.8685822486877441,0.518750011920929,0.19692932069301605,-0.28472334146499634,0.8580104112625122,0.5176792740821838,0.19621215760707855,-0.2850852310657501,0.8600537776947021,0.5166516900062561,0.1952163428068161,-0.28535112738609314,0.8688344359397888,0.5546326041221619,0.20305202901363373,-0.24262213706970215,0.8870949745178223,0.5296171307563782,0.202267587184906,-0.12268570810556412,0.8448325395584106,0.5292295217514038,0.2422400861978531,-0.27910035848617554,0.863754391670227,0.5191951990127563,0.24087761342525482,-0.24696297943592072,0.8493207693099976,0.6193278431892395,0.35107842087745667,-0.2083054482936859,0.999517023563385,0.506231963634491,0.36168697476387024,0.019513491541147232,0.9862368702888489,0.6402047276496887,0.5548773407936096,-0.3580734133720398,0.33802950382232666,0.481977641582489,0.5269595384597778,-0.042191654443740845,0.6589038372039795,0.6063921451568604,0.4803047180175781,-0.6623588800430298,0.6511030197143555,0.4286772608757019,0.46207740902900696,-0.37956497073173523,0.8112571239471436,0.592686653137207,0.46327197551727295,-0.7428656816482544,0.6931626796722412,0.403423011302948,0.44838079810142517,-0.45247334241867065,0.8112703561782837,0.5936174988746643,0.4321165680885315,-0.7595257759094238,0.7026700973510742,0.4072117805480957,0.4251863658428192,-0.4924474358558655,0.8069479465484619,0.5946784615516663,0.438167542219162,-0.674200713634491,0.6873052716255188,0.4182155132293701,0.42727115750312805,-0.40697282552719116,0.7744362950325012,0.5801061987876892,0.6890404224395752,-0.0656154677271843,0.9986449480056763,0.5185723304748535,0.6805912256240845,0.06556633114814758,0.9982050061225891,0.5776276588439941,0.9401708245277405,-0.062405556440353394,0.3201374411582947,0.519562304019928,0.9327542781829834,0.1466614007949829,0.5553008317947388,0.5881361365318298,1.1554129123687744,0.1984776109457016,0.1098804846405983,0.5280851125717163,1.1332273483276367,0.43283790349960327,0.2912121117115021,0.5972555875778198,1.1875821352005005,0.2168242186307907,0.23575440049171448,0.5357795357704163,1.1701723337173462,0.45600375533103943,0.3615536391735077,0.5538050532341003,1.2105607986450195,0.07821197807788849,0.1310977339744568,0.5042158365249634,1.1917835474014282,0.34987160563468933,0.24500025808811188
0.5182596445083618,0.21932105720043182,-0.3108054995536804,0.8651452660560608,0.5273008346557617,0.19703605771064758,-0.3084949851036072,0.8643246293067932,0.5314294099807739,0.19680605828762054,-0.30889683961868286,0.8603159785270691,0.5365604758262634,0.1965179443359375,-0.3088991641998291,0.8816901445388794,0.5194357633590698,0.19705404341220856,-0.2828773260116577,0.872162401676178,0.5183498859405518,0.19638998806476593,-0.2832428812980652,0.8740101456642151,0.5173612236976624,0.19547778367996216,-0.2835082709789276,0.8819125294685364,0.555379331111908,0.20307818055152893,-0.23902270197868347,0.8983734250068665,0.5303398966789246,0.2027416080236435,-0.11770540475845337,0.8602647185325623,0.5297582149505615,0.24220828711986542,-0.27657362818717957,0.8773710131645203,0.5200448036193848,0.24098943173885345,-0.2448091208934784,0.8643718957901001,0.6196321845054626,0.352355420589447,-0.19362160563468933,0.9995622634887695,0.5062829852104187,0.3617803454399109,0.022770516574382782,0.9875888228416443,0.6403690576553345,0.5557970404624939,-0.33419114351272583,0.4038323760032654,0.48193448781967163,0.5269644856452942,-0.027584707364439964,0.6544947028160095,0.6062251329421997,0.48704659938812256,-0.6403854489326477,0.6858823299407959,0.4288424849510193,0.47124090790748596,-0.36963337659835815,0.827103316783905,0.5938104391098022,0.4716378450393677,-0.7218002080917358,0.7236754894256592,0.40346232056617737,0.4603166878223419,-0.44386419653892517,0.8278708457946777,0.5936142206192017,0.44218674302101135,-0.738625168800354,0.7322441339492798,0.40726208686828613,0.43491533398628235,-0.4873407781124115,0.8243079781532288,0.5945385098457336,0.44740724563598633,-0.6525949239730835,0.7181856632232666,0.4183287024497986,0.4366486370563507,-0.3974173367023468,0.7938652634620667,0.5806803107261658,0.6899046301841736,-0.06460580229759216,0.9984523057937622,0.5186036825180054,0.6810171604156494,0.06454829126596451,0.9979521036148071,0.5784505009651184,0.9415656924247742,-0.07374190539121628,0.35381922125816345,0.5199734568595886,0.9332032799720764,0.1445479393005371,0.5274084806442261,0.5883618593215942,1.1608847379684448,0.18732592463493347,0.11481174826622009,0.527511477470398,1.1377660036087036,0.4275599420070648,0.2687239348888397,0.5972768068313599,1.1929810047149658,0.20583149790763855,0.2223358303308487,0.5347926020622253,1.1745837926864624,0.45051607489585876,0.33350417017936707,0.5547362565994263,1.216387391090393,0.06424888223409653,0.13416773080825806,0.5044593811035156,1.1952959299087524,0.3408181667327881,0.22751262784004211
0.5186152458190918,0.21917247772216797,-0.3110048770904541,0.878606915473938,0.5278970003128052,0.19693845510482788,-0.3075283169746399,0.8778604865074158,0.5319163799285889,0.19657815992832184,-0.3079279661178589,0.8742573857307434,0.5371921062469482,0.1962713897228241,-0.3079306185245514,0.8934988379478455,0.5199131965637207,0.19704407453536987,-0.2827380299568176,0.8849116563796997,0.518791675567627,0.19638793170452118,-0.2831067144870758,0.886579692363739,0.5177958607673645,0.19550539553165436,-0.28337082266807556,0.8936913013458252,0.5558966994285583,0.20298141241073608,-0.23793068528175354,0.9085281491279602,0.5308504104614258,0.2028699815273285,-0.11540909856557846,0.874168872833252,0.5300024747848511,0.2418382465839386,-0.27549150586128235,0.8896279335021973,0.5206634998321533,0.2409646362066269,-0.2447068691253662,0.8779206275939941,0.6203188300132751,0.3538952171802521,-0.1834098994731903,0.999603271484375,0.5071554183959961,0.36173492670059204,0.024157263338565826,0.9887987375259399,0.6411086916923523,0.5562840104103088,-0.31375840306282043,0.4631747305393219,0.4818952679634094,0.5268791913986206,-0.036567021161317825,0.655967116355896,0.6053608655929565,0.4993700385093689,-0.6097942590713501,0.7172249555587769,0.4290873110294342,0.47904667258262634,-0.38656502962112427,0.8409994840621948,0.593390703201294,0.48841163516044617,-0.6894710063934326,0.7512018084526062,0.40292835235595703,0.4717172086238861,-0.46274620294570923,0.8426268696784973,0.5926858186721802,0.45756101608276367,-0.7069469690322876,0.758922815322876,0.4071325361728668,0.44348686933517456,-0.4978131353855133,0.8397826552391052,0.5932877659797668,0.46261265873908997,-0.6222637891769409,0.7461388111114502,0.4183027148246765,0.44418296217918396,-0.41315656900405884,0.8112426996231079,0.5811837315559387,0.6896342635154724,-0.06159525364637375,0.9983447194099426,0.5187419652938843,0.6810036301612854,0.06154586747288704,0.9977657198905945,0.5793086886405945,0.9416566491127014,-0.0786997377872467,0.3914475739002228,0.52031010389328,0.9332988262176514,0.13562291860580444,0.5079951286315918,0.5887086391448975,1.1589748859405518,0.17749758064746857,0.1266256868839264,0.5275586843490601,1.1371021270751953,0.42355823516845703,0.2513357996940613,0.597272515296936,1.1907050609588623,0.1952502429485321,0.2137877196073532,0.5349846482276917,1.173512578010559,0.4469703733921051,0.31079310178756714,0.5576088428497314,1.215221643447876,0.053250133991241455,0.14287911355495453,0.5046855211257935,1.1947438716888428,0.3388548195362091,0.21421802043914795
0.519007682800293,0.2190045863389969,-0.3002568483352661,0.890731155872345,0.528408408164978,0.19675500690937042,-0.2948570251464844,0.8900550007820129,0.5323914289474487,0.19628214836120605,-0.29523491859436035,0.8868148922920227,0.5377752780914307,0.19597774744033813,-0.295236736536026,0.9041348695755005,0.520417332649231,0.19698725640773773,-0.2707657814025879,0.896399974822998,0.5192416906356812,0.19637098908424377,-0.2711441218852997,0.8979044556617737,0.5182274580001831,0.19550101459026337,-0.2713964283466339,0.9043046236038208,0.5563196539878845,0.20293261110782623,-0.21356479823589325,0.9176703691482544,0.5312397480010986,0.20288388431072235,-0.09863712638616562,0.8867127895355225,0.5302309393882751,0.2414136528968811,-0.2624877393245697,0.9006612300872803,0.5212693214416504,0.2408881038427353,-0.2325066775083542,0.890119731426239,0.6205737590789795,0.35424503684043884,-0.16419902443885803,0.999640703201294,0.5088716745376587,0.36211103200912476,0.03556572645902634,0.9898971319198608,0.6416081190109253,0.5571619868278503,-0.28959593176841736,0.5166712403297424,0.48189419507980347,0.5268844962120056,-0.03150390461087227,0.6686413288116455,0.605361819267273,0.5091613531112671,-0.581694483757019,0.7454661130905151,0.4307091236114502,0.4902498126029968,-0.38391852378845215,0.8554588556289673,0.5946027040481567,0.500419557094574,-0.6606062650680542,0.776029646396637,0.40328988432884216,0.4852747917175293,-0.4595000147819519,0.8573817610740662,0.5932953357696533,0.4693703055381775,-0.6787514090538025,0.7829843163490295,0.4072454869747162,0.4552299976348877,-0.4920807480812073,0.8549773097038269,0.5937285423278809,0.4742578864097595,-0.5943228006362915,0.771419882774353,0.41863662004470825,0.45654258131980896,-0.4095129370689392,0.8288284540176392,0.5814455151557922,0.6874995231628418,-0.060479264706373215,0.9981832504272461,0.5190900564193726,0.6800262928009033,0.060442935675382614,0.9975163340568542,0.5798346400260925,0.9418050050735474,-0.08866473287343979,0.42247727513313293,0.5206481218338013,0.9339179396629333,0.1251067817211151,0.48831528425216675,0.5887892246246338,1.1610534191131592,0.15561074018478394,0.13536271452903748,0.5275872349739075,1.1409605741500854,0.4087594449520111,0.23507556319236755,0.5972691178321838,1.193126916885376,0.17193357646465302,0.2054828405380249,0.5352274179458618,1.1777758598327637,0.4316778779029846,0.29053476452827454,0.5578520894050598,1.2178236246109009,0.028408516198396683,0.1488841474056244,0.5049339532852173,1.1985936164855957,0.3242575526237488,0.20171543955802917
0.5190057754516602,0.21910175681114197,-0.2831006944179535,0.9016454219818115,0.5285292267799377,0.19674783945083618,-0.2784082591533661,0.9010340571403503,0.5324230194091797,0.19625622034072876,-0.2787730097770691,0.8981202244758606,0.5377775430679321,0.19594869017601013,-0.2787667214870453,0.913710355758667,0.5205735564231873,0.19701936841011047,-0.25243788957595825,0.9067435264587402,0.5194817781448364,0.1964321732521057,-0.2528136074542999,0.9081003069877625,0.5185629725456238,0.19559186697006226,-0.2530567944049835,0.9138604998588562,0.5564535856246948,0.2029731273651123,-0.19951005280017853,0.9258994460105896,0.5319469571113586,0.20293019711971283,-0.07821867614984512,0.8980108499526978,0.5302371382713318,0.24149265885353088,-0.24723489582538605,0.9105917811393738,0.5214653611183167,0.24103571474552155,-0.21493129432201385,0.9011000990867615,0.6206177473068237,0.3552185893058777,-0.15685680508613586,0.9996742606163025,0.510079562664032,0.3623030483722687,0.05743740126490593,0.9908847212791443,0.6424601078033447,0.558636486530304,-0.2818908095359802,0.5648199319839478,0.48202434182167053,0.5270677804946899,-0.0009379560360684991,0.6786726117134094,0.6040079593658447,0.5233361124992371,-0.5711447596549988,0.7708796858787537,0.4315354824066162,0.5000030398368835,-0.34882044792175293,0.868301510810852,0.5943431854248047,0.5123866200447083,-0.6507815718650818,0.798369288444519,0.4051300585269928,0.49407249689102173,-0.42407989501953125,0.8705358505249023,0.5926002860069275,0.48448824882507324,-0.6682676672935486,0.804635226726532,0.40774884819984436,0.4673604667186737,-0.4595183730125427,0.8685654997825623,0.5934673547744751,0.4888118803501129,-0.583462119102478,0.7941614389419556,0.4190148413181305,0.4700237810611725,-0.37558335065841675,0.8445178866386414,0.5815429091453552,0.6850637197494507,-0.06072944402694702,0.9980007410049438,0.5191634893417358,0.6789029836654663,0.060691457241773605,0.9972294569015503,0.5799854397773743,0.9422874450683594,-0.09502376616001129,0.45390331745147705,0.5208026766777039,0.9352784156799316,0.10796872526407242,0.4770446717739105,0.5883669853210449,1.163837194442749,0.1509174406528473,0.14651012420654297,0.5277608633041382,1.144785761833191,0.39215853810310364,0.22170068323612213,0.5962223410606384,1.1967486143112183,0.16732320189476013,0.20039600133895874,0.5353032946586609,1.1817409992218018,0.41532009840011597,0.27417296171188354,0.5577307939529419,1.2194865942001343,0.021697156131267548,0.15801753103733063,0.5050488114356995,1.2012362480163574,0.30687838792800903,0.192465141415596
0.5189914703369141,0.21962326765060425,-0.2849622368812561,0.9114647507667542,0.5285753011703491,0.19685615599155426,-0.2812668979167938,0.9109090566635132,0.53243488073349,0.19635678827762604,-0.2816384732723236,0.9082891941070557,0.5377821326255798,0.196007639169693,-0.2816280424594879,0.9223231673240662,0.5206016898155212,0.1973201185464859,-0.25478267669677734,0.9160476326942444,0.5195533037185669,0.196787491440773,-0.255156934261322,0.9172731637954712,0.5186816453933716,0.19600623846054077,-0.25540876388549805,0.9224579930305481,0.5566236972808838,0.20298919081687927,-0.20472240447998047,0.9333037734031677,0.5322355031967163,0.20298750698566437,-0.08263657987117767,0.9081709980964661,0.5302537679672241,0.24199062585830688,-0.25044840574264526,0.9195279479026794,0.5214918255805969,0.2416096329689026,-0.21753406524658203,0.910979688167572,0.6209855079650879,0.35687655210494995,-0.1651337742805481,0.9997033476829529,0.5107980370521545,0.36242035031318665,0.05580903962254524,0.9917703866958618,0.6446087956428528,0.55836021900177,-0.28975972533226013,0.608043909072876,0.4821670949459076,0.5271573662757874,-0.0028857639990746975,0.6820831894874573,0.5925242304801941,0.5448914766311646,-0.5579344034194946,0.7936521172523499,0.43121403455734253,0.5050444006919861,-0.34953680634498596,0.8790249228477478,0.5716613531112671,0.5432747602462769,-0.6352301239967346,0.8183197975158691,0.4050544202327728,0.4999305009841919,-0.4243276119232178,0.881681501865387,0.5707017183303833,0.5126162767410278,-0.650290310382843,0.8239808082580566,0.4068392813205719,0.47520196437835693,-0.4590548872947693,0.8802200555801392,0.5768222808837891,0.5124075412750244,-0.5684647560119629,0.8143124580383301,0.418255090713501,0.47933948040008545,-0.37595364451408386,0.857697069644928,0.5818339586257935,0.6850519180297852,-0.062272023409605026,0.9978612065315247,0.5192499756813049,0.6789124608039856,0.06222882866859436,0.9970336556434631,0.5801867246627808,0.9424259662628174,-0.10427892208099365,0.4831382632255554,0.5208874344825745,0.935759425163269,0.11268366873264313,0.46522581577301025,0.5883494019508362,1.1648176908493042,0.12950460612773895,0.15566280484199524,0.5279399156570435,1.1465262174606323,0.395067036151886,0.2084616869688034,0.5961099863052368,1.198052167892456,0.1446654349565506,0.1952729970216751,0.5355275869369507,1.1832311153411865,0.4180152416229248,0.2582106590270996,0.5577269792556763,1.219183087348938,-0.0025752829387784004,0.1662873476743698,0.505111575126648,1.202276587486267,0.3103178143501282,0.18316318094730377
0.5188666582107544,0.21994087100028992,-0.28929078578948975,0.9202946424484253,0.5285642147064209,0.19696974754333496,-0.285828560590744,0.919784665107727,0.5324300527572632,0.19648095965385437,-0.28620317578315735,0.9174295663833618,0.5377737879753113,0.19609300792217255,-0.28616663813591003,0.9300634264945984,0.5205980539321899,0.19752533733844757,-0.25742167234420776,0.9244135618209839,0.5195568203926086,0.1970168501138687,-0.25780999660491943,0.9255238771438599,0.5187028050422668,0.19626733660697937,-0.2580808997154236,0.9301921129226685,0.5567249059677124,0.20303724706172943,-0.21195662021636963,0.9399635791778564,0.5323439836502075,0.20302781462669373,-0.08604352921247482,0.9173083305358887,0.5302504897117615,0.24233432114124298,-0.2555218040943146,0.9275676608085632,0.5214852690696716,0.24196010828018188,-0.21983018517494202,0.9198671579360962,0.6210149526596069,0.357712060213089,-0.172399640083313,0.9997268915176392,0.5111099481582642,0.36274608969688416,0.05230468511581421,0.992566704750061,0.6458750367164612,0.5574027299880981,-0.2930874228477478,0.6466014385223389,0.48222145438194275,0.5271313786506653,-0.003977191634476185,0.680104672908783,0.5869637727737427,0.5545313954353333,-0.5438507795333862,0.8137437105178833,0.43149083852767944,0.5168400406837463,-0.3463205397129059,0.8883311748504639,0.5641851425170898,0.5572376251220703,-0.6182746291160583,0.8356892466545105,0.4068114757537842,0.5145671367645264,-0.4202097952365875,0.8913320899009705,0.5615583062171936,0.5286970734596252,-0.63295578956604,0.8408669829368591,0.4077676832675934,0.4928340017795563,-0.45558205246925354,0.8904154896736145,0.5670807957649231,0.5260795950889587,-0.5537055730819702,0.8313595652580261,0.41963475942611694,0.495702862739563,-0.37271907925605774,0.8690225481987,0.5819414854049683,0.6840517520904541,-0.06502676010131836,0.9977143406867981,0.5193217992782593,0.6784606575965881,0.06495945155620575,0.9968993663787842,0.5802191495895386,0.942415714263916,-0.10279079526662827,0.5096314549446106,0.5209034085273743,0.9358236789703369,0.11587349325418472,0.4562191069126129,0.5882753133773804,1.164994239807129,0.13190820813179016,0.16593509912490845,0.5279885530471802,1.145513653755188,0.39454177021980286,0.19826273620128632,0.5961097478866577,1.1981431245803833,0.14718586206436157,0.1909068524837494,0.5356360673904419,1.1820496320724487,0.4167114198207855,0.2447962611913681,0.5570154190063477,1.2198375463485718,-0.0032357722520828247,0.17647325992584229,0.5050910711288452,1.2013696432113647,0.3047429323196411,0.1770128309726715
0.518593430519104,0.22027909755706787,-0.3052700161933899,0.9282395839691162,0.5285434722900391,0.19711188971996307,-0.30111175775527954,0.9277702569961548,0.5323950052261353,0.19666454195976257,-0.3014898896217346,0.9256546497344971,0.5376691222190857,0.19624415040016174,-0.3014610707759857,0.9370293021202087,0.520553469657898,0.19766739010810852,-0.273616760969162,0.9319385886192322,0.5195479393005371,0.19714544713497162,-0.2740127742290497,0.932945728302002,0.5186960697174072,0.19638243317604065,-0.27429038286209106,0.9371488690376282,0.556721568107605,0.2031172662973404,-0.22383978962898254,0.9459573030471802,0.5323976278305054,0.20303866267204285,-0.0973534882068634,0.9255253076553345,0.5302038788795471,0.24284768104553223,-0.2703842520713806,0.9348036050796509,0.5213221311569214,0.24230460822582245,-0.23587815463542938,0.9278658628463745,0.6213829517364502,0.3603750467300415,-0.1807345747947693,0.9997496604919434,0.5111242532730103,0.3640754818916321,0.041884519159793854,0.9932854771614075,0.6462483406066895,0.5573694109916687,-0.29836130142211914,0.6816371083259583,0.4821861684322357,0.5282737612724304,-0.006803242024034262,0.6936158537864685,0.5889943838119507,0.5654349327087402,-0.5638553500175476,0.8322619199752808,0.4303476810455322,0.5262540578842163,-0.33995991945266724,0.8986114859580994,0.5696926712989807,0.5666255354881287,-0.6416298151016235,0.8519763350486755,0.40679803490638733,0.5249518156051636,-0.41344672441482544,0.9015260934829712,0.5668936967849731,0.5392477512359619,-0.6580415368080139,0.8566550016403198,0.4067404866218567,0.5042192935943604,-0.4515054225921631,0.9008291959762573,0.5709160566329956,0.5377746820449829,-0.5752177238464355,0.8479511737823486,0.4182257652282715,0.5063095092773438,-0.36722519993782043,0.8812262415885925,0.5824916958808899,0.6856059432029724,-0.0650271326303482,0.9975934624671936,0.5193246006965637,0.6799699664115906,0.06496204435825348,0.9967687129974365,0.5805050134658813,0.943244993686676,-0.10115835815668106,0.5267353653907776,0.5209675431251526,0.9369795918464661,0.11705553531646729,0.44108518958091736,0.588028609752655,1.1675620079040527,0.14230647683143616,0.1704336553812027,0.5280188918113708,1.1470528841018677,0.3956526815891266,0.18629513680934906,0.5957558751106262,1.1999808549880981,0.15863963961601257,0.1859753578901291,0.5357256531715393,1.1830281019210815,0.41830945014953613,0.23092113435268402,0.5569854378700256,1.2239574193954468,0.01250543724745512,0.18003039062023163,0.5051313042640686,1.2045626640319824,0.30813533067703247,0.1680143177509308
0.5183934569358826,0.22059735655784607,-0.30861231684684753,0.9353942275047302,0.5285371541976929,0.19726277887821198,-0.3043483793735504,0.9349620342254639,0.5323868989944458,0.19684745371341705,-0.3047342896461487,0.9330617785453796,0.5376350283622742,0.19638647139072418,-0.30471062660217285,0.9433029294013977,0.5205291509628296,0.19782061874866486,-0.27675873041152954,0.9387139081954956,0.5195392966270447,0.197295144200325,-0.27715033292770386,0.9396273493766785,0.5186918377876282,0.19653509557247162,-0.2774288058280945,0.9434114694595337,0.5567220449447632,0.2032230794429779,-0.22744038701057434,0.9513530135154724,0.532356321811676,0.20306013524532318,-0.09914951026439667,0.9329193234443665,0.5301999449729919,0.24334833025932312,-0.2739957571029663,0.9413166046142578,0.5212347507476807,0.24262426793575287,-0.23934876918792725,0.9350651502609253,0.6213804483413696,0.3604418933391571,-0.18711356818675995,0.9997705221176147,0.5110846757888794,0.36507001519203186,0.04221099987626076,0.9939278364181519,0.6462119221687317,0.5530937910079956,-0.29489970207214355,0.7132333517074585,0.4822928011417389,0.5287930369377136,0.009430520236492157,0.7029160857200623,0.5871879458427429,0.5713653564453125,-0.5526931881904602,0.8489201068878174,0.430483341217041,0.5326581001281738,-0.3127942681312561,0.9071347713470459,0.5694275498390198,0.5811790227890015,-0.6312381029129028,0.8665993809700012,0.4079133868217468,0.5346378087997437,-0.38388141989707947,0.9100161790847778,0.5642294883728027,0.5528876185417175,-0.6492982506752014,0.8708328604698181,0.406721293926239,0.5147268176078796,-0.4252931475639343,0.9096524119377136,0.5682427883148193,0.549380898475647,-0.5646064281463623,0.8628140687942505,0.41815295815467834,0.5157434940338135,-0.34108972549438477,0.8914056420326233,0.5829204320907593,0.6856091022491455,-0.0664689838886261,0.9975608587265015,0.519527792930603,0.6801084876060486,0.06639252603054047,0.996727466583252,0.5805130004882812,0.9432632327079773,-0.10341308265924454,0.5493325591087341,0.5209513902664185,0.9372109174728394,0.11824233829975128,0.4388980567455292,0.5879690051078796,1.1675093173980713,0.13771280646324158,0.1788337081670761,0.5277655720710754,1.1471598148345947,0.3945313096046448,0.1791766881942749,0.5957380533218384,1.1992301940917969,0.15356720983982086,0.1820904165506363,0.5355026721954346,1.1828303337097168,0.41644614934921265,0.22110305726528168,0.5567675828933716,1.2252848148345947,0.0029424552340060472,0.18778693675994873,0.5050846338272095,1.205734372138977,0.3028784394264221,0.1637296825647354
0.5179578065872192,0.2207953780889511,-0.32543128728866577,0.9418125748634338,0.5284005999565125,0.19731225073337555,-0.3236905038356781,0.9413939118385315,0.5322526693344116,0.1969173401594162,-0.3240773677825928,0.9396886825561523,0.5373262166976929,0.1964467614889145,-0.32405704259872437,0.948912501335144,0.5204796195030212,0.19787174463272095,-0.2955811023712158,0.9447846412658691,0.519534707069397,0.19734123349189758,-0.29598575830459595,0.9456227421760559,0.5186914205551147,0.1965811401605606,-0.29629290103912354,0.9490349888801575,0.5566874146461487,0.20323505997657776,-0.25548797845840454,0.956196129322052,0.5326551198959351,0.2030828893184662,-0.12498941272497177,0.9395491480827332,0.5300708413124084,0.24376170337200165,-0.29360267519950867,0.9471721053123474,0.52116858959198,0.242886483669281,-0.2584499418735504,0.9415361285209656,0.621439516544342,0.3606971800327301,-0.21988603472709656,0.9997870922088623,0.5110935568809509,0.3653194010257721,0.019806398078799248,0.9945172071456909,0.6461098790168762,0.551615297794342,-0.3048253655433655,0.7415585517883301,0.4830232262611389,0.5289828181266785,0.0021308655850589275,0.7154733538627625,0.5723192691802979,0.5679951906204224,-0.5378538370132446,0.8636301755905151,0.43082404136657715,0.5453708171844482,-0.3091767430305481,0.9153298735618591,0.542643666267395,0.5712870955467224,-0.6093050837516785,0.8793044090270996,0.4095618724822998,0.5497832298278809,-0.3776005208492279,0.9179985523223877,0.5395181179046631,0.5411911010742188,-0.6232179403305054,0.8831706643104553,0.40712594985961914,0.5306397080421448,-0.41707462072372437,0.9178475737571716,0.5477315783500671,0.5412387251853943,-0.5464993715286255,0.8753362894058228,0.41818827390670776,0.5308482050895691,-0.3360160291194916,0.9009277820587158,0.5836601853370667,0.688407838344574,-0.06747604161500931,0.9975865483283997,0.5196301341056824,0.682456910610199,0.06739939004182816,0.9968394041061401,0.5805089473724365,0.9437605738639832,-0.10156133025884628,0.5655071139335632,0.5207939743995667,0.9380689859390259,0.11866042762994766,0.43355628848075867,0.5878549814224243,1.1687132120132446,0.1452556550502777,0.18012487888336182,0.5275538563728333,1.1476500034332275,0.39132991433143616,0.16996614634990692,0.5958689451217651,1.1996475458145142,0.1617169827222824,0.1758458912372589,0.5353041887283325,1.1826598644256592,0.41284066438674927,0.20953279733657837,0.5551185607910156,1.2280856370925903,0.01615407131612301,0.1883377581834793,0.5053455829620361,1.2081669569015503,0.3016856610774994,0.1567012369632721
0.5177516937255859,0.22079652547836304,-0.3204438388347626,0.9475892782211304,0.5283697843551636,0.19731195271015167,-0.31829124689102173,0.9471859931945801,0.532228946685791,0.19692069292068481,-0.3186788856983185,0.9456570744514465,0.5372728109359741,0.1964506208896637,-0.31866222620010376,0.9539642333984375,0.520463764667511,0.19787052273750305,-0.290706992149353,0.9502495527267456,0.5195308327674866,0.19733965396881104,-0.29110953211784363,0.9510204792022705,0.5186893343925476,0.19657954573631287,-0.2914135456085205,0.9540967345237732,0.5566796064376831,0.20326241850852966,-0.2495334893465042,0.9605563282966614,0.5326661467552185,0.20309391617774963,-0.12146218866109848,0.9455212950706482,0.5299995541572571,0.24393612146377563,-0.28860756754875183,0.9524417519569397,0.5211089849472046,0.24290460348129272,-0.2541132867336273,0.9473598003387451,0.6214225888252258,0.3607463538646698,-0.21328580379486084,0.9998010993003845,0.5110463500022888,0.3657958209514618,0.016905831173062325,0.9950436949729919,0.6452847719192505,0.5514527559280396,-0.30440661311149597,0.7670159935951233,0.4840817451477051,0.5295383930206299,0.0007881741039454937,0.728542685508728,0.5743777751922607,0.58010333776474,-0.5350594520568848,0.876948356628418,0.43455934524536133,0.5498427748680115,-0.3179400563240051,0.9227644801139832,0.5477396249771118,0.5821413397789001,-0.6080535650253296,0.8909106850624084,0.4142964482307434,0.5551966428756714,-0.3876921236515045,0.9252567291259766,0.5474532246589661,0.5739040374755859,-0.6249052882194519,0.8944429755210876,0.4093758165836334,0.5397576689720154,-0.42666125297546387,0.9252946972846985,0.5527159571647644,0.554636538028717,-0.5454748868942261,0.8869640827178955,0.42029422521591187,0.539639949798584,-0.344749391078949,0.9096218347549438,0.5840402841567993,0.6895043253898621,-0.06739357113838196,0.9976351857185364,0.5197650194168091,0.6830302476882935,0.06731550395488739,0.9969592690467834,0.5802896618843079,0.9436320066452026,-0.09897158294916153,0.582099974155426,0.5204147100448608,0.9382199645042419,0.11116310209035873,0.43635740876197815,0.5874191522598267,1.1682242155075073,0.14637669920921326,0.18483807146549225,0.5271956920623779,1.1475393772125244,0.3658232092857361,0.16543829441070557,0.5955923795700073,1.1991909742355347,0.16267117857933044,0.1716553270816803,0.5350316166877747,1.1823866367340088,0.38597288727760315,0.20249392092227936,0.554539144039154,1.228744626045227,0.017308823764324188,0.19226007163524628,0.5053235292434692,1.2087535858154297,0.2715497612953186,0.1542532742023468
0.5176298022270203,0.2205146849155426,-0.2929118573665619,0.9528144598007202,0.5283445715904236,0.19707655906677246,-0.2882210612297058,0.9524437785148621,0.5321973562240601,0.19666124880313873,-0.2886085510253906,0.9510707259178162,0.5371864438056946,0.19619378447532654,-0.28857648372650146,0.9585487842559814,0.5204320549964905,0.19768232107162476,-0.2611773610115051,0.9552013278007507,0.5195197463035583,0.19715365767478943,-0.2615606486797333,0.9559006690979004,0.5186861753463745,0.19639602303504944,-0.2618378698825836,0.9586696028709412,0.5566766858100891,0.20320852100849152,-0.21661785244941711,0.9644939303398132,0.5326917767524719,0.20300333201885223,-0.09016573429107666,0.9509349465370178,0.529967725276947,0.2439061552286148,-0.2610827386379242,0.9571920037269592,0.5210824608802795,0.24280287325382233,-0.22705523669719696,0.9526124000549316,0.6212988495826721,0.36029285192489624,-0.1915120929479599,0.9998175501823425,0.5110224485397339,0.36586683988571167,0.041588086634874344,0.995514988899231,0.6452428698539734,0.5462786555290222,-0.28925204277038574,0.790141224861145,0.4854711592197418,0.52950119972229,0.016437355428934097,0.7389696836471558,0.5872216820716858,0.6085962057113647,-0.5411226153373718,0.8891744613647461,0.4353259205818176,0.5598470568656921,-0.2829076647758484,0.9294856190681458,0.5774315595626831,0.636258065700531,-0.6175462603569031,0.901694118976593,0.4149574637413025,0.5679739713668823,-0.3497176766395569,0.9318265914916992,0.5712525844573975,0.6152641773223877,-0.638413667678833,0.9048893451690674,0.40975579619407654,0.5535207390785217,-0.39135074615478516,0.9320316910743713,0.5715433359146118,0.6005352735519409,-0.5543537139892578,0.8980401754379272,0.42045682668685913,0.5528173446655273,-0.3104875087738037,0.9175376296043396,0.5843116044998169,0.6894924640655518,-0.06926460564136505,0.9977105855941772,0.5200229287147522,0.6830804347991943,0.06916288286447525,0.9970263838768005,0.5801990032196045,0.9436047673225403,-0.10656975209712982,0.6066451668739319,0.5201070308685303,0.9384368062019348,0.12752309441566467,0.44008198380470276,0.5872398614883423,1.1741516590118408,0.11402764171361923,0.20196561515331268,0.5272220373153687,1.14908766746521,0.3761299252510071,0.1640571653842926,0.595706582069397,1.2048025131225586,0.12770208716392517,0.17232653498649597,0.5353113412857056,1.1849365234375,0.396248459815979,0.19906887412071228,0.5501319169998169,1.2368884086608887,-0.01852836087346077,0.20906192064285278,0.5025806427001953,1.2094368934631348,0.2881971597671509,0.15657299757003784
0.5175647735595703,0.2201365828514099,-0.30034154653549194,0.9575233459472656,0.5283370614051819,0.19673196971416473,-0.2939692437648773,0.9571851491928101,0.532185435295105,0.19627948105335236,-0.2943795323371887,0.9559515118598938,0.5371411442756653,0.1958446055650711,-0.2943553030490875,0.9626829624176025,0.5203768014907837,0.1973295658826828,-0.26741746068000793,0.9596667289733887,0.5194782614707947,0.19677163660526276,-0.26780015230178833,0.9602993130683899,0.5186599493026733,0.19597691297531128,-0.26808279752731323,0.9627912640571594,0.5566709637641907,0.20312555134296417,-0.21870699524879456,0.9680408239364624,0.532685399055481,0.20274263620376587,-0.09390890598297119,0.955817699432373,0.5299538373947144,0.2438478320837021,-0.26761481165885925,0.9614695310592651,0.5210175514221191,0.24268381297588348,-0.23410049080848694,0.9573438763618469,0.6211451292037964,0.36032694578170776,-0.19669309258460999,0.9998336434364319,0.5107555985450745,0.3660913109779358,0.04152974858880043,0.9959420561790466,0.6453031897544861,0.5451584458351135,-0.28445371985435486,0.8110172152519226,0.48648977279663086,0.5305213928222656,0.014840292744338512,0.7481767535209656,0.5933266282081604,0.6220778226852417,-0.5182005167007446,0.9001985788345337,0.435204416513443,0.5721110701560974,-0.2791345715522766,0.9351444840431213,0.5849608778953552,0.6524935960769653,-0.592461347579956,0.91142338514328,0.4144296646118164,0.5841424465179443,-0.3445810377597809,0.9373719692230225,0.5786386728286743,0.6301145553588867,-0.6166542768478394,0.914311945438385,0.40972453355789185,0.5699765682220459,-0.38737696409225464,0.9377914667129517,0.5798755884170532,0.6157126426696777,-0.5320757627487183,0.9080551266670227,0.4203331470489502,0.5677317380905151,-0.3070518374443054,0.924273669719696,0.5844438672065735,0.6922962069511414,-0.07225991785526276,0.9978155493736267,0.5200597047805786,0.6859907507896423,0.07215245068073273,0.9971254467964172,0.5801673531532288,0.9439124464988708,-0.10362239181995392,0.6326048374176025,0.5198278427124023,0.9392846822738647,0.1607879102230072,0.4431799054145813,0.587091863155365,1.177643895149231,0.12478222697973251,0.22128431499004364,0.5277272462844849,1.1501801013946533,0.4231002926826477,0.16214723885059357,0.5960174202919006,1.208375096321106,0.139495387673378,0.17606306076049805,0.5364815592765808,1.1861307621002197,0.4444422125816345,0.19631269574165344,0.5471853017807007,1.2405946254730225,-0.005985929165035486,0.22718511521816254,0.5023621320724487,1.210237979888916,0.34408655762672424,0.15762193500995636
0.517444372177124,0.21949264407157898,-0.31110256910324097,0.961759090423584,0.5283232927322388,0.19613204896450043,-0.3068601191043854,0.9614487290382385,0.532180905342102,0.1956411749124527,-0.30727535486221313,0.9603406190872192,0.537124752998352,0.19527646899223328,-0.3072645962238312,0.9664007425308228,0.520224928855896,0.19664037227630615,-0.2799096703529358,0.9636821746826172,0.5193209648132324,0.19600918889045715,-0.28030043840408325,0.964255154132843,0.5184927582740784,0.19512653350830078,-0.2805924415588379,0.9664983749389648,0.5566636919975281,0.2030225694179535,-0.2368158996105194,0.9712317585945129,0.5324451923370361,0.2021181285381317,-0.11061544716358185,0.9602062702178955,0.5299219489097595,0.2436266392469406,-0.27968528866767883,0.9653180241584778,0.5207325220108032,0.24235191941261292,-0.24574437737464905,0.961599588394165,0.6209349036216736,0.3602987825870514,-0.20983126759529114,0.9998478293418884,0.5104222893714905,0.36640238761901855,0.026697736233472824,0.9963265657424927,0.6456483602523804,0.5429672002792358,-0.2836877703666687,0.8297421336174011,0.4869893193244934,0.530929446220398,0.009935988113284111,0.7522367238998413,0.5981185436248779,0.6350514888763428,-0.4941643178462982,0.9100282788276672,0.4342917501926422,0.585264265537262,-0.2716706395149231,0.9390102028846741,0.5907797813415527,0.6707110404968262,-0.5634816884994507,0.9200221300125122,0.4142328202724457,0.605200469493866,-0.33363407850265503,0.941177487373352,0.5843407511711121,0.6475204229354858,-0.5889207720756531,0.9226523637771606,0.4091682434082031,0.5914820432662964,-0.3770931661128998,0.9419851303100586,0.5858358144760132,0.63303542137146,-0.5078610777854919,0.9168156385421753,0.4197584092617035,0.5850246548652649,-0.2993740141391754,0.9290610551834106,0.5844447612762451,0.6936571598052979,-0.07247906178236008,0.9979416131973267,0.5202008485794067,0.6876027584075928,0.07237176597118378,0.9972708225250244,0.5801392793655396,0.9441215395927429,-0.09768354147672653,0.6545959711074829,0.5194524526596069,0.9394546747207642,0.16970375180244446,0.444156289100647,0.5864320993423462,1.178884744644165,0.1299981325864792,0.2394731342792511,0.5280354619026184,1.1517046689987183,0.4316520094871521,0.16092249751091003,0.5956788659095764,1.2095378637313843,0.1446443498134613,0.17992186546325684,0.5369476675987244,1.1875665187835693,0.4528443217277527,0.19308853149414062,0.5474233031272888,1.243289828300476,0.0005616132402792573,0.24275706708431244,0.5024368762969971,1.2135975360870361,0.35285449028015137,0.1580595225095749
0.517306387424469,0.21918350458145142,-0.30032095313072205,0.9655748605728149,0.5283073782920837,0.19580167531967163,-0.29755353927612305,0.9652910232543945,0.5321702361106873,0.19526706635951996,-0.2979452908039093,0.964294970035553,0.5371140241622925,0.1949315369129181,-0.2979312837123871,0.9697504639625549,0.5200096964836121,0.19628529250621796,-0.2703994810581207,0.9673020243644714,0.5190848112106323,0.19561530649662018,-0.2708112895488739,0.9678201079368591,0.518217921257019,0.19467751681804657,-0.27110525965690613,0.969839870929718,0.5566462278366089,0.2029297649860382,-0.2335127592086792,0.9741044044494629,0.5319579243659973,0.20164839923381805,-0.10655999183654785,0.9641664028167725,0.5298586487770081,0.24337847530841827,-0.2706592082977295,0.9687820076942444,0.5203691720962524,0.24216902256011963,-0.23652097582817078,0.9654314517974854,0.6202645897865295,0.35970887541770935,-0.20511558651924133,0.9998605251312256,0.5101748704910278,0.3662780225276947,0.03403899818658829,0.9966771006584167,0.6458793878555298,0.5395992994308472,-0.22886665165424347,0.8465526103973389,0.4869934618473053,0.531201183795929,0.06414396315813065,0.7595894932746887,0.6014848947525024,0.6524789929389954,-0.38370174169540405,0.9187561869621277,0.4321247935295105,0.5963776707649231,-0.1547711044549942,0.9427748918533325,0.5950077772140503,0.689730703830719,-0.43938153982162476,0.9275235533714294,0.41383376717567444,0.6204172968864441,-0.2035396546125412,0.9445472359657288,0.587386429309845,0.6698148250579834,-0.4654759466648102,0.9299446940422058,0.4072161614894867,0.6092714667320251,-0.24931137263774872,0.9457006454467773,0.588003933429718,0.6534087061882019,-0.3958427309989929,0.9243798851966858,0.4171212613582611,0.6020848751068115,-0.18158282339572906,0.9335016012191772,0.584136426448822,0.6917493343353271,-0.07325241714715958,0.9980546236038208,0.5202582478523254,0.6874714493751526,0.0731392651796341,0.9974151849746704,0.5799722075462341,0.9439743757247925,-0.09638549387454987,0.6774190664291382,0.5192182064056396,0.9393520951271057,0.16010013222694397,0.4541584849357605,0.5864385366439819,1.1859157085418701,0.10765501111745834,0.26538926362991333,0.528764009475708,1.1567727327346802,0.388725221157074,0.16486142575740814,0.5958130955696106,1.2182410955429077,0.11933015286922455,0.1890423595905304,0.537906289100647,1.1936800479888916,0.4070393145084381,0.19422908127307892,0.5477388501167297,1.25299870967865,-0.020275738090276718,0.2637574374675751,0.5025006532669067,1.2212154865264893,0.3120088279247284,0.16339212656021118
0.5169717073440552,0.2186504602432251,-0.29942163825035095,0.9690048694610596,0.5281650424003601,0.19532011449337006,-0.2974108159542084,0.9687424898147583,0.5320426225662231,0.19475947320461273,-0.2978001832962036,0.9678481817245483,0.5368570685386658,0.19444480538368225,-0.2977871596813202,0.972760021686554,0.5197514295578003,0.19566673040390015,-0.2700762152671814,0.9705540537834167,0.5188571214675903,0.19491596519947052,-0.27049410343170166,0.9710239768028259,0.5179883241653442,0.19385868310928345,-0.27079230546951294,0.9728432297706604,0.5565657615661621,0.20275762677192688,-0.23565204441547394,0.9766880869865417,0.531692624092102,0.20093223452568054,-0.10771914571523666,0.9677234292030334,0.5294989347457886,0.24296343326568604,-0.2704955041408539,0.9718971252441406,0.5197042226791382,0.24169501662254333,-0.23619630932807922,0.9688757658004761,0.6193816661834717,0.35904252529144287,-0.2071613073348999,0.999871551990509,0.5094538331031799,0.36538222432136536,0.034047942608594894,0.9969900250434875,0.6460025310516357,0.5375593900680542,-0.2190881222486496,0.8616657257080078,0.48688602447509766,0.5313926339149475,0.07653278857469559,0.7599809169769287,0.6042142510414124,0.661342978477478,-0.3403090536594391,0.9264508485794067,0.4318290650844574,0.6030676364898682,-0.11536061763763428,0.9449535608291626,0.5997944474220276,0.7010601162910461,-0.38927793502807617,0.9339663982391357,0.41394057869911194,0.6312286853790283,-0.15842746198177338,0.9463350176811218,0.5901750922203064,0.6849578619003296,-0.4158686697483063,0.9362257719039917,0.4073362350463867,0.619877815246582,-0.20350822806358337,0.9479414224624634,0.5896886587142944,0.6680330038070679,-0.3516971468925476,0.9308021068572998,0.4169794023036957,0.6112068891525269,-0.14110815525054932,0.9362435340881348,0.5827750563621521,0.692043662071228,-0.07639887183904648,0.9981829524040222,0.520237386226654,0.6889374852180481,0.0762849897146225,0.9975804090499878,0.5798213481903076,0.9441065192222595,-0.08122047036886215,0.702033281326294,0.5190268754959106,0.9393441677093506,0.1787761151790619,0.46585530042648315,0.586249828338623,1.1924108266830444,0.11797642707824707,0.29910197854042053,0.5289198160171509,1.1606165170669556,0.39276885986328125,0.175307497382164,0.5958479642868042,1.2259865999221802,0.13201892375946045,0.2066405713558197,0.5385804176330566,1.1997573375701904,0.4092633128166199,0.20218656957149506,0.5465260744094849,1.2604931592941284,-0.010560927912592888,0.2908642292022705,0.4995487332344055,1.2233794927597046,0.32168060541152954,0.17455238103866577
0.5166643857955933,0.21847954392433167,-0.31528526544570923,0.9720880389213562,0.5279408693313599,0.19511394202709198,-0.31475362181663513,0.9718412160873413,0.5318505764007568,0.19453416764736176,-0.315143883228302,0.9710394144058228,0.536531925201416,0.1942363977432251,-0.31513598561286926,0.9754628539085388,0.5194033980369568,0.19540025293827057,-0.28739050030708313,0.9734739065170288,0.5185283422470093,0.1946074366569519,-0.28782325983047485,0.9739019870758057,0.5176359415054321,0.19348515570163727,-0.28813400864601135,0.9755418300628662,0.5564482808113098,0.20268937945365906,-0.2577098309993744,0.9790111780166626,0.5312085151672363,0.20051856338977814,-0.1303408443927765,0.9709162712097168,0.5291089415550232,0.2428690791130066,-0.28774401545524597,0.974699079990387,0.519025444984436,0.24158740043640137,-0.2534470558166504,0.9719728231430054,0.6187540292739868,0.3586205840110779,-0.2271679937839508,0.9998818039894104,0.5084351897239685,0.3636113107204437,0.01687629334628582,0.997275173664093,0.6464671492576599,0.5370093584060669,-0.2368517816066742,0.8753147125244141,0.486778199672699,0.5313835740089417,0.07440030574798584,0.7651672959327698,0.6063883900642395,0.6653395295143127,-0.3593500256538391,0.9334990978240967,0.4317733645439148,0.6113144159317017,-0.09116317331790924,0.9481407999992371,0.6025840044021606,0.7076855301856995,-0.4090392589569092,0.9399643540382385,0.41510599851608276,0.6396136283874512,-0.13027158379554749,0.9489439129829407,0.5911458134651184,0.6884679794311523,-0.4346010684967041,0.9420493841171265,0.4084432125091553,0.6345428228378296,-0.17709457874298096,0.9507871270179749,0.5899913311004639,0.6703070998191833,-0.3703218996524811,0.9368285536766052,0.41701841354370117,0.6249822378158569,-0.11675997823476791,0.9397061467170715,0.5816880464553833,0.6918858885765076,-0.07727060467004776,0.9983150362968445,0.5202212333679199,0.6893471479415894,0.07715864479541779,0.9977540373802185,0.5789284706115723,0.94322270154953,-0.0701916292309761,0.7235872149467468,0.5186192393302917,0.9384022951126099,0.18417920172214508,0.47656428813934326,0.5853884220123291,1.1899867057800293,0.14666981995105743,0.32541343569755554,0.5287784337997437,1.1595909595489502,0.4067305028438568,0.1835431158542633,0.5953953266143799,1.2231576442718506,0.16153807938098907,0.22088630497455597,0.5385950803756714,1.1984245777130127,0.4233211874961853,0.2096174657344818,0.5463944673538208,1.2574740648269653,0.037511445581912994,0.3105916380882263,0.4956108033657074,1.2219988107681274,0.3387337625026703,0.1830272376537323
0.5162360072135925,0.21844536066055298,-0.31941723823547363,0.9748620390892029,0.5274294018745422,0.1950288563966751,-0.318558931350708,0.974628746509552,0.531497061252594,0.1944705694913864,-0.31895866990089417,0.973911702632904,0.5360530614852905,0.19417665898799896,-0.3189481198787689,0.9778953194618225,0.5189093351364136,0.1952914148569107,-0.29065459966659546,0.9760981798171997,0.5180474519729614,0.1944698542356491,-0.2910735607147217,0.9764896631240845,0.5171209573745728,0.19330666959285736,-0.2913796305656433,0.9779669642448425,0.5562657713890076,0.20266492664813995,-0.2594989538192749,0.9811023473739624,0.5308147668838501,0.2002934068441391,-0.1297522932291031,0.9737825989723206,0.5286953449249268,0.24286958575248718,-0.2912595570087433,0.9772213101387024,0.5184667706489563,0.2415815144777298,-0.25626832246780396,0.9747593402862549,0.6184395551681519,0.3586070239543915,-0.2334689199924469,0.9998912811279297,0.5076464414596558,0.3636273145675659,0.018035516142845154,0.9975271224975586,0.6465911269187927,0.537354052066803,-0.2492830455303192,0.8876722455024719,0.4867430627346039,0.5313949584960938,0.0724659189581871,0.767296314239502,0.6069140434265137,0.672476053237915,-0.41779136657714844,0.9399862289428711,0.4343317151069641,0.6173706650733948,-0.10571970045566559,0.9499975442886353,0.6020315885543823,0.7160684466362,-0.47675806283950806,0.9456477761268616,0.4207414984703064,0.6498491764068604,-0.14879123866558075,0.9503860473632812,0.5917247533798218,0.6900452971458435,-0.5005695223808289,0.9475518465042114,0.41459426283836365,0.6462034583091736,-0.19516988098621368,0.9525636434555054,0.5907124280929565,0.6690810322761536,-0.4292498230934143,0.9426381587982178,0.42149052023887634,0.635168731212616,-0.13164956867694855,0.9419481158256531,0.5805173516273499,0.6931225657463074,-0.07857626676559448,0.9984357953071594,0.5201446413993835,0.6931211948394775,0.07848169654607773,0.9979074001312256,0.578144907951355,0.9426755905151367,-0.058401841670274734,0.7432107329368591,0.5182772278785706,0.9381418228149414,0.18560269474983215,0.4920169413089752,0.5848060846328735,1.1882977485656738,0.18184390664100647,0.35071536898612976,0.5285520553588867,1.1592470407485962,0.422569215297699,0.1949959397315979,0.5950162410736084,1.2217375040054321,0.1984027922153473,0.23516570031642914,0.5385841131210327,1.1974124908447266,0.4410789906978607,0.22099244594573975,0.5463705062866211,1.2563481330871582,0.07020281255245209,0.3294178247451782,0.4940106272697449,1.2204036712646484,0.34960901737213135,0.19380339980125427
0.515632152557373,0.21842804551124573,-0.31737595796585083,0.9773430824279785,0.5265010595321655,0.1949785202741623,-0.3165120482444763,0.9771080017089844,0.5308252573013306,0.1944253295660019,-0.3169086277484894,0.9764682054519653,0.5351477861404419,0.19410480558872223,-0.31689590215682983,0.9800597429275513,0.5183240175247192,0.19527164101600647,-0.2885741591453552,0.9784359931945801,0.5175077319145203,0.19445759057998657,-0.2889927923679352,0.9788005352020264,0.5165589451789856,0.1933010369539261,-0.28930026292800903,0.9801368117332458,0.5558752417564392,0.2026202529668808,-0.2601166367530823,0.9829740524291992,0.5304614901542664,0.20025482773780823,-0.12967339158058167,0.9763349890708923,0.528144896030426,0.2428671270608902,-0.28954118490219116,0.9794829487800598,0.5180050730705261,0.24159543216228485,-0.25448229908943176,0.9772543907165527,0.6179307699203491,0.35876503586769104,-0.23226523399353027,0.9998980760574341,0.5069587230682373,0.3645417392253876,0.013774138875305653,0.9977545738220215,0.6468325853347778,0.5381498336791992,-0.25015562772750854,0.8986762762069702,0.4865707755088806,0.532977283000946,0.07650137692689896,0.7683196663856506,0.6084355711936951,0.6818785071372986,-0.38234925270080566,0.9454200267791748,0.43564480543136597,0.6270643472671509,-0.08424288779497147,0.9519397616386414,0.6033393740653992,0.731040358543396,-0.43433672189712524,0.9499896168708801,0.42170363664627075,0.6636880040168762,-0.12445018440485,0.9516547322273254,0.59260493516922,0.7069171667098999,-0.4581180214881897,0.9517738819122314,0.41594353318214417,0.6573195457458496,-0.17066265642642975,0.9541168808937073,0.5917927622795105,0.6852229833602905,-0.3927967846393585,0.9467359185218811,0.42266911268234253,0.6486918330192566,-0.1095421314239502,0.9438493251800537,0.5801796913146973,0.6966725587844849,-0.07825889438390732,0.9985357522964478,0.5197669267654419,0.6973087787628174,0.07816959917545319,0.9980459213256836,0.5774775743484497,0.9416770935058594,-0.02867678925395012,0.7544464468955994,0.5182582139968872,0.938107967376709,0.18030637502670288,0.49619853496551514,0.5848668217658997,1.1868126392364502,0.2174030989408493,0.3576074540615082,0.5284217596054077,1.1588627099990845,0.4197472929954529,0.19513960182666779,0.5949433445930481,1.2205564975738525,0.23459556698799133,0.23815271258354187,0.5384114384651184,1.1973035335540771,0.4387842118740082,0.22115905582904816,0.5511534810066223,1.2533128261566162,0.11165948212146759,0.3300594687461853,0.49447304010391235,1.2189091444015503,0.34524381160736084,0.1929820328950882
0.5148252248764038,0.21842382848262787,-0.3230196535587311,0.9795436263084412,0.525378942489624,0.194965198636055,-0.32370615005493164,0.9792762398719788,0.5299865007400513,0.19441895186901093,-0.324089378118515,0.9787025451660156,0.5342437028884888,0.194092258810997,-0.3240717947483063,0.9819443821907043,0.5176556706428528,0.195266455411911,-0.2957674562931061,0.9805045127868652,0.5168451070785522,0.19445694983005524,-0.29622188210487366,0.9808576107025146,0.5158208608627319,0.19330430030822754,-0.2965754270553589,0.9820773601531982,0.5553730130195618,0.2026018500328064,-0.2720720171928406,0.9846295118331909,0.5298181772232056,0.20025357604026794,-0.14357852935791016,0.9786097407341003,0.5271964073181152,0.2428603321313858,-0.2971174418926239,0.9814971089363098,0.5172678232192993,0.24159294366836548,-0.26236772537231445,0.9794778823852539,0.6172078847885132,0.35873132944107056,-0.23679356276988983,0.9998986721038818,0.5062836408615112,0.364778995513916,-0.007997117936611176,0.9979627728462219,0.6471917629241943,0.5403107404708862,-0.2218426764011383,0.9080248475074768,0.48707056045532227,0.5330765247344971,0.06505727022886276,0.7688049077987671,0.6113771200180054,0.6960173845291138,-0.2893572151660919,0.9466068148612976,0.44107741117477417,0.6324156522750854,-0.10074776411056519,0.9536637663841248,0.6061251163482666,0.7425646185874939,-0.32743704319000244,0.9477151036262512,0.4279564917087555,0.6680091023445129,-0.13982327282428741,0.952513575553894,0.5950047969818115,0.7252287864685059,-0.35366836190223694,0.9497532844543457,0.4231443405151367,0.6630560755729675,-0.18302324414253235,0.9552300572395325,0.5943679809570312,0.7040614485740662,-0.298928827047348,0.9427756667137146,0.42990222573280334,0.6534609198570251,-0.12436064332723618,0.945116400718689,0.5802295207977295,0.6958382725715637,-0.07524390518665314,0.9986221194267273,0.5188846588134766,0.6967206001281738,0.07516124844551086,0.9981890320777893,0.5759345889091492,0.9376043677330017,-0.012635692954063416,0.7615510821342468,0.5181369781494141,0.9380097389221191,0.17431582510471344,0.5049358606338501,0.5850073099136353,1.1752066612243652,0.242618590593338,0.3580198585987091,0.5284003019332886,1.1553137302398682,0.3946864902973175,0.19959937036037445,0.5949661731719971,1.2055251598358154,0.2612968385219574,0.23582515120506287,0.538379430770874,1.1930617094039917,0.41307610273361206,0.22227945923805237,0.5523901581764221,1.2425693273544312,0.14526104927062988,0.32496368885040283,0.496102899312973,1.216525912284851,0.31850752234458923,0.195472851395607
0.5139269232749939,0.21854135394096375,-0.35203129053115845,0.9814605712890625,0.5244631171226501,0.19501592218875885,-0.3527720868587494,0.981121838092804,0.5292819142341614,0.19448725879192352,-0.35316547751426697,0.9806139469146729,0.5335695743560791,0.194149911403656,-0.3531527817249298,0.9835453033447266,0.5168550610542297,0.19530239701271057,-0.3236110508441925,0.9822888970375061,0.5158621668815613,0.19450342655181885,-0.3240721821784973,0.9826555848121643,0.5145110487937927,0.1933555006980896,-0.32445091009140015,0.9837848544120789,0.5546826720237732,0.20262973010540009,-0.2978125512599945,0.9860838651657104,0.5281389355659485,0.20029480755329132,-0.16427014768123627,0.9805847406387329,0.5260828137397766,0.24290211498737335,-0.32492581009864807,0.9832719564437866,0.5159733295440674,0.24160808324813843,-0.28871050477027893,0.9814286231994629,0.6159049272537231,0.3584986925125122,-0.25954556465148926,0.9998911619186401,0.5052414536476135,0.3653876781463623,-0.017189739271998405,0.9981406331062317,0.6474262475967407,0.5411556959152222,-0.2325456142425537,0.9159025549888611,0.48864856362342834,0.5340898036956787,0.061797112226486206,0.7571548819541931,0.6153343915939331,0.7043192386627197,-0.28745001554489136,0.9425638318061829,0.4439014792442322,0.6391295790672302,-0.08521378040313721,0.952735960483551,0.61185222864151,0.7501437664031982,-0.3242819905281067,0.9381808042526245,0.43057847023010254,0.6756680607795715,-0.12106074392795563,0.9506654739379883,0.5990191698074341,0.7377044558525085,-0.3508445620536804,0.9408175349235535,0.4255942404270172,0.6703956723213196,-0.16594624519348145,0.9539346098899841,0.5977600812911987,0.7156155705451965,-0.29687511920928955,0.9305746555328369,0.43249624967575073,0.6628164649009705,-0.1091352105140686,0.9435448050498962,0.5804075598716736,0.6953805088996887,-0.07551439851522446,0.9986902475357056,0.5176841616630554,0.6963024139404297,0.07544044405221939,0.9983110427856445,0.575011134147644,0.9353591799736023,-0.015283112414181232,0.7718933820724487,0.5180016756057739,0.9371159076690674,0.1784285306930542,0.5173091888427734,0.5849707126617432,1.1641196012496948,0.265315443277359,0.3686921000480652,0.5289043188095093,1.1503585577011108,0.420098215341568,0.21321213245391846,0.594669759273529,1.1932275295257568,0.2866472601890564,0.24111512303352356,0.539191484451294,1.1883034706115723,0.4403286874294281,0.23124508559703827,0.5536734461784363,1.2316781282424927,0.16826438903808594,0.32789885997772217,0.4973269999027252,1.2117913961410522,0.3409808874130249,0.20428505539894104
0.5130057334899902,0.21884487569332123,-0.34184545278549194,0.9832349419593811,0.5230600833892822,0.1951884627342224,-0.3426050543785095,0.9828691482543945,0.5281346440315247,0.19464270770549774,-0.342990517616272,0.9824146032333374,0.5325359106063843,0.19428886473178864,-0.3429814875125885,0.9850659370422363,0.5159088969230652,0.19541610777378082,-0.3142099976539612,0.9839549660682678,0.5148015022277832,0.1946166306734085,-0.31466108560562134,0.9843147993087769,0.5132907629013062,0.19345177710056305,-0.3150191009044647,0.9853515028953552,0.5537663698196411,0.2026333212852478,-0.2894231677055359,0.9874258041381836,0.5270744562149048,0.20029900968074799,-0.15929017961025238,0.982420802116394,0.5249590873718262,0.2430075705051422,-0.315240740776062,0.9849002361297607,0.5150848627090454,0.24170249700546265,-0.2799561321735382,0.983222484588623,0.6144439578056335,0.3582719564437866,-0.2511271834373474,0.9998902082443237,0.5040146708488464,0.3655487596988678,-0.02242317423224449,0.9983053803443909,0.6474013924598694,0.5418878793716431,-0.2209790050983429,0.9232104420661926,0.48872891068458557,0.5349971652030945,0.039450503885746,0.7526829242706299,0.6220269203186035,0.7121993899345398,-0.2707623541355133,0.9400871396064758,0.4466208815574646,0.6480166912078857,-0.11836007982492447,0.9512355923652649,0.6207535862922668,0.7579277157783508,-0.3056350350379944,0.9308925271034241,0.4345964789390564,0.6868703961372375,-0.15832850337028503,0.9478821754455566,0.6073587536811829,0.7483299970626831,-0.3345645070075989,0.9340908527374268,0.4294453263282776,0.6800662875175476,-0.2018164098262787,0.9517956972122192,0.6046430468559265,0.728141725063324,-0.28105974197387695,0.921452522277832,0.4360284209251404,0.6701070666313171,-0.1424613893032074,0.9411287903785706,0.5804523229598999,0.6953505277633667,-0.07307309657335281,0.9987617135047913,0.5166977047920227,0.6962378621101379,0.07298050075769424,0.9984250664710999,0.574292778968811,0.9350159764289856,-0.030450263991951942,0.7823814153671265,0.517868161201477,0.9372771382331848,0.1607121378183365,0.5296708941459656,0.5843380093574524,1.1651932001113892,0.22948451340198517,0.37892359495162964,0.5290878415107727,1.15042245388031,0.3950074017047882,0.22397692501544952,0.5934398174285889,1.1947513818740845,0.24833372235298157,0.24430164694786072,0.5393062829971313,1.1882857084274292,0.41432252526283264,0.23677712678909302,0.5536593794822693,1.231813907623291,0.12480320036411285,0.3329375386238098,0.5002340078353882,1.2128288745880127,0.3131812512874603,0.21279475092887878
0.5109257102012634,0.21888181567192078,-0.3409923315048218,0.9848052859306335,0.5204383730888367,0.19528329372406006,-0.34491902589797974,0.984408438205719,0.5254794359207153,0.19473817944526672,-0.3453105092048645,0.9840137362480164,0.530097484588623,0.19439277052879333,-0.3453077971935272,0.9864227771759033,0.5145297050476074,0.19544008374214172,-0.3157981336116791,0.9854089617729187,0.513440728187561,0.19463585317134857,-0.31625038385391235,0.9857722520828247,0.5119839310646057,0.19345694780349731,-0.31660857796669006,0.986731231212616,0.5520248413085938,0.2026762217283249,-0.3038874566555023,0.9886353611946106,0.5263155698776245,0.20030885934829712,-0.1695985496044159,0.9840256571769714,0.5223569273948669,0.2430250644683838,-0.31785938143730164,0.9863626956939697,0.5135810375213623,0.24170547723770142,-0.2815799117088318,0.9848195314407349,0.613017201423645,0.35810959339141846,-0.2665150761604309,0.9998930096626282,0.5029333233833313,0.3655841052532196,-0.034048281610012054,0.9984445571899414,0.6474276781082153,0.5451973080635071,-0.23049363493919373,0.930231511592865,0.4887014329433441,0.5370756387710571,0.03155910596251488,0.7348859906196594,0.6247855424880981,0.7233127355575562,-0.2838541865348816,0.9412059783935547,0.4478062689304352,0.6613406538963318,-0.10880086570978165,0.9375681281089783,0.6258479356765747,0.7689211368560791,-0.3202503025531769,0.9289119243621826,0.4371803402900696,0.7004692554473877,-0.14388510584831238,0.9314892888069153,0.6127771139144897,0.7628685235977173,-0.34873059391975403,0.9323394298553467,0.43223071098327637,0.6962568759918213,-0.18737533688545227,0.9373525381088257,0.6083135008811951,0.7422412633895874,-0.2940187156200409,0.9181603193283081,0.4385489821434021,0.6866044998168945,-0.13207760453224182,0.926167905330658,0.5784835815429688,0.6957348585128784,-0.07213948667049408,0.9988396763801575,0.51393061876297,0.6966207027435303,0.0720534697175026,0.9985262155532837,0.5727636814117432,0.9344598650932312,-0.026271652430295944,0.7928805947303772,0.5169945359230042,0.9377373456954956,0.173889622092247,0.5366553068161011,0.5812405347824097,1.1680196523666382,0.2309407740831375,0.39705944061279297,0.528152585029602,1.1506808996200562,0.4184759259223938,0.2339983731508255,0.5893248319625854,1.19794499874115,0.24911999702453613,0.25162628293037415,0.5379359722137451,1.1883443593978882,0.4385651648044586,0.24201104044914246,0.5514249205589294,1.2365896701812744,0.11820181459188461,0.3453410863876343,0.500259280204773,1.2140430212020874,0.3332897424697876,0.22170642018318176
0.5091964602470398,0.2188769280910492,-0.34557968378067017,0.9862498641014099,0.5190821886062622,0.19539928436279297,-0.3491784930229187,0.9858459830284119,0.5241807699203491,0.19491104781627655,-0.3495658040046692,0.9854987263679504,0.5289714932441711,0.1946987509727478,-0.3495720326900482,0.9876828193664551,0.5128754377365112,0.19544276595115662,-0.31938284635543823,0.9867616891860962,0.5112801194190979,0.19463598728179932,-0.3198308050632477,0.9871139526367188,0.5094386339187622,0.19343049824237823,-0.32019007205963135,0.9879961013793945,0.5506659746170044,0.20285890996456146,-0.3043448328971863,0.9897364377975464,0.5231250524520874,0.2003154754638672,-0.16763795912265778,0.9855022430419922,0.5203216671943665,0.24302461743354797,-0.3218519687652588,0.9876900315284729,0.5113846063613892,0.24161358177661896,-0.2847177982330322,0.9862735867500305,0.611950159072876,0.35802018642425537,-0.26808831095695496,0.9998969435691833,0.5020355582237244,0.3666509985923767,-0.028120478615164757,0.9985738396644592,0.6473893523216248,0.5482963919639587,-0.23286280035972595,0.9366176724433899,0.488675057888031,0.5407611727714539,0.033880267292261124,0.7171831130981445,0.625232994556427,0.7301881313323975,-0.2801617980003357,0.9421204328536987,0.4486777186393738,0.6668320894241333,-0.10877203941345215,0.9235528707504272,0.6271039247512817,0.7746354937553406,-0.3165515661239624,0.9265263080596924,0.43824729323387146,0.7069396376609802,-0.14487186074256897,0.9146324396133423,0.615228533744812,0.7709826827049255,-0.34594428539276123,0.9301862120628357,0.4327286183834076,0.7018693089485168,-0.18929773569107056,0.9223185181617737,0.6101740598678589,0.7498064041137695,-0.29057595133781433,0.9146698117256165,0.4396679997444153,0.6914504766464233,-0.13277553021907806,0.9107770323753357,0.5765756368637085,0.6960441470146179,-0.07211045175790787,0.9989179372787476,0.5109379291534424,0.6976035237312317,0.0720270574092865,0.9986289143562317,0.5711700916290283,0.9341528415679932,-0.031047925353050232,0.8031390905380249,0.5164514183998108,0.9406230449676514,0.17491641640663147,0.5467597842216492,0.5812275409698486,1.1731704473495483,0.2284848690032959,0.4104883074760437,0.5281597971916199,1.1550021171569824,0.41793665289878845,0.2430034577846527,0.5896481871604919,1.2034343481063843,0.24706557393074036,0.255891352891922,0.5378777980804443,1.1913492679595947,0.43775448203086853,0.2457951158285141,0.550795316696167,1.2451962232589722,0.11346814781427383,0.35321924090385437,0.5035735964775085,1.2226485013961792,0.33176472783088684,0.2282848060131073
0.5084208846092224,0.21899168193340302,-0.3418966829776764,0.9874179363250732,0.5184069275856018,0.19555625319480896,-0.34515446424484253,0.986865758895874,0.5235554575920105,0.195107564330101,-0.3455358147621155,0.986551821231842,0.5284693837165833,0.19496531784534454,-0.3455336391925812,0.9885647296905518,0.5117706656455994,0.19546833634376526,-0.31565535068511963,0.9877959489822388,0.5099138021469116,0.19464747607707977,-0.31610625982284546,0.9881899356842041,0.5079149603843689,0.19343066215515137,-0.31646719574928284,0.9890493750572205,0.5496640205383301,0.2028990238904953,-0.30111047625541687,0.9906132817268372,0.5207504034042358,0.2003173679113388,-0.16547131538391113,0.9866737127304077,0.5195740461349487,0.2430524230003357,-0.31817471981048584,0.9888107776641846,0.5103785395622253,0.24164392054080963,-0.2814093828201294,0.9874973893165588,0.6109648942947388,0.3581382632255554,-0.26733893156051636,0.9998942017555237,0.5017310976982117,0.3666774034500122,-0.029801592230796814,0.9986931085586548,0.6471173167228699,0.5507409572601318,-0.23486284911632538,0.9421863555908203,0.48883533477783203,0.5415419936180115,0.03524858132004738,0.709540605545044,0.6261169910430908,0.7335788011550903,-0.28826841711997986,0.9409719705581665,0.44913214445114136,0.672501266002655,-0.09787598997354507,0.9232355356216431,0.6288349032402039,0.7767988443374634,-0.3241884708404541,0.9211316704750061,0.43793582916259766,0.7131182551383972,-0.13383319973945618,0.9126023054122925,0.6176913380622864,0.7761691808700562,-0.354023814201355,0.9251468777656555,0.43215903639793396,0.7084586024284363,-0.17861796915531158,0.9207540154457092,0.6122323870658875,0.755875289440155,-0.2990037798881531,0.9080238938331604,0.43945184350013733,0.6989020705223083,-0.12181935459375381,0.9089758992195129,0.5742383003234863,0.6963539719581604,-0.07187975198030472,0.9989793300628662,0.5091216564178467,0.698174238204956,0.07180612534284592,0.9987233877182007,0.5701642632484436,0.9337568283081055,0.0017472559120506048,0.802976667881012,0.5160523653030396,0.9406189918518066,0.1719418168067932,0.5450708866119385,0.5809578895568848,1.1764246225357056,0.2611841559410095,0.41062504053115845,0.529228925704956,1.1606773138046265,0.38639989495277405,0.2455514818429947,0.5895669460296631,1.2073136568069458,0.2792818546295166,0.252905935049057,0.5386122465133667,1.1985055208206177,0.40281063318252563,0.24508698284626007,0.5502119064331055,1.2466232776641846,0.1478402316570282,0.34809455275535583,0.5061599016189575,1.2271047830581665,0.2880854904651642,0.22914209961891174
0.5070809125900269,0.21875467896461487,-0.351089209318161,0.9885486960411072,0.5171186327934265,0.19552601873874664,-0.3555164039134979,0.9879513382911682,0.5218817591667175,0.19510355591773987,-0.35590386390686035,0.9876757860183716,0.5268748998641968,0.1949709951877594,-0.3558976352214813,0.9895066022872925,0.5105563402175903,0.19516372680664062,-0.325141042470932,0.9888429641723633,0.5087288022041321,0.19418908655643463,-0.3255975842475891,0.9892446994781494,0.5068554282188416,0.19274260103702545,-0.3259643316268921,0.9900518655776978,0.5479514598846436,0.2030506134033203,-0.31277766823768616,0.9914714694023132,0.5199209451675415,0.2002234309911728,-0.17353831231594086,0.9878361225128174,0.5175595283508301,0.24293266236782074,-0.3280121684074402,0.9898594617843628,0.5088798403739929,0.2412727177143097,-0.29012295603752136,0.9886468648910522,0.6095544099807739,0.3581118583679199,-0.2784861624240875,0.9998939633369446,0.5013808012008667,0.3663061857223511,-0.03388974815607071,0.998801589012146,0.6466080546379089,0.5522951483726501,-0.24465057253837585,0.9472715854644775,0.49071288108825684,0.5422372221946716,0.03608471527695656,0.7027541399002075,0.6285077333450317,0.7370252013206482,-0.2953728139400482,0.9410845041275024,0.4509831368923187,0.6709744930267334,-0.09626235067844391,0.9242605566978455,0.6336989402770996,0.7803838849067688,-0.3312549889087677,0.91839998960495,0.4393271505832672,0.7121037840843201,-0.13169167935848236,0.912889301776886,0.6226104497909546,0.7818722128868103,-0.3621208369731903,0.9227228760719299,0.4335152506828308,0.7093695402145386,-0.17733491957187653,0.9212552905082703,0.6166149973869324,0.7628448605537415,-0.3065226376056671,0.9047061800956726,0.44114160537719727,0.7013346552848816,-0.12052502483129501,0.9094136357307434,0.5730260014533997,0.6979647278785706,-0.07304246723651886,0.999033510684967,0.5081385374069214,0.7000842094421387,0.0729731023311615,0.9988037943840027,0.570202112197876,0.9325933456420898,0.0013341708108782768,0.8096246719360352,0.5156686305999756,0.9406282901763916,0.19916342198848724,0.5477356314659119,0.5803942680358887,1.1771124601364136,0.26199856400489807,0.4211720824241638,0.5291731953620911,1.1604228019714355,0.43245071172714233,0.2515104115009308,0.5890285968780518,1.2085490226745605,0.28046825528144836,0.2572811543941498,0.5385934114456177,1.1983132362365723,0.4509277939796448,0.24833396077156067,0.5497153997421265,1.247205138206482,0.15208283066749573,0.35311028361320496,0.5059701204299927,1.2265936136245728,0.3440433740615845,0.23329950869083405
0.505517840385437,0.21849219501018524,-0.37369585037231445,0.989595890045166,0.5159389972686768,0.1955184042453766,-0.3784869313240051,0.9889743328094482,0.5204338431358337,0.19510695338249207,-0.3788892328739166,0.988731861114502,0.5254800319671631,0.19498880207538605,-0.378898561000824,0.990398645401001,0.5087597370147705,0.19489528238773346,-0.3483920693397522,0.9898207187652588,0.5067487955093384,0.19375205039978027,-0.34885627031326294,0.9902194142341614,0.5048867464065552,0.19214129447937012,-0.34922781586647034,0.9909736514091492,0.5460219979286194,0.2031618058681488,-0.33591124415397644,0.99226313829422,0.5176088809967041,0.20015625655651093,-0.19754093885421753,0.9889161586761475,0.5154918432235718,0.24279005825519562,-0.3507482707500458,0.9908279180526733,0.5064380168914795,0.24049896001815796,-0.31305161118507385,0.9897173047065735,0.6086033582687378,0.3581061065196991,-0.2965558171272278,0.9998977780342102,0.4987371563911438,0.3663117289543152,-0.05968283861875534,0.9989080429077148,0.6463740468025208,0.5528886318206787,-0.2619832158088684,0.9521254897117615,0.49059590697288513,0.5456447005271912,0.013343052938580513,0.7124518752098083,0.6303486227989197,0.7386799454689026,-0.3078688979148865,0.9436720609664917,0.45446091890335083,0.6827396750450134,-0.1055930107831955,0.9280279278755188,0.636072039604187,0.7823026776313782,-0.3463505804538727,0.9198989272117615,0.4459543824195862,0.7248731255531311,-0.13482382893562317,0.9160548448562622,0.6250923871994019,0.7832425236701965,-0.37702125310897827,0.9242023229598999,0.43994826078414917,0.7224915623664856,-0.18406599760055542,0.9242284297943115,0.6186991930007935,0.7638653516769409,-0.3191557824611664,0.9061697721481323,0.4469338059425354,0.7124300599098206,-0.12884163856506348,0.9126286506652832,0.5726904273033142,0.6997633576393127,-0.07297661900520325,0.9991033673286438,0.5080441236495972,0.7030213475227356,0.07290508598089218,0.9988974928855896,0.5702826976776123,0.9329293370246887,-0.0005025722784921527,0.8188125491142273,0.5155835151672363,0.9414077997207642,0.21492667496204376,0.5547230243682861,0.5796422958374023,1.1793675422668457,0.27046942710876465,0.433219850063324,0.528240978717804,1.1603280305862427,0.45968785881996155,0.2600334584712982,0.5876970887184143,1.2106046676635742,0.29002174735069275,0.2616279125213623,0.5375076532363892,1.1982866525650024,0.47906655073165894,0.25173014402389526,0.5497230291366577,1.2508015632629395,0.1626356691122055,0.35983970761299133,0.5048676133155823,1.2267948389053345,0.37357792258262634,0.23934251070022583
0.5037009119987488,0.2181522101163864,-0.3866371214389801,0.9905344843864441,0.5143800377845764,0.19544510543346405,-0.3922976553440094,0.9898976683616638,0.5184141397476196,0.19509434700012207,-0.3927145004272461,0.9896917939186096,0.5233045220375061,0.19497762620449066,-0.3927299976348877,0.9912154674530029,0.5069699883460999,0.19445911049842834,-0.3627414107322693,0.9906901121139526,0.5050699710845947,0.1931641846895218,-0.36321184039115906,0.9910865426063538,0.5033808946609497,0.1914845108985901,-0.36358410120010376,0.9917928576469421,0.543716549873352,0.20315159857273102,-0.3512408435344696,0.9929821491241455,0.5163769125938416,0.2000938355922699,-0.21522156894207,0.9898630380630493,0.5128113031387329,0.24271409213542938,-0.3638761341571808,0.9917001724243164,0.5040107369422913,0.23971441388130188,-0.3268696069717407,0.9906757473945618,0.6068500280380249,0.35811132192611694,-0.3090537190437317,0.9999028444290161,0.49644842743873596,0.36630481481552124,-0.0759100690484047,0.9989997744560242,0.6457642316818237,0.5536847710609436,-0.27192965149879456,0.9566203951835632,0.49050503969192505,0.5466112494468689,-0.0005902849952690303,0.7148841619491577,0.631669282913208,0.7355759739875793,-0.3132844567298889,0.9472325444221497,0.4593809247016907,0.6872203350067139,-0.1112576499581337,0.9273672103881836,0.6368735432624817,0.7789850831031799,-0.35331135988235474,0.9234566688537598,0.4559437334537506,0.728539764881134,-0.1381678283214569,0.913496732711792,0.6268702745437622,0.7783851027488708,-0.38284438848495483,0.9276186227798462,0.45020872354507446,0.7274346351623535,-0.18711665272712708,0.9220475554466248,0.6203392744064331,0.7595453262329102,-0.32416626811027527,0.9099928736686707,0.4551902711391449,0.7168807983398438,-0.13245198130607605,0.9102827310562134,0.5721433162689209,0.700400173664093,-0.07241858541965485,0.9991714954376221,0.5071626901626587,0.7030020952224731,0.07234778255224228,0.9989830851554871,0.5704256892204285,0.9330101609230042,0.007032784633338451,0.826998233795166,0.515552282333374,0.9414148926734924,0.21559417247772217,0.5606548190116882,0.578006386756897,1.1793020963668823,0.2864891588687897,0.44359174370765686,0.5273526906967163,1.1594849824905396,0.4679099917411804,0.2670348286628723,0.5851467847824097,1.2105515003204346,0.3068391978740692,0.26417574286460876,0.5364876389503479,1.1975163221359253,0.48814573884010315,0.2540135681629181,0.5494059920310974,1.2503821849822998,0.18115460872650146,0.3650065064430237,0.5034906268119812,1.2258321046829224,0.3852725625038147,0.24454155564308167
0.5017752051353455,0.21805834770202637,-0.3812837600708008,0.9913485050201416,0.5126024484634399,0.19535204768180847,-0.3882851302623749,0.9906710386276245,0.5161484479904175,0.195039764046669,-0.38869622349739075,0.9905022978782654,0.5208298563957214,0.19487635791301727,-0.3887106776237488,0.9918975830078125,0.5049679279327393,0.19433769583702087,-0.3577967584133148,0.9914366006851196,0.5032840967178345,0.1930435597896576,-0.3582644760608673,0.9918452501296997,0.5017458200454712,0.19138309359550476,-0.35863733291625977,0.9925161004066467,0.5411211252212524,0.2030836045742035,-0.35374030470848083,0.9936137199401855,0.5145775675773621,0.2000744491815567,-0.21269769966602325,0.9907114505767822,0.5103520154953003,0.24269872903823853,-0.3606102466583252,0.9924713373184204,0.5018431544303894,0.23948775231838226,-0.32229849696159363,0.991523265838623,0.6053298711776733,0.3581070899963379,-0.317027747631073,0.9999045133590698,0.4947143495082855,0.36619359254837036,-0.07451849430799484,0.9990816712379456,0.6450809240341187,0.5549324750900269,-0.28572723269462585,0.9605060815811157,0.48984867334365845,0.5471791625022888,-0.0010418861638754606,0.7167237997055054,0.6332971453666687,0.7387233376502991,-0.3194023370742798,0.9482820630073547,0.4619811177253723,0.6949738264083862,-0.11321140825748444,0.9271591305732727,0.6407853364944458,0.7809940576553345,-0.35469967126846313,0.9228688478469849,0.4580053389072418,0.7335488796234131,-0.14661432802677155,0.9118870496749878,0.6292763948440552,0.7817440629005432,-0.38903090357780457,0.9271952509880066,0.45310887694358826,0.7321823835372925,-0.1940864622592926,0.920750617980957,0.6219767332077026,0.7643412351608276,-0.3313678801059723,0.9092127680778503,0.4584254324436188,0.7220739722251892,-0.13619717955589294,0.9088501930236816,0.5702980756759644,0.7006976008415222,-0.07451825588941574,0.9992239475250244,0.5068228244781494,0.7036388516426086,0.07444058358669281,0.9990534782409668,0.5705228447914124,0.9337158203125,0.00929515715688467,0.8355531692504883,0.5153948664665222,0.941719651222229,0.24506182968616486,0.5646383762359619,0.5774434804916382,1.179418921470642,0.2828090786933899,0.4587235748767853,0.5260806679725647,1.1591583490371704,0.49161848425865173,0.2779182493686676,0.5849659442901611,1.2108111381530762,0.30238980054855347,0.26982244849205017,0.5356720685958862,1.1972830295562744,0.5112020969390869,0.261421799659729,0.5477361679077148,1.2500722408294678,0.17558133602142334,0.3760150671005249,0.4971834123134613,1.2232016324996948,0.4107247292995453,0.2548195719718933
0.5003271698951721,0.21786363422870636,-0.3789342939853668,0.9920639991760254,0.5109779834747314,0.19526663422584534,-0.3868850767612457,0.9913310408592224,0.5144072771072388,0.1950007975101471,-0.3872881531715393,0.9911983013153076,0.5188502073287964,0.1948043555021286,-0.3873022794723511,0.9924790263175964,0.5034385919570923,0.19427837431430817,-0.35618677735328674,0.9920852780342102,0.5019132494926453,0.19302113354206085,-0.3566659390926361,0.9925131797790527,0.5004936456680298,0.1913820207118988,-0.35704517364501953,0.9931573271751404,0.5391453504562378,0.20302441716194153,-0.3563835322856903,0.9941708445549011,0.5133875012397766,0.20010319352149963,-0.2144043743610382,0.9914640188217163,0.5089033842086792,0.242654949426651,-0.35965898633003235,0.9931604862213135,0.5004947781562805,0.2392350733280182,-0.32103392481803894,0.9922811985015869,0.6044979095458984,0.35847365856170654,-0.32063794136047363,0.999905526638031,0.4935811161994934,0.36577001214027405,-0.07713057100772858,0.999155580997467,0.6446900963783264,0.5562416315078735,-0.2898051142692566,0.964015781879425,0.4896921217441559,0.547044038772583,-0.004406684543937445,0.7202975153923035,0.6354724168777466,0.7417294979095459,-0.3223566710948944,0.9493495225906372,0.4653921127319336,0.6908683180809021,-0.1171649917960167,0.9283633828163147,0.6453668475151062,0.7843515276908875,-0.35646769404411316,0.9226235747337341,0.46061286330223083,0.7299443483352661,-0.14837023615837097,0.9123207330703735,0.6329604387283325,0.786824107170105,-0.39124682545661926,0.927090048789978,0.45605212450027466,0.7272393107414246,-0.1970844864845276,0.9212570786476135,0.62418532371521,0.7696155905723572,-0.3348853886127472,0.9089312553405762,0.46141737699508667,0.717230498790741,-0.13811887800693512,0.9093477129936218,0.5697174072265625,0.7006325721740723,-0.07627834379673004,0.9992638826370239,0.5065266489982605,0.7034642696380615,0.07619307935237885,0.9991103410720825,0.5704591870307922,0.9347289204597473,0.0034236139617860317,0.8432071805000305,0.5153267979621887,0.9417862892150879,0.23899176716804504,0.5660178065299988,0.5766639113426208,1.1814779043197632,0.2600976824760437,0.4698588252067566,0.524746835231781,1.1590417623519897,0.47540727257728577,0.2845122218132019,0.584847092628479,1.2136163711547852,0.27687448263168335,0.2725851535797119,0.534330427646637,1.197875738143921,0.4941720962524414,0.265390008687973,0.5433556437492371,1.250739574432373,0.1496715545654297,0.384215772151947,0.49358558654785156,1.2224290370941162,0.3947618901729584,0.26187649369239807
0.4995664060115814,0.21786057949066162,-0.38419976830482483,0.9927575588226318,0.5099295973777771,0.19527064263820648,-0.3922356367111206,0.9920204877853394,0.5133072137832642,0.19501978158950806,-0.392641544342041,0.9919134974479675,0.5176259875297546,0.194803848862648,-0.3926582932472229,0.9930801391601562,0.5025399923324585,0.19429321587085724,-0.36193203926086426,0.992743968963623,0.5010651350021362,0.19305816292762756,-0.362417995929718,0.9931683540344238,0.4996808171272278,0.19144053757190704,-0.36279886960983276,0.9937731027603149,0.5382415056228638,0.20298652350902557,-0.36158618330955505,0.994701087474823,0.5126398205757141,0.2001902312040329,-0.22179274260997772,0.9922059178352356,0.508371114730835,0.2427055984735489,-0.36525198817253113,0.9938040375709534,0.4997478425502777,0.23923757672309875,-0.3271365761756897,0.9929971694946289,0.6042178869247437,0.35893550515174866,-0.3232003450393677,0.999907910823822,0.4919869303703308,0.3657313585281372,-0.08729135990142822,0.9992267489433289,0.6440250873565674,0.5573456287384033,-0.2876804769039154,0.9672427773475647,0.4895841181278229,0.5474651455879211,-0.020458143204450607,0.7303805351257324,0.6371482610702515,0.7450780868530273,-0.3221673369407654,0.9511097073554993,0.4681226313114166,0.6877431869506836,-0.1467159539461136,0.9319750666618347,0.6482060551643372,0.7872990965843201,-0.35652536153793335,0.9238994717597961,0.46217411756515503,0.7271963953971863,-0.18247383832931519,0.9160527586936951,0.6340951919555664,0.7896808981895447,-0.39150869846343994,0.9284159541130066,0.45825523138046265,0.7245526909828186,-0.22533336281776428,0.9246969819068909,0.6248036026954651,0.7730074524879456,-0.33479753136634827,0.9105182886123657,0.4637020230293274,0.7143253684043884,-0.16840790212154388,0.9130691885948181,0.5682353973388672,0.7000981569290161,-0.07617586851119995,0.9993009567260742,0.5062791109085083,0.7033756971359253,0.07608789205551147,0.9991632103919983,0.5702918767929077,0.9349113702774048,-0.002439596224576235,0.8523480296134949,0.5151500701904297,0.9416029453277588,0.23426775634288788,0.5742204785346985,0.575384259223938,1.1819607019424438,0.2493288815021515,0.4819386601448059,0.5236930251121521,1.1589096784591675,0.47047561407089233,0.29422658681869507,0.5838947892189026,1.2140551805496216,0.2665477395057678,0.27629292011260986,0.5332547426223755,1.19773268699646,0.4893038868904114,0.27062222361564636,0.5409661531448364,1.2507957220077515,0.14506791532039642,0.3944268822669983,0.49181634187698364,1.220775842666626,0.39338418841362,0.2718079090118408
0.49844780564308167,0.21773509681224823,-0.3833382725715637,0.9933926463127136,0.5085152387619019,0.19524811208248138,-0.3867482841014862,0.9926572442054749,0.511884868144989,0.19501717388629913,-0.3871534764766693,0.9925785660743713,0.5159618854522705,0.1947740912437439,-0.38715532422065735,0.9936383962631226,0.5014399290084839,0.1942795217037201,-0.3573898673057556,0.9933467507362366,0.5001197457313538,0.19305594265460968,-0.3578472435474396,0.9937664270401001,0.49884700775146484,0.19144318997859955,-0.35820895433425903,0.9943317770957947,0.5369093418121338,0.2029038518667221,-0.3494272530078888,0.9951856136322021,0.5122159719467163,0.20021915435791016,-0.21041043102741241,0.9928834438323975,0.5072165727615356,0.24269284307956696,-0.3582878112792969,0.9943879842758179,0.4985782504081726,0.23908734321594238,-0.32117941975593567,0.9936468601226807,0.6027898192405701,0.35913515090942383,-0.3142300248146057,0.9999111294746399,0.49101370573043823,0.3656427562236786,-0.07461293041706085,0.9992904663085938,0.6432443857192993,0.5575492978096008,-0.28207850456237793,0.9701988697052002,0.4895447790622711,0.5475364327430725,-0.008444179780781269,0.7362699508666992,0.6395189762115479,0.7433674931526184,-0.31636351346969604,0.9534953832626343,0.4701920449733734,0.6851574778556824,-0.13650883734226227,0.9344414472579956,0.6520717144012451,0.7859165668487549,-0.35048210620880127,0.9265261292457581,0.46349063515663147,0.7248193621635437,-0.17005476355552673,0.9185735583305359,0.6380194425582886,0.7877534627914429,-0.38606321811676025,0.9309916496276855,0.45928627252578735,0.7233089208602905,-0.21119745075702667,0.9270150661468506,0.6274798512458801,0.771097719669342,-0.32927408814430237,0.9136494398117065,0.4647537171840668,0.7127236127853394,-0.15734978020191193,0.9156240820884705,0.567066490650177,0.6999581456184387,-0.07754924893379211,0.999337375164032,0.5058818459510803,0.7033353447914124,0.07745359092950821,0.9992119073867798,0.5700119137763977,0.935479998588562,-0.021020999178290367,0.861072301864624,0.5147167444229126,0.9416050314903259,0.23452210426330566,0.5821011662483215,0.5754765868186951,1.1821789741516113,0.23026247322559357,0.49154335260391235,0.523290753364563,1.1587986946105957,0.46892285346984863,0.30162546038627625,0.5839926600456238,1.21419095993042,0.24813394248485565,0.2788658142089844,0.5329734683036804,1.1976714134216309,0.4878261983394623,0.27588728070259094,0.5381467342376709,1.2506792545318604,0.12783467769622803,0.40257129073143005,0.49111828207969666,1.2197043895721436,0.3953360915184021,0.2799018919467926
0.49692273139953613,0.21767255663871765,-0.34341591596603394,0.9939537644386292,0.5067703127861023,0.19528204202651978,-0.3532971441745758,0.993219256401062,0.5101858973503113,0.195057213306427,-0.3536880314350128,0.9931708574295044,0.5140818953514099,0.19477789103984833,-0.3536936938762665,0.9941327571868896,0.49991995096206665,0.19436705112457275,-0.32459884881973267,0.9938846230506897,0.4987533688545227,0.19315800070762634,-0.3250913918018341,0.9943057298660278,0.4975771903991699,0.19158856570720673,-0.32547324895858765,0.9948346018791199,0.5354033708572388,0.20285490155220032,-0.3381052017211914,0.995622456073761,0.5113986730575562,0.20026762783527374,-0.20699188113212585,0.9935032725334167,0.5054553747177124,0.24268260598182678,-0.32829639315605164,0.9949060082435608,0.4969731867313385,0.23891681432724,-0.2923300862312317,0.9942214488983154,0.601241946220398,0.3591376841068268,-0.30565696954727173,0.9999121427536011,0.49050527811050415,0.3637874126434326,-0.07317090034484863,0.9993427395820618,0.6423017382621765,0.558444619178772,-0.24773164093494415,0.9725936055183411,0.4898872971534729,0.5459574460983276,-0.012853570282459259,0.726104736328125,0.6413396000862122,0.7424294352531433,-0.25678759813308716,0.9513033032417297,0.47325682640075684,0.6801561713218689,-0.13542945683002472,0.9261558651924133,0.6539164185523987,0.7841136455535889,-0.2827513813972473,0.9218521118164062,0.46830064058303833,0.7227315306663513,-0.1684938669204712,0.9092596769332886,0.6407749652862549,0.786102831363678,-0.31814777851104736,0.9268556237220764,0.4647718071937561,0.7204673886299133,-0.2052997350692749,0.9185081720352173,0.6299103498458862,0.7700031995773315,-0.26885804533958435,0.9092155694961548,0.46888571977615356,0.7102499008178711,-0.1561630219221115,0.906667172908783,0.5659687519073486,0.6996689438819885,-0.07582734525203705,0.9993665814399719,0.5053976774215698,0.7031738758087158,0.07573696970939636,0.9992490410804749,0.569467306137085,0.935503363609314,-0.020882798358798027,0.8698540329933167,0.5140243768692017,0.9416001439094543,0.23002783954143524,0.593866765499115,0.5748476982116699,1.181099534034729,0.21816471219062805,0.5107222199440002,0.5223358869552612,1.1567538976669312,0.446492999792099,0.3164946436882019,0.5839110612869263,1.213686227798462,0.23409228026866913,0.288867712020874,0.5321825742721558,1.1967926025390625,0.46463340520858765,0.286880224943161,0.5342725515365601,1.245195984840393,0.11089608818292618,0.4210989773273468,0.48929476737976074,1.2131379842758179,0.37876057624816895,0.2967003583908081
0.4958370327949524,0.2176646739244461,-0.34981364011764526,0.9944866895675659,0.505753219127655,0.1953812688589096,-0.3628554046154022,0.9937827587127686,0.5091404914855957,0.1951829493045807,-0.3632510304450989,0.9937554001808167,0.5129722356796265,0.19484636187553406,-0.363265722990036,0.994629979133606,0.4989827275276184,0.19447185099124908,-0.3336044251918793,0.9943984150886536,0.4978722035884857,0.193255215883255,-0.3341043293476105,0.9948063492774963,0.49675947427749634,0.1916900873184204,-0.3344811797142029,0.9952954053878784,0.5343886613845825,0.2028573602437973,-0.34696274995803833,0.9960327744483948,0.5109729766845703,0.2003430426120758,-0.21161572635173798,0.9940657615661621,0.5043023824691772,0.24272221326828003,-0.3376198410987854,0.9953834414482117,0.49567610025405884,0.23890471458435059,-0.30095818638801575,0.994746744632721,0.6003026366233826,0.359796941280365,-0.3120923638343811,0.9999146461486816,0.49012646079063416,0.36154845356941223,-0.08378328382968903,0.9993824362754822,0.6420014500617981,0.559693455696106,-0.26604145765304565,0.9749548435211182,0.4898603558540344,0.5440206527709961,-0.03416479378938675,0.7089051604270935,0.6439255475997925,0.7445550560951233,-0.27804532647132874,0.9508382678031921,0.47496122121810913,0.6760581731796265,-0.15902408957481384,0.903413712978363,0.6562546491622925,0.7862765789031982,-0.31445279717445374,0.9198497533798218,0.4711972773075104,0.7216310501098633,-0.19247250258922577,0.8851385712623596,0.6425968408584595,0.7896629571914673,-0.3472766876220703,0.9250909090042114,0.4680570662021637,0.7187808752059937,-0.22790224850177765,0.896014392375946,0.6319826245307922,0.772670328617096,-0.2899457812309265,0.9072071313858032,0.47155579924583435,0.7085978388786316,-0.17866890132427216,0.8842816948890686,0.5648032426834106,0.6993294954299927,-0.07439868897199631,0.9993999004364014,0.5046374201774597,0.7028041481971741,0.07430648058652878,0.9992848038673401,0.5686001777648926,0.9355356097221375,-0.02563522197306156,0.8794704675674438,0.5134064555168152,0.9416185021400452,0.2059607058763504,0.6135304570198059,0.5746119022369385,1.1798920631408691,0.20851978659629822,0.5354410409927368,0.521245002746582,1.1557636260986328,0.4280261993408203,0.3403030037879944,0.5834526419639587,1.2126538753509521,0.22428449988365173,0.30393514037132263,0.5310041308403015,1.1961874961853027,0.4463120996952057,0.3041427433490753,0.5352647304534912,1.242576003074646,0.09840097278356552,0.44500353932380676,0.48867496848106384,1.2117013931274414,0.3565996587276459,0.31990697979927063
0.49468904733657837,0.21766021847724915,-0.3786031901836395,0.9949999451637268,0.5045545697212219,0.19540119171142578,-0.39004576206207275,0.9943478107452393,0.507952868938446,0.19526603817939758,-0.3904556632041931,0.9943329691886902,0.5116537809371948,0.19491317868232727,-0.39046794176101685,0.9951250553131104,0.4978368878364563,0.19447435438632965,-0.3603813648223877,0.9949066042900085,0.49680715799331665,0.19325758516788483,-0.3608671724796295,0.9952883124351501,0.49577632546424866,0.19169461727142334,-0.36123552918434143,0.9957343935966492,0.5331238508224487,0.2028750330209732,-0.3677881360054016,0.9964168071746826,0.510459303855896,0.2003747522830963,-0.2309456318616867,0.9946087002754211,0.5030855536460876,0.24286961555480957,-0.36260977387428284,0.9958285689353943,0.4944220185279846,0.23890621960163116,-0.325442373752594,0.995242178440094,0.5999696850776672,0.36043044924736023,-0.3255903124809265,0.9999192357063293,0.4890369474887848,0.36151573061943054,-0.09712879359722137,0.9994201064109802,0.6415308117866516,0.5609395503997803,-0.27699902653694153,0.9771696329116821,0.4895714819431305,0.5441030859947205,-0.03268342465162277,0.6888616681098938,0.6472431421279907,0.7478424310684204,-0.279774934053421,0.9523556232452393,0.4741726815700531,0.6774518489837646,-0.15786239504814148,0.8708334565162659,0.6599236726760864,0.7906204462051392,-0.3237677216529846,0.9211041331291199,0.47095781564712524,0.7215951681137085,-0.1819089651107788,0.8509593605995178,0.646083652973175,0.7936266660690308,-0.3518426716327667,0.9263899326324463,0.46786779165267944,0.7207237482070923,-0.21580219268798828,0.8637366890907288,0.6348751187324524,0.7752482295036316,-0.2914355397224426,0.9087033271789551,0.47108787298202515,0.7099164128303528,-0.17405733466148376,0.8528030514717102,0.5647541880607605,0.6990846991539001,-0.07310165464878082,0.9994359016418457,0.5038926601409912,0.7024588584899902,0.07302146404981613,0.9993197917938232,0.5684370398521423,0.9360682368278503,-0.028296004980802536,0.8885939121246338,0.5131352543830872,0.942435622215271,0.2034725844860077,0.6330161094665527,0.5743201375007629,1.1804152727127075,0.2155131995677948,0.5603857636451721,0.521302342414856,1.155753254890442,0.433471143245697,0.36422041058540344,0.5830129384994507,1.2136518955230713,0.23221401870250702,0.3209120035171509,0.5310220122337341,1.1961976289749146,0.4541216790676117,0.32169750332832336,0.5357228517532349,1.2426480054855347,0.10285939276218414,0.4706832468509674,0.48921650648117065,1.2115802764892578,0.36321550607681274,0.3437114953994751
0.49376344680786133,0.21817557513713837,-0.37649598717689514,0.9954663515090942,0.503622829914093,0.19600144028663635,-0.38610774278640747,0.9948642253875732,0.5070180892944336,0.19593212008476257,-0.3865125775337219,0.9948604106903076,0.5107482671737671,0.19548708200454712,-0.38652700185775757,0.9955770373344421,0.496823251247406,0.1948874592781067,-0.3566609025001526,0.995369017124176,0.4957426190376282,0.19355705380439758,-0.3571428656578064,0.9957255125045776,0.49466472864151,0.19190482795238495,-0.3575095534324646,0.9961305856704712,0.5323993563652039,0.2030303180217743,-0.3584952652454376,0.9967653751373291,0.5093944668769836,0.2004643976688385,-0.22267965972423553,0.9951013326644897,0.502076268196106,0.24368450045585632,-0.3585050702095032,0.9962314367294312,0.493230402469635,0.23939765989780426,-0.32163333892822266,0.9956903457641602,0.5992549657821655,0.360697478055954,-0.3182709217071533,0.9999239444732666,0.4883575439453125,0.36153262853622437,-0.08868113160133362,0.9994492530822754,0.6407337188720703,0.5610427856445312,-0.2714172303676605,0.9792448878288269,0.4895533621311188,0.5446468591690063,-0.03139404207468033,0.6725045442581177,0.6471319198608398,0.7471396327018738,-0.286218523979187,0.9547562003135681,0.47389060258865356,0.6804875731468201,-0.1531265527009964,0.8370012044906616,0.6600363850593567,0.7902974486351013,-0.3194562792778015,0.9242098927497864,0.4700881540775299,0.7239838242530823,-0.1819652020931244,0.8166504502296448,0.6461241245269775,0.7930908799171448,-0.35291022062301636,0.9293766617774963,0.46632862091064453,0.7235258221626282,-0.21785099804401398,0.8311814665794373,0.6349784135818481,0.7745769023895264,-0.29819291830062866,0.9122822284698486,0.47035732865333557,0.7130426168441772,-0.17203564941883087,0.8221588134765625,0.5645163655281067,0.6990718841552734,-0.0719573050737381,0.9994692206382751,0.5035332441329956,0.7024054527282715,0.07187707722187042,0.9993495941162109,0.5683065056800842,0.9366888403892517,-0.055814094841480255,0.8981384634971619,0.5127783417701721,0.944732129573822,0.16333375871181488,0.6589200496673584,0.5744003057479858,1.1832422018051147,0.18271949887275696,0.5910323262214661,0.5211764574050903,1.1583696603775024,0.40330642461776733,0.3982303738594055,0.583128035068512,1.2164183855056763,0.19880709052085876,0.3460961878299713,0.530869722366333,1.1979949474334717,0.4233863353729248,0.34817883372306824,0.5354562997817993,1.2483433485031128,0.06340061128139496,0.5035315155982971,0.48960766196250916,1.2176456451416016,0.32714635133743286,0.37694820761680603
0.49301204085350037,0.21857134997844696,-0.385631263256073,0.9959002137184143,0.5027835965156555,0.19632084667682648,-0.3947572410106659,0.9953510165214539,0.5061843991279602,0.19635511934757233,-0.3951646089553833,0.9953529238700867,0.5100384950637817,0.1958833634853363,-0.3951837420463562,0.9960002899169922,0.49583250284194946,0.1949939727783203,-0.3657604455947876,0.9958040714263916,0.4947057366371155,0.19361042976379395,-0.36623668670654297,0.9961317777633667,0.4936039447784424,0.19192585349082947,-0.3665918707847595,0.996497631072998,0.5318795442581177,0.20312649011611938,-0.36309558153152466,0.9970834255218506,0.5084913372993469,0.20053106546401978,-0.22947585582733154,0.9955573678016663,0.5013265013694763,0.244381844997406,-0.3655535578727722,0.9965984225273132,0.49226847290992737,0.2398769110441208,-0.32932040095329285,0.9961000084877014,0.5982084274291992,0.36072075366973877,-0.32066959142684937,0.9999292492866516,0.4883706569671631,0.3606095314025879,-0.09044679254293442,0.9994727969169617,0.6401337385177612,0.5609562993049622,-0.27117592096328735,0.9811739921569824,0.48993968963623047,0.5431095361709595,-0.03920234367251396,0.6495885252952576,0.6477944850921631,0.7460572123527527,-0.2897656559944153,0.9576895236968994,0.47528475522994995,0.6792431473731995,-0.1616092324256897,0.7956443428993225,0.6610485315322876,0.7890347838401794,-0.32090428471565247,0.9283170700073242,0.4716044068336487,0.7231810092926025,-0.19209763407707214,0.7760481238365173,0.646864116191864,0.7914199233055115,-0.3554615378379822,0.9332800507545471,0.4689134657382965,0.722705066204071,-0.2287609875202179,0.7920176982879639,0.6355570554733276,0.7729098796844482,-0.3017958700656891,0.916981041431427,0.47211867570877075,0.7119311690330505,-0.18140271306037903,0.7849794626235962,0.5638396143913269,0.6986566781997681,-0.07186810672283173,0.9995024800300598,0.5032227635383606,0.7019360661506653,0.07178790867328644,0.9993762373924255,0.5681892037391663,0.936908483505249,-0.05711640045046806,0.906883716583252,0.5120255351066589,0.944823682308197,0.17378023266792297,0.6813979744911194,0.5743852257728577,1.185111165046692,0.17605164647102356,0.619583249092102,0.5205631852149963,1.1584887504577637,0.4125761389732361,0.42879584431648254,0.58321213722229,1.2182568311691284,0.19159741699695587,0.37088069319725037,0.5302479863166809,1.1980260610580444,0.4322724938392639,0.37270984053611755,0.5347111821174622,1.2529233694076538,0.056169796735048294,0.5344234108924866,0.4893832206726074,1.2185111045837402,0.33652418851852417,0.4069749116897583
0.4922143816947937,0.21893520653247833,-0.39690962433815,0.9962930679321289,0.5021443963050842,0.19660504162311554,-0.40531760454177856,0.9957939386367798,0.5054918527603149,0.19678114354610443,-0.40573325753211975,0.9958004951477051,0.5095005631446838,0.19640325009822845,-0.40575313568115234,0.996385395526886,0.494895875453949,0.19501154124736786,-0.3759913146495819,0.9961983561515808,0.4937066435813904,0.1936139613389969,-0.37646448612213135,0.9964988231658936,0.49255818128585815,0.19192011654376984,-0.37681445479393005,0.9968283176422119,0.5314576029777527,0.20354291796684265,-0.3690469264984131,0.9973709583282471,0.507512629032135,0.20072832703590393,-0.23411747813224792,0.9959664344787598,0.5004568696022034,0.24501267075538635,-0.3749217092990875,0.9969300627708435,0.4910338521003723,0.24041251838207245,-0.3383077085018158,0.9964693188667297,0.597619354724884,0.36078405380249023,-0.32522574067115784,0.9999343752861023,0.48837989568710327,0.3593347668647766,-0.08855538815259933,0.9994845986366272,0.6398571133613586,0.5609108805656433,-0.2737841010093689,0.982937753200531,0.490485817193985,0.541440486907959,-0.0363832451403141,0.6179003715515137,0.6484725475311279,0.7456825375556946,-0.2918214201927185,0.9607325196266174,0.4768933653831482,0.6753159761428833,-0.1596483439207077,0.7427008748054504,0.6618493795394897,0.7883049845695496,-0.3242443799972534,0.9328394532203674,0.4725750982761383,0.7228294610977173,-0.19052736461162567,0.7255576848983765,0.6478294730186462,0.7904611229896545,-0.3577643036842346,0.9375610947608948,0.47018060088157654,0.7221051454544067,-0.2282976657152176,0.7423933148384094,0.6364088654518127,0.7718547582626343,-0.30379197001457214,0.9220982193946838,0.47329211235046387,0.7110692262649536,-0.18005934357643127,0.737718939781189,0.5634154677391052,0.6981924772262573,-0.07206282019615173,0.9995334148406982,0.5029984712600708,0.7015343308448792,0.07198485732078552,0.9993967413902283,0.5680156350135803,0.9375455379486084,-0.06358187645673752,0.9147987365722656,0.5113614201545715,0.9449329972267151,0.1755484640598297,0.7014846801757812,0.574242353439331,1.1881428956985474,0.16976840794086456,0.6458555459976196,0.5199994444847107,1.1589099168777466,0.41824230551719666,0.4566773474216461,0.5830646753311157,1.2211357355117798,0.18520638346672058,0.39462652802467346,0.5296851396560669,1.1983147859573364,0.43806353211402893,0.3962089717388153,0.5344187021255493,1.258745551109314,0.04618760198354721,0.563010573387146,0.488640695810318,1.219839334487915,0.34170031547546387,0.4341953992843628
0.4915487766265869,0.2189500778913498,-0.385104238986969,0.9966443777084351,0.5014394521713257,0.1966310441493988,-0.3968837857246399,0.9961898326873779,0.5046893954277039,0.19687096774578094,-0.39732182025909424,0.9962014555931091,0.5085541009902954,0.1965465098619461,-0.39735424518585205,0.9967310428619385,0.49452799558639526,0.19496466219425201,-0.36750680208206177,0.9965488314628601,0.49342742562294006,0.19351209700107574,-0.3679807782173157,0.9968253970146179,0.49237918853759766,0.1917618215084076,-0.3683028817176819,0.9971224069595337,0.530936598777771,0.2039634883403778,-0.36455848813056946,0.9976293444633484,0.5075508952140808,0.2008231282234192,-0.2292875498533249,0.9963274002075195,0.4997379183769226,0.24525560438632965,-0.3672894239425659,0.9972281455993652,0.49060192704200745,0.24053102731704712,-0.3306765854358673,0.9967994689941406,0.5978169441223145,0.36230146884918213,-0.3215762972831726,0.9999393224716187,0.48853644728660583,0.35933277010917664,-0.08660876005887985,0.9994938373565674,0.6396166086196899,0.5609549880027771,-0.2701106369495392,0.9845494031906128,0.49132776260375977,0.5404389500617981,-0.03183624893426895,0.5845767855644226,0.6481173038482666,0.7454279661178589,-0.2888021171092987,0.9638522267341614,0.47838154435157776,0.6671252250671387,-0.14493624866008759,0.6902052164077759,0.6614279747009277,0.7874475121498108,-0.31964391469955444,0.9376823306083679,0.4745776653289795,0.7188674807548523,-0.17191682755947113,0.6753373146057129,0.6477550864219666,0.7903614640235901,-0.3539881408214569,0.9421137571334839,0.47168511152267456,0.7168251276016235,-0.2090170681476593,0.6926155686378479,0.6364631056785583,0.7716931104660034,-0.30076083540916443,0.9276069402694702,0.47452449798583984,0.7057865858078003,-0.1647094488143921,0.690319836139679,0.5629855394363403,0.6981683373451233,-0.07154527306556702,0.9995656609535217,0.5025117993354797,0.7009939551353455,0.07147373259067535,0.9994222521781921,0.567573606967926,0.937951922416687,-0.059270698577165604,0.9215796589851379,0.5105830430984497,0.9448778629302979,0.17340070009231567,0.7178590893745422,0.5742446184158325,1.188353419303894,0.17404814064502716,0.6654761433601379,0.5193932056427002,1.1588730812072754,0.4109507203102112,0.4755482077598572,0.5830491781234741,1.2211089134216309,0.18965931236743927,0.4093814194202423,0.5288378000259399,1.19823157787323,0.4304957985877991,0.4111124277114868,0.5346757173538208,1.2584662437438965,0.05629042536020279,0.5835752487182617,0.48849692940711975,1.219789743423462,0.33764928579330444,0.45302003622055054
0.49154242873191833,0.21896648406982422,-0.3822375535964966,0.9969590902328491,0.5015320181846619,0.19675852358341217,-0.39496463537216187,0.9965447783470154,0.5048130750656128,0.19703103601932526,-0.3954179584980011,0.9965614080429077,0.5088441371917725,0.19677680730819702,-0.39545851945877075,0.9970414638519287,0.49472498893737793,0.194967120885849,-0.3661292791366577,0.9968626499176025,0.4935971200466156,0.19350939989089966,-0.3666076064109802,0.9971181154251099,0.49252086877822876,0.19174179434776306,-0.36691877245903015,0.9973859786987305,0.5311057567596436,0.20439741015434265,-0.3621111512184143,0.9978617429733276,0.5075503587722778,0.20087090134620667,-0.22597315907478333,0.9966500997543335,0.49984055757522583,0.24545906484127045,-0.3652346432209015,0.9974958300590515,0.49079999327659607,0.24056661128997803,-0.32923954725265503,0.9970950484275818,0.5979953408241272,0.3635733723640442,-0.3208644688129425,0.9999434947967529,0.48863115906715393,0.3590022623538971,-0.0850423127412796,0.999495804309845,0.6394104361534119,0.5610357522964478,-0.26120883226394653,0.9859674572944641,0.49223464727401733,0.5403299331665039,-0.030361276119947433,0.5542811751365662,0.6475538611412048,0.7447865605354309,-0.2779792845249176,0.966296374797821,0.47976312041282654,0.6673308610916138,-0.1442512720823288,0.6389321088790894,0.6605820655822754,0.7872236371040344,-0.3076062500476837,0.9413061738014221,0.4758065342903137,0.7187317609786987,-0.17136499285697937,0.6261804103851318,0.6467751264572144,0.7896512150764465,-0.34241586923599243,0.9455534815788269,0.4732254445552826,0.7168092727661133,-0.2084304541349411,0.643584132194519,0.6358338594436646,0.7709776759147644,-0.28989166021347046,0.9317184686660767,0.4766756594181061,0.705756664276123,-0.16384777426719666,0.6433933973312378,0.5629758238792419,0.697931170463562,-0.07107483595609665,0.9995922446250916,0.5024329423904419,0.7007496953010559,0.07100024819374084,0.9994388222694397,0.5671734809875488,0.9372381567955017,-0.06852241605520248,0.9278042316436768,0.510288417339325,0.9446994066238403,0.17080651223659515,0.7324369549751282,0.5740892291069031,1.18891441822052,0.14810815453529358,0.6858934760093689,0.5187503099441528,1.1586631536483765,0.40401220321655273,0.4949829578399658,0.5827144384384155,1.2217087745666504,0.16180698573589325,0.42547938227653503,0.5279994606971741,1.19789719581604,0.42307597398757935,0.42594030499458313,0.5348948240280151,1.2588071823120117,0.02426799200475216,0.6057712435722351,0.4879324436187744,1.219128131866455,0.329708456993103,0.4726293087005615
0.491718590259552,0.21931974589824677,-0.38071632385253906,0.9972415566444397,0.5017561912536621,0.19713164865970612,-0.39275527000427246,0.996862530708313,0.5049130320549011,0.197372704744339,-0.39319437742233276,0.9968835115432739,0.5095233917236328,0.19724051654338837,-0.3932221233844757,0.9973192811012268,0.49489983916282654,0.19518665969371796,-0.36316347122192383,0.9971433877944946,0.4938141703605652,0.1937188059091568,-0.3636408746242523,0.9973796010017395,0.4927222728729248,0.1919090747833252,-0.36396709084510803,0.9976215362548828,0.5311506986618042,0.20462559163570404,-0.3592960238456726,0.9980700612068176,0.5073501467704773,0.2009817510843277,-0.22391903400421143,0.9969341158866882,0.4999580979347229,0.24575695395469666,-0.3637128174304962,0.9977346062660217,0.49094462394714355,0.24097448587417603,-0.3267737030982971,0.9973553419113159,0.598115861415863,0.36407601833343506,-0.3193913400173187,0.9999468326568604,0.4887694716453552,0.3587232828140259,-0.08419226109981537,0.9994902014732361,0.6393561363220215,0.561051070690155,-0.259401798248291,0.9872481226921082,0.493586003780365,0.5397368669509888,-0.03202728182077408,0.5277495980262756,0.6471633911132812,0.7444683313369751,-0.28047725558280945,0.968321681022644,0.48115214705467224,0.667486310005188,-0.1482439935207367,0.5936654806137085,0.659922182559967,0.7871461510658264,-0.3108905553817749,0.9441918134689331,0.47726869583129883,0.7186744809150696,-0.17627736926078796,0.5827088356018066,0.6461321115493774,0.789152204990387,-0.3455846905708313,0.9483044743537903,0.4755800664424896,0.7167641520500183,-0.21204611659049988,0.6000824570655823,0.635369598865509,0.7705543637275696,-0.29246482253074646,0.9350530505180359,0.4786621034145355,0.7057080864906311,-0.1676839143037796,0.6018563508987427,0.5629879236221313,0.6974607110023499,-0.0711287409067154,0.9996156096458435,0.5023282766342163,0.6999785304069519,0.0710519403219223,0.9994534254074097,0.5666772723197937,0.9362958073616028,-0.07103006541728973,0.9334466457366943,0.5097544193267822,0.9423255920410156,0.17475305497646332,0.7446949481964111,0.5740176439285278,1.1888256072998047,0.13917937874794006,0.7033458948135376,0.518126904964447,1.156702995300293,0.40734490752220154,0.5101432204246521,0.5826662182807922,1.221652626991272,0.1523970067501068,0.43903443217277527,0.527647852897644,1.196143627166748,0.4263067841529846,0.4392872750759125,0.5350103974342346,1.2586008310317993,0.017764659598469734,0.6232916116714478,0.48554784059524536,1.2155427932739258,0.33449339866638184,0.4864151179790497
0.49178433418273926,0.21989616751670837,-0.35894256830215454,0.9974923729896545,0.5019459128379822,0.1976722925901413,-0.3673252463340759,0.9971432685852051,0.5050687193870544,0.19783185422420502,-0.3677434027194977,0.9971693754196167,0.5097851753234863,0.1977495402097702,-0.3677663505077362,0.9975658655166626,0.49493998289108276,0.1957094967365265,-0.3391539752483368,0.997390627861023,0.49384087324142456,0.19429656863212585,-0.33962923288345337,0.9976114630699158,0.4927843511104584,0.19246864318847656,-0.33997297286987305,0.9978303909301758,0.5314995050430298,0.20474854111671448,-0.33397376537323,0.9982566833496094,0.5074521899223328,0.20155686140060425,-0.20414277911186218,0.9971861839294434,0.5002163052558899,0.2461906373500824,-0.3395555913448334,0.9979494214057922,0.4914020597934723,0.2420356124639511,-0.3043850064277649,0.9975904226303101,0.5985061526298523,0.36481422185897827,-0.2971794009208679,0.999950110912323,0.4893699288368225,0.35873231291770935,-0.06959904730319977,0.9994940161705017,0.6393694877624512,0.5611172318458557,-0.24476845562458038,0.988415539264679,0.4945482611656189,0.5400106310844421,-0.02466423250734806,0.5104852318763733,0.645740270614624,0.744373083114624,-0.274503231048584,0.9706507325172424,0.4806024432182312,0.668373167514801,-0.14589613676071167,0.5626862645149231,0.6585172414779663,0.7859651446342468,-0.30587852001190186,0.9478797912597656,0.4761800169944763,0.7187823057174683,-0.17478953301906586,0.5529347658157349,0.6438120007514954,0.7877789735794067,-0.3399319648742676,0.9517660737037659,0.4741327166557312,0.717724084854126,-0.21108052134513855,0.571015477180481,0.6331558227539062,0.7704715132713318,-0.286393404006958,0.9392333030700684,0.47751885652542114,0.7060285806655884,-0.16551169753074646,0.5743411183357239,0.5630537271499634,0.6975248456001282,-0.07086773216724396,0.9996358156204224,0.5023175477981567,0.6999603509902954,0.07078813761472702,0.9994661808013916,0.5664491057395935,0.9354394674301147,-0.06728561222553253,0.9380945563316345,0.5095466375350952,0.9412415623664856,0.17429986596107483,0.7537548542022705,0.5736513137817383,1.188456416130066,0.14733517169952393,0.7161685824394226,0.5182856321334839,1.1556841135025024,0.401253879070282,0.5194146633148193,0.5823389291763306,1.2211421728134155,0.16112598776817322,0.44844484329223633,0.5278910398483276,1.1948137283325195,0.41966184973716736,0.4471977949142456,0.5348250865936279,1.257994294166565,0.02769363485276699,0.6365359425544739,0.4857632517814636,1.214215874671936,0.32824569940567017,0.4961104393005371
0.49195465445518494,0.21996580064296722,-0.33631378412246704,0.9976863861083984,0.5019875168800354,0.1979007124900818,-0.3441395163536072,0.9973437190055847,0.5052931308746338,0.19800308346748352,-0.3445398807525635,0.9973822832107544,0.5102133750915527,0.1979176253080368,-0.34454864263534546,0.9977481961250305,0.4957173466682434,0.19589930772781372,-0.31544530391693115,0.9975671172142029,0.4948820173740387,0.19444841146469116,-0.31592488288879395,0.9977880120277405,0.49400705099105835,0.19256691634655,-0.31628352403640747,0.9979932904243469,0.5320823788642883,0.20485971868038177,-0.31596583127975464,0.9984115362167358,0.5088105797767639,0.2017383575439453,-0.18364186584949493,0.9973735213279724,0.5006727576255798,0.24624286592006683,-0.318472295999527,0.998128354549408,0.4920884072780609,0.2422458678483963,-0.2825724482536316,0.997778058052063,0.5991631150245667,0.36538445949554443,-0.28502240777015686,0.9999511241912842,0.49122801423072815,0.36009424924850464,-0.05615177005529404,0.9995047450065613,0.6395666599273682,0.561721920967102,-0.24492791295051575,0.9893804788589478,0.4948682188987732,0.5417032837867737,-0.00450504757463932,0.5017396211624146,0.6445450186729431,0.7443395853042603,-0.2785811722278595,0.9717709422111511,0.4805983006954193,0.6726674437522888,-0.12110241502523422,0.5547220706939697,0.6567894220352173,0.7857041954994202,-0.3096923232078552,0.9493144750595093,0.47558221220970154,0.7194814682006836,-0.15167702734470367,0.5438916683197021,0.6420500874519348,0.7875611186027527,-0.344256192445755,0.9531289339065552,0.47327080368995667,0.719346284866333,-0.18799903988838196,0.5628874897956848,0.6316574811935425,0.7702023983001709,-0.29054713249206543,0.9407668709754944,0.47691911458969116,0.7077293992042542,-0.14062641561031342,0.5662035942077637,0.5630968809127808,0.6994493007659912,-0.07087965309619904,0.9996511936187744,0.5025915503501892,0.7008041143417358,0.07080010324716568,0.9994829893112183,0.5662943720817566,0.9353333115577698,-0.05530383065342903,0.9406265020370483,0.5095323324203491,0.939639687538147,0.1796838492155075,0.7550469040870667,0.5736612677574158,1.1862859725952148,0.16816937923431396,0.7175323963165283,0.51834636926651,1.1533187627792358,0.40555256605148315,0.5173435807228088,0.5824044942855835,1.2182955741882324,0.18327024579048157,0.44502586126327515,0.5280253291130066,1.1926062107086182,0.424221932888031,0.4455699920654297,0.5348736047744751,1.252553939819336,0.05614633113145828,0.6357311010360718,0.48590606451034546,1.2101432085037231,0.33182743191719055,0.4946269690990448
0.492907851934433,0.22043639421463013,-0.3458901047706604,0.9978122711181641,0.5025724768638611,0.19840145111083984,-0.35403549671173096,0.9974375367164612,0.5067194104194641,0.19835788011550903,-0.35444435477256775,0.9974867701530457,0.5116050839424133,0.1982565075159073,-0.35445958375930786,0.9978375434875488,0.49672263860702515,0.19657951593399048,-0.32519465684890747,0.99766606092453,0.4959719777107239,0.1951974481344223,-0.325668066740036,0.9979035258293152,0.4951085150241852,0.1933327317237854,-0.32602015137672424,0.9981139898300171,0.5330588817596436,0.20512348413467407,-0.3241949677467346,0.9985213875770569,0.5096820592880249,0.2021280974149704,-0.19126540422439575,0.9974964261054993,0.5023249387741089,0.2465134710073471,-0.3270116448402405,0.9982677102088928,0.49383553862571716,0.24267220497131348,-0.290963351726532,0.9979217648506165,0.5997714400291443,0.36592915654182434,-0.29040923714637756,0.9999485611915588,0.4922489523887634,0.36311712861061096,-0.05942224711179733,0.9995245933532715,0.6397980451583862,0.5628933906555176,-0.24819672107696533,0.9900796413421631,0.4948086142539978,0.5458517074584961,-0.006889388896524906,0.5087487101554871,0.6422735452651978,0.746951699256897,-0.2805873453617096,0.9703946113586426,0.4803226590156555,0.6802026033401489,-0.11962159723043442,0.5696467757225037,0.6535873413085938,0.7884786128997803,-0.3119511604309082,0.94610595703125,0.4746858477592468,0.7227618098258972,-0.15119531750679016,0.5544217824935913,0.6398904323577881,0.7893571853637695,-0.3464549481868744,0.950101375579834,0.4718661904335022,0.7233856320381165,-0.18892277777194977,0.5739237666130066,0.6301335096359253,0.772168755531311,-0.2925656735897064,0.9370653033256531,0.47628623247146606,0.7127106785774231,-0.13955798745155334,0.5760106444358826,0.5642212629318237,0.6995127201080322,-0.0703168734908104,0.9996622204780579,0.5032329559326172,0.7007789611816406,0.07023587077856064,0.9995041489601135,0.566624641418457,0.9352750182151794,-0.039732497185468674,0.940707266330719,0.5101364850997925,0.9396050572395325,0.1755366027355194,0.7515292167663574,0.5736299157142639,1.186274766921997,0.19586102664470673,0.7117153406143188,0.5187520980834961,1.1532849073410034,0.4010855555534363,0.5094720125198364,0.5822790861129761,1.2182732820510864,0.21178178489208221,0.4357120394706726,0.5284267663955688,1.1925139427185059,0.41934019327163696,0.43778228759765625,0.5355926752090454,1.2520136833190918,0.08100520819425583,0.6259094476699829,0.4873906970024109,1.2102952003479004,0.3214882016181946,0.48586803674697876
0.49395552277565,0.2209550440311432,-0.34749871492385864,0.9979206919670105,0.5034979581832886,0.1987995207309723,-0.3554598093032837,0.9975274205207825,0.5083755254745483,0.19864799082279205,-0.3558558225631714,0.9975858926773071,0.5129358172416687,0.1985425502061844,-0.35586172342300415,0.9979183673858643,0.4977138936519623,0.19719195365905762,-0.32784441113471985,0.9977654814720154,0.496983140707016,0.19592851400375366,-0.3283393979072571,0.9980167150497437,0.496089369058609,0.19419392943382263,-0.3287206292152405,0.9982303380966187,0.5343475341796875,0.20535650849342346,-0.32603490352630615,0.9986234903335571,0.5103448629379272,0.20261913537979126,-0.19364656507968903,0.9976363182067871,0.5038020610809326,0.2468002587556839,-0.3287504315376282,0.998389720916748,0.4951848089694977,0.24317431449890137,-0.2942008078098297,0.998050332069397,0.6010443568229675,0.3666173815727234,-0.2825348675251007,0.9999455809593201,0.4945737421512604,0.36311548948287964,-0.07627622038125992,0.9995427131652832,0.6400616765022278,0.5651237964630127,-0.21358482539653778,0.9903894662857056,0.49479636549949646,0.5465291142463684,-0.009377620182931423,0.5038220882415771,0.6375260353088379,0.747432291507721,-0.2076866179704666,0.9641434550285339,0.47856101393699646,0.683032214641571,-0.11206656694412231,0.5674614906311035,0.64678555727005,0.7899621725082397,-0.22897152602672577,0.935075044631958,0.4730636179447174,0.724611222743988,-0.14102977514266968,0.5485392212867737,0.6342264413833618,0.7899166345596313,-0.2642444968223572,0.9397927522659302,0.4701511263847351,0.7255108952522278,-0.1767905056476593,0.5686976909637451,0.6259745359420776,0.7726259231567383,-0.2191786766052246,0.9255391955375671,0.4741531014442444,0.7160511612892151,-0.1306348592042923,0.5701682567596436,0.564566433429718,0.700613260269165,-0.06540538370609283,0.9996732473373413,0.5032389163970947,0.7019614577293396,0.06534324586391449,0.9995244145393372,0.5672332048416138,0.9358434081077576,-0.026860255748033524,0.9410571455955505,0.5107917189598083,0.9396212100982666,0.16668330132961273,0.7484757900238037,0.5737755298614502,1.1864826679229736,0.2076464593410492,0.7074844837188721,0.520379364490509,1.153261661529541,0.3971642851829529,0.5007797479629517,0.5826274752616882,1.2182828187942505,0.22388145327568054,0.42688697576522827,0.5299978852272034,1.191918134689331,0.41635841131210327,0.42813795804977417,0.5352494120597839,1.2526533603668213,0.09657879173755646,0.6183709502220154,0.4909084439277649,1.210744023323059,0.3218912184238434,0.4776283800601959
0.4950075149536133,0.22100454568862915,-0.35117867588996887,0.9978936910629272,0.5043991804122925,0.1989789605140686,-0.359050452709198,0.9973718523979187,0.5094965696334839,0.19871395826339722,-0.3594333231449127,0.9974452257156372,0.5138741731643677,0.19856946170330048,-0.3594132363796234,0.9977807402610779,0.4988488554954529,0.19762210547924042,-0.3298586905002594,0.9976957440376282,0.4983929991722107,0.19642622768878937,-0.3303712010383606,0.9980106353759766,0.49783316254615784,0.19476854801177979,-0.3307950496673584,0.9982630014419556,0.5356332063674927,0.20542652904987335,-0.33041974902153015,0.9986389875411987,0.5131480097770691,0.20285765826702118,-0.1950063854455948,0.9976546168327332,0.5052972435951233,0.24682019650936127,-0.33314478397369385,0.9984534382820129,0.49753251671791077,0.2432144731283188,-0.29666581749916077,0.9981153011322021,0.6028710603713989,0.36682939529418945,-0.2888726592063904,0.9999400973320007,0.4964107871055603,0.36669838428497314,-0.07616491615772247,0.9995645880699158,0.640661895275116,0.5650306940078735,-0.2358415126800537,0.9906672239303589,0.4945603013038635,0.5514278411865234,-0.006592047866433859,0.5125563740730286,0.6340354681015015,0.7482755780220032,-0.21258997917175293,0.9584966897964478,0.47021064162254333,0.7036452293395996,-0.11591053009033203,0.5914121270179749,0.6423899531364441,0.7920233607292175,-0.2366003692150116,0.925186812877655,0.4650401473045349,0.7424736618995667,-0.14730945229530334,0.5695033669471741,0.6315563917160034,0.7914701700210571,-0.2722420394420624,0.9303485751152039,0.4617478847503662,0.7435879111289978,-0.18462783098220825,0.5897316932678223,0.6240193247795105,0.7738552689552307,-0.22096221148967743,0.9143019914627075,0.4662017822265625,0.7329221367835999,-0.1358686238527298,0.5892994403839111,0.5660955905914307,0.7103537917137146,-0.06671835482120514,0.9996775388717651,0.5043751001358032,0.711866021156311,0.06667391955852509,0.999541163444519,0.5683983564376831,0.9393613934516907,-0.006884040776640177,0.9383512139320374,0.5117726922035217,0.9396547675132751,0.17807622253894806,0.7350168228149414,0.5737907886505127,1.190818428993225,0.2526387572288513,0.7006429433822632,0.5211455225944519,1.1531729698181152,0.4392714500427246,0.4848422706127167,0.5826352834701538,1.2223570346832275,0.27113834023475647,0.41724875569343567,0.5307207703590393,1.191196322441101,0.46133437752723694,0.4149836301803589,0.5352168083190918,1.2580678462982178,0.13977311551570892,0.6069262027740479,0.4929432272911072,1.2118276357650757,0.36345890164375305,0.4626733958721161
0.49661120772361755,0.22116948664188385,-0.3214898407459259,0.9978231191635132,0.5069304704666138,0.19910210371017456,-0.3307351768016815,0.997115433216095,0.5115397572517395,0.19877801835536957,-0.3311230540275574,0.997206449508667,0.5157225728034973,0.19859479367733002,-0.3311246633529663,0.9975707530975342,0.5006057024002075,0.1979416459798813,-0.29934176802635193,0.9975385069847107,0.5003699064254761,0.1967489868402481,-0.29981523752212524,0.9979398250579834,0.5001898407936096,0.19508737325668335,-0.30019766092300415,0.9982470870018005,0.5370336174964905,0.20593784749507904,-0.31020429730415344,0.9986209273338318,0.5164862871170044,0.20334714651107788,-0.16606223583221436,0.9975872039794922,0.5071721076965332,0.2469550520181656,-0.30660027265548706,0.9985079169273376,0.49960780143737793,0.24337592720985413,-0.2672709822654724,0.9981672763824463,0.6038317084312439,0.3667915463447571,-0.2832499146461487,0.9999370574951172,0.4967113137245178,0.3701043426990509,-0.04350152239203453,0.9995898008346558,0.6412192583084106,0.5639397501945496,-0.24171975255012512,0.9909864068031311,0.4918247163295746,0.5536018013954163,0.02404014766216278,0.5319598317146301,0.6312917470932007,0.7481323480606079,-0.2731913924217224,0.9577756524085999,0.45742112398147583,0.6999977827072144,-0.10700000822544098,0.6253502368927002,0.635553777217865,0.7919299006462097,-0.3104080557823181,0.9233558773994446,0.44855421781539917,0.7392577528953552,-0.1424979269504547,0.6030659079551697,0.6256588697433472,0.7912304401397705,-0.34056177735328674,0.9284815788269043,0.4433528780937195,0.7403362989425659,-0.1845269501209259,0.6223952174186707,0.6200650930404663,0.7736720442771912,-0.2830708622932434,0.9114668369293213,0.4509963095188141,0.7292228937149048,-0.1298791468143463,0.6207371950149536,0.5687404870986938,0.7105851769447327,-0.06816387176513672,0.9996731877326965,0.5045174360275269,0.7128868103027344,0.06812208145856857,0.999549925327301,0.5696455240249634,0.9414777755737305,-0.006020837929099798,0.9247956871986389,0.5141314268112183,0.9440421462059021,0.1837315857410431,0.7063836455345154,0.5738866329193115,1.1947628259658813,0.2484647035598755,0.6682829856872559,0.5224142074584961,1.1628925800323486,0.43272605538368225,0.45432499051094055,0.5826203227043152,1.2255265712738037,0.26627475023269653,0.39412200450897217,0.5312449932098389,1.1990355253219604,0.45324116945266724,0.39058807492256165,0.5373867154121399,1.264063835144043,0.13637757301330566,0.5737864375114441,0.499592125415802,1.2294195890426636,0.35754889249801636,0.4335504472255707
0.49913087487220764,0.22155818343162537,-0.31731313467025757,0.9979247450828552,0.5100098848342896,0.199350044131279,-0.32554930448532104,0.9972061514854431,0.5140613913536072,0.19898630678653717,-0.3259415030479431,0.9973039627075195,0.5186550617218018,0.19878052175045013,-0.325943261384964,0.9976577162742615,0.5028370022773743,0.19850322604179382,-0.29382506012916565,0.9976224303245544,0.5024434924125671,0.19736601412296295,-0.29428336024284363,0.9980282187461853,0.5021993517875671,0.1957727074623108,-0.2946453094482422,0.9983340501785278,0.5391636490821838,0.2068723738193512,-0.30251747369766235,0.9987037181854248,0.5180350542068481,0.2038014978170395,-0.15680289268493652,0.9976733922958374,0.5099509954452515,0.24715736508369446,-0.30166155099868774,0.9986127018928528,0.5021229386329651,0.2435600757598877,-0.26195254921913147,0.998280942440033,0.6052772998809814,0.3667055666446686,-0.27980369329452515,0.9999369382858276,0.4982723295688629,0.3730684816837311,-0.02770470455288887,0.9996094703674316,0.6429086923599243,0.5638650059700012,-0.24325887858867645,0.9914316534996033,0.49022331833839417,0.5560467839241028,0.03353113681077957,0.5414011478424072,0.6289471387863159,0.7480343580245972,-0.2905139625072479,0.9588904976844788,0.4496191442012787,0.6973609328269958,-0.10825631767511368,0.6512977480888367,0.6316510438919067,0.7925868630409241,-0.32924431562423706,0.9248866438865662,0.4387374818325043,0.737454891204834,-0.14421364665031433,0.6286253929138184,0.6209601759910583,0.7911854386329651,-0.35843315720558167,0.9298835396766663,0.4322449564933777,0.7393075823783875,-0.18686923384666443,0.6477227807044983,0.6166567802429199,0.7735182046890259,-0.30074435472488403,0.9125539660453796,0.44012394547462463,0.7266916036605835,-0.13178975880146027,0.6448090672492981,0.5708550214767456,0.7099208235740662,-0.07082304358482361,0.9996594190597534,0.5060242414474487,0.7124366164207458,0.07076223939657211,0.999538779258728,0.5693868398666382,0.9414536356925964,-0.013255128636956215,0.9169151782989502,0.5157075524330139,0.9440520405769348,0.19615770876407623,0.682763397693634,0.5739246606826782,1.196393370628357,0.23500172793865204,0.6438596844673157,0.5236181020736694,1.1658216714859009,0.4378536343574524,0.42943745851516724,0.5826460123062134,1.2276415824890137,0.2521291673183441,0.3767363727092743,0.5319212675094604,1.2024425268173218,0.45748448371887207,0.37149155139923096,0.5377300381660461,1.2647627592086792,0.120692178606987,0.5498242974281311,0.5009868741035461,1.230544090270996,0.3575792908668518,0.4105844795703888
0.5021744966506958,0.22139191627502441,-0.3487701416015625,0.9980645775794983,0.5126215815544128,0.19934627413749695,-0.3547642230987549,0.9973745346069336,0.51678866147995,0.1989937275648117,-0.3551710546016693,0.9974719285964966,0.5221383571624756,0.19879773259162903,-0.35515573620796204,0.9978026747703552,0.5058234333992004,0.19849708676338196,-0.32057124376296997,0.9977693557739258,0.5051841139793396,0.1973634511232376,-0.32099083065986633,0.9981580376625061,0.5046956539154053,0.1957738846540451,-0.3213311731815338,0.9984480142593384,0.542203962802887,0.20747330784797668,-0.3205755352973938,0.9988009929656982,0.5192596912384033,0.20384067296981812,-0.16632528603076935,0.9978084564208984,0.5124207735061646,0.247039332985878,-0.3292582035064697,0.9987204074859619,0.5048948526382446,0.2430134266614914,-0.2863231599330902,0.9984028935432434,0.6065189242362976,0.3655974566936493,-0.3025932312011719,0.9999364018440247,0.5001077651977539,0.3734339475631714,-0.035235557705163956,0.9996245503425598,0.6449095010757446,0.5621286630630493,-0.27841418981552124,0.991855800151825,0.48995986580848694,0.5555238723754883,0.03296414017677307,0.5517733693122864,0.6270860433578491,0.7418278455734253,-0.3223537504673004,0.9599747657775879,0.44813838601112366,0.6935372352600098,-0.10882090032100677,0.6768871545791626,0.6295719742774963,0.7892580628395081,-0.36264821887016296,0.9264907240867615,0.43771982192993164,0.7361271381378174,-0.1447230577468872,0.6543443202972412,0.6180788278579712,0.785327136516571,-0.3902387320995331,0.9313876032829285,0.4316653311252594,0.7321605086326599,-0.18832933902740479,0.6730047464370728,0.6137098670005798,0.7658525109291077,-0.33200618624687195,0.9137070178985596,0.4381656050682068,0.7187572121620178,-0.13295988738536835,0.6690071225166321,0.5728734731674194,0.7093526124954224,-0.08036942034959793,0.9996249079704285,0.5103700160980225,0.7120051980018616,0.08028749376535416,0.9994997382164001,0.5693318843841553,0.9395434856414795,-0.01222170703113079,0.9136534333229065,0.5164380073547363,0.9431688189506531,0.2423023283481598,0.660305917263031,0.5739319920539856,1.1967023611068726,0.2372189462184906,0.6358668208122253,0.5245904922485352,1.1638214588165283,0.5051451325416565,0.41080138087272644,0.5827080607414246,1.2296605110168457,0.2542712688446045,0.3712829053401947,0.5337365865707397,1.20151948928833,0.5267904996871948,0.3605199456214905,0.5376242399215698,1.2642226219177246,0.11889386177062988,0.5411943793296814,0.5006269812583923,1.2251923084259033,0.42927393317222595,0.3940659761428833
0.5052043795585632,0.2215043157339096,-0.3738632798194885,0.9981791973114014,0.514983057975769,0.19960100948810577,-0.3789975941181183,0.9975050091743469,0.5202085971832275,0.19939321279525757,-0.37940964102745056,0.9976085424423218,0.52541184425354,0.19931215047836304,-0.3793933391571045,0.9979164004325867,0.508705198764801,0.19877633452415466,-0.3462485373020172,0.9978815317153931,0.5077575445175171,0.19770430028438568,-0.34668153524398804,0.9982630610466003,0.5068910121917725,0.19617511332035065,-0.34703680872917175,0.9985395669937134,0.5450054407119751,0.20840388536453247,-0.3369678854942322,0.9988834857940674,0.5204678773880005,0.20421038568019867,-0.18264555931091309,0.9979099035263062,0.5147465467453003,0.24710780382156372,-0.3510785400867462,0.9988088011741638,0.5075907707214355,0.24303603172302246,-0.3099227547645569,0.9984970688819885,0.6082937121391296,0.3648998737335205,-0.3109881579875946,0.9999344944953918,0.5014979243278503,0.3730555772781372,-0.038668401539325714,0.9996322989463806,0.6465242505073547,0.5598695278167725,-0.2867524027824402,0.992231011390686,0.48999810218811035,0.5505044460296631,0.03655310720205307,0.5600728392601013,0.6237500309944153,0.7331712245941162,-0.3373378813266754,0.961198627948761,0.4454142153263092,0.6663625240325928,-0.10680808126926422,0.701428234577179,0.6235918998718262,0.7813863158226013,-0.3782201409339905,0.9284845590591431,0.431788831949234,0.7054519057273865,-0.14222674071788788,0.6797932386398315,0.6106712818145752,0.774005651473999,-0.4048283100128174,0.9331997036933899,0.42523735761642456,0.695833683013916,-0.18776372075080872,0.697750449180603,0.6072546243667603,0.7542343735694885,-0.34666907787323,0.9151759147644043,0.4324274957180023,0.6866392493247986,-0.13145911693572998,0.6928442716598511,0.5758715271949768,0.7090799808502197,-0.08344488590955734,0.9995856881141663,0.5130823850631714,0.7118014097213745,0.08337979763746262,0.9994521737098694,0.569415271282196,0.939414381980896,-0.0171709842979908,0.9122157096862793,0.5173736810684204,0.9421794414520264,0.2273566722869873,0.6502377390861511,0.5741965770721436,1.196216106414795,0.23456814885139465,0.6306896805763245,0.5251414775848389,1.16054368019104,0.49157246947288513,0.40056484937667847,0.5833086967468262,1.2294261455535889,0.2525981366634369,0.36794668436050415,0.5348738431930542,1.1993991136550903,0.5137919187545776,0.35630112886428833,0.5375325083732605,1.2631765604019165,0.11951123178005219,0.5345407128334045,0.499612033367157,1.2192249298095703,0.4185086190700531,0.3841698169708252
0.5084580183029175,0.22202140092849731,-0.3710758090019226,0.998333752155304,0.518523633480072,0.20030081272125244,-0.36913561820983887,0.9977088570594788,0.5241764187812805,0.20022431015968323,-0.3695339262485504,0.9978054761886597,0.5288823246955872,0.20032617449760437,-0.36950138211250305,0.9980858564376831,0.5115430951118469,0.1992945820093155,-0.3389175534248352,0.9980573654174805,0.5104618072509766,0.19829222559928894,-0.3393397927284241,0.9984105229377747,0.5092215538024902,0.1968039572238922,-0.33967262506484985,0.9986648559570312,0.5492476224899292,0.2100195735692978,-0.3177914023399353,0.9989805817604065,0.5219008922576904,0.20449581742286682,-0.17767372727394104,0.9980798959732056,0.517673134803772,0.2474856674671173,-0.3417380452156067,0.9989126324653625,0.5098731517791748,0.24322855472564697,-0.30371421575546265,0.9986238479614258,0.6096592545509338,0.36433249711990356,-0.29068616032600403,0.9999346137046814,0.5016381144523621,0.374663382768631,-0.03351109102368355,0.9996504783630371,0.6478879451751709,0.5576598048210144,-0.27998068928718567,0.9925589561462402,0.4880053400993347,0.5500279068946838,0.03138650581240654,0.581449568271637,0.6174845695495605,0.7128543257713318,-0.3523312211036682,0.9625386595726013,0.4375435709953308,0.6535471081733704,-0.11347170919179916,0.7266782522201538,0.6133812665939331,0.7601145505905151,-0.3949916958808899,0.9310733675956726,0.42211729288101196,0.6866464614868164,-0.15178848803043365,0.70614093542099,0.5999230742454529,0.7446593642234802,-0.4199705719947815,0.9356144666671753,0.4167950749397278,0.6798520684242249,-0.19673387706279755,0.7230546474456787,0.5994993448257446,0.721883237361908,-0.36174386739730835,0.9176313281059265,0.4244043231010437,0.6710741519927979,-0.13845980167388916,0.7176585793495178,0.5782041549682617,0.7089226841926575,-0.08208327740430832,0.9995571374893188,0.5145360827445984,0.7112241983413696,0.0820142924785614,0.999427855014801,0.5703481435775757,0.939382016658783,-0.04338308423757553,0.9128727316856384,0.5190710425376892,0.9431119561195374,0.21797864139080048,0.6438542604446411,0.5753713250160217,1.1915900707244873,0.19757047295570374,0.6224570274353027,0.5259990692138672,1.158777117729187,0.47437039017677307,0.38952773809432983,0.5853959321975708,1.2241095304489136,0.21471276879310608,0.3642127811908722,0.5358918905258179,1.1979610919952393,0.4960367679595947,0.3508579134941101,0.5375056862831116,1.256211757659912,0.08910182118415833,0.5282014012336731,0.4990878701210022,1.214910864830017,0.3963553309440613,0.37477022409439087
0.5102325677871704,0.2222752869129181,-0.3250114321708679,0.9984802007675171,0.5198487043380737,0.20051179826259613,-0.3269039988517761,0.9979045987129211,0.5255260467529297,0.20046159625053406,-0.32731547951698303,0.9979953765869141,0.5298532247543335,0.20052573084831238,-0.327292263507843,0.9982510805130005,0.5133112072944641,0.1996595859527588,-0.29700252413749695,0.998222291469574,0.5125420093536377,0.19880566000938416,-0.29742416739463806,0.9985475540161133,0.5115259885787964,0.19750149548053741,-0.29774153232574463,0.9987799525260925,0.5514759421348572,0.21016453206539154,-0.2840280830860138,0.9990729093551636,0.5246665477752686,0.2051343321800232,-0.14547964930534363,0.9982360601425171,0.5197232365608215,0.24759463965892792,-0.301872193813324,0.9990120530128479,0.511987566947937,0.24334019422531128,-0.2643149793148041,0.9987450838088989,0.6116833686828613,0.3640362620353699,-0.2645881175994873,0.999937891960144,0.5031046271324158,0.3746187090873718,-0.0031403792090713978,0.9996695518493652,0.6484144926071167,0.5562987923622131,-0.2772272825241089,0.9931108355522156,0.48538345098495483,0.5461440682411194,0.05619029328227043,0.6038095951080322,0.6106353998184204,0.6979680061340332,-0.3680203855037689,0.9657912254333496,0.4306364059448242,0.6400519013404846,-0.10927937179803848,0.7514145374298096,0.6027625799179077,0.7451316714286804,-0.41707736253738403,0.9369888305664062,0.4168930947780609,0.6749952435493469,-0.14962732791900635,0.7324058413505554,0.5913103222846985,0.7224761247634888,-0.44090667366981506,0.9411499500274658,0.41180500388145447,0.6682758927345276,-0.19579440355300903,0.7480976581573486,0.5915414094924927,0.6986164450645447,-0.377807080745697,0.924423098564148,0.41837993264198303,0.6580786108970642,-0.13493312895298004,0.7426071166992188,0.5791691541671753,0.7096068859100342,-0.08172322809696198,0.9995412230491638,0.5159446001052856,0.7109009027481079,0.08164933323860168,0.9994052052497864,0.572363018989563,0.9414528012275696,-0.03326138108968735,0.9085357189178467,0.5194493532180786,0.9431712627410889,0.22924911975860596,0.6246461868286133,0.5773071646690369,1.1900782585144043,0.20085401833057404,0.6052599549293518,0.5275272130966187,1.1585534811019897,0.47642526030540466,0.3687436580657959,0.5872749090194702,1.2221616506576538,0.217393159866333,0.3561360538005829,0.5376830697059631,1.1978003978729248,0.4968256950378418,0.3384455144405365,0.5403922200202942,1.253478765487671,0.10036523640155792,0.5142690539360046,0.4988059401512146,1.2143498659133911,0.4075583517551422,0.35712289810180664
0.5118240118026733,0.2237553745508194,-0.30785709619522095,0.9986211657524109,0.5216444134712219,0.20141154527664185,-0.3093884587287903,0.9980966448783875,0.5268124341964722,0.20129163563251495,-0.3097819685935974,0.998180091381073,0.5308631062507629,0.20131848752498627,-0.309763103723526,0.9984121918678284,0.5148099660873413,0.2004958689212799,-0.2808026671409607,0.9983848929405212,0.5142284631729126,0.19961176812648773,-0.28124529123306274,0.9986812472343445,0.5134183764457703,0.19831453263759613,-0.2815636992454529,0.9988922476768494,0.5532280802726746,0.21056678891181946,-0.2613677382469177,0.9991602897644043,0.5270692110061646,0.2054622620344162,-0.1290545016527176,0.998392641544342,0.5217720866203308,0.2488631308078766,-0.28325384855270386,0.9991054534912109,0.5135523080825806,0.24430853128433228,-0.24750003218650818,0.9988611936569214,0.6138919591903687,0.3639410138130188,-0.23075929284095764,0.9999414086341858,0.504776120185852,0.37354612350463867,0.012534333392977715,0.9996904134750366,0.6493427753448486,0.5538710951805115,-0.22425630688667297,0.9935672879219055,0.4831373691558838,0.5412803292274475,0.07201343774795532,0.6264748573303223,0.6085619926452637,0.6814966201782227,-0.3398624658584595,0.9687613248825073,0.423166424036026,0.6245543360710144,-0.09993482381105423,0.7738003730773926,0.6000199913978577,0.7213320136070251,-0.40755772590637207,0.9424110651016235,0.40825843811035156,0.6517394781112671,-0.1401551067829132,0.7562208771705627,0.5905779600143433,0.6989670991897583,-0.418919175863266,0.9462358355522156,0.40224307775497437,0.6411365270614624,-0.18679790198802948,0.7707945704460144,0.5910805463790894,0.6782628893852234,-0.34940338134765625,0.9307347536087036,0.40981021523475647,0.6321936845779419,-0.12564967572689056,0.7652740478515625,0.580467700958252,0.7085394859313965,-0.08121339231729507,0.9995206594467163,0.5173093676567078,0.7079680562019348,0.08111771196126938,0.9993772506713867,0.5755007266998291,0.9466001987457275,-0.06420167535543442,0.9063816070556641,0.5198060274124146,0.945973813533783,0.19907119870185852,0.6119706034660339,0.578163743019104,1.1917980909347534,0.15166784822940826,0.5902063846588135,0.5296536684036255,1.1633331775665283,0.4364412724971771,0.34984344244003296,0.5883598923683167,1.2241747379302979,0.16618798673152924,0.3491468131542206,0.5400803089141846,1.202243447303772,0.4559911787509918,0.3254021108150482,0.540619969367981,1.2563648223876953,0.043532583862543106,0.5037367343902588,0.49956679344177246,1.2224433422088623,0.3725524842739105,0.34097152948379517
0.5140756368637085,0.22550152242183685,-0.3047073185443878,0.9987494945526123,0.5241418480873108,0.20228387415409088,-0.30406785011291504,0.9982724785804749,0.5285338759422302,0.20222502946853638,-0.3044606149196625,0.9983487725257874,0.5327956080436707,0.2020748406648636,-0.30444175004959106,0.9985595345497131,0.5163777470588684,0.201421320438385,-0.2757181227207184,0.9985336661338806,0.5156896114349365,0.20041018724441528,-0.27616041898727417,0.9988031983375549,0.5148614048957825,0.19907058775424957,-0.27646857500076294,0.9989944696426392,0.5551683902740479,0.21062670648097992,-0.2459307163953781,0.9992396235466003,0.5282316207885742,0.20566582679748535,-0.11456364393234253,0.998534083366394,0.5246704816818237,0.2498960942029953,-0.2770101726055145,0.9991902112960815,0.5153118371963501,0.24580422043800354,-0.24157960712909698,0.9989666938781738,0.6161304116249084,0.3641934394836426,-0.2157433032989502,0.9999440908432007,0.5062308311462402,0.3733938932418823,0.03245518356561661,0.9997059106826782,0.649238646030426,0.5511699914932251,-0.23145608603954315,0.9938936233520508,0.4802200198173523,0.5396483540534973,0.07584050297737122,0.644797146320343,0.6025465726852417,0.6589762568473816,-0.36435791850090027,0.9713103175163269,0.4197293221950531,0.6109038591384888,-0.12238289415836334,0.7933571934700012,0.592535138130188,0.692954421043396,-0.41881686449050903,0.9471650719642639,0.40079283714294434,0.6315688490867615,-0.16895920038223267,0.7773517966270447,0.5838150978088379,0.6665939092636108,-0.4402773976325989,0.9507097601890564,0.3944893181324005,0.6174123287200928,-0.21501421928405762,0.7910087704658508,0.5852028131484985,0.6497145295143127,-0.3744349181652069,0.9361991882324219,0.40461263060569763,0.6124640107154846,-0.14935937523841858,0.7853289246559143,0.5815375447273254,0.7084519863128662,-0.08076412975788116,0.9994778037071228,0.518290638923645,0.7055193781852722,0.08066725730895996,0.9993280172348022,0.577244222164154,0.9476103782653809,-0.09166576713323593,0.9036844968795776,0.5198637843132019,0.9461011290550232,0.1765756607055664,0.6009033918380737,0.5783268809318542,1.1918330192565918,0.12398700416088104,0.5750914216041565,0.5305188298225403,1.1649279594421387,0.4124319553375244,0.33377566933631897,0.5885513424873352,1.22416353225708,0.13858667016029358,0.3417395353317261,0.5407084822654724,1.2032057046890259,0.43150678277015686,0.3132478594779968,0.5407752990722656,1.257172703742981,0.012319750152528286,0.4939393103122711,0.5006216764450073,1.2261849641799927,0.3417285084724426,0.32698026299476624
0.515508770942688,0.22746799886226654,-0.2951202988624573,0.9988616704940796,0.5254001021385193,0.20334424078464508,-0.29343777894973755,0.9984237551689148,0.5296911597251892,0.20328843593597412,-0.29382163286209106,0.9984936714172363,0.5340687036514282,0.20295965671539307,-0.2937915325164795,0.9986855387687683,0.5175238251686096,0.20256780087947845,-0.26538705825805664,0.9986626505851746,0.5168299078941345,0.20141561329364777,-0.2658138871192932,0.9989098906517029,0.5160629749298096,0.19998373091220856,-0.2661134600639343,0.9990840554237366,0.5564475059509277,0.21068522334098816,-0.23340293765068054,0.9993080496788025,0.52940833568573,0.2059468775987625,-0.10306088626384735,0.998656690120697,0.526705801486969,0.250732421875,-0.2670106589794159,0.9992656707763672,0.5166798830032349,0.24723199009895325,-0.2318820208311081,0.9990610480308533,0.6181117296218872,0.36428922414779663,-0.20657913386821747,0.9999455809593201,0.5073512196540833,0.3730345368385315,0.03612929955124855,0.999722957611084,0.649094820022583,0.5514000058174133,-0.2520997226238251,0.9942359924316406,0.47891321778297424,0.5361767411231995,0.06134416535496712,0.6707294583320618,0.5943597555160522,0.6507614850997925,-0.4452320635318756,0.9738845825195312,0.42103880643844604,0.5842130184173584,-0.19825920462608337,0.8133044838905334,0.5787571668624878,0.6753244996070862,-0.5083702802658081,0.9519553184509277,0.4007253050804138,0.6041303277015686,-0.254742294549942,0.7988162636756897,0.5719281435012817,0.649040162563324,-0.5302635431289673,0.9551985859870911,0.39526766538619995,0.5888859033584595,-0.29877912998199463,0.8112526535987854,0.576531171798706,0.6361263394355774,-0.45653995871543884,0.9417861104011536,0.40627187490463257,0.5832816362380981,-0.22545161843299866,0.8058542609214783,0.5834985971450806,0.7077180743217468,-0.07915635406970978,0.9993898272514343,0.519126832485199,0.701326310634613,0.07905103266239166,0.9992485642433167,0.578345537185669,0.9479402899742126,-0.09949427843093872,0.8918141722679138,0.5204910635948181,0.9460477828979492,0.13426920771598816,0.5858334898948669,0.5789946913719177,1.188855528831482,0.11158505827188492,0.5456464886665344,0.5308917164802551,1.1649491786956787,0.3617094159126282,0.31305235624313354,0.5890132188796997,1.2199641466140747,0.1250837743282318,0.3241216242313385,0.540706992149353,1.2029420137405396,0.379579097032547,0.2965628206729889,0.5411475896835327,1.2521076202392578,-0.008213089779019356,0.4720306396484375,0.5029861330986023,1.226054310798645,0.2803992033004761,0.3086616098880768
0.5172462463378906,0.2284664809703827,-0.29775211215019226,0.9989659786224365,0.5275943279266357,0.20418302714824677,-0.29276764392852783,0.998565673828125,0.531917929649353,0.20422911643981934,-0.2931416630744934,0.9986288547515869,0.5369393825531006,0.20387277007102966,-0.29311272501945496,0.9988036155700684,0.5188654661178589,0.20355767011642456,-0.26652076840400696,0.9987830519676208,0.5179650783538818,0.20244844257831573,-0.26694875955581665,0.9990084171295166,0.5170308351516724,0.20110119879245758,-0.2672410011291504,0.9991667866706848,0.5588593482971191,0.21129979193210602,-0.21704880893230438,0.9993705153465271,0.5294529795646667,0.2067589908838272,-0.09604935348033905,0.9987680315971375,0.5290594696998596,0.25115519762039185,-0.2648698687553406,0.9993342757225037,0.5182952880859375,0.24822650849819183,-0.23217573761940002,0.9991469383239746,0.6199290752410889,0.3649027943611145,-0.17840717732906342,0.9999464154243469,0.507442057132721,0.3728586733341217,0.03754220902919769,0.9997372627258301,0.6482768058776855,0.5522041916847229,-0.2519204318523407,0.9945560097694397,0.4773317277431488,0.5292060971260071,0.04703325405716896,0.6955727934837341,0.5942956209182739,0.6224814057350159,-0.47424426674842834,0.9763093590736389,0.4198734164237976,0.5639986395835876,-0.24135060608386993,0.8313598036766052,0.5802076458930969,0.645166277885437,-0.5432336926460266,0.9564511179924011,0.398969829082489,0.581126868724823,-0.30410832166671753,0.8182359337806702,0.5740287899971008,0.614316999912262,-0.5665850639343262,0.9594085812568665,0.3943517506122589,0.5634220242500305,-0.3478023409843445,0.8295601010322571,0.5773719549179077,0.6019088625907898,-0.4873885214328766,0.947102963924408,0.4053567051887512,0.5571934580802917,-0.2691194415092468,0.8244327902793884,0.5838940739631653,0.7052293419837952,-0.06844501197338104,0.9992765188217163,0.5191908478736877,0.6940808892250061,0.06833837926387787,0.9991457462310791,0.578666627407074,0.9479084610939026,-0.09889638423919678,0.8721598386764526,0.5208576321601868,0.9456535577774048,0.08641817420721054,0.5719857811927795,0.5791991949081421,1.185903549194336,0.10809268057346344,0.5093196034431458,0.5307005047798157,1.1647436618804932,0.31103938817977905,0.29118841886520386,0.5889794826507568,1.21590256690979,0.12079131603240967,0.3026106655597687,0.5400750041007996,1.202838659286499,0.3283889591693878,0.27704983949661255,0.5446943044662476,1.2484912872314453,-0.016638338565826416,0.44334927201271057,0.5059798359870911,1.226036787033081,0.22117264568805695,0.28809407353401184
0.5183449387550354,0.2296762317419052,-0.3072311580181122,0.9990475177764893,0.528704047203064,0.20481164753437042,-0.30002361536026,0.9986708164215088,0.532870888710022,0.20500940084457397,-0.30042409896850586,0.9987297654151917,0.5376986265182495,0.20483243465423584,-0.3004167675971985,0.9988932013511658,0.5199722051620483,0.2040998488664627,-0.26764851808547974,0.9988725185394287,0.5190569162368774,0.20299029350280762,-0.26802265644073486,0.9990823864936829,0.5180172920227051,0.20164704322814941,-0.268211305141449,0.9992298483848572,0.5597695708274841,0.2124631404876709,-0.23802712559700012,0.9994186162948608,0.5303233861923218,0.2074875682592392,-0.11479596048593521,0.998833954334259,0.5301420092582703,0.2519839107990265,-0.27585482597351074,0.999390721321106,0.5191940069198608,0.24882009625434875,-0.23717203736305237,0.9992150068283081,0.6208409070968628,0.3671424388885498,-0.20150968432426453,0.9999464750289917,0.5079041123390198,0.3724044859409332,0.030694201588630676,0.9997468590736389,0.6474064588546753,0.5543941259384155,-0.2737165093421936,0.9948498010635376,0.4766688346862793,0.5241197347640991,0.06542941182851791,0.7135483026504517,0.5795448422431946,0.5958074927330017,-0.4875126779079437,0.9784207344055176,0.41880378127098083,0.5462407469749451,-0.19654777646064758,0.8473211526870728,0.5518826246261597,0.6074292659759521,-0.5541239976882935,0.9603524208068848,0.396786630153656,0.5571838617324829,-0.2412925511598587,0.8354170322418213,0.5493248105049133,0.5797306299209595,-0.5684713125228882,0.963054895401001,0.39431440830230713,0.541797935962677,-0.28464213013648987,0.8457808494567871,0.5575312972068787,0.5734149217605591,-0.4960160255432129,0.9516013264656067,0.4052859842777252,0.538130521774292,-0.22051958739757538,0.8408204317092896,0.5841315388679504,0.7040681838989258,-0.06799574941396713,0.9991639256477356,0.5190015435218811,0.6935529708862305,0.06790647655725479,0.9990490078926086,0.5786072015762329,0.947733998298645,-0.09488808363676071,0.8506913185119629,0.5210578441619873,0.9455771446228027,0.08935637772083282,0.5538646578788757,0.5787777900695801,1.1844232082366943,0.13125309348106384,0.4732629060745239,0.5306254625320435,1.1645824909210205,0.33421340584754944,0.26969343423843384,0.5871943235397339,1.2139519453048706,0.14632198214530945,0.2836095988750458,0.539930522441864,1.2019282579421997,0.35396629571914673,0.25868600606918335,0.5454577207565308,1.2481962442398071,0.014890844002366066,0.41333726048469543,0.5081440210342407,1.2266206741333008,0.2514899671077728,0.26697683334350586
0.5197209715843201,0.23072649538516998,-0.301013320684433,0.9991254210472107,0.5297778248786926,0.20548015832901,-0.29382842779159546,0.9987763166427612,0.5339123010635376,0.20570078492164612,-0.2942136228084564,0.9988304972648621,0.5387247800827026,0.2055932581424713,-0.29418888688087463,0.9989815354347229,0.5210081338882446,0.2047055959701538,-0.2673826217651367,0.9989614486694336,0.5200355648994446,0.20361660420894623,-0.26777732372283936,0.9991555213928223,0.5188609957695007,0.2023363560438156,-0.2680389881134033,0.9992903470993042,0.5606533288955688,0.2128829061985016,-0.2127503901720047,0.9994663000106812,0.5307914018630981,0.20837388932704926,-0.09659674763679504,0.9989051222801208,0.5317196846008301,0.25246718525886536,-0.2652784585952759,0.9994438290596008,0.520391583442688,0.24972474575042725,-0.23296964168548584,0.9992794394493103,0.6222454309463501,0.36807334423065186,-0.1742127239704132,0.9999452233314514,0.5078233480453491,0.37187448143959045,0.038889020681381226,0.9997459053993225,0.6471071839332581,0.5545403957366943,-0.27196285128593445,0.9948713183403015,0.4752424657344818,0.5240097641944885,0.004175120964646339,0.7231815457344055,0.5806618332862854,0.588681161403656,-0.5164116621017456,0.980241060256958,0.41680678725242615,0.5231876969337463,-0.32610172033309937,0.8609927892684937,0.5584352612495422,0.5933233499526978,-0.5904527306556702,0.9638089537620544,0.39326316118240356,0.5295928120613098,-0.3976821005344391,0.8503954410552979,0.555740475654602,0.5671783089637756,-0.6080118417739868,0.9663047790527344,0.3935147821903229,0.5107263922691345,-0.4363928735256195,0.8600045442581177,0.5617812871932983,0.5643620491027832,-0.5277777910232544,0.9555447697639465,0.40469813346862793,0.5090287327766418,-0.35341089963912964,0.8548663258552551,0.5843774080276489,0.6979568600654602,-0.06280706822872162,0.9989691972732544,0.5193039178848267,0.6901693344116211,0.06273166835308075,0.9988307356834412,0.5788200497627258,0.947056770324707,-0.10072138160467148,0.8266927599906921,0.5213150382041931,0.9455558061599731,0.07696406543254852,0.5308573842048645,0.5787460803985596,1.1820486783981323,0.11705323308706284,0.439738005399704,0.530674934387207,1.1629424095153809,0.32639622688293457,0.24890175461769104,0.5864456295967102,1.2119464874267578,0.13077084720134735,0.2642911970615387,0.5397835969924927,1.198317527770996,0.3462105691432953,0.24030596017837524,0.5469644069671631,1.2433698177337646,-0.012067561969161034,0.3863660991191864,0.5097941160202026,1.2245479822158813,0.23553435504436493,0.24705353379249573
0.5207337141036987,0.2313081920146942,-0.32468852400779724,0.9991913437843323,0.53060382604599,0.20588889718055725,-0.31668001413345337,0.9988612532615662,0.5347974300384521,0.2060578465461731,-0.3170495331287384,0.9989107251167297,0.5396277904510498,0.20591667294502258,-0.3170122504234314,0.9990518689155579,0.521813154220581,0.20517706871032715,-0.29101115465164185,0.9990347027778625,0.5207873582839966,0.20408780872821808,-0.2913967967033386,0.9992163777351379,0.5195162296295166,0.20283396542072296,-0.2916669249534607,0.9993418455123901,0.5615569353103638,0.21293333172798157,-0.23167917132377625,0.9995047450065613,0.5311237573623657,0.20873969793319702,-0.10353076457977295,0.9989592432975769,0.5327183604240417,0.2526766061782837,-0.2844633460044861,0.9994892477989197,0.5213745832443237,0.2501116991043091,-0.25321754813194275,0.9993342161178589,0.6234808564186096,0.3690046966075897,-0.1978488266468048,0.9999427199363708,0.5076667070388794,0.3708559274673462,0.02833964303135872,0.9997503161430359,0.6463720202445984,0.5595335364341736,-0.3020435571670532,0.9949429035186768,0.47478604316711426,0.522727906703949,-0.00443654041737318,0.7359249591827393,0.5737489461898804,0.5763939619064331,-0.5314731597900391,0.981703519821167,0.41584116220474243,0.5103505253791809,-0.31791558861732483,0.8738019466400146,0.5463730096817017,0.582968533039093,-0.6027435660362244,0.9666130542755127,0.391620397567749,0.5132501125335693,-0.3867442011833191,0.8642799258232117,0.5460081696510315,0.5545250773429871,-0.6160004734992981,0.9689311385154724,0.39298033714294434,0.49182432889938354,-0.42436662316322327,0.873114287853241,0.5534241795539856,0.5510984063148499,-0.5399779677391052,0.9584692716598511,0.4040248394012451,0.491513192653656,-0.34425419569015503,0.8679759502410889,0.5843890905380249,0.6969062685966492,-0.06388534605503082,0.9987675547599792,0.519222617149353,0.6897394061088562,0.06381139904260635,0.9986545443534851,0.5787600874900818,0.9465013146400452,-0.11362496763467789,0.805341362953186,0.5213799476623535,0.9455143213272095,0.07251517474651337,0.5112878084182739,0.5788339376449585,1.1802887916564941,0.10376439243555069,0.4089256525039673,0.5305880308151245,1.1621601581573486,0.32432693243026733,0.23017723858356476,0.5864511728286743,1.2104412317276,0.11779818683862686,0.24716298282146454,0.5396475195884705,1.1966592073440552,0.3445971608161926,0.22450074553489685,0.547039806842804,1.2410916090011597,-0.023253513500094414,0.3612188398838043,0.5101271867752075,1.2237820625305176,0.23510317504405975,0.2290380597114563
0.5212838053703308,0.23151399195194244,-0.325440913438797,0.9992543458938599,0.5311819911003113,0.2060214728116989,-0.31762486696243286,0.9989495873451233,0.5355352163314819,0.20622505247592926,-0.3179956078529358,0.998995840549469,0.5404272675514221,0.20614653825759888,-0.3179662227630615,0.9991269707679749,0.5224589109420776,0.20522910356521606,-0.29343047738075256,0.9991069436073303,0.5213840007781982,0.2041570395231247,-0.2938147187232971,0.999274730682373,0.5199963450431824,0.20294612646102905,-0.29407772421836853,0.9993892908096313,0.5621079206466675,0.21310248970985413,-0.23530559241771698,0.9995455145835876,0.5312883257865906,0.20907887816429138,-0.1119508370757103,0.9990150928497314,0.532938539981842,0.2528887689113617,-0.28560444712638855,0.9995337724685669,0.5216881036758423,0.25029054284095764,-0.25423306226730347,0.9993881583213806,0.6250930428504944,0.3693719506263733,-0.18966928124427795,0.9999436140060425,0.5077829957008362,0.3688361346721649,0.02528858557343483,0.9997496008872986,0.6453900933265686,0.565937876701355,-0.30810046195983887,0.9950528740882874,0.4748454689979553,0.5225324630737305,-0.040837712585926056,0.7421545386314392,0.5798594951629639,0.5532257556915283,-0.5856426954269409,0.9833681583404541,0.4168519079685211,0.5011873245239258,-0.3815484941005707,0.8844810724258423,0.5601453185081482,0.5541725754737854,-0.6634672284126282,0.9697117209434509,0.3917119801044464,0.5004908442497253,-0.45618733763694763,0.8762222528457642,0.5573829412460327,0.5173380374908447,-0.6810263395309448,0.9718242883682251,0.39286771416664124,0.47396841645240784,-0.4917260706424713,0.8844518065452576,0.5669384002685547,0.5152813792228699,-0.5977882742881775,0.9621564149856567,0.4034208357334137,0.47387251257896423,-0.4081643223762512,0.8790778517723083,0.5843421816825867,0.6950960159301758,-0.058247070759534836,0.998596727848053,0.5191649198532104,0.6879362463951111,0.058194082230329514,0.9984452724456787,0.5790003538131714,0.9463210105895996,-0.10766279697418213,0.7873308658599854,0.521543025970459,0.9454503655433655,0.06517530977725983,0.4947364926338196,0.5788978338241577,1.177038311958313,0.11732371151447296,0.3831225633621216,0.5301839113235474,1.1614246368408203,0.32594555616378784,0.21443435549736023,0.5860777497291565,1.2071173191070557,0.13193245232105255,0.2327762097120285,0.5383385419845581,1.1953611373901367,0.34680864214897156,0.2107374519109726,0.5489075183868408,1.2372506856918335,-0.009181305766105652,0.34056371450424194,0.5101088881492615,1.2231113910675049,0.23505660891532898,0.21375149488449097
0.5216426253318787,0.23183009028434753,-0.32381194829940796,0.999312162399292,0.5311359763145447,0.20630519092082977,-0.3152061104774475,0.9990310668945312,0.535883367061615,0.2063947319984436,-0.31557756662368774,0.9990740418434143,0.5406607389450073,0.20630168914794922,-0.31555792689323425,0.9991959929466248,0.5227929353713989,0.20553241670131683,-0.2915891408920288,0.9991734623908997,0.521504819393158,0.2045876830816269,-0.29196226596832275,0.9993274807929993,0.5198779702186584,0.2035694569349289,-0.29220980405807495,0.9994319081306458,0.5622210502624512,0.21322134137153625,-0.2236630916595459,0.9995818734169006,0.5312820672988892,0.20999054610729218,-0.10981714725494385,0.9990595579147339,0.5330033898353577,0.25305867195129395,-0.28176411986351013,0.9995737671852112,0.522066593170166,0.2507130205631256,-0.25181132555007935,0.9994361996650696,0.624691367149353,0.3688938617706299,-0.17370107769966125,0.9999449253082275,0.5078515410423279,0.3677714765071869,0.031098967418074608,0.9997508525848389,0.6435590982437134,0.5701156258583069,-0.3126944899559021,0.994946300983429,0.4746415615081787,0.5222647190093994,-0.03183305636048317,0.7369611263275146,0.5803737640380859,0.5297346115112305,-0.6174665689468384,0.9848077893257141,0.41406020522117615,0.4892837405204773,-0.3819360136985779,0.8931002616882324,0.5645948648452759,0.5269283056259155,-0.6976900696754456,0.9724151492118835,0.3880613446235657,0.4831090271472931,-0.457511842250824,0.8862830996513367,0.5773379802703857,0.4866788983345032,-0.7144570350646973,0.9743468165397644,0.39119642972946167,0.4566868543624878,-0.4918712079524994,0.8940466642379761,0.5821762084960938,0.49037760496139526,-0.6298991441726685,0.9652811884880066,0.40115126967430115,0.45857861638069153,-0.40855225920677185,0.8881115913391113,0.5841706991195679,0.6921967267990112,-0.057496894150972366,0.998336672782898,0.5191226601600647,0.6862272024154663,0.05743584781885147,0.998141884803772,0.5791360139846802,0.94624263048172,-0.1084948182106018,0.755980908870697,0.5216699242591858,0.9457323551177979,0.07617183029651642,0.46483349800109863,0.5786658525466919,1.1768709421157837,0.11209230124950409,0.3541548550128937,0.5298808217048645,1.161488652229309,0.33659628033638,0.19725777208805084,0.5850024223327637,1.2074334621429443,0.12594419717788696,0.21662065386772156,0.5370310544967651,1.195763349533081,0.3570396304130554,0.19524922966957092,0.5486902594566345,1.235854983329773,-0.021210262551903725,0.31660664081573486,0.5103672742843628,1.2230665683746338,0.24249842762947083,0.19693277776241302
0.5220353603363037,0.2317882478237152,-0.301242470741272,0.9993559122085571,0.531270444393158,0.20640704035758972,-0.2940289080142975,0.9990924596786499,0.5363050699234009,0.20651254057884216,-0.29440706968307495,0.999133825302124,0.541087806224823,0.2065245360136032,-0.29440340399742126,0.9992496967315674,0.5231886506080627,0.20553627610206604,-0.27016720175743103,0.9992204904556274,0.5217376947402954,0.20459812879562378,-0.27054563164711,0.9993637204170227,0.5199235677719116,0.20362401008605957,-0.27079665660858154,0.9994601011276245,0.5619425773620605,0.2139628529548645,-0.20381486415863037,0.9996107816696167,0.5313100814819336,0.21036414802074432,-0.09180097281932831,0.9990702867507935,0.5327622890472412,0.25307226181030273,-0.2609657049179077,0.9996066689491272,0.5220067501068115,0.2507038414478302,-0.2314407080411911,0.9994728565216064,0.6242958307266235,0.3687431812286377,-0.15754851698875427,0.9999454021453857,0.5077997446060181,0.3660782277584076,0.04798688367009163,0.9997465014457703,0.6418778896331787,0.5695726871490479,-0.30324891209602356,0.994792103767395,0.47489967942237854,0.5221364498138428,-0.014795606024563313,0.7255110740661621,0.5818703770637512,0.5168347358703613,-0.6041074991226196,0.9860417246818542,0.4155817925930023,0.4780401885509491,-0.3419382870197296,0.8985844850540161,0.5707731246948242,0.5070865154266357,-0.6829080581665039,0.9747292399406433,0.39017409086227417,0.4717535674571991,-0.4134531021118164,0.893374502658844,0.5805462598800659,0.47207963466644287,-0.6979104280471802,0.9765004515647888,0.39256590604782104,0.44549739360809326,-0.44719529151916504,0.9009819626808167,0.5838883519172668,0.4773522615432739,-0.6157238483428955,0.9678286910057068,0.40271925926208496,0.446727454662323,-0.3677940368652344,0.893798291683197,0.5840915441513062,0.6918163299560547,-0.05688631534576416,0.9981434345245361,0.5190573930740356,0.6856702566146851,0.05681738257408142,0.9979014992713928,0.5790701508522034,0.9461816549301147,-0.10399254411458969,0.7324787378311157,0.521661639213562,0.9458181858062744,0.0791621208190918,0.4426269233226776,0.5786557197570801,1.1746234893798828,0.11809994280338287,0.3279121518135071,0.5288136601448059,1.1598235368728638,0.3430898189544678,0.18196965754032135,0.5848537683486938,1.2053282260894775,0.13155177235603333,0.20174936950206757,0.5350266098976135,1.1939208507537842,0.36377620697021484,0.18120646476745605,0.5491487979888916,1.232641339302063,-0.00877461489289999,0.29441389441490173,0.510164737701416,1.2206629514694214,0.2519238293170929,0.18174387514591217
0.5225533843040466,0.23201288282871246,-0.29526200890541077,0.9993945360183716,0.5315742492675781,0.2066648304462433,-0.28923657536506653,0.9991456270217896,0.5368430018424988,0.20675712823867798,-0.28961485624313354,0.9991850256919861,0.5417901277542114,0.2068863809108734,-0.28961116075515747,0.9992952942848206,0.5234735608100891,0.20570184290409088,-0.26572713255882263,0.9992629289627075,0.5218424797058105,0.20479874312877655,-0.26611021161079407,0.9993966221809387,0.5198595523834229,0.20392613112926483,-0.26636379957199097,0.9994864463806152,0.5617697238922119,0.21461527049541473,-0.2012980729341507,0.9996355175971985,0.5311871767044067,0.2108650654554367,-0.0921391099691391,0.9990880489349365,0.5330935716629028,0.25315821170806885,-0.2560533881187439,0.9996360540390015,0.5221384167671204,0.25093939900398254,-0.22729018330574036,0.9995068311691284,0.6240216493606567,0.3665218651294708,-0.15723265707492828,0.9999459385871887,0.5076197385787964,0.3646845519542694,0.04798511043190956,0.9997483491897583,0.639693021774292,0.5691788792610168,-0.3062523305416107,0.9947133660316467,0.47504734992980957,0.5217850804328918,-0.00821973942220211,0.7184309363365173,0.5916731953620911,0.49653160572052,-0.6152098178863525,0.9871863126754761,0.41598907113075256,0.4654082953929901,-0.3271105885505676,0.9052948951721191,0.5831259489059448,0.4817448854446411,-0.6935722231864929,0.9768496155738831,0.39212164282798767,0.4520184397697449,-0.39697158336639404,0.9011435508728027,0.5876894593238831,0.45053404569625854,-0.70783931016922,0.9784683585166931,0.39361047744750977,0.42945340275764465,-0.43010807037353516,0.9083928465843201,0.5890292525291443,0.4560818672180176,-0.6266555786132812,0.9701891541481018,0.40313857793807983,0.4313584566116333,-0.3524737060070038,0.9005349278450012,0.5840339064598083,0.6932400465011597,-0.056482814252376556,0.9979623556137085,0.5187811851501465,0.6858864426612854,0.056422553956508636,0.9977170825004578,0.5790371298789978,0.9461910724639893,-0.09136799722909927,0.709510087966919,0.5216543078422546,0.9459171891212463,0.08031914383172989,0.42282602190971375,0.5786473155021667,1.172653317451477,0.16070778667926788,0.30318722128868103,0.5273951292037964,1.157173752784729,0.343782514333725,0.16805140674114227,0.5848385095596313,1.2033419609069824,0.17844125628471375,0.18825098872184753,0.533057689666748,1.191366195678711,0.3646605610847473,0.16838711500167847,0.5492352247238159,1.2294447422027588,0.04355001822113991,0.2734224200248718,0.5100289583206177,1.2164207696914673,0.25278425216674805,0.16794659197330475
0.5226531624794006,0.23204773664474487,-0.32559454441070557,0.99941086769104,0.5314891934394836,0.20672473311424255,-0.321377694606781,0.9991673827171326,0.5368566513061523,0.20678654313087463,-0.32179030776023865,0.9992110729217529,0.5418317317962646,0.20691309869289398,-0.3217925429344177,0.9993170499801636,0.5234779119491577,0.20581114292144775,-0.29670509696006775,0.9992734789848328,0.5217562317848206,0.20497241616249084,-0.29706671833992004,0.9994046688079834,0.5197389125823975,0.2042033076286316,-0.2973255515098572,0.99948650598526,0.5616337060928345,0.21462032198905945,-0.23159082233905792,0.9996514320373535,0.5310944318771362,0.21107080578804016,-0.11888496577739716,0.9990516901016235,0.5332315564155579,0.25315433740615845,-0.2858489155769348,0.9996570348739624,0.5221649408340454,0.25117117166519165,-0.2557263970375061,0.9995250105857849,0.6239885687828064,0.36498379707336426,-0.18961912393569946,0.9999465942382812,0.5075979828834534,0.36456727981567383,0.034452833235263824,0.9997431039810181,0.6387764811515808,0.5687248110771179,-0.36901944875717163,0.9944515824317932,0.47527995705604553,0.522140622138977,-0.042734283953905106,0.6946344971656799,0.5939602255821228,0.4913311302661896,-0.6902387738227844,0.9881597757339478,0.41820579767227173,0.4633465111255646,-0.39508694410324097,0.9092320799827576,0.5835444331169128,0.47501400113105774,-0.7729891538619995,0.9787262678146362,0.39250439405441284,0.4438924491405487,-0.47039085626602173,0.9070267081260681,0.5883010625839233,0.4420711100101471,-0.7861608862876892,0.9802052974700928,0.3966856598854065,0.4239756166934967,-0.5012752413749695,0.9140318632125854,0.5902552008628845,0.4491618573665619,-0.7015174627304077,0.9721586108207703,0.40782976150512695,0.4277626872062683,-0.42057257890701294,0.9049274325370789,0.5839322805404663,0.6963069438934326,-0.05803092569112778,0.9978289008140564,0.5186261534690857,0.6878958940505981,0.05798248201608658,0.9975389838218689,0.5788732171058655,0.9468911290168762,-0.09137964248657227,0.6871020197868347,0.5216425657272339,0.9467504620552063,0.10990041494369507,0.39740943908691406,0.5789321064949036,1.1730116605758667,0.16186341643333435,0.2825934588909149,0.5255313515663147,1.156990647315979,0.3937150537967682,0.15539781749248505,0.5854840278625488,1.2035118341445923,0.17944835126399994,0.17716297507286072,0.5315756797790527,1.1914151906967163,0.4160141348838806,0.15781228244304657,0.549189567565918,1.2301710844039917,0.037972770631313324,0.25637537240982056,0.5073416233062744,1.2143964767456055,0.3009871542453766,0.15565116703510284
0.5225778222084045,0.2320737987756729,-0.32559844851493835,0.9993895888328552,0.531386137008667,0.20681533217430115,-0.3215160071849823,0.9991331100463867,0.5367652177810669,0.2068670243024826,-0.3219274878501892,0.9991883635520935,0.5418561697006226,0.20699399709701538,-0.321929931640625,0.9992967844009399,0.5234139561653137,0.20588412880897522,-0.29692256450653076,0.9992279410362244,0.5216456055641174,0.20507380366325378,-0.29728469252586365,0.999364972114563,0.5196332931518555,0.20434299111366272,-0.2975493371486664,0.9994418025016785,0.561599850654602,0.21462371945381165,-0.23249825835227966,0.9996487498283386,0.5310624241828918,0.21134470403194427,-0.1213073879480362,0.9989148378372192,0.5330612063407898,0.25313860177993774,-0.286606103181839,0.9996631145477295,0.5221119523048401,0.25131362676620483,-0.2566366493701935,0.9995160698890686,0.623801589012146,0.36258456110954285,-0.18976226449012756,0.999945878982544,0.5074071288108826,0.36403778195381165,0.03118670918047428,0.99973064661026,0.6386539340019226,0.568411111831665,-0.3693189024925232,0.9938275814056396,0.4753333628177643,0.5223222970962524,-0.041532985866069794,0.6635635495185852,0.5999355316162109,0.47113457322120667,-0.6917281746864319,0.9888706207275391,0.41841477155685425,0.4526711702346802,-0.37981870770454407,0.9103222489356995,0.588259220123291,0.44557511806488037,-0.7720581293106079,0.9801773428916931,0.3934161067008972,0.43028944730758667,-0.45219796895980835,0.9104450941085815,0.5928052663803101,0.4148213565349579,-0.7829592227935791,0.9815236926078796,0.39805498719215393,0.4114037752151489,-0.48112693428993225,0.917347252368927,0.5951006412506104,0.424374520778656,-0.7019813656806946,0.9733631014823914,0.40925049781799316,0.4170234799385071,-0.404163658618927,0.906395673751831,0.5834153294563293,0.6972328424453735,-0.0586220808327198,0.9977158904075623,0.5182409882545471,0.6886435151100159,0.05856963247060776,0.9973827600479126,0.5788277387619019,0.9468650221824646,-0.07931237667798996,0.6612765192985535,0.5216325521469116,0.9473599195480347,0.11876535415649414,0.3725038170814514,0.5794765949249268,1.1706595420837402,0.1857324242591858,0.26285097002983093,0.5255132913589478,1.1536093950271606,0.411213219165802,0.143442302942276,0.5863219499588013,1.201828122138977,0.2047080099582672,0.1663385033607483,0.5317111611366272,1.1887335777282715,0.4348652958869934,0.14750824868679047,0.5492976307868958,1.2269713878631592,0.06713797152042389,0.23916476964950562,0.5073292255401611,1.2102279663085938,0.32598403096199036,0.14370383322238922
0.5224054455757141,0.23206298053264618,-0.29923513531684875,0.9993502497673035,0.5312637686729431,0.20688793063163757,-0.2941727638244629,0.9990647435188293,0.5366076827049255,0.20696598291397095,-0.2945658564567566,0.9991337060928345,0.5416692495346069,0.20709529519081116,-0.29456567764282227,0.9992456436157227,0.5232918858528137,0.20592227578163147,-0.2702265977859497,0.9991589784622192,0.5216120481491089,0.20511466264724731,-0.2705840766429901,0.9993066191673279,0.5195261240005493,0.20438481867313385,-0.2708550691604614,0.9993847608566284,0.5613951086997986,0.21464850008487701,-0.2064199000597,0.9996315240859985,0.5307819843292236,0.21138155460357666,-0.09604844450950623,0.9987701773643494,0.5329037308692932,0.2531359791755676,-0.26016610860824585,0.9996591806411743,0.5220155119895935,0.251311719417572,-0.23090870678424835,0.9994945526123047,0.6221350431442261,0.35811561346054077,-0.16855664551258087,0.9999433755874634,0.5070592164993286,0.36337217688560486,0.04940062016248703,0.9997202157974243,0.6379679441452026,0.5681509375572205,-0.3508472144603729,0.9931222796440125,0.47535842657089233,0.5225723385810852,-0.02514156699180603,0.6348845958709717,0.6052500009536743,0.44963887333869934,-0.6769856810569763,0.9894625544548035,0.4191259443759918,0.44454672932624817,-0.34791213274002075,0.9123008847236633,0.5922033190727234,0.4232955574989319,-0.7566955089569092,0.9814075827598572,0.3949414789676666,0.42065176367759705,-0.4163264334201813,0.9142074584960938,0.59868323802948,0.39428338408470154,-0.7667033672332764,0.9826282858848572,0.4019368588924408,0.4014319181442261,-0.45316895842552185,0.9208716750144958,0.6012222766876221,0.40516552329063416,-0.6870157122612,0.9743067026138306,0.41316524147987366,0.4089479148387909,-0.37389612197875977,0.9086039066314697,0.5823096036911011,0.697433590888977,-0.05964929610490799,0.997610330581665,0.5176793336868286,0.6891924738883972,0.059592604637145996,0.9972702860832214,0.5784618854522705,0.9468504190444946,-0.07729689031839371,0.6371628046035767,0.5211888551712036,0.9486153721809387,0.13736528158187866,0.347753643989563,0.5800149440765381,1.1686218976974487,0.18075618147850037,0.24432086944580078,0.5255492925643921,1.1512211561203003,0.4263792634010315,0.132167786359787,0.5881437063217163,1.2006585597991943,0.1992253214120865,0.15602542459964752,0.5318746566772461,1.1875276565551758,0.4500083029270172,0.1380385011434555,0.5481873750686646,1.223060131072998,0.06370995938777924,0.2228848785161972,0.5058982968330383,1.205359697341919,0.3470368981361389,0.13247790932655334
0.5218752026557922,0.2319217473268509,-0.30088362097740173,0.9993157386779785,0.5309062600135803,0.20688286423683167,-0.2964673638343811,0.9990091919898987,0.5362585783004761,0.20696745812892914,-0.2968560755252838,0.9990885257720947,0.541589617729187,0.20709560811519623,-0.29685157537460327,0.9991999864578247,0.5226595997810364,0.2059195637702942,-0.2718573212623596,0.9991036057472229,0.5207852125167847,0.2051154226064682,-0.27222710847854614,0.9992610812187195,0.5187246203422546,0.2043886035680771,-0.27250486612319946,0.9993399381637573,0.5608755350112915,0.21446338295936584,-0.21075284481048584,0.9996187686920166,0.5298766493797302,0.21141359210014343,-0.09700620174407959,0.9986692667007446,0.5325031280517578,0.25293871760368347,-0.262297660112381,0.9996562004089355,0.521446943283081,0.25124645233154297,-0.2321348935365677,0.9994768500328064,0.6206003427505493,0.3515278100967407,-0.17196306586265564,0.999941349029541,0.5069758892059326,0.3625677227973938,0.05056102201342583,0.9997132420539856,0.6372064352035522,0.5679299831390381,-0.35772427916526794,0.9926833510398865,0.47535237669944763,0.5226417779922485,-0.02082904800772667,0.6073654890060425,0.607354998588562,0.4450004994869232,-0.6881058216094971,0.9900286793708801,0.42059439420700073,0.4380883574485779,-0.3390413820743561,0.9143019318580627,0.5940185785293579,0.42049896717071533,-0.7678719758987427,0.9825599193572998,0.39818865060806274,0.4122844338417053,-0.40814170241355896,0.9179386496543884,0.6013195514678955,0.3896104693412781,-0.7777389883995056,0.9836599230766296,0.40783628821372986,0.3922366797924042,-0.43987566232681274,0.9242841005325317,0.6034899950027466,0.3993633985519409,-0.698054313659668,0.9752563834190369,0.4181472659111023,0.40097951889038086,-0.36330294609069824,0.9109246134757996,0.581540048122406,0.6984511613845825,-0.062329523265361786,0.9976115226745605,0.5171512961387634,0.690246045589447,0.06228103116154671,0.9972913265228271,0.578215479850769,0.9470634460449219,-0.07051428407430649,0.6242371797561646,0.5205196738243103,0.949498176574707,0.1422799825668335,0.33088934421539307,0.5806674361228943,1.1688755750656128,0.19443026185035706,0.23151960968971252,0.5249911546707153,1.1514407396316528,0.4163081645965576,0.12435212731361389,0.5902194380760193,1.201008915901184,0.21380198001861572,0.14964544773101807,0.5319095849990845,1.1877084970474243,0.4383605122566223,0.1326768547296524,0.5463219881057739,1.2241214513778687,0.07839278131723404,0.21174052357673645,0.5027415752410889,1.2057816982269287,0.3310648798942566,0.1246265321969986
0.5210102200508118,0.23189470171928406,-0.3032281696796417,0.9992603063583374,0.5300658941268921,0.2068948894739151,-0.2984762191772461,0.9989229440689087,0.5353630781173706,0.2069915384054184,-0.29886361956596375,0.9990182518959045,0.5409641861915588,0.20710764825344086,-0.29885655641555786,0.9991319179534912,0.5213441252708435,0.20592635869979858,-0.27373871207237244,0.9990175366401672,0.5194326639175415,0.2051282823085785,-0.2741180658340454,0.9991904497146606,0.5175440311431885,0.2044091373682022,-0.2743934392929077,0.9992725849151611,0.5598915815353394,0.21398520469665527,-0.2141604721546173,0.999599277973175,0.5287044048309326,0.21140986680984497,-0.09949759393930435,0.9985331892967224,0.5317641496658325,0.2526775002479553,-0.26546651124954224,0.9996470808982849,0.5206236839294434,0.2512417733669281,-0.23499658703804016,0.9994484186172485,0.6189433336257935,0.34824925661087036,-0.17388096451759338,0.9999394416809082,0.5063127279281616,0.36158549785614014,0.045673444867134094,0.9997044801712036,0.6360968351364136,0.5680955052375793,-0.36865395307540894,0.9923456311225891,0.4753265976905823,0.5234239101409912,-0.01805443875491619,0.584499180316925,0.6114116311073303,0.4392753541469574,-0.6949895024299622,0.9905431270599365,0.4229709208011627,0.43607643246650696,-0.3383970558643341,0.9165133833885193,0.5968944430351257,0.4141043722629547,-0.7740298509597778,0.9835867285728455,0.40245676040649414,0.4114733040332794,-0.4076969623565674,0.9214547276496887,0.6057547330856323,0.3839721381664276,-0.7837830781936646,0.9845744967460632,0.4118775427341461,0.38970130681991577,-0.43584299087524414,0.927517294883728,0.6075865030288696,0.3937932848930359,-0.7047760486602783,0.9760684967041016,0.4219342768192291,0.39806798100471497,-0.36156874895095825,0.9131622314453125,0.580614447593689,0.6999329328536987,-0.06350213289260864,0.9975852966308594,0.5168319344520569,0.6911171674728394,0.06346304714679718,0.9972809553146362,0.5780748724937439,0.9471122026443481,-0.04514449089765549,0.6140269637107849,0.5201517939567566,0.9496877193450928,0.16524776816368103,0.3157086968421936,0.5818053483963013,1.169142484664917,0.22879865765571594,0.22081364691257477,0.5250101685523987,1.1498563289642334,0.44928330183029175,0.1169862374663353,0.5922113656997681,1.20131254196167,0.2491966038942337,0.1444256752729416,0.5319377779960632,1.1867724657058716,0.4724714756011963,0.12747830152511597,0.5462275147438049,1.2242910861968994,0.11675969511270523,0.2023317664861679,0.5027031302452087,1.2035773992538452,0.3684883415699005,0.11737284809350967
0.5200007557868958,0.23166459798812866,-0.29874902963638306,0.9992136359214783,0.5289831161499023,0.20684121549129486,-0.29475584626197815,0.9988449811935425,0.5341979265213013,0.20695170760154724,-0.295145183801651,0.9989556074142456,0.5399717092514038,0.20705187320709229,-0.2951411306858063,0.9990710616111755,0.5199185609817505,0.20587274432182312,-0.2702271342277527,0.9989389777183533,0.5180585980415344,0.20509304106235504,-0.2705990672111511,0.9991281628608704,0.5163253545761108,0.2043837010860443,-0.2708801329135895,0.9992109537124634,0.5588569045066833,0.213523268699646,-0.2111564576625824,0.9995818734169006,0.5269312262535095,0.21137423813343048,-0.09778980910778046,0.9984108805656433,0.5308460593223572,0.2523532509803772,-0.26089727878570557,0.9996373057365417,0.5196806192398071,0.25118428468704224,-0.2308305948972702,0.9994190335273743,0.6174409985542297,0.3451462984085083,-0.17064443230628967,0.9999372363090515,0.5055491328239441,0.3615953326225281,0.04481300339102745,0.999692440032959,0.6355726718902588,0.5683865547180176,-0.35795289278030396,0.9918323159217834,0.47524863481521606,0.5241686105728149,-0.020404208451509476,0.561720609664917,0.6126106977462769,0.4408562481403351,-0.6841012835502625,0.9909642338752747,0.42530664801597595,0.4333503246307373,-0.35017627477645874,0.9179815649986267,0.5982536673545837,0.4140930473804474,-0.7634187936782837,0.9844938516616821,0.4054255485534668,0.4074048697948456,-0.42179784178733826,0.9244210720062256,0.6069754362106323,0.38487085700035095,-0.773659884929657,0.985389769077301,0.4148358404636383,0.38604116439819336,-0.4458085894584656,0.9302486777305603,0.6089297533035278,0.39550095796585083,-0.6942587494850159,0.9768006205558777,0.4250175356864929,0.3934364318847656,-0.37227001786231995,0.914987325668335,0.580013632774353,0.7011581659317017,-0.0631946474313736,0.9975558519363403,0.5164840221405029,0.6919440627098083,0.06315626204013824,0.9972530007362366,0.5779844522476196,0.9473649859428406,-0.04985656589269638,0.5997280478477478,0.5198806524276733,0.9497670531272888,0.15714718401432037,0.29948288202285767,0.5828227996826172,1.1693915128707886,0.22038467228412628,0.20946554839611053,0.5248462557792664,1.1494637727737427,0.4432853162288666,0.10961280018091202,0.5933139324188232,1.2015351057052612,0.24037738144397736,0.13826963305473328,0.5319368243217468,1.1863633394241333,0.46676260232925415,0.12150157243013382,0.5463711023330688,1.2248591184616089,0.10532037168741226,0.19248445332050323,0.5028089284896851,1.2037123441696167,0.3610532879829407,0.11001963913440704
0.5195621252059937,0.23131391406059265,-0.29305151104927063,0.9991966485977173,0.5284005403518677,0.20675218105316162,-0.28813403844833374,0.9988113641738892,0.5335637927055359,0.20687228441238403,-0.2885200083255768,0.9989292025566101,0.5394288301467896,0.2069351226091385,-0.2885126769542694,0.9990442395210266,0.5191410183906555,0.20579402148723602,-0.26433902978897095,0.9989051818847656,0.517278254032135,0.2050388902425766,-0.2647057771682739,0.9991002678871155,0.515618085861206,0.20434656739234924,-0.26498478651046753,0.9991824626922607,0.5582236051559448,0.21299368143081665,-0.20110642910003662,0.9995731115341187,0.5255757570266724,0.21133436262607574,-0.09126125276088715,0.9983420372009277,0.5304458737373352,0.25191083550453186,-0.254029780626297,0.9996325373649597,0.5192153453826904,0.25105413794517517,-0.22492726147174835,0.9994010925292969,0.6170644164085388,0.3433294892311096,-0.15946514904499054,0.999934732913971,0.5045478343963623,0.3618472218513489,0.048743732273578644,0.9996801614761353,0.6352376341819763,0.5686690807342529,-0.35369834303855896,0.9911655783653259,0.4752346873283386,0.5259567499160767,-0.01880447007715702,0.540993869304657,0.6127701997756958,0.4400741159915924,-0.6729046702384949,0.9912950992584229,0.42584386467933655,0.43028196692466736,-0.3451714813709259,0.9192185997962952,0.5987991094589233,0.4131060242652893,-0.7517025470733643,0.9852414727210999,0.4058969020843506,0.403351366519928,-0.41603022813796997,0.9269488453865051,0.6073909401893616,0.38382041454315186,-0.7619537115097046,0.9860578775405884,0.4145396649837494,0.3835960328578949,-0.4408482015132904,0.9325884580612183,0.6091662645339966,0.39435794949531555,-0.683089017868042,0.9773271679878235,0.4248606562614441,0.3911604583263397,-0.36739423871040344,0.9164502024650574,0.5796226263046265,0.7015587687492371,-0.06262361258268356,0.9974946975708008,0.5159620046615601,0.6925342679023743,0.062584787607193,0.997187077999115,0.5778512954711914,0.9473904967308044,-0.055827803909778595,0.5831243991851807,0.5194154977798462,0.949614942073822,0.15213920176029205,0.2824348509311676,0.5840749144554138,1.1691275835037231,0.20847849547863007,0.19763246178627014,0.5248478651046753,1.1469955444335938,0.44082552194595337,0.10209376364946365,0.5945698022842407,1.2013599872589111,0.22791628539562225,0.13179412484169006,0.5319801568984985,1.1838018894195557,0.4647575318813324,0.11502837389707565,0.5470601320266724,1.2243326902389526,0.09351001679897308,0.18222562968730927,0.50287926197052,1.2006014585494995,0.36185410618782043,0.10258472710847855
0.519159734249115,0.2312336564064026,-0.29900699853897095,0.9991605281829834,0.5279866456985474,0.20675085484981537,-0.2927393615245819,0.9987539649009705,0.5330811738967896,0.20686952769756317,-0.29313284158706665,0.9988787174224854,0.538956880569458,0.20691654086112976,-0.2931358814239502,0.9990023970603943,0.518761396408081,0.20579446852207184,-0.2702658176422119,0.9988470673561096,0.5169194936752319,0.20505118370056152,-0.27062541246414185,0.9990461468696594,0.5152837038040161,0.2043795883655548,-0.270910382270813,0.9991340637207031,0.5577045679092407,0.21277999877929688,-0.205942302942276,0.9995540976524353,0.5250575542449951,0.21142442524433136,-0.09368399530649185,0.9982057213783264,0.5300256013870239,0.2517368495464325,-0.2566259503364563,0.9996232390403748,0.5187519788742065,0.25097620487213135,-0.2295682728290558,0.9993735551834106,0.6164805293083191,0.3436862826347351,-0.16525299847126007,0.9999325275421143,0.5043495893478394,0.36186811327934265,0.047473859041929245,0.9996668100357056,0.6343613862991333,0.5707670450210571,-0.3517390787601471,0.9906012415885925,0.4757818281650543,0.527134120464325,-0.021657023578882217,0.5247291326522827,0.6142451763153076,0.4453650116920471,-0.6784783601760864,0.991580605506897,0.4265907406806946,0.4347308576107025,-0.3522700071334839,0.9199209809303284,0.6004887223243713,0.416079580783844,-0.758095383644104,0.9858485460281372,0.4070219099521637,0.40796688199043274,-0.4241519570350647,0.9285573363304138,0.6095823645591736,0.38627251982688904,-0.7698136568069458,0.9865925312042236,0.4142386019229889,0.3877110481262207,-0.4494069218635559,0.9340972304344177,0.6111117005348206,0.39770469069480896,-0.6893707513809204,0.9776384234428406,0.4243044853210449,0.39513176679611206,-0.374881386756897,0.9167321920394897,0.5794424414634705,0.7025125622749329,-0.0625617578625679,0.9974368810653687,0.5158623456954956,0.6930583715438843,0.06252369284629822,0.9971325397491455,0.5778270363807678,0.9480152726173401,-0.05358608439564705,0.5680500864982605,0.5192306041717529,0.9495978355407715,0.15481342375278473,0.26706597208976746,0.5839698314666748,1.1691707372665405,0.21660208702087402,0.18667851388454437,0.5247986912727356,1.1469645500183105,0.4515414237976074,0.09529033303260803,0.5942570567131042,1.2014269828796387,0.2365436553955078,0.12559892237186432,0.5320224761962891,1.1838749647140503,0.4760676324367523,0.10902216285467148,0.5470558404922485,1.2244915962219238,0.10108623653650284,0.1723761260509491,0.5027997493743896,1.2004806995391846,0.3717197775840759,0.0957854837179184
0.5189244747161865,0.2311130315065384,-0.3076794445514679,0.9990944266319275,0.5277458429336548,0.20674358308315277,-0.3026430904865265,0.9986579418182373,0.5328056216239929,0.20686084032058716,-0.30304282903671265,0.9987942576408386,0.5387154221534729,0.20689275860786438,-0.3030475378036499,0.9989327192306519,0.5185986757278442,0.20578765869140625,-0.2797839343547821,0.9987489581108093,0.5167863368988037,0.20505042374134064,-0.28015387058258057,0.9989577531814575,0.5151885747909546,0.20438078045845032,-0.28044575452804565,0.999057948589325,0.5574694871902466,0.21253585815429688,-0.2152036726474762,0.9995213747024536,0.5251032114028931,0.21142491698265076,-0.10597620159387589,0.9980024099349976,0.529780387878418,0.25150108337402344,-0.2665809988975525,0.9996025562286377,0.5185617804527283,0.25086161494255066,-0.23897619545459747,0.9993250966072083,0.6163614988327026,0.34445062279701233,-0.16969047486782074,0.9999296069145203,0.5043528079986572,0.3618779182434082,0.037674278020858765,0.9996490478515625,0.6338823437690735,0.5721430778503418,-0.3546251654624939,0.9899836182594299,0.47681570053100586,0.5282802581787109,-0.0215994194149971,0.5065625309944153,0.6145490407943726,0.44831618666648865,-0.680298388004303,0.9917476773262024,0.4289044439792633,0.43884408473968506,-0.34803634881973267,0.9183858633041382,0.6009962558746338,0.4181046485900879,-0.7589495778083801,0.9862520098686218,0.40886440873146057,0.4121183156967163,-0.41937732696533203,0.9281957745552063,0.6103419661521912,0.3878787159919739,-0.7709847092628479,0.9869257211685181,0.416329562664032,0.39050373435020447,-0.4468092918395996,0.9337787628173828,0.6116832494735718,0.3992989957332611,-0.6911885738372803,0.9775885939598083,0.42621201276779175,0.39925041794776917,-0.37124109268188477,0.9145843386650085,0.5793995261192322,0.7035404443740845,-0.06253507733345032,0.9973871111869812,0.515803337097168,0.693483293056488,0.06249760836362839,0.9970788955688477,0.5777537822723389,0.9482131004333496,-0.05325164273381233,0.5543037056922913,0.5191036462783813,0.9495855569839478,0.15766429901123047,0.2527438700199127,0.5838410258293152,1.1692973375320435,0.21461322903633118,0.17665497958660126,0.5246356725692749,1.1462432146072388,0.45297688245773315,0.08896242082118988,0.5941826105117798,1.2015469074249268,0.23429441452026367,0.12018032371997833,0.531957745552063,1.1833521127700806,0.47735539078712463,0.10352351516485214,0.5464507937431335,1.2242472171783447,0.09967482835054398,0.1632886379957199,0.5022355318069458,1.199142336845398,0.37465009093284607,0.08951779454946518
0.5187386870384216,0.23110787570476532,-0.30653107166290283,0.9990338087081909,0.5276590585708618,0.20677585899829865,-0.3019266724586487,0.998571515083313,0.5327082276344299,0.20687204599380493,-0.30232635140419006,0.9987212419509888,0.538573145866394,0.20689080655574799,-0.30233049392700195,0.9988732933998108,0.5185930132865906,0.20587009191513062,-0.27869683504104614,0.9986594319343567,0.5167886018753052,0.20512798428535461,-0.27907031774520874,0.9988788962364197,0.5151921510696411,0.20444557070732117,-0.27936288714408875,0.9989903569221497,0.55744469165802,0.21253235638141632,-0.2156340628862381,0.9994924664497375,0.5254052877426147,0.21149314939975739,-0.10568545758724213,0.9978262782096863,0.5295334458351135,0.2514965832233429,-0.26649072766304016,0.9995872974395752,0.5183890461921692,0.2508556544780731,-0.23822848498821259,0.9992892742156982,0.6164542436599731,0.3449762463569641,-0.17090484499931335,0.9999270439147949,0.504586398601532,0.3619786500930786,0.03767421096563339,0.9996357560157776,0.6340095400810242,0.572439432144165,-0.3520326614379883,0.9893558621406555,0.4779018461704254,0.5292657017707825,-0.014699332416057587,0.4936244487762451,0.6162502765655518,0.45368334650993347,-0.6786273121833801,0.9919520616531372,0.4297162592411041,0.4412998557090759,-0.3320308029651642,0.9183057546615601,0.6019051671028137,0.42458102107048035,-0.7577847242355347,0.9867208003997803,0.4095347821712494,0.41496044397354126,-0.40141430497169495,0.9288274049758911,0.6120334267616272,0.3930274546146393,-0.7706242799758911,0.9873412251472473,0.4168947637081146,0.3934301733970642,-0.4289628565311432,0.9344536662101746,0.6136561036109924,0.40475818514823914,-0.6899497509002686,0.9777927994728088,0.42658644914627075,0.40234002470970154,-0.35507115721702576,0.9140366911888123,0.5794104933738708,0.7039651870727539,-0.06249171495437622,0.997296154499054,0.5157254338264465,0.6935117244720459,0.06245318800210953,0.9969799518585205,0.5776087045669556,0.9483156800270081,-0.055088408291339874,0.5400443077087402,0.5191001296043396,0.9495737552642822,0.15355408191680908,0.2400423288345337,0.5837511420249939,1.1693658828735352,0.21024653315544128,0.16678445041179657,0.5245441794395447,1.146155834197998,0.4454725384712219,0.08289812505245209,0.5940862894058228,1.2015944719314575,0.22951722145080566,0.11455748975276947,0.5319457054138184,1.183266520500183,0.46973395347595215,0.0980222225189209,0.5462332963943481,1.2237721681594849,0.09381727129220963,0.15447589755058289,0.5020276308059692,1.1988741159439087,0.3680156469345093,0.08357280492782593
0.5187498331069946,0.23125474154949188,-0.30654603242874146,0.999047040939331,0.5276578664779663,0.20686054229736328,-0.30192840099334717,0.9985931515693665,0.5327082872390747,0.20691926777362823,-0.3023282587528229,0.9987456798553467,0.5385556817054749,0.2069011628627777,-0.30233150720596313,0.9988939762115479,0.5187186598777771,0.20605598390102386,-0.2786395847797394,0.9986756443977356,0.5169056057929993,0.20531126856803894,-0.27901196479797363,0.9988932013511658,0.5152947902679443,0.20462581515312195,-0.27930301427841187,0.9989984035491943,0.5575226545333862,0.21260465681552887,-0.2155040055513382,0.9995010495185852,0.5259222984313965,0.21168723702430725,-0.10544349253177643,0.9978249669075012,0.5295276045799255,0.25155889987945557,-0.26671040058135986,0.9995956420898438,0.5184422731399536,0.2509702146053314,-0.2382678985595703,0.9992979764938354,0.6173310875892639,0.3480801582336426,-0.1700374335050583,0.9999260306358337,0.5047005414962769,0.36211949586868286,0.037137098610401154,0.9996275901794434,0.6342122554779053,0.5725189447402954,-0.34974250197410583,0.9888951778411865,0.47822079062461853,0.5303967595100403,-0.020905649289488792,0.48311376571655273,0.6169077157974243,0.45420974493026733,-0.6738888621330261,0.9922657608985901,0.42957472801208496,0.4430217742919922,-0.3505179286003113,0.9190167784690857,0.6026659607887268,0.42963001132011414,-0.7532044649124146,0.9873766303062439,0.40935754776000977,0.4179798662662506,-0.4224243760108948,0.9303399920463562,0.6121252179145813,0.3981460630893707,-0.7667608857154846,0.9879634976387024,0.4167531430721283,0.3968082070350647,-0.4499635696411133,0.9360134601593018,0.6140769720077515,0.40923115611076355,-0.6854645013809204,0.9785171151161194,0.4265262186527252,0.40506595373153687,-0.374018132686615,0.9149976372718811,0.5794273018836975,0.7039622664451599,-0.061887096613645554,0.9970771670341492,0.5156871676445007,0.6935209631919861,0.06184089183807373,0.9967018961906433,0.5775841474533081,0.948309063911438,-0.0648881047964096,0.5277003645896912,0.5192481279373169,0.949626088142395,0.15103061497211456,0.2279181033372879,0.5837318301200867,1.1694064140319824,0.18469677865505219,0.1584448665380478,0.5245619416236877,1.1461831331253052,0.44194912910461426,0.07738088071346283,0.593766987323761,1.201930046081543,0.20201091468334198,0.10973930358886719,0.5319563746452332,1.1833469867706299,0.4662737250328064,0.09299683570861816,0.5462325811386108,1.2230955362319946,0.06038365513086319,0.14753499627113342,0.5020464658737183,1.198584794998169,0.36319997906684875,0.07826269418001175
0.5193769335746765,0.23124971985816956,-0.30723127722740173,0.9990946054458618,0.528135359287262,0.2068576216697693,-0.3028450310230255,0.9986656904220581,0.5332676768302917,0.20690050721168518,-0.3032497763633728,0.9988122582435608,0.5390027761459351,0.20685714483261108,-0.3032568097114563,0.9989535212516785,0.5195683240890503,0.20606629550457,-0.2790371775627136,0.9987401366233826,0.5176737308502197,0.2053234726190567,-0.27940502762794495,0.9989462494850159,0.5158913135528564,0.20463812351226807,-0.2796880602836609,0.9990432262420654,0.5580311417579651,0.2127263844013214,-0.219461128115654,0.9995273947715759,0.5270964503288269,0.2117396891117096,-0.10653730481863022,0.9979011416435242,0.5297995209693909,0.2515890896320343,-0.2689591348171234,0.9996179342269897,0.5190345048904419,0.25096559524536133,-0.239506796002388,0.99933260679245,0.6180523037910461,0.35204440355300903,-0.17888286709785461,0.9999279379844666,0.5048149824142456,0.3634316027164459,0.03627445176243782,0.999630868434906,0.6348012685775757,0.5717126727104187,-0.35156628489494324,0.9890832304954529,0.47839802503585815,0.5312387943267822,-0.022216273471713066,0.48158401250839233,0.6164678931236267,0.4587966799736023,-0.6740282773971558,0.9927186965942383,0.42903146147727966,0.4456915259361267,-0.35821622610092163,0.9214862585067749,0.6032480001449585,0.4300289452075958,-0.7538434267044067,0.9881657958030701,0.4085465371608734,0.4197797179222107,-0.43057265877723694,0.9329283237457275,0.6113044023513794,0.39997291564941406,-0.7679040431976318,0.9887117147445679,0.4146636426448822,0.40013474225997925,-0.46020570397377014,0.9385284185409546,0.6131037473678589,0.41278237104415894,-0.6857361793518066,0.9795941710472107,0.42437833547592163,0.4076804220676422,-0.38285303115844727,0.9175204634666443,0.5794318318367004,0.7042033076286316,-0.062155067920684814,0.9970023036003113,0.5157601237297058,0.6939145922660828,0.06210891529917717,0.9965834021568298,0.577555775642395,0.9482885003089905,-0.07318209111690521,0.5212622284889221,0.5194719433784485,0.9494817852973938,0.1392248123884201,0.22038483619689941,0.5839455127716064,1.1700321435928345,0.17622040212154388,0.1513003259897232,0.5246860384941101,1.1465535163879395,0.4290768504142761,0.07295998185873032,0.5935773849487305,1.202588438987732,0.1935754120349884,0.10549040883779526,0.5320215225219727,1.1837856769561768,0.4528639316558838,0.08919090032577515,0.5475401282310486,1.2231508493423462,0.05433282256126404,0.14132335782051086,0.5024651288986206,1.1990777254104614,0.3497266471385956,0.07394589483737946
0.5205196738243103,0.23116281628608704,-0.32930228114128113,0.999129056930542,0.5289769172668457,0.20676477253437042,-0.32524213194847107,0.9987211227416992,0.534188449382782,0.20681577920913696,-0.3256587088108063,0.9988627433776855,0.5397530794143677,0.20679929852485657,-0.32566356658935547,0.999000072479248,0.5209466814994812,0.20589827001094818,-0.30024218559265137,0.9987872838973999,0.5190509557723999,0.2051618993282318,-0.300605833530426,0.9989833235740662,0.5170801877975464,0.20446695387363434,-0.3008774220943451,0.9990738034248352,0.5586457252502441,0.2129550278186798,-0.24281272292137146,0.9995478391647339,0.5283282995223999,0.2117382436990738,-0.12680724263191223,0.9979404211044312,0.5306269526481628,0.2516741454601288,-0.29236525297164917,0.9996368885040283,0.520124077796936,0.25096142292022705,-0.2615693211555481,0.9993603825569153,0.6209055185317993,0.35644373297691345,-0.20299497246742249,0.9999299049377441,0.5051231980323792,0.3651849925518036,0.01989324763417244,0.9996333718299866,0.6356898546218872,0.571658730506897,-0.37457528710365295,0.9892523884773254,0.4784134030342102,0.5319198369979858,-0.041702594608068466,0.4796016216278076,0.6120404005050659,0.4659065306186676,-0.6962036490440369,0.9931164383888245,0.42793434858322144,0.45162615180015564,-0.38539329171180725,0.9233890175819397,0.6013277173042297,0.43760353326797485,-0.7775185704231262,0.9888584613800049,0.40501847863197327,0.4298313558101654,-0.4590849280357361,0.9349753856658936,0.6069127917289734,0.4075397551059723,-0.7905255556106567,0.9893639087677002,0.41011691093444824,0.41179636120796204,-0.48996272683143616,0.940536379814148,0.6077077388763428,0.4199410676956177,-0.7073891162872314,0.9804748892784119,0.42072024941444397,0.4153563976287842,-0.4108038544654846,0.9192870259284973,0.5795031189918518,0.7041146159172058,-0.06216093897819519,0.9969631433486938,0.5159603357315063,0.6939166784286499,0.062114596366882324,0.9965125322341919,0.5775336623191833,0.9481973648071289,-0.07241589576005936,0.5151197910308838,0.5195200443267822,0.9482578039169312,0.12966963648796082,0.21520639955997467,0.5836809277534485,1.1689032316207886,0.1884009838104248,0.14544422924518585,0.5246450304985046,1.1458740234375,0.42842286825180054,0.0695309042930603,0.5923519134521484,1.2009660005569458,0.20737342536449432,0.1020100861787796,0.531880259513855,1.1827404499053955,0.4526493549346924,0.08614305406808853,0.5479381680488586,1.2217776775360107,0.06981568038463593,0.13626599311828613,0.5025323033332825,1.1991677284240723,0.34915754199028015,0.0705588236451149
0.5214716196060181,0.23110611736774445,-0.32584506273269653,0.9991713166236877,0.5297901034355164,0.20673276484012604,-0.32115423679351807,0.9987877011299133,0.5351220369338989,0.20677736401557922,-0.3215673565864563,0.9989218711853027,0.5406274795532227,0.20676900446414948,-0.3215715289115906,0.9990553259849548,0.5219150185585022,0.20586545765399933,-0.2963244616985321,0.9988439679145813,0.5200257301330566,0.20514433085918427,-0.29669225215911865,0.9990275502204895,0.5179674029350281,0.2044520527124405,-0.2969631552696228,0.999111533164978,0.5594295859336853,0.21334852278232574,-0.23741373419761658,0.9995719194412231,0.5290417075157166,0.21181541681289673,-0.12255533784627914,0.9979870319366455,0.5314423441886902,0.25181591510772705,-0.28802958130836487,0.9996570944786072,0.5209997296333313,0.25095847249031067,-0.2574906647205353,0.9993898272514343,0.6221643686294556,0.3588634133338928,-0.19738253951072693,0.9999322891235352,0.5052210092544556,0.3676724433898926,0.022142816334962845,0.9996334314346313,0.6362158060073853,0.571721613407135,-0.3674505650997162,0.9895831942558289,0.4786298871040344,0.5329203605651855,-0.036096327006816864,0.47927606105804443,0.6084181070327759,0.4801581799983978,-0.6949734091758728,0.993525505065918,0.4279044270515442,0.46758970618247986,-0.37410497665405273,0.9228854179382324,0.5957201719284058,0.46104127168655396,-0.7703120112419128,0.989534854888916,0.4049369692802429,0.45136702060699463,-0.4473896622657776,0.9350305199623108,0.6015270948410034,0.4271828532218933,-0.7824016213417053,0.9900063276290894,0.40838971734046936,0.42914342880249023,-0.4787598252296448,0.940790593624115,0.6030674576759338,0.435714453458786,-0.70676189661026,0.9814253449440002,0.41908472776412964,0.43156054615974426,-0.3994423747062683,0.9187439680099487,0.5798783898353577,0.704132616519928,-0.06164024397730827,0.9969837069511414,0.5160622596740723,0.6939319372177124,0.0615893229842186,0.9964942336082458,0.5776614546775818,0.9487342834472656,-0.07401886582374573,0.5137961506843567,0.519683837890625,0.9484319090843201,0.12697573006153107,0.2132565826177597,0.5834412574768066,1.1692705154418945,0.18835917115211487,0.1402190923690796,0.5234749913215637,1.1473604440689087,0.418269544839859,0.06700683385133743,0.591031551361084,1.2010003328323364,0.207279771566391,0.09877181798219681,0.5301281213760376,1.183914065361023,0.441619336605072,0.08346734195947647,0.5493513345718384,1.2235416173934937,0.06863933801651001,0.13166022300720215,0.5025135278701782,1.2029087543487549,0.3311900794506073,0.06782753765583038
0.5217699408531189,0.23113110661506653,-0.31808313727378845,0.9992243647575378,0.5300756692886353,0.20674775540828705,-0.3111262023448944,0.9988677501678467,0.5354375243186951,0.20677854120731354,-0.3115347623825073,0.9989926815032959,0.5408706665039062,0.2067657858133316,-0.3115334212779999,0.9991195201873779,0.5222991704940796,0.20592989027500153,-0.2865365743637085,0.9989162087440491,0.5204676985740662,0.20524008572101593,-0.28690457344055176,0.9990860223770142,0.5184547305107117,0.20455728471279144,-0.28715723752975464,0.9991629123687744,0.5597401857376099,0.21373222768306732,-0.2201792299747467,0.999599814414978,0.5297266244888306,0.21224579215049744,-0.10634257644414902,0.9980762600898743,0.531691312789917,0.25218692421913147,-0.278111070394516,0.9996792078018188,0.5214723944664001,0.25101879239082336,-0.2478429526090622,0.9994246959686279,0.6225565671920776,0.3619135916233063,-0.17499414086341858,0.9999343752861023,0.5056060552597046,0.3689686357975006,0.035814069211483,0.9996337890625,0.6368216872215271,0.5716971158981323,-0.3312991261482239,0.9898949861526489,0.4786756634712219,0.5332805514335632,-0.026328811421990395,0.48144909739494324,0.6064943671226501,0.49023398756980896,-0.6516651511192322,0.9939107298851013,0.4276304244995117,0.475932776927948,-0.3678438067436218,0.9227399230003357,0.5945035219192505,0.47457635402679443,-0.7325270771980286,0.9901707172393799,0.40415340662002563,0.4642048180103302,-0.43991318345069885,0.9353036284446716,0.5948543548583984,0.44342634081840515,-0.7466448545455933,0.9906209111213684,0.4073704779148102,0.43897491693496704,-0.4704926908016205,0.9413250088691711,0.5962512493133545,0.44991248846054077,-0.6635519862174988,0.9823824763298035,0.41781848669052124,0.4409923851490021,-0.39240556955337524,0.9187331199645996,0.5801831483840942,0.7038407921791077,-0.06067577004432678,0.996878445148468,0.5162779092788696,0.693812370300293,0.0606122724711895,0.9963016510009766,0.577820360660553,0.9489246010780334,-0.08556196093559265,0.5073564648628235,0.5200319886207581,0.949043333530426,0.11999998241662979,0.207049161195755,0.5834280252456665,1.172042965888977,0.15851233899593353,0.13379377126693726,0.5235992670059204,1.1506613492965698,0.4047761857509613,0.0634278655052185,0.590948224067688,1.203920841217041,0.1750083714723587,0.09475035220384598,0.5301944017410278,1.1870579719543457,0.42751193046569824,0.07949439436197281,0.5513463020324707,1.227434754371643,0.03147301822900772,0.12643857300281525,0.5037440061569214,1.2070181369781494,0.31650274991989136,0.06434699892997742
0.5218995809555054,0.23105666041374207,-0.317452609539032,0.9992873668670654,0.5302406549453735,0.20668292045593262,-0.3108225464820862,0.998961329460144,0.5356391668319702,0.20667241513729095,-0.31122642755508423,0.9990753531455994,0.5410456657409668,0.20662368834018707,-0.3112272322177887,0.9991928935050964,0.5224670171737671,0.2059268355369568,-0.2864050567150116,0.9990041255950928,0.5206231474876404,0.2052432745695114,-0.2867722511291504,0.999159038066864,0.5186106562614441,0.20456716418266296,-0.28702986240386963,0.9992285966873169,0.5599284172058105,0.2138039916753769,-0.21727485954761505,0.9996326565742493,0.5298992395401001,0.2123584747314453,-0.10605715215206146,0.9982149004936218,0.5318058729171753,0.25227832794189453,-0.27797582745552063,0.9997053742408752,0.5216960310935974,0.2509867548942566,-0.24759161472320557,0.999469518661499,0.6226325035095215,0.36516377329826355,-0.16924045979976654,0.9999376535415649,0.505686342716217,0.36945945024490356,0.0348316915333271,0.9996442198753357,0.6375497579574585,0.5727736353874207,-0.315986305475235,0.9904329180717468,0.47861868143081665,0.5334286689758301,-0.03875098377466202,0.5011561512947083,0.6040247082710266,0.5073223114013672,-0.6298561096191406,0.994381844997406,0.42761239409446716,0.483997642993927,-0.39835125207901,0.9269734621047974,0.5929297208786011,0.4976874589920044,-0.7111998796463013,0.9909518957138062,0.4038132131099701,0.47768330574035645,-0.47634634375572205,0.9391061663627625,0.591776430606842,0.46562978625297546,-0.7283580303192139,0.9913749694824219,0.4070137143135071,0.44991782307624817,-0.5077612996101379,0.9449130296707153,0.5932315587997437,0.47072672843933105,-0.6427582502365112,0.9837267994880676,0.4173559248447418,0.4502505958080292,-0.4240964353084564,0.9233031868934631,0.580602765083313,0.7025465965270996,-0.058629631996154785,0.9968204498291016,0.5165610313415527,0.6934736967086792,0.05856364220380783,0.9961859583854675,0.57792067527771,0.9490163922309875,-0.09567511081695557,0.5041462182998657,0.520681619644165,0.9495103359222412,0.10160987079143524,0.2038189172744751,0.5829713344573975,1.177061676979065,0.1292114555835724,0.12927664816379547,0.5233715772628784,1.156564474105835,0.36786410212516785,0.06101099029183388,0.5898236036300659,1.2090373039245605,0.14342841506004333,0.09177419543266296,0.529626727104187,1.1929696798324585,0.3885384500026703,0.07679662108421326,0.5515283346176147,1.2336570024490356,-0.0036164186894893646,0.12311960011720657,0.5040384531021118,1.2137701511383057,0.27403539419174194,0.06201985478401184
0.5218670964241028,0.23122425377368927,-0.306706964969635,0.9993455410003662,0.5302273035049438,0.2067030817270279,-0.2993823289871216,0.999048113822937,0.5356191396713257,0.20667266845703125,-0.2997562885284424,0.9991520643234253,0.5410236716270447,0.20661896467208862,-0.2997564673423767,0.9992607235908508,0.5224488973617554,0.20613940060138702,-0.27488529682159424,0.9990857839584351,0.5206133127212524,0.2055228054523468,-0.2752658724784851,0.9992270469665527,0.5186253786087036,0.20486953854560852,-0.2755107581615448,0.9992901086807251,0.5600070953369141,0.21387049555778503,-0.2057628184556961,0.9996632933616638,0.530119776725769,0.21254831552505493,-0.09286589920520782,0.9983471035957336,0.5317953824996948,0.25252723693847656,-0.26631855964660645,0.9997296333312988,0.5217020511627197,0.25139644742012024,-0.2360205352306366,0.9995113015174866,0.622779905796051,0.3677586317062378,-0.1583871990442276,0.9999409914016724,0.5060571432113647,0.36970773339271545,0.047212205827236176,0.9996581673622131,0.6380469799041748,0.5737170577049255,-0.30367839336395264,0.9910939335823059,0.4792235791683197,0.5345394611358643,-0.019749928265810013,0.5274129509925842,0.6041940450668335,0.5082088708877563,-0.6185521483421326,0.9948697686195374,0.4289485514163971,0.49438023567199707,-0.3938361406326294,0.9323136210441589,0.5929750204086304,0.5015236139297485,-0.7007829546928406,0.9917495846748352,0.40384045243263245,0.4888157248497009,-0.4630274176597595,0.9437574148178101,0.5921873450279236,0.4679294228553772,-0.7174419164657593,0.9921403527259827,0.4070740342140198,0.46075016260147095,-0.4904324412345886,0.949195146560669,0.5932730436325073,0.4728352725505829,-0.6311572790145874,0.9851359128952026,0.41738396883010864,0.4604984223842621,-0.415093332529068,0.9290589690208435,0.5810702443122864,0.7012745141983032,-0.05871056392788887,0.9967331290245056,0.5170595049858093,0.6931735277175903,0.05864698439836502,0.9960419535636902,0.5783889889717102,0.9495483636856079,-0.10244788229465485,0.5037626028060913,0.5212618112564087,0.9502421617507935,0.10326729714870453,0.20257368683815002,0.5826365351676941,1.1811221837997437,0.11582839488983154,0.12606874108314514,0.5229827165603638,1.1604052782058716,0.3678705096244812,0.05928250774741173,0.5888679027557373,1.213707685470581,0.12936565279960632,0.09002373367547989,0.5291438698768616,1.1975752115249634,0.38842710852622986,0.07538078725337982,0.5518089532852173,1.2385977506637573,-0.016878658905625343,0.12034126371145248,0.5038270354270935,1.2173919677734375,0.27646785974502563,0.06016818806529045
0.5219044089317322,0.23174497485160828,-0.3094179034233093,0.999398410320282,0.5302438735961914,0.20682483911514282,-0.2997402548789978,0.9991276264190674,0.5356503129005432,0.20670051872730255,-0.30009302496910095,0.999222457408905,0.5410392880439758,0.20661455392837524,-0.3000846803188324,0.999322772026062,0.5224766135215759,0.20685026049613953,-0.2756442427635193,0.9991610050201416,0.5206497311592102,0.20643329620361328,-0.27602916955947876,0.9992900490760803,0.5186883211135864,0.20591534674167633,-0.2762678265571594,0.9993472695350647,0.5601057410240173,0.2138550579547882,-0.20625388622283936,0.999691367149353,0.530292272567749,0.21297195553779602,-0.09435947239398956,0.9984722137451172,0.5320776700973511,0.25275489687919617,-0.26652777194976807,0.9997516870498657,0.5219578146934509,0.25224462151527405,-0.23634684085845947,0.9995495676994324,0.6232473254203796,0.3688400387763977,-0.1560501903295517,0.9999436140060425,0.5073354840278625,0.37050947546958923,0.04599783569574356,0.9996684789657593,0.6396785974502563,0.5752497911453247,-0.2948850095272064,0.991658091545105,0.4800879955291748,0.5359870791435242,-0.020042799413204193,0.5520328283309937,0.6029037237167358,0.5285196304321289,-0.606168806552887,0.9953079223632812,0.4303784966468811,0.5058842301368713,-0.3857153058052063,0.9374541640281677,0.5920524597167969,0.519826352596283,-0.6887385845184326,0.9924733638763428,0.40414077043533325,0.5030593276023865,-0.4618815779685974,0.948215901851654,0.5926998257637024,0.48621147871017456,-0.7066516280174255,0.9928368926048279,0.40701931715011597,0.4768102467060089,-0.49471035599708557,0.9533018469810486,0.5938526391983032,0.4917731285095215,-0.619250476360321,0.9864249229431152,0.41736578941345215,0.476368248462677,-0.41085848212242126,0.9346126317977905,0.5813692212104797,0.6966174244880676,-0.058293480426073074,0.9965383410453796,0.5175030827522278,0.6910964846611023,0.05824591591954231,0.995768666267395,0.5788097977638245,0.9495325684547424,-0.10058125108480453,0.5061396360397339,0.5220516920089722,0.9506255388259888,0.09792634099721909,0.2030487060546875,0.5826530456542969,1.180869221687317,0.13145694136619568,0.12491412460803986,0.525627076625824,1.159853219985962,0.38068366050720215,0.05797124281525612,0.5888276696205139,1.213313102722168,0.14652226865291595,0.08991798758506775,0.5321474671363831,1.1969413757324219,0.4029761254787445,0.07470152527093887,0.5532416105270386,1.238067865371704,-0.0007287015905603766,0.11943505704402924,0.5064102411270142,1.2165642976760864,0.291891485452652,0.058808743953704834
0.5219554901123047,0.23293966054916382,-0.31861409544944763,0.9994462728500366,0.5302727222442627,0.20730796456336975,-0.3102414011955261,0.9991995096206665,0.5357025861740112,0.20702151954174042,-0.3105913996696472,0.9992862343788147,0.5410894155502319,0.20678390562534332,-0.31057876348495483,0.9993792772293091,0.5225111842155457,0.20786988735198975,-0.2857976257801056,0.9992284774780273,0.5207080245018005,0.2075575441122055,-0.2861875891685486,0.9993466138839722,0.5187965631484985,0.20709817111492157,-0.2864307761192322,0.9993985891342163,0.5603118538856506,0.2139529585838318,-0.2158350646495819,0.9997169971466064,0.5307811498641968,0.21367038786411285,-0.10215231031179428,0.9985832571983337,0.5323859453201294,0.2536112666130066,-0.27683788537979126,0.9997718930244446,0.5222669839859009,0.2537599205970764,-0.2463790625333786,0.9995841979980469,0.6242695450782776,0.37152454257011414,-0.16233588755130768,0.9999464750289917,0.5082334280014038,0.37087804079055786,0.03961258381605148,0.9996762275695801,0.6419273018836975,0.5755293369293213,-0.30093833804130554,0.992303729057312,0.48070621490478516,0.5366407632827759,-0.02411690540611744,0.5791767835617065,0.598982572555542,0.5462049841880798,-0.6031657457351685,0.9957355260848999,0.43033090233802795,0.5140650272369385,-0.384216845035553,0.9423816800117493,0.5859497785568237,0.5393659472465515,-0.6853767037391663,0.9931700229644775,0.4040653705596924,0.5120795965194702,-0.46141284704208374,0.9524738788604736,0.5881674885749817,0.5056887865066528,-0.703577995300293,0.9935042858123779,0.40637412667274475,0.4862094521522522,-0.4967805743217468,0.9572069644927979,0.589987576007843,0.5091032981872559,-0.6160587072372437,0.9876748323440552,0.41704559326171875,0.4861372709274292,-0.4108965992927551,0.9399763345718384,0.5818188190460205,0.6957492232322693,-0.05831040069460869,0.9964604377746582,0.5176591277122498,0.6904996037483215,0.05826881527900696,0.9956116676330566,0.5790961980819702,0.9495349526405334,-0.10916422307491302,0.5105575323104858,0.5225938558578491,0.9506263136863708,0.09253644943237305,0.2052203118801117,0.5826820731163025,1.1810210943222046,0.11027184873819351,0.12659434974193573,0.5266528129577637,1.1620306968688965,0.3680630326271057,0.05804097652435303,0.5888220071792603,1.2134426832199097,0.12351231276988983,0.09163279086351395,0.5331763029098511,1.1988128423690796,0.3897123634815216,0.07576689124107361,0.5538784861564636,1.2379512786865234,-0.028534170240163803,0.1211591511964798,0.5078675746917725,1.2195528745651245,0.27509334683418274,0.058816589415073395
0.5219539999961853,0.2337753027677536,-0.3180984854698181,0.9994854927062988,0.5303363800048828,0.20758798718452454,-0.31008151173591614,0.9992570877075195,0.5357922315597534,0.20721180737018585,-0.3104359805583954,0.9993359446525574,0.5411897897720337,0.20686842501163483,-0.3104223310947418,0.9994227886199951,0.5225083231925964,0.20836247503757477,-0.28565073013305664,0.999285876750946,0.5207007527351379,0.20804762840270996,-0.2860369086265564,0.9993959069252014,0.5187923312187195,0.20757092535495758,-0.28628095984458923,0.9994447231292725,0.5603978037834167,0.21419072151184082,-0.21931929886341095,0.9997360706329346,0.5308482050895691,0.21391546726226807,-0.10244780778884888,0.9986858367919922,0.5324639081954956,0.2543993592262268,-0.27705296874046326,0.9997872710227966,0.5223274827003479,0.2546223998069763,-0.24630507826805115,0.9996123909950256,0.6245578527450562,0.37346920371055603,-0.16981518268585205,0.9999456405639648,0.5083457231521606,0.3718182146549225,0.038408312946558,0.9996868968009949,0.6426340341567993,0.5754287242889404,-0.300445020198822,0.9924601912498474,0.48163729906082153,0.5368736386299133,-0.008059512823820114,0.6015318632125854,0.5937632322311401,0.562160849571228,-0.5800842046737671,0.9958541989326477,0.4299878478050232,0.5224118828773499,-0.33261603116989136,0.946940541267395,0.5777249336242676,0.5605830550193787,-0.6577046513557434,0.9934447407722473,0.404053270816803,0.522893488407135,-0.4037865996360779,0.9562383890151978,0.5756246447563171,0.5280316472053528,-0.6742846965789795,0.9937938451766968,0.4052979350090027,0.5001416206359863,-0.44214940071105957,0.9606744647026062,0.5780779123306274,0.528502881526947,-0.5917108654975891,0.9881675839424133,0.4164942800998688,0.4999530017375946,-0.35959258675575256,0.9446684122085571,0.5822709798812866,0.6954231262207031,-0.05950004607439041,0.9963430166244507,0.5177890062332153,0.6901455521583557,0.05945064499974251,0.9955530166625977,0.5792940855026245,0.9495377540588379,-0.10776092857122421,0.5142421126365662,0.5226706266403198,0.9504423141479492,0.09907744824886322,0.20646990835666656,0.5822120904922485,1.1810433864593506,0.10819337517023087,0.1269955188035965,0.5277730822563171,1.1616551876068115,0.3733721971511841,0.05728341266512871,0.5880765914916992,1.213590145111084,0.12150454521179199,0.09287847578525543,0.5349822044372559,1.198399543762207,0.39498260617256165,0.07556699961423874,0.5537737607955933,1.2376350164413452,-0.024954626336693764,0.12271662801504135,0.507870078086853,1.218908429145813,0.2844873070716858,0.0584806352853775
0.5219476819038391,0.23451703786849976,-0.3336520493030548,0.999517560005188,0.5303654670715332,0.20790065824985504,-0.32758960127830505,0.9993018507957458,0.535859227180481,0.20747700333595276,-0.32796770334243774,0.9993739724159241,0.541292130947113,0.20704032480716705,-0.327931672334671,0.9994555711746216,0.5224930047988892,0.2087579071521759,-0.3021678328514099,0.9993324279785156,0.52065509557724,0.20841647684574127,-0.3025706708431244,0.9994366765022278,0.5187453031539917,0.20791681110858917,-0.3028503954410553,0.9994833469390869,0.5605205297470093,0.21451207995414734,-0.24256226420402527,0.9997501969337463,0.5308415293693542,0.21410134434700012,-0.12304072082042694,0.9987702369689941,0.5324928760528564,0.25537750124931335,-0.2955390512943268,0.9997995495796204,0.5223340392112732,0.2554766833782196,-0.2637549936771393,0.9996355175971985,0.6247843503952026,0.3757517635822296,-0.19556237757205963,0.9999444484710693,0.5087055563926697,0.37373682856559753,0.022850463166832924,0.9996968507766724,0.6433140635490417,0.5753784775733948,-0.3034890294075012,0.9926656484603882,0.48185497522354126,0.5380373001098633,-0.007886314764618874,0.620470404624939,0.5853615999221802,0.5652601718902588,-0.578679621219635,0.9958921670913696,0.4283894896507263,0.5344774723052979,-0.3165835738182068,0.9509029388427734,0.5602700114250183,0.5683757066726685,-0.6544008851051331,0.9935213923454285,0.4040030837059021,0.5379124283790588,-0.38506177067756653,0.9593417048454285,0.5589014291763306,0.5405489802360535,-0.6695039868354797,0.993891716003418,0.403582900762558,0.5169851183891296,-0.42362672090530396,0.9635584950447083,0.5635572671890259,0.5364015102386475,-0.5891210436820984,0.9882400631904602,0.41461557149887085,0.5154587030410767,-0.3430933356285095,0.9484878182411194,0.5825257897377014,0.6955481171607971,-0.0615735724568367,0.9963380098342896,0.5178595781326294,0.6902005076408386,0.061497945338487625,0.9956079125404358,0.5794080495834351,0.9495366215705872,-0.10771198570728302,0.5240979194641113,0.5227644443511963,0.9504815936088562,0.10835137218236923,0.21008026599884033,0.5820742249488831,1.1811611652374268,0.10565885156393051,0.12897349894046783,0.5286244750022888,1.1613529920578003,0.37687575817108154,0.05702659860253334,0.5880807638168335,1.2137935161590576,0.11890791356563568,0.094401516020298,0.5363093018531799,1.1980938911437988,0.39804553985595703,0.07558547705411911,0.5522862672805786,1.2374374866485596,-0.027082929387688637,0.1266011744737625,0.5077784657478333,1.2186483144760132,0.288271427154541,0.05907932296395302
0.5218955874443054,0.2353847324848175,-0.3374634087085724,0.999549150466919,0.5303654670715332,0.20873954892158508,-0.33114761114120483,0.9993471503257751,0.5358650088310242,0.2082756906747818,-0.331535279750824,0.9994131326675415,0.5413075089454651,0.2077043354511261,-0.33150434494018555,0.9994897842407227,0.5224372148513794,0.20964302122592926,-0.3058224022388458,0.9993773102760315,0.5205658078193665,0.2093219757080078,-0.30622461438179016,0.9994755387306213,0.5186604261398315,0.20885160565376282,-0.306513249874115,0.9995193481445312,0.5605986714363098,0.21540416777133942,-0.24398942291736603,0.9997652769088745,0.5308364033699036,0.2149384766817093,-0.12552957236766815,0.9988510608673096,0.532490074634552,0.25693023204803467,-0.29890570044517517,0.9998117089271545,0.5223332047462463,0.25661489367485046,-0.2672685980796814,0.9996576905250549,0.625116229057312,0.3769870698451996,-0.19383268058300018,0.999943196773529,0.5087466239929199,0.3760088086128235,0.01472411584109068,0.9997016191482544,0.6440057754516602,0.5739338994026184,-0.3056356906890869,0.9929813742637634,0.48215731978416443,0.5384868383407593,-0.01752864569425583,0.6441609859466553,0.5864949226379395,0.5737200379371643,-0.5813480615615845,0.9961148500442505,0.429395854473114,0.5452455878257751,-0.32940003275871277,0.9548407196998596,0.5670303106307983,0.5775731205940247,-0.6601816415786743,0.9938974976539612,0.40622344613075256,0.5512892603874207,-0.399662047624588,0.9624782800674438,0.5645624995231628,0.5484533309936523,-0.6787502765655518,0.9942667484283447,0.40399160981178284,0.530377984046936,-0.4273742735385895,0.9664530158042908,0.5687195062637329,0.54511958360672,-0.5939550399780273,0.9889179468154907,0.41499558091163635,0.5280044078826904,-0.3534267544746399,0.9524298906326294,0.5830301642417908,0.6961644887924194,-0.06148722767829895,0.9963778257369995,0.5183433294296265,0.6909557580947876,0.06140943244099617,0.9956890344619751,0.5796569585800171,0.9497158527374268,-0.10385189950466156,0.5332532525062561,0.5230025053024292,0.950677216053009,0.10883337259292603,0.21939001977443695,0.5820692777633667,1.1814253330230713,0.11666351556777954,0.13521568477153778,0.529358446598053,1.1611417531967163,0.37591081857681274,0.059049442410469055,0.5880175828933716,1.2138714790344238,0.13035525381565094,0.09772952646017075,0.5374563932418823,1.1978867053985596,0.39680105447769165,0.07801026850938797,0.5529428124427795,1.2385601997375488,-0.019422132521867752,0.13412393629550934,0.5082647204399109,1.2188273668289185,0.28261446952819824,0.0618448480963707
0.5217505097389221,0.23584848642349243,-0.36038145422935486,0.9995770454406738,0.5303375124931335,0.2093917578458786,-0.35557645559310913,0.999383270740509,0.5358458161354065,0.20895402133464813,-0.3559662699699402,0.9994428157806396,0.541305422782898,0.20834089815616608,-0.35593798756599426,0.9995154738426208,0.5222318172454834,0.2102053314447403,-0.3289956748485565,0.9994164109230042,0.5203271508216858,0.209905207157135,-0.32940906286239624,0.999509871006012,0.5184678435325623,0.2094770073890686,-0.3297124207019806,0.9995525479316711,0.5605980753898621,0.21603278815746307,-0.27263227105140686,0.9997758865356445,0.5307936072349548,0.21563135087490082,-0.14884765446186066,0.9989203810691833,0.5324830412864685,0.2577916383743286,-0.3231279253959656,0.9998214840888977,0.5223127603530884,0.25722989439964294,-0.28997331857681274,0.9996768236160278,0.6249841451644897,0.37663009762763977,-0.22657740116119385,0.9999424815177917,0.5087482333183289,0.378732293844223,0.004770100582391024,0.99971604347229,0.6441487073898315,0.5696102976799011,-0.3110350966453552,0.9933076500892639,0.48221316933631897,0.53963702917099,-0.006883273832499981,0.666303813457489,0.5692156553268433,0.572308361530304,-0.5447214245796204,0.9960715770721436,0.42822128534317017,0.5552750825881958,-0.2973424196243286,0.9583138823509216,0.5431175231933594,0.5741692185401917,-0.6156415939331055,0.9937806129455566,0.405902236700058,0.5605127811431885,-0.36294692754745483,0.9651299118995667,0.5400026440620422,0.545137882232666,-0.62873375415802,0.9941713213920593,0.40261825919151306,0.5417877435684204,-0.4021877348423004,0.9688885807991028,0.5452091097831726,0.5425647497177124,-0.5529183745384216,0.9886693954467773,0.4130288064479828,0.5394832491874695,-0.32367950677871704,0.9557627439498901,0.5834648609161377,0.6980863213539124,-0.06534196436405182,0.9964999556541443,0.5187021493911743,0.6929827928543091,0.06525284796953201,0.9958970546722412,0.5796599388122559,0.9494622349739075,-0.10287084430456161,0.5417977571487427,0.523005485534668,0.9503956437110901,0.11740225553512573,0.2244577556848526,0.5820791721343994,1.1816627979278564,0.1200646385550499,0.13471165299415588,0.529249370098114,1.1610747575759888,0.38185378909111023,0.05844676122069359,0.5882943272590637,1.2138830423355103,0.13435588777065277,0.09768026322126389,0.5372821092605591,1.1973692178726196,0.4026539921760559,0.07778096944093704,0.5529247522354126,1.2403862476348877,-0.012624502182006836,0.13384541869163513,0.5081592798233032,1.218584418296814,0.2950827181339264,0.061248529702425
0.5213849544525146,0.23662681877613068,-0.3651653826236725,0.9996008276939392,0.5301839709281921,0.21042145788669586,-0.3604634404182434,0.9994135499000549,0.5356878042221069,0.21002288162708282,-0.3608578145503998,0.9994680285453796,0.5412166118621826,0.20939992368221283,-0.3608359396457672,0.9995375275611877,0.5217299461364746,0.21094784140586853,-0.3334447741508484,0.9994485378265381,0.5198169946670532,0.21063406765460968,-0.3338518738746643,0.9995383024215698,0.5180526971817017,0.21022069454193115,-0.33415350317955017,0.999579906463623,0.5605403184890747,0.2164573222398758,-0.2773626148700714,0.9997854232788086,0.5305431485176086,0.21623635292053223,-0.1516759842634201,0.9989755749702454,0.5324013829231262,0.25889891386032104,-0.32784003019332886,0.9998300671577454,0.5222064852714539,0.2581973373889923,-0.2941168248653412,0.9996926784515381,0.6246526837348938,0.3763504922389984,-0.23332960903644562,0.9999426007270813,0.5087426900863647,0.38062596321105957,0.003776646452024579,0.9997276663780212,0.644071638584137,0.566172182559967,-0.3199883997440338,0.9937261343002319,0.48218661546707153,0.540303111076355,0.00040461155003868043,0.6872658729553223,0.5658982992172241,0.5732077360153198,-0.5527889728546143,0.9962201118469238,0.4282921850681305,0.5624117255210876,-0.2877810001373291,0.9615461826324463,0.5387698411941528,0.5765820741653442,-0.6261351704597473,0.9939777255058289,0.4064052700996399,0.5710847973823547,-0.35355088114738464,0.967627227306366,0.5352849364280701,0.5467588305473328,-0.6394316554069519,0.9943680763244629,0.4027007520198822,0.5537803173065186,-0.39582422375679016,0.971181333065033,0.5407253503799438,0.544091522693634,-0.5613313317298889,0.9890023469924927,0.41318291425704956,0.5509685277938843,-0.3152533173561096,0.9589341282844543,0.583733320236206,0.7012121677398682,-0.06690676510334015,0.9966289401054382,0.5188146829605103,0.6958991289138794,0.06682372838258743,0.9960910081863403,0.5797165036201477,0.9494661092758179,-0.10207971185445786,0.5483509302139282,0.5230159759521484,0.9504339694976807,0.12224270403385162,0.23056447505950928,0.5822026133537292,1.1829313039779663,0.12669196724891663,0.13426882028579712,0.5292834043502808,1.1614935398101807,0.388110876083374,0.05825382098555565,0.588689923286438,1.2145239114761353,0.1418156921863556,0.09749722480773926,0.5372612476348877,1.1973825693130493,0.40898099541664124,0.07785467803478241,0.5532628297805786,1.2442537546157837,-0.0026654188986867666,0.13360576331615448,0.5087470412254333,1.221619725227356,0.2989364266395569,0.060995522886514664
0.5211559534072876,0.23777374625205994,-0.3693057596683502,0.999611496925354,0.5300266146659851,0.21199862658977509,-0.36414843797683716,0.9994218349456787,0.5355145931243896,0.21165896952152252,-0.3645492196083069,0.9994727373123169,0.5411274433135986,0.21103046834468842,-0.36452779173851013,0.9995409846305847,0.5213925242424011,0.21208974719047546,-0.33788570761680603,0.9994624853134155,0.5194895267486572,0.21171212196350098,-0.3382917642593384,0.9995527267456055,0.517787754535675,0.21122735738754272,-0.3386049270629883,0.9995949864387512,0.560451865196228,0.217057466506958,-0.2809522747993469,0.9997872114181519,0.5304065942764282,0.21706655621528625,-0.15870800614356995,0.9990057349205017,0.5323454141616821,0.26044216752052307,-0.33220213651657104,0.999832808971405,0.5221561193466187,0.25957605242729187,-0.29945188760757446,0.9996992945671082,0.62449049949646,0.37666019797325134,-0.2400621622800827,0.999941349029541,0.5087348818778992,0.3818877041339874,-0.010078621096909046,0.9997336268424988,0.6437264680862427,0.5663474798202515,-0.3366808593273163,0.9940824508666992,0.4823044240474701,0.5409222841262817,-0.015676414594054222,0.7061546444892883,0.5663837194442749,0.5866038203239441,-0.5678742527961731,0.9963515996932983,0.4281070828437805,0.5720670223236084,-0.30756404995918274,0.9645054936408997,0.5369739532470703,0.5859174132347107,-0.6428282260894775,0.9941935539245605,0.4063148498535156,0.5839118361473083,-0.3758707642555237,0.9699644446372986,0.5350374579429626,0.5564121603965759,-0.6573188304901123,0.9945867657661438,0.4023900032043457,0.5649963617324829,-0.4158335328102112,0.9733265042304993,0.5412145853042603,0.5531954765319824,-0.5774840116500854,0.9893994927406311,0.41317859292030334,0.5618153214454651,-0.3346080780029297,0.9619146585464478,0.5840870141983032,0.7054775357246399,-0.06661834567785263,0.9967667460441589,0.5188964009284973,0.6993038058280945,0.06654106080532074,0.9962889552116394,0.5798429250717163,0.949475884437561,-0.0923154205083847,0.5541832447052002,0.5230705142021179,0.9505478143692017,0.11598386615514755,0.2400323748588562,0.5822004079818726,1.1826815605163574,0.14859697222709656,0.13565288484096527,0.529232382774353,1.1613937616348267,0.3780739903450012,0.05981191247701645,0.5888468027114868,1.2129822969436646,0.16492830216884613,0.09813480079174042,0.5371644496917725,1.1969555616378784,0.39899054169654846,0.07980363816022873,0.5524632334709167,1.2442173957824707,0.02375020645558834,0.1353939324617386,0.5087109208106995,1.2217928171157837,0.2877137064933777,0.06280303746461868
0.5205272436141968,0.2384754866361618,-0.33829542994499207,0.9996423125267029,0.5297396183013916,0.2132338434457779,-0.33307313919067383,0.9994679093360901,0.5350857973098755,0.2129909098148346,-0.33347493410110474,0.9995148181915283,0.5406494736671448,0.21243897080421448,-0.33342984318733215,0.9995772242546082,0.5210912227630615,0.21281376481056213,-0.3064127266407013,0.9995049238204956,0.5192894339561462,0.21227987110614777,-0.3068140149116516,0.9995884299278259,0.5176843404769897,0.21165266633033752,-0.3070969879627228,0.9996269345283508,0.5599864721298218,0.21767917275428772,-0.25590527057647705,0.9998040199279785,0.5304540991783142,0.21747218072414398,-0.13048717379570007,0.9990842342376709,0.5320035815238953,0.2611639201641083,-0.3037382960319519,0.9998452067375183,0.521933376789093,0.26005226373672485,-0.27018460631370544,0.9997210502624512,0.6241044998168945,0.3764905333518982,-0.22481711208820343,0.999943733215332,0.5089720487594604,0.38184455037117004,0.004920811392366886,0.9997403621673584,0.6436701416969299,0.5633748769760132,-0.3120330274105072,0.9945182800292969,0.483781099319458,0.5412882566452026,0.009750771336257458,0.7240059971809387,0.5796797275543213,0.6046806573867798,-0.5615864396095276,0.9966488480567932,0.42831388115882874,0.5775883793830872,-0.2627081871032715,0.9672743678092957,0.5709208250045776,0.6288061738014221,-0.637891411781311,0.9946661591529846,0.40677157044410706,0.588022768497467,-0.3255853056907654,0.9721808433532715,0.5634084343910217,0.6031227707862854,-0.659474790096283,0.9950356483459473,0.40245428681373596,0.5725683569908142,-0.37095147371292114,0.9753665328025818,0.5629662275314331,0.589853048324585,-0.575095534324646,0.9902735352516174,0.41318073868751526,0.5698536038398743,-0.2911800444126129,0.9647995233535767,0.5844136476516724,0.7061020135879517,-0.06644298136234283,0.9969133734703064,0.5194634199142456,0.6994253993034363,0.06636391580104828,0.9964364767074585,0.5800180435180664,0.9496067762374878,-0.08436278998851776,0.5755211710929871,0.523070216178894,0.9504733681678772,0.12816937267780304,0.2616945803165436,0.5815364718437195,1.1847153902053833,0.14834822714328766,0.1548263430595398,0.529839038848877,1.163528561592102,0.37601131200790405,0.06840169429779053,0.5886387228965759,1.2152459621429443,0.16174867749214172,0.10846389085054398,0.538086473941803,1.1997780799865723,0.395254522562027,0.08794382214546204,0.5487903356552124,1.2460851669311523,0.017061607912182808,0.1568118780851364,0.508669912815094,1.2237454652786255,0.28511402010917664,0.07366646826267242
0.5197518467903137,0.23878128826618195,-0.3320541977882385,0.9996703267097473,0.5293906927108765,0.21386869251728058,-0.3261880874633789,0.9995097517967224,0.5345854759216309,0.21375805139541626,-0.32659170031547546,0.9995531439781189,0.5400679111480713,0.21337594091892242,-0.3265541195869446,0.9996104836463928,0.5206483006477356,0.21313787996768951,-0.2987358868122101,0.9995428323745728,0.5189439058303833,0.2125604897737503,-0.2991284728050232,0.9996200203895569,0.5174478888511658,0.21190454065799713,-0.2994076609611511,0.9996549487113953,0.5592606067657471,0.21857501566410065,-0.2464335858821869,0.9998193383216858,0.5303645730018616,0.21793612837791443,-0.11700928211212158,0.9991511702537537,0.5316318869590759,0.26143160462379456,-0.2968430817127228,0.9998562932014465,0.5213021039962769,0.26010748744010925,-0.26216834783554077,0.9997398257255554,0.6232527494430542,0.3763360381126404,-0.22270365059375763,0.9999462366104126,0.5091356039047241,0.3816377520561218,0.027188455685973167,0.9997425675392151,0.6441205739974976,0.557141900062561,-0.29993125796318054,0.9949077367782593,0.4845685064792633,0.5412671566009521,0.027399495244026184,0.735226571559906,0.5927417278289795,0.6281619668006897,-0.5424597263336182,0.996890664100647,0.42869338393211365,0.5908278226852417,-0.24721506237983704,0.9687463641166687,0.586220920085907,0.6601349115371704,-0.6184774041175842,0.9950425028800964,0.40751081705093384,0.6083183884620667,-0.30915170907974243,0.9731587171554565,0.5801187753677368,0.6339741349220276,-0.6429861783981323,0.9953967332839966,0.4026312828063965,0.5940369367599487,-0.3555886149406433,0.976370096206665,0.5801580548286438,0.6200891733169556,-0.5568747520446777,0.9909785985946655,0.41324296593666077,0.5899394750595093,-0.27623072266578674,0.9663060307502747,0.584699273109436,0.7061835527420044,-0.07103829830884933,0.9970744848251343,0.5200326442718506,0.6997623443603516,0.07092522084712982,0.9965886473655701,0.5800173878669739,0.9496132135391235,-0.08772923797369003,0.5955748558044434,0.5228861570358276,0.9502419233322144,0.1541328728199005,0.2768176794052124,0.581487774848938,1.1854761838912964,0.13015080988407135,0.17007184028625488,0.5303171873092651,1.1655333042144775,0.40517911314964294,0.07478980720043182,0.5889654159545898,1.2158448696136475,0.142792209982872,0.11458289623260498,0.5388671159744263,1.2021901607513428,0.424670547246933,0.09466361999511719,0.5458813905715942,1.2484805583953857,-0.0067189717665314674,0.172166109085083,0.5080173015594482,1.2270399332046509,0.31749963760375977,0.08103247731924057
0.5184465646743774,0.23909468948841095,-0.3314589560031891,0.9996939897537231,0.5285342931747437,0.21477101743221283,-0.3263743221759796,0.9995447397232056,0.5334961414337158,0.21474598348140717,-0.32677239179611206,0.9995842576026917,0.5388600826263428,0.21447086334228516,-0.3267369866371155,0.9996374845504761,0.5198038220405579,0.21361224353313446,-0.2989247143268585,0.9995762705802917,0.5183373689651489,0.2129567414522171,-0.2993296980857849,0.9996482729911804,0.5170326232910156,0.21224482357501984,-0.2996181845664978,0.9996808767318726,0.5581668615341187,0.21937164664268494,-0.24792568385601044,0.9998315572738647,0.5300946235656738,0.21856820583343506,-0.11865819990634918,0.999213457107544,0.5309473872184753,0.2619037926197052,-0.2967439293861389,0.9998648166656494,0.5205308198928833,0.2602238655090332,-0.2621076703071594,0.9997554421424866,0.6225376129150391,0.375990092754364,-0.21760061383247375,0.9999464750289917,0.5088329911231995,0.3827575147151947,0.025861356407403946,0.9997467398643494,0.6452101469039917,0.5530425906181335,-0.2602331042289734,0.9950219392776489,0.4833696484565735,0.5431019067764282,0.0350409671664238,0.7455313801765442,0.5950169563293457,0.6457177400588989,-0.439846932888031,0.9966043829917908,0.4282795786857605,0.605685830116272,-0.2134111374616623,0.9691206812858582,0.585777223110199,0.6833969950675964,-0.5011695027351379,0.9945679306983948,0.40747570991516113,0.6300260424613953,-0.2685888707637787,0.9729104042053223,0.5785574316978455,0.6614440679550171,-0.5261503458023071,0.9950066208839417,0.40135425329208374,0.6172512769699097,-0.31391939520835876,0.9763308763504028,0.5801891684532166,0.6438816785812378,-0.4522794187068939,0.9904405474662781,0.41232815384864807,0.6094847321510315,-0.240829735994339,0.9665358066558838,0.5847004055976868,0.7072473764419556,-0.07185286283493042,0.9972279667854309,0.5207452774047852,0.7016522288322449,0.07172536104917526,0.9967707395553589,0.580017626285553,0.9496106505393982,-0.09392375499010086,0.6184526085853577,0.5222216844558716,0.9499555826187134,0.14546236395835876,0.29794469475746155,0.5812588930130005,1.1879935264587402,0.10379658639431,0.19448906183242798,0.530298113822937,1.1668593883514404,0.38843804597854614,0.08662725239992142,0.5889492630958557,1.2185347080230713,0.11507850885391235,0.12576089799404144,0.5387601256370544,1.2034461498260498,0.4056028723716736,0.10398051887750626,0.545454204082489,1.2523094415664673,-0.03466198965907097,0.19443495571613312,0.5070728659629822,1.2301287651062012,0.2965889871120453,0.09305864572525024
0.5169581174850464,0.23939277231693268,-0.33099809288978577,0.999712347984314,0.527503252029419,0.21511615812778473,-0.32677555084228516,0.9995715022087097,0.5321910381317139,0.21504712104797363,-0.3271724581718445,0.9996085166931152,0.5373114943504333,0.2147444784641266,-0.3271389305591583,0.9996585249900818,0.5190528035163879,0.21377964317798615,-0.29917430877685547,0.9996015429496765,0.5178652405738831,0.21305355429649353,-0.2995818555355072,0.9996698498725891,0.5167616009712219,0.21229377388954163,-0.299873411655426,0.9997009038925171,0.5567969083786011,0.2193986028432846,-0.25431904196739197,0.9998409748077393,0.5299325585365295,0.2186063975095749,-0.11989559233188629,0.9992617964744568,0.5301023721694946,0.26198622584342957,-0.2968870997428894,0.9998713135719299,0.5198463201522827,0.2602251172065735,-0.26229792833328247,0.9997670650482178,0.6214337348937988,0.3755662739276886,-0.2230113297700882,0.9999478459358215,0.5085855722427368,0.38270068168640137,0.0260191448032856,0.9997518658638,0.6453659534454346,0.5522202253341675,-0.27641257643699646,0.9951953291893005,0.4830426275730133,0.5435746908187866,0.06286992132663727,0.754057765007019,0.5958537459373474,0.658027172088623,-0.4676358699798584,0.9965136647224426,0.42738398909568787,0.6127535700798035,-0.1542118787765503,0.9698193073272705,0.5865637063980103,0.6953319907188416,-0.5317373871803284,0.9943766593933105,0.4078211784362793,0.6360670924186707,-0.20353934168815613,0.9729562401771545,0.5781182050704956,0.673168420791626,-0.5552543997764587,0.9948512315750122,0.40144234895706177,0.6268651485443115,-0.25157761573791504,0.9764958024024963,0.5799402594566345,0.6551375389099121,-0.4797612726688385,0.9902489185333252,0.4119051396846771,0.6200659275054932,-0.18192508816719055,0.9670233130455017,0.5846863389015198,0.7071555256843567,-0.07597209513187408,0.997390627861023,0.5210802555084229,0.7018531560897827,0.07584138214588165,0.9969581365585327,0.5800434947013855,0.949337363243103,-0.09388943016529083,0.6386187076568604,0.5216740369796753,0.9497551918029785,0.15949928760528564,0.3144918382167816,0.5811358094215393,1.1885968446731567,0.11074002087116241,0.21561095118522644,0.5303030014038086,1.1673177480697632,0.397930771112442,0.09580076485872269,0.5889551043510437,1.2195241451263428,0.12313567101955414,0.13678281009197235,0.5389679074287415,1.2042508125305176,0.4156762957572937,0.1129595935344696,0.5446837544441223,1.2527287006378174,-0.024100933223962784,0.2124910056591034,0.5061899423599243,1.230502724647522,0.3091740310192108,0.10211994498968124
0.5160290598869324,0.23939849436283112,-0.31634992361068726,0.9997275471687317,0.5266513824462891,0.21515782177448273,-0.3141025900840759,0.9995917677879333,0.5311784148216248,0.2150673121213913,-0.31448835134506226,0.999626636505127,0.5360760688781738,0.21475614607334137,-0.314469575881958,0.9996749758720398,0.5184196829795837,0.2137906402349472,-0.2852514386177063,0.9996209144592285,0.5173890590667725,0.21305610239505768,-0.28567570447921753,0.9996863007545471,0.5164060592651367,0.2122926265001297,-0.2859792113304138,0.9997169971466064,0.5557101964950562,0.21939218044281006,-0.24998584389686584,0.9998478293418884,0.5295625925064087,0.21861007809638977,-0.1133773922920227,0.9992978572845459,0.5292614698410034,0.26197242736816406,-0.2856960892677307,0.9998758435249329,0.5192500352859497,0.2601812481880188,-0.2494746893644333,0.9997752904891968,0.620148241519928,0.3752601742744446,-0.22086592018604279,0.9999499320983887,0.5082296133041382,0.3825914263725281,0.037162285298109055,0.9997614622116089,0.6454622149467468,0.551298201084137,-0.21700143814086914,0.9954327344894409,0.4827459454536438,0.5435397624969482,0.1040898784995079,0.7651444673538208,0.6007305383682251,0.6688135266304016,-0.3417995572090149,0.9964867234230042,0.42754244804382324,0.6194294691085815,-0.08328302204608917,0.9711201190948486,0.5951638221740723,0.7079222202301025,-0.3929578959941864,0.994185745716095,0.4107869267463684,0.6450679302215576,-0.12572063505649567,0.9734652042388916,0.5858880281448364,0.6910282373428345,-0.4194391667842865,0.9946820139884949,0.4053286910057068,0.6376053094863892,-0.17555660009384155,0.9770076274871826,0.5856699347496033,0.674324095249176,-0.35308364033699036,0.9901188611984253,0.41331154108047485,0.6303130388259888,-0.11077378690242767,0.9680324792861938,0.5844558477401733,0.7044227719306946,-0.07585491240024567,0.9975662231445312,0.5210767984390259,0.701445460319519,0.07573101669549942,0.997162401676178,0.5800427198410034,0.9485680460929871,-0.08497168123722076,0.6561769247055054,0.5213651061058044,0.9497339725494385,0.15121880173683167,0.3347639739513397,0.5808824300765991,1.189975380897522,0.12181588262319565,0.23097971081733704,0.5303334593772888,1.1708829402923584,0.37678664922714233,0.10420259833335876,0.5886522531509399,1.2213810682296753,0.13449475169181824,0.14374230802059174,0.5390766859054565,1.2081698179244995,0.3942149877548218,0.11962190270423889,0.5450082421302795,1.2564446926116943,0.001538358861580491,0.2227659672498703,0.5060665607452393,1.2363957166671753,0.29369664192199707,0.10933157801628113
0.5149526596069336,0.23935148119926453,-0.32636237144470215,0.9997380375862122,0.5257465243339539,0.21514537930488586,-0.32822564244270325,0.9996034502983093,0.5302306413650513,0.21504336595535278,-0.3286093771457672,0.9996371269226074,0.5350378155708313,0.2147265374660492,-0.32859137654304504,0.9996840357780457,0.517548680305481,0.21371956169605255,-0.296711266040802,0.9996333122253418,0.5166131258010864,0.2129766196012497,-0.2971497178077698,0.999697744846344,0.5156623721122742,0.21220648288726807,-0.29746490716934204,0.9997286796569824,0.5548552870750427,0.2193879634141922,-0.27269476652145386,0.999851644039154,0.5285084843635559,0.21860332787036896,-0.13007929921150208,0.9993256330490112,0.5281581878662109,0.26196688413619995,-0.30037742853164673,0.9998784065246582,0.517941415309906,0.2599369287490845,-0.2610420882701874,0.9997807145118713,0.6189219951629639,0.37496379017829895,-0.2416374683380127,0.9999517202377319,0.5078274011611938,0.38255834579467773,0.03018164075911045,0.999772310256958,0.6454499959945679,0.551584005355835,-0.25094684958457947,0.9956608414649963,0.4825429320335388,0.5435091853141785,0.09484772384166718,0.7727202773094177,0.6006723642349243,0.677596926689148,-0.38826984167099,0.9963828325271606,0.42875590920448303,0.6296663880348206,-0.08357471227645874,0.9721285700798035,0.5957980155944824,0.7180191874504089,-0.44238805770874023,0.9938446283340454,0.41500216722488403,0.6610379815101624,-0.125027135014534,0.9737281799316406,0.5851989984512329,0.7006134390830994,-0.4672287106513977,0.994370698928833,0.40994691848754883,0.6567808985710144,-0.17499355971813202,0.9772871732711792,0.5846494436264038,0.6828239560127258,-0.3990430533885956,0.9897281527519226,0.4167861044406891,0.6479513645172119,-0.1108289584517479,0.9686628580093384,0.5835942029953003,0.7031002640724182,-0.07984015345573425,0.9977313876152039,0.5210747122764587,0.7013993859291077,0.07973058521747589,0.997358500957489,0.5793119072914124,0.9468202590942383,-0.07585418224334717,0.6692044734954834,0.5210572481155396,0.9479882121086121,0.1604011356830597,0.34577491879463196,0.5805853605270386,1.192989468574524,0.1428242176771164,0.24256619811058044,0.5303217172622681,1.1737940311431885,0.3779163360595703,0.11119396239519119,0.5886647701263428,1.2254923582077026,0.15662583708763123,0.15031902492046356,0.5391545295715332,1.2130472660064697,0.3968000113964081,0.1266164481639862,0.5445089936256409,1.2604527473449707,0.022074604406952858,0.23077046871185303,0.5041894316673279,1.2380284070968628,0.2941320538520813,0.11603885889053345
0.5133262276649475,0.23925615847110748,-0.33985045552253723,0.9997402429580688,0.5242322683334351,0.21506920456886292,-0.34269383549690247,0.999602735042572,0.528891384601593,0.21501712501049042,-0.3430911898612976,0.9996377825737,0.533523678779602,0.2147017866373062,-0.34307605028152466,0.9996843934059143,0.5164406895637512,0.21361933648586273,-0.3104560673236847,0.9996316432952881,0.5156129598617554,0.21287387609481812,-0.3108978569507599,0.9996978044509888,0.5146714448928833,0.21209873259067535,-0.31121915578842163,0.9997299909591675,0.5538532733917236,0.21944467723369598,-0.28962746262550354,0.9998518824577332,0.527438759803772,0.21861247718334198,-0.1434723436832428,0.9993263483047485,0.52641761302948,0.2619735598564148,-0.314309298992157,0.9998763799667358,0.5161956548690796,0.2597900927066803,-0.2739664912223816,0.9997762441635132,0.6177572011947632,0.37457406520843506,-0.25860291719436646,0.9999533891677856,0.5071971416473389,0.38250359892845154,0.02104252204298973,0.9997784495353699,0.6454342007637024,0.5516312122344971,-0.2624880373477936,0.9958844780921936,0.4825828969478607,0.5434830784797668,0.0988561287522316,0.7711073756217957,0.6025253534317017,0.6823798418045044,-0.3929474949836731,0.9962941408157349,0.4328438639640808,0.6337096095085144,-0.06142343208193779,0.9716441035270691,0.5993718504905701,0.7260099053382874,-0.44580167531967163,0.9935259819030762,0.41878658533096313,0.6653308868408203,-0.0991872027516365,0.9723764657974243,0.5873788595199585,0.7054482102394104,-0.47019562125205994,0.9940641522407532,0.41373881697654724,0.6617360711097717,-0.14934146404266357,0.9761301279067993,0.585854172706604,0.6861674189567566,-0.40325015783309937,0.9893331527709961,0.4207504689693451,0.653920590877533,-0.08834149688482285,0.9675753712654114,0.5814847946166992,0.7026524543762207,-0.08196569979190826,0.9979003667831421,0.5210007429122925,0.7013700604438782,0.08187155425548553,0.9975500702857971,0.5785626173019409,0.9447985887527466,-0.059287674725055695,0.6849526166915894,0.5208105444908142,0.9449984431266785,0.18214845657348633,0.3609352707862854,0.5804483294487,1.1932811737060547,0.17439749836921692,0.2582608759403229,0.5303110480308533,1.1746187210083008,0.405989408493042,0.12123924493789673,0.5886653065681458,1.2260969877243042,0.18983182311058044,0.15986448526382446,0.5391721725463867,1.2149288654327393,0.42352181673049927,0.13636866211891174,0.5446673631668091,1.2606945037841797,0.06000140309333801,0.2405194789171219,0.5018643140792847,1.237913966178894,0.3244945704936981,0.12419775873422623
0.5115123987197876,0.23910674452781677,-0.33410191535949707,0.9997157454490662,0.5224899053573608,0.2149207592010498,-0.341403603553772,0.999552845954895,0.5274488925933838,0.2148757129907608,-0.34180885553359985,0.9995934367179871,0.5319663286209106,0.214628204703331,-0.3418005108833313,0.9996426701545715,0.5150498747825623,0.21355783939361572,-0.3060912787914276,0.9995907545089722,0.5141635537147522,0.21278735995292664,-0.306538850069046,0.9996711015701294,0.5131043791770935,0.21197757124900818,-0.30688971281051636,0.9997102618217468,0.552521288394928,0.21945099532604218,-0.28581544756889343,0.9998359084129333,0.5262861847877502,0.21855546534061432,-0.14046332240104675,0.9992921352386475,0.5247299075126648,0.2618054747581482,-0.3120724856853485,0.9998599290847778,0.5142537951469421,0.2593068778514862,-0.2711133062839508,0.9997508525848389,0.6160291433334351,0.3740377128124237,-0.2574898600578308,0.9999523758888245,0.506377637386322,0.3824288547039032,0.01868700608611107,0.9997817277908325,0.6454150676727295,0.5516736507415771,-0.2535061240196228,0.996054470539093,0.48344630002975464,0.5434555411338806,0.09974832832813263,0.7742828726768494,0.6043778657913208,0.6926620602607727,-0.33529219031333923,0.9959414005279541,0.43687185645103455,0.6407280564308167,-0.057869844138622284,0.9727525115013123,0.6011775732040405,0.7402892112731934,-0.38103142380714417,0.9926646947860718,0.4242709279060364,0.6753985285758972,-0.09583423286676407,0.9728842377662659,0.58939528465271,0.7225566506385803,-0.4050763249397278,0.9932433366775513,0.41939178109169006,0.6703281998634338,-0.14443428814411163,0.9765949845314026,0.5877795219421387,0.7032594084739685,-0.34433990716934204,0.9881783723831177,0.42589491605758667,0.6612890362739563,-0.08410924673080444,0.9683783054351807,0.5792669057846069,0.7047228217124939,-0.08201832324266434,0.9980337023735046,0.5198847651481628,0.7045152187347412,0.08195371925830841,0.9977101683616638,0.577033519744873,0.942173421382904,-0.023713860660791397,0.6964988708496094,0.520628809928894,0.9448086023330688,0.18022100627422333,0.3770618438720703,0.5804579257965088,1.1901977062225342,0.21976371109485626,0.2720669209957123,0.5302474498748779,1.1725802421569824,0.41896113753318787,0.12879754602909088,0.5886719822883606,1.222756028175354,0.2363983690738678,0.16757814586162567,0.5391494631767273,1.212282419204712,0.4382305145263672,0.14493319392204285,0.5465747117996216,1.2582588195800781,0.11058751493692398,0.24684786796569824,0.5019932985305786,1.2367384433746338,0.3411839008331299,0.13016462326049805
0.5097911953926086,0.23870885372161865,-0.3353981375694275,0.9996697306632996,0.5203640460968018,0.21451593935489655,-0.34253156185150146,0.9994651675224304,0.5254651308059692,0.21450206637382507,-0.3429372012615204,0.9995155930519104,0.5299792289733887,0.21440434455871582,-0.34292829036712646,0.999570369720459,0.5136494040489197,0.2132670283317566,-0.30865538120269775,0.9995197057723999,0.5127073526382446,0.21246255934238434,-0.30910176038742065,0.9996248483657837,0.5116090774536133,0.21161773800849915,-0.3094572424888611,0.9996768236160278,0.5507127642631531,0.21951720118522644,-0.30280405282974243,0.9998090863227844,0.5253623723983765,0.21853478252887726,-0.153619185090065,0.9992334842681885,0.5225158929824829,0.2617216110229492,-0.31499165296554565,0.9998361468315125,0.512293815612793,0.2589341998100281,-0.2738969027996063,0.999715268611908,0.6143502593040466,0.37349075078964233,-0.27487796545028687,0.9999505877494812,0.5053259134292603,0.3823639750480652,-0.005410105921328068,0.9997861981391907,0.6453968286514282,0.5519459843635559,-0.26035457849502563,0.9960898756980896,0.4839809536933899,0.5445024967193604,0.09306422621011734,0.7771511077880859,0.6082339882850647,0.701273500919342,-0.3418457508087158,0.9949923157691956,0.4410023093223572,0.6520349383354187,-0.09547000378370285,0.9733182191848755,0.6047740578651428,0.7486667037010193,-0.3865775167942047,0.9907379746437073,0.4281400144100189,0.6902680993080139,-0.13529887795448303,0.9726883769035339,0.5931192636489868,0.7311360836029053,-0.4112774431705475,0.9914178252220154,0.42331647872924805,0.6828117370605469,-0.18295617401599884,0.976448655128479,0.5916897058486938,0.7103850245475769,-0.35110166668891907,0.9855553507804871,0.42966166138648987,0.6739374399185181,-0.12151260673999786,0.9684039950370789,0.5787675976753235,0.704663872718811,-0.08144328743219376,0.9981618523597717,0.5187947154045105,0.7046007513999939,0.0813768059015274,0.9978654980659485,0.575065553188324,0.9372721910476685,-0.02025078982114792,0.7107146978378296,0.5200948715209961,0.9430198669433594,0.20633473992347717,0.391404390335083,0.580456018447876,1.1839051246643066,0.22744250297546387,0.2883109450340271,0.5295196771621704,1.1633555889129639,0.4583003520965576,0.13701437413692474,0.5886631608009338,1.2155877351760864,0.24452559649944305,0.17597241699695587,0.5386165380477905,1.2020879983901978,0.47896403074264526,0.15392360091209412,0.5476630926132202,1.2507306337356567,0.11823739111423492,0.25605854392051697,0.5008441209793091,1.2255018949508667,0.38473162055015564,0.13722193241119385
0.5082365274429321,0.2385900467634201,-0.3356356918811798,0.9996461868286133,0.5184876918792725,0.21436062455177307,-0.341768741607666,0.9994231462478638,0.5235978364944458,0.21428726613521576,-0.34216824173927307,0.9994770288467407,0.5283397436141968,0.2142498791217804,-0.34215638041496277,0.9995323419570923,0.5119190812110901,0.21325035393238068,-0.3087634742259979,0.9994884133338928,0.5107632875442505,0.21245209872722626,-0.30921271443367004,0.9996064305305481,0.5094801187515259,0.21161173284053802,-0.30956849455833435,0.9996647834777832,0.5491771697998047,0.21952347457408905,-0.2997053265571594,0.9997952580451965,0.5234321355819702,0.21858611702919006,-0.1523069143295288,0.9992149472236633,0.5206282734870911,0.26167482137680054,-0.3141700029373169,0.9998171329498291,0.5105425715446472,0.2588520348072052,-0.2736528515815735,0.9996870160102844,0.6124938130378723,0.3728645443916321,-0.2685769200325012,0.9999480247497559,0.5044587254524231,0.38183873891830444,-0.0025502557400614023,0.9997894763946533,0.6453886032104492,0.5521434545516968,-0.24114660918712616,0.9958242177963257,0.4867677092552185,0.5436572432518005,0.08066460490226746,0.7688797116279602,0.6115155816078186,0.7049769759178162,-0.2836701571941376,0.9920700192451477,0.4473453462123871,0.6445335149765015,-0.08615291863679886,0.9718093872070312,0.6079986691474915,0.7514097690582275,-0.32097548246383667,0.9854089021682739,0.43486514687538147,0.6799651980400085,-0.12271298468112946,0.97037273645401,0.5956525802612305,0.737715482711792,-0.34603697061538696,0.9864019155502319,0.4307975172996521,0.6731660962104797,-0.1682930290699005,0.9744150638580322,0.5945706963539124,0.7173001766204834,-0.2920646667480469,0.9787960648536682,0.43724697828292847,0.6645983457565308,-0.11092589795589447,0.9661185145378113,0.5785948038101196,0.703724205493927,-0.08224356174468994,0.9982813596725464,0.5175111889839172,0.7044734954833984,0.0821802169084549,0.9980124831199646,0.5739517211914062,0.9355582594871521,-0.03491177782416344,0.724392294883728,0.5197299718856812,0.9427897334098816,0.20134618878364563,0.4051329791545868,0.5804368257522583,1.1836662292480469,0.1987319141626358,0.30799001455307007,0.5293555855751038,1.1621708869934082,0.44815096259117126,0.1469329595565796,0.5886849164962769,1.2153233289718628,0.21449494361877441,0.1879860758781433,0.5386059880256653,1.2001241445541382,0.4685180187225342,0.16356350481510162,0.5477104783058167,1.251386046409607,0.08667398989200592,0.2693367600440979,0.5006533861160278,1.2256251573562622,0.37612494826316833,0.14574608206748962
0.5062241554260254,0.23754526674747467,-0.33562171459198,0.9996212124824524,0.5167611241340637,0.21348024904727936,-0.3407081067562103,0.9993779063224792,0.5214444994926453,0.21340671181678772,-0.3411049544811249,0.9994357824325562,0.5264090299606323,0.21344509720802307,-0.34109237790107727,0.9994929432868958,0.5103870034217834,0.21242231130599976,-0.30891507863998413,0.9994580149650574,0.5091983675956726,0.21168865263462067,-0.3093698024749756,0.9995888471603394,0.507921576499939,0.21089890599250793,-0.3097306787967682,0.9996544718742371,0.5475850105285645,0.21951620280742645,-0.2985471785068512,0.9997837543487549,0.5221801996231079,0.2184927612543106,-0.16032683849334717,0.9992132186889648,0.5178971290588379,0.26111119985580444,-0.3133848309516907,0.9998073577880859,0.5085004568099976,0.2581159472465515,-0.2746700048446655,0.9996749758720398,0.6105614304542542,0.3724316358566284,-0.26488131284713745,0.999945878982544,0.5022006034851074,0.3826322853565216,-0.023661063984036446,0.9997920393943787,0.6450518369674683,0.5533755421638489,-0.23595097661018372,0.9957171082496643,0.4868852496147156,0.5486536026000977,0.051372043788433075,0.7701976299285889,0.6140233278274536,0.720030665397644,-0.2898130714893341,0.9897097945213318,0.4480568468570709,0.6648373007774353,-0.09886543452739716,0.9696021676063538,0.6116387248039246,0.7654784917831421,-0.32711362838745117,0.9810455441474915,0.43675366044044495,0.7041050791740417,-0.13544513285160065,0.9667055606842041,0.5986982583999634,0.7551803588867188,-0.3552646040916443,0.9823294878005981,0.4320945739746094,0.6988193392753601,-0.17957328259944916,0.9711650609970093,0.5967745780944824,0.7360203266143799,-0.2998655438423157,0.9735754132270813,0.4383469223976135,0.6897268295288086,-0.12266127020120621,0.9626379013061523,0.5786452889442444,0.7039810419082642,-0.0793805792927742,0.9983972311019897,0.5163982510566711,0.7065485715866089,0.07929728925228119,0.9981539249420166,0.5735501050949097,0.9360558986663818,-0.04100235924124718,0.7425133585929871,0.5196065306663513,0.9438438415527344,0.19221876561641693,0.4280334413051605,0.5798521041870117,1.18430757522583,0.19259974360466003,0.3309074342250824,0.5285701155662537,1.1624135971069336,0.43579626083374023,0.16383107006549835,0.5885566473007202,1.2157957553863525,0.20853769779205322,0.20004840195178986,0.5377869606018066,1.20041024684906,0.4565221667289734,0.17649659514427185,0.5450139045715332,1.2520612478256226,0.07874901592731476,0.2869778275489807,0.5000927448272705,1.2256826162338257,0.3586036264896393,0.16112695634365082
0.5046055912971497,0.23574061691761017,-0.3495189845561981,0.9995898604393005,0.5153833031654358,0.21246539056301117,-0.3523743450641632,0.9993279576301575,0.5198619365692139,0.21255739033222198,-0.35276609659194946,0.9993893504142761,0.5248798131942749,0.21273823082447052,-0.35275799036026,0.9994510412216187,0.5090712904930115,0.21123076975345612,-0.3234330713748932,0.9994207620620728,0.5078228712081909,0.21050366759300232,-0.32390162348747253,0.9995643496513367,0.5065086483955383,0.20963901281356812,-0.3242812156677246,0.9996387362480164,0.5457664132118225,0.21951182186603546,-0.3030548691749573,0.9997699856758118,0.5204680562019348,0.2180691361427307,-0.17181900143623352,0.999193549156189,0.5157198309898376,0.2602161765098572,-0.3243315517902374,0.9997891783714294,0.5061923265457153,0.25665903091430664,-0.2886054813861847,0.999647855758667,0.6078975200653076,0.37223002314567566,-0.2602982223033905,0.9999393820762634,0.49941760301589966,0.38283631205558777,-0.03113868460059166,0.999781608581543,0.6447068452835083,0.5543703436851501,-0.21186736226081848,0.9952272772789001,0.48697733879089355,0.5497087240219116,0.04961647838354111,0.7557041645050049,0.6173405051231384,0.72344571352005,-0.25051000714302063,0.9839610457420349,0.4490202069282532,0.6680437922477722,-0.08144643902778625,0.9579229950904846,0.6156736016273499,0.7681284546852112,-0.2838095724582672,0.9711307287216187,0.4381881654262543,0.7048275470733643,-0.11481165885925293,0.9525418877601624,0.6035122275352478,0.7599796056747437,-0.3141343295574188,0.9731641411781311,0.4338092803955078,0.6995055079460144,-0.1584245264530182,0.9585378170013428,0.6007373929023743,0.7402366399765015,-0.261063814163208,0.9622769951820374,0.4401780962944031,0.6901522874832153,-0.10426127910614014,0.9490094780921936,0.5775779485702515,0.7043853998184204,-0.0743258148431778,0.9984854459762573,0.5128251910209656,0.7084017992019653,0.07423646748065948,0.9982611536979675,0.572882354259491,0.9361758828163147,-0.037473760545253754,0.7582560777664185,0.5190274715423584,0.9459871053695679,0.1891496181488037,0.4509306848049164,0.5790765881538391,1.184929609298706,0.20999738574028015,0.3512744903564453,0.5277125239372253,1.1636360883712769,0.4329073429107666,0.18372701108455658,0.5879600048065186,1.216482162475586,0.2274584025144577,0.2099589854478836,0.5369182825088501,1.2018771171569824,0.4530019164085388,0.18942919373512268,0.5445782542228699,1.2527124881744385,0.0938010960817337,0.3020470142364502,0.4999684691429138,1.2264326810836792,0.3510046899318695,0.17714594304561615
0.5026198625564575,0.23511627316474915,-0.33125266432762146,0.9995241165161133,0.513523519039154,0.21205304563045502,-0.3378707468509674,0.9992093443870544,0.5175930261611938,0.21224598586559296,-0.3382412791252136,0.9992778897285461,0.522585391998291,0.2124834507703781,-0.3382418751716614,0.9993475079536438,0.5074875354766846,0.2105262279510498,-0.30671676993370056,0.9993364810943604,0.5063914060592651,0.20966483652591705,-0.30719777941703796,0.9995094537734985,0.5052239894866943,0.2085055261850357,-0.30758601427078247,0.9996031522750854,0.5441545844078064,0.21951214969158173,-0.29793602228164673,0.9997339844703674,0.5198931694030762,0.21755796670913696,-0.16641956567764282,0.9991433024406433,0.5131288170814514,0.25999295711517334,-0.31305569410324097,0.999756932258606,0.503995954990387,0.2561834156513214,-0.27425915002822876,0.9996062517166138,0.606748104095459,0.3721948266029358,-0.26157596707344055,0.9999339580535889,0.49821144342422485,0.3827722668647766,-0.020788569003343582,0.9997825622558594,0.6444819569587708,0.5545164942741394,-0.22053936123847961,0.9949459433555603,0.4873310923576355,0.54948490858078,0.05072750523686409,0.7481217384338379,0.6198782324790955,0.7187533974647522,-0.25007596611976624,0.978486180305481,0.4489537179470062,0.6705172061920166,-0.07954306155443192,0.9541487097740173,0.618787407875061,0.7611367702484131,-0.2817554175853729,0.9613322019577026,0.43709641695022583,0.7062528133392334,-0.11307140439748764,0.9472249150276184,0.6068410277366638,0.7518705725669861,-0.3104837238788605,0.9639365077018738,0.4323427677154541,0.7017692923545837,-0.1568533480167389,0.9538030624389648,0.6038039922714233,0.7334466576576233,-0.2597498595714569,0.9511380195617676,0.4396730959415436,0.6941397190093994,-0.10289385169744492,0.94380122423172,0.575499951839447,0.7050548195838928,-0.0743425041437149,0.998579204082489,0.5115567445755005,0.7103784084320068,0.074254110455513,0.9983797669410706,0.5714094042778015,0.9363572597503662,-0.04016754776239395,0.7738203406333923,0.5182753801345825,0.9461011290550232,0.1890660524368286,0.47428175806999207,0.5791037678718567,1.1877306699752808,0.20598700642585754,0.3715234398841858,0.5277097821235657,1.170483946800232,0.41613006591796875,0.2055705338716507,0.5883851647377014,1.219136118888855,0.22343961894512177,0.2202727198600769,0.5369230508804321,1.2100203037261963,0.4332759976387024,0.20542310178279877,0.5442706346511841,1.2569465637207031,0.09573601186275482,0.31668442487716675,0.49994927644729614,1.2341197729110718,0.33154556155204773,0.195949524641037
0.5018697381019592,0.2347681224346161,-0.33237960934638977,0.9994839429855347,0.5127940773963928,0.21179956197738647,-0.33899927139282227,0.9991340041160583,0.5170961618423462,0.21200843155384064,-0.3393764793872833,0.9992054104804993,0.5221758484840393,0.2122839391231537,-0.33937782049179077,0.9992824196815491,0.5065206289291382,0.21023914217948914,-0.3075205981731415,0.9992774128913879,0.5052592158317566,0.20939388871192932,-0.307996541261673,0.9994672536849976,0.5039581060409546,0.20820601284503937,-0.3083825409412384,0.9995742440223694,0.5430005788803101,0.21957050263881683,-0.2993687093257904,0.9997087717056274,0.5180186629295349,0.21742303669452667,-0.1613830029964447,0.9990893006324768,0.5126304626464844,0.25980961322784424,-0.3138943016529083,0.999730110168457,0.5027814507484436,0.2558867633342743,-0.27484115958213806,0.9995662569999695,0.605654239654541,0.3721649944782257,-0.2695726156234741,0.9999313950538635,0.49724888801574707,0.3825203478336334,-0.017848357558250427,0.9997820854187012,0.6440014839172363,0.5558297634124756,-0.22955045104026794,0.9948447942733765,0.4872947633266449,0.5492951273918152,0.05162794142961502,0.7389497756958008,0.62237548828125,0.7291110754013062,-0.2757398188114166,0.9750849604606628,0.450217068195343,0.6811025142669678,-0.08765481412410736,0.9500169157981873,0.6238569617271423,0.7713901996612549,-0.3116503357887268,0.9547569751739502,0.4397923946380615,0.7185681462287903,-0.12331543117761612,0.9415948390960693,0.612470269203186,0.7657076716423035,-0.34025755524635315,0.9577116370201111,0.4342860281467438,0.7126280665397644,-0.16772541403770447,0.9487277269363403,0.607962429523468,0.7461847066879272,-0.28577131032943726,0.9435252547264099,0.4418052136898041,0.7054256796836853,-0.1116299033164978,0.9382484555244446,0.5740296840667725,0.70621258020401,-0.07551003992557526,0.9986752867698669,0.5098952054977417,0.7122301459312439,0.07541976869106293,0.9984945058822632,0.5707858800888062,0.9362975358963013,-0.021160254254937172,0.7851133346557617,0.5180054903030396,0.9459439516067505,0.2220594882965088,0.48486050963401794,0.5787175297737122,1.1875489950180054,0.2335299253463745,0.38456565141677856,0.5276613831520081,1.1703827381134033,0.4487314820289612,0.21801406145095825,0.5880270004272461,1.2188605070114136,0.2517848610877991,0.22718244791030884,0.5368752479553223,1.2097443342208862,0.46641483902931213,0.21480000019073486,0.5443571209907532,1.2568438053131104,0.12653475999832153,0.3241419494152069,0.4999791085720062,1.2339141368865967,0.36455005407333374,0.20543378591537476
0.5013996362686157,0.2346724420785904,-0.3377305567264557,0.9994800090789795,0.5122145414352417,0.21165171265602112,-0.3444887399673462,0.9991294145584106,0.5167996287345886,0.21183060109615326,-0.3448824882507324,0.9992048144340515,0.5218604803085327,0.2121143788099289,-0.34488242864608765,0.999281644821167,0.5059144496917725,0.2101055532693863,-0.3123164176940918,0.999268651008606,0.5046045184135437,0.20927320420742035,-0.31277701258659363,0.999461829662323,0.5032757520675659,0.20808370411396027,-0.31314143538475037,0.9995688199996948,0.5421337485313416,0.21955199539661407,-0.3085779547691345,0.9997124671936035,0.5170853137969971,0.2173968404531479,-0.16376647353172302,0.9990876913070679,0.5124403238296509,0.2597953677177429,-0.3191635310649872,0.9997287392616272,0.5021193027496338,0.2558557093143463,-0.2791474461555481,0.9995617866516113,0.6043261289596558,0.3720499277114868,-0.282753050327301,0.9999327063560486,0.49670857191085815,0.3825005888938904,-0.02141096070408821,0.9997831583023071,0.6438814401626587,0.5560042262077332,-0.2543386220932007,0.994979202747345,0.4870656132698059,0.5530773401260376,0.04610855132341385,0.7294254302978516,0.6241041421890259,0.7314139604568481,-0.3003474175930023,0.9741183519363403,0.45225757360458374,0.695111095905304,-0.09399421513080597,0.9418397545814514,0.6264530420303345,0.7732229232788086,-0.3399776220321655,0.9526344537734985,0.4440009593963623,0.7322600483894348,-0.13002687692642212,0.9317392706871033,0.6151823997497559,0.7684338092803955,-0.36714619398117065,0.9556758999824524,0.43915852904319763,0.7288079857826233,-0.17418219149112701,0.9398712515830994,0.610048770904541,0.7492549419403076,-0.3102528154850006,0.9407380819320679,0.4460808336734772,0.7202551960945129,-0.11796877533197403,0.9288527369499207,0.5733405351638794,0.7077577114105225,-0.07655918598175049,0.9987697005271912,0.5089801549911499,0.7135815024375916,0.07646024227142334,0.9985987544059753,0.5709357857704163,0.9364555478096008,-0.023899909108877182,0.8004583120346069,0.5178351998329163,0.946136474609375,0.23131927847862244,0.5045178532600403,0.578203022480011,1.186397671699524,0.2332286387681961,0.41124868392944336,0.5276594161987305,1.16762375831604,0.46233734488487244,0.24062326550483704,0.5871313810348511,1.2178819179534912,0.25167956948280334,0.2447236180305481,0.5368857979774475,1.2079001665115356,0.4805041253566742,0.23343996703624725,0.5444718599319458,1.2550705671310425,0.12604598701000214,0.34620580077171326,0.49991947412490845,1.2283868789672852,0.38105911016464233,0.22581064701080322
0.5005386471748352,0.23464573919773102,-0.36540889739990234,0.9994843602180481,0.5111374855041504,0.2115863561630249,-0.3702874779701233,0.9991387128829956,0.515653133392334,0.2117280513048172,-0.3706943988800049,0.9992184638977051,0.5208464860916138,0.2119714468717575,-0.3706977069377899,0.9992954730987549,0.5044978857040405,0.21008841693401337,-0.3391537070274353,0.9992663860321045,0.5029975771903992,0.20926323533058167,-0.339601993560791,0.999458909034729,0.5015295743942261,0.20807495713233948,-0.3399564325809479,0.9995636343955994,0.5409156084060669,0.21943554282188416,-0.32897627353668213,0.9997209906578064,0.5151480436325073,0.2173931747674942,-0.1863095462322235,0.9990835785865784,0.5116252303123474,0.2597816288471222,-0.3433364927768707,0.999732494354248,0.5011823773384094,0.2558547854423523,-0.3043983578681946,0.9995614290237427,0.6032660603523254,0.3720323443412781,-0.2992684841156006,0.9999356269836426,0.4950333535671234,0.38247761130332947,-0.040420278906822205,0.9997798204421997,0.6433974504470825,0.5572551488876343,-0.27305012941360474,0.9952627420425415,0.48667874932289124,0.5570831894874573,0.02857160195708275,0.7203450798988342,0.6247545480728149,0.7405485510826111,-0.3134438395500183,0.975152850151062,0.4563111662864685,0.7041570544242859,-0.09609448909759521,0.9282786250114441,0.6284767389297485,0.7853186726570129,-0.3505944311618805,0.9540523290634155,0.45347651839256287,0.7411967515945435,-0.13529963791370392,0.9153304696083069,0.6172073483467102,0.7851592898368835,-0.38193339109420776,0.9570028185844421,0.4495949149131775,0.740536093711853,-0.1797211915254593,0.9248663187026978,0.6113102436065674,0.7633733749389648,-0.3238547444343567,0.9423116445541382,0.4541109502315521,0.7301350831985474,-0.12157589197158813,0.9135692715644836,0.5724730491638184,0.7090293169021606,-0.07674838602542877,0.9988629817962646,0.508010983467102,0.7150772213935852,0.07665085047483444,0.9986968040466309,0.5709772706031799,0.9366705417633057,-0.028527062386274338,0.814362108707428,0.5172903537750244,0.9465793967247009,0.22657954692840576,0.5219100713729858,0.5778658390045166,1.186416745185852,0.22804062068462372,0.4360423982143402,0.527660071849823,1.1661098003387451,0.4663040041923523,0.2597099244594574,0.5870428681373596,1.2179441452026367,0.2463109791278839,0.2585308253765106,0.5368922352790833,1.2063195705413818,0.48534703254699707,0.24767863750457764,0.5437692403793335,1.2550327777862549,0.11508302390575409,0.36729609966278076,0.4999367296695709,1.2262271642684937,0.3832235038280487,0.24345728754997253
0.49906831979751587,0.23438824713230133,-0.3701592683792114,0.9994801878929138,0.5096950531005859,0.21152350306510925,-0.37566620111465454,0.9991325736045837,0.51372230052948,0.2116553634405136,-0.3760696053504944,0.9992179274559021,0.5188698768615723,0.2118535339832306,-0.37607666850090027,0.9992967247962952,0.5030439496040344,0.21004655957221985,-0.3441161811351776,0.9992510080337524,0.5015027523040771,0.2092173844575882,-0.34456580877304077,0.9994466304779053,0.4999755024909973,0.20799165964126587,-0.34491685032844543,0.9995514750480652,0.5394351482391357,0.21939674019813538,-0.3366977572441101,0.9997250437736511,0.5137989521026611,0.21731074154376984,-0.19155572354793549,0.999067485332489,0.5095192193984985,0.2596287727355957,-0.34845560789108276,0.9997339248657227,0.499640554189682,0.2556343078613281,-0.30893054604530334,0.9995582103729248,0.6022956371307373,0.37205106019973755,-0.3071325421333313,0.9999385476112366,0.4938107132911682,0.3822686970233917,-0.044754210859537125,0.9997810125350952,0.6429019570350647,0.5605117678642273,-0.285738468170166,0.9955499768257141,0.4865263104438782,0.5595921874046326,0.022916700690984726,0.7147759795188904,0.6250693798065186,0.7443410158157349,-0.3351897597312927,0.9763889312744141,0.4581850469112396,0.7065156102180481,-0.10488955676555634,0.9207506775856018,0.6284148097038269,0.7906602025032043,-0.37538158893585205,0.9558989405632019,0.4551945626735687,0.7438229322433472,-0.14037859439849854,0.9057798385620117,0.6166239976882935,0.7902944087982178,-0.4057391285896301,0.9587216377258301,0.4517582058906555,0.7433040142059326,-0.1836315542459488,0.9162024259567261,0.6110156774520874,0.7684094905853271,-0.34574514627456665,0.9443943500518799,0.4566233158111572,0.7329191565513611,-0.12866631150245667,0.9044997096061707,0.5717821717262268,0.7107139825820923,-0.07721924036741257,0.9989478588104248,0.5074871778488159,0.7162371873855591,0.07712647318840027,0.9987876415252686,0.5710310339927673,0.9385536313056946,-0.031664784997701645,0.8265330791473389,0.5169323086738586,0.9479729533195496,0.21812036633491516,0.5373178124427795,0.5776787400245667,1.1890056133270264,0.2244327813386917,0.45709729194641113,0.527654767036438,1.1700996160507202,0.4632505774497986,0.27692654728889465,0.587028443813324,1.2212013006210327,0.24250146746635437,0.27001774311065674,0.5368844270706177,1.2108443975448608,0.48153266310691833,0.2601366341114044,0.5432603359222412,1.2571452856063843,0.10576993227005005,0.38570621609687805,0.49997439980506897,1.230018138885498,0.3648523688316345,0.25994256138801575
0.49760597944259644,0.23397381603717804,-0.40043845772743225,0.9994529485702515,0.5083242654800415,0.2114129364490509,-0.40780535340309143,0.9990803003311157,0.5119490623474121,0.21154524385929108,-0.40821176767349243,0.99917072057724,0.5169364213943481,0.21170933544635773,-0.4082246422767639,0.9992536306381226,0.50181645154953,0.2098979949951172,-0.3746465742588043,0.9992086887359619,0.5003235340118408,0.20898641645908356,-0.3751022517681122,0.9994176626205444,0.49880677461624146,0.207558736205101,-0.3754647672176361,0.9995313882827759,0.5381314754486084,0.21939222514629364,-0.37311387062072754,0.9997116923332214,0.5130452513694763,0.21706007421016693,-0.2204325944185257,0.9990401864051819,0.5074350237846375,0.25941312313079834,-0.3801174759864807,0.9997266530990601,0.4977911412715912,0.2551614046096802,-0.3383612334728241,0.9995487332344055,0.6016534566879272,0.3722703158855438,-0.33944424986839294,0.9999390244483948,0.4920803904533386,0.38212844729423523,-0.07234811782836914,0.9997886419296265,0.64227294921875,0.5629869103431702,-0.318057119846344,0.9957261681556702,0.48617881536483765,0.559711217880249,-0.0007305392646230757,0.7245349287986755,0.6261110305786133,0.7460362911224365,-0.3664361238479614,0.9763397574424744,0.4618721008300781,0.7070732116699219,-0.1384807527065277,0.9238712191581726,0.6303439736366272,0.7927529811859131,-0.40802478790283203,0.9552596807479858,0.45914211869239807,0.7457207441329956,-0.17643192410469055,0.9083697199821472,0.6184397339820862,0.7927964329719543,-0.4390791058540344,0.9580761790275574,0.45684680342674255,0.7439271807670593,-0.22089079022407532,0.9185627698898315,0.6123647093772888,0.7713568210601807,-0.3774867057800293,0.9434425830841064,0.4613889753818512,0.7335410118103027,-0.1622784435749054,0.9069010019302368,0.5713164806365967,0.710623025894165,-0.07810568064451218,0.9990163445472717,0.5071984529495239,0.7159701585769653,0.07801467180252075,0.9988700151443481,0.5710985660552979,0.9391682147979736,-0.03294738382101059,0.8368987441062927,0.5166733860969543,0.948182225227356,0.21918249130249023,0.5507476329803467,0.5776489973068237,1.191024661064148,0.21878719329833984,0.47376614809036255,0.5275288820266724,1.1709609031677246,0.45988887548446655,0.2897481620311737,0.5870047807693481,1.2237248420715332,0.2363676130771637,0.2781747579574585,0.5367629528045654,1.2115548849105835,0.4783809781074524,0.2690199315547943,0.5433787107467651,1.259002447128296,0.10237573087215424,0.3995002508163452,0.5000098347663879,1.2324965000152588,0.3681968152523041,0.27139076590538025
0.495952308177948,0.2334655076265335,-0.38156381249427795,0.9994083642959595,0.5067816972732544,0.2112266719341278,-0.3875296115875244,0.99900221824646,0.5100233554840088,0.21137873828411102,-0.38793134689331055,0.9991037845611572,0.514672040939331,0.21147532761096954,-0.38793742656707764,0.999193549156189,0.5003944039344788,0.20959272980690002,-0.35528764128685,0.9991456270217896,0.49907010793685913,0.20849458873271942,-0.3557407259941101,0.9993762969970703,0.49773144721984863,0.20678287744522095,-0.35609740018844604,0.9995017647743225,0.536676287651062,0.2193460911512375,-0.35558491945266724,0.9996950626373291,0.5129400491714478,0.21681293845176697,-0.20444662868976593,0.9990066289901733,0.5054051876068115,0.25926586985588074,-0.3607364594936371,0.9997187256813049,0.4956861138343811,0.2547362148761749,-0.31999754905700684,0.9995383024215698,0.6017714738845825,0.3726935088634491,-0.32428982853889465,0.9999395608901978,0.49147701263427734,0.38184618949890137,-0.06503889709711075,0.9997959733009338,0.6409761905670166,0.56591796875,-0.30183544754981995,0.9958599209785461,0.4863942563533783,0.5593613386154175,0.004665555898100138,0.7330154776573181,0.6275204420089722,0.7454735040664673,-0.3563503324985504,0.9765293598175049,0.46453657746315,0.7032390832901001,-0.13448920845985413,0.9271736741065979,0.6325398087501526,0.7903419733047485,-0.4016197621822357,0.9553630352020264,0.4604930281639099,0.7418034672737122,-0.17208202183246613,0.9116175174713135,0.6209126710891724,0.790242075920105,-0.42770323157310486,0.9581674933433533,0.45751094818115234,0.7381184101104736,-0.21636947989463806,0.921531081199646,0.6145736575126648,0.7702720761299133,-0.3666566014289856,0.9435070753097534,0.4623813033103943,0.7282853722572327,-0.15820065140724182,0.9100755453109741,0.5706803798675537,0.7106093168258667,-0.0779152363538742,0.9990761876106262,0.5068157315254211,0.7157615423202515,0.07782373577356339,0.9989411234855652,0.5711327791213989,0.9387929439544678,-0.03742719441652298,0.8463148474693298,0.5164311528205872,0.9476169347763062,0.21522477269172668,0.5639236569404602,0.5775940418243408,1.1917468309402466,0.2157275676727295,0.48954781889915466,0.5274062752723694,1.1708630323410034,0.4554138779640198,0.3006046712398529,0.5867394208908081,1.224543809890747,0.23324532806873322,0.2854977548122406,0.5365996360778809,1.211368441581726,0.47344136238098145,0.27568668127059937,0.5434795618057251,1.259943962097168,0.09853414446115494,0.4135066568851471,0.500034749507904,1.2330487966537476,0.3650767207145691,0.2824373245239258
0.4947107434272766,0.23246118426322937,-0.39440399408340454,0.999382495880127,0.50572669506073,0.21085824072360992,-0.4027687907218933,0.998958945274353,0.5089541673660278,0.21109159290790558,-0.4031674265861511,0.9990642070770264,0.5135022401809692,0.2111765742301941,-0.4031759798526764,0.9991530179977417,0.4992695748806,0.20880910754203796,-0.3695320785045624,0.999118983745575,0.49795475602149963,0.20741422474384308,-0.3700014650821686,0.999362051486969,0.49665936827659607,0.20541152358055115,-0.37036842107772827,0.9994933009147644,0.5355257391929626,0.21930299699306488,-0.37432220578193665,0.9996846914291382,0.5119702219963074,0.21622486412525177,-0.22112366557121277,0.9990108013153076,0.5033553242683411,0.2588726282119751,-0.37632137537002563,0.9997147917747498,0.4935285151004791,0.25354254245758057,-0.3344678282737732,0.9995390176773071,0.6004255414009094,0.37269341945648193,-0.33876779675483704,0.9999380111694336,0.4903699457645416,0.3801024556159973,-0.08161356300115585,0.9998030662536621,0.6398319005966187,0.5670162439346313,-0.31421637535095215,0.9959585666656494,0.48711052536964417,0.5592255592346191,-0.014219595119357109,0.7445148229598999,0.6290349960327148,0.744719386100769,-0.3559104800224304,0.9755321741104126,0.46794256567955017,0.6988531947135925,-0.15477056801319122,0.9311708211898804,0.6349431872367859,0.7897800207138062,-0.396043986082077,0.9533582329750061,0.46290093660354614,0.7364507913589478,-0.19243524968624115,0.9158241152763367,0.6234413385391235,0.7896597981452942,-0.42544978857040405,0.9562778472900391,0.46010956168174744,0.7332713603973389,-0.23576855659484863,0.9253478646278381,0.6169993877410889,0.7712172865867615,-0.36672714352607727,0.9411584138870239,0.46502718329429626,0.7241390943527222,-0.17797335982322693,0.9142425656318665,0.5696588754653931,0.7099297642707825,-0.07790951430797577,0.9991171956062317,0.5067945718765259,0.7152500748634338,0.07781826704740524,0.998996376991272,0.5710340738296509,0.9376049637794495,-0.05752602219581604,0.8568480610847473,0.5159072875976562,0.9426025152206421,0.17799802124500275,0.5856260061264038,0.5778563022613525,1.1916091442108154,0.1927107870578766,0.5116552114486694,0.5273759365081787,1.1694334745407104,0.41874632239341736,0.32147255539894104,0.5869600772857666,1.2244625091552734,0.20986568927764893,0.2971498370170593,0.5365948677062988,1.2090115547180176,0.4379691183567047,0.2898830771446228,0.5436735153198242,1.2598228454589844,0.07611847668886185,0.43374091386795044,0.5000454187393188,1.2329719066619873,0.33574020862579346,0.3024645149707794
0.49383172392845154,0.23180200159549713,-0.41505879163742065,0.9993984699249268,0.5047962069511414,0.21051296591758728,-0.4232853949069977,0.9989954233169556,0.5081223249435425,0.210786834359169,-0.4236985146999359,0.9991002678871155,0.5127646327018738,0.21084064245224,-0.4237101674079895,0.999184250831604,0.4980657994747162,0.20813526213169098,-0.3907676339149475,0.9991461634635925,0.4966677129268646,0.2065332978963852,-0.39123716950416565,0.9993823170661926,0.4953504502773285,0.20438827574253082,-0.3916027247905731,0.9995073676109314,0.5344415307044983,0.21903745830059052,-0.38855382800102234,0.999699056148529,0.5103892087936401,0.21553434431552887,-0.23921826481819153,0.9990429878234863,0.5020400285720825,0.25860387086868286,-0.39439553022384644,0.9997215867042542,0.4924338459968567,0.25285065174102783,-0.35359081625938416,0.9995473027229309,0.5987669229507446,0.3724171817302704,-0.35060030221939087,0.9999388456344604,0.4899357259273529,0.3728988766670227,-0.08825938403606415,0.9998013973236084,0.6392027139663696,0.5684348940849304,-0.3132656216621399,0.9960285425186157,0.4886317253112793,0.5497511625289917,-0.027559127658605576,0.7320736050605774,0.630642294883728,0.7459214925765991,-0.3533667325973511,0.97396320104599,0.4711388051509857,0.687070906162262,-0.1722734570503235,0.920893132686615,0.6371887922286987,0.7904375791549683,-0.38613826036453247,0.9503538608551025,0.46814218163490295,0.7308240532875061,-0.20879411697387695,0.9049704670906067,0.6261361241340637,0.790940523147583,-0.41905027627944946,0.9535025358200073,0.46547389030456543,0.7323302626609802,-0.25080960988998413,0.9155179858207703,0.61960768699646,0.7739312648773193,-0.3644269108772278,0.9377438426017761,0.4691508412361145,0.7227259278297424,-0.19499969482421875,0.9038183689117432,0.5679085850715637,0.7089561223983765,-0.07882179319858551,0.9991647601127625,0.5067054033279419,0.714652419090271,0.07873000204563141,0.9990443587303162,0.5709021687507629,0.9368667602539062,-0.056530386209487915,0.8677858114242554,0.5153250098228455,0.9385359883308411,0.19249100983142853,0.606212317943573,0.5782996416091919,1.1906520128250122,0.19417430460453033,0.5366015434265137,0.5274233222007751,1.1668741703033447,0.44397109746932983,0.3450797498226166,0.5876349210739136,1.2235325574874878,0.21145200729370117,0.31345826387405396,0.5368845462799072,1.2063871622085571,0.46457457542419434,0.3076820373535156,0.5437198281288147,1.2597622871398926,0.0784824937582016,0.45783811807632446,0.49996131658554077,1.2311593294143677,0.36911261081695557,0.3248043358325958
0.49206775426864624,0.2308548241853714,-0.40182286500930786,0.9993853569030762,0.5032246708869934,0.20993293821811676,-0.41031455993652344,0.998986005783081,0.5064650774002075,0.2104223519563675,-0.41072791814804077,0.9990985989570618,0.5108824968338013,0.21053209900856018,-0.4107360243797302,0.9991815686225891,0.49619755148887634,0.20708134770393372,-0.37887459993362427,0.9991313219070435,0.4948733448982239,0.20532622933387756,-0.3793471157550812,0.9993734955787659,0.4936928153038025,0.20323200523853302,-0.379718154668808,0.9994977116584778,0.5324184894561768,0.21901580691337585,-0.37859827280044556,0.9997024536132812,0.5090760588645935,0.2150471806526184,-0.23490619659423828,0.999035120010376,0.5000047087669373,0.2584567070007324,-0.38191914558410645,0.9997124075889587,0.49019938707351685,0.2519179582595825,-0.3425416052341461,0.9995272159576416,0.5980053544044495,0.37241241335868835,-0.34047478437423706,0.9999385476112366,0.4889206886291504,0.3696081042289734,-0.0893692746758461,0.9997912049293518,0.6384099721908569,0.5694096684455872,-0.30344828963279724,0.9959626793861389,0.48955243825912476,0.5410834550857544,-0.02453005500137806,0.7031125426292419,0.6316574811935425,0.74549800157547,-0.3000437617301941,0.9707664251327515,0.4750490188598633,0.672237753868103,-0.15632326900959015,0.892967939376831,0.6391834020614624,0.790474534034729,-0.3292456269264221,0.9445686340332031,0.47272348403930664,0.7204620242118835,-0.19564984738826752,0.8770060539245605,0.6290132999420166,0.7910382747650146,-0.3623364567756653,0.9481877088546753,0.4714830815792084,0.7223785519599915,-0.2481524646282196,0.8892900347709656,0.6221421957015991,0.7742385864257812,-0.3108310103416443,0.9315685033798218,0.47457170486450195,0.709804892539978,-0.18007676303386688,0.8769561052322388,0.5669196248054504,0.707477331161499,-0.07839564234018326,0.9992146492004395,0.5065892934799194,0.7132925987243652,0.07831379026174545,0.9990929365158081,0.5709089040756226,0.9368077516555786,-0.041265130043029785,0.8770885467529297,0.5152143239974976,0.9361231327056885,0.2169760763645172,0.6205670237541199,0.5785278081893921,1.187280297279358,0.21147818863391876,0.5579066276550293,0.5276337265968323,1.161892056465149,0.46156376600265503,0.36454612016677856,0.5879853367805481,1.2202754020690918,0.22924092411994934,0.32775720953941345,0.5374021530151367,1.201949954032898,0.48162904381752014,0.32162120938301086,0.5437222719192505,1.2556747198104858,0.10037201642990112,0.47780367732048035,0.4999054968357086,1.223323106765747,0.3867575526237488,0.3429871201515198
0.49102991819381714,0.23018983006477356,-0.4156968593597412,0.9993818402290344,0.5022024512290955,0.20955316722393036,-0.4216356873512268,0.9989920854568481,0.5054850578308105,0.21015040576457977,-0.4220471978187561,0.9991075992584229,0.5100860595703125,0.21028560400009155,-0.4220616817474365,0.9991912841796875,0.49483999609947205,0.20632396638393402,-0.39226633310317993,0.9991276264190674,0.4934280514717102,0.20444604754447937,-0.3927454352378845,0.9993678331375122,0.4922243058681488,0.2023794949054718,-0.3931218981742859,0.9994893670082092,0.5313233137130737,0.21890108287334442,-0.3789944052696228,0.9997082352638245,0.5069666504859924,0.21432383358478546,-0.24381498992443085,0.9990178346633911,0.49898630380630493,0.2582990825176239,-0.3919218182563782,0.9997045397758484,0.4886492192745209,0.2509201765060425,-0.35533931851387024,0.999504804611206,0.5968711376190186,0.37237098813056946,-0.3382914662361145,0.9999386668205261,0.48824793100357056,0.36752191185951233,-0.09571120887994766,0.999767005443573,0.6375099420547485,0.5703408122062683,-0.2991362512111664,0.9960331320762634,0.49085158109664917,0.5416326522827148,-0.042257074266672134,0.6698935031890869,0.6324409246444702,0.7460904717445374,-0.30864083766937256,0.9682891964912415,0.47659268975257874,0.6726065874099731,-0.17350925505161285,0.8474209308624268,0.6404129862785339,0.7923209071159363,-0.3398836553096771,0.9398199319839478,0.4739980697631836,0.7203704118728638,-0.20797479152679443,0.8319545388221741,0.6303356885910034,0.7931448221206665,-0.37241119146347046,0.9438228011131287,0.47225165367126465,0.7215309143066406,-0.2486691027879715,0.8457499146461487,0.623164713382721,0.7761197686195374,-0.31946641206741333,0.9266351461410522,0.4754997789859772,0.709578275680542,-0.19468513131141663,0.8344471454620361,0.566960871219635,0.7051694393157959,-0.07682734727859497,0.9992643594741821,0.5062634348869324,0.711382269859314,0.07675685733556747,0.9991405606269836,0.5708243250846863,0.9368464946746826,-0.042613234370946884,0.8866664171218872,0.5151941180229187,0.936627984046936,0.1713649183511734,0.6427360773086548,0.5788300633430481,1.1869349479675293,0.20604100823402405,0.583425760269165,0.5275104641914368,1.1618506908416748,0.39665713906288147,0.3942486345767975,0.5886300802230835,1.2199602127075195,0.2230815589427948,0.34629085659980774,0.5373566150665283,1.2019425630569458,0.4146246016025543,0.34408310055732727,0.5433694124221802,1.255161166191101,0.08904292434453964,0.501821756362915,0.49904125928878784,1.222845196723938,0.31065282225608826,0.36985406279563904
0.4901510179042816,0.23001515865325928,-0.41307568550109863,0.9993739724159241,0.5011482238769531,0.20928272604942322,-0.4174536168575287,0.9989891052246094,0.5043474435806274,0.20992878079414368,-0.4178561568260193,0.9991093873977661,0.5089308619499207,0.21008586883544922,-0.4178747534751892,0.9991911053657532,0.49388664960861206,0.20589697360992432,-0.3834878206253052,0.9991233944892883,0.49247807264328003,0.20395292341709137,-0.3839276432991028,0.999366283416748,0.4912691116333008,0.20189109444618225,-0.38427209854125977,0.9994863867759705,0.5303683280944824,0.21872669458389282,-0.3703990876674652,0.9997111558914185,0.5064054131507874,0.21394875645637512,-0.23337861895561218,0.9990231990814209,0.4982261657714844,0.2582166790962219,-0.38793253898620605,0.999694287776947,0.4881652295589447,0.25083106756210327,-0.3459523022174835,0.9994865655899048,0.5958164930343628,0.3721652030944824,-0.3324550688266754,0.9999375939369202,0.4882656931877136,0.3664153218269348,-0.0921364277601242,0.9997538924217224,0.6366227865219116,0.5712956190109253,-0.2698773741722107,0.9959492683410645,0.4911464750766754,0.5406315922737122,-0.032877661287784576,0.6402691006660461,0.6330949664115906,0.7465757727622986,-0.2609439790248871,0.9647514820098877,0.47699612379074097,0.6692063808441162,-0.1709592044353485,0.815322756767273,0.641909122467041,0.7912866473197937,-0.2856854796409607,0.9336143136024475,0.4741419851779938,0.718061089515686,-0.19173455238342285,0.8000774383544922,0.6318010091781616,0.7936940789222717,-0.31960123777389526,0.9382193684577942,0.4721001982688904,0.720140814781189,-0.22469620406627655,0.8153972029685974,0.6242068409919739,0.7772881388664246,-0.2717791199684143,0.9204687476158142,0.4754350781440735,0.7071693539619446,-0.18378695845603943,0.8041335940361023,0.5659651756286621,0.704630970954895,-0.07521194964647293,0.9993049502372742,0.5058773756027222,0.7101711630821228,0.07515467703342438,0.9991794228553772,0.5705901384353638,0.9368759393692017,-0.027917763218283653,0.8950232863426208,0.5151642560958862,0.9364835023880005,0.17292889952659607,0.6592857837677002,0.5790535807609558,1.1855015754699707,0.2179623395204544,0.6049425005912781,0.5274311304092407,1.1568892002105713,0.4103379249572754,0.41618138551712036,0.5891278982162476,1.218643069267273,0.23498329520225525,0.36133432388305664,0.5373450517654419,1.1977386474609375,0.4288513660430908,0.36031484603881836,0.5427221655845642,1.2519887685775757,0.10648759454488754,0.5223004221916199,0.497353732585907,1.2133440971374512,0.3111163079738617,0.391039103269577
0.4892609119415283,0.22986117005348206,-0.40887579321861267,0.999369740486145,0.5002757906913757,0.2090640813112259,-0.4163731634616852,0.998993992805481,0.5035756230354309,0.2097506821155548,-0.41678547859191895,0.9991176724433899,0.5083789825439453,0.20994225144386292,-0.4167851507663727,0.9991960525512695,0.4927305579185486,0.20557372272014618,-0.3855193257331848,0.9991243481636047,0.49125027656555176,0.20361241698265076,-0.38599687814712524,0.999366819858551,0.4899887442588806,0.2015811651945114,-0.3863772749900818,0.9994837641716003,0.5295879244804382,0.21850205957889557,-0.3802301287651062,0.9997149109840393,0.5049198865890503,0.21357931196689606,-0.24385173618793488,0.9990258812904358,0.49748095870018005,0.2581886649131775,-0.38700228929519653,0.999677300453186,0.48760557174682617,0.25074073672294617,-0.34868019819259644,0.9994559288024902,0.594613254070282,0.37190213799476624,-0.339419960975647,0.999934196472168,0.488441526889801,0.3639141023159027,-0.09507150202989578,0.9997268915176392,0.63591468334198,0.5724237561225891,-0.2708171010017395,0.9957000017166138,0.4931251108646393,0.536026656627655,-0.024033883586525917,0.5975084900856018,0.6338995099067688,0.7472324967384338,-0.24766425788402557,0.9575271010398865,0.4785899519920349,0.6553885340690613,-0.10876260697841644,0.7650288939476013,0.6440420150756836,0.7904313206672668,-0.2705574631690979,0.9213589429855347,0.4761141836643219,0.7095268964767456,-0.13194411993026733,0.7518190145492554,0.6337692737579346,0.79371577501297,-0.30360764265060425,0.926954984664917,0.47388386726379395,0.7107498049736023,-0.16643363237380981,0.767966628074646,0.6255406141281128,0.7780157327651978,-0.25778207182884216,0.9080139398574829,0.47743797302246094,0.6970579624176025,-0.12578442692756653,0.7573537230491638,0.5647376179695129,0.7045226097106934,-0.07545687258243561,0.9993352293968201,0.5054041147232056,0.7091661095619202,0.07541951537132263,0.999203622341156,0.5702506303787231,0.9371988773345947,-0.004309197422116995,0.9006796479225159,0.5150928497314453,0.936568558216095,0.226674884557724,0.6645033955574036,0.5791115760803223,1.1856937408447266,0.2443467080593109,0.6170089244842529,0.5270649194717407,1.156229019165039,0.4593806266784668,0.42792102694511414,0.5895091891288757,1.2190481424331665,0.2616457939147949,0.3670789301395416,0.5370959043502808,1.197799801826477,0.4781840741634369,0.36909031867980957,0.5403138399124146,1.252008080482483,0.1332145780324936,0.5314177870750427,0.49496546387672424,1.2102551460266113,0.3799085319042206,0.4011787176132202
0.4882733225822449,0.22980289161205292,-0.4115474820137024,0.9993709921836853,0.49937868118286133,0.20895956456661224,-0.420274555683136,0.9990070462226868,0.502741277217865,0.20968887209892273,-0.4206944406032562,0.999133825302124,0.5076271295547485,0.20990347862243652,-0.4206882417201996,0.9992095828056335,0.49169641733169556,0.205331489443779,-0.3904750347137451,0.9991272687911987,0.49022021889686584,0.2033286690711975,-0.3909596800804138,0.9993674755096436,0.4889475703239441,0.20128194987773895,-0.3913487493991852,0.9994792938232422,0.5287898778915405,0.21848240494728088,-0.38665470480918884,0.9997220635414124,0.5037168264389038,0.21341310441493988,-0.25163570046424866,0.9990244507789612,0.49637213349342346,0.25818735361099243,-0.390278697013855,0.9996627569198608,0.48660439252853394,0.25074130296707153,-0.3533087968826294,0.9994235634803772,0.5935670137405396,0.37184634804725647,-0.3432160019874573,0.999931812286377,0.48782896995544434,0.3606630861759186,-0.09783951938152313,0.9996903538703918,0.6351760625839233,0.5726245641708374,-0.26784366369247437,0.9955728054046631,0.49395933747291565,0.5285534262657166,-0.017040790989995003,0.5532448291778564,0.6343754529953003,0.7464478611946106,-0.23142492771148682,0.9526930451393127,0.47929486632347107,0.640959620475769,-0.07247807085514069,0.7080717086791992,0.6443607807159424,0.7897463440895081,-0.2528855502605438,0.912302553653717,0.4778929650783539,0.69620680809021,-0.0937584787607193,0.6972658038139343,0.6337035894393921,0.7921909689903259,-0.2856128513813019,0.9186792969703674,0.4759135842323303,0.6982930898666382,-0.12796883285045624,0.7135035991668701,0.625463604927063,0.7760712504386902,-0.2411317527294159,0.8988255858421326,0.47979870438575745,0.6812635064125061,-0.08967636525630951,0.7041235566139221,0.5637426376342773,0.7033478021621704,-0.0754857286810875,0.9993642568588257,0.5044225454330444,0.7068052887916565,0.07544092833995819,0.99922114610672,0.5695781707763672,0.9377163648605347,0.004459948744624853,0.9045873880386353,0.5150537490844727,0.9367531538009644,0.24068224430084229,0.6647868752479553,0.5791460871696472,1.1865841150283813,0.2461085319519043,0.625281035900116,0.526586651802063,1.1564081907272339,0.4693005681037903,0.43563979864120483,0.5896525382995605,1.2205411195755005,0.2625594735145569,0.36990612745285034,0.5366078615188599,1.1989773511886597,0.4875921607017517,0.37418314814567566,0.5397789478302002,1.2524539232254028,0.13155803084373474,0.5366578698158264,0.4938731789588928,1.2115373611450195,0.3893793821334839,0.4067719876766205
0.48735150694847107,0.22971980273723602,-0.40625277161598206,0.9993582963943481,0.4984862804412842,0.20883873105049133,-0.4145631194114685,0.9989989399909973,0.501915454864502,0.20961309969425201,-0.4149813652038574,0.999134361743927,0.5068279504776001,0.20986711978912354,-0.41497787833213806,0.9992090463638306,0.49100762605667114,0.20502758026123047,-0.38465946912765503,0.9991106390953064,0.4896059036254883,0.20295223593711853,-0.3851408362388611,0.9993550777435303,0.4883815348148346,0.20086263120174408,-0.3855251669883728,0.9994633197784424,0.5276841521263123,0.2184731811285019,-0.38234883546829224,0.9997252225875854,0.5031786561012268,0.2131807953119278,-0.2472064048051834,0.9990062713623047,0.49544867873191833,0.2582002282142639,-0.38531753420829773,0.9996457695960999,0.4857075810432434,0.2507258653640747,-0.3482171595096588,0.9993874430656433,0.5927034616470337,0.37183868885040283,-0.34200266003608704,0.9999301433563232,0.4872909486293793,0.3592776954174042,-0.09605762362480164,0.9996569156646729,0.6346110701560974,0.573170006275177,-0.2674251198768616,0.9954791069030762,0.4938032031059265,0.5288941860198975,-0.01360408402979374,0.514439046382904,0.6349678039550781,0.7463117241859436,-0.23354706168174744,0.9493619203567505,0.4793565273284912,0.6446595788002014,-0.06996296346187592,0.6597777009010315,0.6450124979019165,0.7892662882804871,-0.2551296353340149,0.9060326218605042,0.4778408408164978,0.6979890465736389,-0.09153877943754196,0.6510260105133057,0.6341876983642578,0.7916602492332458,-0.28736791014671326,0.9130138158798218,0.4759467542171478,0.698363184928894,-0.1259762942790985,0.667587161064148,0.6259950995445251,0.7755740880966187,-0.24313750863075256,0.892449140548706,0.4798556864261627,0.6838042140007019,-0.08745315670967102,0.6591781377792358,0.5631424188613892,0.7024334669113159,-0.07549940049648285,0.999389111995697,0.5035141110420227,0.7052878737449646,0.07545376569032669,0.999232292175293,0.5687564611434937,0.9377144575119019,0.0009732670150697231,0.9091933369636536,0.5149163007736206,0.9361873865127563,0.24063189327716827,0.6670991778373718,0.5791019201278687,1.186558485031128,0.24547016620635986,0.6352134943008423,0.525471568107605,1.1556347608566284,0.47354087233543396,0.44385677576065063,0.5896440744400024,1.220548152923584,0.2622726261615753,0.3743596374988556,0.5356318950653076,1.1987249851226807,0.49239078164100647,0.38047853112220764,0.5392071604728699,1.2520999908447266,0.1331653594970703,0.5439911484718323,0.4909927248954773,1.2085763216018677,0.3978078365325928,0.4136020839214325
0.4868389964103699,0.22973783314228058,-0.37872371077537537,0.9993517994880676,0.4978535771369934,0.20880970358848572,-0.38920682668685913,0.9989972710609436,0.5014004707336426,0.2095874547958374,-0.3896274268627167,0.9991378784179688,0.5064491033554077,0.209852933883667,-0.389626681804657,0.9992131590843201,0.49056491255760193,0.2049654871225357,-0.3600406348705292,0.9991014003753662,0.4891732633113861,0.20289283990859985,-0.36052650213241577,0.9993480443954468,0.48791471123695374,0.20080098509788513,-0.3609004616737366,0.9994539022445679,0.5271971225738525,0.21841178834438324,-0.36647936701774597,0.9997287392616272,0.5028752088546753,0.21316875517368317,-0.2350674420595169,0.9989936947822571,0.49515706300735474,0.25821632146835327,-0.36145681142807007,0.9996362924575806,0.4855676293373108,0.2509058713912964,-0.32521823048591614,0.9993633031845093,0.5927335023880005,0.37181514501571655,-0.3348344564437866,0.9999305605888367,0.48722901940345764,0.3599691092967987,-0.09275929629802704,0.9996357560157776,0.6342065334320068,0.5740607380867004,-0.26663705706596375,0.9953933358192444,0.4936574399471283,0.530163049697876,-0.024460485205054283,0.4827597141265869,0.6353410482406616,0.7465603351593018,-0.2516455054283142,0.9460133910179138,0.4796462059020996,0.6480053663253784,-0.11955972015857697,0.6181595325469971,0.6460818648338318,0.7889021039009094,-0.27686014771461487,0.9005338549613953,0.47793665528297424,0.6993204951286316,-0.1458025723695755,0.6116704940795898,0.6346582174301147,0.791475772857666,-0.308747261762619,0.9080839157104492,0.47617554664611816,0.699451744556427,-0.17739620804786682,0.6288227438926697,0.6262125372886658,0.7753779292106628,-0.26168063282966614,0.8869125247001648,0.48044198751449585,0.685565710067749,-0.13716164231300354,0.6214443445205688,0.5627895593643188,0.702657163143158,-0.0754954069852829,0.9994145631790161,0.5031310319900513,0.7053350806236267,0.07544879615306854,0.9992485046386719,0.5682411193847656,0.9380240440368652,0.005390292499214411,0.9137582778930664,0.5147791504859924,0.9365386366844177,0.24611584842205048,0.6685033440589905,0.5789391994476318,1.1860989332199097,0.24130496382713318,0.6467540860176086,0.5242473483085632,1.153836965560913,0.4768811762332916,0.4499574601650238,0.589337170124054,1.2201147079467773,0.2575114369392395,0.3812491297721863,0.5343767404556274,1.1968214511871338,0.4956545829772949,0.38538432121276855,0.5390646457672119,1.2505813837051392,0.12961000204086304,0.554232656955719,0.48999032378196716,1.206506371498108,0.40449172258377075,0.4205544888973236
0.4866228997707367,0.22981257736682892,-0.3700105547904968,0.9993393421173096,0.49755221605300903,0.20879334211349487,-0.3811969757080078,0.9989882707595825,0.5012255907058716,0.2095259577035904,-0.38161787390708923,0.999133825302124,0.5063262581825256,0.20979294180870056,-0.3816135823726654,0.9992104768753052,0.4904136657714844,0.20496529340744019,-0.35243985056877136,0.9990890622138977,0.4889739453792572,0.20289626717567444,-0.35292989015579224,0.9993388056755066,0.4876357913017273,0.2008058726787567,-0.35330653190612793,0.9994440674781799,0.527057409286499,0.21823106706142426,-0.3619840741157532,0.9997290372848511,0.5027671456336975,0.2131415456533432,-0.23343071341514587,0.9989819526672363,0.49508222937583923,0.25821733474731445,-0.35403236746788025,0.9996222853660583,0.4856237471103668,0.2511659264564514,-0.31833600997924805,0.9993345141410828,0.5929880142211914,0.371857613325119,-0.3313658833503723,0.999929666519165,0.486814022064209,0.3622857928276062,-0.09223257750272751,0.9996106028556824,0.6339783668518066,0.5751011967658997,-0.2647722363471985,0.9952032566070557,0.49344128370285034,0.5311089158058167,-0.02738066017627716,0.44985559582710266,0.6352771520614624,0.7477248311042786,-0.25016504526138306,0.9406212568283081,0.47937434911727905,0.6497969627380371,-0.1195644736289978,0.5737957954406738,0.6457473635673523,0.7893931865692139,-0.27418673038482666,0.891842782497406,0.4776880741119385,0.6998163461685181,-0.14587418735027313,0.56898432970047,0.6342453956604004,0.7919012904167175,-0.3057076632976532,0.9001933932304382,0.47615474462509155,0.6999097466468811,-0.17836350202560425,0.5862283110618591,0.6259034872055054,0.7756895422935486,-0.2601071894168854,0.8779491186141968,0.4804725646972656,0.6859490871429443,-0.13720622658729553,0.5799117088317871,0.5628886222839355,0.703010082244873,-0.07428354024887085,0.9994344711303711,0.5028349161148071,0.7053659558296204,0.07424847036600113,0.9992589950561523,0.5678775906562805,0.9383560419082642,0.022214772179722786,0.9156169295310974,0.5147188901901245,0.9365693926811218,0.24116960167884827,0.663837730884552,0.578855037689209,1.1852139234542847,0.25953108072280884,0.6484304666519165,0.5232236385345459,1.1528421640396118,0.4708084166049957,0.4478212594985962,0.5890947580337524,1.2192895412445068,0.2756267189979553,0.37874069809913635,0.5332324504852295,1.1960313320159912,0.48948079347610474,0.38332876563072205,0.5390902757644653,1.2472630739212036,0.1502285897731781,0.5537804365158081,0.4892463684082031,1.2041621208190918,0.3971346914768219,0.4198535680770874
0.4865604043006897,0.23005811870098114,-0.36769941449165344,0.9993321895599365,0.4974291920661926,0.20879454910755157,-0.3776156008243561,0.9989835023880005,0.5012702345848083,0.20950976014137268,-0.3780338168144226,0.9991316795349121,0.5064184665679932,0.2097763866186142,-0.37803107500076294,0.9992101192474365,0.49032753705978394,0.20509357750415802,-0.3490835726261139,0.9990805387496948,0.48882704973220825,0.20308367908000946,-0.34957355260849,0.9993317127227783,0.48740220069885254,0.20098043978214264,-0.3499496281147003,0.9994366765022278,0.527161180973053,0.21808989346027374,-0.35352233052253723,0.9997287392616272,0.5025427937507629,0.2131597101688385,-0.22555390000343323,0.9989666938781738,0.49520617723464966,0.2582513093948364,-0.35023218393325806,0.9996107220649719,0.48578205704689026,0.25168538093566895,-0.31484079360961914,0.9993101358413696,0.5931223034858704,0.3721310794353485,-0.3218964636325836,0.9999297857284546,0.48624101281166077,0.36562857031822205,-0.09119336307048798,0.9995948672294617,0.6339420080184937,0.5759314894676208,-0.26243817806243896,0.9950656890869141,0.4931216835975647,0.5348641872406006,-0.031111035495996475,0.42335250973701477,0.6351595520973206,0.7488294243812561,-0.25587281584739685,0.9365927577018738,0.47907233238220215,0.653998613357544,-0.13787035644054413,0.5375443696975708,0.6452286839485168,0.7900398969650269,-0.28142598271369934,0.8854804635047913,0.47737783193588257,0.702446460723877,-0.16700096428394318,0.5343198776245117,0.6337690353393555,0.7923234701156616,-0.31291133165359497,0.8944265246391296,0.47555312514305115,0.7043654918670654,-0.20005030930042267,0.5518653392791748,0.6255930662155151,0.7760240435600281,-0.2659761309623718,0.8714571595191956,0.47990718483924866,0.6901944279670715,-0.15612979233264923,0.5464134216308594,0.5630045533180237,0.703948974609375,-0.07360806316137314,0.9994592666625977,0.5027447938919067,0.7058748602867126,0.07356912642717361,0.9992814064025879,0.5677610635757446,0.9385302066802979,0.019091462716460228,0.9180648326873779,0.5146889090538025,0.9367564916610718,0.23720915615558624,0.6627976298332214,0.5787736773490906,1.1847004890441895,0.255023717880249,0.6530327796936035,0.5230419039726257,1.152546763420105,0.47019657492637634,0.449591726064682,0.5889121294021606,1.2185078859329224,0.27102747559547424,0.3797656297683716,0.5330021977424622,1.1954389810562134,0.4883973002433777,0.38396719098091125,0.5391592979431152,1.246657133102417,0.14499694108963013,0.5569214820861816,0.48966747522354126,1.204465389251709,0.3941408395767212,0.42254137992858887
0.48664841055870056,0.23037603497505188,-0.3756219446659088,0.9993254542350769,0.4975156784057617,0.2088417261838913,-0.38375401496887207,0.9989779591560364,0.5014520883560181,0.209504172205925,-0.3841748833656311,0.999128520488739,0.5065863728523254,0.2097737193107605,-0.38416483998298645,0.9992058277130127,0.4904707968235016,0.20529481768608093,-0.3566018044948578,0.9990754127502441,0.48896321654319763,0.2033350169658661,-0.357104629278183,0.9993288516998291,0.4875086843967438,0.2011929452419281,-0.3575013279914856,0.9994332790374756,0.527348518371582,0.2180653065443039,-0.35409462451934814,0.9997276663780212,0.5024353265762329,0.2131701111793518,-0.22839298844337463,0.9989637732505798,0.49538055062294006,0.25829342007637024,-0.355113685131073,0.9995984435081482,0.4859539866447449,0.25225314497947693,-0.3216405212879181,0.9992902278900146,0.5931984186172485,0.3721790313720703,-0.3204714357852936,0.9999277591705322,0.48611655831336975,0.365979939699173,-0.09090195596218109,0.9995835423469543,0.6339839100837708,0.5763700604438782,-0.2528189718723297,0.9948943257331848,0.4930531978607178,0.5353758335113525,-0.029760953038930893,0.40247514843940735,0.6350113749504089,0.7491521835327148,-0.23515792191028595,0.9322564601898193,0.4793086647987366,0.655887246131897,-0.11559232324361801,0.5104091167449951,0.6448298096656799,0.7906084060668945,-0.2583150267601013,0.8782826066017151,0.47752007842063904,0.7039257287979126,-0.1421571969985962,0.5079419016838074,0.633432924747467,0.7928608655929565,-0.29114848375320435,0.8878837823867798,0.47550487518310547,0.7073837518692017,-0.17534944415092468,0.5259131193161011,0.6253711581230164,0.7763192057609558,-0.24547584354877472,0.8643711805343628,0.47971397638320923,0.6935862302780151,-0.13311150670051575,0.5207752585411072,0.5630941987037659,0.7039901614189148,-0.07307685166597366,0.9994803071022034,0.5027856230735779,0.7059008479118347,0.07304926216602325,0.9993036985397339,0.567761242389679,0.938545823097229,0.013752853497862816,0.9210284352302551,0.514648973941803,0.9367432594299316,0.2348213940858841,0.667034387588501,0.5787733793258667,1.1845465898513794,0.25521010160446167,0.6598508358001709,0.5229254364967346,1.1526095867156982,0.46921786665916443,0.4570954144001007,0.5889096260070801,1.218238353729248,0.2717193365097046,0.38433653116226196,0.532884418964386,1.1954102516174316,0.48813682794570923,0.38841843605041504,0.5392836332321167,1.2466557025909424,0.14237259328365326,0.562441349029541,0.4899073541164398,1.2048218250274658,0.3864292800426483,0.42887037992477417
0.48672986030578613,0.23043256998062134,-0.3763613700866699,0.9992990493774414,0.4975225031375885,0.20886245369911194,-0.3841347396373749,0.9989386796951294,0.501552402973175,0.20949721336364746,-0.38455289602279663,0.9990974068641663,0.5066918134689331,0.20976702868938446,-0.38454896211624146,0.999172568321228,0.49059373140335083,0.2053322196006775,-0.3571487367153168,0.9990457892417908,0.4891027808189392,0.20336417853832245,-0.35765859484672546,0.9993099570274353,0.48765745759010315,0.20120254158973694,-0.3580734133720398,0.9994174242019653,0.527486264705658,0.21798479557037354,-0.3553432822227478,0.9997180700302124,0.5025728940963745,0.21314875781536102,-0.22830697894096375,0.9989511370658875,0.49550294876098633,0.25829601287841797,-0.3558146357536316,0.9995773434638977,0.48608508706092834,0.25233057141304016,-0.3221082091331482,0.9992620348930359,0.5934185981750488,0.3721829354763031,-0.31861352920532227,0.9999253749847412,0.48619207739830017,0.3660254180431366,-0.09059643000364304,0.9995826482772827,0.6340696811676025,0.5763164162635803,-0.24811823666095734,0.9946607351303101,0.49293357133865356,0.537175714969635,-0.009980173781514168,0.3891150951385498,0.6349483728408813,0.7498234510421753,-0.22825197875499725,0.9292726516723633,0.47916778922080994,0.6651120185852051,-0.08677199482917786,0.5014024376869202,0.6445630788803101,0.7914519309997559,-0.2512631118297577,0.8735412359237671,0.4771695137023926,0.7099241614341736,-0.11249134689569473,0.4983936846256256,0.6331959962844849,0.7932446002960205,-0.28496769070625305,0.883541464805603,0.47506317496299744,0.713107705116272,-0.1472802311182022,0.5171050429344177,0.625207781791687,0.7765946388244629,-0.23888273537158966,0.8596197962760925,0.47928386926651,0.70177161693573,-0.10466021299362183,0.5113638639450073,0.563105583190918,0.7047436833381653,-0.07329817116260529,0.9994993209838867,0.5028069019317627,0.7065010666847229,0.07327993214130402,0.9993265867233276,0.5678319334983826,0.9387975931167603,0.013816741295158863,0.9235979318618774,0.5146565437316895,0.9367760419845581,0.2402023822069168,0.6683248281478882,0.5786616206169128,1.1845134496688843,0.26641592383384705,0.6644108891487122,0.5229248404502869,1.152018427848816,0.48061609268188477,0.4597741365432739,0.5888984799385071,1.218135118484497,0.28437039256095886,0.387146919965744,0.532906711101532,1.1948840618133545,0.5004167556762695,0.39150387048721313,0.538267970085144,1.2467021942138672,0.15912680327892303,0.5647452473640442,0.48832473158836365,1.2039501667022705,0.40660005807876587,0.4309047758579254
0.48674845695495605,0.2304639369249344,-0.37754949927330017,0.99928879737854,0.4976173937320709,0.20884527266025543,-0.3854529857635498,0.9989235997200012,0.5017233490943909,0.20943701267242432,-0.3858690857887268,0.9990842938423157,0.5067857503890991,0.20968317985534668,-0.38586539030075073,0.9991587996482849,0.49066025018692017,0.2053668200969696,-0.3576458692550659,0.9990354180335999,0.48922961950302124,0.2034233659505844,-0.35814815759658813,0.9993047714233398,0.4877708852291107,0.20125935971736908,-0.35855263471603394,0.9994140267372131,0.5275959968566895,0.21776887774467468,-0.35103535652160645,0.9997146725654602,0.5026490092277527,0.21310976147651672,-0.2203417718410492,0.9989494681358337,0.4956132769584656,0.25827106833457947,-0.3571593165397644,0.9995743632316589,0.4862612187862396,0.25234901905059814,-0.3225063383579254,0.9992615580558777,0.5940388441085815,0.371897429227829,-0.30884528160095215,0.9999251365661621,0.4862443804740906,0.36678192019462585,-0.08243518322706223,0.9995926022529602,0.6344772577285767,0.5752671957015991,-0.24518001079559326,0.9945381283760071,0.49284449219703674,0.5406894087791443,-0.007928809151053429,0.3875347077846527,0.6345394253730774,0.7497662305831909,-0.23863713443279266,0.9278258085250854,0.479059636592865,0.6755048632621765,-0.09362684935331345,0.5041911005973816,0.6434859037399292,0.7929801940917969,-0.2636880576610565,0.8712992668151855,0.47644299268722534,0.7169871926307678,-0.12548162043094635,0.4999021291732788,0.6322840452194214,0.7941912412643433,-0.296642929315567,0.8813287019729614,0.47420352697372437,0.7187528014183044,-0.16254302859306335,0.5194223523139954,0.6245743036270142,0.7771269083023071,-0.2491987645626068,0.8569797873497009,0.4784316122531891,0.7091570496559143,-0.11283353716135025,0.5126227140426636,0.5632525086402893,0.7056430578231812,-0.07207480818033218,0.9995222687721252,0.5029523372650146,0.707168698310852,0.07204596698284149,0.9993568062782288,0.5682821273803711,0.9390764832496643,-0.010529791936278343,0.9276749491691589,0.5147232413291931,0.9367390275001526,0.20626437664031982,0.6805667877197266,0.5783657431602478,1.1845571994781494,0.25472262501716614,0.6750487685203552,0.5233679413795471,1.1519378423690796,0.44960516691207886,0.4719676375389099,0.5881041288375854,1.218126893043518,0.2749195694923401,0.39721977710723877,0.5332902669906616,1.1940001249313354,0.4695947766304016,0.39917781949043274,0.5389882326126099,1.2476816177368164,0.14381885528564453,0.5751582384109497,0.4913601279258728,1.2042057514190674,0.367902010679245,0.44126710295677185
0.48689594864845276,0.2304874062538147,-0.3709893822669983,0.9992956519126892,0.4976612627506256,0.20884133875370026,-0.3767727315425873,0.9989303350448608,0.5020154714584351,0.20940515398979187,-0.3771636486053467,0.9990852475166321,0.5070162415504456,0.2096107453107834,-0.3771496117115021,0.9991559982299805,0.4907400608062744,0.20548498630523682,-0.3467918336391449,0.9990492463111877,0.4893353581428528,0.20358242094516754,-0.34728071093559265,0.9993166923522949,0.4878249764442444,0.20143800973892212,-0.3476690351963043,0.999427080154419,0.5280422568321228,0.2174464613199234,-0.3369485139846802,0.9997125267982483,0.5027331113815308,0.21310243010520935,-0.19781209528446198,0.9989756941795349,0.49613577127456665,0.2582138776779175,-0.3489953875541687,0.9995777010917664,0.4865952432155609,0.25237974524497986,-0.31155747175216675,0.9992753267288208,0.5948904156684875,0.37120869755744934,-0.2955157458782196,0.9999231696128845,0.4874168038368225,0.36784684658050537,-0.05935947969555855,0.9996077418327332,0.6354318857192993,0.5722544193267822,-0.24507589638233185,0.9944956302642822,0.4927394390106201,0.5428582429885864,0.012038219720125198,0.3999711275100708,0.6339312195777893,0.7496771812438965,-0.23929700255393982,0.9246171712875366,0.4779133200645447,0.6766261458396912,-0.09986259043216705,0.5253244042396545,0.6427921056747437,0.7933077216148376,-0.2705194056034088,0.8659063577651978,0.4746131896972656,0.7190231084823608,-0.13002774119377136,0.5183960795402527,0.6308647394180298,0.7944181561470032,-0.3031158745288849,0.8760799169540405,0.47225719690322876,0.7203348875045776,-0.16595458984375,0.5382777452468872,0.6233668327331543,0.7770919799804688,-0.2508211135864258,0.8510080575942993,0.4763697683811188,0.7114315629005432,-0.11916814744472504,0.530019223690033,0.5638063549995422,0.7058853507041931,-0.0726739689707756,0.999531626701355,0.5032929182052612,0.7073803544044495,0.07263804972171783,0.999376654624939,0.5690997242927551,0.9400259256362915,-0.024216534569859505,0.931162416934967,0.5147742033004761,0.9364585876464844,0.2061060220003128,0.6901084780693054,0.5781640410423279,1.1856892108917236,0.22762615978717804,0.6866189241409302,0.523565411567688,1.151685118675232,0.4460303783416748,0.48219674825668335,0.5878568887710571,1.2189528942108154,0.2456558644771576,0.41004279255867004,0.5335334539413452,1.1929608583450317,0.46565622091293335,0.4081166088581085,0.5389412641525269,1.2502819299697876,0.11012526601552963,0.5866128206253052,0.49290961027145386,1.2042568922042847,0.3628457188606262,0.45073455572128296
0.48722681403160095,0.2304391860961914,-0.3911513090133667,0.9992375373840332,0.49770307540893555,0.20881888270378113,-0.3957935571670532,0.9988324046134949,0.5022751092910767,0.20931026339530945,-0.3961855173110962,0.9989898800849915,0.5071758031845093,0.20943328738212585,-0.39616963267326355,0.9990633130073547,0.4911578297615051,0.20550823211669922,-0.36425894498825073,0.9989799857139587,0.4900553822517395,0.20360423624515533,-0.36475011706352234,0.9992718696594238,0.4888083338737488,0.20145538449287415,-0.36514610052108765,0.9993959665298462,0.5284468531608582,0.21716681122779846,-0.35056066513061523,0.999679446220398,0.5036263465881348,0.21306157112121582,-0.20005592703819275,0.9989305734634399,0.4968198239803314,0.25784018635749817,-0.3677920699119568,0.9995494484901428,0.48755303025245667,0.25217506289482117,-0.3284837603569031,0.9992472529411316,0.596450686454773,0.37089890241622925,-0.2962076663970947,0.9999184608459473,0.4889855980873108,0.3712047040462494,-0.06135185435414314,0.999618649482727,0.6362306475639343,0.5697721838951111,-0.26261451840400696,0.9942643642425537,0.49216169118881226,0.5487951040267944,0.006041020154953003,0.41249072551727295,0.633265495300293,0.7500941157341003,-0.2810462713241577,0.9220737218856812,0.4737697243690491,0.6986173987388611,-0.10279040038585663,0.5454261302947998,0.6417275071144104,0.7948505878448486,-0.3126724362373352,0.8621553182601929,0.4713815152645111,0.73505699634552,-0.13154228031635284,0.5345597267150879,0.6303353309631348,0.7959883213043213,-0.3438780605792999,0.8720878958702087,0.46907687187194824,0.7377074956893921,-0.16878607869148254,0.5548794269561768,0.6229832768440247,0.7786619663238525,-0.2915043234825134,0.8458235263824463,0.4730183482170105,0.7282590866088867,-0.1216832846403122,0.545531153678894,0.5647295713424683,0.7073720097541809,-0.070068359375,0.9995489120483398,0.5037248134613037,0.7090878486633301,0.07004879415035248,0.9994065761566162,0.5701494812965393,0.9400795698165894,-0.023264296352863312,0.9322075247764587,0.5147916078567505,0.9361039996147156,0.13998153805732727,0.702103316783905,0.5781682729721069,1.1848872900009155,0.24437959492206573,0.690656840801239,0.5242708921432495,1.1516807079315186,0.38871803879737854,0.4903736710548401,0.5871960520744324,1.217423439025879,0.2646262049674988,0.41406476497650146,0.5338801145553589,1.1914280652999878,0.4089941084384918,0.4124550223350525,0.5444902181625366,1.2504972219467163,0.1270861178636551,0.5881641507148743,0.49865657091140747,1.2093720436096191,0.2980632185935974,0.4558733105659485
0.48834729194641113,0.2304406464099884,-0.37376874685287476,0.9991840124130249,0.4986611306667328,0.20876544713974,-0.37909311056137085,0.9987187385559082,0.5034212470054626,0.20913070440292358,-0.37948712706565857,0.9988717436790466,0.5079652070999146,0.20908215641975403,-0.3794781267642975,0.9989612698554993,0.49231845140457153,0.20554541051387787,-0.34691697359085083,0.9989005327224731,0.49174627661705017,0.2036421000957489,-0.34738990664482117,0.9992146492004395,0.4911114573478699,0.20149652659893036,-0.34776514768600464,0.9993616938591003,0.5293976664543152,0.2167670726776123,-0.3392905294895172,0.9996326565742493,0.5066962242126465,0.21299080550670624,-0.19142331182956696,0.9988605976104736,0.4989117980003357,0.2575536370277405,-0.35213708877563477,0.9995334148406982,0.49026069045066833,0.25217151641845703,-0.3117753863334656,0.999234139919281,0.598172128200531,0.3707878589630127,-0.29797011613845825,0.9999184608459473,0.49107059836387634,0.37580838799476624,-0.054778195917606354,0.9996402263641357,0.637058675289154,0.5657691359519958,-0.2684246301651001,0.9942930936813354,0.49138888716697693,0.5546748042106628,0.01633640006184578,0.4449855089187622,0.6322394609451294,0.7473173141479492,-0.3156920075416565,0.9254899621009827,0.46370014548301697,0.7057381272315979,-0.1078290119767189,0.5842350721359253,0.6395391225814819,0.7935182452201843,-0.35409969091415405,0.8676024675369263,0.45899897813796997,0.7437509894371033,-0.14511063694953918,0.5719088315963745,0.6281158924102783,0.7934211492538452,-0.3862091302871704,0.8770235180854797,0.45513516664505005,0.7429370284080505,-0.19004712998867035,0.5912273526191711,0.6213431358337402,0.7750262022018433,-0.3274291455745697,0.8510123491287231,0.4608376622200012,0.7332105040550232,-0.13144990801811218,0.5814166069030762,0.56684809923172,0.708705723285675,-0.07016094028949738,0.9995620846748352,0.5040518641471863,0.7112763524055481,0.0701545923948288,0.999433159828186,0.5705776214599609,0.9407320022583008,-0.02019256353378296,0.9280537366867065,0.5147969126701355,0.9364752173423767,0.15993693470954895,0.6919477581977844,0.5781586170196533,1.186094045639038,0.24817140400409698,0.6750256419181824,0.5250646471977234,1.1544430255889893,0.4384537637233734,0.47185060381889343,0.5867300629615784,1.2181891202926636,0.26776474714279175,0.40188509225845337,0.5343842506408691,1.192359447479248,0.45954233407974243,0.39717841148376465,0.5470095872879028,1.2531810998916626,0.1333804428577423,0.5712968707084656,0.5027027130126953,1.217677354812622,0.34800368547439575,0.43780192732810974
0.49020910263061523,0.2303551286458969,-0.3353140652179718,0.9990910291671753,0.5011078119277954,0.2086125910282135,-0.343342125415802,0.9985400438308716,0.5055186152458191,0.20881621539592743,-0.3437291085720062,0.998694121837616,0.5098711252212524,0.20859482884407043,-0.34371834993362427,0.9988025426864624,0.49430543184280396,0.2055438756942749,-0.3100595772266388,0.9987781643867493,0.4940461218357086,0.20363856852054596,-0.3105214238166809,0.9991325736045837,0.4938463568687439,0.2014954686164856,-0.31089019775390625,0.9993101954460144,0.5305808186531067,0.21627692878246307,-0.31640514731407166,0.9995712637901306,0.5099433660507202,0.21268948912620544,-0.16429457068443298,0.9987796545028687,0.5013943910598755,0.25711560249328613,-0.3183858394622803,0.9995088577270508,0.4934485852718353,0.25186851620674133,-0.2766662836074829,0.9992108941078186,0.6003569960594177,0.3706222474575043,-0.2890499234199524,0.9999165534973145,0.4946427345275879,0.37606650590896606,-0.03197101876139641,0.9996589422225952,0.6383813619613647,0.5654634237289429,-0.2669948637485504,0.9941937923431396,0.4912900924682617,0.5545207262039185,0.03243105113506317,0.4692157804965973,0.631013035774231,0.7469624280929565,-0.30352646112442017,0.9278889298439026,0.4549267292022705,0.699967622756958,-0.10905411094427109,0.6202775239944458,0.6372158527374268,0.7934949994087219,-0.33991020917892456,0.8716515302658081,0.4454505443572998,0.7403870224952698,-0.14910808205604553,0.6076105833053589,0.6256755590438843,0.7930257320404053,-0.37136903405189514,0.8807073831558228,0.4400579333305359,0.7423699498176575,-0.19506299495697021,0.6259154081344604,0.6193860769271851,0.7741345167160034,-0.31475383043289185,0.8546549081802368,0.44749826192855835,0.7320466041564941,-0.13470718264579773,0.6158860325813293,0.5687010288238525,0.7090950608253479,-0.07218363136053085,0.9995562434196472,0.5049629211425781,0.7121872901916504,0.07214905321598053,0.9994411468505859,0.5710556507110596,0.941534161567688,-0.02001248672604561,0.9211536645889282,0.5153475999832153,0.9364880323410034,0.17636606097221375,0.6774308085441589,0.5789159536361694,1.1883418560028076,0.24808087944984436,0.6559314727783203,0.5279446840286255,1.1587388515472412,0.44067779183387756,0.4500100612640381,0.5875257849693298,1.2201714515686035,0.26713210344314575,0.3882026672363281,0.537114143371582,1.1951769590377808,0.46201151609420776,0.3814089596271515,0.547286868095398,1.2557098865509033,0.13360288739204407,0.5527192950248718,0.5072139501571655,1.225080132484436,0.3488084673881531,0.4185200035572052
0.49279218912124634,0.2299797683954239,-0.32927995920181274,0.9990829229354858,0.5040406584739685,0.20840775966644287,-0.33843669295310974,0.9985307455062866,0.5079332590103149,0.2084508091211319,-0.3388444185256958,0.9986857771873474,0.5123693943023682,0.20812344551086426,-0.3388395309448242,0.9987999796867371,0.4973650872707367,0.20552894473075867,-0.30489519238471985,0.9987668395042419,0.49724656343460083,0.20364245772361755,-0.3053423762321472,0.9991258978843689,0.4972655177116394,0.20150284469127655,-0.305696576833725,0.9993058443069458,0.5324431657791138,0.21608032286167145,-0.31643471121788025,0.9995737671852112,0.5132261514663696,0.2125885784626007,-0.1632680743932724,0.9987726807594299,0.5039546489715576,0.2560950517654419,-0.3142361044883728,0.99952232837677,0.4965902864933014,0.25114139914512634,-0.27221643924713135,0.9992296099662781,0.6023082733154297,0.36952510476112366,-0.2914201319217682,0.9999181032180786,0.496499627828598,0.37799808382987976,-0.02972005307674408,0.9996693134307861,0.6409775614738464,0.5615459084510803,-0.2666785418987274,0.9943285584449768,0.4912739396095276,0.5551031827926636,0.024640964344143867,0.483354777097702,0.6302657127380371,0.7435624003410339,-0.30190831422805786,0.932289183139801,0.4500997066497803,0.6854432225227356,-0.1389445960521698,0.6493239402770996,0.6358647346496582,0.7906279563903809,-0.33807504177093506,0.8791481256484985,0.4353181719779968,0.7182470560073853,-0.1788945496082306,0.6367440223693848,0.6248912811279297,0.7890720963478088,-0.36873897910118103,0.8876612186431885,0.42836958169937134,0.7090818881988525,-0.22520208358764648,0.6546116471290588,0.618736743927002,0.769425630569458,-0.3126853108406067,0.8623347282409668,0.4369025230407715,0.7024892568588257,-0.16500459611415863,0.644268810749054,0.5706254243850708,0.7090864181518555,-0.07298717647790909,0.9995443820953369,0.5075101852416992,0.7121700048446655,0.0729343593120575,0.9994239211082458,0.5710465312004089,0.9392065405845642,-0.022322002798318863,0.9185946583747864,0.5160227417945862,0.9359744787216187,0.18458905816078186,0.6702691912651062,0.5800448656082153,1.1875070333480835,0.2455367147922516,0.6437421441078186,0.5301274061203003,1.1578632593154907,0.44838055968284607,0.4320932924747467,0.5881640315055847,1.218888282775879,0.26503434777259827,0.37906044721603394,0.539208710193634,1.1925299167633057,0.4715670049190521,0.36947882175445557,0.550703227519989,1.255257487297058,0.13342782855033875,0.541090190410614,0.5091680288314819,1.2239819765090942,0.3742772936820984,0.4030833840370178
0.4968563914299011,0.2296152561903,-0.3366066813468933,0.9990342259407043,0.5069445967674255,0.20799829065799713,-0.34376198053359985,0.9984440803527832,0.5110861659049988,0.2079334706068039,-0.34422001242637634,0.9986075758934021,0.5162046551704407,0.20768456161022186,-0.3442259728908539,0.9987324476242065,0.5009874701499939,0.20544937252998352,-0.30528828501701355,0.9987042546272278,0.5005923509597778,0.2036246806383133,-0.3058193325996399,0.9990814328193665,0.5003143548965454,0.20151063799858093,-0.30615705251693726,0.9992752075195312,0.5359355211257935,0.2160390466451645,-0.32006826996803284,0.9995489120483398,0.5146676898002625,0.2124607264995575,-0.17668338119983673,0.998710572719574,0.5073601007461548,0.2554745078086853,-0.31794148683547974,0.9995101094245911,0.5004190802574158,0.2507891356945038,-0.27615591883659363,0.9992100596427917,0.6044846773147583,0.3679501414299011,-0.2978380024433136,0.9999164342880249,0.49889105558395386,0.37839847803115845,-0.036305058747529984,0.9996734857559204,0.6437692046165466,0.5604071617126465,-0.2695927321910858,0.9941010475158691,0.4912821650505066,0.5547292232513428,0.031676724553108215,0.4898322522640228,0.6281337141990662,0.7313130497932434,-0.3062417209148407,0.9336652755737305,0.44613951444625854,0.6756558418273926,-0.13598451018333435,0.674110472202301,0.6307119131088257,0.77814120054245,-0.34348201751708984,0.8816388249397278,0.4308594763278961,0.7079565525054932,-0.17455236613750458,0.6614671945571899,0.6205666065216064,0.7739538550376892,-0.3731917142868042,0.8899444341659546,0.42299437522888184,0.6966785192489624,-0.21245534718036652,0.6790176033973694,0.6154547929763794,0.75239098072052,-0.3166787028312683,0.8642216920852661,0.43072018027305603,0.6907829642295837,-0.1592234969139099,0.668082058429718,0.5741695165634155,0.7090786695480347,-0.07929159700870514,0.9995242953300476,0.5116208791732788,0.7126992344856262,0.07922407984733582,0.9994063973426819,0.5712289214134216,0.939243733882904,-0.011442392133176327,0.9129518866539001,0.5172892212867737,0.9379343390464783,0.24609386920928955,0.6501555442810059,0.579936146736145,1.187568187713623,0.26547664403915405,0.6273253560066223,0.5312532186508179,1.1579582691192627,0.5185468196868896,0.4131546914577484,0.5882488489151001,1.2188880443572998,0.28569328784942627,0.367978036403656,0.5409052968025208,1.1930687427520752,0.5415959358215332,0.3572123646736145,0.5477577447891235,1.2553128004074097,0.15768982470035553,0.5251176953315735,0.5076661705970764,1.2233747243881226,0.4473630487918854,0.3857550024986267
0.5010205507278442,0.22958223521709442,-0.3391105532646179,0.9990079998970032,0.5097169280052185,0.2079927623271942,-0.34821000695228577,0.9983927011489868,0.5146893262863159,0.2079235464334488,-0.34864312410354614,0.9985632300376892,0.5195958018302917,0.20766258239746094,-0.3486645221710205,0.9986914992332458,0.5048551559448242,0.20555374026298523,-0.3091271221637726,0.9986686110496521,0.5045477747917175,0.20383337140083313,-0.30968695878982544,0.9990583062171936,0.5042487978935242,0.20183342695236206,-0.3100113272666931,0.9992595911026001,0.5398465394973755,0.21602389216423035,-0.32594189047813416,0.9995309710502625,0.5175739526748657,0.21244469285011292,-0.18257848918437958,0.9986740350723267,0.5103796124458313,0.25505873560905457,-0.3229452073574066,0.999500036239624,0.5042029619216919,0.25039660930633545,-0.2802148461341858,0.9991956949234009,0.6066027283668518,0.36605966091156006,-0.29740697145462036,0.9999142289161682,0.5003699064254761,0.3790324330329895,-0.03954530879855156,0.9996761083602905,0.6458054184913635,0.5584559440612793,-0.2669033110141754,0.9938478469848633,0.4914509356021881,0.553229570388794,0.03591885790228844,0.4969109296798706,0.6259723901748657,0.7241795659065247,-0.3038337826728821,0.9349594116210938,0.4450947344303131,0.6568191051483154,-0.11263211071491241,0.6971156001091003,0.6268315315246582,0.7738625407218933,-0.3406193256378174,0.884126603603363,0.4311825633049011,0.688025176525116,-0.14851215481758118,0.6845208406448364,0.6158152222633362,0.765803873538971,-0.3697872757911682,0.8922228813171387,0.42466235160827637,0.6793934106826782,-0.19374708831310272,0.7016640305519104,0.6113132834434509,0.7440729737281799,-0.31408965587615967,0.866178035736084,0.431264728307724,0.6732720136642456,-0.1374654471874237,0.6902076005935669,0.5767251253128052,0.7089459896087646,-0.07934053242206573,0.999505877494812,0.5141445398330688,0.7120320796966553,0.07927476614713669,0.9993888735771179,0.5717757940292358,0.9392710328102112,-0.011533432640135288,0.906745433807373,0.5189810395240784,0.9379341006278992,0.23650291562080383,0.6333795785903931,0.5799111127853394,1.187037467956543,0.2595115005970001,0.6122139096260071,0.5322368741035461,1.1566511392593384,0.5013165473937988,0.3964059054851532,0.5884147882461548,1.2178148031234741,0.2792774736881256,0.3575102984905243,0.5419637560844421,1.1921089887619019,0.5237188339233398,0.34543055295944214,0.5461403727531433,1.2552666664123535,0.15542376041412354,0.5110291838645935,0.5069720149040222,1.2226063013076782,0.4302038550376892,0.37063223123550415
0.5038044452667236,0.22954629361629486,-0.33782240748405457,0.9990460872650146,0.5121563076972961,0.20798736810684204,-0.342401385307312,0.9984518885612488,0.5174480080604553,0.20791439712047577,-0.34281057119369507,0.9986158013343811,0.5218409895896912,0.2076459676027298,-0.34280961751937866,0.9987400770187378,0.5074503421783447,0.20582625269889832,-0.3124004602432251,0.9987240433692932,0.5072025060653687,0.20434074103832245,-0.31289196014404297,0.9990986585617065,0.5068415999412537,0.20258958637714386,-0.31325989961624146,0.9992924928665161,0.542828381061554,0.21598650515079498,-0.30353182554244995,0.9995483160018921,0.5206517577171326,0.21243812143802643,-0.17423731088638306,0.9987315535545349,0.5136829018592834,0.2546912133693695,-0.3167312741279602,0.9995226860046387,0.5069279074668884,0.2501857876777649,-0.28052133321762085,0.9992341995239258,0.6096464395523071,0.3655765950679779,-0.2635788321495056,0.9999141097068787,0.5005081295967102,0.37967047095298767,-0.0401742160320282,0.9996849894523621,0.6473312973976135,0.5524066686630249,-0.2145693600177765,0.9936215877532959,0.49012184143066406,0.552958071231842,0.03045232594013214,0.5205907821655273,0.6240485906600952,0.7018789052963257,-0.2526054382324219,0.9370253682136536,0.4383670687675476,0.6510534286499023,-0.11908948421478271,0.7204598784446716,0.6228035092353821,0.7506557703018188,-0.2846115827560425,0.8881091475486755,0.4242486357688904,0.6807712912559509,-0.15529142320156097,0.7076350450515747,0.6102182865142822,0.7341416478157043,-0.31424838304519653,0.8959769010543823,0.4188263416290283,0.6735576391220093,-0.19913654029369354,0.7241631746292114,0.6073039770126343,0.7132272720336914,-0.26288697123527527,0.8704081177711487,0.4255417287349701,0.6659945845603943,-0.1430204063653946,0.7126466631889343,0.5794133543968201,0.706614077091217,-0.07372824102640152,0.9994877576828003,0.516120970249176,0.7090569138526917,0.07362183183431625,0.9993720650672913,0.5723434686660767,0.9393017888069153,-0.03865080326795578,0.9068253636360168,0.5202045440673828,0.9379125833511353,0.21053862571716309,0.6294938325881958,0.5798920392990112,1.185672640800476,0.2035987377166748,0.6027755737304688,0.5324918031692505,1.1548030376434326,0.46512293815612793,0.3854359984397888,0.5884385704994202,1.2159454822540283,0.22082272171974182,0.3501821756362915,0.5422171950340271,1.1904362440109253,0.4869096875190735,0.33712252974510193,0.5457751750946045,1.2547097206115723,0.0976201742887497,0.5029160380363464,0.5063887238502502,1.2195732593536377,0.40485554933547974,0.36104029417037964
0.5072731375694275,0.229718416929245,-0.315697580575943,0.9991258978843689,0.5164216756820679,0.20808205008506775,-0.31670206785202026,0.9985817074775696,0.5210052132606506,0.20800167322158813,-0.3171010911464691,0.9987325072288513,0.5253251791000366,0.20771773159503937,-0.31708627939224243,0.9988464713096619,0.5096558928489685,0.20615948736667633,-0.2877172827720642,0.998829185962677,0.5092083215713501,0.20485106110572815,-0.2881477177143097,0.999172031879425,0.508600115776062,0.2032758891582489,-0.2884599566459656,0.9993486404418945,0.5461375117301941,0.21597009897232056,-0.26834413409233093,0.999586284160614,0.5214357972145081,0.21242673695087433,-0.1348036825656891,0.9988300204277039,0.5176597833633423,0.2546873688697815,-0.2917364537715912,0.9995633363723755,0.5094797611236572,0.2503005266189575,-0.255514919757843,0.9992982149124146,0.6115771532058716,0.36561113595962524,-0.2425958812236786,0.999919593334198,0.5017784237861633,0.3797825574874878,0.00235175178386271,0.9997008442878723,0.648675262928009,0.5497995018959045,-0.2392459660768509,0.9940624833106995,0.48636096715927124,0.5514704585075378,0.05461236834526062,0.551811158657074,0.621411919593811,0.6865901947021484,-0.3836984634399414,0.9429119229316711,0.43072670698165894,0.644128143787384,-0.11882953345775604,0.7458537220954895,0.6170939207077026,0.7308415770530701,-0.4360734820365906,0.898529052734375,0.4177858829498291,0.6776173710823059,-0.15656907856464386,0.7338090538978577,0.6050068140029907,0.7105486392974854,-0.4614841043949127,0.9056794047355652,0.4117603302001953,0.6700711250305176,-0.2016642540693283,0.7491713762283325,0.6033278703689575,0.6887961626052856,-0.39505255222320557,0.8822436332702637,0.41761550307273865,0.6602766513824463,-0.14276492595672607,0.7381934523582458,0.5800252556800842,0.7065131664276123,-0.07447342574596405,0.9994732141494751,0.5177040100097656,0.7086557745933533,0.07435359060764313,0.999345064163208,0.573576033115387,0.9393144249916077,-0.06559617817401886,0.9077687859535217,0.5213427543640137,0.9381163120269775,0.20458415150642395,0.6233744025230408,0.5822045803070068,1.1852612495422363,0.17232099175453186,0.5942052006721497,0.534237265586853,1.1546684503555298,0.4476427137851715,0.37153488397598267,0.5917292237281799,1.2154524326324463,0.18894968926906586,0.3476199209690094,0.5442373752593994,1.190524935722351,0.4674707353115082,0.3308488130569458,0.5466370582580566,1.2534949779510498,0.06332067400217056,0.4990079700946808,0.5061607956886292,1.2170559167861938,0.3811800479888916,0.3511437475681305
0.5093855261802673,0.22974056005477905,-0.29548874497413635,0.9992007613182068,0.5189164876937866,0.2080778181552887,-0.29578009247779846,0.9987021684646606,0.5230249762535095,0.20800144970417023,-0.2961587905883789,0.9988401532173157,0.5272462964057922,0.2077266275882721,-0.2961457073688507,0.9989446997642517,0.5113425850868225,0.20619365572929382,-0.26859450340270996,0.9989287257194519,0.5108210444450378,0.20495837926864624,-0.26905354857444763,0.9992419481277466,0.5101097822189331,0.20348457992076874,-0.2693825960159302,0.9994032382965088,0.5483304858207703,0.2158147543668747,-0.24637241661548615,0.999620795249939,0.5226025581359863,0.21239568293094635,-0.12043674290180206,0.9989241361618042,0.5201625823974609,0.25461116433143616,-0.27095383405685425,0.9996004700660706,0.5113791823387146,0.25033116340637207,-0.2370314598083496,0.9993575811386108,0.6129732131958008,0.3656274080276489,-0.21347622573375702,0.999924898147583,0.5041010975837708,0.3787216246128082,0.016473403200507164,0.9997200965881348,0.6508558392524719,0.5444749593734741,-0.18997861444950104,0.9943857192993164,0.48648619651794434,0.5425679683685303,0.07936973124742508,0.5804412961006165,0.6180812120437622,0.6718239784240723,-0.28513553738594055,0.9480014443397522,0.43301382660865784,0.6189848780632019,-0.08848894387483597,0.7691525220870972,0.6124064922332764,0.7149838209152222,-0.3275596499443054,0.9074844121932983,0.41620340943336487,0.643227219581604,-0.1260438859462738,0.7578896284103394,0.6005786657333374,0.6900396943092346,-0.35165318846702576,0.9140097498893738,0.4113406240940094,0.6364814043045044,-0.16988125443458557,0.7720548510551453,0.5999533534049988,0.6667811274528503,-0.29478028416633606,0.8923925161361694,0.418095201253891,0.6304008364677429,-0.1124669685959816,0.7616377472877502,0.5800125598907471,0.7041958570480347,-0.07441912591457367,0.9994724988937378,0.5189234018325806,0.705605149269104,0.0743011087179184,0.9993442893028259,0.575025200843811,0.9395111203193665,-0.08605478703975677,0.9072879552841187,0.5214449167251587,0.9381695985794067,0.16302460432052612,0.6188311576843262,0.582761287689209,1.1858810186386108,0.11270223557949066,0.5811052322387695,0.5345937609672546,1.1576203107833862,0.37221843004226685,0.35657259821891785,0.5931356549263,1.216517686843872,0.12574169039726257,0.34185105562210083,0.5445975065231323,1.1947247982025146,0.38914647698402405,0.3214993476867676,0.5460530519485474,1.254908800125122,0.007809854112565517,0.4892235994338989,0.5059210658073425,1.2193374633789062,0.30634430050849915,0.3387947380542755
0.5115055441856384,0.22975695133209229,-0.2707257568836212,0.9992730617523193,0.5213193893432617,0.208060622215271,-0.2693876624107361,0.9988198280334473,0.5250504612922668,0.20799671113491058,-0.2697601914405823,0.9989452958106995,0.5294198393821716,0.20772334933280945,-0.2697424292564392,0.9990407824516296,0.5133985280990601,0.2061951458454132,-0.241996169090271,0.9990248680114746,0.5128120183944702,0.20496520400047302,-0.24244146049022675,0.9993090033531189,0.512132465839386,0.20352277159690857,-0.24274036288261414,0.9994553327560425,0.5507211089134216,0.2157585620880127,-0.21494027972221375,0.9996546506881714,0.524819552898407,0.21233431994915009,-0.0877557024359703,0.9990143179893494,0.5223343968391418,0.25437450408935547,-0.2447144240140915,0.9996364116668701,0.5132896900177002,0.2503347098827362,-0.21050815284252167,0.9994144439697266,0.6155495047569275,0.36515218019485474,-0.190364807844162,0.9999306201934814,0.5055661797523499,0.37719523906707764,0.05293076112866402,0.9997362494468689,0.6510679125785828,0.5379900336265564,-0.19548998773097992,0.9947820901870728,0.48658785223960876,0.5391133427619934,0.10928652435541153,0.6033737659454346,0.6184405088424683,0.6604220271110535,-0.3138796389102936,0.9529628753662109,0.42454686760902405,0.6131982207298279,-0.0706518292427063,0.7896735668182373,0.6101943850517273,0.6964484453201294,-0.3622693419456482,0.9162652492523193,0.404567152261734,0.6337624192237854,-0.10946142673492432,0.779181957244873,0.6014341115951538,0.6757842898368835,-0.3871631920337677,0.9221799373626709,0.39884766936302185,0.6240695714950562,-0.15522345900535583,0.7923545241355896,0.6013385653495789,0.6575853228569031,-0.32473868131637573,0.9024732112884521,0.4084346294403076,0.6200448870658875,-0.09620601683855057,0.7824335098266602,0.5808440446853638,0.6996034383773804,-0.07521428912878036,0.9994730353355408,0.520396888256073,0.7003499269485474,0.07508750259876251,0.999337375164032,0.5777696371078491,0.9426800012588501,-0.09314929693937302,0.9067824482917786,0.5228806734085083,0.9412187337875366,0.14591076970100403,0.615119993686676,0.5846211910247803,1.1885377168655396,0.11045396327972412,0.564271092414856,0.5366561412811279,1.164758324623108,0.3462125062942505,0.3406550884246826,0.5962130427360535,1.2193238735198975,0.12409837543964386,0.3333546221256256,0.5469247698783875,1.2028051614761353,0.3621212840080261,0.31123533844947815,0.5459915399551392,1.2575998306274414,0.00808712374418974,0.4767818748950958,0.5062597990036011,1.2261048555374146,0.27872148156166077,0.3255801498889923
0.5135923624038696,0.22985468804836273,-0.2833849787712097,0.9993392825126648,0.5231137871742249,0.20807583630084991,-0.2801901698112488,0.9989275336265564,0.5267085433006287,0.20801007747650146,-0.280568927526474,0.9990412592887878,0.5311444997787476,0.2077246606349945,-0.2805417478084564,0.9991280436515808,0.5152913928031921,0.20624396204948425,-0.2522808909416199,0.999113142490387,0.5146470069885254,0.20503024756908417,-0.25270527601242065,0.9993709921836853,0.5139737725257874,0.2036157250404358,-0.2529958486557007,0.9995034337043762,0.5526604056358337,0.21565307676792145,-0.2137804478406906,0.9996853470802307,0.5268138647079468,0.21229557693004608,-0.08404674381017685,0.9990984201431274,0.5243626832962036,0.2541409730911255,-0.2536262273788452,0.9996695518493652,0.5155690312385559,0.2504655122756958,-0.2186441421508789,0.9994673728942871,0.617490291595459,0.363664448261261,-0.18327227234840393,0.9999347925186157,0.5067185163497925,0.3756006360054016,0.05519953370094299,0.9997515678405762,0.6512497663497925,0.5387277007102966,-0.20949006080627441,0.995105504989624,0.48608869314193726,0.5361486077308655,0.07878003269433975,0.6341643929481506,0.6165703535079956,0.6470617651939392,-0.42724862694740295,0.9575278162956238,0.4234827160835266,0.5901139378547668,-0.1822013109922409,0.8101255893707275,0.6038597822189331,0.6791381239891052,-0.49079227447509766,0.924397349357605,0.4018577039241791,0.6049813032150269,-0.23861892521381378,0.8006133437156677,0.5976904630661011,0.6552547812461853,-0.5173579454421997,0.9297486543655396,0.39686116576194763,0.5912031531333923,-0.2839122414588928,0.8125855922698975,0.5995105504989624,0.6405176520347595,-0.44090700149536133,0.911841869354248,0.4074644148349762,0.5879548192024231,-0.21009032428264618,0.8034307360649109,0.5827500224113464,0.6989538073539734,-0.07524652779102325,0.999405026435852,0.5216236114501953,0.6979398727416992,0.07511506229639053,0.999255359172821,0.578856885433197,0.943484902381897,-0.11630598455667496,0.9009949564933777,0.5232128500938416,0.9416598677635193,0.1417766511440277,0.6043252348899841,0.5856270790100098,1.187076210975647,0.08797804266214371,0.5407586693763733,0.5372594594955444,1.164359211921692,0.37306341528892517,0.320096492767334,0.5970810651779175,1.2175843715667725,0.10097523778676987,0.3177371621131897,0.5474942326545715,1.202390432357788,0.39176124334335327,0.29541486501693726,0.5463403463363647,1.2546201944351196,-0.02768765017390251,0.46116000413894653,0.5077854990959167,1.2259562015533447,0.3035441040992737,0.30825328826904297
0.515823245048523,0.2299116998910904,-0.2748468518257141,0.9993994235992432,0.5252911448478699,0.2080748826265335,-0.26953980326652527,0.9990257024765015,0.5288686752319336,0.20801010727882385,-0.26991525292396545,0.9991286993026733,0.5335733890533447,0.20772230625152588,-0.269878089427948,0.999207615852356,0.5171046853065491,0.20624832808971405,-0.24285991489887238,0.9991933703422546,0.5162885189056396,0.20503589510917664,-0.24326591193675995,0.9994271397590637,0.5155155658721924,0.20362074673175812,-0.24353477358818054,0.9995468258857727,0.5548344850540161,0.2154904007911682,-0.19677592813968658,0.9997133612632751,0.5281041860580444,0.21212542057037354,-0.07256092131137848,0.9991744756698608,0.5269112586975098,0.2540161907672882,-0.24290339648723602,0.999699592590332,0.5178976058959961,0.2504861056804657,-0.20952598750591278,0.9995152354240417,0.6194614768028259,0.3636798560619354,-0.16957198083400726,0.999938428401947,0.5068373084068298,0.37238067388534546,0.06012639403343201,0.9997629523277283,0.6512032151222229,0.5399796366691589,-0.2440977394580841,0.995384931564331,0.48525699973106384,0.5308583378791809,0.07164670526981354,0.6593887805938721,0.6153993606567383,0.6267327070236206,-0.49034637212753296,0.9616600275039673,0.42303818464279175,0.5701324343681335,-0.22214019298553467,0.8283296227455139,0.6040326356887817,0.6572251915931702,-0.5614638924598694,0.9317713379859924,0.4007107615470886,0.5829529762268066,-0.28285595774650574,0.8197527527809143,0.5973824858665466,0.6359946727752686,-0.5871692895889282,0.9366113543510437,0.3966487944126129,0.5694404244422913,-0.3259396255016327,0.8306741714477539,0.598189651966095,0.6225913763046265,-0.5050491094589233,0.920352578163147,0.4073008894920349,0.5668832063674927,-0.24970421195030212,0.8221325874328613,0.5835932493209839,0.6984582543373108,-0.07404060661792755,0.9993366599082947,0.5215808153152466,0.6961788535118103,0.07390262186527252,0.9991660118103027,0.580264687538147,0.9444732069969177,-0.10772055387496948,0.8914580941200256,0.5237710475921631,0.9425932168960571,0.1371595859527588,0.5893509387969971,0.5858830213546753,1.1855441331863403,0.09963006526231766,0.5155989527702332,0.5380216836929321,1.1638373136520386,0.36524060368537903,0.30072495341300964,0.5970044732093811,1.215816617012024,0.11268116533756256,0.3020431697368622,0.5480470061302185,1.2019292116165161,0.3833334147930145,0.28024065494537354,0.5465418696403503,1.25099515914917,-0.018373116850852966,0.44499024748802185,0.5094638466835022,1.2253144979476929,0.2908399701118469,0.2923760414123535
0.5177385807037354,0.22992664575576782,-0.28107649087905884,0.9994438290596008,0.5270448923110962,0.20804379880428314,-0.288062185049057,0.9990984797477722,0.5305426120758057,0.2079622447490692,-0.28845036029815674,0.9991926550865173,0.5351920127868652,0.2076265513896942,-0.28842926025390625,0.9992661476135254,0.5187591910362244,0.20625269412994385,-0.25783759355545044,0.9992534518241882,0.5178149342536926,0.20504088699817657,-0.25829413533210754,0.9994686841964722,0.5169491767883301,0.2036268711090088,-0.2586289346218109,0.9995785355567932,0.5564326047897339,0.21498343348503113,-0.22295072674751282,0.9997331500053406,0.5296620726585388,0.2116212397813797,-0.09874666482210159,0.9992254376411438,0.5289860963821411,0.25382763147354126,-0.2627735435962677,0.9997224807739258,0.5195302367210388,0.2504880726337433,-0.22647948563098907,0.9995518326759338,0.6208385229110718,0.3632737398147583,-0.1902151107788086,0.9999383091926575,0.5081720352172852,0.3711799681186676,0.039373256266117096,0.9997673630714417,0.6510907411575317,0.5456923842430115,-0.28175991773605347,0.9953786134719849,0.4835008680820465,0.5297634601593018,0.029353469610214233,0.6774711608886719,0.6007866263389587,0.6020175218582153,-0.5202034711837769,0.9651321172714233,0.4221879839897156,0.5556662082672119,-0.26529461145401,0.8443400263786316,0.5796355605125427,0.6137956380844116,-0.5917865037918091,0.9380847215652466,0.40044838190078735,0.5703337788581848,-0.3289846181869507,0.8367136120796204,0.5754434466362,0.5876298546791077,-0.6119920015335083,0.9425098299980164,0.3975248336791992,0.5522279739379883,-0.37082499265670776,0.8467442393302917,0.5831705927848816,0.5833336114883423,-0.5325157642364502,0.9274851679801941,0.408316045999527,0.5461856722831726,-0.2926078736782074,0.8386083245277405,0.5852142572402954,0.6967743635177612,-0.07369938492774963,0.9991990923881531,0.5225392580032349,0.6939640641212463,0.07356661558151245,0.9990350008010864,0.5805333256721497,0.9439975023269653,-0.10888449847698212,0.8798508644104004,0.5240968465805054,0.9418680667877197,0.13598445057868958,0.5721484422683716,0.5868273973464966,1.178637146949768,0.11147451400756836,0.49186986684799194,0.5394984483718872,1.161224603652954,0.3664934039115906,0.28467613458633423,0.5976943373680115,1.2088119983673096,0.12588055431842804,0.28980329632759094,0.5496516823768616,1.1992526054382324,0.38444653153419495,0.26868823170661926,0.5486876368522644,1.2425014972686768,-0.008795784786343575,0.42973798513412476,0.5107136368751526,1.2189743518829346,0.2823212444782257,0.27900150418281555
0.5194399356842041,0.22947628796100616,-0.28385570645332336,0.9994836449623108,0.5286632776260376,0.2075778692960739,-0.29606813192367554,0.9991644620895386,0.5321327447891235,0.20745183527469635,-0.29645562171936035,0.9992512464523315,0.5365803241729736,0.2070825845003128,-0.29643529653549194,0.9993207454681396,0.5207081437110901,0.2058882862329483,-0.2644016444683075,0.999305784702301,0.5198225378990173,0.2046929895877838,-0.26491549611091614,0.9995043277740479,0.5190240740776062,0.20332255959510803,-0.26529523730278015,0.9996045231819153,0.5581634640693665,0.21421317756175995,-0.228922039270401,0.9997520446777344,0.5322282314300537,0.21081657707691193,-0.10733819007873535,0.999261736869812,0.5305368304252625,0.2529173195362091,-0.2704925239086151,0.9997439980506897,0.5215657949447632,0.24984486401081085,-0.23356273770332336,0.9995843768119812,0.6225884556770325,0.3630233407020569,-0.19463299214839935,0.999939501285553,0.509111762046814,0.3704299032688141,0.030253145843744278,0.999761164188385,0.6511154174804688,0.5484326481819153,-0.2975384593009949,0.9955540299415588,0.4819435477256775,0.5283733606338501,-0.009679270908236504,0.6892504692077637,0.5910347700119019,0.5779754519462585,-0.5470895767211914,0.9684267640113831,0.4214421212673187,0.5387819409370422,-0.3235763907432556,0.8574602007865906,0.5647525787353516,0.5812123417854309,-0.621954083442688,0.9439785480499268,0.3989783823490143,0.5475068092346191,-0.392616331577301,0.8508752584457397,0.5603507161140442,0.5529621243476868,-0.6382045745849609,0.9479957818984985,0.3982054591178894,0.5264576077461243,-0.4311460554599762,0.8602996468544006,0.5697439908981323,0.5523084402084351,-0.5579326152801514,0.9341837167739868,0.4086892008781433,0.522431492805481,-0.350434273481369,0.8521311283111572,0.5873081684112549,0.694446325302124,-0.06781160086393356,0.9990601539611816,0.5238978266716003,0.691764235496521,0.06771036982536316,0.9988482594490051,0.5815297365188599,0.9436944127082825,-0.11335200071334839,0.860905110836029,0.5250188708305359,0.9403291344642639,0.09852852672338486,0.5510719418525696,0.5879756808280945,1.174484372138977,0.10492981970310211,0.46137258410453796,0.5407760143280029,1.1594725847244263,0.33974528312683105,0.26533210277557373,0.5978094935417175,1.2041438817977905,0.11878617852926254,0.27256518602371216,0.5502752065658569,1.1957359313964844,0.35853326320648193,0.2531495690345764,0.5528500080108643,1.237059235572815,-0.024422062560915947,0.40637239813804626,0.5176410675048828,1.2183735370635986,0.24861915409564972,0.2612172067165375
0.5213795900344849,0.22883625328540802,-0.2816465497016907,0.9995182156562805,0.5308181643486023,0.20700189471244812,-0.27792590856552124,0.9992232322692871,0.534354567527771,0.20693744719028473,-0.2783145308494568,0.9993034601211548,0.5388599634170532,0.20669426023960114,-0.2782948315143585,0.9993698000907898,0.5230099558830261,0.20510639250278473,-0.25167858600616455,0.9993507862091064,0.5219014883041382,0.20383605360984802,-0.2520781457424164,0.9995341897010803,0.5209565162658691,0.20246607065200806,-0.25236040353775024,0.9996252059936523,0.5604132413864136,0.21411308646202087,-0.19757354259490967,0.999768853187561,0.533951461315155,0.21014435589313507,-0.07997827976942062,0.9992879033088684,0.5323270559310913,0.25212806463241577,-0.25025826692581177,0.9997629523277283,0.5231672525405884,0.24889320135116577,-0.218092679977417,0.9996122717857361,0.6243997812271118,0.3628033995628357,-0.16395366191864014,0.9999401569366455,0.5095517635345459,0.3697343170642853,0.04915369302034378,0.999751091003418,0.6521307229995728,0.5451658964157104,-0.28671544790267944,0.9955956935882568,0.4820106029510498,0.5264670848846436,-0.002952262293547392,0.6957383155822754,0.5953865051269531,0.553820788860321,-0.5644665360450745,0.9713918566703796,0.42051950097084045,0.5248391628265381,-0.3312811255455017,0.8689212203025818,0.5751442909240723,0.5618159770965576,-0.6446927785873413,0.9493038058280945,0.39721444249153137,0.5269717574119568,-0.40373286604881287,0.8634610176086426,0.5704078674316406,0.5332685112953186,-0.6621131896972656,0.9529545903205872,0.3976110816001892,0.5056468844413757,-0.4418771266937256,0.8723798394203186,0.5764915347099304,0.530629575252533,-0.5770182609558105,0.9402526617050171,0.40827909111976624,0.5059774518013,-0.35862451791763306,0.8640578985214233,0.5883094072341919,0.6917965412139893,-0.06320437043905258,0.9989267587661743,0.5244781970977783,0.6883391737937927,0.06310562789440155,0.998643696308136,0.5818682312965393,0.9430439472198486,-0.11218780279159546,0.8406451344490051,0.525551438331604,0.940130889415741,0.08775193989276886,0.5321791172027588,0.5882695913314819,1.1699132919311523,0.10654693841934204,0.4331243336200714,0.5409443378448486,1.1542695760726929,0.33548471331596375,0.24736998975276947,0.5976890921592712,1.199418067932129,0.12024005502462387,0.2559188902378082,0.5502253174781799,1.1887153387069702,0.3549928665161133,0.23804756999015808,0.5571170449256897,1.2317473888397217,-0.02499040775001049,0.3842056393623352,0.5193191766738892,1.214551329612732,0.24537701904773712,0.24433444440364838
0.5242835283279419,0.2284976989030838,-0.3316921889781952,0.9995246529579163,0.5332132577896118,0.20606729388237,-0.3244020342826843,0.9992393851280212,0.5372069478034973,0.20594295859336853,-0.3248003125190735,0.9993147253990173,0.5418606996536255,0.20578262209892273,-0.32478123903274536,0.9993826150894165,0.5256935954093933,0.20435309410095215,-0.30038246512413025,0.9993622899055481,0.5241881012916565,0.2031080722808838,-0.3007771670818329,0.999538779258728,0.5228902101516724,0.2018096148967743,-0.30107590556144714,0.9996265172958374,0.5630600452423096,0.21301138401031494,-0.22487807273864746,0.9997695088386536,0.5361379384994507,0.2094409167766571,-0.12135112285614014,0.9992740154266357,0.5354061722755432,0.2515372931957245,-0.29335707426071167,0.9997716546058655,0.5261029005050659,0.2486475259065628,-0.26378750801086426,0.9996256232261658,0.6289345026016235,0.3647229075431824,-0.18274252116680145,0.9999347925186157,0.5102616548538208,0.3676144778728485,0.008868042379617691,0.9997430443763733,0.6520149111747742,0.5602413415908813,-0.3286008834838867,0.9947037696838379,0.4820689260959625,0.5251381397247314,-0.05520965903997421,0.7015383839607239,0.5988095998764038,0.5535791516304016,-0.6168645024299622,0.9734480977058411,0.41968026757240295,0.5117225646972656,-0.38769277930259705,0.8797138333320618,0.5821391344070435,0.5597324967384338,-0.6960694789886475,0.9533731937408447,0.39524149894714355,0.5117942094802856,-0.46174636483192444,0.8750833868980408,0.5764563679695129,0.5271438360214233,-0.7145248651504517,0.9567634463310242,0.3955717980861664,0.4886361360549927,-0.49807024002075195,0.8834595680236816,0.5795944929122925,0.5261791348457336,-0.6300048232078552,0.9443410038948059,0.4064977765083313,0.4900706708431244,-0.4143076539039612,0.8749337196350098,0.5899690389633179,0.6900483965873718,-0.059196509420871735,0.9987806677818298,0.5254791378974915,0.6843308210372925,0.05909992381930351,0.9985096454620361,0.583000898361206,0.9428205490112305,-0.11595593392848969,0.82192063331604,0.5259957313537598,0.9399260878562927,0.0865008533000946,0.5150578618049622,0.5888401865959167,1.1634901762008667,0.11723178625106812,0.40870219469070435,0.5407165884971619,1.1460950374603271,0.3517371714115143,0.23250752687454224,0.5975212454795837,1.1918259859085083,0.1319836527109146,0.24188373982906342,0.5499850511550903,1.17918062210083,0.37251657247543335,0.22547191381454468,0.5590585470199585,1.2260963916778564,-0.010163366794586182,0.3653882145881653,0.5192285776138306,1.2062112092971802,0.26359668374061584,0.23042145371437073
0.5256264209747314,0.22775618731975555,-0.32943421602249146,0.9995273351669312,0.5346986651420593,0.2049207240343094,-0.3194729685783386,0.9992473721504211,0.5385974049568176,0.20488564670085907,-0.31987592577934265,0.9993242025375366,0.5431947708129883,0.2048703283071518,-0.31987959146499634,0.9993953704833984,0.5273799300193787,0.20310473442077637,-0.2998746931552887,0.9993565678596497,0.5259820222854614,0.20185472071170807,-0.30021798610687256,0.9995273947715759,0.5247440934181213,0.20062817633152008,-0.3004731833934784,0.9996108412742615,0.5647085309028625,0.21233905851840973,-0.2219408005475998,0.9997696876525879,0.5384587049484253,0.20842759311199188,-0.11446066200733185,0.9992140531539917,0.5368052124977112,0.25083595514297485,-0.2861137390136719,0.9997788667678833,0.5272598266601562,0.2481069415807724,-0.2601209282875061,0.9996317625045776,0.6305607557296753,0.364535391330719,-0.1738622784614563,0.9999351501464844,0.5114801526069641,0.3638920187950134,0.014733247458934784,0.9997362494468689,0.6519347429275513,0.5653374195098877,-0.31372949481010437,0.9943936467170715,0.4822733402252197,0.5243379473686218,-0.02063489891588688,0.702613353729248,0.6148584485054016,0.5300820469856262,-0.6206188201904297,0.9758002758026123,0.4166141450405121,0.5006018877029419,-0.3215678632259369,0.8881688714027405,0.6031416654586792,0.5266919136047363,-0.7002873420715332,0.9576011300086975,0.3925543427467346,0.49769851565361023,-0.3890489339828491,0.8842641115188599,0.6029365062713623,0.49640554189682007,-0.7205674648284912,0.9606967568397522,0.3944374918937683,0.4721643626689911,-0.4282081723213196,0.892363429069519,0.6044460535049438,0.49885350465774536,-0.6351725459098816,0.9490602016448975,0.40441814064979553,0.4753933846950531,-0.34878772497177124,0.8833870887756348,0.5900235772132874,0.6891629099845886,-0.05484537035226822,0.9986520409584045,0.52530837059021,0.6828063726425171,0.0547565333545208,0.9983546137809753,0.5837341547012329,0.9426889419555664,-0.10790369659662247,0.7938877940177917,0.5265166163444519,0.9395208358764648,0.07824437320232391,0.4950161576271057,0.5894116759300232,1.1622812747955322,0.1323779970407486,0.3795866072177887,0.5405484437942505,1.1449942588806152,0.3507097065448761,0.21559415757656097,0.5974764823913574,1.190359115600586,0.14932122826576233,0.2256367951631546,0.5491228103637695,1.1777310371398926,0.37262141704559326,0.2104531228542328,0.5629173517227173,1.2253412008285522,0.001724247820675373,0.34106507897377014,0.520775556564331,1.2061067819595337,0.2622598111629486,0.21398580074310303
0.5268533825874329,0.22677063941955566,-0.3197973668575287,0.9995371103286743,0.5360704660415649,0.20391428470611572,-0.3105439841747284,0.9992685914039612,0.5397509932518005,0.20382343232631683,-0.3109484314918518,0.9993446469306946,0.5444260835647583,0.2037406861782074,-0.3109526038169861,0.9994181394577026,0.52860426902771,0.20221036672592163,-0.2901690900325775,0.999363362789154,0.5274443030357361,0.2010292261838913,-0.2904950678348541,0.9995254278182983,0.5263912081718445,0.19984982907772064,-0.2907225489616394,0.9996035695075989,0.5661479234695435,0.21103984117507935,-0.22019755840301514,0.9997756481170654,0.5391992330551147,0.20740945637226105,-0.10971467196941376,0.9991689324378967,0.5378477573394775,0.24933142960071564,-0.27737149596214294,0.9997884035110474,0.5284389853477478,0.24690411984920502,-0.2504420876502991,0.999642014503479,0.6300230026245117,0.36243706941604614,-0.17296293377876282,0.9999366402626038,0.5133785009384155,0.36214736104011536,0.02467818185687065,0.9997254610061646,0.6521229147911072,0.5645221471786499,-0.3086736798286438,0.9942522048950195,0.48234662413597107,0.5226948261260986,-0.014590280130505562,0.6930714845657349,0.6146301627159119,0.5231015682220459,-0.6073875427246094,0.9779684543609619,0.41799625754356384,0.48720359802246094,-0.32899731397628784,0.8937815427780151,0.6028034090995789,0.5177490711212158,-0.6859966516494751,0.9614582657814026,0.39320239424705505,0.48125457763671875,-0.3982737064361572,0.8911088705062866,0.6019324064254761,0.48529332876205444,-0.7029708623886108,0.9642737507820129,0.3952536880970001,0.455294668674469,-0.4341190457344055,0.8991181254386902,0.6040748357772827,0.48843878507614136,-0.6199865341186523,0.9533466696739197,0.40563511848449707,0.45756393671035767,-0.35531431436538696,0.8890567421913147,0.5898668766021729,0.6879321336746216,-0.05489003658294678,0.9985209107398987,0.5253058075904846,0.6815773844718933,0.05480880290269852,0.9981473684310913,0.5842392444610596,0.9423915147781372,-0.10519742965698242,0.7731918096542358,0.527375340461731,0.9390212893486023,0.09001309424638748,0.4734628200531006,0.5900919437408447,1.1588000059127808,0.13992033898830414,0.3558329641819,0.5409561395645142,1.1421680450439453,0.35530954599380493,0.20034538209438324,0.5973440408706665,1.1880773305892944,0.15673187375068665,0.21236039698123932,0.5491220951080322,1.1757771968841553,0.37301379442214966,0.19711187481880188,0.5641030073165894,1.2189085483551025,0.010614997707307339,0.3209722936153412,0.5215687155723572,1.2017077207565308,0.2708987891674042,0.19910474121570587
0.5283822417259216,0.22595305740833282,-0.32024553418159485,0.9995503425598145,0.537735641002655,0.20306144654750824,-0.3124653398990631,0.9992942214012146,0.5415916442871094,0.20306260883808136,-0.3128700852394104,0.9993680119514465,0.5464628338813782,0.2030576765537262,-0.31287384033203125,0.999442458152771,0.529806911945343,0.20133590698242188,-0.2909151017665863,0.9993772506713867,0.5286179780960083,0.20022547245025635,-0.2912730574607849,0.9995296001434326,0.5275295972824097,0.19910843670368195,-0.2915229797363281,0.999602198600769,0.567283034324646,0.21065928041934967,-0.22400996088981628,0.9997828602790833,0.5391250848770142,0.207050621509552,-0.11333789676427841,0.999142587184906,0.5394484996795654,0.24786220490932465,-0.27859020233154297,0.9997990131378174,0.5292302370071411,0.24611090123653412,-0.2519237697124481,0.9996556043624878,0.6294986009597778,0.3595777750015259,-0.17633101344108582,0.9999387264251709,0.5145002603530884,0.3602084815502167,0.024251697584986687,0.9997189044952393,0.65212482213974,0.5636618137359619,-0.31298962235450745,0.9942856431007385,0.4823480546474457,0.5209007859230042,-0.02569175884127617,0.6854928731918335,0.6143438220024109,0.5165923833847046,-0.6188660860061646,0.9799914360046387,0.41902580857276917,0.4785999655723572,-0.3517425060272217,0.8994446396827698,0.6022964715957642,0.5101450681686401,-0.6983913779258728,0.9650293588638306,0.3947480022907257,0.4704540967941284,-0.4227263331413269,0.8978816270828247,0.6022621393203735,0.4753325879573822,-0.7158746719360352,0.9675849676132202,0.39642664790153503,0.44526010751724243,-0.4581676423549652,0.9056982398033142,0.6039654016494751,0.4793323576450348,-0.6318116784095764,0.9574129581451416,0.40660184621810913,0.4476681649684906,-0.37812143564224243,0.8948432803153992,0.5902078151702881,0.688222348690033,-0.05464760586619377,0.9984315037727356,0.5252770781517029,0.681852400302887,0.05457181856036186,0.99800705909729,0.5848807096481323,0.9423774480819702,-0.10396911948919296,0.757097601890564,0.5276721715927124,0.9389999508857727,0.0888637825846672,0.45517203211784363,0.5912039875984192,1.159065842628479,0.1437709480524063,0.33462515473365784,0.5408151149749756,1.1422994136810303,0.3598218262195587,0.18655212223529816,0.5977091789245605,1.1887295246124268,0.1604660451412201,0.2004532665014267,0.5489597320556641,1.176179051399231,0.37816137075424194,0.18459387123584747,0.5652802586555481,1.2179350852966309,0.01603648066520691,0.30309930443763733,0.5218562483787537,1.201936960220337,0.2753608524799347,0.18545114994049072
0.5292140245437622,0.22538882493972778,-0.32653626799583435,0.9995388984680176,0.5387378931045532,0.20237554609775543,-0.3223473131656647,0.9992824792861938,0.5426124334335327,0.20261575281620026,-0.3227589428424835,0.9993603229522705,0.5475054979324341,0.2027072012424469,-0.3227587342262268,0.9994418621063232,0.5304927825927734,0.20037253201007843,-0.2984210252761841,0.9993520379066467,0.5293298959732056,0.1992286890745163,-0.29879364371299744,0.9994989037513733,0.5281804203987122,0.1980837732553482,-0.29905426502227783,0.9995731115341187,0.568142831325531,0.2105301171541214,-0.24209654331207275,0.9997777342796326,0.5392423868179321,0.20670859515666962,-0.12820106744766235,0.9990543723106384,0.5400172472000122,0.24736249446868896,-0.28927847743034363,0.9998005032539368,0.529585063457489,0.2456456869840622,-0.2599468529224396,0.9996524453163147,0.6311765313148499,0.35864707827568054,-0.19572283327579498,0.9999400973320007,0.515279233455658,0.35952088236808777,0.01911386474967003,0.9997143149375916,0.6521223187446594,0.5642985105514526,-0.35351330041885376,0.9940268397331238,0.4819967746734619,0.5197047591209412,-0.0009381395648233593,0.6719628572463989,0.6165841817855835,0.5049094557762146,-0.6639891862869263,0.9817234873771667,0.4192659854888916,0.463552862405777,-0.26903530955314636,0.9044293165206909,0.6045781373977661,0.4877823293209076,-0.7422580122947693,0.9681078195571899,0.39469194412231445,0.44734352827072144,-0.3285626173019409,0.9035606980323792,0.6060351729393005,0.45618948340415955,-0.7558118104934692,0.9704239964485168,0.39692771434783936,0.42785415053367615,-0.3639369606971741,0.9112120270729065,0.606876015663147,0.4639366567134857,-0.6751769781112671,0.9607155919075012,0.407167911529541,0.43273937702178955,-0.294053316116333,0.8995581865310669,0.5903247594833374,0.6894922256469727,-0.05588173866271973,0.9982876777648926,0.5251868963241577,0.6822753548622131,0.05579817295074463,0.9978233575820923,0.5853132009506226,0.9425898194313049,-0.07632027566432953,0.727855920791626,0.5278371572494507,0.9392005205154419,0.10960374772548676,0.4277580678462982,0.592902660369873,1.158658742904663,0.19108878076076508,0.3108987808227539,0.540821373462677,1.1400285959243774,0.41006550192832947,0.17149841785430908,0.5994809865951538,1.1891531944274902,0.21064281463623047,0.18866415321826935,0.548888087272644,1.174405813217163,0.43448567390441895,0.17172090709209442,0.5663091540336609,1.2148528099060059,0.08272306621074677,0.2826426923274994,0.52158123254776,1.196973204612732,0.3386520445346832,0.17087076604366302
0.5299456715583801,0.2239842563867569,-0.33083635568618774,0.9995028972625732,0.539568305015564,0.20139482617378235,-0.3259565234184265,0.9992359280586243,0.5436075329780579,0.2018531858921051,-0.3263707160949707,0.9993219375610352,0.5485986471176147,0.2020670622587204,-0.3263735771179199,0.9994126558303833,0.5311412215232849,0.1995650678873062,-0.30199387669563293,0.9992978572845459,0.5300007462501526,0.1986161768436432,-0.3023626208305359,0.9994475841522217,0.5287142992019653,0.19759288430213928,-0.3026355803012848,0.9995222091674805,0.5692500472068787,0.21045313775539398,-0.24215951561927795,0.9997628331184387,0.5394283533096313,0.2066226303577423,-0.12962733209133148,0.9989304542541504,0.5402528643608093,0.2458186000585556,-0.29284337162971497,0.9997957944869995,0.5302556753158569,0.24441710114479065,-0.2634895443916321,0.9996390342712402,0.6328644752502441,0.35852915048599243,-0.19537383317947388,0.9999392628669739,0.5153685808181763,0.3598436713218689,0.014175471849739552,0.9997036457061768,0.6517751812934875,0.5653599500656128,-0.35687151551246643,0.9933137893676758,0.4817539155483246,0.5187252759933472,-0.03207043558359146,0.6542202830314636,0.6213050484657288,0.4904140532016754,-0.681074857711792,0.9831405282020569,0.4193898141384125,0.45719069242477417,-0.3503738045692444,0.9083248376846313,0.6108666658401489,0.4701564311981201,-0.7623499631881714,0.9707252383232117,0.3955322802066803,0.4384637176990509,-0.42094260454177856,0.9086319208145142,0.6138748526573181,0.44050681591033936,-0.7771939039230347,0.9728372693061829,0.3982239067554474,0.41893836855888367,-0.4537261128425598,0.9161201119422913,0.6141650080680847,0.4485543668270111,-0.6934155821800232,0.963337779045105,0.4096042215824127,0.424633651971817,-0.3758253753185272,0.9033980965614319,0.5902513265609741,0.689924418926239,-0.055856574326753616,0.9981667995452881,0.5250866413116455,0.6827528476715088,0.055788177996873856,0.9976828098297119,0.5855568647384644,0.9427435994148254,-0.07539014518260956,0.7029200792312622,0.528274416923523,0.9399970769882202,0.1077163964509964,0.4048929810523987,0.5934688448905945,1.1582040786743164,0.19472725689411163,0.2914794981479645,0.5412968993186951,1.1401870250701904,0.4087549149990082,0.15908625721931458,0.5997816324234009,1.1889262199401855,0.21414029598236084,0.178611159324646,0.5492799282073975,1.1747047901153564,0.4336613118648529,0.16131456196308136,0.5671697854995728,1.2147516012191772,0.07663556188344955,0.26604118943214417,0.522281289100647,1.1977410316467285,0.3284755349159241,0.15882399678230286
0.5302497744560242,0.22386591136455536,-0.3302156329154968,0.9994810223579407,0.5397365093231201,0.20119626820087433,-0.32512524724006653,0.9992133975028992,0.5440157651901245,0.2017177939414978,-0.3255375027656555,0.9993059635162354,0.5488780736923218,0.20196138322353363,-0.32554295659065247,0.9993988275527954,0.5316066145896912,0.19952943921089172,-0.3013080060482025,0.9992655515670776,0.5305296182632446,0.1986129730939865,-0.30167725682258606,0.9994168281555176,0.5291768312454224,0.1975974589586258,-0.3019592761993408,0.9994863271713257,0.5697996020317078,0.21047568321228027,-0.24136412143707275,0.999758243560791,0.5405107736587524,0.20662063360214233,-0.1287851631641388,0.9988634586334229,0.540258526802063,0.245767280459404,-0.292084276676178,0.9997946619987488,0.5306226015090942,0.24419398605823517,-0.26282668113708496,0.9996321201324463,0.6336780190467834,0.35812047123908997,-0.19091150164604187,0.9999380707740784,0.5153800249099731,0.3600359261035919,0.009788140654563904,0.9996909499168396,0.6510826349258423,0.5669337511062622,-0.3566725552082062,0.992681086063385,0.4814722537994385,0.5188230872154236,-0.06409582495689392,0.6379318833351135,0.6267054677009583,0.47770240902900696,-0.687006413936615,0.9844112396240234,0.4217161536216736,0.44789451360702515,-0.4089905619621277,0.9106349349021912,0.6169036030769348,0.4509733021259308,-0.7687516212463379,0.9731051921844482,0.39651763439178467,0.42649322748184204,-0.4850064218044281,0.9125410318374634,0.6204651594161987,0.42227059602737427,-0.7844149470329285,0.975037693977356,0.40253081917762756,0.40685606002807617,-0.5137386918067932,0.9199392795562744,0.6203757524490356,0.4318544566631317,-0.6999331116676331,0.9657762050628662,0.4145328402519226,0.41373851895332336,-0.4335871636867523,0.9059824347496033,0.5902082920074463,0.6900038123130798,-0.05482770875096321,0.9980611205101013,0.5250198245048523,0.6830803751945496,0.05477413535118103,0.997564435005188,0.5856431722640991,0.9427464008331299,-0.06531362235546112,0.6911978721618652,0.5284320712089539,0.9400080442428589,0.10848160833120346,0.39426538348197937,0.594427764415741,1.151557207107544,0.22577115893363953,0.27895453572273254,0.541228711605072,1.136612057685852,0.4228517413139343,0.1514357179403305,0.600881040096283,1.1812776327133179,0.24738094210624695,0.1717890501022339,0.5492327213287354,1.1708736419677734,0.4493381381034851,0.15549834072589874,0.5678170919418335,1.2090675830841064,0.11019650846719742,0.2555001378059387,0.5219060778617859,1.1948208808898926,0.34245437383651733,0.15115535259246826
0.5300886034965515,0.22373796999454498,-0.3190648853778839,0.9994584321975708,0.5393784642219543,0.20113830268383026,-0.31435298919677734,0.9991891980171204,0.5438144207000732,0.20166586339473724,-0.3147582709789276,0.9992877840995789,0.5485299229621887,0.2019454687833786,-0.3147732615470886,0.9993828535079956,0.5318064093589783,0.1995445042848587,-0.29081642627716064,0.9992339611053467,0.5307508707046509,0.19863508641719818,-0.29117247462272644,0.9993866086006165,0.5293348431587219,0.19761472940444946,-0.29145485162734985,0.9994523525238037,0.5698574185371399,0.21058033406734467,-0.2299782931804657,0.9997530579566956,0.5411907434463501,0.2066212296485901,-0.1198047399520874,0.998802125453949,0.5398968458175659,0.24574188888072968,-0.28109511733055115,0.9997923970222473,0.5306506752967834,0.24392981827259064,-0.25220853090286255,0.9996233582496643,0.6331108808517456,0.35616621375083923,-0.18396517634391785,0.9999368190765381,0.5151765942573547,0.360067754983902,0.014825435355305672,0.9996780157089233,0.6500931978225708,0.5665335059165955,-0.355203777551651,0.992182195186615,0.48176756501197815,0.5187830328941345,-0.05769588425755501,0.6181262135505676,0.6301124095916748,0.4569830894470215,-0.6832771897315979,0.9855057597160339,0.42471688985824585,0.4416930377483368,-0.4023936688899994,0.9108348488807678,0.6185186505317688,0.4330922067165375,-0.7639403343200684,0.9751659035682678,0.3994584381580353,0.41950997710227966,-0.47732052206993103,0.9147806763648987,0.6234296560287476,0.40465226769447327,-0.7780442833900452,0.9769327640533447,0.4076276421546936,0.3997577130794525,-0.5044335722923279,0.9221571683883667,0.6245630979537964,0.4146904945373535,-0.6954259276390076,0.9677853584289551,0.4188421368598938,0.407736212015152,-0.4263013005256653,0.9066153168678284,0.5901063084602356,0.6901525259017944,-0.05539228394627571,0.9979917407035828,0.5249735116958618,0.6828329563140869,0.05533362552523613,0.99748694896698,0.5855551362037659,0.9427437782287598,-0.06604600697755814,0.683782696723938,0.5283956527709961,0.9400380253791809,0.10901874303817749,0.38469022512435913,0.5949692130088806,1.1506922245025635,0.2135079801082611,0.269491970539093,0.5412150621414185,1.1362082958221436,0.4167965352535248,0.14489221572875977,0.601923942565918,1.1807423830032349,0.23385286331176758,0.16658733785152435,0.5493474006652832,1.1708511114120483,0.44229656457901,0.1512337177991867,0.5673580765724182,1.2087188959121704,0.09747982025146484,0.24725887179374695,0.5212675929069519,1.1942086219787598,0.337491899728775,0.14464738965034485
0.5302485823631287,0.22374553978443146,-0.28769436478614807,0.9994080662727356,0.5392729640007019,0.20120960474014282,-0.2846100926399231,0.9991233944892883,0.5438646078109741,0.20171025395393372,-0.2849951386451721,0.999231219291687,0.548533022403717,0.20197798311710358,-0.2850005030632019,0.9993325471878052,0.5319517254829407,0.19966678321361542,-0.2593885362148285,0.9991676807403564,0.5307826995849609,0.19878414273262024,-0.2597472071647644,0.9993284940719604,0.5292409062385559,0.19777560234069824,-0.26002636551856995,0.9993997812271118,0.5700210928916931,0.21064230799674988,-0.20852477848529816,0.9997344613075256,0.5418643951416016,0.20661187171936035,-0.09220975637435913,0.998713493347168,0.539826512336731,0.24571427702903748,-0.2531658411026001,0.999782145023346,0.5308219790458679,0.2439209371805191,-0.22222308814525604,0.9996029734611511,0.6328186988830566,0.3527188301086426,-0.17155778408050537,0.9999343156814575,0.5150991678237915,0.3595179617404938,0.04268229380249977,0.999671995639801,0.649324893951416,0.5659359693527222,-0.34779369831085205,0.9918686747550964,0.4822063446044922,0.5183889269828796,-0.020788392052054405,0.6041952967643738,0.6324468851089478,0.4444310963153839,-0.6686626076698303,0.986506462097168,0.4273096024990082,0.43788546323776245,-0.38164374232292175,0.9140439033508301,0.6183820962905884,0.41871723532676697,-0.7470018267631531,0.97697913646698,0.40354055166244507,0.41448694467544556,-0.46344608068466187,0.91871178150177,0.625612199306488,0.3906438946723938,-0.7590461373329163,0.9785745739936829,0.4112754762172699,0.39551806449890137,-0.46138691902160645,0.9258044362068176,0.6274223923683167,0.400971382856369,-0.6795510053634644,0.96945720911026,0.42231830954551697,0.40406861901283264,-0.39594537019729614,0.9096498489379883,0.5900278687477112,0.690261960029602,-0.05673529580235481,0.9979236125946045,0.524971604347229,0.6825367212295532,0.05670051649212837,0.9974409341812134,0.5854445099830627,0.9423931837081909,-0.05587010458111763,0.6787368655204773,0.5283781290054321,0.9397433996200562,0.11132059246301651,0.3804590404033661,0.5957821011543274,1.1506924629211426,0.2278628796339035,0.26144617795944214,0.5416845679283142,1.1361762285232544,0.4170455038547516,0.13943596184253693,0.6035270690917969,1.1812492609024048,0.24903932213783264,0.16208872199058533,0.5502827763557434,1.1710658073425293,0.44260430335998535,0.14834001660346985,0.5668684244155884,1.2085697650909424,0.11772854626178741,0.23928521573543549,0.5211513638496399,1.194516897201538,0.34213995933532715,0.13911248743534088
0.5307533144950867,0.22374685108661652,-0.2832963764667511,0.9993574023246765,0.5395747423171997,0.20122867822647095,-0.27911290526390076,0.9990490674972534,0.5443573594093323,0.20172324776649475,-0.27949291467666626,0.9991645216941833,0.5491363406181335,0.20198214054107666,-0.27949321269989014,0.9992719888687134,0.5320996046066284,0.19969743490219116,-0.25507625937461853,0.9990976452827454,0.5307296514511108,0.19882825016975403,-0.25543931126594543,0.9992675185203552,0.5290418863296509,0.1978335976600647,-0.25571873784065247,0.9993444681167603,0.570135772228241,0.21064548194408417,-0.19808611273765564,0.9997093081474304,0.5416761636734009,0.20656265318393707,-0.08749309927225113,0.9986090064048767,0.5401447415351868,0.24545679986476898,-0.2468983381986618,0.9997656941413879,0.5310806035995483,0.24391213059425354,-0.2175734043121338,0.9995741248130798,0.6325263381004333,0.34765058755874634,-0.1590886265039444,0.9999309182167053,0.5149878263473511,0.35802680253982544,0.04749114438891411,0.9996634125709534,0.6483657360076904,0.5651125311851501,-0.3423106074333191,0.9914690852165222,0.48272809386253357,0.517987847328186,-0.016108233481645584,0.5906593799591064,0.6328089833259583,0.4371514618396759,-0.6572732329368591,0.987328052520752,0.43014711141586304,0.4356917440891266,-0.36349374055862427,0.9160422086715698,0.6176062822341919,0.4100840389728546,-0.7344374060630798,0.9784838557243347,0.4068828523159027,0.4129481911659241,-0.43757158517837524,0.9215185642242432,0.62613844871521,0.3834853768348694,-0.7461456060409546,0.979920506477356,0.4149251878261566,0.3933788239955902,-0.45388737320899963,0.9283580780029297,0.6287341713905334,0.3936731219291687,-0.6679447889328003,0.970704972743988,0.425726979970932,0.40114471316337585,-0.38791853189468384,0.9113750457763672,0.5900049209594727,0.6899430155754089,-0.05696481466293335,0.9978938698768616,0.5249967575073242,0.6815060377120972,0.056925803422927856,0.9974393844604492,0.5853914618492126,0.9417151808738708,-0.051153313368558884,0.6732997298240662,0.5283553004264832,0.9389128088951111,0.11137769371271133,0.37582722306251526,0.5957540273666382,1.1502901315689087,0.2267063558101654,0.2543610632419586,0.5417006611824036,1.1355654001235962,0.41506853699684143,0.13538755476474762,0.603614866733551,1.181256651878357,0.24721765518188477,0.15815643966197968,0.5504276156425476,1.1708927154541016,0.4401610791683197,0.14612512290477753,0.5666256546974182,1.2085845470428467,0.1158410906791687,0.23194102942943573,0.5210798978805542,1.1936722993850708,0.33863112330436707,0.1345759928226471
0.5315014719963074,0.22375628352165222,-0.28247934579849243,0.9992942810058594,0.540130078792572,0.20123958587646484,-0.27758026123046875,0.9989591240882874,0.5450493097305298,0.20172938704490662,-0.2779589295387268,0.9990818500518799,0.5499880313873291,0.2019868642091751,-0.27795538306236267,0.9992002248764038,0.5323883295059204,0.19971545040607452,-0.2539632320404053,0.9990110993385315,0.5308181047439575,0.19884170591831207,-0.25432831048965454,0.9991893172264099,0.5289512872695923,0.19785819947719574,-0.25460904836654663,0.9992733597755432,0.5703979730606079,0.21064844727516174,-0.19235527515411377,0.9996775388717651,0.5414422750473022,0.2064940333366394,-0.08369971066713333,0.9984611868858337,0.5407120585441589,0.2453376203775406,-0.24441905319690704,0.9997425675392151,0.5313460230827332,0.24391861259937286,-0.21565432846546173,0.9995303750038147,0.63246750831604,0.3427610397338867,-0.15177853405475616,0.9999262690544128,0.515034556388855,0.35677459836006165,0.052360065281391144,0.9996422529220581,0.6483058333396912,0.563492476940155,-0.3403192162513733,0.9908940196037292,0.4839988648891449,0.5178616046905518,-0.014524516649544239,0.5715253353118896,0.6325685977935791,0.43456903100013733,-0.6527319550514221,0.987950325012207,0.4326073229312897,0.43262171745300293,-0.34931010007858276,0.91488116979599,0.6175171136856079,0.4072962999343872,-0.7299556136131287,0.9796686768531799,0.41035357117652893,0.4082757830619812,-0.41961535811424255,0.9218898415565491,0.6254487037658691,0.3816119432449341,-0.7413665056228638,0.9809703826904297,0.4181843400001526,0.38841989636421204,-0.4464670717716217,0.9286813139915466,0.6279736757278442,0.391372412443161,-0.6633399128913879,0.9715041518211365,0.42909517884254456,0.39731425046920776,-0.3746371865272522,0.9101797938346863,0.5899683237075806,0.6898624300956726,-0.057118892669677734,0.997829794883728,0.5249744653701782,0.6809437870979309,0.057076264172792435,0.9973897337913513,0.5853303670883179,0.9415541887283325,-0.05165129154920578,0.6643360257148743,0.5283336639404297,0.9388977885246277,0.1162286251783371,0.36596235632896423,0.5956445336341858,1.1503126621246338,0.22600190341472626,0.2457306832075119,0.5416742563247681,1.1351243257522583,0.4132339060306549,0.12998154759407043,0.6034767627716064,1.1815245151519775,0.24659976363182068,0.15335515141487122,0.5504683256149292,1.1705660820007324,0.4377405643463135,0.14195235073566437,0.5651410818099976,1.2081671953201294,0.11391526460647583,0.22335655987262726,0.5209521055221558,1.1928843259811401,0.33450648188591003,0.12866522371768951
0.5318437814712524,0.22376443445682526,-0.2871488928794861,0.999186098575592,0.540346622467041,0.20123381912708282,-0.28184494376182556,0.9988067150115967,0.5452731251716614,0.20171236991882324,-0.28223055601119995,0.9989467859268188,0.5502285957336426,0.20195041596889496,-0.2822307348251343,0.9990877509117126,0.532641589641571,0.19970722496509552,-0.25862446427345276,0.9988579154014587,0.5309362411499023,0.198843315243721,-0.2589905858039856,0.9990538954734802,0.528918981552124,0.1978660225868225,-0.2592747211456299,0.999151885509491,0.5702656507492065,0.210629403591156,-0.19551332294940948,0.9996287226676941,0.5413128733634949,0.20648333430290222,-0.08886918425559998,0.9981956481933594,0.540817379951477,0.24531207978725433,-0.24888870120048523,0.9997043013572693,0.5314218401908875,0.24382802844047546,-0.22061841189861298,0.9994548559188843,0.6323093175888062,0.3408419191837311,-0.15293830633163452,0.9999201893806458,0.5150681734085083,0.3567700684070587,0.04647250846028328,0.999605655670166,0.6478504538536072,0.5635095238685608,-0.33964574337005615,0.9899325370788574,0.48428964614868164,0.5179055333137512,-0.021384600549936295,0.5494088530540466,0.6325379014015198,0.435968279838562,-0.6515599489212036,0.98828125,0.4341563582420349,0.43047019839286804,-0.35038354992866516,0.9106054306030273,0.6180959939956665,0.40492770075798035,-0.7283893823623657,0.9804372787475586,0.41158533096313477,0.4038059115409851,-0.4202677309513092,0.919796347618103,0.6267309188842773,0.3806518018245697,-0.7396559715270996,0.9816145896911621,0.41983896493911743,0.3839235007762909,-0.4454805254936218,0.9266998767852783,0.6291782259941101,0.39194455742836,-0.6621406674385071,0.9715631604194641,0.4314081072807312,0.3923380970954895,-0.37337246537208557,0.9059041142463684,0.5899224877357483,0.6899033188819885,-0.056496985256671906,0.9977831840515137,0.5249613523483276,0.6808800101280212,0.056460291147232056,0.9973464012145996,0.5852864980697632,0.9417065382003784,-0.05023636296391487,0.6542458534240723,0.5283072590827942,0.9389397501945496,0.11517025530338287,0.3573189377784729,0.5950335264205933,1.1492950916290283,0.23745158314704895,0.2369796186685562,0.5415055751800537,1.1337648630142212,0.41051429510116577,0.12579773366451263,0.6025933027267456,1.1800317764282227,0.2592681050300598,0.14851997792720795,0.5504255890846252,1.1692742109298706,0.4347756803035736,0.13874812424182892,0.564961850643158,1.2075225114822388,0.12920373678207397,0.2145911306142807,0.5203919410705566,1.1912100315093994,0.33140093088150024,0.12376350909471512
0.5316491723060608,0.22377899289131165,-0.2718505263328552,0.9991002678871155,0.5402461886405945,0.2012418955564499,-0.2664411962032318,0.9986816048622131,0.5451892018318176,0.20171606540679932,-0.2668200433254242,0.9988327622413635,0.5501455068588257,0.20195068418979645,-0.26681771874427795,0.9989898204803467,0.5325655341148376,0.1997157484292984,-0.24367645382881165,0.9987380504608154,0.5308337211608887,0.19888320565223694,-0.24404406547546387,0.9989506602287292,0.5288168787956238,0.1979568898677826,-0.2443300038576126,0.9990622401237488,0.570101797580719,0.21063527464866638,-0.181222602725029,0.9995851516723633,0.5411902666091919,0.20664773881435394,-0.07608320564031601,0.9980114698410034,0.5407079458236694,0.24530911445617676,-0.2338172197341919,0.9996705651283264,0.53128981590271,0.24383942782878876,-0.20609202980995178,0.9993925094604492,0.6320334672927856,0.34064698219299316,-0.13786795735359192,0.9999139308929443,0.5150740742683411,0.3576107919216156,0.054405223578214645,0.9995799660682678,0.6476911306381226,0.5634607076644897,-0.31603217124938965,0.9890640377998352,0.4843011796474457,0.5182008147239685,-0.015586001798510551,0.5330178141593933,0.6321560144424438,0.4373190701007843,-0.6395270228385925,0.9886162281036377,0.43575820326805115,0.42754653096199036,-0.34325435757637024,0.909737765789032,0.6182972192764282,0.40475937724113464,-0.7141947150230408,0.9811583757400513,0.41419991850852966,0.3983354866504669,-0.4128611981868744,0.9201141595840454,0.6274357438087463,0.3800417184829712,-0.7234622240066528,0.9822171926498413,0.4229695200920105,0.37905484437942505,-0.4313003122806549,0.9269148707389832,0.6296749711036682,0.3919569253921509,-0.649257481098175,0.9717133045196533,0.43439310789108276,0.3872920870780945,-0.3628886640071869,0.9047776460647583,0.589836061000824,0.6899430155754089,-0.05594276636838913,0.9977423548698425,0.5249455571174622,0.6809701323509216,0.05590832978487015,0.997317373752594,0.585269570350647,0.9428153038024902,-0.05251050740480423,0.6457294821739197,0.528290867805481,0.9389896988868713,0.11528068780899048,0.34811556339263916,0.5950570106506348,1.1496319770812988,0.22529223561286926,0.22916346788406372,0.5410193204879761,1.1334763765335083,0.40752655267715454,0.12112230062484741,0.6026593446731567,1.1803925037384033,0.2459041178226471,0.1441827267408371,0.5501022338867188,1.169034719467163,0.4314318299293518,0.13486124575138092,0.564834713935852,1.2079018354415894,0.11446017026901245,0.20692676305770874,0.5194441676139832,1.1908130645751953,0.3299560546875,0.1187201738357544
0.5315802097320557,0.2237037718296051,-0.2764687240123749,0.9990500807762146,0.540292501449585,0.2011854201555252,-0.26994702219963074,0.998610258102417,0.5452929735183716,0.20165419578552246,-0.27032750844955444,0.9987614154815674,0.550359308719635,0.2019096314907074,-0.27032357454299927,0.998932421207428,0.5324707627296448,0.1996774822473526,-0.24837568402290344,0.9986691474914551,0.5307542085647583,0.19888299703598022,-0.2487446814775467,0.9988836646080017,0.5287145376205444,0.19797135889530182,-0.24903042614459991,0.9990032911300659,0.5699830055236816,0.2106320858001709,-0.17947253584861755,0.9995521306991577,0.5402598977088928,0.20665310323238373,-0.08080146461725235,0.9978566765785217,0.5407199859619141,0.24508294463157654,-0.23686668276786804,0.9996404647827148,0.5311927199363708,0.24381166696548462,-0.21079906821250916,0.9993352293968201,0.6315635442733765,0.340021550655365,-0.13215844333171844,0.9999075531959534,0.5150381326675415,0.35857030749320984,0.04979238659143448,0.9995436072349548,0.6471956968307495,0.5635484457015991,-0.300598680973053,0.9881958365440369,0.48430007696151733,0.5187177658081055,-0.023909322917461395,0.5143391489982605,0.6316015124320984,0.43567779660224915,-0.6165439486503601,0.9889022707939148,0.4359608590602875,0.4242192506790161,-0.34624069929122925,0.9056097865104675,0.6179338097572327,0.40398114919662476,-0.689017653465271,0.981766402721405,0.41426175832748413,0.3947456479072571,-0.4152340292930603,0.9178380966186523,0.6261162161827087,0.3789497911930084,-0.6994258761405945,0.9827234148979187,0.4226832985877991,0.37611088156700134,-0.4345642924308777,0.9246841669082642,0.6283310651779175,0.39068982005119324,-0.6264930367469788,0.9718196392059326,0.4344054162502289,0.3840758502483368,-0.3661509156227112,0.9005134105682373,0.5897085666656494,0.6899725198745728,-0.053438473492860794,0.9976919889450073,0.5249382257461548,0.6809930205345154,0.053409136831760406,0.9972676038742065,0.5851312875747681,0.9430341720581055,-0.04813293740153313,0.6319542527198792,0.5282293558120728,0.9389799237251282,0.1122942715883255,0.3351989984512329,0.5949585437774658,1.149902582168579,0.2211899310350418,0.22055982053279877,0.5406800508499146,1.1335506439208984,0.3886048495769501,0.11653672903776169,0.602514922618866,1.1806528568267822,0.24116499722003937,0.13986939191818237,0.5498703122138977,1.169151782989502,0.4110264778137207,0.13066315650939941,0.5647460222244263,1.208054542541504,0.10986574739217758,0.19878476858139038,0.5189064145088196,1.1909526586532593,0.3067306876182556,0.1136743351817131
0.5314761400222778,0.2234606146812439,-0.27320557832717896,0.9989941120147705,0.54021155834198,0.20096813142299652,-0.26631349325180054,0.9985229969024658,0.5452273488044739,0.2014065682888031,-0.2666911780834198,0.998677670955658,0.5503219366073608,0.20165176689624786,-0.2666870355606079,0.998860239982605,0.5323899984359741,0.19952310621738434,-0.245234876871109,0.9985876679420471,0.5307296514511108,0.198798269033432,-0.24560236930847168,0.9988106489181519,0.528617262840271,0.197928786277771,-0.24588719010353088,0.9989365339279175,0.5699059963226318,0.2103516012430191,-0.17504701018333435,0.9995156526565552,0.5397313833236694,0.20657016336917877,-0.07796455919742584,0.9976943731307983,0.5406646132469177,0.24477195739746094,-0.2330736219882965,0.9996115565299988,0.5311283469200134,0.2437688261270523,-0.20763495564460754,0.9992809295654297,0.6303294897079468,0.3382960557937622,-0.12828150391578674,0.9999038577079773,0.5149310827255249,0.3589940071105957,0.05071435496211052,0.9995234608650208,0.6470319032669067,0.5635539889335632,-0.2974681854248047,0.9874968528747559,0.4844985902309418,0.5193487405776978,-0.02639240399003029,0.495817095041275,0.6309748888015747,0.43492981791496277,-0.613832950592041,0.9891942143440247,0.4361973702907562,0.4260936677455902,-0.35217079520225525,0.9024178385734558,0.6175140142440796,0.40335553884506226,-0.6869099736213684,0.9823750853538513,0.41471338272094727,0.3967779874801636,-0.4220079481601715,0.9164309501647949,0.6254334449768066,0.37845921516418457,-0.6977338790893555,0.9832363724708557,0.42273497581481934,0.3778679668903351,-0.4416167736053467,0.9231988787651062,0.6278677582740784,0.390130877494812,-0.6239380240440369,0.9720315337181091,0.43456968665122986,0.3869393765926361,-0.372265100479126,0.8974512219429016,0.5893514156341553,0.6899247765541077,-0.05251243710517883,0.997685968875885,0.5248938798904419,0.6809778809547424,0.05248274281620979,0.9972692728042603,0.5848409533500671,0.9431630373001099,-0.048712924122810364,0.6192393898963928,0.5281398296356201,0.9389505982398987,0.11132825911045074,0.32312366366386414,0.5948034524917603,1.1503363847732544,0.21987834572792053,0.21273581683635712,0.5400553345680237,1.1337227821350098,0.37995073199272156,0.11226123571395874,0.6024211645126343,1.1814194917678833,0.23822176456451416,0.1355011761188507,0.5492209792137146,1.1694940328598022,0.40156808495521545,0.1265256553888321,0.5640234351158142,1.2092761993408203,0.10425909608602524,0.19132161140441895,0.5186336636543274,1.191338062286377,0.29372745752334595,0.10889236629009247
0.5314249396324158,0.22304922342300415,-0.27586156129837036,0.9989141821861267,0.5401607751846313,0.20067492127418518,-0.2691761553287506,0.9984036684036255,0.5451484322547913,0.20109674334526062,-0.2695540487766266,0.998563289642334,0.5502454042434692,0.20131130516529083,-0.26954832673072815,0.9987606406211853,0.5323464274406433,0.19922788441181183,-0.2478908747434616,0.9984800815582275,0.5305665731430054,0.1985359787940979,-0.24826106429100037,0.9987179040908813,0.5283974409103394,0.19767439365386963,-0.24854877591133118,0.9988561272621155,0.5698820948600769,0.21003739535808563,-0.17882762849330902,0.9994683265686035,0.5392811894416809,0.2062394917011261,-0.08065032213926315,0.9975079894065857,0.5406431555747986,0.24449694156646729,-0.23601743578910828,0.9995755553245544,0.53099125623703,0.2436273992061615,-0.21030306816101074,0.9992152452468872,0.6295584440231323,0.337787002325058,-0.13141919672489166,0.9998981356620789,0.5148190259933472,0.35911667346954346,0.04897373169660568,0.9994990229606628,0.6470012664794922,0.5635714530944824,-0.2984093427658081,0.9866896867752075,0.48483410477638245,0.5204319357872009,-0.026017317548394203,0.47800254821777344,0.6307232975959778,0.43519940972328186,-0.6128220558166504,0.9892198443412781,0.4372584819793701,0.4271537661552429,-0.3489192724227905,0.8990092873573303,0.6168420314788818,0.4048102796077728,-0.685542106628418,0.982556939125061,0.4169824719429016,0.39727550745010376,-0.4184301495552063,0.9145872592926025,0.6251770853996277,0.3783630430698395,-0.6959576606750488,0.9833157658576965,0.4238901734352112,0.37758567929267883,-0.43981876969337463,0.921278715133667,0.6276329159736633,0.3901008665561676,-0.6226823329925537,0.9714706540107727,0.43562597036361694,0.3872694969177246,-0.37058907747268677,0.8938524723052979,0.5889211893081665,0.6899442672729492,-0.05212388560175896,0.997681736946106,0.5248624086380005,0.6810207366943359,0.052093781530857086,0.997278094291687,0.5847168564796448,0.9435217976570129,-0.04828070476651192,0.6103872656822205,0.5280963182449341,0.9388954043388367,0.11255612224340439,0.3135625123977661,0.5947302579879761,1.1507539749145508,0.21790185570716858,0.20634771883487701,0.5400504469871521,1.133779525756836,0.3830259442329407,0.10880891978740692,0.6023600101470947,1.181845784187317,0.23670966923236847,0.13219104707241058,0.5492140054702759,1.1695702075958252,0.4050672650337219,0.12321759760379791,0.5633321404457092,1.2104179859161377,0.1031493991613388,0.18483731150627136,0.5187316536903381,1.1917699575424194,0.29789718985557556,0.10475921630859375
0.5313791036605835,0.22296765446662903,-0.28034913539886475,0.998878002166748,0.5401071906089783,0.20054411888122559,-0.2724078595638275,0.9983554482460022,0.5451053977012634,0.20092818140983582,-0.2727770209312439,0.9985146522521973,0.5502232909202576,0.20110943913459778,-0.27276501059532166,0.9987169504165649,0.5322756767272949,0.1991194784641266,-0.2523115873336792,0.9984368681907654,0.5303632020950317,0.19844254851341248,-0.2526891827583313,0.9986770749092102,0.5281317830085754,0.19758816063404083,-0.25298088788986206,0.9988213777542114,0.5698034167289734,0.20959000289440155,-0.18316464126110077,0.9994438290596008,0.5389689803123474,0.20599760115146637,-0.08263206481933594,0.9974143505096436,0.5405937433242798,0.2443733811378479,-0.23739787936210632,0.9995532035827637,0.530929446220398,0.2435973435640335,-0.21368646621704102,0.9991755485534668,0.6286400556564331,0.33788663148880005,-0.13723598420619965,0.9998941421508789,0.514793872833252,0.3591030538082123,0.047844454646110535,0.9994802474975586,0.6458851099014282,0.5635471940040588,-0.30112993717193604,0.9862901568412781,0.485074520111084,0.5206596255302429,-0.02374310977756977,0.4616869390010834,0.6306147575378418,0.43400582671165466,-0.6143838167190552,0.9893837571144104,0.43772801756858826,0.42703676223754883,-0.3399311900138855,0.8955296874046326,0.6159926652908325,0.4044100046157837,-0.6865145564079285,0.9828901886940002,0.41787123680114746,0.39775848388671875,-0.40729182958602905,0.912550151348114,0.6250795125961304,0.37820786237716675,-0.6989102363586426,0.9835588335990906,0.4242934584617615,0.3782365024089813,-0.42775416374206543,0.9191882014274597,0.6272299289703369,0.3898956775665283,-0.6232193112373352,0.9713204503059387,0.4357585310935974,0.3880299925804138,-0.3602161407470703,0.890164852142334,0.5882952809333801,0.6899675726890564,-0.05287483334541321,0.9976950287818909,0.5248441696166992,0.6810587048530579,0.052851758897304535,0.997308075428009,0.5843912363052368,0.9436187744140625,-0.04770814999938011,0.6064407229423523,0.5279085636138916,0.9383816123008728,0.1191607341170311,0.3068171441555023,0.5945966243743896,1.151633620262146,0.21759025752544403,0.20265290141105652,0.5399554967880249,1.1339741945266724,0.3849721848964691,0.10711514949798584,0.6023582220077515,1.1827726364135742,0.23667804896831512,0.13048020005226135,0.5491794347763062,1.1701703071594238,0.4070180356502533,0.12196273356676102,0.5609005093574524,1.2119708061218262,0.10353375971317291,0.18080265820026398,0.5179507732391357,1.1918771266937256,0.2999633848667145,0.10248378664255142
0.5310881733894348,0.22251585125923157,-0.2828618884086609,0.9988629817962646,0.5398955941200256,0.2001516968011856,-0.2753768563270569,0.9983354210853577,0.5450621843338013,0.2005404382944107,-0.2757393717765808,0.9984946846961975,0.5501796007156372,0.20073479413986206,-0.27572086453437805,0.9986956119537354,0.5317704081535339,0.19880567491054535,-0.2547544836997986,0.9984229207038879,0.5297449231147766,0.19818145036697388,-0.25514066219329834,0.9986644983291626,0.5275841951370239,0.1973455250263214,-0.2554352581501007,0.9988111257553101,0.5697609782218933,0.2088540643453598,-0.18328548967838287,0.9994326233863831,0.5386136174201965,0.20562990009784698,-0.08305434137582779,0.9973962903022766,0.5405728220939636,0.244013249874115,-0.2394208461046219,0.9995452165603638,0.5307262539863586,0.24338749051094055,-0.215289905667305,0.9991636872291565,0.6282421946525574,0.3371145725250244,-0.13888707756996155,0.9998921751976013,0.5148907899856567,0.3588438630104065,0.04767847806215286,0.9994775056838989,0.6446667313575745,0.563346266746521,-0.30792754888534546,0.9861199855804443,0.48511552810668945,0.5205667018890381,-0.02001769468188286,0.4499727785587311,0.6287845373153687,0.4335189759731293,-0.6257739663124084,0.9897379875183105,0.43745142221450806,0.4254921078681946,-0.33728036284446716,0.8956224918365479,0.6141091585159302,0.4037304222583771,-0.6990518569946289,0.9835375547409058,0.4172843098640442,0.3979640603065491,-0.40484562516212463,0.9134479761123657,0.6247353553771973,0.3776329457759857,-0.7106368541717529,0.9841399192810059,0.42370375990867615,0.3785310387611389,-0.4259273409843445,0.9199401140213013,0.6267824769020081,0.3890360891819,-0.6353320479393005,0.9718947410583496,0.43510785698890686,0.38781675696372986,-0.35758134722709656,0.89037024974823,0.5877705216407776,0.6900336742401123,-0.054615944623947144,0.997684895992279,0.5248299837112427,0.680948793888092,0.05459607392549515,0.9973236918449402,0.584055483341217,0.9436696171760559,-0.04837476834654808,0.6036208271980286,0.5274335145950317,0.9371439814567566,0.1218707337975502,0.3019953668117523,0.5942447185516357,1.1524271965026855,0.21813423931598663,0.19944822788238525,0.5390808582305908,1.1345134973526,0.38407376408576965,0.10613341629505157,0.602332353591919,1.1837811470031738,0.23752689361572266,0.12910285592079163,0.5483337044715881,1.1718108654022217,0.40528878569602966,0.1214146688580513,0.5582297444343567,1.212173581123352,0.10474488884210587,0.1780339479446411,0.5151820778846741,1.1919413805007935,0.29701825976371765,0.10142307728528976
0.5308778285980225,0.22248075902462006,-0.28976207971572876,0.9988664984703064,0.539676308631897,0.20006725192070007,-0.2838149666786194,0.998345136642456,0.5449627041816711,0.2004733830690384,-0.2841876149177551,0.9985062479972839,0.550160825252533,0.20068003237247467,-0.2841786742210388,0.9987016916275024,0.5315317511558533,0.1987013965845108,-0.26204994320869446,0.998430609703064,0.5295442342758179,0.19807429611682892,-0.262439101934433,0.9986714720726013,0.5274829268455505,0.19722451269626617,-0.2627304196357727,0.998813271522522,0.5697426199913025,0.20856401324272156,-0.19427528977394104,0.99943608045578,0.53859943151474,0.20532451570034027,-0.09122337400913239,0.9974116683006287,0.5405539274215698,0.24396871030330658,-0.24842700362205505,0.9995478391647339,0.5306812524795532,0.24337387084960938,-0.22244194149971008,0.9991685152053833,0.6276088356971741,0.33718663454055786,-0.1485021561384201,0.9998929500579834,0.5150014162063599,0.35859590768814087,0.04604644328355789,0.9994813203811646,0.6435529589653015,0.5627219080924988,-0.32066383957862854,0.9863580465316772,0.4851756691932678,0.5200803279876709,-0.020742932334542274,0.44363105297088623,0.6280220746994019,0.4356783628463745,-0.641846239566803,0.9903278946876526,0.4372928738594055,0.4268819987773895,-0.34237930178642273,0.8981133699417114,0.614068865776062,0.4060155749320984,-0.717094898223877,0.984529972076416,0.41679686307907104,0.4002976715564728,-0.41075262427330017,0.9162043333053589,0.6243215799331665,0.37958163022994995,-0.7302209138870239,0.9850860834121704,0.42346256971359253,0.38065627217292786,-0.43390169739723206,0.9225344657897949,0.6263695955276489,0.3911675810813904,-0.652813196182251,0.9733030796051025,0.4346616864204407,0.38963615894317627,-0.3635954260826111,0.8932478427886963,0.5867524147033691,0.689488410949707,-0.05702396482229233,0.9976683855056763,0.5247697234153748,0.6798341274261475,0.056994933634996414,0.9973163604736328,0.5830720663070679,0.9434131383895874,-0.052259884774684906,0.6040593385696411,0.5270509719848633,0.9362528324127197,0.12530454993247986,0.2982375919818878,0.5929251313209534,1.1542359590530396,0.20046599209308624,0.2001703977584839,0.5388780236244202,1.136673927307129,0.3797845244407654,0.10662020742893219,0.6019777655601501,1.1859569549560547,0.21818479895591736,0.12998265027999878,0.5481460690498352,1.1754672527313232,0.3994964063167572,0.12242554128170013,0.5555543899536133,1.213802456855774,0.08166365325450897,0.1795821636915207,0.5137613415718079,1.1930116415023804,0.28901422023773193,0.10213841497898102
0.5306323766708374,0.22244785726070404,-0.28686991333961487,0.998845100402832,0.5393708944320679,0.1999811977148056,-0.2819228768348694,0.9983128905296326,0.5447339415550232,0.2004052698612213,-0.28229478001594543,0.998472273349762,0.5500470399856567,0.20061996579170227,-0.28228646516799927,0.9986699223518372,0.5313440561294556,0.19861167669296265,-0.25929147005081177,0.9984080791473389,0.5294520854949951,0.19797509908676147,-0.2596836984157562,0.9986526966094971,0.5274596214294434,0.19711169600486755,-0.2599741220474243,0.9988008141517639,0.5696128606796265,0.2082720845937729,-0.1944543868303299,0.9994174838066101,0.5386149883270264,0.20492227375507355,-0.09049107134342194,0.9973852634429932,0.5405073165893555,0.2438828945159912,-0.24765324592590332,0.9995410442352295,0.5306230187416077,0.24337182939052582,-0.22053146362304688,0.9991623759269714,0.6275721788406372,0.3389767110347748,-0.15028800070285797,0.9998928308486938,0.5149387717247009,0.3580019772052765,0.04657692089676857,0.9994951486587524,0.6430560350418091,0.5627049803733826,-0.32344764471054077,0.986282467842102,0.4853258728981018,0.5196313858032227,-0.011082541197538376,0.44088631868362427,0.6247390508651733,0.43726441264152527,-0.6417525410652161,0.990724503993988,0.4371870458126068,0.42792192101478577,-0.3254519999027252,0.9024829268455505,0.6114188432693481,0.40763044357299805,-0.7166642546653748,0.9852126836776733,0.4164716601371765,0.4015679657459259,-0.39232122898101807,0.9199782013893127,0.6203075647354126,0.38068121671676636,-0.7291070222854614,0.9857150316238403,0.42338722944259644,0.381966769695282,-0.41756686568260193,0.9260312914848328,0.6221544742584229,0.3923034369945526,-0.6524564623832703,0.9740790128707886,0.4339216351509094,0.3908946216106415,-0.34730058908462524,0.8973966240882874,0.5863217115402222,0.689600944519043,-0.0579567477107048,0.997674286365509,0.5246121883392334,0.67985600233078,0.05792061612010002,0.9973551034927368,0.5824915766716003,0.9427909255027771,-0.05256903916597366,0.5936710238456726,0.526770830154419,0.935060441493988,0.12620948255062103,0.28789380192756653,0.5918357372283936,1.1568214893341064,0.19181136786937714,0.19411027431488037,0.5386240482330322,1.1377990245819092,0.3784942924976349,0.10253913700580597,0.6012331247329712,1.189050316810608,0.20886735618114471,0.1270819455385208,0.5477133989334106,1.176599144935608,0.3981481194496155,0.11881095170974731,0.5545024871826172,1.2152388095855713,0.07477335631847382,0.1748303920030594,0.5136982798576355,1.193855881690979,0.2901526093482971,0.09853480011224747
0.5302940607070923,0.2223295420408249,-0.2869376540184021,0.998824954032898,0.5389276742935181,0.1998423933982849,-0.28203171491622925,0.9982808828353882,0.5442700386047363,0.20027737319469452,-0.28240472078323364,0.9984421133995056,0.5496526956558228,0.20050716400146484,-0.28239676356315613,0.9986425042152405,0.531112790107727,0.19849173724651337,-0.2592776119709015,0.9983810782432556,0.5293363928794861,0.1978379786014557,-0.2596682906150818,0.9986310601234436,0.5274456739425659,0.1969447284936905,-0.2599579691886902,0.9987852573394775,0.5691297650337219,0.20793351531028748,-0.19767813384532928,0.9994034767150879,0.5386141538619995,0.20442409813404083,-0.09047423303127289,0.9973451495170593,0.540383517742157,0.243788480758667,-0.24817268550395966,0.9995400905609131,0.5304263830184937,0.24325652420520782,-0.22061887383460999,0.9991636872291565,0.6271325945854187,0.33941689133644104,-0.15661394596099854,0.9998942017555237,0.5147616863250732,0.3574402332305908,0.04687320813536644,0.9995108246803284,0.6425942182540894,0.5628064274787903,-0.3319348990917206,0.9864261746406555,0.48527446389198303,0.5196205377578735,-0.005866216495633125,0.44177401065826416,0.6201497316360474,0.4381832480430603,-0.6526724100112915,0.9911685585975647,0.4363517761230469,0.4282640218734741,-0.32132846117019653,0.9069838523864746,0.6084416508674622,0.4085334241390228,-0.7292575240135193,0.9859334826469421,0.41605129837989807,0.4020405113697052,-0.38902395963668823,0.9236570596694946,0.6143427491188049,0.3817521035671234,-0.7409799098968506,0.9863812923431396,0.42266401648521423,0.3823033273220062,-0.4155203700065613,0.9294534921646118,0.6157689094543457,0.39335963129997253,-0.6631568074226379,0.9749444127082825,0.43219923973083496,0.3910181224346161,-0.3438672423362732,0.9015100598335266,0.5859164595603943,0.6896466612815857,-0.058492470532655716,0.9976966381072998,0.5241091251373291,0.6798806190490723,0.05845511704683304,0.9974040985107422,0.5813440084457397,0.9425016641616821,-0.05328403785824776,0.5874108076095581,0.5257686972618103,0.9337029457092285,0.1283644437789917,0.2811950445175171,0.5914347767829895,1.1572372913360596,0.1997719258069992,0.18730726838111877,0.5372251272201538,1.1376042366027832,0.3895756006240845,0.09863170981407166,0.6008991599082947,1.18927800655365,0.21857154369354248,0.12322327494621277,0.5455386638641357,1.176295518875122,0.4102536737918854,0.11513595283031464,0.5545821785926819,1.2152460813522339,0.08595341444015503,0.16887499392032623,0.5131716132164001,1.1930296421051025,0.30250388383865356,0.09491672366857529
0.5301382541656494,0.22219246625900269,-0.2881370782852173,0.9987751245498657,0.5384917259216309,0.1996138095855713,-0.2842368483543396,0.9982134103775024,0.543771505355835,0.19997632503509521,-0.2846165895462036,0.9983859062194824,0.5491504669189453,0.20016302168369293,-0.28461208939552307,0.9985945820808411,0.5308085680007935,0.19837686419487,-0.26051265001296997,0.9983058571815491,0.5291310548782349,0.19771793484687805,-0.2609027326107025,0.9985687136650085,0.5273776650428772,0.1968018263578415,-0.261187881231308,0.9987292289733887,0.5684716105461121,0.2072238028049469,-0.20382583141326904,0.9993829727172852,0.5386062860488892,0.20393994450569153,-0.09238091856241226,0.9972018599510193,0.5403532385826111,0.24357429146766663,-0.250926673412323,0.9995313882827759,0.5303841829299927,0.24320384860038757,-0.2219926118850708,0.9991447329521179,0.6270501613616943,0.33957886695861816,-0.162826806306839,0.9998965263366699,0.5147520303726196,0.356577605009079,0.04674164578318596,0.999518871307373,0.6424853205680847,0.5627531409263611,-0.3352479040622711,0.9868730902671814,0.4852612614631653,0.5195661783218384,-0.001951258280314505,0.4389648735523224,0.6169246435165405,0.4371922016143799,-0.6543559432029724,0.9917004108428955,0.43577098846435547,0.43079689145088196,-0.3172129988670349,0.9093080163002014,0.6026563048362732,0.4090559184551239,-0.7309043407440186,0.9867547750473022,0.41522112488746643,0.40419861674308777,-0.3843398988246918,0.9256312251091003,0.6078375577926636,0.3825729489326477,-0.7421178221702576,0.9871509075164795,0.4216269850730896,0.3846758008003235,-0.4119972586631775,0.9313086271286011,0.6110061407089233,0.39312073588371277,-0.66448974609375,0.9760677218437195,0.43066078424453735,0.39417511224746704,-0.3401637673377991,0.9034294486045837,0.5852340459823608,0.6888518929481506,-0.05852486565709114,0.997685432434082,0.5238047242164612,0.6790259480476379,0.05848796293139458,0.9973900318145752,0.5804807543754578,0.9418237209320068,-0.052747953683137894,0.5821225047111511,0.5248753428459167,0.931911051273346,0.12637710571289062,0.2767155170440674,0.5889967679977417,1.1580530405044556,0.20057161152362823,0.18224991858005524,0.5360606908798218,1.1376948356628418,0.3788854479789734,0.09574265033006668,0.5979176759719849,1.1903092861175537,0.21967044472694397,0.12056246399879456,0.5434846878051758,1.1764047145843506,0.3985270857810974,0.11218113452196121,0.5531649589538574,1.21526038646698,0.08647619187831879,0.1643674224615097,0.5130863785743713,1.1930445432662964,0.28616225719451904,0.09222791343927383
0.5299385190010071,0.22175975143909454,-0.3132890462875366,0.9988259077072144,0.5380429029464722,0.1992112547159195,-0.3090158998966217,0.9982903599739075,0.5432178974151611,0.1994248330593109,-0.30941444635391235,0.9984591603279114,0.5487203001976013,0.19951032102108002,-0.3094189763069153,0.9986593127250671,0.5304096937179565,0.19817717373371124,-0.28577157855033875,0.9983704090118408,0.5288200974464417,0.1975368857383728,-0.2861473262310028,0.9986221790313721,0.5271978378295898,0.19661937654018402,-0.28641924262046814,0.9987695217132568,0.5674774646759033,0.20625552535057068,-0.22385254502296448,0.9994112849235535,0.5384839177131653,0.20376801490783691,-0.11591781675815582,0.9972670078277588,0.5402899384498596,0.24321070313453674,-0.27488815784454346,0.9995529651641846,0.530354380607605,0.24292725324630737,-0.24645185470581055,0.9991782307624817,0.6270177960395813,0.3406844139099121,-0.17675139009952545,0.999901533126831,0.5146394968032837,0.35650601983070374,0.02775207720696926,0.999527633190155,0.6421180367469788,0.5628708600997925,-0.34078770875930786,0.9874386787414551,0.4849540591239929,0.5197629332542419,-0.040290720760822296,0.4384765625,0.6143695116043091,0.4488241374492645,-0.6587482690811157,0.9922933578491211,0.43422770500183105,0.4356209635734558,-0.3831698000431061,0.9112178683280945,0.6025948524475098,0.4235326051712036,-0.7368249297142029,0.9877098798751831,0.4114692211151123,0.4113626182079315,-0.4562319219112396,0.9277284741401672,0.6058276891708374,0.3937993347644806,-0.7503612637519836,0.9880771636962891,0.41715574264526367,0.39179399609565735,-0.48464637994766235,0.9333482980728149,0.6076024174690247,0.40429937839508057,-0.6699544191360474,0.9776178598403931,0.4271330237388611,0.39955732226371765,-0.40736547112464905,0.9057436585426331,0.5845308899879456,0.6866351962089539,-0.0584455206990242,0.9977039098739624,0.5232258439064026,0.6776130199432373,0.05841173604130745,0.9973782896995544,0.5788150429725647,0.9389853477478027,-0.06261557340621948,0.582634687423706,0.5240883827209473,0.9298279881477356,0.12143167108297348,0.272854745388031,0.5878881812095642,1.1590968370437622,0.18662740290164948,0.18162941932678223,0.5345996022224426,1.1381818056106567,0.3799610733985901,0.09426713734865189,0.595975399017334,1.191414713859558,0.2037690430879593,0.12009838223457336,0.5416920185089111,1.1769777536392212,0.40004920959472656,0.11050187051296234,0.5532594919204712,1.2161535024642944,0.06172598525881767,0.16429291665554047,0.512184202671051,1.1936089992523193,0.2877059876918793,0.09090028703212738
0.528811514377594,0.2216130793094635,-0.3256017565727234,0.9988869428634644,0.5373812913894653,0.19894348084926605,-0.3235873579978943,0.9983835816383362,0.5423564314842224,0.19911599159240723,-0.3239869177341461,0.9985462427139282,0.5480172038078308,0.1991715133190155,-0.3239835798740387,0.9987339973449707,0.5292905569076538,0.19800230860710144,-0.2985519766807556,0.9984549283981323,0.527797520160675,0.19735130667686462,-0.2989385426044464,0.9986938834190369,0.5263851284980774,0.1964147537946701,-0.2992120683193207,0.9988304972648621,0.5661625266075134,0.20599447190761566,-0.24601049721240997,0.9994450211524963,0.5377117395401001,0.2036232054233551,-0.1300102025270462,0.997397780418396,0.5396273732185364,0.24319320917129517,-0.2896363139152527,0.9995787143707275,0.5291980504989624,0.24268867075443268,-0.2588512599468231,0.9992229342460632,0.626319944858551,0.3414401113986969,-0.2041206806898117,0.9999068975448608,0.5146310329437256,0.35636192560195923,0.022976377978920937,0.9995465874671936,0.6420295834541321,0.5628625750541687,-0.3651347756385803,0.988131582736969,0.484282910823822,0.5197744369506836,-0.03365115076303482,0.4429337978363037,0.6099386811256409,0.4699905812740326,-0.6745468378067017,0.9928490519523621,0.43311744928359985,0.4429154396057129,-0.3671933710575104,0.9153491854667664,0.5992499589920044,0.4438483417034149,-0.7525342702865601,0.9885799884796143,0.40886324644088745,0.42191627621650696,-0.4397643506526947,0.9311855435371399,0.600579559803009,0.41255491971969604,-0.7658374309539795,0.9889159202575684,0.4138077199459076,0.40282392501831055,-0.4624038636684418,0.9366044402122498,0.6019573211669922,0.4233035743236542,-0.6853580474853516,0.9790088534355164,0.4245521128177643,0.4080736041069031,-0.38889962434768677,0.9097360372543335,0.5831471681594849,0.6864467263221741,-0.06420133262872696,0.9977408647537231,0.5226081013679504,0.6772628426551819,0.06417642533779144,0.9974073171615601,0.5771859288215637,0.9381256699562073,-0.06871180981397629,0.5951993465423584,0.5228449702262878,0.9293329119682312,0.12657752633094788,0.27723661065101624,0.5863139033317566,1.1596338748931885,0.1827300637960434,0.18723739683628082,0.5331147909164429,1.1387826204299927,0.38720351457595825,0.09505336731672287,0.595301628112793,1.1923459768295288,0.20021560788154602,0.12449111044406891,0.5408099293708801,1.1784065961837769,0.4075893759727478,0.11250143498182297,0.5501672625541687,1.2158464193344116,0.06415016949176788,0.17028313875198364,0.5063381195068359,1.1934555768966675,0.301298588514328,0.09267308562994003
0.5278629064559937,0.22158822417259216,-0.3316613435745239,0.9989322423934937,0.5367920994758606,0.19880717992782593,-0.32998961210250854,0.9984536170959473,0.5415394902229309,0.19894354045391083,-0.3303973078727722,0.9986134171485901,0.5471967458724976,0.19894720613956451,-0.3303925096988678,0.998792827129364,0.5284641981124878,0.1979462057352066,-0.3038548231124878,0.9985123872756958,0.5270627737045288,0.19728980958461761,-0.30423107743263245,0.9987419843673706,0.5257793664932251,0.19633996486663818,-0.3044993281364441,0.998869001865387,0.5651578903198242,0.20562665164470673,-0.2530862092971802,0.9994709491729736,0.5370357632637024,0.20346283912658691,-0.13244417309761047,0.9974594116210938,0.5390053987503052,0.2431890219449997,-0.29612770676612854,0.9995988607406616,0.5282623171806335,0.2426309436559677,-0.2638902962207794,0.9992544054985046,0.6247196197509766,0.34474119544029236,-0.21203884482383728,0.999911904335022,0.5143359303474426,0.35634931921958923,0.02269263006746769,0.9995603561401367,0.6405899524688721,0.5638635158538818,-0.3740934729576111,0.9886226058006287,0.48381227254867554,0.5198401212692261,-0.03005642257630825,0.4426228404045105,0.6072142720222473,0.4785836637020111,-0.6842132806777954,0.9933059215545654,0.43075862526893616,0.44894441962242126,-0.36144331097602844,0.9178800582885742,0.5975722074508667,0.4562269449234009,-0.7641067504882812,0.9892985224723816,0.40483513474464417,0.42902180552482605,-0.4324488639831543,0.9333934783935547,0.5976632833480835,0.42528313398361206,-0.777137279510498,0.9896068572998047,0.410003662109375,0.40983209013938904,-0.46210041642189026,0.9387484788894653,0.5983346700668335,0.4358551502227783,-0.6949723362922668,0.9800814986228943,0.42138949036598206,0.4139224588871002,-0.38573986291885376,0.9121418595314026,0.5816912651062012,0.6863301992416382,-0.06534270197153091,0.9977477192878723,0.5217498540878296,0.677202582359314,0.06531903892755508,0.9973859786987305,0.5751690864562988,0.9355605840682983,-0.06700974702835083,0.5993473529815674,0.5213037133216858,0.9285905361175537,0.13845327496528625,0.2753663659095764,0.5844980478286743,1.1599318981170654,0.1871120035648346,0.1888543963432312,0.5295042395591736,1.1372276544570923,0.4253951609134674,0.09279312938451767,0.5929461717605591,1.1929469108581543,0.20502230525016785,0.1253919154405594,0.5364404916763306,1.176261305809021,0.44859200716018677,0.11059041321277618,0.5497570037841797,1.215588927268982,0.06791965663433075,0.17217394709587097,0.5050959587097168,1.191745400428772,0.34108880162239075,0.09100174158811569
0.5247436761856079,0.22137530148029327,-0.3449591100215912,0.9989954829216003,0.5342116951942444,0.19838549196720123,-0.34497928619384766,0.9985510110855103,0.5386253595352173,0.19849440455436707,-0.34539613127708435,0.9987028241157532,0.5436710715293884,0.19845379889011383,-0.3453877866268158,0.9988694190979004,0.5264782905578613,0.1975158005952835,-0.31754711270332336,0.9986037611961365,0.5255346298217773,0.19675235450267792,-0.31793132424354553,0.9988212585449219,0.5245940089225769,0.19568884372711182,-0.31820395588874817,0.9989374279975891,0.5630680322647095,0.20483192801475525,-0.27502819895744324,0.9995065331459045,0.5362755060195923,0.20307068526744843,-0.14840930700302124,0.9976111054420471,0.5359574556350708,0.2432761937379837,-0.3119736313819885,0.9996257424354553,0.5258487462997437,0.24237707257270813,-0.2780073881149292,0.9993024468421936,0.6241039633750916,0.35614144802093506,-0.2361573725938797,0.9999164342880249,0.5130630731582642,0.35786497592926025,0.005570650566369295,0.9995783567428589,0.6397549510002136,0.5644816756248474,-0.39847004413604736,0.989181637763977,0.48277583718299866,0.523625373840332,-0.05329328030347824,0.4502093493938446,0.6014806032180786,0.49057692289352417,-0.701068103313446,0.9937189817428589,0.4286440908908844,0.4597819745540619,-0.39766305685043335,0.9222970008850098,0.5905259847640991,0.4736028015613556,-0.7810688614845276,0.9899792075157166,0.40378111600875854,0.4400569200515747,-0.4706675410270691,0.9371989965438843,0.5904587507247925,0.44058188796043396,-0.7936299443244934,0.9902676343917847,0.40886861085891724,0.4199769198894501,-0.5017098188400269,0.9423381686210632,0.5911293029785156,0.45037269592285156,-0.7114667296409607,0.981141209602356,0.41967350244522095,0.424370139837265,-0.42291656136512756,0.916702926158905,0.5807859301567078,0.6864726543426514,-0.06769689917564392,0.9977728128433228,0.5208113789558411,0.6783692836761475,0.06766965240240097,0.9974046945571899,0.573331356048584,0.9347897171974182,-0.06761138141155243,0.6134386658668518,0.5197249054908752,0.9282784461975098,0.1486140787601471,0.2804807424545288,0.5815227031707764,1.1595611572265625,0.18947312235832214,0.19860729575157166,0.5253604650497437,1.1346954107284546,0.4291154444217682,0.09555724263191223,0.5895906686782837,1.1926519870758057,0.20748929679393768,0.13283474743366241,0.5327591300010681,1.174338459968567,0.45145708322525024,0.11458979547023773,0.5476715564727783,1.2132408618927002,0.07066211104393005,0.18347574770450592,0.4983449876308441,1.1862759590148926,0.3444993495941162,0.0953555777668953
0.5219608545303345,0.2212221771478653,-0.3426029086112976,0.9990594387054443,0.5309582948684692,0.19827917218208313,-0.34259316325187683,0.9986482858657837,0.5356024503707886,0.19831502437591553,-0.3430127203464508,0.9987921118736267,0.5401784777641296,0.19822430610656738,-0.343010812997818,0.9989482760429382,0.5244024991989136,0.19734999537467957,-0.3153981864452362,0.9986907839775085,0.5236873030662537,0.19656787812709808,-0.31577879190444946,0.9988952875137329,0.5229132771492004,0.19549624621868134,-0.3160460889339447,0.9990005493164062,0.5609001517295837,0.2043302357196808,-0.27272963523864746,0.999542772769928,0.5351525545120239,0.20300158858299255,-0.14702686667442322,0.9977450370788574,0.5328989028930664,0.2433883100748062,-0.3095620572566986,0.9996528029441833,0.5233057737350464,0.24231745302677155,-0.275852769613266,0.9993489384651184,0.6213322877883911,0.3572211265563965,-0.231285959482193,0.9999215602874756,0.5120102167129517,0.35800784826278687,0.004826602526009083,0.9995908141136169,0.6378363370895386,0.5645518898963928,-0.38449013233184814,0.989948570728302,0.48279324173927307,0.5238428115844727,-0.053643714636564255,0.4646244943141937,0.6009266972541809,0.4964476227760315,-0.687209963798523,0.994232177734375,0.42711129784584045,0.4636691212654114,-0.39842191338539124,0.9264453053474426,0.5907083749771118,0.48265087604522705,-0.7670333981513977,0.9907907247543335,0.4000399112701416,0.45071864128112793,-0.4718201756477356,0.9406440258026123,0.5866734981536865,0.4515147805213928,-0.7806640863418579,0.9910586476325989,0.4047253727912903,0.42674458026885986,-0.5048278570175171,0.9456319808959961,0.5859986543655396,0.45809876918792725,-0.6980299353599548,0.9825747013092041,0.4159305989742279,0.4290550947189331,-0.424448162317276,0.9210404753684998,0.5800163149833679,0.6851831078529358,-0.06721135228872299,0.9978262782096863,0.5200173258781433,0.6779896020889282,0.06718092411756516,0.9974294304847717,0.571761965751648,0.9339684247970581,-0.07483578473329544,0.6298704147338867,0.5181097388267517,0.9271085858345032,0.14777539670467377,0.29379838705062866,0.5805822610855103,1.1578395366668701,0.1859125792980194,0.2099580615758896,0.5233794450759888,1.1344542503356934,0.41871529817581177,0.10075856745243073,0.5879864692687988,1.1900769472122192,0.2039545476436615,0.13935352861881256,0.5307315587997437,1.1738795042037964,0.4406464993953705,0.119694285094738,0.5482096672058105,1.211676836013794,0.06483197212219238,0.19544580578804016,0.4969775080680847,1.1864954233169556,0.3332030177116394,0.10149883478879929
0.5191665887832642,0.22059430181980133,-0.3576580286026001,0.9991097450256348,0.5284739136695862,0.1979774832725525,-0.35743167996406555,0.9987286329269409,0.5334147214889526,0.19803309440612793,-0.35784968733787537,0.9988659620285034,0.5379205346107483,0.19799399375915527,-0.3578431010246277,0.9990116953849792,0.5221462249755859,0.19667188823223114,-0.3299558162689209,0.9987648725509644,0.5211217403411865,0.1957920342683792,-0.33034488558769226,0.9989604353904724,0.5199268460273743,0.19459207355976105,-0.33062463998794556,0.9990561604499817,0.5581408143043518,0.20423351228237152,-0.2859313488006592,0.9995733499526978,0.5322557687759399,0.20281587541103363,-0.15925993025302887,0.9978750348091125,0.5295224189758301,0.24337100982666016,-0.32422173023223877,0.9996762871742249,0.5192960500717163,0.24174357950687408,-0.2901623845100403,0.9993908405303955,0.6180598735809326,0.35691824555397034,-0.23951420187950134,0.9999249577522278,0.5104195475578308,0.35798487067222595,-0.007077849470078945,0.9996025562286377,0.637162446975708,0.5647057890892029,-0.3905191719532013,0.9905205368995667,0.48284855484962463,0.5238174796104431,-0.0742054209113121,0.47893238067626953,0.5986984372138977,0.5043108463287354,-0.6911668181419373,0.99463951587677,0.4257926940917969,0.4732948839664459,-0.430483877658844,0.9309529066085815,0.5883226990699768,0.490753173828125,-0.7713427543640137,0.9914551973342896,0.39906132221221924,0.46402809023857117,-0.5062652826309204,0.9444186687469482,0.5847156643867493,0.45788872241973877,-0.7865304350852966,0.9917085766792297,0.40324336290359497,0.4366854429244995,-0.5385404825210571,0.9491833448410034,0.5851185321807861,0.46446850895881653,-0.7025836706161499,0.9837184548377991,0.4141747057437897,0.4372074604034424,-0.45639342069625854,0.9257882833480835,0.5779967904090881,0.6797837018966675,-0.06732866168022156,0.9978595972061157,0.5194274187088013,0.6735619902610779,0.0672856941819191,0.9974483847618103,0.5699096918106079,0.9335969090461731,-0.09038691222667694,0.6499063372612,0.5154651403427124,0.925390362739563,0.13546085357666016,0.3126365840435028,0.5794526934623718,1.1561083793640137,0.16228458285331726,0.2309790551662445,0.5211144089698792,1.1322147846221924,0.40587368607521057,0.11199752241373062,0.5872987508773804,1.1880024671554565,0.17919649183750153,0.15032744407653809,0.5289586782455444,1.17138671875,0.4272697865962982,0.12973099946975708,0.5463932752609253,1.2104820013046265,0.032909248024225235,0.21764829754829407,0.4932735860347748,1.1845487356185913,0.3140740692615509,0.11442361027002335
0.5165771842002869,0.2204442173242569,-0.3456820547580719,0.9991552829742432,0.5260679125785828,0.19778792560100555,-0.3441186845302582,0.9987959861755371,0.5310167074203491,0.19783596694469452,-0.344524621963501,0.9989258050918579,0.5357750654220581,0.1978132426738739,-0.3445151448249817,0.999062716960907,0.5201005339622498,0.19636596739292145,-0.31780022382736206,0.9988328814506531,0.5188785195350647,0.19553928077220917,-0.3181869387626648,0.9990209341049194,0.5174795389175415,0.1944112926721573,-0.3184654414653778,0.9991098642349243,0.5558217763900757,0.20420873165130615,-0.2690633237361908,0.9995972514152527,0.5298136472702026,0.20280751585960388,-0.1475546658039093,0.9979962110519409,0.5264798402786255,0.24338562786579132,-0.31104475259780884,0.9996959567070007,0.5165473222732544,0.24168650805950165,-0.278484046459198,0.999427318572998,0.6158056259155273,0.3565468192100525,-0.22445085644721985,0.9999263286590576,0.5077817440032959,0.359000027179718,0.001212033093906939,0.9996116757392883,0.6365436315536499,0.5635462403297424,-0.3708149194717407,0.9908534288406372,0.4814675450325012,0.5260730385780334,-0.06256315857172012,0.49379873275756836,0.5938497185707092,0.517177939414978,-0.6603432893753052,0.9948687553405762,0.4234978258609772,0.483921080827713,-0.4107537269592285,0.9353592395782471,0.5820637941360474,0.5074760913848877,-0.7392506003379822,0.9918627142906189,0.39682263135910034,0.47860386967658997,-0.48538678884506226,0.9480663537979126,0.578532874584198,0.47659483551979065,-0.7562006711959839,0.9921227097511292,0.40054836869239807,0.4512210488319397,-0.5181337594985962,0.9526285529136658,0.5801185369491577,0.48257917165756226,-0.6722287535667419,0.9843998551368713,0.4114057421684265,0.45062264800071716,-0.4364423155784607,0.9304597973823547,0.5766282677650452,0.6777881979942322,-0.06722667813301086,0.99781733751297,0.5175865888595581,0.6735826134681702,0.06719423830509186,0.9974024891853333,0.5694495439529419,0.9345034956932068,-0.09651792794466019,0.6637372374534607,0.5148908495903015,0.9266975522041321,0.1086840033531189,0.32671934366226196,0.5790666341781616,1.1579077243804932,0.13361766934394836,0.2445346862077713,0.521623969078064,1.138165831565857,0.35728928446769714,0.11990711092948914,0.5870417952537537,1.1906267404556274,0.14784643054008484,0.15643222630023956,0.5296093225479126,1.1777571439743042,0.37619954347610474,0.1355336606502533,0.545940637588501,1.211606740951538,-0.0037353546358644962,0.23281610012054443,0.49452024698257446,1.1905299425125122,0.25729185342788696,0.1234179139137268
0.5142927169799805,0.22026106715202332,-0.34265419840812683,0.9991949796676636,0.5240744948387146,0.19750148057937622,-0.3416447341442108,0.9988539814949036,0.5291449427604675,0.19754721224308014,-0.34204086661338806,0.9989780187606812,0.5339515209197998,0.19758197665214539,-0.3420164883136749,0.9991061091423035,0.518174409866333,0.19598272442817688,-0.3143690228462219,0.9988925457000732,0.5168513059616089,0.19519338011741638,-0.314752995967865,0.9990758299827576,0.5154183506965637,0.19409872591495514,-0.31503090262413025,0.999159574508667,0.5537722110748291,0.20416878163814545,-0.2724398374557495,0.99961918592453,0.5285932421684265,0.2026572972536087,-0.14490054547786713,0.9981151819229126,0.5241007208824158,0.24340634047985077,-0.310008704662323,0.9997145533561707,0.5138880610466003,0.24161824584007263,-0.27595049142837524,0.9994623064994812,0.6151203513145447,0.35709622502326965,-0.23348334431648254,0.9999274015426636,0.5071111917495728,0.35900166630744934,0.004004315473139286,0.9996245503425598,0.6352640390396118,0.5594790577888489,-0.37152233719825745,0.9912897944450378,0.4806000590324402,0.5260064601898193,-0.056418098509311676,0.5128610730171204,0.5785372853279114,0.531356155872345,-0.6476644277572632,0.9951031804084778,0.4215167462825775,0.4893629252910614,-0.3993600606918335,0.9402439594268799,0.5624502897262573,0.5274627208709717,-0.725020706653595,0.992272138595581,0.3940703868865967,0.4891568124294281,-0.47276362776756287,0.9520479440689087,0.5594991445541382,0.4931715130805969,-0.7395859956741333,0.9925351738929749,0.3971235454082489,0.46231913566589355,-0.5057028532028198,0.9563450217247009,0.5632803440093994,0.49633675813674927,-0.6578892469406128,0.9850817918777466,0.4088682234287262,0.46122848987579346,-0.42489194869995117,0.9356657862663269,0.5742039680480957,0.6779696345329285,-0.06885237991809845,0.9977436661720276,0.5157231092453003,0.6736140847206116,0.0687989816069603,0.9973258972167969,0.5683826208114624,0.9353415369987488,-0.10085399448871613,0.6805412769317627,0.5133845806121826,0.9288434386253357,0.1129685640335083,0.3439340591430664,0.5787883996963501,1.1588798761367798,0.1343228816986084,0.2660188674926758,0.5209369659423828,1.1381605863571167,0.37157732248306274,0.13022345304489136,0.5873931646347046,1.191808819770813,0.149511456489563,0.1677040308713913,0.529303789138794,1.1776422262191772,0.3918086886405945,0.14438465237617493,0.5435498952865601,1.2125126123428345,-0.0006079492159187794,0.25693878531455994,0.4938790202140808,1.190740942955017,0.2778807282447815,0.13673748075962067
0.5123831629753113,0.2199241667985916,-0.3437413275241852,0.9992256164550781,0.5226796269416809,0.19678547978401184,-0.3415367901325226,0.9989024996757507,0.5277673602104187,0.1968008279800415,-0.34192946553230286,0.9990177750587463,0.532711386680603,0.19690081477165222,-0.3418996036052704,0.9991389513015747,0.5163326859474182,0.1952965259552002,-0.31371691823005676,0.9989457130432129,0.5147536396980286,0.1944943368434906,-0.3141058087348938,0.9991244673728943,0.5131276845932007,0.19330355525016785,-0.3143899142742157,0.9992051124572754,0.5519617199897766,0.2040550410747528,-0.26835232973098755,0.9996353387832642,0.5263855457305908,0.20224793255329132,-0.14214466512203217,0.9982149004936218,0.5219601988792419,0.24340616166591644,-0.3101150095462799,0.9997260570526123,0.5113335847854614,0.2415485829114914,-0.27546095848083496,0.9994851350784302,0.6114420294761658,0.3567669689655304,-0.22876329720020294,0.9999241828918457,0.5059908628463745,0.3589734435081482,0.00518085528165102,0.9996242523193359,0.6333078145980835,0.5567142963409424,-0.35843774676322937,0.9910653829574585,0.480496346950531,0.5265173316001892,-0.05449637770652771,0.515653133392334,0.5789180994033813,0.5498365759849548,-0.6113996505737305,0.9944172501564026,0.4205849766731262,0.49970826506614685,-0.39826062321662903,0.942349910736084,0.5598798990249634,0.5514650940895081,-0.6859377026557922,0.9914667010307312,0.3935830593109131,0.5025317072868347,-0.47237858176231384,0.9539987444877625,0.5577508211135864,0.5189800262451172,-0.7005842924118042,0.9918190240859985,0.39565151929855347,0.4736884534358978,-0.506629467010498,0.9583026170730591,0.5615879893302917,0.5177500247955322,-0.6213687658309937,0.9835183024406433,0.407339870929718,0.4716112017631531,-0.42446985840797424,0.9381083250045776,0.5727595686912537,0.6782398819923401,-0.07043569535017014,0.9977593421936035,0.5142430663108826,0.6737251281738281,0.07037991285324097,0.9973639249801636,0.5669597387313843,0.9353934526443481,-0.09928356111049652,0.6961686611175537,0.5121224522590637,0.9291791915893555,0.11303123086690903,0.36065104603767395,0.5776520371437073,1.1591856479644775,0.13940277695655823,0.28763899207115173,0.5195285677909851,1.137433409690857,0.372242271900177,0.14190208911895752,0.5866506695747375,1.1920928955078125,0.15486641228199005,0.17940941452980042,0.5281934142112732,1.175974726676941,0.3925700783729553,0.15425632894039154,0.5424301028251648,1.2136175632476807,0.0009247491834685206,0.27870652079582214,0.49251046776771545,1.1905909776687622,0.27345043420791626,0.1496543437242508
0.5105236768722534,0.2198454588651657,-0.342959463596344,0.9992769956588745,0.5209060311317444,0.19656482338905334,-0.3400987386703491,0.9989748597145081,0.5257989168167114,0.1965925395488739,-0.34049052000045776,0.9990805387496948,0.5308960676193237,0.19676044583320618,-0.34045830368995667,0.99919193983078,0.5141657590866089,0.1950988918542862,-0.31218355894088745,0.9990203380584717,0.5124713182449341,0.19431139528751373,-0.3125729262828827,0.9991891980171204,0.5108059644699097,0.19312763214111328,-0.31285926699638367,0.9992645978927612,0.54973304271698,0.2040649801492691,-0.26544851064682007,0.9996591806411743,0.5240009427070618,0.20220685005187988,-0.13957622647285461,0.9983453750610352,0.5201429128646851,0.24340589344501495,-0.3088294267654419,0.9997422695159912,0.5095499753952026,0.24152293801307678,-0.2739890515804291,0.999517023563385,0.6082305908203125,0.35660552978515625,-0.22676590085029602,0.9999234080314636,0.5054033398628235,0.35839274525642395,0.012923011556267738,0.9996345043182373,0.6335551738739014,0.5514876246452332,-0.32626718282699585,0.9912473559379578,0.4800778031349182,0.5264010429382324,-0.03298398479819298,0.5308820605278015,0.5732475519180298,0.565987229347229,-0.5435880422592163,0.9940744042396545,0.4190862774848938,0.5050026774406433,-0.37181228399276733,0.9464160203933716,0.547206461429596,0.5697019100189209,-0.612769365310669,0.9910464286804199,0.39312952756881714,0.5094530582427979,-0.4446337819099426,0.9572588205337524,0.5453947186470032,0.5431561470031738,-0.6280305981636047,0.9914760589599609,0.3938758671283722,0.4834538400173187,-0.4814668297767639,0.9613573551177979,0.5511236786842346,0.5409557819366455,-0.5526994466781616,0.9828812479972839,0.4060308337211609,0.48272714018821716,-0.39865395426750183,0.94243323802948,0.5703310966491699,0.6782790422439575,-0.07319004833698273,0.9977859258651733,0.5128248333930969,0.673958957195282,0.07313572615385056,0.9974157810211182,0.5659404993057251,0.9354264140129089,-0.09457610547542572,0.7141513228416443,0.5115495324134827,0.9294912815093994,0.12603336572647095,0.3809135854244232,0.5759583711624146,1.1591534614562988,0.14876767992973328,0.30837827920913696,0.5182093381881714,1.1366816759109497,0.38584184646606445,0.1529269516468048,0.5858490467071533,1.192046046257019,0.1648409217596054,0.19195936620235443,0.5273381471633911,1.1747409105300903,0.40690135955810547,0.1655357927083969,0.537063479423523,1.2136573791503906,0.016051001846790314,0.2985159754753113,0.4887876510620117,1.1894680261611938,0.29321542382240295,0.16140826046466827
0.5092366337776184,0.21976928412914276,-0.36912214756011963,0.9993309378623962,0.5194958448410034,0.1963905394077301,-0.3639523983001709,0.9990494847297668,0.5245964527130127,0.1964263767004013,-0.36434298753738403,0.999146580696106,0.5297410488128662,0.19665586948394775,-0.3643083870410919,0.9992478489875793,0.5122509598731995,0.1949131190776825,-0.33567824959754944,0.9990946650505066,0.5103457570075989,0.19411328434944153,-0.33607760071754456,0.9992526173591614,0.5085272789001465,0.19291087985038757,-0.3363693356513977,0.9993221759796143,0.5484593510627747,0.204060360789299,-0.27883297204971313,0.9996833801269531,0.5207399725914001,0.2020898014307022,-0.1490369737148285,0.9984700679779053,0.5193735361099243,0.24340680241584778,-0.33117929100990295,0.9997594952583313,0.5081713199615479,0.2414683699607849,-0.29601916670799255,0.9995503425598145,0.6064252853393555,0.3564492464065552,-0.23798318207263947,0.9999258518218994,0.5033391118049622,0.3584272563457489,0.012955723330378532,0.9996517896652222,0.6327172517776489,0.5509392023086548,-0.33207160234451294,0.9918310642242432,0.4797627329826355,0.5267961025238037,-0.014725943095982075,0.5537492036819458,0.5691633820533752,0.5743637681007385,-0.5604678988456726,0.9944049119949341,0.4177224636077881,0.5123124122619629,-0.3424897789955139,0.9509962201118469,0.5477627515792847,0.5819800496101379,-0.632340669631958,0.9915238618850708,0.39177098870277405,0.5178581476211548,-0.41284292936325073,0.9608786702156067,0.5434850454330444,0.5530387163162231,-0.649013876914978,0.9919453859329224,0.3915253281593323,0.49499523639678955,-0.4533569812774658,0.9646719098091125,0.5480421781539917,0.5500519871711731,-0.5704782009124756,0.9838140606880188,0.4037330150604248,0.49282172322273254,-0.37048453092575073,0.9472659826278687,0.5691252946853638,0.6795228719711304,-0.0753687396645546,0.9978687763214111,0.5115275979042053,0.674953281879425,0.07532243430614471,0.9975243210792542,0.5649126768112183,0.9366013407707214,-0.09291859716176987,0.7329148054122925,0.5103471279144287,0.9307845830917358,0.1370735764503479,0.40578705072402954,0.574604868888855,1.1612507104873657,0.1536698043346405,0.32891836762428284,0.5149239301681519,1.137511134147644,0.3923194706439972,0.16614769399166107,0.5854915976524353,1.193361520767212,0.17196913063526154,0.20635174214839935,0.5235097408294678,1.175208568572998,0.41280990839004517,0.17762985825538635,0.5328575372695923,1.2192105054855347,0.024669261649250984,0.31779876351356506,0.4869054853916168,1.1911487579345703,0.296658456325531,0.17405380308628082
0.5072938799858093,0.21972881257534027,-0.3641725182533264,0.9993688464164734,0.5176923274993896,0.19634413719177246,-0.3635042607784271,0.9991000294685364,0.5227895975112915,0.1963755339384079,-0.3638836145401001,0.999191403388977,0.5280481576919556,0.19661201536655426,-0.3638932406902313,0.9992843866348267,0.5103070735931396,0.19486425817012787,-0.32902753353118896,0.999147891998291,0.5084739923477173,0.19406087696552277,-0.3294616639614105,0.9993002414703369,0.5067230463027954,0.19285458326339722,-0.3297843337059021,0.9993658661842346,0.5468963384628296,0.2040567398071289,-0.2765481770038605,0.9996998906135559,0.5193631649017334,0.20206637680530548,-0.13311555981636047,0.9985651969909668,0.5179604291915894,0.24339771270751953,-0.32644063234329224,0.9997704029083252,0.5067151188850403,0.2414608895778656,-0.29152947664260864,0.99957275390625,0.6060030460357666,0.35624754428863525,-0.23236194252967834,0.9999261498451233,0.5005487203598022,0.35970035195350647,0.028242066502571106,0.9996639490127563,0.6302589178085327,0.5478162169456482,-0.3146323561668396,0.9921569228172302,0.4788210391998291,0.5271852016448975,0.01596018485724926,0.5737555027008057,0.5716431140899658,0.5814099907875061,-0.5303640961647034,0.9945197105407715,0.4164244532585144,0.51856529712677,-0.29844507575035095,0.9551708102226257,0.5516305565834045,0.5948308110237122,-0.6010473370552063,0.9917346835136414,0.3917965888977051,0.5279019474983215,-0.3665221035480499,0.9641854166984558,0.5475438237190247,0.5666269659996033,-0.6199256777763367,0.9921783208847046,0.3906540274620056,0.5078426003456116,-0.40874990820884705,0.9677056670188904,0.5506010055541992,0.5608609318733215,-0.5411946773529053,0.9843235015869141,0.40221863985061646,0.5027393102645874,-0.32685190439224243,0.9517021179199219,0.5679070353507996,0.6828755736351013,-0.0784672349691391,0.9979200959205627,0.5088394284248352,0.6775190830230713,0.07841609418392181,0.9975956678390503,0.5631507039070129,0.9366408586502075,-0.0920911580324173,0.7477622032165527,0.5082714557647705,0.9307803511619568,0.15147452056407928,0.4224575459957123,0.5718592405319214,1.1623574495315552,0.16342666745185852,0.34386947751045227,0.5123213529586792,1.1367814540863037,0.4130733013153076,0.17294993996620178,0.5824200510978699,1.1946383714675903,0.1821415275335312,0.21619771420955658,0.5215956568717957,1.1747328042984009,0.43433642387390137,0.18568342924118042,0.5316138863563538,1.2193118333816528,0.040984880179166794,0.330594927072525,0.48094290494918823,1.1874669790267944,0.3262951970100403,0.180820032954216
0.5047509074211121,0.21969227492809296,-0.35798269510269165,0.9994151592254639,0.5151795148849487,0.1963355392217636,-0.3573168218135834,0.9991626739501953,0.5196627378463745,0.19636790454387665,-0.3576940894126892,0.9992484450340271,0.5250214338302612,0.19660347700119019,-0.3576946556568146,0.9993333220481873,0.5076573491096497,0.1948661208152771,-0.3249053359031677,0.9992087483406067,0.5060700178146362,0.19406378269195557,-0.32531827688217163,0.9993525147438049,0.5045572519302368,0.19286000728607178,-0.3256229758262634,0.9994127750396729,0.5438981652259827,0.2040700912475586,-0.27211230993270874,0.9997215867042542,0.5173085927963257,0.20205919444561005,-0.1351109892129898,0.9986703991889954,0.5158267617225647,0.24339519441127777,-0.32028183341026306,0.9997860789299011,0.5047779679298401,0.24145393073558807,-0.28590282797813416,0.9996018409729004,0.6047333478927612,0.35617926716804504,-0.23336128890514374,0.9999293684959412,0.49832502007484436,0.3596911132335663,0.022491510957479477,0.9996784925460815,0.6295551061630249,0.5449220538139343,-0.31640157103538513,0.9928056001663208,0.4778212904930115,0.5271509885787964,0.010436848737299442,0.6040735840797424,0.5673287510871887,0.5846002101898193,-0.5352093577384949,0.9949672222137451,0.41564926505088806,0.5287679433822632,-0.28264257311820984,0.9592769145965576,0.5487173795700073,0.5998818874359131,-0.6064906120300293,0.9923961758613586,0.3920948803424835,0.5413376092910767,-0.34764641523361206,0.9674167633056641,0.5446681976318359,0.5723957419395447,-0.6250962615013123,0.9928131103515625,0.38998132944107056,0.5202919244766235,-0.39009013772010803,0.9706456661224365,0.5483438372612,0.5646204352378845,-0.5460036993026733,0.9855960607528687,0.4009794592857361,0.514407753944397,-0.3103359341621399,0.9560636281967163,0.5667434334754944,0.6829310059547424,-0.07806899398565292,0.9979909062385559,0.507441520690918,0.6777639389038086,0.07801509648561478,0.9976697564125061,0.5606385469436646,0.9359502196311951,-0.09098581969738007,0.7644123435020447,0.5066766738891602,0.930365264415741,0.15311366319656372,0.4456050992012024,0.5703265070915222,1.162190556526184,0.16060474514961243,0.36123865842819214,0.5104242563247681,1.136771321296692,0.40942707657814026,0.18354730308055878,0.5809587836265564,1.1940667629241943,0.1782340556383133,0.2285979837179184,0.519884467124939,1.174774169921875,0.43027907609939575,0.19807298481464386,0.5305140018463135,1.2192401885986328,0.04091301187872887,0.3459469676017761,0.4765778183937073,1.1870425939559937,0.32619884610176086,0.19113732874393463
0.502118706703186,0.21959881484508514,-0.35364454984664917,0.9994440674781799,0.512744128704071,0.19631531834602356,-0.35251638293266296,0.9991979598999023,0.5167137384414673,0.19633638858795166,-0.35290539264678955,0.9992814660072327,0.5220260620117188,0.19656407833099365,-0.3528919816017151,0.9993599653244019,0.5053972005844116,0.19486165046691895,-0.3217237591743469,0.99924635887146,0.504077136516571,0.19406011700630188,-0.3221336901187897,0.9993874430656433,0.5027793645858765,0.19285257160663605,-0.32243603467941284,0.9994457960128784,0.5418038964271545,0.20407447218894958,-0.283987432718277,0.9997343420982361,0.5164545774459839,0.20200864970684052,-0.14097830653190613,0.998745322227478,0.5132558345794678,0.24340695142745972,-0.3198620676994324,0.999794602394104,0.5026568174362183,0.24141742289066315,-0.28337591886520386,0.9996190071105957,0.6027892231941223,0.35611793398857117,-0.2590556740760803,0.999931275844574,0.49687665700912476,0.3596983253955841,0.022031184285879135,0.9996941089630127,0.6270281076431274,0.5454103350639343,-0.3272968828678131,0.9932932257652283,0.4776701033115387,0.5262748003005981,0.057172633707523346,0.6278128027915955,0.5605033040046692,0.591838538646698,-0.5382434129714966,0.9951717257499695,0.41404446959495544,0.5384851098060608,-0.18558475375175476,0.9628456234931946,0.5360403656959534,0.6027752161026001,-0.6059578657150269,0.9926626086235046,0.3921244740486145,0.5528719425201416,-0.2396884709596634,0.9701771140098572,0.533655047416687,0.5737131834030151,-0.6205002665519714,0.993074357509613,0.3894822895526886,0.5346307754516602,-0.284231573343277,0.9731608629226685,0.5418752431869507,0.5676144957542419,-0.546576738357544,0.9861536026000977,0.39989691972732544,0.5302431583404541,-0.21273986995220184,0.9598024487495422,0.5648760199546814,0.6848834753036499,-0.08604897558689117,0.9980902075767517,0.5048668384552002,0.6795157194137573,0.086012102663517,0.9977993369102478,0.5580917596817017,0.9358036518096924,-0.0896172970533371,0.779884397983551,0.5045638084411621,0.9303388595581055,0.17907783389091492,0.46702513098716736,0.5674525499343872,1.1621628999710083,0.16191360354423523,0.38065487146377563,0.5090138912200928,1.1367557048797607,0.4278622567653656,0.1956413984298706,0.5784252285957336,1.1940157413482666,0.18004275858402252,0.24518321454524994,0.5191200971603394,1.174828052520752,0.44818490743637085,0.21432015299797058,0.5264321565628052,1.2200533151626587,0.05135504528880119,0.36068418622016907,0.47294288873672485,1.1870852708816528,0.3510809540748596,0.20182086527347565
0.5002292990684509,0.21909667551517487,-0.32916662096977234,0.9994784593582153,0.5106037855148315,0.1960853785276413,-0.3301451802253723,0.999244749546051,0.5141857266426086,0.19609452784061432,-0.330541729927063,0.9993247985839844,0.5191485285758972,0.19617000222206116,-0.33051928877830505,0.9993975758552551,0.5037948489189148,0.19463904201984406,-0.29955774545669556,0.9992910027503967,0.5027252435684204,0.19380298256874084,-0.2999771237373352,0.9994260668754578,0.5016104578971863,0.19250532984733582,-0.30027252435684204,0.9994810223579407,0.5396237969398499,0.20381855964660645,-0.2822902798652649,0.9997511506080627,0.515866756439209,0.20166483521461487,-0.1344023197889328,0.9988276958465576,0.5104631185531616,0.2432018220424652,-0.30267661809921265,0.9998056888580322,0.5013647675514221,0.24114780128002167,-0.2646437883377075,0.9996395111083984,0.6001306772232056,0.3549080193042755,-0.25136077404022217,0.9999345541000366,0.49635082483291626,0.35916668176651,0.026069149374961853,0.9997057914733887,0.6269639730453491,0.5417547225952148,-0.3179474472999573,0.9938027262687683,0.4759911596775055,0.5252078175544739,0.07696262747049332,0.6496690511703491,0.5653677582740784,0.6092240810394287,-0.4989175796508789,0.9954730272293091,0.4111182689666748,0.5486577153205872,-0.1327986717224121,0.9658998250961304,0.5438598394393921,0.631385862827301,-0.5613294839859009,0.9930786490440369,0.38981884717941284,0.5660365223884583,-0.1796169877052307,0.9724748730659485,0.5406063795089722,0.6040602922439575,-0.5774186849594116,0.9934739470481873,0.385738730430603,0.5482643842697144,-0.22495238482952118,0.9752717018127441,0.5467914342880249,0.5934476256370544,-0.5073740482330322,0.9869897365570068,0.39602699875831604,0.5426054000854492,-0.1593700349330902,0.9629940390586853,0.5629886388778687,0.6852591037750244,-0.08658795058727264,0.998197078704834,0.5033021569252014,0.6792656183242798,0.0865386500954628,0.9979175329208374,0.5560998916625977,0.9344787001609802,-0.08911089599132538,0.7948225140571594,0.5025409460067749,0.9300930500030518,0.1711808741092682,0.48888251185417175,0.566199541091919,1.1615126132965088,0.15661753714084625,0.40205666422843933,0.5086471438407898,1.1368542909622192,0.40780943632125854,0.2105824202299118,0.5772075653076172,1.1929986476898193,0.17403066158294678,0.26237791776657104,0.5191839933395386,1.1753790378570557,0.4246164858341217,0.23169048130512238,0.5255283713340759,1.219958782196045,0.049901917576789856,0.3781393766403198,0.4717037081718445,1.18744957447052,0.342984676361084,0.21643710136413574
0.4985462725162506,0.21804754436016083,-0.3058251738548279,0.9995084404945374,0.5088557004928589,0.19545239210128784,-0.30929046869277954,0.9992849230766296,0.5124543905258179,0.19549426436424255,-0.30968794226646423,0.9993643760681152,0.5173284411430359,0.1955118626356125,-0.3096616864204407,0.999432384967804,0.502118706703186,0.19375820457935333,-0.2790902256965637,0.9993272423744202,0.5010468363761902,0.19273220002651215,-0.2795046269893646,0.9994581937789917,0.49994176626205444,0.1911613941192627,-0.2797831892967224,0.9995095133781433,0.53718101978302,0.2034130096435547,-0.2798900008201599,0.9997673630714417,0.5145136117935181,0.2008022665977478,-0.12956099212169647,0.9988992810249329,0.5083812475204468,0.24255526065826416,-0.28492075204849243,0.9998173713684082,0.49955978989601135,0.2404870092868805,-0.246852844953537,0.9996601939201355,0.5978692770004272,0.3547065556049347,-0.2557585835456848,0.9999389052391052,0.4948715269565582,0.3578384518623352,0.028513124212622643,0.9997165203094482,0.6254439949989319,0.5397436618804932,-0.318087637424469,0.994343638420105,0.474942684173584,0.5247761011123657,0.09660622477531433,0.6684451699256897,0.5667399764060974,0.6211011409759521,-0.4899536967277527,0.9958566427230835,0.4095088839530945,0.5577353239059448,-0.07916529476642609,0.9685762524604797,0.5467749834060669,0.6552344560623169,-0.5506819486618042,0.9936358332633972,0.3883954882621765,0.5774157047271729,-0.1183074340224266,0.9744583964347839,0.5433976650238037,0.6318724155426025,-0.566606879234314,0.9940024614334106,0.3836567997932434,0.5605191588401794,-0.16522671282291412,0.977106511592865,0.5472947359085083,0.619246244430542,-0.4980008006095886,0.9880496859550476,0.3938214182853699,0.55539870262146,-0.10529419034719467,0.9658091068267822,0.5612943172454834,0.6852379441261292,-0.08896980434656143,0.9982929825782776,0.5019842386245728,0.6780755519866943,0.08890736103057861,0.9980022311210632,0.553812563419342,0.9341771602630615,-0.09908156841993332,0.8084600567817688,0.5014281868934631,0.9294688701629639,0.1705484688282013,0.503792405128479,0.5667952299118042,1.1615396738052368,0.12149924039840698,0.42202889919281006,0.5093215703964233,1.1379603147506714,0.38234713673591614,0.2217610776424408,0.5778989791870117,1.1930490732192993,0.13647139072418213,0.2760881185531616,0.5198056101799011,1.1781284809112549,0.39773687720298767,0.24488192796707153,0.5247266888618469,1.219883680343628,0.016644082963466644,0.3965122103691101,0.4716939926147461,1.1877224445343018,0.31803542375564575,0.2305568903684616
0.4962104856967926,0.21655744314193726,-0.3093177080154419,0.9995291829109192,0.5062645673751831,0.194040447473526,-0.313598096370697,0.9993095993995667,0.5099648833274841,0.19416122138500214,-0.31399309635162354,0.9993875622749329,0.5145087242126465,0.1940460056066513,-0.31396549940109253,0.9994513988494873,0.5000976324081421,0.1920117735862732,-0.28325581550598145,0.9993534684181213,0.49918732047080994,0.1905718296766281,-0.28368431329727173,0.9994832873344421,0.49826207756996155,0.1887103170156479,-0.28398069739341736,0.9995341300964355,0.5354666113853455,0.20237547159194946,-0.27885401248931885,0.9997767806053162,0.5140145421028137,0.19867002964019775,-0.13157996535301208,0.9989591240882874,0.5057764053344727,0.24120615422725677,-0.28759533166885376,0.999821662902832,0.4975913465023041,0.23959305882453918,-0.24947476387023926,0.9996703863143921,0.5951254963874817,0.35117071866989136,-0.25917848944664,0.9999412894248962,0.4939838945865631,0.35423627495765686,0.026545336470007896,0.9997287392616272,0.6231449246406555,0.5379264950752258,-0.28460463881492615,0.9947035312652588,0.4741787016391754,0.5218236446380615,0.08955975621938705,0.6791451573371887,0.5680874586105347,0.6347684860229492,-0.39631497859954834,0.9958670735359192,0.40890106558799744,0.5660809278488159,-0.08480758965015411,0.9705485701560974,0.548011064529419,0.6713806390762329,-0.44544681906700134,0.9935076832771301,0.3884742259979248,0.5822714567184448,-0.12285356223583221,0.9757495522499084,0.5453259348869324,0.6517979502677917,-0.4637898802757263,0.9938843250274658,0.38348180055618286,0.5681955218315125,-0.16844388842582703,0.9783215522766113,0.5490008592605591,0.636981725692749,-0.4037169814109802,0.9880257248878479,0.39359283447265625,0.5656269788742065,-0.11021311581134796,0.9677678942680359,0.5587912797927856,0.6850188374519348,-0.08829008042812347,0.9984042644500732,0.5003844499588013,0.6773289442062378,0.08823589980602264,0.9981300234794617,0.5528869032859802,0.9335964918136597,-0.06967679411172867,0.8213999271392822,0.5005185008049011,0.9282286763191223,0.18143372237682343,0.5224645137786865,0.5669863224029541,1.1587402820587158,0.16289478540420532,0.44242992997169495,0.5088918209075928,1.134193778038025,0.39409855008125305,0.23526810109615326,0.5780829191207886,1.1899950504302979,0.17957034707069397,0.28993070125579834,0.5195590257644653,1.1749926805496216,0.409598171710968,0.2580770254135132,0.5259973406791687,1.21859610080719,0.07182179391384125,0.4114360809326172,0.4708552360534668,1.1842339038848877,0.33521315455436707,0.24367360770702362
0.4940440058708191,0.21467481553554535,-0.31502023339271545,0.9995492696762085,0.5040801763534546,0.19187019765377045,-0.31725507974624634,0.9993348717689514,0.5079165697097778,0.19214986264705658,-0.3176463544368744,0.9994111657142639,0.5123187899589539,0.19213470816612244,-0.3176194727420807,0.9994701743125916,0.49788036942481995,0.18952836096286774,-0.2879900634288788,0.999380886554718,0.49699750542640686,0.18809771537780762,-0.28840968012809753,0.9995090961456299,0.496163547039032,0.18647915124893188,-0.288703978061676,0.9995585083961487,0.5338104963302612,0.20114585757255554,-0.2875387966632843,0.9997864365577698,0.512831449508667,0.19723640382289886,-0.13911819458007812,0.9990199208259583,0.5038214921951294,0.23986510932445526,-0.2885356843471527,0.9998273849487305,0.4956319332122803,0.238297700881958,-0.25303441286087036,0.9996835589408875,0.593690812587738,0.3487150967121124,-0.2711995840072632,0.9999430775642395,0.49243074655532837,0.3529418408870697,0.015551025047898293,0.999740481376648,0.6220867037773132,0.5355644822120667,-0.3012322187423706,0.9949643015861511,0.4724506735801697,0.5207632184028625,0.0659685805439949,0.6894280314445496,0.5685869455337524,0.6420949101448059,-0.4383692145347595,0.9957060813903809,0.4088524878025055,0.5753353238105774,-0.13535359501838684,0.9723572134971619,0.5529915690422058,0.6794202327728271,-0.4923105239868164,0.993143618106842,0.38868463039398193,0.595328152179718,-0.17932875454425812,0.9769752025604248,0.5469375848770142,0.6571534276008606,-0.5111867189407349,0.993553102016449,0.3830503523349762,0.5806156396865845,-0.22368678450584412,0.9794798493385315,0.5504387617111206,0.6395708918571472,-0.4467173218727112,0.9876015186309814,0.3938206136226654,0.5782020688056946,-0.16113977134227753,0.9695771932601929,0.5576614141464233,0.6844008564949036,-0.088645800948143,0.9984938502311707,0.5002304315567017,0.676907479763031,0.08859093487262726,0.9982360601425171,0.55181884765625,0.9331166744232178,-0.05267795920372009,0.8324790596961975,0.4989277422428131,0.9255630373954773,0.20568308234214783,0.5357906222343445,0.5668368339538574,1.158121943473816,0.19255933165550232,0.46115610003471375,0.5084595680236816,1.1332533359527588,0.43301206827163696,0.24871546030044556,0.5778402090072632,1.1891839504241943,0.21000799536705017,0.30137717723846436,0.5192410945892334,1.1745281219482422,0.4510471224784851,0.27106478810310364,0.5265198349952698,1.2185691595077515,0.09358683228492737,0.42579469084739685,0.4701882302761078,1.183965802192688,0.36630910634994507,0.2571251392364502
0.4915424883365631,0.21219153702259064,-0.29401761293411255,0.9995436668395996,0.5018478631973267,0.18938732147216797,-0.30236896872520447,0.999319314956665,0.5056418180465698,0.1898527294397354,-0.3027645945549011,0.99940025806427,0.509949803352356,0.18999868631362915,-0.3027403950691223,0.999459445476532,0.4956725239753723,0.18631401658058167,-0.2703457772731781,0.9993698596954346,0.49497976899147034,0.18489769101142883,-0.27077844738960266,0.9995070695877075,0.49429744482040405,0.18344925343990326,-0.27108317613601685,0.9995602369308472,0.5317909717559814,0.19942916929721832,-0.2834634780883789,0.9997854828834534,0.5113284587860107,0.1949986070394516,-0.13268069922924042,0.9990352988243103,0.5013061761856079,0.23751182854175568,-0.2770378589630127,0.9998214244842529,0.493602454662323,0.23494857549667358,-0.23712024092674255,0.9996756911277771,0.5917884707450867,0.34588053822517395,-0.266510009765625,0.9999443888664246,0.491208553314209,0.3522625267505646,0.01986314170062542,0.9997445344924927,0.6207698583602905,0.5336708426475525,-0.271491676568985,0.9952247738838196,0.4710361957550049,0.519666850566864,0.09136933088302612,0.6866631507873535,0.5692340135574341,0.6537656784057617,-0.3531877100467682,0.9955519437789917,0.4082725942134857,0.5844086408615112,-0.07423939555883408,0.972750723361969,0.5566192865371704,0.6917015314102173,-0.397409051656723,0.9926708340644836,0.3887563645839691,0.6100488305091858,-0.10982588678598404,0.976745069026947,0.5488683581352234,0.6729090213775635,-0.41666316986083984,0.9931071400642395,0.3835844099521637,0.5949374437332153,-0.15541711449623108,0.9793872237205505,0.5512539148330688,0.6564562320709229,-0.3602162003517151,0.987031102180481,0.39399874210357666,0.5912614464759827,-0.09955789893865585,0.9698342084884644,0.5567383766174316,0.6841205358505249,-0.0887439101934433,0.9985711574554443,0.49945688247680664,0.6768343448638916,0.08870527148246765,0.9983165860176086,0.5504398345947266,0.9329768419265747,-0.03435538709163666,0.840173602104187,0.4981028437614441,0.9252815842628479,0.19783203303813934,0.5424204468727112,0.566848874092102,1.1581977605819702,0.21165359020233154,0.4725476801395416,0.5084231495857239,1.1332823038101196,0.4235401749610901,0.25488701462745667,0.577645480632782,1.189265489578247,0.22917506098747253,0.30662569403648376,0.5191727876663208,1.1745768785476685,0.4419948160648346,0.27773216366767883,0.5269840359687805,1.2189581394195557,0.11665724217891693,0.4310835599899292,0.4703153073787689,1.1840851306915283,0.35566335916519165,0.2635076642036438
0.48950713872909546,0.20978514850139618,-0.2797146141529083,0.9995604157447815,0.5002027750015259,0.18693867325782776,-0.29045605659484863,0.9993412494659424,0.503886878490448,0.18756596744060516,-0.29083511233329773,0.9994199275970459,0.5080572366714478,0.1880072057247162,-0.29081183671951294,0.9994763135910034,0.4940890669822693,0.1837952435016632,-0.2568446695804596,0.9993942975997925,0.49354681372642517,0.18260493874549866,-0.2572628855705261,0.9995293021202087,0.4929710328578949,0.18135829269886017,-0.25755277276039124,0.9995818138122559,0.5301643013954163,0.1983634978532791,-0.2816479504108429,0.9997947812080383,0.5100607872009277,0.19366075098514557,-0.12397883832454681,0.9990925192832947,0.4992545545101166,0.23509769141674042,-0.26706281304359436,0.9998269081115723,0.49229663610458374,0.232594296336174,-0.22484910488128662,0.9996877908706665,0.5894743800163269,0.34454697370529175,-0.2715030014514923,0.999946653842926,0.4896072447299957,0.35142362117767334,0.026890721172094345,0.9997549653053284,0.6196190118789673,0.5311353802680969,-0.27793583273887634,0.9954872131347656,0.4698309004306793,0.5195503830909729,0.08754567056894302,0.6866723895072937,0.5696829557418823,0.6615570187568665,-0.3492959439754486,0.9952687621116638,0.40872541069984436,0.5897933840751648,-0.09166795015335083,0.9733361601829529,0.5623375177383423,0.7014843225479126,-0.39237314462661743,0.9919289946556091,0.3914206027984619,0.6208253502845764,-0.12919339537620544,0.9767848253250122,0.5531023144721985,0.6858429312705994,-0.41193151473999023,0.9924168586730957,0.38560426235198975,0.6099885106086731,-0.17384830117225647,0.9795289635658264,0.5535260438919067,0.6681498885154724,-0.3561059534549713,0.9860613346099854,0.39407268166542053,0.6023621559143066,-0.11703439801931381,0.9703075289726257,0.5548935532569885,0.6838212013244629,-0.0936836525797844,0.998633086681366,0.49835190176963806,0.6769345998764038,0.09365426748991013,0.9983782768249512,0.5491081476211548,0.9334233403205872,-0.048515889793634415,0.8486207723617554,0.4973532557487488,0.9257453680038452,0.19294115900993347,0.546313464641571,0.5647870302200317,1.1676288843154907,0.1828954815864563,0.49164432287216187,0.5084056854248047,1.1394059658050537,0.41904234886169434,0.26115360856056213,0.576614499092102,1.2020248174667358,0.19581398367881775,0.31664326786994934,0.5193043947219849,1.1818931102752686,0.43499287962913513,0.2865545153617859,0.520494818687439,1.2261639833450317,0.07859880477190018,0.44693872332572937,0.46983280777931213,1.1906863451004028,0.3488016724586487,0.27354681491851807
0.48781514167785645,0.20809298753738403,-0.2908245921134949,0.9995700716972351,0.4982745051383972,0.18505939841270447,-0.29956722259521484,0.9993519186973572,0.5018690824508667,0.18565654754638672,-0.29995477199554443,0.999430239200592,0.5057809948921204,0.18616178631782532,-0.29993242025375366,0.9994863271713257,0.4924827218055725,0.18226076662540436,-0.26775074005126953,0.9994068145751953,0.492105633020401,0.18128345906734467,-0.26816990971565247,0.9995418190956116,0.49166661500930786,0.18021874129772186,-0.2684665322303772,0.999594509601593,0.5277923345565796,0.19679492712020874,-0.28618189692497253,0.9998013377189636,0.5088340640068054,0.19273707270622253,-0.13813504576683044,0.9991315603256226,0.49762219190597534,0.23304320871829987,-0.2747284770011902,0.9998302459716797,0.4910427927970886,0.2311442494392395,-0.23459701240062714,0.9996942281723022,0.5890409350395203,0.3443947732448578,-0.2759834825992584,0.9999485015869141,0.48821625113487244,0.35075661540031433,0.003741290420293808,0.9997588992118835,0.6179400682449341,0.5318967700004578,-0.2728339731693268,0.9957219958305359,0.46876996755599976,0.519577145576477,0.06180586293339729,0.6844831705093384,0.5701013803482056,0.6671717166900635,-0.33931976556777954,0.9950227737426758,0.40975481271743774,0.6025828719139099,-0.12033970654010773,0.9705921411514282,0.5636430978775024,0.7100786566734314,-0.38124996423721313,0.9913004040718079,0.3957834839820862,0.6374182105064392,-0.15907853841781616,0.973331868648529,0.5534982085227966,0.6954432725906372,-0.4036063253879547,0.9918420314788818,0.3909107744693756,0.6299391388893127,-0.2023315131664276,0.9766383767127991,0.5538514256477356,0.6768877506256104,-0.3472377061843872,0.9852957725524902,0.3973897099494934,0.6191149950027466,-0.14495468139648438,0.967322051525116,0.5532399415969849,0.6839376091957092,-0.09244589507579803,0.9987125992774963,0.4970654845237732,0.6780454516410828,0.0924120545387268,0.998458981513977,0.5480321645736694,0.9334036111831665,-0.03506631776690483,0.8556312322616577,0.49612441658973694,0.9249576330184937,0.19467265903949738,0.5506457090377808,0.5636223554611206,1.1677908897399902,0.18787705898284912,0.5086923241615295,0.5078178644180298,1.139267921447754,0.4167942404747009,0.27164214849472046,0.5752009153366089,1.2018333673477173,0.20139336585998535,0.32255423069000244,0.5189668536186218,1.1817669868469238,0.4343973994255066,0.29644834995269775,0.519655168056488,1.2261455059051514,0.07767196744680405,0.4603728652000427,0.46808329224586487,1.190544605255127,0.34462884068489075,0.28652051091194153
0.48585987091064453,0.20789837837219238,-0.2870067358016968,0.9995433688163757,0.49586209654808044,0.1847195327281952,-0.2992868721485138,0.9992988705635071,0.4994719922542572,0.18519844114780426,-0.299672931432724,0.9993882775306702,0.5032898187637329,0.18555490672588348,-0.2996490001678467,0.9994489550590515,0.4902830123901367,0.182204008102417,-0.26578766107559204,0.9993613958358765,0.49005764722824097,0.18125760555267334,-0.2662140727043152,0.9995134472846985,0.4897545278072357,0.18019691109657288,-0.2665221095085144,0.9995737075805664,0.5256250500679016,0.1955946832895279,-0.29165664315223694,0.999792218208313,0.5076621174812317,0.19257394969463348,-0.13776475191116333,0.9991162419319153,0.49613991379737854,0.23266151547431946,-0.27525126934051514,0.9998210668563843,0.48985886573791504,0.2309986799955368,-0.23317404091358185,0.9996796250343323,0.5877188444137573,0.3445016145706177,-0.289154052734375,0.9999501705169678,0.4873875677585602,0.34996098279953003,0.006033995188772678,0.9997628331184387,0.6162074208259583,0.5317112803459167,-0.27937647700309753,0.996015727519989,0.469107449054718,0.517827033996582,0.08789748698472977,0.6776178479194641,0.5704169869422913,0.6722185611724854,-0.3352139890193939,0.9950575232505798,0.4135207533836365,0.6078904867172241,-0.05862150713801384,0.9692433476448059,0.5656898021697998,0.7188489437103271,-0.37734419107437134,0.9911031723022461,0.4009242057800293,0.643859326839447,-0.09223783016204834,0.9711659550666809,0.5543270707130432,0.7029414176940918,-0.39914989471435547,0.9916515350341797,0.39679864048957825,0.639289915561676,-0.13749070465564728,0.9748060703277588,0.5540050268173218,0.6821879744529724,-0.3426160514354706,0.9851075410842896,0.40195387601852417,0.6286728382110596,-0.08333657681941986,0.9655060172080994,0.5495123267173767,0.6838914155960083,-0.09641124308109283,0.9987732172012329,0.4953702986240387,0.6795935034751892,0.09640567004680634,0.9985133409500122,0.5470888018608093,0.9334036707878113,-0.012703116051852703,0.8575765490531921,0.4953850209712982,0.92485111951828,0.22330331802368164,0.5412691235542297,0.5616311430931091,1.1734375953674316,0.21542415022850037,0.5142818689346313,0.5067532062530518,1.142370343208313,0.4375879168510437,0.26880374550819397,0.5742515325546265,1.2089011669158936,0.2300242930650711,0.3203771114349365,0.518303632736206,1.1869393587112427,0.45473402738571167,0.29722079634666443,0.5126789808273315,1.2287830114364624,0.10799934715032578,0.4596341550350189,0.4644199311733246,1.191227674484253,0.37100961804389954,0.2854950726032257
0.4840765595436096,0.20765991508960724,-0.2635892331600189,0.9993429183959961,0.4937984049320221,0.18457914888858795,-0.2769837975502014,0.9989163279533386,0.49754077196121216,0.18502748012542725,-0.27738386392593384,0.9990831613540649,0.5012966990470886,0.18527762591838837,-0.27735865116119385,0.9991757869720459,0.48856252431869507,0.18201465904712677,-0.24539855122566223,0.9990113973617554,0.48845428228378296,0.18095573782920837,-0.24583181738853455,0.9992827773094177,0.48823419213294983,0.17979109287261963,-0.24616236984729767,0.9993845820426941,0.5235394239425659,0.19471599161624908,-0.2793149948120117,0.9997128248214722,0.5058382153511047,0.19226226210594177,-0.13085846602916718,0.9988774061203003,0.4940885007381439,0.23235225677490234,-0.2547339200973511,0.9997674226760864,0.48808416724205017,0.23038619756698608,-0.214979887008667,0.9995885491371155,0.586943507194519,0.3445821702480316,-0.28587204217910767,0.9999503493309021,0.48582029342651367,0.34925562143325806,0.005212215706706047,0.9997571110725403,0.6152786612510681,0.5324467420578003,-0.27066460251808167,0.9962692260742188,0.4690323770046234,0.5186960697174072,0.07777418941259384,0.6781127452850342,0.5696442723274231,0.6848541498184204,-0.3476104438304901,0.9952734112739563,0.41707366704940796,0.6188938617706299,-0.06840746849775314,0.9689974784851074,0.5672593712806702,0.734401285648346,-0.39302632212638855,0.9913926720619202,0.4049714505672455,0.6571942567825317,-0.10380087047815323,0.9701809883117676,0.5543362498283386,0.7220696210861206,-0.4160730838775635,0.9919250011444092,0.40063899755477905,0.6499220132827759,-0.14752523601055145,0.9740272164344788,0.5533297061920166,0.7013169527053833,-0.35634514689445496,0.9856349229812622,0.40613001585006714,0.6395769715309143,-0.09222334623336792,0.9649423956871033,0.5488215684890747,0.6849270462989807,-0.09147228300571442,0.9988321661949158,0.4920889437198639,0.6812812089920044,0.09147505462169647,0.9985665082931519,0.5462599992752075,0.9315474629402161,0.018459275364875793,0.8498701453208923,0.4937644898891449,0.9231992959976196,0.2198473960161209,0.523537814617157,0.5620593428611755,1.1714732646942139,0.24717071652412415,0.5059203505516052,0.5064618587493896,1.141411304473877,0.4424031376838684,0.2579829692840576,0.574205756187439,1.2064086198806763,0.2617931067943573,0.3088104724884033,0.5177524089813232,1.1857092380523682,0.460416316986084,0.287302702665329,0.5148119926452637,1.2259259223937988,0.13973964750766754,0.44764208793640137,0.4656639099121094,1.1904641389846802,0.3763614296913147,0.2760760188102722
0.4824478030204773,0.2071332484483719,-0.264287531375885,0.9990344047546387,0.4920191168785095,0.18369242548942566,-0.2777310311794281,0.9983465075492859,0.49584951996803284,0.18423692882061005,-0.27814334630966187,0.9986261129379272,0.4995907247066498,0.1844903975725174,-0.27811935544013977,0.9987705945968628,0.48696404695510864,0.18094469606876373,-0.24553494155406952,0.9984819889068604,0.48679155111312866,0.17980937659740448,-0.24597354233264923,0.9989267587661743,0.48648595809936523,0.1786172240972519,-0.24631516635417938,0.9990978837013245,0.5213302969932556,0.19357968866825104,-0.2790377736091614,0.9995895028114319,0.5039952993392944,0.19136808812618256,-0.12935037910938263,0.998475968837738,0.4922216534614563,0.23197892308235168,-0.25550931692123413,0.9996762275695801,0.4863373339176178,0.2299065887928009,-0.21500429511070251,0.9994295239448547,0.5868462920188904,0.3453945219516754,-0.2787386178970337,0.9999498724937439,0.4840300977230072,0.34932824969291687,0.005263966973870993,0.9997488260269165,0.6134833693504333,0.5364131927490234,-0.2655353248119354,0.9964267611503601,0.46910446882247925,0.5187760591506958,0.08002296835184097,0.6658230423927307,0.5690692663192749,0.693935751914978,-0.3286086916923523,0.9952660799026489,0.4211428165435791,0.6215159296989441,-0.04712723568081856,0.9674487113952637,0.5677528381347656,0.7450920343399048,-0.3716049790382385,0.9912566542625427,0.4100356996059418,0.6588153839111328,-0.08022697269916534,0.9679996967315674,0.5544329881668091,0.73099684715271,-0.3943195939064026,0.991786777973175,0.4051792025566101,0.6525306105613708,-0.12432434409856796,0.9721469283103943,0.5532596111297607,0.7103601098060608,-0.33680054545402527,0.9855033159255981,0.411001980304718,0.6430032849311829,-0.07071400433778763,0.9630609154701233,0.5473758578300476,0.6898119449615479,-0.09028144180774689,0.9988999962806702,0.4898664951324463,0.6837684512138367,0.09029153734445572,0.9986356496810913,0.5448287725448608,0.9315556287765503,0.04477561265230179,0.8405444025993347,0.49304819107055664,0.9217503666877747,0.24306455254554749,0.5036494135856628,0.5623785257339478,1.167209267616272,0.2934790849685669,0.4949691891670227,0.5051193237304688,1.1345601081848145,0.48732465505599976,0.2456471025943756,0.5742069482803345,1.2009234428405762,0.31068718433380127,0.29754573106765747,0.5164984464645386,1.1772522926330566,0.5081447958946228,0.2763766348361969,0.5199703574180603,1.2222479581832886,0.2005186527967453,0.4317120313644409,0.46501779556274414,1.1837611198425293,0.43527334928512573,0.2637447416782379
0.48049354553222656,0.20639735460281372,-0.27156004309654236,0.9987708330154419,0.49021992087364197,0.18250565230846405,-0.2855103015899658,0.9979047179222107,0.49398812651634216,0.18324947357177734,-0.28591594099998474,0.9982340931892395,0.49761104583740234,0.18363375961780548,-0.2858923673629761,0.998432457447052,0.4856739938259125,0.1795305609703064,-0.25250330567359924,0.9981129169464111,0.4855664372444153,0.1783817857503891,-0.25293684005737305,0.9986789226531982,0.4853270947933197,0.1771460771560669,-0.25327005982398987,0.9989193677902222,0.5195936560630798,0.19337905943393707,-0.3006335198879242,0.9994909763336182,0.5034385323524475,0.1908966302871704,-0.1352100968360901,0.9982255101203918,0.4899580478668213,0.23176343739032745,-0.26171213388442993,0.9995996952056885,0.4841691851615906,0.2291153520345688,-0.22117078304290771,0.9993137717247009,0.5854895710945129,0.34532299637794495,-0.30481043457984924,0.9999485015869141,0.4826752543449402,0.3491642475128174,-0.00041889213025569916,0.9997497797012329,0.6114364862442017,0.5409501194953918,-0.28946927189826965,0.9964032173156738,0.4692099690437317,0.5199357271194458,0.07799465209245682,0.6434898376464844,0.5687515139579773,0.7042944431304932,-0.33878180384635925,0.9938953518867493,0.4215783178806305,0.6341087818145752,-0.0684133842587471,0.9637290239334106,0.5683954358100891,0.755439817905426,-0.37980571389198303,0.988407552242279,0.41112852096557617,0.6735338568687439,-0.10311411321163177,0.9633929133415222,0.5558671355247498,0.7449079155921936,-0.40016013383865356,0.9890164136886597,0.40578094124794006,0.6676859259605408,-0.1475996971130371,0.9682273268699646,0.5533709526062012,0.7251675724983215,-0.3454129099845886,0.981226921081543,0.4118582606315613,0.6574611067771912,-0.09280246496200562,0.9585715532302856,0.5441874265670776,0.6897168755531311,-0.09045545011758804,0.9989563226699829,0.4869590401649475,0.6836277842521667,0.09046560525894165,0.998703122138977,0.5419851541519165,0.9315713047981262,0.062338702380657196,0.8294578194618225,0.49217739701271057,0.921815812587738,0.2476009577512741,0.4858452081680298,0.5608022212982178,1.1652984619140625,0.3369947671890259,0.4797576665878296,0.5040613412857056,1.13419508934021,0.4956519603729248,0.2346622347831726,0.5706157088279724,1.1982840299606323,0.3568820059299469,0.28517839312553406,0.5151187777519226,1.176601529121399,0.5167316794395447,0.2679266035556793,0.5201301574707031,1.2196903228759766,0.24727268517017365,0.41303059458732605,0.4653772711753845,1.183793306350708,0.4382556974887848,0.25300535559654236
0.4784616529941559,0.20511561632156372,-0.2694166898727417,0.9985922574996948,0.48826199769973755,0.18134689331054688,-0.2866153419017792,0.9976471066474915,0.49199730157852173,0.18222638964653015,-0.28702205419540405,0.9980140328407288,0.49577808380126953,0.18280012905597687,-0.2870112955570221,0.9982579350471497,0.48422884941101074,0.1782303899526596,-0.2508644163608551,0.9978469610214233,0.48421287536621094,0.17702716588974,-0.25129151344299316,0.9984943866729736,0.4841004014015198,0.17575204372406006,-0.2516161799430847,0.9987736940383911,0.5170204639434814,0.19286121428012848,-0.30340075492858887,0.9994530081748962,0.5021482706069946,0.18990781903266907,-0.13512301445007324,0.9980172514915466,0.48754993081092834,0.23035763204097748,-0.26426538825035095,0.999559223651886,0.4817945063114166,0.22750413417816162,-0.22024396061897278,0.9992333650588989,0.5832086801528931,0.3460761308670044,-0.3097580373287201,0.9999483227729797,0.48191404342651367,0.34699803590774536,-0.001124767353758216,0.999740719795227,0.6101295948028564,0.5437700748443604,-0.3062092661857605,0.9964596033096313,0.47016867995262146,0.5200011134147644,0.05682283639907837,0.6140052080154419,0.5693635940551758,0.7071262001991272,-0.3517346978187561,0.9925827383995056,0.4255518317222595,0.6392650008201599,-0.08089147508144379,0.9478603005409241,0.5715376138687134,0.7580518126487732,-0.39390498399734497,0.9856591820716858,0.4153648912906647,0.6808640956878662,-0.12238927185535431,0.9469606280326843,0.5592598915100098,0.7480499148368835,-0.4130513072013855,0.9863399863243103,0.41058167815208435,0.6763125061988831,-0.16672676801681519,0.9538730978965759,0.5553354620933533,0.7282010316848755,-0.35799089074134827,0.9770338535308838,0.41677984595298767,0.6665619015693665,-0.10634902864694595,0.9428209066390991,0.5419590473175049,0.6894311308860779,-0.09036006033420563,0.9990087747573853,0.4837845265865326,0.6835666298866272,0.09036780148744583,0.998753011226654,0.5389742255210876,0.9315840601921082,0.024780552834272385,0.8277525901794434,0.4908202588558197,0.9228783249855042,0.23194174468517303,0.47666624188423157,0.559496283531189,1.1653993129730225,0.281329482793808,0.4736000895500183,0.5023472905158997,1.1377562284469604,0.4718259274959564,0.2295476496219635,0.5679184794425964,1.1982156038284302,0.2994525134563446,0.2778779864311218,0.5123939514160156,1.1790189743041992,0.4918726086616516,0.26381248235702515,0.5218182802200317,1.2212440967559814,0.18147650361061096,0.40390193462371826,0.46544018387794495,1.1914125680923462,0.4136424958705902,0.24838219583034515
0.47560158371925354,0.20387081801891327,-0.29568496346473694,0.9983730912208557,0.4855514168739319,0.1802457869052887,-0.3177361786365509,0.9972653388977051,0.4889809489250183,0.18110843002796173,-0.31813156604766846,0.9976509809494019,0.49277830123901367,0.18182849884033203,-0.31812620162963867,0.9979502558708191,0.4816439747810364,0.17718107998371124,-0.27977055311203003,0.9975377917289734,0.48165208101272583,0.17590437829494476,-0.2802110016345978,0.9982836842536926,0.4816373884677887,0.17454005777835846,-0.2805417776107788,0.9986288547515869,0.5139724016189575,0.1920228898525238,-0.3400023579597473,0.9993649125099182,0.5007532835006714,0.1883706897497177,-0.16800667345523834,0.997812032699585,0.48518338799476624,0.22952716052532196,-0.29550960659980774,0.9994966387748718,0.4785498082637787,0.2267826646566391,-0.2479817420244217,0.9991450905799866,0.5813223123550415,0.3462718725204468,-0.34392139315605164,0.9999463558197021,0.4812132716178894,0.3444884717464447,-0.027091125026345253,0.9997400641441345,0.6089271306991577,0.5459683537483215,-0.342618852853775,0.9964913129806519,0.4708247780799866,0.5206458568572998,0.03819125145673752,0.5935770273208618,0.5707865953445435,0.7177157998085022,-0.3629995882511139,0.9907158613204956,0.4271046221256256,0.6457288265228271,-0.09020811319351196,0.9420604109764099,0.5749831795692444,0.7657641768455505,-0.40074318647384644,0.9816489219665527,0.41689595580101013,0.6848059296607971,-0.12801797688007355,0.9396635293960571,0.5624810457229614,0.7572969794273376,-0.4216288626194,0.9824440479278564,0.41229248046875,0.6814593076705933,-0.1717112511396408,0.9476091265678406,0.5579061508178711,0.7380015850067139,-0.3658115267753601,0.9711902737617493,0.41832417249679565,0.672645628452301,-0.11513637006282806,0.9355314373970032,0.5393854975700378,0.6888706684112549,-0.09165817499160767,0.9990478754043579,0.48295649886131287,0.6832765936851501,0.09165562689304352,0.9988052248954773,0.5358709096908569,0.9315974116325378,0.015679646283388138,0.8197450041770935,0.48955464363098145,0.9226437211036682,0.23213498294353485,0.4599646031856537,0.5579151511192322,1.165342092514038,0.2837080955505371,0.45448705554008484,0.500780463218689,1.1400467157363892,0.4635418951511383,0.22088845074176788,0.5672631859779358,1.1978801488876343,0.3034663796424866,0.2644592821598053,0.5102260112762451,1.181517481803894,0.48512428998947144,0.25619247555732727,0.5205761194229126,1.2216384410858154,0.19166234135627747,0.3847777545452118,0.46556514501571655,1.1935640573501587,0.40617504715919495,0.2401823252439499
0.47341805696487427,0.2018517404794693,-0.2977399230003357,0.9981399774551392,0.4839197099208832,0.17820653319358826,-0.3204430341720581,0.9968721270561218,0.487264484167099,0.17912434041500092,-0.32083860039711,0.9972801804542542,0.4910183846950531,0.18004438281059265,-0.320833295583725,0.9976372122764587,0.4798770844936371,0.175388365983963,-0.282268226146698,0.9972237348556519,0.4799369275569916,0.17415070533752441,-0.282709002494812,0.998073160648346,0.48000532388687134,0.17276157438755035,-0.2830396890640259,0.9984850883483887,0.5119844675064087,0.19101127982139587,-0.3455578684806824,0.9992808103561401,0.4994540810585022,0.18653570115566254,-0.17190125584602356,0.9976324439048767,0.4834097921848297,0.22774679958820343,-0.29806092381477356,0.9994407892227173,0.47643589973449707,0.2250099629163742,-0.2501261532306671,0.9990713000297546,0.5790983438491821,0.346057653427124,-0.349883109331131,0.9999454021453857,0.4801812767982483,0.3425084948539734,-0.030917469412088394,0.9997435212135315,0.6078430414199829,0.5475005507469177,-0.3462876081466675,0.9965495467185974,0.4709397852420807,0.520795464515686,0.038687147200107574,0.5785190463066101,0.5717934370040894,0.7231960892677307,-0.3679669499397278,0.9893361926078796,0.42826542258262634,0.6518056988716125,-0.08807972073554993,0.9385399222373962,0.5749116539955139,0.7701753377914429,-0.4099399149417877,0.9785159826278687,0.4176046848297119,0.6915372014045715,-0.12127940356731415,0.934799075126648,0.5624312162399292,0.759476363658905,-0.43012040853500366,0.9793851375579834,0.4127916693687439,0.6880505681037903,-0.164960116147995,0.943477213382721,0.5582209825515747,0.7396571040153503,-0.3730025589466095,0.9666445255279541,0.4194273352622986,0.6792517900466919,-0.1120811253786087,0.9307672381401062,0.5381176471710205,0.6887401342391968,-0.09219203889369965,0.9990881681442261,0.4811452031135559,0.6833919286727905,0.09218738973140717,0.9988598227500916,0.5341166257858276,0.9314087629318237,0.028426090255379677,0.809991717338562,0.4892321527004242,0.9229850769042969,0.23798713088035583,0.44462913274765015,0.5528297424316406,1.166440725326538,0.3027800917625427,0.4382178783416748,0.49982160329818726,1.1465017795562744,0.4590659737586975,0.21353964507579803,0.562430202960968,1.198073148727417,0.32294636964797974,0.25260838866233826,0.5087669491767883,1.1873791217803955,0.47871628403663635,0.24926058948040009,0.5134061574935913,1.2257503271102905,0.21025583148002625,0.3683001697063446,0.4655987620353699,1.2046990394592285,0.39681392908096313,0.23340736329555511
0.4718184471130371,0.19906853139400482,-0.3192548453807831,0.9978678226470947,0.48265209794044495,0.1755993515253067,-0.3428296744823456,0.9964208006858826,0.48592957854270935,0.17642812430858612,-0.34323713183403015,0.9968371987342834,0.48968663811683655,0.17740288376808167,-0.34323304891586304,0.9972520470619202,0.47804316878318787,0.17366987466812134,-0.30398932099342346,0.9968779683113098,0.4778088629245758,0.17264579236507416,-0.3044304847717285,0.9978357553482056,0.47758254408836365,0.17139604687690735,-0.3047682046890259,0.9983282089233398,0.5099822878837585,0.18978746235370636,-0.36833101511001587,0.9991689324378967,0.4967872202396393,0.18477435410022736,-0.1914207488298416,0.9974232912063599,0.4820113778114319,0.2249695211648941,-0.3195376396179199,0.9993647933006287,0.4742201268672943,0.22254587709903717,-0.27054131031036377,0.9989742636680603,0.576930046081543,0.3453340232372284,-0.3730224370956421,0.9999420642852783,0.4786420464515686,0.34254854917526245,-0.0440748892724514,0.9997428059577942,0.606298565864563,0.5485395789146423,-0.3819010555744171,0.9965662360191345,0.47131696343421936,0.5230399966239929,0.02848071977496147,0.5579555034637451,0.5722074508666992,0.7270746231079102,-0.41172656416893005,0.9858362674713135,0.43010076880455017,0.6574279069900513,-0.08830920606851578,0.9328215718269348,0.5745043754577637,0.7735528945922852,-0.45488351583480835,0.9711799621582031,0.4190165400505066,0.696453869342804,-0.1256304532289505,0.9278004765510559,0.5621538758277893,0.7641305923461914,-0.4733890891075134,0.9722751379013062,0.4146901071071625,0.6944913268089294,-0.1693846881389618,0.9374598264694214,0.5582733154296875,0.7444087266921997,-0.4174429774284363,0.9563255906105042,0.42161625623703003,0.6862336993217468,-0.11337704956531525,0.9235619902610779,0.5366424322128296,0.6892399787902832,-0.09695815294981003,0.9991136193275452,0.4797864854335785,0.6848950982093811,0.09695561230182648,0.9989034533500671,0.533443033695221,0.9314169883728027,0.06483075767755508,0.7965057492256165,0.4895492196083069,0.9241790771484375,0.2842980623245239,0.4241086542606354,0.5499963164329529,1.1664713621139526,0.347433865070343,0.4225759506225586,0.4996470808982849,1.1481281518936157,0.503490686416626,0.2067311853170395,0.5600720643997192,1.1980340480804443,0.36828190088272095,0.24136164784431458,0.5088344812393188,1.1903176307678223,0.5211864709854126,0.24444085359573364,0.5099774599075317,1.226047396659851,0.25820913910865784,0.3517560660839081,0.4649535119533539,1.2052775621414185,0.4351845383644104,0.2269861251115799
0.47014036774635315,0.1977110058069229,-0.34807080030441284,0.997819721698761,0.4812588095664978,0.17391371726989746,-0.3666556477546692,0.9963280558586121,0.4846430718898773,0.17467372119426727,-0.3670812249183655,0.9967511892318726,0.4885341227054596,0.17565113306045532,-0.3670862913131714,0.9971635341644287,0.4755386710166931,0.17236000299453735,-0.32992568612098694,0.9968222975730896,0.47478699684143066,0.17138001322746277,-0.33038124442100525,0.9978039264678955,0.4740603566169739,0.1701178103685379,-0.33073389530181885,0.9983130097389221,0.5082435607910156,0.18813219666481018,-0.37495359778404236,0.9991421103477478,0.49315348267555237,0.18197058141231537,-0.20680423080921173,0.9973956346511841,0.48038363456726074,0.22343292832374573,-0.34240031242370605,0.999343752861023,0.4713042378425598,0.22129514813423157,-0.29606813192367554,0.9989574551582336,0.5733156800270081,0.3435828387737274,-0.3661435544490814,0.9999408721923828,0.4743580222129822,0.34276825189590454,-0.06129377335309982,0.9997496604919434,0.6051061153411865,0.5484413504600525,-0.3573363721370697,0.9965752959251404,0.4708220958709717,0.5240604877471924,0.016679178923368454,0.5512032508850098,0.5754708647727966,0.727766752243042,-0.3827538788318634,0.9818906188011169,0.4329427182674408,0.6632939577102661,-0.09144163876771927,0.9293702840805054,0.5784333944320679,0.770902156829834,-0.4196738302707672,0.9631156921386719,0.4242306649684906,0.6993824243545532,-0.12805257737636566,0.9228488206863403,0.5663508176803589,0.7646420001983643,-0.44320791959762573,0.9644783139228821,0.42079275846481323,0.6991547346115112,-0.17229917645454407,0.932982325553894,0.5626592040061951,0.7469582557678223,-0.39021432399749756,0.9462002515792847,0.4276290833950043,0.6913470029830933,-0.1139906644821167,0.9182794094085693,0.5364259481430054,0.6894216537475586,-0.09679482877254486,0.9991644024848938,0.478647381067276,0.6863065361976624,0.09681101143360138,0.9989718198776245,0.5309068560600281,0.9307955503463745,0.043160516768693924,0.8038337826728821,0.4890924394130707,0.9224150776863098,0.2844635546207428,0.4258262813091278,0.5494610071182251,1.161691665649414,0.3439368009567261,0.4208527207374573,0.4980447292327881,1.1415127515792847,0.521936297416687,0.2115524411201477,0.5592063069343567,1.1909778118133545,0.3679066002368927,0.23829850554466248,0.5073690414428711,1.1844650506973267,0.541610062122345,0.24709774553775787,0.5116888284683228,1.2240828275680542,0.26732105016708374,0.3460160493850708,0.46308407187461853,1.197261929512024,0.4616475999355316,0.22986745834350586
0.4685271680355072,0.19788923859596252,-0.34489116072654724,0.9975919127464294,0.4794905185699463,0.17396165430545807,-0.36509737372398376,0.995932400226593,0.4829401969909668,0.17468340694904327,-0.36554110050201416,0.9964094758033752,0.48683515191078186,0.1756112277507782,-0.3656485676765442,0.9968493580818176,0.47390732169151306,0.17240068316459656,-0.3221237063407898,0.9965170621871948,0.47311991453170776,0.1713452786207199,-0.32247236371040344,0.99760901927948,0.47230929136276245,0.17002151906490326,-0.3226938247680664,0.9981766939163208,0.5068773031234741,0.18792589008808136,-0.3668908178806305,0.9990595579147339,0.49145808815956116,0.1812787801027298,-0.1894516795873642,0.997234046459198,0.4787765145301819,0.22348655760288239,-0.3399316668510437,0.999275803565979,0.4693926274776459,0.22140651941299438,-0.28548067808151245,0.9988709092140198,0.5717610716819763,0.3425719141960144,-0.334144651889801,0.9999384880065918,0.47130194306373596,0.3429490625858307,-0.04818437248468399,0.9997501969337463,0.604703426361084,0.5487936735153198,-0.30430886149406433,0.9963260293006897,0.4693334102630615,0.5259366631507874,0.020711038261651993,0.5414549112319946,0.5791770219802856,0.7265431880950928,-0.32200416922569275,0.974949836730957,0.43483439087867737,0.672875702381134,-0.0921170562505722,0.9163535237312317,0.5820827484130859,0.7676114439964294,-0.3559836149215698,0.9511789083480835,0.42894524335861206,0.7068541049957275,-0.1255834847688675,0.9078770875930786,0.5691989064216614,0.7615475058555603,-0.380861759185791,0.9529656171798706,0.42595434188842773,0.7071139216423035,-0.1658979207277298,0.9191583395004272,0.5654181241989136,0.7448683977127075,-0.3302167057991028,0.9321207404136658,0.43091851472854614,0.6986081004142761,-0.1137353926897049,0.9035249948501587,0.5360530018806458,0.6893688440322876,-0.088902547955513,0.9992157220840454,0.47789621353149414,0.687881588935852,0.0888591930270195,0.9990381598472595,0.5312436819076538,0.9306591749191284,0.022113291546702385,0.8121898770332336,0.48877182602882385,0.9224421977996826,0.268229603767395,0.43184804916381836,0.5495668649673462,1.1606781482696533,0.33962178230285645,0.42619234323501587,0.49788427352905273,1.1410356760025024,0.5191531777381897,0.21929405629634857,0.5590680837631226,1.1887404918670654,0.35253268480300903,0.23850363492965698,0.5073076486587524,1.183244228363037,0.5367181897163391,0.25042206048965454,0.5123908519744873,1.2242436408996582,0.2305137664079666,0.34667453169822693,0.46341174840927124,1.19722318649292,0.45283928513526917,0.23546551167964935
0.4672244191169739,0.19788601994514465,-0.3336494565010071,0.9976467490196228,0.47748127579689026,0.17382746934890747,-0.35870030522346497,0.9960359930992126,0.480841726064682,0.17444150149822235,-0.35912734270095825,0.9965225458145142,0.48465806245803833,0.17525777220726013,-0.35917219519615173,0.9969426393508911,0.4722040295600891,0.1724311262369156,-0.3125055134296417,0.9965863823890686,0.47142457962036133,0.17140735685825348,-0.31286895275115967,0.9976560473442078,0.47057217359542847,0.17013326287269592,-0.31310850381851196,0.9982002377510071,0.505179226398468,0.1870867908000946,-0.34515541791915894,0.9990942478179932,0.4890187382698059,0.18077293038368225,-0.18456009030342102,0.9972852468490601,0.47720256447792053,0.22305163741111755,-0.33565735816955566,0.9992896914482117,0.46819791197776794,0.22123046219348907,-0.27708280086517334,0.9988848567008972,0.5696743130683899,0.340520441532135,-0.31800687313079834,0.9999405741691589,0.46989697217941284,0.34111618995666504,-0.040135905146598816,0.9997484087944031,0.603941023349762,0.5438976287841797,-0.2900460362434387,0.9963929057121277,0.46934276819229126,0.525910496711731,0.025670036673545837,0.5278746485710144,0.583889365196228,0.7212942242622375,-0.3175920248031616,0.9747652411460876,0.43854838609695435,0.6697340607643127,-0.09149837493896484,0.8985180854797363,0.588001012802124,0.7628577351570129,-0.3537179231643677,0.9506673216819763,0.4318974018096924,0.7039533257484436,-0.1234721913933754,0.8895024657249451,0.5753897428512573,0.7561084032058716,-0.3802344501018524,0.9525668621063232,0.4279120862483978,0.7034416794776917,-0.16325171291828156,0.9021108150482178,0.5705109238624573,0.7399708032608032,-0.32660752534866333,0.9317752718925476,0.433039128780365,0.6948563456535339,-0.11293210089206696,0.8858816027641296,0.534706175327301,0.6868242621421814,-0.08795739710330963,0.999268651008606,0.47748541831970215,0.6877219676971436,0.08789367973804474,0.9990963935852051,0.531032919883728,0.9304829835891724,-0.011255617253482342,0.8247778415679932,0.48754507303237915,0.922225296497345,0.25902417302131653,0.4464621841907501,0.5499303936958313,1.16073739528656,0.2676418125629425,0.44550859928131104,0.4965510368347168,1.1410040855407715,0.5020816922187805,0.2362290322780609,0.5598807334899902,1.1890054941177368,0.286714643239975,0.24704137444496155,0.506371796131134,1.1832078695297241,0.5212513208389282,0.261524498462677,0.5108257532119751,1.225123643875122,0.1714911013841629,0.3627879023551941,0.46165037155151367,1.1971505880355835,0.43625831604003906,0.251710444688797
0.4651620388031006,0.19732144474983215,-0.32473665475845337,0.9976891875267029,0.47513240575790405,0.17328797280788422,-0.34536901116371155,0.9961523413658142,0.4783772826194763,0.17377425730228424,-0.3457780182361603,0.996647834777832,0.4821054935455322,0.1744716614484787,-0.3457937240600586,0.9970517754554749,0.47013425827026367,0.17216812074184418,-0.30429607629776,0.9966530203819275,0.4695530831813812,0.1712157279253006,-0.30469435453414917,0.9977006912231445,0.4688972532749176,0.1700061708688736,-0.3049754798412323,0.9982207417488098,0.5027792453765869,0.18572933971881866,-0.33894121646881104,0.9991343021392822,0.48724979162216187,0.17999328672885895,-0.17874553799629211,0.9973297119140625,0.47504162788391113,0.22205685079097748,-0.3222118020057678,0.9993002414703369,0.4665326476097107,0.2204117476940155,-0.2701864242553711,0.998885452747345,0.5674911737442017,0.33884909749031067,-0.3215663433074951,0.9999416470527649,0.46950703859329224,0.3374684751033783,-0.03719557821750641,0.9997335076332092,0.6033488512039185,0.5425817370414734,-0.2982037663459778,0.9963321685791016,0.4693928360939026,0.5251472592353821,0.026843762025237083,0.49928468465805054,0.5883124470710754,0.7206917405128479,-0.3211778998374939,0.9722339510917664,0.44294944405555725,0.6637634038925171,-0.09116356819868088,0.8569884300231934,0.5935896635055542,0.7627402544021606,-0.3571139872074127,0.9460569024085999,0.43742355704307556,0.6985340714454651,-0.12187262624502182,0.8500258922576904,0.5812686085700989,0.7596887350082397,-0.3824464678764343,0.9482578039169312,0.4333786070346832,0.6976441740989685,-0.16127029061317444,0.8648043274879456,0.5755974650382996,0.7432741522789001,-0.32955315709114075,0.9261763095855713,0.4379936158657074,0.68909752368927,-0.11253581941127777,0.8486217260360718,0.5336302518844604,0.6856680512428284,-0.08800309896469116,0.9993073344230652,0.4769085943698883,0.6870111227035522,0.0879417210817337,0.9991310834884644,0.5310181379318237,0.9296164512634277,-0.005335022695362568,0.8354818224906921,0.48549288511276245,0.9189466834068298,0.26189887523651123,0.4578028619289398,0.5501541495323181,1.1587868928909302,0.27014732360839844,0.4667317867279053,0.4952433705329895,1.135158658027649,0.5009128451347351,0.25132477283477783,0.5602303743362427,1.1879576444625854,0.28981834650039673,0.2582641541957855,0.5052836537361145,1.1766130924224854,0.5206800699234009,0.27264848351478577,0.5110252499580383,1.2226324081420898,0.17466285824775696,0.3813832700252533,0.4611470699310303,1.19035804271698,0.4366876184940338,0.2669963240623474
0.46320047974586487,0.19675424695014954,-0.3296217620372772,0.9976192712783813,0.4729040563106537,0.17283214628696442,-0.3499721884727478,0.9960880279541016,0.47609615325927734,0.17319710552692413,-0.3503926694393158,0.9966232776641846,0.47972264885902405,0.17374369502067566,-0.35040783882141113,0.9970428347587585,0.46820616722106934,0.1719195693731308,-0.3115139603614807,0.9965201616287231,0.46788525581359863,0.17102034389972687,-0.31193679571151733,0.9975924491882324,0.46751898527145386,0.1698564887046814,-0.3122546076774597,0.9981114864349365,0.5005911588668823,0.18459902703762054,-0.3618569076061249,0.9991394877433777,0.4861750602722168,0.17962174117565155,-0.19036230444908142,0.997163712978363,0.4733818471431732,0.22124230861663818,-0.3263658881187439,0.9992802739143372,0.4655863344669342,0.21969503164291382,-0.2776237726211548,0.9988207221031189,0.5656458139419556,0.33728471398353577,-0.36121925711631775,0.9999427795410156,0.4699678421020508,0.3368760943412781,-0.04217160493135452,0.999708354473114,0.6027652025222778,0.5411996841430664,-0.34818732738494873,0.9964327216148376,0.4702170789241791,0.5249186754226685,0.024364901706576347,0.4740249216556549,0.5917696952819824,0.7229816913604736,-0.3709666430950165,0.9729489684104919,0.44672098755836487,0.6604495048522949,-0.09073986113071442,0.8296298384666443,0.5993353128433228,0.7660794854164124,-0.41032248735427856,0.9470224380493164,0.43988609313964844,0.6958291530609131,-0.12020020186901093,0.8229376673698425,0.5866963863372803,0.7679903507232666,-0.4354090690612793,0.9491806626319885,0.4357479214668274,0.6947811245918274,-0.1607660949230194,0.839587926864624,0.5799258947372437,0.7509071230888367,-0.3790869116783142,0.9271959066390991,0.44045791029930115,0.6856075525283813,-0.11256469786167145,0.8232536315917969,0.5329734683036804,0.6848939061164856,-0.09405867755413055,0.9993408918380737,0.4770868718624115,0.6857996582984924,0.09399144351482391,0.9991551637649536,0.5310231447219849,0.9295148849487305,-0.009000681340694427,0.8408270478248596,0.4840671420097351,0.9174385070800781,0.2767685055732727,0.4539891481399536,0.5497264266014099,1.1588720083236694,0.26215484738349915,0.4737843871116638,0.4945424497127533,1.134965181350708,0.5100222229957581,0.2543433904647827,0.5600480437278748,1.1882716417312622,0.2817719876766205,0.25785326957702637,0.5050262212753296,1.1767008304595947,0.5292372107505798,0.27630263566970825,0.509269118309021,1.2226152420043945,0.1656603068113327,0.38458338379859924,0.4584462642669678,1.1893291473388672,0.44865041971206665,0.2699958086013794
0.46186691522598267,0.1963658630847931,-0.33997154235839844,0.9977150559425354,0.47094377875328064,0.17246708273887634,-0.35880714654922485,0.9962741136550903,0.47417402267456055,0.17269012331962585,-0.3592301309108734,0.9967977404594421,0.4778473973274231,0.17307397723197937,-0.3592476546764374,0.9972028732299805,0.4659043252468109,0.1716967225074768,-0.32195934653282166,0.9966376423835754,0.4654810428619385,0.1708042323589325,-0.3223956227302551,0.997658371925354,0.46500927209854126,0.1696470081806183,-0.322721004486084,0.9981447458267212,0.4990696310997009,0.18238352239131927,-0.36641186475753784,0.9991898536682129,0.4836274981498718,0.17855900526046753,-0.1981314867734909,0.9971961379051208,0.47215113043785095,0.22081667184829712,-0.33388617634773254,0.9993069767951965,0.46450257301330566,0.21941380202770233,-0.28730377554893494,0.9988409280776978,0.5646893382072449,0.3363388180732727,-0.36388930678367615,0.9999457597732544,0.46949583292007446,0.33135533332824707,-0.04474487155675888,0.9996880292892456,0.6028324365615845,0.5397659540176392,-0.34410807490348816,0.996666431427002,0.4714632034301758,0.5219181180000305,0.02045813761651516,0.44941645860671997,0.5933607816696167,0.7217282652854919,-0.36979013681411743,0.9745675921440125,0.4484841227531433,0.6597428321838379,-0.09143394231796265,0.791540265083313,0.6011584997177124,0.7658630609512329,-0.4093535840511322,0.9496621489524841,0.4416559338569641,0.6943467259407043,-0.12169011682271957,0.785225510597229,0.5877634882926941,0.7681724429130554,-0.43308138847351074,0.9517364501953125,0.4383555054664612,0.694071352481842,-0.16249194741249084,0.803489625453949,0.5815262794494629,0.7498092651367188,-0.3773566782474518,0.930689811706543,0.4423600137233734,0.6839761734008789,-0.11355336010456085,0.7881039977073669,0.5321527719497681,0.6829447150230408,-0.09611191600561142,0.9993814826011658,0.47686368227005005,0.6834718585014343,0.09604163467884064,0.9991878867149353,0.5309696197509766,0.9292291402816772,-0.017800314351916313,0.8502936363220215,0.4831058084964752,0.9160915017127991,0.2754647731781006,0.460065633058548,0.5496622323989868,1.1595468521118164,0.2500951886177063,0.48726174235343933,0.4932851791381836,1.135010004043579,0.5049738883972168,0.26252153515815735,0.5603140592575073,1.1897919178009033,0.269671767950058,0.261676162481308,0.5038290619850159,1.1768256425857544,0.5238217115402222,0.28368422389030457,0.5069157481193542,1.2230960130691528,0.15365442633628845,0.3941267132759094,0.45519915223121643,1.188106656074524,0.44377508759498596,0.2779092490673065
0.46037063002586365,0.1957615315914154,-0.368390828371048,0.9978376626968384,0.4689794182777405,0.17194028198719025,-0.3865383267402649,0.996495246887207,0.4722159504890442,0.1719817966222763,-0.38696926832199097,0.9969930648803711,0.47592052817344666,0.17212873697280884,-0.3869875371456146,0.9973791241645813,0.46386685967445374,0.1713770031929016,-0.351235032081604,0.9968084692955017,0.4633517861366272,0.17053210735321045,-0.3516831398010254,0.9977635741233826,0.4627949595451355,0.1694086194038391,-0.35201820731163025,0.9982175230979919,0.49766913056373596,0.17924092710018158,-0.38770848512649536,0.999241828918457,0.4816437363624573,0.17699375748634338,-0.22545559704303741,0.9972841739654541,0.4704877734184265,0.2201484888792038,-0.3593420684337616,0.9993404746055603,0.4632074236869812,0.2189548909664154,-0.3147951066493988,0.9988795518875122,0.5637496709823608,0.33540958166122437,-0.37739235162734985,0.9999486804008484,0.46832147240638733,0.3244988024234772,-0.06638635694980621,0.9996770024299622,0.6028483510017395,0.5397033095359802,-0.3491652011871338,0.9968801140785217,0.47258201241493225,0.5174850225448608,0.0010080437641590834,0.42789095640182495,0.5949193835258484,0.7222251296043396,-0.3686320185661316,0.9759408235549927,0.4483291506767273,0.6568363904953003,-0.11004368215799332,0.7600128054618835,0.6025316715240479,0.7671284079551697,-0.40782952308654785,0.9518017172813416,0.4410025179386139,0.6931131482124329,-0.13926962018013,0.7539864182472229,0.5895516276359558,0.7697992324829102,-0.43325620889663696,0.9538489580154419,0.4379752278327942,0.6926353573799133,-0.18057109415531158,0.7738176584243774,0.5834459662437439,0.7513351440429688,-0.3769494295120239,0.9336399435997009,0.4422793388366699,0.6825522780418396,-0.13223563134670258,0.7588085532188416,0.5318559408187866,0.6814764142036438,-0.0963745191693306,0.9994174242019653,0.4768802523612976,0.6821772456169128,0.0963047593832016,0.9992193579673767,0.5310488939285278,0.9292325377464294,-0.008358592167496681,0.8570983409881592,0.4827632009983063,0.9162346720695496,0.2883915305137634,0.4620540142059326,0.5497071743011475,1.1609610319137573,0.26294395327568054,0.49210479855537415,0.493166446685791,1.1359310150146484,0.5192123651504517,0.26688677072525024,0.560492753982544,1.1913738250732422,0.2829541563987732,0.2603139877319336,0.503681480884552,1.1780425310134888,0.5381850004196167,0.2869780361652374,0.5062612295150757,1.2257294654846191,0.167537659406662,0.39636027812957764,0.4551480710506439,1.1892119646072388,0.45815640687942505,0.2819098234176636
0.4592629373073578,0.19459465146064758,-0.3849671483039856,0.9979681372642517,0.4677928388118744,0.171352356672287,-0.3996660113334656,0.9967202544212341,0.4710811674594879,0.17135445773601532,-0.4000985622406006,0.9971933364868164,0.4747892916202545,0.17145194113254547,-0.40011411905288696,0.9975559115409851,0.4628283381462097,0.17076440155506134,-0.36522942781448364,0.9969833493232727,0.4622703492641449,0.16992177069187164,-0.3656834363937378,0.9978728294372559,0.4616343080997467,0.16875691711902618,-0.3660275340080261,0.9982920289039612,0.49666628241539,0.1779319792985916,-0.3886680603027344,0.9992921948432922,0.48048871755599976,0.17625872790813446,-0.22974057495594025,0.9973659515380859,0.4690610468387604,0.2192855179309845,-0.37181541323661804,0.9993725419044495,0.4621058404445648,0.21820172667503357,-0.32834264636039734,0.9989150762557983,0.5636519193649292,0.33470582962036133,-0.37415823340415955,0.9999516010284424,0.4678474962711334,0.3230648338794708,-0.06776627153158188,0.9996678233146667,0.6027885675430298,0.5388112664222717,-0.34525567293167114,0.9970935583114624,0.4736110270023346,0.5130860209465027,-0.00026524736313149333,0.4072594940662384,0.5973269939422607,0.7214973568916321,-0.3682989478111267,0.9773390889167786,0.4498964250087738,0.6505418419837952,-0.11412403732538223,0.7271865606307983,0.606921911239624,0.7662228345870972,-0.40693244338035583,0.9540826678276062,0.4423772692680359,0.6922614574432373,-0.14391830563545227,0.7214471697807312,0.593165934085846,0.7675325870513916,-0.4320856034755707,0.9561024904251099,0.4391705393791199,0.691981852054596,-0.18516355752944946,0.7421144843101501,0.5858043432235718,0.7493306398391724,-0.37575921416282654,0.9368733763694763,0.4436773657798767,0.681805431842804,-0.1363641917705536,0.7276561260223389,0.5310466289520264,0.6777376532554626,-0.09728153795003891,0.9994568824768066,0.47702503204345703,0.6784395575523376,0.09720490872859955,0.9992592334747314,0.5308982729911804,0.9262932538986206,-0.008374596014618874,0.8658997416496277,0.4821709096431732,0.903251588344574,0.3007591962814331,0.4700950086116791,0.549848198890686,1.1609115600585938,0.26348766684532166,0.5039487481117249,0.4932628273963928,1.1345114707946777,0.5286760926246643,0.27806365489959717,0.5613323450088501,1.1913626194000244,0.28362828493118286,0.2640916407108307,0.5038964748382568,1.1775437593460083,0.5472939014434814,0.29671710729599,0.5052807927131653,1.2262729406356812,0.1697513312101364,0.4045865833759308,0.45264849066734314,1.186600685119629,0.4705837368965149,0.291431188583374
0.45847973227500916,0.19353310763835907,-0.39774850010871887,0.9980852007865906,0.46688324213027954,0.1706128865480423,-0.4133950173854828,0.9969185590744019,0.47017502784729004,0.17052018642425537,-0.41382986307144165,0.9973687529563904,0.4738543927669525,0.17048777639865875,-0.41384071111679077,0.9977100491523743,0.46214303374290466,0.17001016438007355,-0.377830445766449,0.9971438050270081,0.46167150139808655,0.1691543310880661,-0.3782801926136017,0.9979748129844666,0.4611290395259857,0.1679282933473587,-0.37862321734428406,0.9983648061752319,0.49632230401039124,0.17683321237564087,-0.4051552414894104,0.999334990978241,0.479697048664093,0.17573633790016174,-0.2413037121295929,0.9974533319473267,0.468187153339386,0.21865908801555634,-0.38572368025779724,0.9994013905525208,0.4617602825164795,0.21743105351924896,-0.34075918793678284,0.9989526867866516,0.5638971328735352,0.3338109254837036,-0.39296281337738037,0.9999540448188782,0.4671877324581146,0.3243020474910736,-0.07515989989042282,0.9996663331985474,0.602737307548523,0.5388253331184387,-0.365435391664505,0.9972921013832092,0.4736310541629791,0.5121428966522217,-0.003172056283801794,0.39561396837234497,0.5987746119499207,0.7210111618041992,-0.38304752111434937,0.9788343906402588,0.45061564445495605,0.6428051590919495,-0.11751852929592133,0.719632089138031,0.6094445586204529,0.7658393979072571,-0.42209547758102417,0.9566901922225952,0.44292792677879333,0.6894304156303406,-0.1478571593761444,0.7127389311790466,0.5960389375686646,0.7681715488433838,-0.4512885510921478,0.958652913570404,0.4397493302822113,0.6901394128799438,-0.18963706493377686,0.7342183589935303,0.5877005457878113,0.7500632405281067,-0.3927340805530548,0.9404865503311157,0.4443369507789612,0.6778406500816345,-0.140061616897583,0.7191703915596008,0.5303897857666016,0.6766635775566101,-0.1011994481086731,0.999487042427063,0.47682657837867737,0.6763501167297363,0.10112346708774567,0.9992883205413818,0.5304282903671265,0.9249054789543152,-0.007106116507202387,0.8719399571418762,0.4822639524936676,0.8994137048721313,0.31895384192466736,0.46967560052871704,0.5498441457748413,1.1597577333450317,0.2740378975868225,0.5079041719436646,0.4934401512145996,1.130449891090393,0.5544852614402771,0.28140127658843994,0.5621058344841003,1.189801812171936,0.29536980390548706,0.26312941312789917,0.5040620565414429,1.17416512966156,0.5740898251533508,0.30119115114212036,0.5018114447593689,1.2256646156311035,0.18767955899238586,0.40625980496406555,0.45189762115478516,1.18149733543396,0.5023424625396729,0.2948042154312134
0.4580453038215637,0.19195261597633362,-0.39801907539367676,0.998208224773407,0.46621671319007874,0.16961902379989624,-0.41315919160842896,0.9971286058425903,0.4695640206336975,0.1693766862154007,-0.41359883546829224,0.9975551962852478,0.4732620120048523,0.16920198500156403,-0.41361647844314575,0.9978734850883484,0.4613061547279358,0.16920319199562073,-0.37743130326271057,0.997312068939209,0.4607485830783844,0.16841809451580048,-0.37787023186683655,0.9980815649032593,0.46012043952941895,0.16722850501537323,-0.37820670008659363,0.9984369874000549,0.4959312975406647,0.17558592557907104,-0.4031856954097748,0.9993818402290344,0.47863444685935974,0.17487414181232452,-0.23860934376716614,0.9975357055664062,0.4677981734275818,0.21731774508953094,-0.38526636362075806,0.9994300603866577,0.46142658591270447,0.21613478660583496,-0.3401091396808624,0.9989830851554871,0.5636404752731323,0.33298763632774353,-0.39337971806526184,0.9999566078186035,0.467547744512558,0.32487693428993225,-0.0693749338388443,0.9996497631072998,0.6026230454444885,0.5378199815750122,-0.36570435762405396,0.9974790215492249,0.47441545128822327,0.5122612118721008,0.0019741221331059933,0.37406861782073975,0.601075291633606,0.7207516431808472,-0.3806377053260803,0.980293333530426,0.4521695077419281,0.6426384449005127,-0.11513146013021469,0.6926711201667786,0.6133607625961304,0.7653735876083374,-0.4193034768104553,0.9593099355697632,0.44413429498672485,0.6891450881958008,-0.14730581641197205,0.6873122453689575,0.6002112627029419,0.7669162154197693,-0.44831007719039917,0.9611992239952087,0.4410122334957123,0.6895581483840942,-0.18846248090267181,0.7095497250556946,0.5910810828208923,0.749159574508667,-0.3903486132621765,0.9441077709197998,0.4464356005191803,0.6776793599128723,-0.1375720500946045,0.6950664520263672,0.5295340418815613,0.6764545440673828,-0.10448261350393295,0.999515950679779,0.4768628478050232,0.6753998398780823,0.10441116243600845,0.9993104338645935,0.5301450490951538,0.9241049289703369,-0.0003709069569595158,0.8790981769561768,0.48232316970825195,0.8987263441085815,0.33682093024253845,0.47248375415802,0.5499157309532166,1.157158613204956,0.2850568890571594,0.5183503031730652,0.49353498220443726,1.1243988275527954,0.5737162232398987,0.28886958956718445,0.5633214712142944,1.18770170211792,0.30687421560287476,0.26777034997940063,0.5040961503982544,1.1691582202911377,0.5934575796127319,0.31018325686454773,0.5011938810348511,1.2222082614898682,0.2031804323196411,0.4131517708301544,0.4503173232078552,1.1722252368927002,0.5256478190422058,0.30085933208465576
0.4578346312046051,0.19089730083942413,-0.3813537359237671,0.9983245134353638,0.46566540002822876,0.16901898384094238,-0.39718061685562134,0.9973395466804504,0.4690472483634949,0.16875825822353363,-0.3975907564163208,0.9977447986602783,0.4727707505226135,0.16855479776859283,-0.3975939452648163,0.9980435371398926,0.4606749415397644,0.1684771329164505,-0.3614976704120636,0.9974700212478638,0.45995745062828064,0.1676003336906433,-0.3619483709335327,0.9981778264045715,0.4591921865940094,0.16623066365718842,-0.36229342222213745,0.9984938502311707,0.4956795573234558,0.17488540709018707,-0.39294880628585815,0.9994315505027771,0.4779511094093323,0.1739197075366974,-0.22834989428520203,0.997572124004364,0.4673059582710266,0.2165757268667221,-0.37101036310195923,0.9994597434997559,0.4609638750553131,0.21489199995994568,-0.32585594058036804,0.9989991188049316,0.5634962320327759,0.33203789591789246,-0.3818998336791992,0.9999597668647766,0.4677475392818451,0.3254324495792389,-0.06251271814107895,0.9995838403701782,0.6026161909103394,0.5376168489456177,-0.34301209449768066,0.9976353645324707,0.47631868720054626,0.512435257434845,0.004749929066747427,0.3411737084388733,0.6027456521987915,0.7198998332023621,-0.3458116352558136,0.9817694425582886,0.4556889533996582,0.6428773403167725,-0.11206358671188354,0.6304037570953369,0.6154866814613342,0.7628036737442017,-0.3814921975135803,0.9621179103851318,0.4482044577598572,0.6891348361968994,-0.13966454565525055,0.6275435090065002,0.6023381352424622,0.7665042281150818,-0.4107239246368408,0.9639357328414917,0.44451409578323364,0.6891524195671082,-0.17964434623718262,0.6486342549324036,0.5930548906326294,0.7484138607978821,-0.35526221990585327,0.9479593634605408,0.4504452347755432,0.677375078201294,-0.13424421846866608,0.6363583207130432,0.5294203758239746,0.6766036748886108,-0.10354910045862198,0.9995470643043518,0.47691091895103455,0.6753694415092468,0.103483185172081,0.9993239045143127,0.5294103622436523,0.923892617225647,0.015049681067466736,0.883661150932312,0.48244553804397583,0.8987394571304321,0.3433118164539337,0.46597737073898315,0.5496654510498047,1.1481388807296753,0.3106980323791504,0.5193933844566345,0.49332278966903687,1.1153149604797363,0.5883930921554565,0.288926362991333,0.5633288621902466,1.177494764328003,0.3338763415813446,0.26649540662765503,0.5040673613548279,1.1589585542678833,0.6092769503593445,0.3119114637374878,0.5004000663757324,1.2127082347869873,0.2322387993335724,0.4133656620979309,0.4499287009239197,1.1605206727981567,0.5434396862983704,0.30150002241134644
0.4579070508480072,0.18998639285564423,-0.38432547450065613,0.9983925819396973,0.4655686318874359,0.16827121376991272,-0.4000818729400635,0.9974733591079712,0.4690501093864441,0.16800124943256378,-0.40052923560142517,0.9978697896003723,0.4728112816810608,0.16780349612236023,-0.40055781602859497,0.9981582760810852,0.4605579972267151,0.16763880848884583,-0.36441612243652344,0.9975541830062866,0.45971599221229553,0.16672645509243011,-0.36485499143600464,0.9982185959815979,0.4587704539299011,0.16531099379062653,-0.36519595980644226,0.9985069632530212,0.4957238733768463,0.17409983277320862,-0.3924955129623413,0.9994653463363647,0.4773688316345215,0.173188254237175,-0.22811467945575714,0.9975396394729614,0.4672519266605377,0.21583522856235504,-0.37234050035476685,0.9994743466377258,0.46066442131996155,0.21373392641544342,-0.32723063230514526,0.9989925026893616,0.5636312961578369,0.3312443494796753,-0.3819226026535034,0.9999620318412781,0.46788233518600464,0.3258682191371918,-0.061087559908628464,0.9995580911636353,0.6026649475097656,0.5373014807701111,-0.34359264373779297,0.9977349638938904,0.47632694244384766,0.5127087235450745,0.0014790300047025084,0.3162427246570587,0.6058116555213928,0.7158650755882263,-0.35084909200668335,0.9828421473503113,0.4547511041164398,0.6437447667121887,-0.1295158565044403,0.5915336608886719,0.617362380027771,0.7579225301742554,-0.3878934681415558,0.9640746116638184,0.44639429450035095,0.689836323261261,-0.16044196486473083,0.591975212097168,0.6041305661201477,0.7630845904350281,-0.41519802808761597,0.9658722281455994,0.44309502840042114,0.6893061995506287,-0.20319613814353943,0.613620400428772,0.5952087640762329,0.7464467287063599,-0.3599556088447571,0.9506621956825256,0.4485509991645813,0.677631139755249,-0.1532440483570099,0.6022316813468933,0.5294408202171326,0.6767212152481079,-0.1039385050535202,0.9995673298835754,0.476961225271225,0.6751722097396851,0.1038697361946106,0.9993283152580261,0.5292472243309021,0.9239458441734314,0.01841072365641594,0.8860413432121277,0.48253798484802246,0.8985991477966309,0.35469427704811096,0.454355388879776,0.5494744777679443,1.1491615772247314,0.3110613524913788,0.5146146416664124,0.493354856967926,1.1173546314239502,0.6124287247657776,0.28252267837524414,0.5633237957954407,1.1787453889846802,0.3337377607822418,0.26211610436439514,0.5042842626571655,1.160749077796936,0.6344672441482544,0.3081132471561432,0.5008729696273804,1.2128640413284302,0.23007114231586456,0.40735572576522827,0.4504700303077698,1.1643621921539307,0.5686761140823364,0.29448920488357544
0.45791736245155334,0.18802280724048615,-0.37906014919281006,0.9984975457191467,0.46560049057006836,0.1670558601617813,-0.39493268728256226,0.9976579546928406,0.46910566091537476,0.16679027676582336,-0.3953828811645508,0.9980324506759644,0.4729239046573639,0.16662122309207916,-0.39541488885879517,0.9983035922050476,0.4604184627532959,0.16631005704402924,-0.35915830731391907,0.9976993799209595,0.4595431387424469,0.1652814894914627,-0.35959312319755554,0.9983094334602356,0.45855361223220825,0.16369403898715973,-0.35992521047592163,0.9985659718513489,0.49589914083480835,0.17338091135025024,-0.38817352056503296,0.9995075464248657,0.4770955443382263,0.17189626395702362,-0.22393186390399933,0.9975811839103699,0.46725329756736755,0.21469998359680176,-0.36734023690223694,0.9995003342628479,0.46030956506729126,0.2118871510028839,-0.32216888666152954,0.9990085959434509,0.5632477402687073,0.33039456605911255,-0.3793330490589142,0.9999645352363586,0.4679146707057953,0.3256016671657562,-0.058184973895549774,0.9995036721229553,0.6029723882675171,0.5373274087905884,-0.34349876642227173,0.9978678822517395,0.4769514501094818,0.5129396915435791,0.0029344114009290934,0.28967514634132385,0.6074134111404419,0.7150158286094666,-0.3523118793964386,0.9839321970939636,0.4578056335449219,0.6443268060684204,-0.12498650699853897,0.5395446419715881,0.6190423369407654,0.7561039328575134,-0.38970184326171875,0.9660427570343018,0.4494045376777649,0.6899397969245911,-0.1551160365343094,0.5417351126670837,0.6055869460105896,0.761242151260376,-0.41753238439559937,0.9677969813346863,0.4455340504646301,0.6890960931777954,-0.19719424843788147,0.5622406005859375,0.5962954163551331,0.7454135417938232,-0.3615370988845825,0.9533568024635315,0.45149198174476624,0.6775068640708923,-0.14832112193107605,0.5527598857879639,0.529453694820404,0.676817774772644,-0.10357873141765594,0.9995919466018677,0.4769766926765442,0.6746942400932312,0.10351264476776123,0.9993381500244141,0.5288856029510498,0.9240092635154724,0.016496244817972183,0.8898690342903137,0.4825805127620697,0.8993955254554749,0.34405237436294556,0.45064449310302734,0.5488621592521667,1.1497514247894287,0.30454713106155396,0.5144285559654236,0.49342507123947144,1.1175458431243896,0.5874741077423096,0.2836158275604248,0.5627210736274719,1.179513692855835,0.32659319043159485,0.260861337184906,0.504371166229248,1.1618434190750122,0.6077609658241272,0.31035134196281433,0.5011008381843567,1.2136942148208618,0.2210921347141266,0.40540337562561035,0.4508192539215088,1.1655749082565308,0.5375818014144897,0.2941052317619324
0.4580410122871399,0.18691357970237732,-0.3869350552558899,0.9986099004745483,0.4658028185367584,0.1659773886203766,-0.4013940691947937,0.9978461861610413,0.46938496828079224,0.1656350940465927,-0.4018477499485016,0.9981951713562012,0.4732510447502136,0.16534598171710968,-0.4018796384334564,0.9984466433525085,0.4605010449886322,0.16530027985572815,-0.3658173382282257,0.9978602528572083,0.45958298444747925,0.16423922777175903,-0.36624589562416077,0.998415470123291,0.45849862694740295,0.16264867782592773,-0.3665648102760315,0.9986411929130554,0.4961399435997009,0.17227467894554138,-0.38774242997169495,0.9995487928390503,0.4768301844596863,0.1709667444229126,-0.22383525967597961,0.9976620078086853,0.4674158990383148,0.213669091463089,-0.3721027374267578,0.9995288252830505,0.46032118797302246,0.2103542536497116,-0.32717424631118774,0.9990359544754028,0.5632524490356445,0.32889172434806824,-0.37799006700515747,0.9999669194221497,0.46862417459487915,0.3252317011356354,-0.05224257707595825,0.9994468092918396,0.6029905080795288,0.5369370579719543,-0.3434069752693176,0.9980066418647766,0.47916799783706665,0.5127629041671753,0.008953358978033066,0.2651112675666809,0.6082374453544617,0.715002715587616,-0.35354694724082947,0.9851042628288269,0.460985004901886,0.6454913020133972,-0.11641929298639297,0.4926570653915405,0.6201648712158203,0.7563067078590393,-0.3909192979335785,0.9682894945144653,0.45158877968788147,0.689883828163147,-0.1442628800868988,0.49678412079811096,0.6073369979858398,0.7613226175308228,-0.4178057610988617,0.9699678421020508,0.44966936111450195,0.6889866590499878,-0.18688175082206726,0.5162373185157776,0.5976546406745911,0.7455373406410217,-0.3625495135784149,0.956426739692688,0.4536963403224945,0.6773849129676819,-0.1401212364435196,0.508546769618988,0.5295528173446655,0.6767227649688721,-0.10454899072647095,0.9996123313903809,0.47725605964660645,0.6739739775657654,0.10448680073022842,0.9993395209312439,0.5286752581596375,0.9240254759788513,0.020661376416683197,0.8940238952636719,0.4826108515262604,0.8996758460998535,0.3424924314022064,0.44970402121543884,0.5484084486961365,1.150018572807312,0.3019518256187439,0.5209742188453674,0.49335432052612305,1.1184779405593872,0.5765118598937988,0.2889764606952667,0.5623486042022705,1.180355191230774,0.32329583168029785,0.26570093631744385,0.5044177770614624,1.165316104888916,0.5958676338195801,0.31787121295928955,0.5011652708053589,1.2142860889434814,0.21748144924640656,0.4093605875968933,0.44872885942459106,1.1674662828445435,0.5252721905708313,0.29765045642852783
0.45814958214759827,0.1858486831188202,-0.39385488629341125,0.9987055659294128,0.4660258889198303,0.16450345516204834,-0.40787196159362793,0.9980068802833557,0.4696321487426758,0.16424880921840668,-0.4083372950553894,0.9983356595039368,0.47348108887672424,0.16406367719173431,-0.40837913751602173,0.9985705614089966,0.46067267656326294,0.1637730747461319,-0.3711255192756653,0.9979934692382812,0.45975008606910706,0.16265283524990082,-0.37154948711395264,0.9985018968582153,0.45862188935279846,0.1610230654478073,-0.37187355756759644,0.9987006783485413,0.496295303106308,0.17160223424434662,-0.3915306329727173,0.9995847344398499,0.4769679009914398,0.16967558860778809,-0.22339165210723877,0.9977116584777832,0.4675840735435486,0.21233853697776794,-0.3785269558429718,0.9995551109313965,0.46018171310424805,0.20873777568340302,-0.3320440948009491,0.9990637898445129,0.5633755922317505,0.32814618945121765,-0.38290056586265564,0.9999692440032959,0.4691565930843353,0.32537633180618286,-0.04639219120144844,0.9994256496429443,0.6031087040901184,0.5369393825531006,-0.34565016627311707,0.9981260299682617,0.47934770584106445,0.5140743851661682,0.011705980636179447,0.244285449385643,0.6087517738342285,0.7149825096130371,-0.35554367303848267,0.9861574769020081,0.4597338140010834,0.6475151181221008,-0.12357380241155624,0.4549356698989868,0.620874285697937,0.7563459873199463,-0.39510154724121094,0.9703004956245422,0.4508449137210846,0.6910296082496643,-0.15465208888053894,0.46147623658180237,0.6083967685699463,0.761185348033905,-0.4238812029361725,0.9719057679176331,0.44811469316482544,0.6896888017654419,-0.1984519362449646,0.48045259714126587,0.5983917117118835,0.7453869581222534,-0.36500638723373413,0.9591407179832458,0.45302915573120117,0.6775907874107361,-0.1481437087059021,0.4740833044052124,0.5291911363601685,0.6772359013557434,-0.10749439895153046,0.9996329545974731,0.47738298773765564,0.673933207988739,0.1074310764670372,0.9993507266044617,0.5287249684333801,0.9265180826187134,0.01881375163793564,0.897562563419342,0.48267561197280884,0.9019837379455566,0.3629586100578308,0.4456671178340912,0.5484306812286377,1.1503722667694092,0.3095638155937195,0.5198319554328918,0.49335360527038574,1.1199618577957153,0.6154463291168213,0.2876056134700775,0.562411367893219,1.1806806325912476,0.33223432302474976,0.2650109827518463,0.504470944404602,1.1672579050064087,0.636603057384491,0.3196544051170349,0.5013202428817749,1.2143930196762085,0.22883136570453644,0.4060022234916687,0.44817861914634705,1.1677616834640503,0.5699185132980347,0.29434388875961304
0.45800814032554626,0.18501272797584534,-0.3907192647457123,0.9987917542457581,0.46616101264953613,0.16356709599494934,-0.4051079750061035,0.9981549382209778,0.4697944223880768,0.1633603572845459,-0.4055878221988678,0.9984655380249023,0.47366824746131897,0.16322864592075348,-0.4056429862976074,0.9986851215362549,0.46082448959350586,0.16256083548069,-0.3667243719100952,0.9981148838996887,0.4599544107913971,0.16119448840618134,-0.36713412404060364,0.9985803365707397,0.45885977149009705,0.15935441851615906,-0.3674301505088806,0.9987519383430481,0.4964292645454407,0.1710551530122757,-0.389275461435318,0.9996182322502136,0.47721943259239197,0.1683993637561798,-0.2176380157470703,0.9977585673332214,0.46764159202575684,0.21160708367824554,-0.37512215971946716,0.9995782375335693,0.4600892961025238,0.20699265599250793,-0.3269636332988739,0.9990841746330261,0.5634362101554871,0.3275063931941986,-0.38087573647499084,0.9999712705612183,0.46961766481399536,0.3241952657699585,-0.03733085095882416,0.9993590116500854,0.6035943627357483,0.5358079075813293,-0.3455805480480194,0.9982509016990662,0.48247718811035156,0.5122960209846497,0.024001698940992355,0.2230387032032013,0.6091276407241821,0.7143138647079468,-0.3561612665653229,0.9871342778205872,0.46520644426345825,0.6472501754760742,-0.09714934974908829,0.4133845567703247,0.6214589476585388,0.7560389041900635,-0.3955155909061432,0.9721617102622986,0.45746126770973206,0.6909278035163879,-0.1244683712720871,0.42069292068481445,0.6087673306465149,0.7606508135795593,-0.4241043031215668,0.9737004041671753,0.4544556736946106,0.6895857453346252,-0.1664797067642212,0.43834343552589417,0.5987916588783264,0.7452194094657898,-0.3655603528022766,0.9616705179214478,0.4597514569759369,0.677552342414856,-0.1206161379814148,0.43338871002197266,0.5291213393211365,0.6772189736366272,-0.10857132822275162,0.9996521472930908,0.4775797724723816,0.6730360984802246,0.10851366817951202,0.9993548393249512,0.5287641882896423,0.9271268844604492,0.01805691048502922,0.9023535251617432,0.48272985219955444,0.9022864699363708,0.357385516166687,0.44673383235931396,0.5484549403190613,1.1504234075546265,0.3087504506111145,0.5293768048286438,0.4933411180973053,1.1201645135879517,0.5945473909378052,0.29402804374694824,0.5627185702323914,1.1821202039718628,0.3313124477863312,0.26971736550331116,0.5045053362846375,1.1687721014022827,0.6143650412559509,0.32716116309165955,0.5006178617477417,1.214359164237976,0.22374069690704346,0.41271889209747314,0.447223961353302,1.1677682399749756,0.5444720983505249,0.2994561791419983
0.4580022692680359,0.184300035238266,-0.3816840648651123,0.9988511800765991,0.46620744466781616,0.16267623007297516,-0.3994253873825073,0.9982648491859436,0.4698752760887146,0.16237448155879974,-0.3999076187610626,0.9985648393630981,0.4737490713596344,0.16210395097732544,-0.3999696969985962,0.9987749457359314,0.4609345495700836,0.16160567104816437,-0.35931041836738586,0.9981921315193176,0.4601047933101654,0.1600998193025589,-0.3597193956375122,0.9986231923103333,0.45899930596351624,0.15815290808677673,-0.3600165545940399,0.9987724423408508,0.4965260922908783,0.16930724680423737,-0.38779327273368835,0.9996448159217834,0.4773028790950775,0.16684584319591522,-0.21451684832572937,0.9977513551712036,0.4677390456199646,0.21096326410770416,-0.37005528807640076,0.9995940923690796,0.4601338803768158,0.20589636266231537,-0.31986549496650696,0.9990891218185425,0.5634541511535645,0.3268011212348938,-0.38254353404045105,0.9999730587005615,0.471076637506485,0.32418331503868103,-0.034649718552827835,0.9993197917938232,0.6037853956222534,0.5345398783683777,-0.34870681166648865,0.9983460307121277,0.4830125868320465,0.5122920274734497,0.028533264994621277,0.20428597927093506,0.609550952911377,0.7140260338783264,-0.3583228290081024,0.9879557490348816,0.4650150239467621,0.6472669243812561,-0.0950300395488739,0.37817057967185974,0.6219048500061035,0.7558585405349731,-0.3980809152126312,0.973695695400238,0.45736202597618103,0.6910151839256287,-0.12302068620920181,0.386605441570282,0.6092854142189026,0.7602016925811768,-0.4263976216316223,0.975182056427002,0.4541527330875397,0.6895472407341003,-0.16570612788200378,0.4033842384815216,0.5992957949638367,0.7450736165046692,-0.3675353229045868,0.963715672492981,0.45831719040870667,0.6773548126220703,-0.11880980432033539,0.39968082308769226,0.5289701819419861,0.6773356199264526,-0.11033743619918823,0.9996678233146667,0.477708637714386,0.673053503036499,0.11028628051280975,0.9993573427200317,0.5287919044494629,0.9279099106788635,0.020995113998651505,0.9037970304489136,0.48276668787002563,0.9023884534835815,0.36347436904907227,0.4375112056732178,0.5485209226608276,1.1507951021194458,0.3101966083049774,0.5265346169471741,0.49343305826187134,1.120798110961914,0.6093370914459229,0.28835344314575195,0.5631070733070374,1.1830683946609497,0.3323320746421814,0.2661340832710266,0.5047298073768616,1.1689231395721436,0.6299598217010498,0.3246161639690399,0.5005433559417725,1.2146693468093872,0.22698621451854706,0.4079097509384155,0.44744792580604553,1.1682864427566528,0.5649933815002441,0.29374203085899353
0.4580668807029724,0.18323694169521332,-0.3680380880832672,0.9988861083984375,0.4662904739379883,0.16160017251968384,-0.38721150159835815,0.9983368515968323,0.4699603021144867,0.16129083931446075,-0.38768476247787476,0.9986355900764465,0.47383421659469604,0.1609514206647873,-0.3877410292625427,0.9988409876823425,0.46100306510925293,0.16029125452041626,-0.34847182035446167,0.998224675655365,0.4601958692073822,0.1586301028728485,-0.34889066219329834,0.9986351132392883,0.45932823419570923,0.15662361681461334,-0.3492078185081482,0.9987659454345703,0.49658888578414917,0.16827180981636047,-0.3871346414089203,0.9996650815010071,0.4778400957584381,0.16558168828487396,-0.21367065608501434,0.9977068305015564,0.4677993357181549,0.21022388339042664,-0.360576868057251,0.999603807926178,0.460207462310791,0.2049570530653,-0.3116067349910736,0.999082088470459,0.5636584758758545,0.32668259739875793,-0.3828529417514801,0.9999744296073914,0.47112518548965454,0.3238060772418976,-0.03755654767155647,0.9992899298667908,0.6041679382324219,0.5343836545944214,-0.3492873013019562,0.9984301924705505,0.482714980840683,0.5117031335830688,0.01890946552157402,0.18909615278244019,0.6092431545257568,0.7141545414924622,-0.3585008382797241,0.9886618256568909,0.46472182869911194,0.6472727060317993,-0.10165786743164062,0.3481081426143646,0.6212779879570007,0.7562407851219177,-0.397931843996048,0.9750097990036011,0.45707470178604126,0.6909652352333069,-0.12852293252944946,0.35753005743026733,0.6087603569030762,0.7601288557052612,-0.42619508504867554,0.9764554500579834,0.4538572430610657,0.6894338726997375,-0.16972777247428894,0.37370750308036804,0.5990408658981323,0.7449678778648376,-0.3677144944667816,0.9654837250709534,0.4576004445552826,0.676997184753418,-0.12482891231775284,0.37124064564704895,0.529007077217102,0.6765231490135193,-0.10998141765594482,0.9996838569641113,0.4779387414455414,0.6708138585090637,0.10993076860904694,0.9993672370910645,0.5287238359451294,0.926823079586029,0.013702886179089546,0.9068799018859863,0.48277196288108826,0.8985782861709595,0.35735827684402466,0.4362570345401764,0.549773633480072,1.1480852365493774,0.3009619414806366,0.5277585983276367,0.4937308430671692,1.118011474609375,0.6035720705986023,0.2878933548927307,0.5643678307533264,1.1797739267349243,0.3230387568473816,0.26453399658203125,0.5050793886184692,1.164191722869873,0.6242614388465881,0.3251318037509918,0.5029922723770142,1.2115412950515747,0.21896855533123016,0.4074777066707611,0.44797182083129883,1.1644428968429565,0.5586786270141602,0.29283297061920166
0.4581155776977539,0.1822146326303482,-0.36751633882522583,0.9988774061203003,0.4663432538509369,0.16049082577228546,-0.3867698311805725,0.9983471632003784,0.47001510858535767,0.1600886434316635,-0.38724055886268616,0.9986556172370911,0.4738938808441162,0.1596446931362152,-0.3872953951358795,0.9988669753074646,0.4610211253166199,0.15916050970554352,-0.3484112024307251,0.9981830716133118,0.4603653848171234,0.1573726385831833,-0.34883373975753784,0.9985824227333069,0.45972275733947754,0.1553179770708084,-0.3491557240486145,0.9987028241157532,0.4968494772911072,0.1670161932706833,-0.38848254084587097,0.999673068523407,0.4783236086368561,0.16389143466949463,-0.21637138724327087,0.9975495934486389,0.4678458273410797,0.20929758250713348,-0.3604384660720825,0.9995937943458557,0.4602651000022888,0.2030738890171051,-0.31170985102653503,0.9990259408950806,0.5637823343276978,0.3263135254383087,-0.38732588291168213,0.9999752640724182,0.4712218642234802,0.3216530680656433,-0.048100851476192474,0.9992575645446777,0.6047083735466003,0.5345497727394104,-0.3541968762874603,0.9984686970710754,0.48265790939331055,0.5104862451553345,0.00818038173019886,0.1752011626958847,0.6089029312133789,0.7145645022392273,-0.35880666971206665,0.9890021681785583,0.46386417746543884,0.6472666263580322,-0.10788395255804062,0.32173874974250793,0.6205868721008301,0.7574472427368164,-0.3979765772819519,0.9754855632781982,0.4562874436378479,0.6909055709838867,-0.13409000635147095,0.33182385563850403,0.6080343127250671,0.7602687478065491,-0.4261624813079834,0.9769428968429565,0.45292454957962036,0.6894731521606445,-0.1745178997516632,0.34748539328575134,0.5985803008079529,0.7451071739196777,-0.3678828775882721,0.9661276936531067,0.45681533217430115,0.6769266724586487,-0.13063862919807434,0.3460657000541687,0.529216468334198,0.6750584840774536,-0.10956981033086777,0.9996956586837769,0.47812947630882263,0.6681239008903503,0.10952097177505493,0.999372124671936,0.5288171172142029,0.9253961443901062,0.015166413970291615,0.907015323638916,0.48266178369522095,0.8913030028343201,0.3607274889945984,0.42579418420791626,0.5506044030189514,1.1455894708633423,0.29890042543411255,0.5223384499549866,0.49372363090515137,1.1126657724380493,0.6094847917556763,0.2803820073604584,0.5651140213012695,1.1771711111068726,0.3203381896018982,0.2589666247367859,0.5050855278968811,1.157343864440918,0.6306101083755493,0.3195827901363373,0.5037835836410522,1.2088772058486938,0.21845011413097382,0.4004068076610565,0.44805702567100525,1.1584045886993408,0.5688429474830627,0.28503748774528503
0.4582153856754303,0.18172039091587067,-0.37391549348831177,0.9989150166511536,0.4665144979953766,0.15976575016975403,-0.3928888440132141,0.9984250664710999,0.4701898694038391,0.15928956866264343,-0.393354207277298,0.998725175857544,0.4740273058414459,0.15875837206840515,-0.39339789748191833,0.998931348323822,0.4612279534339905,0.15853840112686157,-0.3559342622756958,0.9982314705848694,0.4607411324977875,0.1567077487707138,-0.35636934638023376,0.9986039400100708,0.4602997303009033,0.1546168327331543,-0.3566937744617462,0.9987084269523621,0.49726223945617676,0.16593007743358612,-0.3940373957157135,0.9996914863586426,0.47919130325317383,0.16259846091270447,-0.22580091655254364,0.9975166916847229,0.46818122267723083,0.20853440463542938,-0.3655269145965576,0.9996010065078735,0.46050018072128296,0.20238786935806274,-0.31862542033195496,0.9990114569664001,0.5640652775764465,0.32588911056518555,-0.38997799158096313,0.9999764561653137,0.4719652235507965,0.31906259059906006,-0.05715024471282959,0.9992120862007141,0.6050491333007812,0.5348352193832397,-0.3576657176017761,0.9985170364379883,0.48308640718460083,0.5095030069351196,0.0018638080218806863,0.1607842594385147,0.6086183786392212,0.7160274982452393,-0.36664649844169617,0.9894017577171326,0.4639570116996765,0.6460659503936768,-0.10849858820438385,0.29331299662590027,0.6202441453933716,0.7591688632965088,-0.4049447178840637,0.9761371612548828,0.45619478821754456,0.6900346875190735,-0.13446511328220367,0.3034523129463196,0.6075607538223267,0.7609345316886902,-0.432468980550766,0.9775968194007874,0.4532957673072815,0.6892440915107727,-0.17513084411621094,0.3181208074092865,0.5983071327209473,0.7457544803619385,-0.37553247809410095,0.9669888615608215,0.4568026065826416,0.6765123009681702,-0.1311725527048111,0.3175303339958191,0.5292428731918335,0.6729374527931213,-0.10846992582082748,0.9997091889381409,0.4780844748020172,0.663829505443573,0.1084119901061058,0.9993780851364136,0.5290049314498901,0.9253954291343689,0.015145291574299335,0.907862663269043,0.48267707228660583,0.8882743716239929,0.35638266801834106,0.41828998923301697,0.5514631271362305,1.145972490310669,0.2885531783103943,0.5220623016357422,0.49380406737327576,1.1096184253692627,0.6020686626434326,0.2751549482345581,0.5655893087387085,1.1776140928268433,0.3086027503013611,0.25678062438964844,0.5051919221878052,1.153799057006836,0.6227776408195496,0.31566962599754333,0.506365180015564,1.20927894115448,0.20306816697120667,0.3985641598701477,0.44828110933303833,1.1553291082382202,0.5583581328392029,0.27981504797935486
0.4584880769252777,0.18154436349868774,-0.3650737404823303,0.9988725185394287,0.4668094515800476,0.15932850539684296,-0.3845697045326233,0.998386025428772,0.4704563617706299,0.1589297354221344,-0.3850303292274475,0.9987064599990845,0.4741933345794678,0.1584935337305069,-0.3850778043270111,0.9989254474639893,0.4616937041282654,0.15796025097370148,-0.3486119210720062,0.9981306195259094,0.461495578289032,0.15604232251644135,-0.3490579426288605,0.9985077977180481,0.4614045023918152,0.1538780927658081,-0.3494017720222473,0.9986098408699036,0.49757200479507446,0.16575703024864197,-0.3925425708293915,0.9996926188468933,0.48100265860557556,0.16197578608989716,-0.22455906867980957,0.9973492622375488,0.4687159061431885,0.20809298753738403,-0.3582961857318878,0.9995866417884827,0.46118250489234924,0.20248466730117798,-0.31260234117507935,0.9989495277404785,0.56495600938797,0.3257524371147156,-0.38803866505622864,0.9999770522117615,0.47303062677383423,0.31905266642570496,-0.060690563172101974,0.9991986155509949,0.6055154800415039,0.5354025959968567,-0.35385861992836,0.9985263347625732,0.4822881817817688,0.5095626711845398,-0.0026258924044668674,0.15121693909168243,0.608424186706543,0.7166615128517151,-0.3623088598251343,0.9896752238273621,0.46246176958084106,0.6456328630447388,-0.11128858476877213,0.2738887369632721,0.6201663017272949,0.7606498003005981,-0.399460107088089,0.9766043424606323,0.4545392096042633,0.6897670030593872,-0.13703618943691254,0.2846722900867462,0.6073864102363586,0.7613858580589294,-0.4274072051048279,0.9780588150024414,0.4523579180240631,0.6892795562744141,-0.17669609189033508,0.2991437315940857,0.5981690287590027,0.7461459636688232,-0.371419757604599,0.9676270484924316,0.45598548650741577,0.6765268445014954,-0.13330131769180298,0.29948917031288147,0.5295812487602234,0.6730514764785767,-0.10591067373752594,0.9997212290763855,0.4780852198600769,0.6642832159996033,0.1058327704668045,0.9993899464607239,0.5295248627662659,0.924745500087738,0.006116670556366444,0.9085543155670166,0.4826633334159851,0.8835630416870117,0.3540242314338684,0.41069555282592773,0.5523378252983093,1.144249439239502,0.2802964448928833,0.5157632827758789,0.49381566047668457,1.102001667022705,0.6042554974555969,0.26649734377861023,0.5663912296295166,1.1746188402175903,0.3013407588005066,0.2512291669845581,0.5052098631858826,1.1440658569335938,0.6261812448501587,0.30831241607666016,0.5078038573265076,1.2087851762771606,0.2017633467912674,0.3918219208717346,0.4483652114868164,1.1485294103622437,0.5708550214767456,0.2714388966560364
0.45944756269454956,0.1804463267326355,-0.37304332852363586,0.9988003969192505,0.4676216244697571,0.15837910771369934,-0.39220941066741943,0.9982965588569641,0.4712262749671936,0.15807288885116577,-0.3926626443862915,0.9986393451690674,0.47491759061813354,0.1576688289642334,-0.3927033245563507,0.9988760948181152,0.4625280797481537,0.15677636861801147,-0.35675305128097534,0.9980085492134094,0.462474524974823,0.15490536391735077,-0.35720711946487427,0.9983969926834106,0.46251028776168823,0.15283271670341492,-0.3575670123100281,0.9985114932060242,0.4986644387245178,0.16513106226921082,-0.39791613817214966,0.9996783137321472,0.4822724759578705,0.16125446557998657,-0.2331252098083496,0.9971947073936462,0.4697842597961426,0.20696081221103668,-0.3658711612224579,0.9995588660240173,0.46235042810440063,0.2018299102783203,-0.3208175599575043,0.9988807439804077,0.5659388303756714,0.3255099058151245,-0.3924723267555237,0.9999769330024719,0.47382020950317383,0.3192433714866638,-0.07236137241125107,0.9992035627365112,0.6060041189193726,0.5354868769645691,-0.3600768446922302,0.9984904527664185,0.4820287823677063,0.5100560784339905,-0.010050801560282707,0.14549387991428375,0.6070793271064758,0.716571569442749,-0.3702196478843689,0.9896519184112549,0.4612644612789154,0.6453426480293274,-0.12126286327838898,0.26919493079185486,0.6194906830787659,0.7607030868530273,-0.4076339602470398,0.9764721989631653,0.4532034397125244,0.689761757850647,-0.14926236867904663,0.280696302652359,0.6073092818260193,0.7615482807159424,-0.43635544180870056,0.9779677391052246,0.4511548578739166,0.6895889043807983,-0.1894940733909607,0.2960605025291443,0.5977698564529419,0.7460943460464478,-0.37972143292427063,0.967498242855072,0.4550538659095764,0.676651120185852,-0.14331650733947754,0.2965390384197235,0.5300604104995728,0.6731379628181458,-0.10585226863622665,0.9997248649597168,0.4780937731266022,0.664584755897522,0.10577505826950073,0.9993903040885925,0.5312239527702332,0.9249871969223022,0.011207533068954945,0.9056143164634705,0.48267096281051636,0.8828215599060059,0.3627440333366394,0.39420562982559204,0.5527037978172302,1.1471166610717773,0.2794008255004883,0.5066419243812561,0.49386969208717346,1.100409746170044,0.6218034029006958,0.25325194001197815,0.5673388838768005,1.1777892112731934,0.2994818687438965,0.24338003993034363,0.5053665637969971,1.14192795753479,0.6447423696517944,0.2965281307697296,0.5059005618095398,1.2127468585968018,0.1972632110118866,0.38281071186065674,0.4484573006629944,1.1478803157806396,0.5912131071090698,0.2591506838798523
0.46029382944107056,0.17991295456886292,-0.38368409872055054,0.9987215995788574,0.46840906143188477,0.15782007575035095,-0.40383362770080566,0.9981926083564758,0.4720138609409332,0.15755757689476013,-0.4042915403842926,0.998564600944519,0.47586721181869507,0.15717288851737976,-0.40432611107826233,0.9988168478012085,0.4634305536746979,0.1561269611120224,-0.36745399236679077,0.9978758692741394,0.4634740948677063,0.1542772352695465,-0.36789602041244507,0.9982849359512329,0.46360111236572266,0.1522507667541504,-0.36825311183929443,0.9984074234962463,0.499845415353775,0.1645653247833252,-0.4115184247493744,0.9996641278266907,0.48341402411460876,0.16065099835395813,-0.24306149780750275,0.9970582723617554,0.4706747531890869,0.2061566859483719,-0.3768354058265686,0.9995341300964355,0.46315518021583557,0.2015000283718109,-0.3306071162223816,0.9988226890563965,0.5663766264915466,0.3249630928039551,-0.4084663391113281,0.9999768137931824,0.4743732511997223,0.3192998468875885,-0.07726047933101654,0.9992074966430664,0.6063770651817322,0.5353847146034241,-0.3831790089607239,0.998464822769165,0.48129767179489136,0.510430634021759,-0.009936826303601265,0.14113092422485352,0.6049169301986694,0.7210301756858826,-0.40024954080581665,0.9897214770317078,0.4582492411136627,0.6453357934951782,-0.12109311670064926,0.26910200715065,0.6172104477882385,0.7690178155899048,-0.4410576820373535,0.9765450358390808,0.44956740736961365,0.6898126006126404,-0.14961698651313782,0.28145381808280945,0.6064386367797852,0.7702304124832153,-0.4691949486732483,0.9780450463294983,0.4469546377658844,0.6899188756942749,-0.1909148246049881,0.2980862855911255,0.597296416759491,0.7540667057037354,-0.4097115099430084,0.9675114750862122,0.4521116614341736,0.6774423718452454,-0.14352533221244812,0.2983795702457428,0.5316249132156372,0.6748445630073547,-0.10710980743169785,0.9997177124023438,0.47870340943336487,0.6661702990531921,0.10703916847705841,0.9993637204170227,0.5340543985366821,0.9273713827133179,0.020922845229506493,0.9010329246520996,0.4832063615322113,0.8841807842254639,0.3704192042350769,0.37617912888526917,0.5530113577842712,1.1511762142181396,0.2897396981716156,0.49629655480384827,0.4936841130256653,1.100812315940857,0.6436629891395569,0.23917312920093536,0.5677894353866577,1.1838090419769287,0.30960217118263245,0.23556308448314667,0.5052786469459534,1.1430022716522217,0.6679631471633911,0.28461146354675293,0.5041506290435791,1.2140196561813354,0.20338281989097595,0.3726401925086975,0.4475696086883545,1.1465060710906982,0.6136307120323181,0.24607481062412262
0.4608995020389557,0.17924118041992188,-0.3659023642539978,0.9986713528633118,0.4693574011325836,0.15744858980178833,-0.38642048835754395,0.9981279373168945,0.4728878140449524,0.15727277100086212,-0.38686856627464294,0.9985175132751465,0.4768168330192566,0.15694639086723328,-0.386892169713974,0.9987804889678955,0.4647100567817688,0.15559576451778412,-0.35065174102783203,0.997793972492218,0.46492061018943787,0.15367311239242554,-0.35110267996788025,0.9982175827026367,0.46519970893859863,0.15156470239162445,-0.35145753622055054,0.9983438849449158,0.5007101893424988,0.16409271955490112,-0.3997398614883423,0.9996554851531982,0.48449549078941345,0.16005319356918335,-0.2354901283979416,0.9969779253005981,0.4712737202644348,0.205351322889328,-0.36035433411598206,0.9995167255401611,0.4640730321407318,0.2011016458272934,-0.3150770366191864,0.998784601688385,0.5669234991073608,0.3239733874797821,-0.40279942750930786,0.9999769330024719,0.47502389550209045,0.31819668412208557,-0.07549244910478592,0.9992138147354126,0.6068598031997681,0.5345319509506226,-0.37622159719467163,0.9984672665596008,0.4812254309654236,0.5104803442955017,-0.00516540976241231,0.13644345104694366,0.6025115847587585,0.7213526368141174,-0.3872096836566925,0.9899093508720398,0.4565679430961609,0.6453158259391785,-0.10967393964529037,0.2653396427631378,0.612324059009552,0.7696181535720825,-0.425714910030365,0.9768851399421692,0.4481431841850281,0.6893287301063538,-0.1370854675769806,0.2789228856563568,0.6027604341506958,0.7712679505348206,-0.4520835280418396,0.9783625602722168,0.44515547156333923,0.6899020075798035,-0.17797081172466278,0.29631391167640686,0.5952852964401245,0.754396378993988,-0.39559683203697205,0.9679226279258728,0.45038503408432007,0.6775678992271423,-0.13167467713356018,0.2968350052833557,0.5333960056304932,0.6753379106521606,-0.10704752057790756,0.999717652797699,0.4801059365272522,0.6667176485061646,0.10698097944259644,0.9993557333946228,0.5361868739128113,0.9283266067504883,0.026780391111969948,0.8956983089447021,0.4846114218235016,0.885341227054596,0.353759765625,0.36213862895965576,0.5529975295066833,1.1545790433883667,0.2897319495677948,0.4857169985771179,0.49454766511917114,1.1042611598968506,0.6068578958511353,0.22821180522441864,0.5677613019943237,1.1878751516342163,0.30935296416282654,0.22858498990535736,0.5061401724815369,1.1464941501617432,0.6289974451065063,0.2752591371536255,0.5031403303146362,1.2164300680160522,0.20303761959075928,0.36267364025115967,0.44896411895751953,1.1495294570922852,0.5723665952682495,0.23619714379310608
0.46222057938575745,0.17928780615329742,-0.32537180185317993,0.9983903765678406,0.4706140458583832,0.15747812390327454,-0.3456200957298279,0.9976853132247925,0.47410354018211365,0.15728463232517242,-0.3460659384727478,0.9981643557548523,0.4780735373497009,0.15690486133098602,-0.3460974395275116,0.9984974265098572,0.4665609300136566,0.15567228198051453,-0.3107418715953827,0.9973450899124146,0.4669920802116394,0.15376755595207214,-0.31120565533638,0.9978972673416138,0.4674588143825531,0.15167397260665894,-0.31157153844833374,0.9980891346931458,0.5021308660507202,0.16353270411491394,-0.36214345693588257,0.9995856285095215,0.48648443818092346,0.15999272465705872,-0.2019614726305008,0.9966394901275635,0.4728282392024994,0.20527218282222748,-0.3217514455318451,0.9994497299194336,0.4662023186683655,0.20116360485553741,-0.27769237756729126,0.998666524887085,0.5678491592407227,0.32280033826828003,-0.3610168397426605,0.9999757409095764,0.47603121399879456,0.31805598735809326,-0.06292299926280975,0.9992407560348511,0.6077613234519958,0.534116268157959,-0.32491183280944824,0.9983602166175842,0.48061102628707886,0.5114042162895203,0.008292938582599163,0.14038679003715515,0.5971465706825256,0.7210568785667419,-0.3294576108455658,0.9892537593841553,0.452928364276886,0.6496955156326294,-0.09262579679489136,0.2798839211463928,0.6027716398239136,0.7693719863891602,-0.36423081159591675,0.9755338430404663,0.44481974840164185,0.6918914914131165,-0.11960412561893463,0.29283407330513,0.5935341715812683,0.7678638100624084,-0.39046138525009155,0.9770582914352417,0.4416993260383606,0.6936894655227661,-0.1603551208972931,0.31152617931365967,0.5887171030044556,0.74932861328125,-0.3376445472240448,0.9661052823066711,0.4464181065559387,0.6835766434669495,-0.11415113508701324,0.3112667202949524,0.5375221371650696,0.6754594445228577,-0.09993614256381989,0.9997202754020691,0.48117581009864807,0.667067289352417,0.09986862540245056,0.9993680119514465,0.5375015735626221,0.9282232522964478,0.020220916718244553,0.8912506103515625,0.4883684515953064,0.888643741607666,0.31645363569259644,0.3525145351886749,0.5529890060424805,1.154286503791809,0.2895946204662323,0.4714432954788208,0.49751195311546326,1.1048860549926758,0.5720230340957642,0.21737591922283173,0.5661555528640747,1.1867916584014893,0.30943918228149414,0.22185540199279785,0.508861243724823,1.1475778818130493,0.5944231748580933,0.26429834961891174,0.5087248682975769,1.2164103984832764,0.20811231434345245,0.34962210059165955,0.45556825399398804,1.1501970291137695,0.5364905595779419,0.22533273696899414
0.4641123414039612,0.1793159544467926,-0.3288283944129944,0.9982960820198059,0.47254496812820435,0.15750238299369812,-0.34968578815460205,0.997534453868866,0.4761270582675934,0.15731339156627655,-0.35012415051460266,0.9980381727218628,0.4801923334598541,0.15694382786750793,-0.3501567244529724,0.998395562171936,0.46885043382644653,0.15571372210979462,-0.31283268332481384,0.9972050786018372,0.46939635276794434,0.1538148820400238,-0.313288152217865,0.9978032112121582,0.4700349271297455,0.151753768324852,-0.3136366605758667,0.9980223178863525,0.5041111707687378,0.16359037160873413,-0.36627304553985596,0.9995629191398621,0.4895913004875183,0.1600721925497055,-0.19768455624580383,0.9965806007385254,0.47470536828041077,0.20523573458194733,-0.3254510760307312,0.9994387626647949,0.46850594878196716,0.20127466320991516,-0.27888205647468567,0.9986643195152283,0.5687296986579895,0.3216995596885681,-0.3671841621398926,0.9999755620956421,0.47706156969070435,0.31848061084747314,-0.05003029853105545,0.9992826581001282,0.6088695526123047,0.5323095321655273,-0.3258560299873352,0.9983459115028381,0.4800552725791931,0.5123757719993591,0.02124410681426525,0.15266646444797516,0.5916138887405396,0.7203844785690308,-0.3421371579170227,0.9892551302909851,0.4480205178260803,0.6500342488288879,-0.09208235889673233,0.3158377408981323,0.5949180722236633,0.7691407203674316,-0.3807981014251709,0.9754610657691956,0.43677034974098206,0.691830039024353,-0.1201268807053566,0.3265044391155243,0.5845595598220825,0.765790581703186,-0.3982745110988617,0.9769383668899536,0.4320438504219055,0.6933059692382812,-0.16278424859046936,0.346589058637619,0.5806188583374023,0.7449842691421509,-0.34670788049697876,0.9657488465309143,0.43778878450393677,0.6833361983299255,-0.11485926806926727,0.3443295657634735,0.539973258972168,0.6758854985237122,-0.1002650037407875,0.9997144937515259,0.4821423590183258,0.6683862805366516,0.10019862651824951,0.9993680715560913,0.5396844744682312,0.9295332431793213,-0.019365182146430016,0.8855908513069153,0.4928509294986725,0.8925720453262329,0.2831782400608063,0.34332770109176636,0.5530915260314941,1.1577147245407104,0.2598349452018738,0.45199549198150635,0.5019667744636536,1.1154390573501587,0.5352796912193298,0.20513655245304108,0.5660759210586548,1.188602328300476,0.28137093782424927,0.21295511722564697,0.5128881335258484,1.1558619737625122,0.5571798086166382,0.2520815432071686,0.5107837319374084,1.2212435007095337,0.18305234611034393,0.33411362767219543,0.46461883187294006,1.1673935651779175,0.49538859724998474,0.21361488103866577
0.467130184173584,0.17886513471603394,-0.33560678362846375,0.9982326626777649,0.4767299294471741,0.15729597210884094,-0.3507387042045593,0.997363805770874,0.48096680641174316,0.157133549451828,-0.35116392374038696,0.9978695511817932,0.4852934777736664,0.15680500864982605,-0.3511843979358673,0.9982292056083679,0.4717269539833069,0.15557639300823212,-0.3171517252922058,0.9971319437026978,0.4719851613044739,0.1537809520959854,-0.3176161050796509,0.9977718591690063,0.47235479950904846,0.15176796913146973,-0.3179752826690674,0.9980192184448242,0.5074509978294373,0.16362614929676056,-0.3439980149269104,0.9995101094245911,0.4912215769290924,0.16013500094413757,-0.19253535568714142,0.996618390083313,0.47834840416908264,0.20477551221847534,-0.32590335607528687,0.9994147419929504,0.471163272857666,0.2008575052022934,-0.2834497392177582,0.9986706972122192,0.5698703527450562,0.32046836614608765,-0.3340414762496948,0.9999729990959167,0.4772869646549225,0.3192465603351593,-0.04954696446657181,0.9993323683738708,0.6097348928451538,0.5308683514595032,-0.3078157603740692,0.998192548751831,0.4786663055419922,0.5143864154815674,0.018519587814807892,0.19090987741947174,0.5864743590354919,0.7153902649879456,-0.3337234854698181,0.988395631313324,0.4425683915615082,0.6528186202049255,-0.10296021401882172,0.37518110871315,0.5885902643203735,0.7656352519989014,-0.3710935711860657,0.973998486995697,0.4314325749874115,0.6930795907974243,-0.13620483875274658,0.3833783268928528,0.576900839805603,0.7586323022842407,-0.3965380787849426,0.9755539894104004,0.4259476065635681,0.6937201023101807,-0.17934048175811768,0.40263938903808594,0.5731433629989624,0.7368196845054626,-0.34190845489501953,0.9639009237289429,0.4321964383125305,0.6839789748191833,-0.12562444806098938,0.39889365434646606,0.540082573890686,0.6751264929771423,-0.09517131000757217,0.9997060894966125,0.48233333230018616,0.6682344079017639,0.09507221728563309,0.9993818402290344,0.5400032997131348,0.9285962581634521,-0.02365388534963131,0.8839623332023621,0.494154155254364,0.8954097032546997,0.2705874741077423,0.34300246834754944,0.5530810952186584,1.157589077949524,0.24059443175792694,0.4421909749507904,0.5028566122055054,1.1183453798294067,0.5075231790542603,0.19987691938877106,0.5657322406768799,1.1882917881011963,0.2605540156364441,0.20914408564567566,0.5141036510467529,1.1593931913375854,0.5274169445037842,0.2453359216451645,0.5127773880958557,1.2211719751358032,0.1618642807006836,0.3265232443809509,0.46393299102783203,1.1704778671264648,0.4606953561306,0.2082584947347641
0.47096794843673706,0.17910955846309662,-0.4049088954925537,0.9983034133911133,0.48087531328201294,0.15730755031108856,-0.41638094186782837,0.9974468946456909,0.48527392745018005,0.15718582272529602,-0.4168049395084381,0.9979168772697449,0.4896319806575775,0.15688356757164001,-0.4168144166469574,0.9982596039772034,0.47451290488243103,0.1556452363729477,-0.3832731246948242,0.9972643852233887,0.47431468963623047,0.15386399626731873,-0.3837363123893738,0.9978778958320618,0.4743068218231201,0.15182706713676453,-0.3840884864330292,0.9981234073638916,0.5105561017990112,0.16380314528942108,-0.390214204788208,0.9995096325874329,0.4917403757572174,0.16015706956386566,-0.239655539393425,0.9967833161354065,0.48264846205711365,0.204801544547081,-0.3871188759803772,0.9994281530380249,0.4737212061882019,0.20088428258895874,-0.345537930727005,0.9987331032752991,0.5707491040229797,0.31987032294273376,-0.3666148781776428,0.9999715089797974,0.47724246978759766,0.3168657422065735,-0.07204998284578323,0.9993817210197449,0.6105135679244995,0.5298137068748474,-0.35007980465888977,0.9981216788291931,0.4786549210548401,0.5088542699813843,-0.00010668129107216373,0.22974631190299988,0.5796055197715759,0.70978844165802,-0.38790613412857056,0.9880003929138184,0.439166784286499,0.6397349238395691,-0.13493803143501282,0.4315713047981262,0.5793861150741577,0.7615690231323242,-0.4301433563232422,0.9731988310813904,0.4265633225440979,0.6841756701469421,-0.16995279490947723,0.43755900859832764,0.5685846209526062,0.7497990727424622,-0.45526280999183655,0.974768877029419,0.42141422629356384,0.6826874017715454,-0.21554741263389587,0.4558188021183014,0.5658203363418579,0.7285780310630798,-0.39608925580978394,0.9626188278198242,0.42865943908691406,0.6729308366775513,-0.1590084731578827,0.4508698880672455,0.5410654544830322,0.6702158451080322,-0.09595077484846115,0.9996837973594666,0.48462432622909546,0.6653939485549927,0.09586301445960999,0.9993802905082703,0.5404310822486877,0.9246833920478821,-0.017723215743899345,0.8782124519348145,0.49745067954063416,0.8968124389648438,0.26626715064048767,0.34092769026756287,0.5533221960067749,1.1577279567718506,0.24756582081317902,0.4297243654727936,0.505956768989563,1.1266926527023315,0.4928554594516754,0.19661441445350647,0.5657904744148254,1.1887786388397217,0.267017662525177,0.20395953953266144,0.5175801515579224,1.1706147193908691,0.5110563039779663,0.2418621927499771,0.5131036043167114,1.2229124307632446,0.1610647290945053,0.3174237310886383,0.46468013525009155,1.1792771816253662,0.43365129828453064,0.20498663187026978
0.4740317761898041,0.17927592992782593,-0.36696434020996094,0.9982889294624329,0.4839898645877838,0.15738323330879211,-0.3798045516014099,0.9974005222320557,0.4880317747592926,0.15734650194644928,-0.38020917773246765,0.9978432059288025,0.4924415946006775,0.1572708934545517,-0.3801772892475128,0.9981892704963684,0.4771539270877838,0.1557741016149521,-0.34659165143966675,0.9972707629203796,0.47678184509277344,0.15411615371704102,-0.3470640778541565,0.9978879690170288,0.4765475392341614,0.15217554569244385,-0.3473920226097107,0.9981505870819092,0.513556957244873,0.16483138501644135,-0.36446040868759155,0.9994707107543945,0.49334603548049927,0.16021797060966492,-0.21093904972076416,0.9968048334121704,0.48515182733535767,0.20481978356838226,-0.3515288233757019,0.9993916749954224,0.4766218662261963,0.20103925466537476,-0.3099832534790039,0.9987119436264038,0.572705864906311,0.31963902711868286,-0.3522006869316101,0.9999675750732422,0.47807401418685913,0.31589168310165405,-0.04882023483514786,0.9994102716445923,0.6116424798965454,0.529398500919342,-0.34410756826400757,0.9978161454200745,0.4786910116672516,0.5067765712738037,0.014767840504646301,0.23599199950695038,0.5757012367248535,0.7029522657394409,-0.38051146268844604,0.9864327311515808,0.4328150153160095,0.6233681440353394,-0.13268259167671204,0.4719790518283844,0.5768973231315613,0.7565165758132935,-0.4212302267551422,0.97041916847229,0.4146243631839752,0.6660062670707703,-0.16354192793369293,0.4767899215221405,0.5657087564468384,0.7439926266670227,-0.4463013708591461,0.972111165523529,0.4072275757789612,0.6609711647033691,-0.20554690062999725,0.4953030049800873,0.5622546076774597,0.7237557172775269,-0.3886396586894989,0.9584776163101196,0.41727885603904724,0.6512906551361084,-0.15436597168445587,0.4880550801753998,0.5408259630203247,0.6697840094566345,-0.09649670869112015,0.9996415972709656,0.4851999878883362,0.6635028123855591,0.09641031175851822,0.9993406534194946,0.5407165288925171,0.9240164160728455,-0.003321052296087146,0.8600309491157532,0.4976347088813782,0.8969488143920898,0.2713606655597687,0.32452765107154846,0.5558812022209167,1.1576040983200073,0.2550275921821594,0.409292995929718,0.5071434378623962,1.1258972883224487,0.4892856180667877,0.1862976998090744,0.5671018362045288,1.188747525215149,0.2741730809211731,0.19569231569766998,0.5187021493911743,1.1694648265838623,0.5068089365959167,0.23155391216278076,0.5190987586975098,1.221704363822937,0.17068344354629517,0.30249786376953125,0.46550798416137695,1.1788196563720703,0.4356998801231384,0.1954006552696228
0.477454274892807,0.17951282858848572,-0.35546281933784485,0.99824059009552,0.4868220388889313,0.1574360579252243,-0.36969733238220215,0.9973129630088806,0.49057525396347046,0.1574486792087555,-0.3701176643371582,0.9977529048919678,0.49507007002830505,0.15752950310707092,-0.3700842261314392,0.9981174468994141,0.48086944222450256,0.15591201186180115,-0.33640989661216736,0.9971996545791626,0.48062658309936523,0.15436463057994843,-0.3368641436100006,0.9978314638137817,0.48045259714126587,0.15253034234046936,-0.337181031703949,0.9981129169464111,0.5162644982337952,0.16518613696098328,-0.3595955967903137,0.9994338154792786,0.4958292841911316,0.16024143993854523,-0.20528960227966309,0.996691882610321,0.4878969192504883,0.2048196792602539,-0.3417099118232727,0.9993398785591125,0.4804039001464844,0.20117683708667755,-0.3000226616859436,0.9986369013786316,0.5745667219161987,0.3194772005081177,-0.3535439670085907,0.9999642968177795,0.48102664947509766,0.3123019337654114,-0.039610184729099274,0.9994049072265625,0.6129098534584045,0.5293411016464233,-0.34730932116508484,0.9976803064346313,0.47884154319763184,0.5014844536781311,0.03142547234892845,0.2303021103143692,0.5713434815406799,0.6973629593849182,-0.39433741569519043,0.9862478375434875,0.4283881187438965,0.6108201146125793,-0.09189428389072418,0.4913989305496216,0.5750482082366943,0.7531901597976685,-0.4380836486816406,0.9701753854751587,0.4101269841194153,0.6486091017723083,-0.12005980312824249,0.49708953499794006,0.5628007650375366,0.7405180931091309,-0.4589732587337494,0.9718837738037109,0.40236154198646545,0.6412006616592407,-0.1660071313381195,0.5172483325004578,0.5578667521476746,0.7195900678634644,-0.40137776732444763,0.9577651023864746,0.4115890562534332,0.6318134069442749,-0.11591056734323502,0.5078475475311279,0.5431406497955322,0.6699778437614441,-0.09655468910932541,0.999589204788208,0.48919838666915894,0.663575291633606,0.09646593034267426,0.9992565512657166,0.5434566736221313,0.9213867783546448,0.020456990227103233,0.8390462398529053,0.4990578293800354,0.8963513970375061,0.2824283242225647,0.30613604187965393,0.5566835403442383,1.1523475646972656,0.27585655450820923,0.3908516764640808,0.5078497529029846,1.1196205615997314,0.5043169260025024,0.17630991339683533,0.5673803091049194,1.1844545602798462,0.2939322888851166,0.1888405829668045,0.5195181965827942,1.1660866737365723,0.5223568677902222,0.22269418835639954,0.5189070701599121,1.2113890647888184,0.192674919962883,0.2894105315208435,0.46456432342529297,1.16154146194458,0.45374488830566406,0.18651659786701202
0.4798451066017151,0.18049634993076324,-0.32008689641952515,0.998286247253418,0.4888065755367279,0.1576600968837738,-0.3340354263782501,0.99737548828125,0.49270614981651306,0.15776479244232178,-0.33444133400917053,0.9977968335151672,0.49747759103775024,0.15810012817382812,-0.3344042897224426,0.9981534481048584,0.4835008680820465,0.15619444847106934,-0.30109429359436035,0.997279703617096,0.4832952916622162,0.15474765002727509,-0.30154281854629517,0.997894823551178,0.48317480087280273,0.15302515029907227,-0.3018503189086914,0.9981714487075806,0.5191777944564819,0.16593514382839203,-0.323077917098999,0.9994372725486755,0.4987965524196625,0.16026437282562256,-0.17126360535621643,0.9967724084854126,0.49003395438194275,0.20501050353050232,-0.30635324120521545,0.9993377327919006,0.48278576135635376,0.20194494724273682,-0.26516827940940857,0.9986462593078613,0.5756915211677551,0.31849849224090576,-0.3214426636695862,0.9999629855155945,0.48436427116394043,0.30968177318573,-0.0038356322329491377,0.9994080662727356,0.6138851046562195,0.5256842970848083,-0.32040295004844666,0.9976584315299988,0.47976064682006836,0.4968685209751129,0.06943231076002121,0.22491759061813354,0.567696750164032,0.6751829981803894,-0.389058917760849,0.9866586923599243,0.42729711532592773,0.5925255417823792,-0.056794773787260056,0.5096604228019714,0.5705145001411438,0.7314810752868652,-0.43296322226524353,0.9710723757743835,0.40818896889686584,0.6288428902626038,-0.08493126928806305,0.5174121260643005,0.5527166724205017,0.7141658067703247,-0.449321985244751,0.9727451801300049,0.40096545219421387,0.6234310269355774,-0.13044612109661102,0.5387741327285767,0.548630952835083,0.6902391910552979,-0.39266839623451233,0.9587935209274292,0.4102448523044586,0.6138872504234314,-0.08095099776983261,0.5274301171302795,0.5449697971343994,0.669713020324707,-0.0976753756403923,0.9995461106300354,0.4921363294124603,0.6626612544059753,0.09761088341474533,0.9991840124130249,0.546227753162384,0.921983003616333,0.01757068559527397,0.8227694630622864,0.5010508894920349,0.8965961933135986,0.2653486132621765,0.2900734543800354,0.5590287446975708,1.1541297435760498,0.24650900065898895,0.37695738673210144,0.5114182829856873,1.123162031173706,0.4669950604438782,0.16684916615486145,0.571373701095581,1.1871976852416992,0.2625442147254944,0.18545019626617432,0.5234275460243225,1.169893503189087,0.48303326964378357,0.21465221047401428,0.5179613828659058,1.2116503715515137,0.15575572848320007,0.280950665473938,0.4674363136291504,1.1644339561462402,0.40959635376930237,0.17855095863342285
0.4833773970603943,0.18140766024589539,-0.30264219641685486,0.9983501434326172,0.4909614026546478,0.15801838040351868,-0.3166075348854065,0.9974513053894043,0.4952414035797119,0.1581139713525772,-0.3170056641101837,0.997855007648468,0.4999801516532898,0.15850965678691864,-0.3169556260108948,0.9981926083564758,0.4866572916507721,0.1566283255815506,-0.28328773379325867,0.9973904490470886,0.48654451966285706,0.15528900921344757,-0.283740758895874,0.9979910254478455,0.486523300409317,0.15373721718788147,-0.28405284881591797,0.9982608556747437,0.5217205286026001,0.16602863371372223,-0.3091275095939636,0.9994441270828247,0.5027506947517395,0.16032162308692932,-0.15517130494117737,0.9969375133514404,0.4929431080818176,0.2054980844259262,-0.29055818915367126,0.9993572235107422,0.48592981696128845,0.20270727574825287,-0.2487010955810547,0.9987046718597412,0.5784856081008911,0.3176175653934479,-0.3096040189266205,0.9999619722366333,0.4888527989387512,0.3100927770137787,0.009437032043933868,0.9994380474090576,0.6143136620521545,0.5243082046508789,-0.32113882899284363,0.9977002143859863,0.47887396812438965,0.4969916045665741,0.09413012117147446,0.24377039074897766,0.5611022114753723,0.6629109382629395,-0.3975382447242737,0.9875144958496094,0.41916555166244507,0.5833911895751953,-0.034464117139577866,0.5523350834846497,0.5575834512710571,0.7146100997924805,-0.4446679949760437,0.9729444980621338,0.3978484272956848,0.6138299703598022,-0.06366796046495438,0.5593829154968262,0.541498601436615,0.6947280168533325,-0.4606749415397644,0.9745166897773743,0.3911077082157135,0.6063826084136963,-0.1101870983839035,0.5795102715492249,0.5409210324287415,0.6702907085418701,-0.4027675986289978,0.9612751603126526,0.40061458945274353,0.5980859994888306,-0.058985184878110886,0.5679969191551208,0.5473371744155884,0.6698194742202759,-0.09923175722360611,0.9994977116584778,0.49325019121170044,0.6619333624839783,0.099196657538414,0.9991329908370972,0.546478271484375,0.9220793843269348,0.007107383571565151,0.8130089044570923,0.5007463693618774,0.896746039390564,0.25434333086013794,0.28130999207496643,0.5595306754112244,1.1541335582733154,0.24301853775978088,0.36792251467704773,0.5105253458023071,1.1222470998764038,0.45910781621932983,0.1598895639181137,0.5731428861618042,1.1871589422225952,0.2601732313632965,0.18527749180793762,0.5224618315696716,1.1693534851074219,0.4757782816886902,0.20969337224960327,0.5172206163406372,1.2117538452148438,0.15690051019191742,0.276827871799469,0.46670326590538025,1.1629804372787476,0.40498247742652893,0.17375804483890533
0.48613348603248596,0.18213307857513428,-0.26738908886909485,0.9984136819839478,0.492936372756958,0.15841130912303925,-0.2810389995574951,0.9975347518920898,0.4970173239707947,0.15845435857772827,-0.28143128752708435,0.9979279637336731,0.5016431212425232,0.15883077681064606,-0.28139227628707886,0.9982522130012512,0.48953503370285034,0.15705442428588867,-0.24905924499034882,0.9974896311759949,0.4896296560764313,0.15575580298900604,-0.24951131641864777,0.9980753064155579,0.48978376388549805,0.15432146191596985,-0.24981792271137238,0.9983363747596741,0.5235482454299927,0.16604000329971313,-0.2761417329311371,0.9994588494300842,0.5062134265899658,0.16047002375125885,-0.12791599333286285,0.9970727562904358,0.4954180121421814,0.2056848555803299,-0.2564898133277893,0.9993817806243896,0.4889290928840637,0.20309989154338837,-0.2163095474243164,0.9987620711326599,0.5813987851142883,0.3172778785228729,-0.2780093550682068,0.999962329864502,0.49218687415122986,0.3103611171245575,0.03047562763094902,0.9994605183601379,0.6144776940345764,0.5202687382698059,-0.2895773947238922,0.9977511167526245,0.47797641158103943,0.4945029020309448,0.10949349403381348,0.25859010219573975,0.5600786209106445,0.6543419361114502,-0.38370800018310547,0.9884580373764038,0.41596540808677673,0.5676161050796509,-0.025360699743032455,0.588175892829895,0.5524240732192993,0.6995648741722107,-0.4366750717163086,0.9749990105628967,0.3940926790237427,0.5941075086593628,-0.054266102612018585,0.5950907468795776,0.5388721227645874,0.6787586808204651,-0.44646868109703064,0.9764623045921326,0.3887149691581726,0.5846489667892456,-0.10003197193145752,0.6144055128097534,0.540162205696106,0.6596711874008179,-0.38851398229599,0.9640817046165466,0.39750662446022034,0.5774828195571899,-0.04970705509185791,0.6025378108024597,0.5489616394042969,0.6654325127601624,-0.09934254735708237,0.9994507431983948,0.4946620464324951,0.6557537317276001,0.09930238127708435,0.9990650415420532,0.5466716885566711,0.9210980534553528,-0.0314677357673645,0.8007425665855408,0.5011749863624573,0.8960250616073608,0.21616950631141663,0.27200162410736084,0.5595319867134094,1.153778076171875,0.18363487720489502,0.3551074266433716,0.512003481388092,1.1241390705108643,0.3927086293697357,0.1528332233428955,0.5735587477684021,1.1865023374557495,0.19830045104026794,0.18150581419467926,0.5239540934562683,1.1713544130325317,0.406425416469574,0.2035534828901291,0.5162095427513123,1.2114115953445435,0.09704175591468811,0.2699946165084839,0.46686768531799316,1.1648728847503662,0.3361484706401825,0.16884513199329376
0.48803916573524475,0.18239785730838776,-0.2799273431301117,0.9985226988792419,0.4951864182949066,0.15851081907749176,-0.2913411259651184,0.9976991415023804,0.4992128312587738,0.15853239595890045,-0.2917311489582062,0.9980656504631042,0.5038570165634155,0.15892787277698517,-0.291705459356308,0.9983680844306946,0.4920042157173157,0.15722672641277313,-0.26079726219177246,0.9976657629013062,0.49220556020736694,0.15597796440124512,-0.2612571716308594,0.9982125759124756,0.49243301153182983,0.15463849902153015,-0.26156896352767944,0.9984566569328308,0.5253793597221375,0.16624146699905396,-0.2781139314174652,0.9994915723800659,0.5084347724914551,0.1606113612651825,-0.13683858513832092,0.9972742199897766,0.49745774269104004,0.20569273829460144,-0.2664349377155304,0.9994227886199951,0.491180419921875,0.20319430530071259,-0.22812795639038086,0.9988490343093872,0.584037721157074,0.31718334555625916,-0.2723032534122467,0.9999632239341736,0.49329668283462524,0.31051191687583923,0.02151080220937729,0.999489963054657,0.6145989298820496,0.5176851749420166,-0.27542299032211304,0.9978135824203491,0.4775105118751526,0.4933326840400696,0.099309042096138,0.28638336062431335,0.5559436082839966,0.6331465244293213,-0.3629855811595917,0.98932945728302,0.41354233026504517,0.5593639016151428,-0.04076644033193588,0.6231010556221008,0.5445347428321838,0.6718124747276306,-0.40990400314331055,0.9768998026847839,0.3904264569282532,0.5854120254516602,-0.07049278169870377,0.6293630003929138,0.5347298383712769,0.6467393636703491,-0.42341533303260803,0.9782619476318359,0.3847739100456238,0.5750840902328491,-0.11545254290103912,0.6476473808288574,0.536868691444397,0.6318426132202148,-0.36820003390312195,0.9667036533355713,0.3938588500022888,0.566623330116272,-0.0648328885436058,0.6357855200767517,0.552019476890564,0.6572951674461365,-0.09776505082845688,0.9994154572486877,0.496399462223053,0.6491180658340454,0.09773260354995728,0.9990290403366089,0.5478842258453369,0.9194490909576416,-0.05252275988459587,0.7970173358917236,0.5018481612205505,0.8953886032104492,0.18254053592681885,0.2728794813156128,0.5603373646736145,1.152541160583496,0.15072442591190338,0.348084419965744,0.514308750629425,1.1261475086212158,0.3535061478614807,0.14972344040870667,0.5746339559555054,1.184998631477356,0.16416075825691223,0.1810784637928009,0.5262113213539124,1.1724802255630493,0.36654895544052124,0.20117764174938202,0.5158542394638062,1.2106043100357056,0.05990325286984444,0.2679727077484131,0.4699999690055847,1.1694519519805908,0.29221197962760925,0.16759662330150604
0.48989933729171753,0.18243283033370972,-0.29025155305862427,0.9986019730567932,0.4971795082092285,0.15852990746498108,-0.2976035475730896,0.9978148341178894,0.5012012124061584,0.15857058763504028,-0.29800811409950256,0.9981670379638672,0.5057476758956909,0.15899142622947693,-0.29798761010169983,0.9984500408172607,0.49389520287513733,0.15726464986801147,-0.2678098678588867,0.9977890253067017,0.4940086305141449,0.15605686604976654,-0.2682647109031677,0.9983124136924744,0.49410948157310486,0.15479117631912231,-0.2685855031013489,0.9985421299934387,0.5276179909706116,0.16766950488090515,-0.2671961188316345,0.9995155930519104,0.5095157623291016,0.161544531583786,-0.13007526099681854,0.9974085688591003,0.498994916677475,0.20568951964378357,-0.27210116386413574,0.9994537234306335,0.4926488995552063,0.20321761071681976,-0.2347608059644699,0.9989137649536133,0.5859009623527527,0.31715089082717896,-0.25527191162109375,0.9999628067016602,0.4933907091617584,0.31231361627578735,0.025828402489423752,0.9995066523551941,0.6145973801612854,0.5173712968826294,-0.2795490622520447,0.9978564381599426,0.4758058488368988,0.49064749479293823,0.09125031530857086,0.3145257830619812,0.552158534526825,0.6098510026931763,-0.3977072238922119,0.9901271462440491,0.40707921981811523,0.5400169491767883,-0.06541204452514648,0.6556487679481506,0.5341246128082275,0.6426947116851807,-0.4500271677970886,0.9787033796310425,0.38266992568969727,0.5542401075363159,-0.10425876080989838,0.6617863178253174,0.5262883901596069,0.6163044571876526,-0.4642212390899658,0.9799659252166748,0.3775724768638611,0.5424840450286865,-0.14756789803504944,0.6789047122001648,0.5311962962150574,0.6040066480636597,-0.4038918912410736,0.9691927433013916,0.3878708481788635,0.5400065779685974,-0.09013615548610687,0.6672062277793884,0.5524889230728149,0.6574226021766663,-0.09168769419193268,0.9993986487388611,0.49631842970848083,0.6486848592758179,0.09164118766784668,0.999016523361206,0.5483332872390747,0.9188823103904724,-0.06530669331550598,0.8054854273796082,0.5031175017356873,0.8958728313446045,0.18600741028785706,0.29405832290649414,0.5622855424880981,1.1424838304519653,0.17357246577739716,0.35085076093673706,0.5144304633140564,1.1204439401626587,0.3860735297203064,0.15542951226234436,0.5761955976486206,1.1713916063308716,0.19110070168972015,0.1869298666715622,0.5259286165237427,1.164258360862732,0.40230855345726013,0.20619098842144012,0.5187748670578003,1.2045341730117798,0.08946411311626434,0.2730129361152649,0.47148436307907104,1.166258454322815,0.3284851014614105,0.17281043529510498
0.49118146300315857,0.18245145678520203,-0.29526209831237793,0.9987043142318726,0.4985203146934509,0.15855571627616882,-0.3023717701435089,0.9979739785194397,0.5025037527084351,0.15859657526016235,-0.3027694821357727,0.9983018636703491,0.5069328546524048,0.15900850296020508,-0.3027450442314148,0.9985629916191101,0.4951666295528412,0.15728981792926788,-0.2721627354621887,0.9979543685913086,0.4952514171600342,0.15607193112373352,-0.2726145386695862,0.9984402060508728,0.49531063437461853,0.15485002100467682,-0.2729239761829376,0.9986521601676941,0.5285818576812744,0.16792640089988708,-0.27125829458236694,0.9995501041412354,0.5105136632919312,0.16182096302509308,-0.13109686970710754,0.9975953102111816,0.5001301765441895,0.2056088149547577,-0.2764571011066437,0.9994956254959106,0.49373048543930054,0.2032415121793747,-0.23854990303516388,0.9989979267120361,0.5886449813842773,0.3171781599521637,-0.25949734449386597,0.9999633431434631,0.49406224489212036,0.31483712792396545,0.03003981150686741,0.9995303750038147,0.6147598028182983,0.516989529132843,-0.2920311689376831,0.9979255795478821,0.47537487745285034,0.4879017174243927,0.09967516362667084,0.34539875388145447,0.5432912111282349,0.5876509547233582,-0.43941107392311096,0.9909214973449707,0.40495800971984863,0.5236985683441162,-0.06550890952348709,0.6866676807403564,0.5200408697128296,0.6049427390098572,-0.49501729011535645,0.9804693460464478,0.3803226053714752,0.5347272157669067,-0.10597418248653412,0.6925665140151978,0.5137993097305298,0.5756428837776184,-0.5078847408294678,0.9816359877586365,0.3761436343193054,0.522150993347168,-0.15020933747291565,0.7084508538246155,0.51987624168396,0.5684861540794373,-0.44527655839920044,0.9716458916664124,0.3870789706707001,0.5200404524803162,-0.09107670187950134,0.6971204280853271,0.5542663335800171,0.656455934047699,-0.09131215512752533,0.9993471503257751,0.49833688139915466,0.6492341160774231,0.09125485271215439,0.9989604949951172,0.549352765083313,0.9188949465751648,-0.08284439146518707,0.8131858110427856,0.5047794580459595,0.8995288610458374,0.17489093542099,0.31280243396759033,0.5633695721626282,1.14268159866333,0.13817766308784485,0.3554118275642395,0.5155926942825317,1.1229979991912842,0.36567336320877075,0.1592276394367218,0.5772554874420166,1.172290325164795,0.1537802368402481,0.19468191266059875,0.5269041657447815,1.166477918624878,0.3807496726512909,0.20989210903644562,0.5191472768783569,1.2047404050827026,0.046111591160297394,0.28204429149627686,0.47339528799057007,1.1702970266342163,0.3033377528190613,0.17752394080162048
0.49277323484420776,0.1823468953371048,-0.2999752461910248,0.9987937808036804,0.49994903802871704,0.15852174162864685,-0.30768269300460815,0.998110294342041,0.5040510892868042,0.1585627943277359,-0.30807188153266907,0.9984159469604492,0.5085217952728271,0.1589694619178772,-0.3080463707447052,0.9986575245857239,0.49653729796409607,0.1573067605495453,-0.2776051163673401,0.9981017708778381,0.49658623337745667,0.15610362589359283,-0.2780611515045166,0.9985549449920654,0.4966011047363281,0.1548634171485901,-0.2783750891685486,0.9987532496452332,0.5301046371459961,0.1680005043745041,-0.2723529636859894,0.9995782375335693,0.5116936564445496,0.1619686782360077,-0.1360192745923996,0.997768223285675,0.5016006231307983,0.2053128182888031,-0.2811052203178406,0.9995338320732117,0.49522528052330017,0.20313724875450134,-0.2435699999332428,0.999076783657074,0.5901539921760559,0.31718721985816956,-0.25248438119888306,0.9999635815620422,0.4940885901451111,0.31515762209892273,0.027694765478372574,0.9995613694190979,0.6161198616027832,0.516805112361908,-0.2907242476940155,0.9979844689369202,0.47395819425582886,0.48197975754737854,0.10901886224746704,0.38353732228279114,0.5383929014205933,0.5609033703804016,-0.4354509711265564,0.9916210770606995,0.402078241109848,0.5067377090454102,-0.05781584978103638,0.7161321640014648,0.5150967240333557,0.5829983353614807,-0.4888940453529358,0.9820179343223572,0.3794381022453308,0.5161840915679932,-0.09632637351751328,0.7215133309364319,0.5086478590965271,0.5523123145103455,-0.5007570385932922,0.9830925464630127,0.3766348958015442,0.5022528767585754,-0.13995833694934845,0.736068069934845,0.5143836140632629,0.5442617535591125,-0.44048571586608887,0.9737676978111267,0.38702577352523804,0.5000975131988525,-0.08236671984195709,0.7253518104553223,0.5559470057487488,0.6522160172462463,-0.08817492425441742,0.9993169903755188,0.49922505021095276,0.6480133533477783,0.0881141945719719,0.9989607334136963,0.5498405694961548,0.9182413816452026,-0.08192263543605804,0.8199352025985718,0.5057322382926941,0.9014567732810974,0.1442175805568695,0.34108006954193115,0.565166711807251,1.1415594816207886,0.14826600253582,0.35570552945137024,0.5163078308105469,1.1242016553878784,0.32473891973495483,0.1670207679271698,0.5792593955993652,1.170944094657898,0.16521424055099487,0.1987784206867218,0.5273374915122986,1.1668310165405273,0.33898770809173584,0.21515442430973053,0.5209859609603882,1.2052879333496094,0.061462271958589554,0.2864992022514343,0.4766322076320648,1.175249457359314,0.25737977027893066,0.18523545563220978
0.49360737204551697,0.18229416012763977,-0.30062299966812134,0.9988721609115601,0.5009303092956543,0.1585235595703125,-0.31091421842575073,0.9982367157936096,0.5050495266914368,0.15857049822807312,-0.3113088011741638,0.9985234141349792,0.5096508264541626,0.1589801162481308,-0.3112838864326477,0.9987465739250183,0.497408390045166,0.15732818841934204,-0.2804856598377228,0.9982305765151978,0.4974256455898285,0.156128391623497,-0.28094273805618286,0.9986540675163269,0.49739962816238403,0.15487591922283173,-0.28126052021980286,0.9988372325897217,0.530900776386261,0.16817553341388702,-0.270178884267807,0.9996057748794556,0.512140691280365,0.16200047731399536,-0.13766971230506897,0.9979074597358704,0.502690315246582,0.20520374178886414,-0.2839009165763855,0.9995661973953247,0.4960612654685974,0.20311948657035828,-0.24641279876232147,0.9991407990455627,0.5916532278060913,0.31715720891952515,-0.25015988945961,0.9999635219573975,0.49401021003723145,0.31516778469085693,0.024851512163877487,0.9995739459991455,0.6169907450675964,0.5167121291160583,-0.29424598813056946,0.9979924559593201,0.4722886085510254,0.48024237155914307,0.09759987890720367,0.39846324920654297,0.539935827255249,0.555992066860199,-0.4727765619754791,0.9922000169754028,0.400271475315094,0.4907704293727875,-0.11071649938821793,0.7391813397407532,0.5164190530776978,0.5732158422470093,-0.5302944183349609,0.9833554625511169,0.3763098418712616,0.4897582530975342,-0.15305450558662415,0.744958221912384,0.5130636692047119,0.5422828197479248,-0.5411931276321411,0.9843528270721436,0.3739928603172302,0.4730314016342163,-0.1933513730764389,0.758680522441864,0.5193769335746765,0.5350486040115356,-0.4782271385192871,0.9755567908287048,0.3855019211769104,0.47751545906066895,-0.13467012345790863,0.7478201985359192,0.5574637651443481,0.650711715221405,-0.08519052714109421,0.9992940425872803,0.4997987151145935,0.6475449800491333,0.08513005077838898,0.998940110206604,0.5500351786613464,0.9171528220176697,-0.0743933767080307,0.8288812637329102,0.5065969824790955,0.9043191075325012,0.15113547444343567,0.3688289225101471,0.5659626722335815,1.137628197669983,0.16215303540229797,0.36611369252204895,0.5170994997024536,1.1223454475402832,0.3489607870578766,0.17792628705501556,0.5798419713973999,1.1674243211746216,0.17958636581897736,0.20923833549022675,0.5282613039016724,1.1636515855789185,0.3649651110172272,0.22445864975452423,0.5223255753517151,1.2021386623382568,0.07344372570514679,0.2992416322231293,0.47773295640945435,1.1748236417770386,0.28437167406082153,0.19547943770885468
0.49446719884872437,0.18249058723449707,-0.3014744818210602,0.9989446997642517,0.501590371131897,0.1586398184299469,-0.3082845211029053,0.998350977897644,0.5058053731918335,0.15869170427322388,-0.30867236852645874,0.9986181855201721,0.5104393362998962,0.159144788980484,-0.30864453315734863,0.998824954032898,0.4982658922672272,0.15744520723819733,-0.2789672911167145,0.9983513951301575,0.49831444025039673,0.15621916949748993,-0.2794111371040344,0.9987478852272034,0.4983155131340027,0.15495529770851135,-0.2797200679779053,0.9989184141159058,0.5314077734947205,0.16832534968852997,-0.2656397223472595,0.9996303915977478,0.5131449103355408,0.16204072535037994,-0.1328132003545761,0.9980456233024597,0.5033864974975586,0.2052423059940338,-0.28071966767311096,0.9995975494384766,0.4968160092830658,0.2032945454120636,-0.24448387324810028,0.9992043972015381,0.5947879552841187,0.31775742769241333,-0.24276824295520782,0.9999629259109497,0.49362167716026306,0.3149309456348419,0.023982258513569832,0.9995945692062378,0.6179252862930298,0.5165835618972778,-0.29657843708992004,0.9979462027549744,0.4712054133415222,0.4789543151855469,0.05874444916844368,0.4227794110774994,0.5362657308578491,0.5433102250099182,-0.46074217557907104,0.9926120638847351,0.39892303943634033,0.47911474108695984,-0.17708756029605865,0.7621699571609497,0.512941837310791,0.5516991019248962,-0.516375720500946,0.9843735694885254,0.3735406994819641,0.4788297414779663,-0.22591182589530945,0.7678738236427307,0.5096340775489807,0.527305006980896,-0.5273066163063049,0.9853066802024841,0.3727988302707672,0.4590248465538025,-0.26342660188674927,0.7806137800216675,0.5150795578956604,0.5240660309791565,-0.4657413065433502,0.9768036007881165,0.3849688172340393,0.4616948366165161,-0.20083650946617126,0.7699322700500488,0.5591732859611511,0.6490358114242554,-0.08047376573085785,0.9992287158966064,0.4999305307865143,0.6461725234985352,0.08041246235370636,0.9988806247711182,0.5504781603813171,0.9158204793930054,-0.07730516046285629,0.8359125852584839,0.5071479082107544,0.9064198732376099,0.1263476014137268,0.3939932584762573,0.566824197769165,1.1362982988357544,0.15679243206977844,0.37298381328582764,0.51732337474823,1.120736837387085,0.34312814474105835,0.18355470895767212,0.5798866748809814,1.1671006679534912,0.17382045090198517,0.21674299240112305,0.5282636880874634,1.1599866151809692,0.3610343039035797,0.22789588570594788,0.5258423089981079,1.1986331939697266,0.0626777932047844,0.3093218505382538,0.4805851876735687,1.1745511293411255,0.2780979573726654,0.20076435804367065
0.4948399066925049,0.18258455395698547,-0.30281099677085876,0.9990132451057434,0.5020949244499207,0.15875481069087982,-0.30918020009994507,0.9984617829322815,0.5063602328300476,0.15891814231872559,-0.309567391872406,0.9987117648124695,0.5110646486282349,0.15955998003482819,-0.30954498052597046,0.9989029765129089,0.49854421615600586,0.15746404230594635,-0.28033381700515747,0.9984636306762695,0.49851757287979126,0.15623828768730164,-0.28077688813209534,0.9988336563110352,0.49844908714294434,0.15497775375843048,-0.28108423948287964,0.9989906549453735,0.5320039987564087,0.16865485906600952,-0.2630063593387604,0.9996559619903564,0.5134730935096741,0.16205649077892303,-0.13403254747390747,0.9981757998466492,0.503655195236206,0.205345019698143,-0.28000232577323914,0.9996285438537598,0.4968644082546234,0.20351681113243103,-0.24492962658405304,0.9992657899856567,0.5957373380661011,0.3177609145641327,-0.23288576304912567,0.9999632835388184,0.49380555748939514,0.3075764775276184,0.02185605838894844,0.9996141195297241,0.6175594329833984,0.5166653394699097,-0.3068509101867676,0.9979993104934692,0.4712650775909424,0.47751399874687195,0.03134092688560486,0.4454617500305176,0.540191113948822,0.521821916103363,-0.511191725730896,0.9932156205177307,0.3973417580127716,0.46861064434051514,-0.2196696698665619,0.782599925994873,0.5193085670471191,0.5219013094902039,-0.5726677775382996,0.9856833219528198,0.37047678232192993,0.4728955924510956,-0.27171263098716736,0.7883601784706116,0.5157716870307922,0.491882860660553,-0.5837596654891968,0.9865384697914124,0.3704982101917267,0.4501522183418274,-0.30768051743507385,0.800231397151947,0.5199841260910034,0.48753517866134644,-0.517423689365387,0.9786177277565002,0.3822826147079468,0.4492287039756775,-0.2432159185409546,0.7896469235420227,0.5593356490135193,0.6455658674240112,-0.07616311311721802,0.9991400241851807,0.4999215602874756,0.6424492001533508,0.07609228044748306,0.9987783432006836,0.5508647561073303,0.9152263402938843,-0.08524510264396667,0.8455684781074524,0.5074419379234314,0.9061012268066406,0.11806563287973404,0.4248332381248474,0.5670004487037659,1.131661295890808,0.16024155914783478,0.38652339577674866,0.517119824886322,1.1182249784469604,0.3496845066547394,0.19551783800125122,0.5796997547149658,1.1629960536956787,0.17812663316726685,0.22722363471984863,0.5279783606529236,1.1576226949691772,0.36873406171798706,0.23531916737556458,0.526977002620697,1.1901681423187256,0.0655287653207779,0.3265836834907532,0.4799005091190338,1.1700551509857178,0.2843780517578125,0.21230608224868774
0.4947287142276764,0.18258211016654968,-0.31891947984695435,0.9990724325180054,0.5022988319396973,0.15878385305404663,-0.3221244812011719,0.9985608458518982,0.5064005851745605,0.15900921821594238,-0.32252073287963867,0.9987950921058655,0.5110592246055603,0.15975625813007355,-0.32251477241516113,0.9989718198776245,0.4985904097557068,0.15747004747390747,-0.29609811305999756,0.9985636472702026,0.4985337257385254,0.15621136128902435,-0.29651719331741333,0.9989097118377686,0.49842897057533264,0.1548946648836136,-0.29681530594825745,0.9990528225898743,0.5322279334068298,0.1687333881855011,-0.27031752467155457,0.999679446220398,0.5137037634849548,0.162069633603096,-0.14289745688438416,0.9982925653457642,0.5035833120346069,0.2053842693567276,-0.28953051567077637,0.9996578097343445,0.49673622846603394,0.2037121057510376,-0.25809386372566223,0.9993233680725098,0.5961427092552185,0.3174860179424286,-0.23682698607444763,0.9999637603759766,0.49369674921035767,0.303786963224411,0.003946040757000446,0.9996331930160522,0.6150420308113098,0.5167099237442017,-0.34070542454719543,0.9979987740516663,0.47146281599998474,0.4759681224822998,-0.038406070321798325,0.4662530720233917,0.5423977375030518,0.4928215444087982,-0.5767266154289246,0.993757426738739,0.3986750543117523,0.4572417736053467,-0.33769747614860535,0.8009359240531921,0.5226308703422546,0.4880499243736267,-0.643848717212677,0.9868757128715515,0.3717397451400757,0.45741233229637146,-0.4001958966255188,0.8069111108779907,0.5187281966209412,0.45697593688964844,-0.6551098227500916,0.9876566529273987,0.3724387288093567,0.4327423870563507,-0.43191051483154297,0.8179551362991333,0.520614504814148,0.45578446984291077,-0.5839899778366089,0.9802315831184387,0.38391315937042236,0.4331344664096832,-0.3609545826911926,0.8072634339332581,0.5600664615631104,0.6437035202980042,-0.06997020542621613,0.9990585446357727,0.500571608543396,0.6406243443489075,0.06988483667373657,0.9986844658851624,0.5509296655654907,0.9145589470863342,-0.09019402414560318,0.8533011078834534,0.5074628591537476,0.9064017534255981,0.10082510858774185,0.4524170160293579,0.5684221386909485,1.1253132820129395,0.16299135982990265,0.39509567618370056,0.5169709920883179,1.114742636680603,0.3527132272720337,0.2057889997959137,0.580276608467102,1.1562527418136597,0.18131260573863983,0.2315807193517685,0.5277785062789917,1.1533123254776,0.3733937442302704,0.23951146006584167,0.5315855741500854,1.183708667755127,0.06472279131412506,0.3395526707172394,0.48081666231155396,1.1677578687667847,0.2858395278453827,0.2220311164855957
0.4949285089969635,0.1823550909757614,-0.328496515750885,0.9991251230239868,0.5025559663772583,0.15867553651332855,-0.3317212164402008,0.9986480474472046,0.5065169930458069,0.15893088281154633,-0.3321283757686615,0.9988681077957153,0.511066198348999,0.15969692170619965,-0.33212512731552124,0.9990325570106506,0.4988388121128082,0.15731316804885864,-0.3065151572227478,0.9986515045166016,0.49881798028945923,0.15604832768440247,-0.3069298267364502,0.9989755749702454,0.4987533688545227,0.15472207963466644,-0.307226300239563,0.999106764793396,0.5325952768325806,0.16869184374809265,-0.27356046438217163,0.9996998310089111,0.5141742825508118,0.16208165884017944,-0.15664860606193542,0.9983930587768555,0.5035921931266785,0.20536011457443237,-0.2987367510795593,0.9996840357780457,0.4970858693122864,0.20373579859733582,-0.2683147192001343,0.9993749856948853,0.5979716181755066,0.31752443313598633,-0.24167509377002716,0.9999643564224243,0.4936014711856842,0.3023267090320587,-0.01325216144323349,0.9996518492698669,0.6138938665390015,0.5183797478675842,-0.3594825267791748,0.9980006217956543,0.470116525888443,0.47639626264572144,-0.05876944586634636,0.484617680311203,0.5436195135116577,0.4763399362564087,-0.6046251654624939,0.9942588210105896,0.3986510932445526,0.44204574823379517,-0.3549455404281616,0.8172022700309753,0.5245311856269836,0.4667244255542755,-0.6730313301086426,0.987972617149353,0.3726884424686432,0.4387950897216797,-0.41825875639915466,0.8234327435493469,0.520440936088562,0.43777787685394287,-0.6835571527481079,0.9886807203292847,0.3737930655479431,0.41370007395744324,-0.44774287939071655,0.8336915969848633,0.5230756402015686,0.4416731595993042,-0.611892580986023,0.9817121624946594,0.38479697704315186,0.4138689339160919,-0.37740617990493774,0.8228024244308472,0.5607982277870178,0.644408643245697,-0.0649445503950119,0.9990316033363342,0.5010193586349487,0.6413113474845886,0.06487114727497101,0.9986649751663208,0.5515800714492798,0.9146087765693665,-0.08350629359483719,0.8583964109420776,0.5074077248573303,0.9076111912727356,0.11091844737529755,0.4734398424625397,0.5698068737983704,1.1241308450698853,0.1994069218635559,0.396689236164093,0.5169142484664917,1.113497018814087,0.3631133735179901,0.21270614862442017,0.5807852149009705,1.1545559167861938,0.220460444688797,0.23369000852108002,0.5276275277137756,1.1522600650787354,0.38277098536491394,0.24152210354804993,0.5355679392814636,1.1830674409866333,0.10596895217895508,0.3451642692089081,0.48217153549194336,1.1670950651168823,0.2973750829696655,0.22782333195209503
0.4949263632297516,0.18228797614574432,-0.29637426137924194,0.9991747140884399,0.502663254737854,0.15863068401813507,-0.3044692575931549,0.9987372159957886,0.5065072774887085,0.1588851809501648,-0.30488020181655884,0.998944878578186,0.5110718011856079,0.15966369211673737,-0.3048786520957947,0.9990964531898499,0.49898871779441833,0.1572723537683487,-0.2766065299510956,0.9987381100654602,0.4990190863609314,0.15601375699043274,-0.27700403332710266,0.9990410208702087,0.49899473786354065,0.15469887852668762,-0.27727776765823364,0.9991590976715088,0.5328946113586426,0.1685149371623993,-0.2664284110069275,0.9997217655181885,0.5147111415863037,0.1621657758951187,-0.1391768753528595,0.9985007047653198,0.5035778880119324,0.20542022585868835,-0.27449750900268555,0.9997082948684692,0.4973696768283844,0.20381470024585724,-0.24033944308757782,0.9994222521781921,0.5986000299453735,0.3179507255554199,-0.24406416714191437,0.9999647736549377,0.49375277757644653,0.30074694752693176,-0.008365785703063011,0.999662458896637,0.6085522174835205,0.5215985774993896,-0.3836878836154938,0.9979667663574219,0.46915316581726074,0.4705943167209625,-0.052155882120132446,0.4837992489337921,0.5443952679634094,0.4560888409614563,-0.6303151845932007,0.9947130084037781,0.3984256386756897,0.42853114008903503,-0.3542678952217102,0.8254243731498718,0.5255063772201538,0.43894317746162415,-0.6995664834976196,0.988984227180481,0.3720802664756775,0.4224274456501007,-0.4162471890449524,0.8342414498329163,0.5216681361198425,0.4146694540977478,-0.708448588848114,0.9896265268325806,0.3749316930770874,0.3979628384113312,-0.44343987107276917,0.844257652759552,0.5250948071479797,0.42269182205200195,-0.6372960805892944,0.9830762147903442,0.3857935667037964,0.39839354157447815,-0.3763846755027771,0.8319553136825562,0.5606792569160461,0.6457270979881287,-0.06864159554243088,0.9989697933197021,0.5014185309410095,0.6424397230148315,0.06857974082231522,0.9985805153846741,0.5515466928482056,0.9146770238876343,-0.08223308622837067,0.8619351387023926,0.507262110710144,0.90770024061203,0.1258123219013214,0.4857580363750458,0.5695967078208923,1.1230766773223877,0.20588669180870056,0.4013867974281311,0.5171055197715759,1.110326886177063,0.37231194972991943,0.2181631326675415,0.580623209476471,1.154274344444275,0.22647365927696228,0.2397996485233307,0.5279579162597656,1.1504249572753906,0.39512497186660767,0.24783439934253693,0.5339285135269165,1.1770485639572144,0.11412350833415985,0.3553559184074402,0.48158225417137146,1.1608151197433472,0.3091512620449066,0.23644013702869415
0.49486789107322693,0.1818874180316925,-0.28561800718307495,0.9992042183876038,0.5029404759407043,0.1580480933189392,-0.29367005825042725,0.9987989664077759,0.5066341161727905,0.15836648643016815,-0.29406842589378357,0.9989957213401794,0.5111989974975586,0.15924786031246185,-0.2940605580806732,0.9991380572319031,0.49896150827407837,0.15660008788108826,-0.2638508379459381,0.9988007545471191,0.49892932176589966,0.15541872382164001,-0.26425424218177795,0.9990873336791992,0.4988473057746887,0.15418729186058044,-0.26452070474624634,0.9991980791091919,0.5330754518508911,0.1682628095149994,-0.2583134174346924,0.9997351765632629,0.5145785212516785,0.16213871538639069,-0.12184564024209976,0.9985800385475159,0.5036163330078125,0.20539028942584991,-0.26475808024406433,0.9997256994247437,0.4972860813140869,0.20374909043312073,-0.22799599170684814,0.9994585514068604,0.5978410243988037,0.31653913855552673,-0.23954272270202637,0.9999633431434631,0.4943108558654785,0.30037593841552734,0.018617209047079086,0.9996744990348816,0.6069940328598022,0.5215927958488464,-0.3901980519294739,0.9977738857269287,0.4667832851409912,0.46723559498786926,-0.0206791702657938,0.48785829544067383,0.5449751615524292,0.4419936239719391,-0.6444450616836548,0.9950398802757263,0.39808109402656555,0.4149456024169922,-0.30858659744262695,0.8383433222770691,0.5265182256698608,0.42377331852912903,-0.7141109704971313,0.9897699952125549,0.37192466855049133,0.40209633111953735,-0.3672904372215271,0.8475793600082397,0.526190996170044,0.39336785674095154,-0.7209250926971436,0.9903478026390076,0.37563183903694153,0.38203781843185425,-0.39643973112106323,0.8569633960723877,0.5314708948135376,0.40232717990875244,-0.6507542729377747,0.9839757084846497,0.38643261790275574,0.3862834870815277,-0.3311619460582733,0.8443743586540222,0.5603582262992859,0.6463606953620911,-0.07088217884302139,0.9988831281661987,0.5014238357543945,0.6426154375076294,0.07081993669271469,0.9985039830207825,0.5514705181121826,0.914722204208374,-0.08117309212684631,0.8604804277420044,0.5072126388549805,0.9076630473136902,0.10952825844287872,0.4904269576072693,0.5695085525512695,1.1216696500778198,0.2029525339603424,0.39973214268684387,0.5172319412231445,1.108077883720398,0.35531356930732727,0.21821071207523346,0.5805345177650452,1.1530574560165405,0.22116342186927795,0.2430652230978012,0.5281208753585815,1.1486618518829346,0.3761468529701233,0.24915169179439545,0.5355945825576782,1.17594313621521,0.10909371078014374,0.3585033714771271,0.4818228781223297,1.157751202583313,0.29091203212738037,0.23919744789600372
0.4950830340385437,0.18174566328525543,-0.28366950154304504,0.999245285987854,0.5032771229743958,0.1577111929655075,-0.29026952385902405,0.9988744854927063,0.5069257020950317,0.1580192595720291,-0.2906648516654968,0.9990580677986145,0.5116598606109619,0.1588926464319229,-0.2906576991081238,0.9991896152496338,0.4988815188407898,0.15628208220005035,-0.2599021792411804,0.998876690864563,0.49875015020370483,0.1551462560892105,-0.2602977752685547,0.9991428256034851,0.4986233115196228,0.15395808219909668,-0.260560542345047,0.9992450475692749,0.5335028171539307,0.16799718141555786,-0.2507554292678833,0.9997507929801941,0.5143500566482544,0.16209685802459717,-0.11161966621875763,0.9986681938171387,0.5040508508682251,0.20537647604942322,-0.26164543628692627,0.9997429847717285,0.49727296829223633,0.20375658571720123,-0.2241726815700531,0.9994943737983704,0.5960818529129028,0.3148708641529083,-0.23664483428001404,0.9999622702598572,0.4952273368835449,0.30023398995399475,0.03372769057750702,0.9996858239173889,0.6043542623519897,0.522781252861023,-0.39852529764175415,0.9974373579025269,0.4662500023841858,0.46748995780944824,-0.018238278105854988,0.48431113362312317,0.5477517247200012,0.4357409179210663,-0.6584362983703613,0.995258629322052,0.39878544211387634,0.4083980917930603,-0.32833319902420044,0.8489676117897034,0.5286598801612854,0.4137911796569824,-0.7290818691253662,0.9903835654258728,0.3726141154766083,0.392084538936615,-0.3905676603317261,0.8589798212051392,0.5305572152137756,0.38478884100914,-0.7358459234237671,0.9909010529518127,0.37645336985588074,0.37063226103782654,-0.41730156540870667,0.8678128719329834,0.5354610681533813,0.3945997953414917,-0.6649429798126221,0.984538733959198,0.38730743527412415,0.3751268684864044,-0.3508225083351135,0.8546290993690491,0.560198187828064,0.6468670964241028,-0.07241569459438324,0.998798131942749,0.5013126134872437,0.6424128413200378,0.07236819714307785,0.9984241724014282,0.5514096617698669,0.9149175882339478,-0.08577830344438553,0.8594992756843567,0.5071446895599365,0.9075396060943604,0.11412853002548218,0.4892803728580475,0.5693357586860657,1.1218057870864868,0.19592122733592987,0.3993757665157318,0.516972541809082,1.1048284769058228,0.3680528998374939,0.21484602987766266,0.5804616212844849,1.153935194015503,0.2166953831911087,0.24606217443943024,0.5280811190605164,1.1458683013916016,0.3926960825920105,0.24882416427135468,0.534475564956665,1.174899697303772,0.10437281429767609,0.36148756742477417,0.48090410232543945,1.1523677110671997,0.3117959797382355,0.23792149126529694
0.4949216842651367,0.18177063763141632,-0.263832688331604,0.9992632269859314,0.5031693577766418,0.15775957703590393,-0.2728961408138275,0.9989177584648132,0.5067919492721558,0.15808618068695068,-0.27327924966812134,0.9990967512130737,0.5115100145339966,0.1589575707912445,-0.2732761800289154,0.9992150664329529,0.49871936440467834,0.1562902331352234,-0.2415849268436432,0.9989246129989624,0.4985916018486023,0.1551501452922821,-0.241979718208313,0.9991803169250488,0.49846744537353516,0.15395760536193848,-0.24224457144737244,0.9992735385894775,0.5336107015609741,0.16792169213294983,-0.24388213455677032,0.9997608065605164,0.5142353773117065,0.16214846074581146,-0.10152077674865723,0.9987417459487915,0.5039590001106262,0.2057221233844757,-0.24561235308647156,0.9997543096542358,0.49713563919067383,0.20407487452030182,-0.20701956748962402,0.9995211958885193,0.5937379598617554,0.31422874331474304,-0.23733241856098175,0.999960720539093,0.49533239006996155,0.29790133237838745,0.039204634726047516,0.9996993541717529,0.5998204350471497,0.5263001918792725,-0.40831536054611206,0.9971266388893127,0.46458759903907776,0.4678822457790375,-0.028569728136062622,0.4762234091758728,0.5478537082672119,0.4149245321750641,-0.6560975313186646,0.9954469203948975,0.40112876892089844,0.39939165115356445,-0.34533724188804626,0.858028769493103,0.528770923614502,0.39295104146003723,-0.7228375673294067,0.9909635782241821,0.37301281094551086,0.38389113545417786,-0.4070236086845398,0.8691964149475098,0.5317271947860718,0.3702133297920227,-0.728628396987915,0.9914249777793884,0.38002246618270874,0.3613254427909851,-0.4294773042201996,0.8774549961090088,0.5356699824333191,0.37875768542289734,-0.6617180109024048,0.9851144552230835,0.39166244864463806,0.3652247190475464,-0.366283118724823,0.8639117479324341,0.5599023103713989,0.6472021341323853,-0.07680658251047134,0.9987111687660217,0.5012670755386353,0.6421427726745605,0.0767471045255661,0.9983528256416321,0.551302433013916,0.9150069952011108,-0.08756567537784576,0.8618302941322327,0.5071272850036621,0.9074413776397705,0.11577774584293365,0.4952937066555023,0.5692346692085266,1.1226383447647095,0.17365539073944092,0.40709954500198364,0.5164417028427124,1.1041489839553833,0.36880648136138916,0.22016453742980957,0.5804566144943237,1.15455162525177,0.19272419810295105,0.25388139486312866,0.5280560255050659,1.1458576917648315,0.3919995427131653,0.2591971158981323,0.5308724641799927,1.1740269660949707,0.08277356624603271,0.37307289242744446,0.47717219591140747,1.1503243446350098,0.31182846426963806,0.24669411778450012
0.49478983879089355,0.18166707456111908,-0.2693837583065033,0.9992668032646179,0.5030428171157837,0.15765416622161865,-0.2799016833305359,0.9989388585090637,0.506671130657196,0.15803933143615723,-0.2802853584289551,0.9991177916526794,0.5113794803619385,0.15893273055553436,-0.28028225898742676,0.9992178678512573,0.49853482842445374,0.15579593181610107,-0.24759452044963837,0.9989587068557739,0.4983600080013275,0.1544337421655655,-0.24799248576164246,0.9992100596427917,0.49819666147232056,0.15297624468803406,-0.24825982749462128,0.9992944598197937,0.5336315631866455,0.16795510053634644,-0.2502826452255249,0.9997650980949402,0.5141205787658691,0.16202759742736816,-0.1089591532945633,0.9988097548484802,0.5038690567016602,0.20578345656394958,-0.2527598440647125,0.9997575283050537,0.4968571662902832,0.20409227907657623,-0.2128961980342865,0.9995390772819519,0.5895275473594666,0.311874121427536,-0.2543094754219055,0.999957263469696,0.49663788080215454,0.29704177379608154,0.03427838906645775,0.9997121095657349,0.595329999923706,0.5278984308242798,-0.44163838028907776,0.9963923692703247,0.46476611495018005,0.4684038758277893,-0.042293258011341095,0.4542992413043976,0.5496159791946411,0.3921877443790436,-0.6801620721817017,0.9953745007514954,0.40381646156311035,0.39446476101875305,-0.35511523485183716,0.8652188181877136,0.5314800143241882,0.3711341321468353,-0.7450815439224243,0.991274356842041,0.37593191862106323,0.3762572705745697,-0.4152376055717468,0.8781998753547668,0.5336356163024902,0.354333758354187,-0.7496498823165894,0.9916817545890808,0.38493770360946655,0.35340437293052673,-0.43527621030807495,0.8858804106712341,0.537120521068573,0.3613722622394562,-0.6851930022239685,0.9851288199424744,0.39668625593185425,0.3583499491214752,-0.37523844838142395,0.8720241785049438,0.558876633644104,0.6482104659080505,-0.08460728824138641,0.998657763004303,0.5011996030807495,0.6420333981513977,0.08453692495822906,0.9983345866203308,0.5510703325271606,0.9185791015625,-0.08477341383695602,0.8631284832954407,0.5068954229354858,0.9066252708435059,0.14832741022109985,0.4905642569065094,0.5691491961479187,1.1232045888900757,0.1872418224811554,0.41543522477149963,0.5148282647132874,1.1020946502685547,0.40379658341407776,0.22524167597293854,0.5805492401123047,1.158299207687378,0.20795229077339172,0.2636379301548004,0.5274791121482849,1.1455414295196533,0.4255360960960388,0.27203255891799927,0.5259042978286743,1.1737868785858154,0.10424967855215073,0.38495078682899475,0.4700920581817627,1.1434738636016846,0.3529103696346283,0.25537997484207153
0.49450111389160156,0.18193861842155457,-0.2760738730430603,0.9992972016334534,0.5029443502426147,0.157981738448143,-0.2806294858455658,0.9989898204803467,0.5065978169441223,0.15837951004505157,-0.2809883952140808,0.9991612434387207,0.5113242268562317,0.1592349410057068,-0.2809836268424988,0.9992462396621704,0.498002290725708,0.156173437833786,-0.24816036224365234,0.999017059803009,0.4976519048213959,0.15482552349567413,-0.2485029399394989,0.999255895614624,0.4972901940345764,0.15331758558750153,-0.24874535202980042,0.999330997467041,0.533586859703064,0.1681772917509079,-0.25250503420829773,0.9997735619544983,0.5134373903274536,0.16213172674179077,-0.113167904317379,0.9988855719566345,0.503787636756897,0.20666934549808502,-0.25474244356155396,0.999765157699585,0.49641427397727966,0.204546719789505,-0.21484366059303284,0.9995619058609009,0.5882166028022766,0.3118725121021271,-0.2471189945936203,0.9999540448188782,0.4961281418800354,0.2974182665348053,0.031379129737615585,0.999722421169281,0.5946623682975769,0.5280285477638245,-0.43032270669937134,0.9955733418464661,0.4649582505226135,0.47088441252708435,-0.05667908117175102,0.43506479263305664,0.5542563199996948,0.38712701201438904,-0.6913618445396423,0.995316743850708,0.4058453142642975,0.39217740297317505,-0.38026663661003113,0.8720213174819946,0.5347070097923279,0.36130115389823914,-0.759292483329773,0.9915966987609863,0.3785593509674072,0.3737141788005829,-0.444409042596817,0.8866304159164429,0.5376428365707397,0.34531089663505554,-0.764778733253479,0.9919615983963013,0.3895646631717682,0.34829941391944885,-0.46181684732437134,0.8937382698059082,0.5421421527862549,0.35414883494377136,-0.6974060535430908,0.9852672219276428,0.40180522203445435,0.3532579243183136,-0.39958691596984863,0.8796881437301636,0.557960569858551,0.6498584151268005,-0.0843719094991684,0.9986162781715393,0.5011619329452515,0.6433001756668091,0.08429833501577377,0.9983270764350891,0.5504602193832397,0.9200978875160217,-0.08918452262878418,0.8607525825500488,0.5068641304969788,0.907494843006134,0.14269967377185822,0.48279088735580444,0.569128155708313,1.125097393989563,0.18205726146697998,0.4160017669200897,0.5141921639442444,1.1034204959869385,0.40118345618247986,0.2280121147632599,0.5808788537979126,1.161399006843567,0.20289602875709534,0.26732566952705383,0.5272444486618042,1.148488998413086,0.4229767918586731,0.27984619140625,0.5229350924491882,1.1740281581878662,0.09420730173587799,0.3899497389793396,0.4697982668876648,1.1445316076278687,0.3404483497142792,0.25969335436820984
0.4936896860599518,0.18186961114406586,-0.27950066328048706,0.999321460723877,0.5025908946990967,0.15798364579677582,-0.2859528660774231,0.9990283250808716,0.5063875913619995,0.15838280320167542,-0.28632664680480957,0.9991970062255859,0.5110131502151489,0.15923558175563812,-0.28631991147994995,0.9992652535438538,0.4968927502632141,0.1561504304409027,-0.254355788230896,0.9990649223327637,0.4965333342552185,0.15476275980472565,-0.25473082065582275,0.9992965459823608,0.49618178606033325,0.15319150686264038,-0.25499212741851807,0.9993623495101929,0.5334235429763794,0.16817840933799744,-0.2536402642726898,0.9997808337211609,0.5131734609603882,0.16211383044719696,-0.11511512845754623,0.998957633972168,0.503507673740387,0.2067175805568695,-0.2589648365974426,0.9997718930244446,0.49563470482826233,0.20455430448055267,-0.21993616223335266,0.999582827091217,0.5879973769187927,0.31201961636543274,-0.2508842647075653,0.9999516010284424,0.4960381090641022,0.2976764142513275,0.030560240149497986,0.9997350573539734,0.5947677493095398,0.5293067693710327,-0.44060057401657104,0.9948551058769226,0.4649120271205902,0.47463008761405945,-0.0656249150633812,0.4170878231525421,0.5557308793067932,0.38707461953163147,-0.693917989730835,0.9952980875968933,0.4093533456325531,0.3887004554271698,-0.38831397891044617,0.8793588876724243,0.5354514718055725,0.35962286591529846,-0.7602500915527344,0.9919613003730774,0.38301023840904236,0.3694547414779663,-0.4519588351249695,0.8951181769371033,0.5385597944259644,0.34335169196128845,-0.765087366104126,0.9922916889190674,0.39357781410217285,0.34501975774765015,-0.467655748128891,0.9016548991203308,0.5427675247192383,0.35192540287971497,-0.6993502378463745,0.9855659604072571,0.40637698769569397,0.348958283662796,-0.40693649649620056,0.8878483772277832,0.5573474764823914,0.6504207849502563,-0.08483481407165527,0.9985272288322449,0.5011035203933716,0.6437203884124756,0.08475552499294281,0.9982693195343018,0.5500292181968689,0.9207011461257935,-0.09416478872299194,0.8557000756263733,0.5064035654067993,0.9074381589889526,0.14227470755577087,0.47029948234558105,0.56879061460495,1.1278975009918213,0.16833482682704926,0.41322654485702515,0.5118263959884644,1.1035914421081543,0.3972432315349579,0.22754649817943573,0.5808994174003601,1.1657133102416992,0.18800297379493713,0.2687014043331146,0.5252029895782471,1.1500213146209717,0.41871729493141174,0.2855071723461151,0.5201080441474915,1.1742833852767944,0.07815529406070709,0.3927965760231018,0.467181533575058,1.1459332704544067,0.3356783390045166,0.2615974247455597
0.49150481820106506,0.18195880949497223,-0.26987171173095703,0.999303936958313,0.49923262000083923,0.1580418199300766,-0.2829590439796448,0.9990041255950928,0.5035772919654846,0.1583966612815857,-0.28333407640457153,0.9991894364356995,0.5078802704811096,0.15921537578105927,-0.28332892060279846,0.9992331266403198,0.49445024132728577,0.1562194973230362,-0.2492518424987793,0.9990620017051697,0.49445971846580505,0.1547892838716507,-0.24963721632957458,0.9993067383766174,0.4945603013038635,0.15319444239139557,-0.24990054965019226,0.9993622303009033,0.5309642553329468,0.1677488535642624,-0.2655884623527527,0.9997777342796326,0.5131250619888306,0.16201429069042206,-0.11632837355136871,0.9989995956420898,0.5011160373687744,0.20685356855392456,-0.25679394602775574,0.9997683763504028,0.4937726557254791,0.20475733280181885,-0.2149476259946823,0.9995885491371155,0.587511420249939,0.31208664178848267,-0.26728811860084534,0.9999493360519409,0.49602121114730835,0.29787594079971313,0.027109261602163315,0.9997458457946777,0.5954800844192505,0.5295336246490479,-0.4579101502895355,0.9940149784088135,0.4650335907936096,0.4781578481197357,-0.06297310441732407,0.3938502073287964,0.5575988292694092,0.3850513994693756,-0.6997220516204834,0.9951613545417786,0.41165781021118164,0.38856247067451477,-0.3736640512943268,0.8847317099571228,0.5375122427940369,0.3559950888156891,-0.7640618085861206,0.9921989440917969,0.3852875232696533,0.3669666349887848,-0.4342725872993469,0.9022400975227356,0.5427983403205872,0.3387981355190277,-0.767485499382019,0.9924989342689514,0.3950229585170746,0.3444240391254425,-0.45063909888267517,0.9083014130592346,0.5473135113716125,0.348506361246109,-0.7042266130447388,0.9856060147285461,0.40891242027282715,0.3479805886745453,-0.39228883385658264,0.8945711851119995,0.5563815236091614,0.6514240503311157,-0.08624713122844696,0.9983819723129272,0.5009390115737915,0.6450161337852478,0.0861695408821106,0.9981496334075928,0.5497912168502808,0.9219611287117004,-0.09344866126775742,0.845396101474762,0.5061917901039124,0.9075450301170349,0.15321098268032074,0.4523525834083557,0.567687451839447,1.131833791732788,0.17109136283397675,0.40550050139427185,0.5110370516777039,1.1040692329406738,0.3996047377586365,0.22389888763427734,0.5805634260177612,1.1712185144424438,0.19050635397434235,0.26708918809890747,0.5241007804870605,1.1513829231262207,0.42008844017982483,0.28842398524284363,0.5182339549064636,1.1751948595046997,0.08108799159526825,0.39100953936576843,0.467418372631073,1.1466938257217407,0.34275469183921814,0.26081037521362305
0.4902268350124359,0.18204011023044586,-0.27364376187324524,0.9993051290512085,0.49693790078163147,0.1581493467092514,-0.2834937572479248,0.9990106821060181,0.5012848973274231,0.15842866897583008,-0.2838555872440338,0.99920254945755,0.505592942237854,0.15920084714889526,-0.28385666012763977,0.9992287158966064,0.492840439081192,0.15644127130508423,-0.25153177976608276,0.9990803003311157,0.4929744601249695,0.15501560270786285,-0.25193509459495544,0.9993271827697754,0.49322646856307983,0.15337589383125305,-0.2522127628326416,0.9993733763694763,0.5297496318817139,0.16724540293216705,-0.27287814021110535,0.9997807145118713,0.5128649473190308,0.16200757026672363,-0.11968079954385757,0.9990478754043579,0.49975672364234924,0.20685917139053345,-0.2578297555446625,0.9997705221176147,0.49290090799331665,0.20497657358646393,-0.21717914938926697,0.9996000528335571,0.5872567296028137,0.3124462366104126,-0.2709628939628601,0.9999482035636902,0.49572739005088806,0.297911673784256,0.02098296582698822,0.9997550249099731,0.5958716869354248,0.5299696326255798,-0.46607428789138794,0.9936211109161377,0.464854896068573,0.4795271158218384,-0.06336037069559097,0.37557876110076904,0.5638381838798523,0.38355594873428345,-0.7233522534370422,0.9952385425567627,0.41166678071022034,0.3933040201663971,-0.37344515323638916,0.8904584050178528,0.546330988407135,0.35673415660858154,-0.790503203868866,0.9925798773765564,0.3864343762397766,0.36975014209747314,-0.4346331059932709,0.9090004563331604,0.5499900579452515,0.33770960569381714,-0.7945581078529358,0.99285489320755,0.39484840631484985,0.3484642505645752,-0.45206546783447266,0.9146441221237183,0.553957462310791,0.34777358174324036,-0.7286866307258606,0.9860594868659973,0.4080970287322998,0.35369205474853516,-0.3925687372684479,0.9010368585586548,0.55567467212677,0.6519529819488525,-0.08708838373422623,0.9982844591140747,0.5006080865859985,0.6460636854171753,0.08701646327972412,0.9980701804161072,0.549615204334259,0.9229182600975037,-0.0929182916879654,0.8425620198249817,0.5059720277786255,0.9081884622573853,0.15810975432395935,0.4434487223625183,0.5676150918006897,1.1343878507614136,0.17826440930366516,0.40507203340530396,0.5110117793083191,1.1051123142242432,0.40413790941238403,0.22543080151081085,0.5807450413703918,1.173558235168457,0.1983400583267212,0.27105265855789185,0.5240365862846375,1.1525923013687134,0.42452946305274963,0.29628786444664,0.5174902677536011,1.1758368015289307,0.09022752940654755,0.39572662115097046,0.4678129553794861,1.1469193696975708,0.3472099304199219,0.2653844356536865
0.48900896310806274,0.1820593923330307,-0.28028035163879395,0.999315083026886,0.49549350142478943,0.15824756026268005,-0.29246920347213745,0.9990259408950806,0.4998316764831543,0.15846388041973114,-0.2928393483161926,0.9992231130599976,0.5043231248855591,0.15919874608516693,-0.2928411364555359,0.9992321133613586,0.49157777428627014,0.1566857397556305,-0.2600097954273224,0.9991050362586975,0.4916631281375885,0.1553175449371338,-0.2603999972343445,0.9993523955345154,0.4918563961982727,0.15369273722171783,-0.2606672942638397,0.9993885159492493,0.5287075042724609,0.16710050404071808,-0.2776310443878174,0.9997854828834534,0.5122446417808533,0.16201986372470856,-0.12788888812065125,0.9990971088409424,0.498403400182724,0.2068604975938797,-0.26548299193382263,0.9997739791870117,0.4917996823787689,0.20509056746959686,-0.22470548748970032,0.9996129274368286,0.586798369884491,0.31249478459358215,-0.2720942199230194,0.999947726726532,0.49396342039108276,0.2981707751750946,0.011965496465563774,0.9997649192810059,0.5961350202560425,0.5301475524902344,-0.46419042348861694,0.9933071136474609,0.46472102403640747,0.4818956255912781,-0.07535209506750107,0.3593916893005371,0.5661976933479309,0.38358771800994873,-0.72095787525177,0.9953248500823975,0.4147240221500397,0.39304691553115845,-0.38846129179000854,0.8959801197052002,0.5485258102416992,0.3601188361644745,-0.7874622941017151,0.9929520487785339,0.38839179277420044,0.36991819739341736,-0.45052528381347656,0.9153651595115662,0.551617443561554,0.3387727439403534,-0.7920316457748413,0.9932059645652771,0.39636531472206116,0.3489166796207428,-0.46655169129371643,0.9205985069274902,0.5553463101387024,0.34756869077682495,-0.7264190912246704,0.986548900604248,0.40949949622154236,0.3538779020309448,-0.40702781081199646,0.9072032570838928,0.5553982853889465,0.6520832180976868,-0.08700951188802719,0.9982091784477234,0.5004249811172485,0.6466566920280457,0.08693788945674896,0.9980080723762512,0.5495958924293518,0.9230942726135254,-0.09270824491977692,0.8423151969909668,0.5057426691055298,0.9081913232803345,0.15547208487987518,0.44066691398620605,0.5670278668403625,1.1344597339630127,0.1797385811805725,0.4079563319683075,0.510844349861145,1.105395793914795,0.4011416435241699,0.2323184311389923,0.5806964039802551,1.173500418663025,0.19972564280033112,0.27636489272117615,0.5239101052284241,1.1533955335617065,0.4214838445186615,0.3085055351257324,0.5162361860275269,1.1764392852783203,0.09200390428304672,0.4032938778400421,0.46728166937828064,1.1474204063415527,0.3442123234272003,0.2747518718242645
0.4882372319698334,0.18210427463054657,-0.2807818651199341,0.9993414282798767,0.4946363568305969,0.15833525359630585,-0.2928011119365692,0.9990643262863159,0.4988749921321869,0.158491849899292,-0.29317471385002136,0.9992586970329285,0.5034707188606262,0.15919038653373718,-0.2931753695011139,0.9992577433586121,0.49081850051879883,0.1569892317056656,-0.2603718042373657,0.9991459250450134,0.4908595085144043,0.15573319792747498,-0.26076680421829224,0.9993855953216553,0.49097388982772827,0.1541839987039566,-0.2610374391078949,0.9994136095046997,0.5275511741638184,0.16682830452919006,-0.2704663872718811,0.999794602394104,0.5108912587165833,0.16211652755737305,-0.12755994498729706,0.9991483688354492,0.4977969527244568,0.20687498152256012,-0.2655593454837799,0.9997826814651489,0.4912520945072174,0.20556144416332245,-0.22503700852394104,0.9996309876441956,0.5861533880233765,0.31254467368125916,-0.26346686482429504,0.9999487996101379,0.4916704297065735,0.29900917410850525,0.012814809568226337,0.9997748136520386,0.5960568785667419,0.5303322076797485,-0.44776052236557007,0.9933193922042847,0.46395158767700195,0.4831962287425995,-0.07266340404748917,0.34970995783805847,0.5663188695907593,0.38431239128112793,-0.7004795670509338,0.9955375790596008,0.4146299362182617,0.3944416344165802,-0.39267203211784363,0.901278555393219,0.5483598709106445,0.3616615831851959,-0.7668715119361877,0.993390679359436,0.3888532817363739,0.3724559247493744,-0.45628467202186584,0.9211148619651794,0.5505686402320862,0.34080415964126587,-0.7722412347793579,0.9936225414276123,0.39668649435043335,0.351470947265625,-0.4724765717983246,0.9259656071662903,0.5542019605636597,0.34910887479782104,-0.7062223553657532,0.9872466325759888,0.4096037745475769,0.35569342970848083,-0.4114380478858948,0.9127495288848877,0.5552963018417358,0.6521279215812683,-0.0869126245379448,0.9981966614723206,0.5003509521484375,0.6468878388404846,0.08684077113866806,0.9980003833770752,0.549578070640564,0.9230776429176331,-0.0919037014245987,0.8445764183998108,0.5052679777145386,0.907801628112793,0.15429964661598206,0.4423186480998993,0.5665590763092041,1.1341019868850708,0.17976686358451843,0.41062870621681213,0.5108699202537537,1.1056420803070068,0.4009969234466553,0.23975270986557007,0.5805428624153137,1.1734342575073242,0.1997474879026413,0.2811136841773987,0.5239177942276001,1.153329610824585,0.4214259088039398,0.3198220729827881,0.5158038139343262,1.1764369010925293,0.09205327183008194,0.40916070342063904,0.4675101637840271,1.14772367477417,0.3440852165222168,0.2829081118106842
0.4875006675720215,0.18209892511367798,-0.2978838086128235,0.9993616938591003,0.4939572811126709,0.15834257006645203,-0.31031203269958496,0.9990928769111633,0.498029887676239,0.15848645567893982,-0.310698539018631,0.999286949634552,0.502567708492279,0.1590990573167801,-0.31070488691329956,0.9992761611938477,0.49020957946777344,0.15707316994667053,-0.27800488471984863,0.9991777539253235,0.4902290403842926,0.15584634244441986,-0.27839285135269165,0.9994127750396729,0.4902927875518799,0.15429919958114624,-0.2786559760570526,0.999433159828186,0.5267297029495239,0.16657185554504395,-0.2885444462299347,0.999801516532898,0.5099860429763794,0.1621168702840805,-0.14253056049346924,0.9991911053657532,0.4971420168876648,0.20686155557632446,-0.28186479210853577,0.9997897744178772,0.4907473921775818,0.20562885701656342,-0.24164855480194092,0.9996464848518372,0.5849487781524658,0.3125862181186676,-0.2807069420814514,0.9999497532844543,0.4911591410636902,0.29903796315193176,0.003888653125613928,0.9997844099998474,0.5958738327026367,0.5305221080780029,-0.46845388412475586,0.9931204915046692,0.46367472410202026,0.48443251848220825,-0.0814489796757698,0.3359363079071045,0.5652695894241333,0.38873258233070374,-0.7244023680686951,0.9956130981445312,0.4142386317253113,0.39534997940063477,-0.40206655859947205,0.9049872159957886,0.5474015474319458,0.3644247353076935,-0.7918675541877747,0.9936873316764832,0.38868623971939087,0.3730389475822449,-0.46521154046058655,0.9258935451507568,0.5494730472564697,0.34507086873054504,-0.7968959212303162,0.9939019083976746,0.39642757177352905,0.3524002134799957,-0.4824228286743164,0.9304220676422119,0.5529764890670776,0.3534128665924072,-0.7299824953079224,0.9876168370246887,0.4089414179325104,0.35687941312789917,-0.42127829790115356,0.9172210693359375,0.5550957918167114,0.6521570086479187,-0.08764885365962982,0.9981634020805359,0.5002339482307434,0.6468876004219055,0.08757822215557098,0.997974693775177,0.5495060682296753,0.9229459762573242,-0.09171917289495468,0.8427141308784485,0.5046465992927551,0.9069743752479553,0.1532336175441742,0.4362335503101349,0.5664066672325134,1.1346509456634521,0.17037104070186615,0.4081932306289673,0.5108314752578735,1.1069031953811646,0.3995053768157959,0.24117636680603027,0.5805261135101318,1.1738075017929077,0.18945170938968658,0.2817668318748474,0.5238760113716125,1.1548519134521484,0.42005211114883423,0.32513338327407837,0.516156017780304,1.1766167879104614,0.08109116554260254,0.41035130620002747,0.4675815999507904,1.1485837697982788,0.34235459566116333,0.2854636013507843
0.48749279975891113,0.1821739375591278,-0.2986179292201996,0.9994008541107178,0.49412885308265686,0.15842482447624207,-0.30825525522232056,0.9991471171379089,0.49821576476097107,0.15854334831237793,-0.30864351987838745,0.9993323683738708,0.502754807472229,0.15910905599594116,-0.30864834785461426,0.99931800365448,0.49019655585289,0.15725114941596985,-0.27712005376815796,0.9992291331291199,0.49019384384155273,0.15605175495147705,-0.27750304341316223,0.9994512796401978,0.49022823572158813,0.15450794994831085,-0.27776437997817993,0.9994660019874573,0.526615560054779,0.16657547652721405,-0.27701321244239807,0.9998138546943665,0.5093790292739868,0.1621766984462738,-0.14059975743293762,0.9992433190345764,0.497133731842041,0.20690487325191498,-0.2796916365623474,0.999802827835083,0.4904974102973938,0.20570848882198334,-0.2408502995967865,0.9996691346168518,0.5848146677017212,0.31252816319465637,-0.2652129530906677,0.9999515414237976,0.4880649149417877,0.2991916835308075,0.008379533886909485,0.9997930526733398,0.5960463881492615,0.5304968953132629,-0.4591580331325531,0.9933620095252991,0.4622916579246521,0.48475417494773865,-0.07422268390655518,0.33655405044555664,0.565132200717926,0.3929542899131775,-0.7053635716438293,0.9958785772323608,0.4116104245185852,0.3966287076473236,-0.4060944616794586,0.9104070663452148,0.5466465950012207,0.37055423855781555,-0.7734366655349731,0.9941298365592957,0.3872337341308594,0.3754400908946991,-0.47237151861190796,0.9311620593070984,0.5482622981071472,0.35063162446022034,-0.7791272401809692,0.9943282604217529,0.3957297205924988,0.3551676869392395,-0.4906969666481018,0.9353858828544617,0.5513352155685425,0.35790878534317017,-0.7111992835998535,0.9883941411972046,0.40777522325515747,0.35943543910980225,-0.42598748207092285,0.9225804209709167,0.555192232131958,0.6519806981086731,-0.08753009140491486,0.998157799243927,0.5000681281089783,0.6466901302337646,0.08746041357517242,0.9979698061943054,0.5494971871376038,0.9222739338874817,-0.09809514880180359,0.8465018272399902,0.5043266415596008,0.906617283821106,0.14243462681770325,0.4453656077384949,0.5661517977714539,1.1338783502578735,0.1606626659631729,0.4125365614891052,0.5109103322029114,1.1101539134979248,0.3812128007411957,0.2539932131767273,0.5804325342178345,1.172181248664856,0.17958280444145203,0.28650525212287903,0.5239555239677429,1.157429814338684,0.4004058241844177,0.33856794238090515,0.5164325833320618,1.1769051551818848,0.0681687742471695,0.4178219139575958,0.468021959066391,1.1547902822494507,0.31571581959724426,0.297793447971344
0.48753857612609863,0.18215534090995789,-0.2907257080078125,0.9994358420372009,0.4942657947540283,0.15839320421218872,-0.29740962386131287,0.9991965889930725,0.4983249604701996,0.15847061574459076,-0.29779118299484253,0.9993728995323181,0.5028876662254333,0.15896667540073395,-0.2977980673313141,0.9993562698364258,0.4902101159095764,0.15720373392105103,-0.26847952604293823,0.9992756843566895,0.4902087152004242,0.15597161650657654,-0.2688596546649933,0.9994854927062988,0.4902436137199402,0.15439368784427643,-0.2691134810447693,0.9994961023330688,0.5266042947769165,0.16646167635917664,-0.25836995244026184,0.9998248815536499,0.5090766549110413,0.16216611862182617,-0.12804800271987915,0.9992890357971191,0.4971829354763031,0.20690791308879852,-0.26884403824806213,0.9998149275779724,0.4905214309692383,0.20571725070476532,-0.2329719364643097,0.9996896982192993,0.5848678946495056,0.31250885128974915,-0.24734577536582947,0.9999533295631409,0.4875338077545166,0.29926207661628723,0.019909951835870743,0.9998002052307129,0.5959955453872681,0.5300276279449463,-0.4211729168891907,0.9936738610267639,0.462319552898407,0.48751944303512573,-0.0663362368941307,0.3409474194049835,0.5602360367774963,0.40532171726226807,-0.6782993674278259,0.9961301684379578,0.4116978645324707,0.4062258005142212,-0.3908300995826721,0.9145954847335815,0.5456250309944153,0.3735412061214447,-0.7470040321350098,0.9945177435874939,0.3861563503742218,0.3826133608818054,-0.4550188183784485,0.9353013038635254,0.5434395670890808,0.3511309325695038,-0.7536691427230835,0.9946997761726379,0.3945002853870392,0.3616180419921875,-0.47445446252822876,0.9392800331115723,0.5439266562461853,0.35830777883529663,-0.6845751404762268,0.989073634147644,0.4062303900718689,0.36590996384620667,-0.41079574823379517,0.9265896081924438,0.5552859902381897,0.6515914797782898,-0.08671163767576218,0.9981589317321777,0.5000426769256592,0.6463322043418884,0.08665378391742706,0.9979674220085144,0.5501053929328918,0.9221999049186707,-0.0951046347618103,0.851556658744812,0.5043039917945862,0.9067330956459045,0.13115370273590088,0.45894384384155273,0.5661413669586182,1.1342097520828247,0.15506911277770996,0.41846132278442383,0.5109063386917114,1.113259196281433,0.361278235912323,0.2644816040992737,0.5804184675216675,1.1725808382034302,0.17247545719146729,0.29072484374046326,0.5238524675369263,1.159774661064148,0.3795594573020935,0.3476448357105255,0.5166209936141968,1.1777127981185913,0.058702848851680756,0.42435550689697266,0.46820002794265747,1.1597251892089844,0.2938612103462219,0.30705520510673523
0.48756155371665955,0.18212097883224487,-0.26664116978645325,0.9994614720344543,0.4943550229072571,0.15822921693325043,-0.27170372009277344,0.9992324113845825,0.49834680557250977,0.15821166336536407,-0.2720840573310852,0.9994016289710999,0.5029088258743286,0.15863344073295593,-0.2720944881439209,0.9993844628334045,0.49017396569252014,0.15719087421894073,-0.2443659007549286,0.9993100166320801,0.4901413023471832,0.15597635507583618,-0.2447497546672821,0.9995102286338806,0.49013248085975647,0.15443848073482513,-0.24501259624958038,0.999518632888794,0.5265363454818726,0.16638046503067017,-0.23178339004516602,0.9998326897621155,0.5084137916564941,0.16226333379745483,-0.10629560053348541,0.9993227124214172,0.4972245693206787,0.20691414177417755,-0.24466732144355774,0.9998246431350708,0.49047785997390747,0.20572276413440704,-0.21091648936271667,0.9997062683105469,0.5846961140632629,0.31250613927841187,-0.22011014819145203,0.9999540448188782,0.48612552881240845,0.30165594816207886,0.030972886830568314,0.9998044371604919,0.5960269570350647,0.5299798250198364,-0.37907931208610535,0.9938902854919434,0.4620742201805115,0.48825713992118835,-0.042639754712581635,0.3557882308959961,0.5573213696479797,0.4174327850341797,-0.6349784135818481,0.9963333010673523,0.41060787439346313,0.40880632400512695,-0.36023595929145813,0.9195382595062256,0.5415896773338318,0.3937511146068573,-0.7020359635353088,0.9948257207870483,0.38569900393486023,0.3890041708946228,-0.42411571741104126,0.9395099878311157,0.5396449565887451,0.36478325724601746,-0.7107164263725281,0.9949936866760254,0.39261090755462646,0.3683377504348755,-0.4457230567932129,0.9432623982429504,0.5413979887962341,0.3703592121601105,-0.6421045064926147,0.98960280418396,0.40335017442703247,0.37163853645324707,-0.38063064217567444,0.930866003036499,0.5557615160942078,0.6513782143592834,-0.08221752196550369,0.9981196522712708,0.5000103116035461,0.6462597250938416,0.08217111974954605,0.9979280233383179,0.5506271123886108,0.9221789240837097,-0.09332595020532608,0.8533334136009216,0.5043237805366516,0.9069873094558716,0.11976824700832367,0.4667321741580963,0.5662289261817932,1.134498953819275,0.1530946046113968,0.41649049520492554,0.5109229683876038,1.1160616874694824,0.34707045555114746,0.26570743322372437,0.5804063677787781,1.172573208808899,0.16984480619430542,0.2880227863788605,0.5237178206443787,1.1620352268218994,0.3652990460395813,0.34666895866394043,0.5176278948783875,1.1796460151672363,0.056112319231033325,0.4219015836715698,0.46847376227378845,1.162974238395691,0.2813994288444519,0.3070009648799896
0.4875689148902893,0.18212223052978516,-0.2631262540817261,0.9994789958000183,0.4944143295288086,0.15822544693946838,-0.2686804533004761,0.9992608428001404,0.4983746111392975,0.15818659961223602,-0.269060343503952,0.9994234442710876,0.5029741525650024,0.1585819572210312,-0.2690640687942505,0.9994074702262878,0.4901355803012848,0.15719839930534363,-0.24098137021064758,0.999335765838623,0.4901008605957031,0.15600383281707764,-0.24137409031391144,0.9995277523994446,0.490089476108551,0.15450534224510193,-0.2416369467973709,0.9995347261428833,0.5264713764190674,0.16634082794189453,-0.22917787730693817,0.999839186668396,0.5081702470779419,0.16247805953025818,-0.10200347751379013,0.9993472695350647,0.4972470700740814,0.2069779932498932,-0.2411668747663498,0.9998332858085632,0.4904487729072571,0.20571750402450562,-0.2070799320936203,0.9997203350067139,0.584945023059845,0.312516987323761,-0.21533310413360596,0.9999545812606812,0.48629552125930786,0.3020830750465393,0.0362677276134491,0.9998061060905457,0.5960890650749207,0.5303118228912354,-0.37539729475975037,0.9941073060035706,0.46215057373046875,0.4887246787548065,-0.030048197135329247,0.36428314447402954,0.5555208921432495,0.4303734302520752,-0.636635422706604,0.9965172410011292,0.4087177813053131,0.4148665964603424,-0.3435150980949402,0.9227327108383179,0.5388609766960144,0.40963631868362427,-0.7043639421463013,0.9950867891311646,0.3826487362384796,0.399830162525177,-0.4062013626098633,0.9425526261329651,0.5381956696510315,0.377850204706192,-0.71275395154953,0.9952413439750671,0.3875880539417267,0.37817004323005676,-0.4292986989021301,0.9461871981620789,0.5408856272697449,0.3829813301563263,-0.6436947584152222,0.9900286793708801,0.3978748917579651,0.3810935914516449,-0.3642730414867401,0.933679461479187,0.5559874773025513,0.650772750377655,-0.07990531623363495,0.9980714321136475,0.5000008344650269,0.6459523439407349,0.07985854893922806,0.9978676438331604,0.5510536432266235,0.9221885800361633,-0.08595483750104904,0.8558903932571411,0.5043662190437317,0.9069356918334961,0.1144341379404068,0.4747905135154724,0.5670413970947266,1.1350138187408447,0.15668107569217682,0.4186762273311615,0.5118905305862427,1.1191366910934448,0.33276236057281494,0.26806503534317017,0.5809819102287292,1.172683835029602,0.17379812896251678,0.2883245646953583,0.5242401957511902,1.1652635335922241,0.34991809725761414,0.3453317880630493,0.520096480846405,1.1812801361083984,0.05949481576681137,0.4243485927581787,0.46985894441604614,1.165143609046936,0.26258766651153564,0.30969923734664917
0.48758888244628906,0.18204829096794128,-0.25996753573417664,0.9994927048683167,0.4944499135017395,0.15820246934890747,-0.26572108268737793,0.9992872476577759,0.49843692779541016,0.15810441970825195,-0.26610106229782104,0.999442458152771,0.5030038952827454,0.15840506553649902,-0.2661040425300598,0.9994310140609741,0.49014776945114136,0.15721136331558228,-0.2383544147014618,0.9993563294410706,0.4901185631752014,0.1560591608285904,-0.23875097930431366,0.999539852142334,0.4901105761528015,0.1546291708946228,-0.23900827765464783,0.999547004699707,0.5264047980308533,0.16606666147708893,-0.2250502109527588,0.9998456239700317,0.508130669593811,0.1626194417476654,-0.09938817471265793,0.9993612766265869,0.4972703456878662,0.20694008469581604,-0.2372836321592331,0.9998417496681213,0.4904569685459137,0.20541566610336304,-0.2036714106798172,0.9997329115867615,0.586395800113678,0.31273385882377625,-0.2056327611207962,0.9999557137489319,0.48635411262512207,0.3021155595779419,0.038566961884498596,0.9998064637184143,0.5972539186477661,0.530436098575592,-0.35583072900772095,0.9943755269050598,0.46329912543296814,0.48862144351005554,-0.019692163914442062,0.37913820147514343,0.5547227263450623,0.44581085443496704,-0.6195753216743469,0.9967227578163147,0.408822238445282,0.4254692494869232,-0.32944202423095703,0.9252246618270874,0.5375934839248657,0.42705047130584717,-0.6885822415351868,0.9953572750091553,0.38169485330581665,0.4122355282306671,-0.3921322226524353,0.9448792934417725,0.5379542112350464,0.3935256898403168,-0.6976922750473022,0.9954997897148132,0.3868635892868042,0.38913285732269287,-0.41750621795654297,0.9485004544258118,0.5410733819007874,0.3995499014854431,-0.6270161867141724,0.9905019402503967,0.39717817306518555,0.39190673828125,-0.35088056325912476,0.9356508851051331,0.5560733079910278,0.6503467559814453,-0.07550425082445145,0.9980412125587463,0.4999476373195648,0.6458196640014648,0.07546978443861008,0.9978064298629761,0.5512446761131287,0.9221435785293579,-0.07636436820030212,0.856909990310669,0.5045111179351807,0.9069450497627258,0.11544010788202286,0.4802721440792084,0.5681290626525879,1.1350195407867432,0.17488916218280792,0.41589105129241943,0.5135908126831055,1.119193196296692,0.34462112188339233,0.2656742036342621,0.5811634659767151,1.1722930669784546,0.1928110122680664,0.2856634259223938,0.5252939462661743,1.1649152040481567,0.3629302978515625,0.3386878967285156,0.527107298374176,1.1823153495788574,0.07605516165494919,0.4207064211368561,0.47468724846839905,1.1653913259506226,0.27570563554763794,0.30668774247169495
0.4875866770744324,0.18228521943092346,-0.25136059522628784,0.9994984269142151,0.4945090711116791,0.15847882628440857,-0.2596086263656616,0.9993016719818115,0.4985160827636719,0.158299520611763,-0.25998741388320923,0.999451756477356,0.5031014680862427,0.1584915965795517,-0.25998643040657043,0.9994456171989441,0.4901643693447113,0.15757884085178375,-0.23121187090873718,0.9993667602539062,0.4901333451271057,0.15648125112056732,-0.23161152005195618,0.9995457530021667,0.4901610314846039,0.15508124232292175,-0.23187026381492615,0.9995543360710144,0.5261178612709045,0.1659792810678482,-0.22848200798034668,0.9998499155044556,0.5083326101303101,0.16271533071994781,-0.09818490594625473,0.9993694424629211,0.4972856044769287,0.20740851759910583,-0.23219117522239685,0.9998487830162048,0.49048542976379395,0.20548424124717712,-0.19714653491973877,0.9997430443763733,0.5886924862861633,0.3146727383136749,-0.21208620071411133,0.999956488609314,0.4864763617515564,0.3029725253582001,0.03698918595910072,0.9998061656951904,0.5981830954551697,0.5304237008094788,-0.357746422290802,0.9946157932281494,0.46395379304885864,0.48849526047706604,-0.02030743658542633,0.39373287558555603,0.5489665269851685,0.4537775218486786,-0.6101915836334229,0.9968817830085754,0.40821900963783264,0.43409788608551025,-0.32783645391464233,0.9273925423622131,0.5326474905014038,0.4392402172088623,-0.6783388257026672,0.9955611228942871,0.38052985072135925,0.42226269841194153,-0.39020323753356934,0.9469501376152039,0.5340459942817688,0.40807512402534485,-0.6873157620429993,0.9956934452056885,0.3863762319087982,0.39705559611320496,-0.4162806570529938,0.9505629539489746,0.5378943085670471,0.41447335481643677,-0.617247462272644,0.9908344745635986,0.3965199291706085,0.400682270526886,-0.349518746137619,0.9374412298202515,0.5566529631614685,0.6504940390586853,-0.07382749766111374,0.9979951977729797,0.49991878867149353,0.6462962031364441,0.07380148023366928,0.9977265000343323,0.5513001084327698,0.9220428466796875,-0.07457168400287628,0.854464590549469,0.5047218203544617,0.9074665307998657,0.11434254795312881,0.47874709963798523,0.5686891674995422,1.1359506845474243,0.17419177293777466,0.40797004103660583,0.513832688331604,1.120159387588501,0.34146779775619507,0.25790339708328247,0.5811607241630554,1.1725826263427734,0.19210773706436157,0.27931877970695496,0.5253089666366577,1.1656296253204346,0.35941189527511597,0.32753124833106995,0.5299660563468933,1.1833704710006714,0.0750633105635643,0.4123862385749817,0.4760678708553314,1.1653079986572266,0.2708093523979187,0.29881492257118225
0.48753243684768677,0.18269357085227966,-0.25771263241767883,0.9994869828224182,0.49457383155822754,0.15885542333126068,-0.265703022480011,0.9992882609367371,0.49861079454421997,0.1585860401391983,-0.2660834491252899,0.9994381666183472,0.5031585693359375,0.1586371809244156,-0.26608219742774963,0.9994381070137024,0.49015265703201294,0.15801097452640533,-0.23716911673545837,0.9993529915809631,0.4901425838470459,0.15693537890911102,-0.23756632208824158,0.9995347857475281,0.4901793599128723,0.15555405616760254,-0.23782753944396973,0.9995455741882324,0.5258222818374634,0.16595149040222168,-0.23266923427581787,0.9998490810394287,0.5084157586097717,0.1628119945526123,-0.10015106201171875,0.999356210231781,0.49729833006858826,0.20795105397701263,-0.23770351707935333,0.9998525977134705,0.4904915392398834,0.2056325525045395,-0.20270784199237823,0.9997472167015076,0.5890605449676514,0.31543970108032227,-0.2134709358215332,0.9999569058418274,0.48655828833580017,0.3027034401893616,0.03535355627536774,0.9998037219047546,0.5996262431144714,0.5307417511940002,-0.3493116497993469,0.9948596954345703,0.46516960859298706,0.48950254917144775,-0.024701766669750214,0.40569430589675903,0.5484994649887085,0.4702701270580292,-0.5948690176010132,0.9969894886016846,0.4081445336341858,0.4476906955242157,-0.32922589778900146,0.9287254214286804,0.5324389934539795,0.4606604278087616,-0.661417543888092,0.9956672191619873,0.3790704607963562,0.44109562039375305,-0.39093706011772156,0.948221743106842,0.5307840704917908,0.430221825838089,-0.6709824800491333,0.9957932829856873,0.3847295641899109,0.4127417206764221,-0.417449414730072,0.9518762826919556,0.5340568423271179,0.43575459718704224,-0.601869523525238,0.9909838438034058,0.39536866545677185,0.41559216380119324,-0.35080617666244507,0.9382612705230713,0.5568219423294067,0.6502102613449097,-0.0731511041522026,0.9980348348617554,0.5000134706497192,0.6461144685745239,0.07311424612998962,0.9977588057518005,0.5512675046920776,0.9219322204589844,-0.07501678168773651,0.860701322555542,0.5048125982284546,0.9080706238746643,0.11247028410434723,0.49514269828796387,0.5693644285202026,1.136258840560913,0.167080357670784,0.4182210862636566,0.5140244960784912,1.1222676038742065,0.328521192073822,0.26529330015182495,0.581717312335968,1.17256498336792,0.18403710424900055,0.2833397388458252,0.525495171546936,1.1672253608703613,0.34523895382881165,0.3274793028831482,0.5301759243011475,1.1858805418014526,0.06470348685979843,0.42081430554389954,0.47593504190444946,1.1683850288391113,0.2533113360404968,0.3051794469356537
0.48749059438705444,0.1828485131263733,-0.26065710186958313,0.9995166659355164,0.49462205171585083,0.15914742648601532,-0.2682463526725769,0.9993314146995544,0.49867287278175354,0.15885135531425476,-0.26861995458602905,0.9994715452194214,0.5032075643539429,0.15877816081047058,-0.26861533522605896,0.9994734525680542,0.4901398718357086,0.1583154946565628,-0.23963412642478943,0.9993910193443298,0.4901507496833801,0.15726423263549805,-0.24003323912620544,0.9995613098144531,0.4901915490627289,0.15589195489883423,-0.2402912676334381,0.9995713233947754,0.5256454944610596,0.16594447195529938,-0.23348943889141083,0.9998586773872375,0.5086628198623657,0.16307315230369568,-0.10124202817678452,0.9993909001350403,0.4973117709159851,0.2081267237663269,-0.24023151397705078,0.9998629093170166,0.4904981553554535,0.2056649774312973,-0.2049703150987625,0.9997636675834656,0.5893779993057251,0.3175939619541168,-0.21508488059043884,0.9999589920043945,0.48786473274230957,0.3055434823036194,0.03800949826836586,0.9998084306716919,0.6025974154472351,0.5303925275802612,-0.3499671220779419,0.9952343106269836,0.46651726961135864,0.49058735370635986,-0.008419248275458813,0.4294193387031555,0.5490972399711609,0.47891858220100403,-0.5996416807174683,0.9972378015518188,0.404034286737442,0.4537568688392639,-0.30923280119895935,0.9337395429611206,0.5328012108802795,0.47103410959243774,-0.6687031984329224,0.9960213899612427,0.3762825131416321,0.45012524724006653,-0.370514452457428,0.9521259069442749,0.5308841466903687,0.4429173767566681,-0.678796648979187,0.9961400032043457,0.3800939917564392,0.4244890511035919,-0.4003276824951172,0.9555773735046387,0.5344046354293823,0.44693130254745483,-0.6070317029953003,0.9917130470275879,0.38982921838760376,0.4265786111354828,-0.33201056718826294,0.9427433013916016,0.5568926334381104,0.6501985192298889,-0.07332741469144821,0.997949481010437,0.5001188516616821,0.6461331248283386,0.07330092042684555,0.9976109266281128,0.5509454607963562,0.921923041343689,-0.09843312203884125,0.8591026067733765,0.5049040913581848,0.908599853515625,0.11543560028076172,0.48791345953941345,0.5686300992965698,1.1425151824951172,0.12503677606582642,0.4122539758682251,0.5140882134437561,1.1286892890930176,0.32710134983062744,0.2582313120365143,0.5814226865768433,1.1783076524734497,0.13997557759284973,0.2800873816013336,0.5254989862442017,1.1752129793167114,0.34304261207580566,0.3196863532066345,0.5277608633041382,1.1921889781951904,0.020756468176841736,0.41617798805236816,0.47566741704940796,1.1718913316726685,0.2548031806945801,0.2987957000732422
0.4874795079231262,0.18345914781093597,-0.25336575508117676,0.9995457530021667,0.49477896094322205,0.15975499153137207,-0.2587820589542389,0.9993739724159241,0.4988243579864502,0.15943469107151031,-0.2591381371021271,0.999504566192627,0.50328129529953,0.15921927988529205,-0.25912731885910034,0.9995089173316956,0.4901559352874756,0.1589847207069397,-0.23094888031482697,0.9994275569915771,0.4901948571205139,0.15795952081680298,-0.2313547432422638,0.9995860457420349,0.4902949929237366,0.15659205615520477,-0.23160290718078613,0.9995954036712646,0.5256425142288208,0.1660260707139969,-0.21898221969604492,0.9998679757118225,0.5090974569320679,0.16347768902778625,-0.09013597667217255,0.9994211792945862,0.4973742961883545,0.20835962891578674,-0.23132812976837158,0.9998728632926941,0.49050021171569824,0.20596228539943695,-0.19681379199028015,0.9997793436050415,0.5903853178024292,0.32242345809936523,-0.19946622848510742,0.9999613761901855,0.4891292452812195,0.31121647357940674,0.047268979251384735,0.9998122453689575,0.6038616895675659,0.5312512516975403,-0.3250705599784851,0.9956061244010925,0.4666983485221863,0.4934121370315552,0.006986586842685938,0.45671340823173523,0.5499140024185181,0.4850119650363922,-0.5777138471603394,0.9974848628044128,0.3998872935771942,0.4599720537662506,-0.29228919744491577,0.9384287595748901,0.5353094935417175,0.4836669862270355,-0.648110032081604,0.9963743090629578,0.3726803660392761,0.46154922246932983,-0.35391882061958313,0.9557103514671326,0.5314490795135498,0.455963671207428,-0.6609295606613159,0.9964849352836609,0.37505388259887695,0.437423437833786,-0.3862977623939514,0.9589883685112,0.5348678231239319,0.45824572443962097,-0.5863951444625854,0.992447018623352,0.3854881823062897,0.43809640407562256,-0.31611448526382446,0.9469276666641235,0.5568928122520447,0.650231659412384,-0.07376298308372498,0.997890293598175,0.5000251531600952,0.6461602449417114,0.0737326592206955,0.9974756836891174,0.5504841804504395,0.9219474792480469,-0.10051964223384857,0.8530989289283752,0.5051556825637817,0.9112685918807983,0.10674352943897247,0.47946247458457947,0.5679859519004822,1.148325800895691,0.1136724129319191,0.40172141790390015,0.5140727758407593,1.1365712881088257,0.30397456884384155,0.24947389960289001,0.5807515978813171,1.1838592290878296,0.12727393209934235,0.27250516414642334,0.5253535509109497,1.1829891204833984,0.31861191987991333,0.30897101759910583,0.527106523513794,1.1991640329360962,0.005056990310549736,0.4068257212638855,0.4755651354789734,1.1797391176223755,0.22766244411468506,0.29022932052612305
0.4874623417854309,0.18388837575912476,-0.2374790608882904,0.9995707273483276,0.4948604702949524,0.1601882129907608,-0.24278275668621063,0.9994105696678162,0.4989018440246582,0.1598212718963623,-0.24313421547412872,0.9995325803756714,0.5032967329025269,0.15949144959449768,-0.24311713874340057,0.9995393753051758,0.4901960492134094,0.1596270054578781,-0.21480540931224823,0.9994591474533081,0.49029627442359924,0.15871094167232513,-0.21521048247814178,0.999608039855957,0.49051040410995483,0.15744706988334656,-0.21545645594596863,0.9996171593666077,0.5256484746932983,0.16608749330043793,-0.20644986629486084,0.9998760223388672,0.5096482634544373,0.16394463181495667,-0.07679912447929382,0.9994478821754456,0.49750620126724243,0.20855697989463806,-0.21682317554950714,0.9998813271522522,0.4905378222465515,0.20620347559452057,-0.1820445954799652,0.9997925162315369,0.5910705327987671,0.3256318271160126,-0.18897156417369843,0.9999629259109497,0.4895421862602234,0.31608250737190247,0.05446625500917435,0.9998127222061157,0.6055582761764526,0.5309790968894958,-0.3034297525882721,0.9959233403205872,0.4666880965232849,0.494035005569458,0.0125513207167387,0.48308733105659485,0.5499890446662903,0.5019086003303528,-0.5395094752311707,0.9976903200149536,0.39942386746406555,0.467805951833725,-0.2877439558506012,0.942440390586853,0.5342065095901489,0.5017975568771362,-0.6073302626609802,0.9966652989387512,0.37216416001319885,0.4699316620826721,-0.34940990805625916,0.9587509036064148,0.5290946364402771,0.47301068902015686,-0.6200523972511292,0.9967710971832275,0.3738075792789459,0.44685766100883484,-0.3820217251777649,0.9619141817092896,0.533135712146759,0.4728916883468628,-0.5477293133735657,0.9930567145347595,0.38524991273880005,0.44806569814682007,-0.3116862177848816,0.9505054354667664,0.5568400025367737,0.6502313017845154,-0.07269971817731857,0.9978153109550476,0.4994819760322571,0.6461626887321472,0.07266898453235626,0.997327983379364,0.5502880811691284,0.9215222597122192,-0.09804762899875641,0.8488900661468506,0.5051467418670654,0.9117740392684937,0.10067347437143326,0.4772260785102844,0.5676110982894897,1.147638201713562,0.11740612983703613,0.39337971806526184,0.5128262639045715,1.1351059675216675,0.2965756952762604,0.24329259991645813,0.5795751810073853,1.1829962730407715,0.13100850582122803,0.2657214403152466,0.5233262777328491,1.1809523105621338,0.31120145320892334,0.2998628318309784,0.5269311666488647,1.198487639427185,0.007244388107210398,0.3990868628025055,0.4755052626132965,1.178770899772644,0.21762076020240784,0.284030020236969
0.4874643385410309,0.1844286322593689,-0.2446180284023285,0.9995874166488647,0.49509701132774353,0.16056737303733826,-0.24959194660186768,0.9994305968284607,0.49912601709365845,0.16013464331626892,-0.249945729970932,0.9995439052581787,0.5034420490264893,0.1597174108028412,-0.2499224692583084,0.9995529651641846,0.49022698402404785,0.16020621359348297,-0.22106799483299255,0.9994829893112183,0.4903232157230377,0.15937934815883636,-0.22148022055625916,0.9996253848075867,0.4905398488044739,0.15821456909179688,-0.22174246609210968,0.9996370673179626,0.5257464051246643,0.16615404188632965,-0.20972557365894318,0.9998777508735657,0.5096650719642639,0.16425374150276184,-0.07698534429073334,0.9994701147079468,0.4977269172668457,0.20882560312747955,-0.22318331897258759,0.9998860955238342,0.490546852350235,0.20646139979362488,-0.18775495886802673,0.9998016953468323,0.5917631387710571,0.3286368250846863,-0.19175657629966736,0.9999615550041199,0.48960942029953003,0.3231315314769745,0.05942023545503616,0.99981689453125,0.6083142757415771,0.5304547548294067,-0.2938429117202759,0.9959391355514526,0.46510010957717896,0.4963372051715851,0.03688446804881096,0.5040953159332275,0.5447264909744263,0.5230091214179993,-0.5041018724441528,0.9975094199180603,0.398186057806015,0.4777393341064453,-0.250541090965271,0.9463475942611694,0.5236771702766418,0.5233331322669983,-0.5670574307441711,0.9963467121124268,0.37094646692276,0.4799667000770569,-0.309921532869339,0.9614328742027283,0.5213540196418762,0.4967394173145294,-0.5797379016876221,0.9964933395385742,0.3726773262023926,0.4580772817134857,-0.3446118235588074,0.9645043611526489,0.5249229073524475,0.49589937925338745,-0.511492133140564,0.9925312995910645,0.38450074195861816,0.4598109722137451,-0.27484747767448425,0.9535374045372009,0.5569359064102173,0.6504955291748047,-0.07313523441553116,0.9977574348449707,0.49937334656715393,0.6466095447540283,0.07309162616729736,0.9973222017288208,0.5501271486282349,0.9215964674949646,-0.09844724833965302,0.8482688665390015,0.5053796172142029,0.9150673747062683,0.10418251901865005,0.4789905846118927,0.5666102170944214,1.1528303623199463,0.11607792228460312,0.38682928681373596,0.5127430558204651,1.137787103652954,0.297966331243515,0.23692519962787628,0.578895628452301,1.188333511352539,0.1300705522298813,0.25998982787132263,0.5231589078903198,1.1823976039886475,0.3123578429222107,0.2891048192977905,0.5239176154136658,1.2042794227600098,0.004722428973764181,0.3942018449306488,0.47568169236183167,1.18247652053833,0.2147112786769867,0.27801844477653503
0.48735707998275757,0.18459847569465637,-0.27091309428215027,0.9995940923690796,0.4951305389404297,0.16067036986351013,-0.2762775123119354,0.9994341135025024,0.49917179346084595,0.16020384430885315,-0.27663570642471313,0.9995419979095459,0.5034777522087097,0.15974576771259308,-0.2765964865684509,0.9995530843734741,0.4902334213256836,0.1603371798992157,-0.24610166251659393,0.9994942545890808,0.49033457040786743,0.15952622890472412,-0.24653282761573792,0.9996345639228821,0.49054664373397827,0.15836702287197113,-0.2468254268169403,0.9996498823165894,0.5257450342178345,0.16616323590278625,-0.23917338252067566,0.9998756647109985,0.5096710324287415,0.16432185471057892,-0.09858091175556183,0.999480128288269,0.49770599603652954,0.20901232957839966,-0.24998244643211365,0.9998876452445984,0.49046778678894043,0.20658110082149506,-0.21229588985443115,0.999805748462677,0.5921398401260376,0.32963645458221436,-0.22475633025169373,0.99996018409729,0.48963651061058044,0.32464009523391724,0.05143754929304123,0.9998201727867126,0.6086969375610352,0.5301212072372437,-0.314168244600296,0.9960222840309143,0.46511110663414,0.49880608916282654,0.03743545711040497,0.5195807814598083,0.5357425212860107,0.5354627370834351,-0.5005155801773071,0.9973056316375732,0.3967514634132385,0.49198123812675476,-0.22892038524150848,0.9499139785766602,0.5137380361557007,0.5391378998756409,-0.5604181289672852,0.995968222618103,0.37129196524620056,0.4942987561225891,-0.2841562032699585,0.9638417959213257,0.5140381455421448,0.510798990726471,-0.5721791982650757,0.9961506724357605,0.371365487575531,0.47653448581695557,-0.32129332423210144,0.9668228030204773,0.5181978344917297,0.5077134370803833,-0.5067240595817566,0.9918891191482544,0.3825395107269287,0.47677963972091675,-0.25367969274520874,0.9562859535217285,0.5569509863853455,0.6529280543327332,-0.07767555862665176,0.9977765679359436,0.49909573793411255,0.6482654809951782,0.07763928920030594,0.997387707233429,0.5498420596122742,0.9215108156204224,-0.09372229874134064,0.8523166179656982,0.5050488114356995,0.9148978590965271,0.1252141147851944,0.4861917495727539,0.5653873682022095,1.152025818824768,0.1308884471654892,0.3877645432949066,0.5119510889053345,1.1368944644927979,0.3186594545841217,0.23465272784233093,0.5782071352005005,1.1873689889907837,0.1467614471912384,0.26023244857788086,0.5223479866981506,1.1818851232528687,0.3331061005592346,0.284609317779541,0.5192919373512268,1.203042984008789,0.02519172988831997,0.3943791091442108,0.47430092096328735,1.1822041273117065,0.23502281308174133,0.27566230297088623
0.48703533411026,0.1846485584974289,-0.2758253216743469,0.9995984435081482,0.49493855237960815,0.16067931056022644,-0.2807937562465668,0.9994332194328308,0.4991244673728943,0.16020794212818146,-0.28116947412490845,0.9995397329330444,0.5033870339393616,0.15974310040473938,-0.2811371088027954,0.9995525479316711,0.4901054799556732,0.16036950051784515,-0.25083714723587036,0.9994981288909912,0.4902239739894867,0.15957486629486084,-0.2512625455856323,0.9996387958526611,0.4904756546020508,0.15842735767364502,-0.251559853553772,0.9996558427810669,0.525582492351532,0.166163831949234,-0.24344861507415771,0.9998753070831299,0.5096380114555359,0.1644279509782791,-0.10361651331186295,0.9994800090789795,0.4974721074104309,0.2090712934732437,-0.25480616092681885,0.9998893141746521,0.4902147650718689,0.20663543045520782,-0.2173154652118683,0.9998080134391785,0.5921450853347778,0.3305172324180603,-0.23235341906547546,0.9999604225158691,0.4896463453769684,0.3258403241634369,0.049887653440237045,0.9998190999031067,0.6100223660469055,0.5277104377746582,-0.3114628195762634,0.9962341785430908,0.46510496735572815,0.49908116459846497,0.03747376799583435,0.5333025455474854,0.5335575342178345,0.5438454747200012,-0.4862586557865143,0.997361958026886,0.3973507285118103,0.5042194128036499,-0.2292780578136444,0.9531006217002869,0.5094836354255676,0.5553066730499268,-0.5461607575416565,0.9960100054740906,0.37190109491348267,0.5071806907653809,-0.28507503867149353,0.9660504460334778,0.5095643997192383,0.5262418985366821,-0.5588344931602478,0.9962041974067688,0.37157535552978516,0.48879069089889526,-0.3226601481437683,0.9689556360244751,0.5143893957138062,0.5203826427459717,-0.4926154613494873,0.9920339584350586,0.3827461898326874,0.488776832818985,-0.2542725205421448,0.9588651061058044,0.556971549987793,0.6558631062507629,-0.0818156749010086,0.9978148341178894,0.49907588958740234,0.6510483026504517,0.08177876472473145,0.9974337816238403,0.5495961904525757,0.9213449358940125,-0.08545346558094025,0.8568605184555054,0.5041453242301941,0.9143491983413696,0.1500059962272644,0.49130988121032715,0.5640419125556946,1.1514471769332886,0.14944764971733093,0.38778528571128845,0.5096569657325745,1.1366301774978638,0.3465076684951782,0.23270954191684723,0.5776616930961609,1.1866532564163208,0.1664150208234787,0.25937941670417786,0.5203778147697449,1.1814916133880615,0.36163315176963806,0.28187960386276245,0.5140380859375,1.202418565750122,0.05031895637512207,0.3928943872451782,0.46804672479629517,1.1807482242584229,0.2724596858024597,0.27336496114730835
0.48680728673934937,0.184684619307518,-0.27532142400741577,0.9995967149734497,0.49490514397621155,0.16068632900714874,-0.28169387578964233,0.999423623085022,0.49914997816085815,0.16021829843521118,-0.28206902742385864,0.9995303153991699,0.5033928155899048,0.1597495675086975,-0.28203365206718445,0.9995460510253906,0.4900542199611664,0.16037903726100922,-0.251518189907074,0.999493420124054,0.4901735186576843,0.1595900058746338,-0.2519507110118866,0.9996361136436462,0.4904288351535797,0.15844672918319702,-0.2522474527359009,0.9996567368507385,0.5255445241928101,0.16629889607429504,-0.25147348642349243,0.9998716115951538,0.5096375346183777,0.16480480134487152,-0.11002258956432343,0.9994738101959229,0.4972119927406311,0.2091633528470993,-0.2561604678630829,0.9998882412910461,0.4899227023124695,0.20665940642356873,-0.2182788848876953,0.9998061656951904,0.5921003818511963,0.33087968826293945,-0.24456243216991425,0.9999607801437378,0.49028006196022034,0.3258596956729889,0.047084324061870575,0.9998188614845276,0.610198438167572,0.5267053842544556,-0.31961876153945923,0.9964323043823242,0.4651104807853699,0.4992697536945343,0.07439421117305756,0.5456355810165405,0.5355844497680664,0.5499716401100159,-0.4968564510345459,0.9974393844604492,0.3973102569580078,0.5166679620742798,-0.1357356160879135,0.9559656977653503,0.5124871730804443,0.5665193200111389,-0.5565952658653259,0.9960804581642151,0.3720414936542511,0.5250985026359558,-0.18074272572994232,0.9678516983985901,0.5103639364242554,0.5357827544212341,-0.5681215524673462,0.9962790608406067,0.3708743751049042,0.5080639123916626,-0.22221136093139648,0.9707105755805969,0.5153791904449463,0.5282447934150696,-0.5029429793357849,0.9922142028808594,0.3814888298511505,0.5074519515037537,-0.16071012616157532,0.9610313177108765,0.5567134022712708,0.6565943956375122,-0.08610580116510391,0.9978910088539124,0.4990197718143463,0.6514860391616821,0.0860774889588356,0.9975243806838989,0.5493696928024292,0.9211409091949463,-0.07638995349407196,0.8584323525428772,0.5036101341247559,0.9137111306190491,0.15979836881160736,0.4899483621120453,0.5631342530250549,1.1515002250671387,0.15002480149269104,0.38740313053131104,0.5094305276870728,1.135676622390747,0.35125863552093506,0.2269481122493744,0.5770758390426636,1.1863819360733032,0.1663503646850586,0.2594812512397766,0.5203680992126465,1.1804155111312866,0.36620062589645386,0.27760717272758484,0.5124486684799194,1.2025820016860962,0.053387630730867386,0.38996458053588867,0.4668654501438141,1.1793792247772217,0.2837986350059509,0.26743826270103455
0.4866238534450531,0.18506833910942078,-0.278910756111145,0.9995547533035278,0.4948580265045166,0.16092951595783234,-0.2864031195640564,0.9993521571159363,0.4991701543331146,0.1604979932308197,-0.28678542375564575,0.9994701147079468,0.50340735912323,0.1600681096315384,-0.2867521643638611,0.9994960427284241,0.4899612069129944,0.16063328087329865,-0.2565445899963379,0.9994292855262756,0.49002915620803833,0.15992458164691925,-0.25698038935661316,0.9995905756950378,0.4902116358280182,0.15890446305274963,-0.2572864890098572,0.99961918592453,0.525438666343689,0.16677190363407135,-0.25925734639167786,0.9998552203178406,0.5093047022819519,0.16543297469615936,-0.12036535888910294,0.9993953704833984,0.4970495104789734,0.2097458690404892,-0.260844349861145,0.9998745322227478,0.4895831048488617,0.2069123089313507,-0.22340789437294006,0.9997786283493042,0.591913104057312,0.33096200227737427,-0.2538670599460602,0.9999595284461975,0.4905669093132019,0.3259604573249817,0.03554448485374451,0.9997991323471069,0.6100307703018188,0.5265455842018127,-0.3200039267539978,0.9965869188308716,0.46501725912094116,0.49931466579437256,0.05835609510540962,0.5419466495513916,0.5312938690185547,0.5679972171783447,-0.475761741399765,0.9973709583282471,0.3974352777004242,0.5222870111465454,-0.15922486782073975,0.9542443156242371,0.50641268491745,0.5813104510307312,-0.5329077839851379,0.9958959221839905,0.37448742985725403,0.5350015163421631,-0.20515671372413635,0.9660428166389465,0.5048168897628784,0.5516217350959778,-0.5439506769180298,0.9961175918579102,0.3714953660964966,0.522368848323822,-0.24477176368236542,0.9693424701690674,0.5108477473258972,0.5463765859603882,-0.48110610246658325,0.9919499158859253,0.38220101594924927,0.5205647349357605,-0.1836317479610443,0.9592368006706238,0.5561185479164124,0.6575196981430054,-0.08783596009016037,0.9979744553565979,0.49895745515823364,0.652814507484436,0.08781667053699493,0.9976018667221069,0.5492215156555176,0.9211349487304688,-0.06226574257016182,0.8610714077949524,0.5029881000518799,0.9125014543533325,0.1614323854446411,0.49146562814712524,0.5624827742576599,1.1506378650665283,0.15934889018535614,0.39620497822761536,0.5088824033737183,1.1292136907577515,0.35843712091445923,0.22716401517391205,0.5763316750526428,1.1843758821487427,0.17465904355049133,0.2627742290496826,0.5201767086982727,1.17279851436615,0.3739207684993744,0.27799543738365173,0.512044370174408,1.2022597789764404,0.05864236503839493,0.3930027484893799,0.4653036594390869,1.1746408939361572,0.28977274894714355,0.26627081632614136
0.485787570476532,0.1853395253419876,-0.2602907717227936,0.9995263814926147,0.49428850412368774,0.1611356884241104,-0.2710031270980835,0.9993053078651428,0.49873819947242737,0.16077058017253876,-0.2713771164417267,0.9994286298751831,0.5030232667922974,0.16033247113227844,-0.27134984731674194,0.9994626641273499,0.48968759179115295,0.16072866320610046,-0.23900678753852844,0.9993902444839478,0.48974689841270447,0.1600012183189392,-0.23945161700248718,0.9995640516281128,0.4899388253688812,0.15896084904670715,-0.2397526502609253,0.9996002912521362,0.5248061418533325,0.1671912968158722,-0.25425463914871216,0.9998430013656616,0.5092750787734985,0.16571548581123352,-0.11166062206029892,0.9993577003479004,0.495901495218277,0.21023422479629517,-0.24810364842414856,0.9998627305030823,0.4884950518608093,0.20719623565673828,-0.20757289230823517,0.9997585415840149,0.5910082459449768,0.33079928159713745,-0.25007861852645874,0.9999580383300781,0.4910399913787842,0.32539165019989014,0.03889460489153862,0.9997881650924683,0.6098059415817261,0.525280237197876,-0.31668412685394287,0.9965727925300598,0.46646636724472046,0.49924078583717346,0.07887686789035797,0.5372694134712219,0.5375527739524841,0.5791351199150085,-0.46771541237831116,0.9970687627792358,0.3984834551811218,0.5367938876152039,-0.11506563425064087,0.9524283409118652,0.5149343609809875,0.5991162657737732,-0.5241383910179138,0.9953866600990295,0.3775774836540222,0.5493752956390381,-0.15573245286941528,0.963998556137085,0.5078984498977661,0.5717767477035522,-0.5366879105567932,0.9956645369529724,0.3715481162071228,0.5341346263885498,-0.19742895662784576,0.9678126573562622,0.5148894786834717,0.5628572106361389,-0.47399821877479553,0.9911752939224243,0.3825487494468689,0.532599151134491,-0.13974566757678986,0.9572356343269348,0.5555322766304016,0.659661591053009,-0.08975271880626678,0.9980559349060059,0.49884408712387085,0.6530556678771973,0.08972654491662979,0.9976872801780701,0.5488076210021973,0.9212519526481628,-0.08516232669353485,0.8580471277236938,0.5024389028549194,0.9124450087547302,0.15589456260204315,0.4811733365058899,0.5617120265960693,1.1525272130966187,0.11935776472091675,0.39179539680480957,0.5089499950408936,1.1304577589035034,0.3453759551048279,0.22010979056358337,0.5755483508110046,1.1858221292495728,0.13294808566570282,0.25874295830726624,0.5202168226242065,1.1741299629211426,0.3582497239112854,0.2717592120170593,0.5113715529441833,1.2053980827331543,0.016435720026493073,0.38664788007736206,0.46575242280960083,1.1766657829284668,0.27732914686203003,0.25903305411338806
0.4844133257865906,0.18542952835559845,-0.24753165245056152,0.9995248913764954,0.4933149218559265,0.16118377447128296,-0.2598893344402313,0.9993002414703369,0.4976610243320465,0.1608150154352188,-0.2602519690990448,0.9994232654571533,0.5021982789039612,0.16036105155944824,-0.2602154314517975,0.9994618892669678,0.4890877306461334,0.16073442995548248,-0.227190762758255,0.9993836283683777,0.4890987277030945,0.15999937057495117,-0.22762878239154816,0.9995586276054382,0.4891960024833679,0.1589101105928421,-0.2279108315706253,0.9995976090431213,0.5240927338600159,0.16727277636528015,-0.25172215700149536,0.9998413324356079,0.5085456371307373,0.1657966673374176,-0.10431019961833954,0.99934983253479,0.49432212114334106,0.21032030880451202,-0.23749320209026337,0.9998599290847778,0.4869967997074127,0.20730754733085632,-0.19608666002750397,0.9997521042823792,0.5886992812156677,0.3301469087600708,-0.25268110632896423,0.9999589323997498,0.4913817048072815,0.3253285884857178,0.048420198261737823,0.9997791647911072,0.6096408367156982,0.5226963758468628,-0.31166791915893555,0.9967293739318848,0.4703851640224457,0.4991743862628937,0.10150693356990814,0.5255200266838074,0.5444168448448181,0.6007174849510193,-0.44889140129089355,0.9970813393592834,0.40023189783096313,0.5455242395401001,-0.07227331399917603,0.9493651390075684,0.527802586555481,0.6360289454460144,-0.5030165910720825,0.9953252077102661,0.37932929396629333,0.5630109310150146,-0.1080084890127182,0.9608882665634155,0.5189493298530579,0.6139286160469055,-0.5163306593894958,0.9956197738647461,0.37288782000541687,0.5479326844215393,-0.15070036053657532,0.9653549790382385,0.5233616232872009,0.6014421582221985,-0.45498305559158325,0.9911478161811829,0.38393035531044006,0.5449826717376709,-0.09674099087715149,0.9542509913444519,0.5551153421401978,0.6595292091369629,-0.09505120664834976,0.9981246590614319,0.4988398551940918,0.6527729630470276,0.09502382576465607,0.9977312684059143,0.5484867095947266,0.9209734797477722,-0.0872449278831482,0.8538711667060852,0.5022035241127014,0.9112396240234375,0.15451903641223907,0.46575427055358887,0.5616488456726074,1.156234622001648,0.1091553345322609,0.3870430588722229,0.5091490149497986,1.1333709955215454,0.3242865800857544,0.2113359272480011,0.5756188035011292,1.1905648708343506,0.12168647348880768,0.2542259395122528,0.5207663178443909,1.178471565246582,0.33590608835220337,0.26482391357421875,0.509067714214325,1.207381010055542,0.006935837212949991,0.3803604245185852,0.4655357301235199,1.1774224042892456,0.25756895542144775,0.2512330710887909
0.48329877853393555,0.18587349355220795,-0.23392125964164734,0.9994956851005554,0.49242907762527466,0.16140952706336975,-0.24798175692558289,0.9992491006851196,0.4965168833732605,0.16103917360305786,-0.24833723902702332,0.9993762969970703,0.5011869072914124,0.16058935225009918,-0.24830834567546844,0.9994275569915771,0.4883902072906494,0.16082333028316498,-0.21526578068733215,0.999336302280426,0.4883320927619934,0.16002728044986725,-0.21571192145347595,0.9995228052139282,0.4883122444152832,0.15890897810459137,-0.21600155532360077,0.9995728731155396,0.5234081745147705,0.16747575998306274,-0.2515219748020172,0.9998288154602051,0.5075118541717529,0.16591447591781616,-0.09790785610675812,0.9993072748184204,0.4931938052177429,0.21056954562664032,-0.22553804516792297,0.9998476505279541,0.4859549105167389,0.20749500393867493,-0.1842288076877594,0.9997296929359436,0.5881598591804504,0.3300662338733673,-0.24886319041252136,0.9999594688415527,0.4913734793663025,0.3238990008831024,0.050726450979709625,0.9997735619544983,0.6095185279846191,0.5196424126625061,-0.27582281827926636,0.9968404769897461,0.4725007116794586,0.4991817772388458,0.1137581318616867,0.5145617127418518,0.5526347160339355,0.617770254611969,-0.3762191832065582,0.9969727396965027,0.4017367362976074,0.5575157403945923,-0.03792040795087814,0.9452753663063049,0.5388075113296509,0.6540802717208862,-0.4227871298789978,0.9949883818626404,0.3804205060005188,0.5792592763900757,-0.06948189437389374,0.9562273025512695,0.52910977602005,0.635130763053894,-0.4391157031059265,0.9953113794326782,0.3736685514450073,0.5635511875152588,-0.11291216313838959,0.9614616632461548,0.5318813920021057,0.6207447648048401,-0.3825013339519501,0.990699827671051,0.38496917486190796,0.5592175126075745,-0.06194660812616348,0.9498064517974854,0.5541481971740723,0.6596973538398743,-0.09493178129196167,0.9982179403305054,0.4983501434326172,0.6522335410118103,0.09490321576595306,0.9978167414665222,0.5483601093292236,0.9213423728942871,-0.08510889112949371,0.8469916582107544,0.5021195411682129,0.9112315773963928,0.15191565454006195,0.4494325518608093,0.5616655349731445,1.160960078239441,0.11642356216907501,0.37578797340393066,0.5091890692710876,1.1381760835647583,0.31469422578811646,0.20095790922641754,0.5757881999015808,1.1953877210617065,0.12950816750526428,0.2448834478855133,0.520778238773346,1.184028148651123,0.326687216758728,0.2554943561553955,0.509869396686554,1.2130699157714844,0.016843602061271667,0.3664037883281708,0.46470099687576294,1.180666446685791,0.2511487901210785,0.24061936140060425
0.48169559240341187,0.18615280091762543,-0.22888922691345215,0.9995021820068359,0.4913899898529053,0.1616404503583908,-0.2436688393354416,0.9992583394050598,0.4950805604457855,0.16129587590694427,-0.2440166026353836,0.9993786215782166,0.49978917837142944,0.16090622544288635,-0.2439834177494049,0.9994344115257263,0.4871174693107605,0.16089680790901184,-0.21025724709033966,0.9993466138839722,0.4869040846824646,0.16004982590675354,-0.2106982171535492,0.9995286464691162,0.48665565252304077,0.15890786051750183,-0.21097834408283234,0.9995822310447693,0.5225042104721069,0.1678699105978012,-0.2503371238708496,0.9998291730880737,0.506136417388916,0.16612794995307922,-0.09367217123508453,0.9993219971656799,0.4916328489780426,0.2108488529920578,-0.22154974937438965,0.9998470544815063,0.4841204285621643,0.2077615112066269,-0.1794203668832779,0.9997296333312988,0.5868183374404907,0.32860180735588074,-0.24831834435462952,0.9999604225158691,0.4914536476135254,0.32364627718925476,0.05240272358059883,0.9997755289077759,0.6094306707382202,0.5183693766593933,-0.26535123586654663,0.9969579577445984,0.47424131631851196,0.49929797649383545,0.11516928672790527,0.5137110948562622,0.5575962662696838,0.6312753558158875,-0.347432941198349,0.9968666434288025,0.4063637852668762,0.5663485527038574,-0.03721635788679123,0.9453391432762146,0.5468942523002625,0.6703284382820129,-0.39017635583877563,0.9946432709693909,0.3841312527656555,0.5927932858467102,-0.06846046447753906,0.9551599025726318,0.5375716090202332,0.6518945693969727,-0.40776389837265015,0.9949933886528015,0.3779198229312897,0.5798952579498291,-0.11305664479732513,0.9607132077217102,0.5388776063919067,0.6362934708595276,-0.3535677492618561,0.9902507662773132,0.3882453143596649,0.5722467303276062,-0.061751145869493484,0.949129045009613,0.5533374547958374,0.6577349901199341,-0.09544491767883301,0.9982940554618835,0.49830859899520874,0.6493691205978394,0.09541358053684235,0.9978880286216736,0.5482503175735474,0.9212233424186707,-0.08334110677242279,0.8445538878440857,0.5021042227745056,0.9111450910568237,0.13355174660682678,0.4399990737438202,0.5617666840553284,1.1653164625167847,0.10631682723760605,0.3771069645881653,0.509421169757843,1.1391053199768066,0.29159659147262573,0.1940610110759735,0.5758327841758728,1.2014739513397217,0.11723353713750839,0.2422628253698349,0.5214591026306152,1.1848599910736084,0.3036350905895233,0.25043541193008423,0.5108411312103271,1.2167688608169556,0.002295857761055231,0.36388298869132996,0.4648456573486328,1.1818180084228516,0.2263595163822174,0.23519541323184967
0.47980961203575134,0.18660297989845276,-0.22980806231498718,0.9994842410087585,0.4901476502418518,0.16203811764717102,-0.25703805685043335,0.9992256760597229,0.4931797981262207,0.1618005782365799,-0.25737813115119934,0.9993457198143005,0.49750909209251404,0.161459818482399,-0.2573196291923523,0.9994084239006042,0.48557955026626587,0.16106873750686646,-0.21919158101081848,0.9993195533752441,0.48534202575683594,0.16013287007808685,-0.21964296698570251,0.9995083808898926,0.48502326011657715,0.1589251309633255,-0.21992099285125732,0.9995693564414978,0.5213240385055542,0.16850486397743225,-0.27629271149635315,0.9998198747634888,0.505300760269165,0.16675463318824768,-0.11395631730556488,0.999306321144104,0.4893808960914612,0.21130500733852386,-0.2352270781993866,0.999836802482605,0.48215800523757935,0.2081533670425415,-0.18798242509365082,0.9997133016586304,0.585827112197876,0.32849571108818054,-0.2819834351539612,0.9999609589576721,0.4914829134941101,0.3234802782535553,0.03787292167544365,0.9997736811637878,0.6093756556510925,0.5186133980751038,-0.28229647874832153,0.9970638751983643,0.4750564992427826,0.49932077527046204,0.10416446626186371,0.5004357099533081,0.5580963492393494,0.6409424543380737,-0.3879132568836212,0.9966424703598022,0.4085461497306824,0.5743993520736694,-0.03249875456094742,0.942528486251831,0.5488098859786987,0.6805725693702698,-0.43263083696365356,0.9940617680549622,0.3885103762149811,0.6037086248397827,-0.06120418384671211,0.951555073261261,0.538637101650238,0.6649528741836548,-0.44799375534057617,0.9944491982460022,0.38357752561569214,0.5955889225006104,-0.10531848669052124,0.9577427506446838,0.5396124720573425,0.6486632227897644,-0.39322346448898315,0.989373505115509,0.3922439217567444,0.5859583616256714,-0.05640871450304985,0.9457287788391113,0.5520205497741699,0.6593104600906372,-0.0984283983707428,0.9983539581298828,0.4980957508087158,0.650397002696991,0.09841158241033554,0.9979327917098999,0.5479601621627808,0.9221229553222656,-0.05402233451604843,0.839676022529602,0.5020824670791626,0.9115030169487,0.16334719955921173,0.42406418919563293,0.5618062615394592,1.1702967882156372,0.1335419863462448,0.3791908919811249,0.5094394087791443,1.1405450105667114,0.3295536935329437,0.1864618957042694,0.5759319067001343,1.2079768180847168,0.14369943737983704,0.24109132587909698,0.521544337272644,1.1866481304168701,0.3421317934989929,0.24512457847595215,0.5109961032867432,1.2200030088424683,0.02866264246404171,0.36196285486221313,0.46483665704727173,1.1824918985366821,0.26828381419181824,0.22881551086902618
0.47848209738731384,0.18672901391983032,-0.27109843492507935,0.9994655847549438,0.4890827536582947,0.16221944987773895,-0.2920078635215759,0.9991920590400696,0.4917936325073242,0.1620519906282425,-0.29237091541290283,0.9993141293525696,0.49566179513931274,0.1617433726787567,-0.29233112931251526,0.9993830919265747,0.4842759072780609,0.1611107885837555,-0.2555968463420868,0.9992900490760803,0.4840491712093353,0.16013756394386292,-0.25604602694511414,0.9994871020317078,0.48372358083724976,0.15890046954154968,-0.2563474476337433,0.9995551705360413,0.5200108289718628,0.16904015839099884,-0.30408427119255066,0.9998114705085754,0.5042983293533325,0.16730086505413055,-0.14061495661735535,0.9992861747741699,0.4878427982330322,0.21151651442050934,-0.2683478593826294,0.999828040599823,0.48042434453964233,0.2082640379667282,-0.22260895371437073,0.9996991753578186,0.5850967764854431,0.32843688130378723,-0.3052549958229065,0.999961793422699,0.4909546971321106,0.3226375877857208,0.014625297859311104,0.9997758865356445,0.6095271706581116,0.5181949138641357,-0.28602880239486694,0.9972065687179565,0.4764907956123352,0.4983428418636322,0.09265792369842529,0.495875746011734,0.5610525012016296,0.6485371589660645,-0.36151719093322754,0.9965173006057739,0.4132782816886902,0.5844883322715759,-0.047926269471645355,0.9407577514648438,0.5553110241889954,0.6917625069618225,-0.402118057012558,0.9936367273330688,0.3965016007423401,0.6203379034996033,-0.07720514386892319,0.9485459327697754,0.5435305833816528,0.6786534786224365,-0.42040324211120605,0.9940419793128967,0.3914202153682709,0.6163083910942078,-0.12110388278961182,0.9551789164543152,0.5432895421981812,0.6602883338928223,-0.3670787215232849,0.9887841939926147,0.398310124874115,0.6050426959991455,-0.07164566218852997,0.9429452419281006,0.5511993169784546,0.6607605814933777,-0.09921957552433014,0.9984511137008667,0.49788039922714233,0.6511721611022949,0.09920389950275421,0.9980400204658508,0.5471450686454773,0.9222098588943481,-0.045547910034656525,0.8414329290390015,0.5013859868049622,0.9109922647476196,0.17406755685806274,0.4233284890651703,0.561301589012146,1.1686930656433105,0.179921954870224,0.38444438576698303,0.5094083547592163,1.140445351600647,0.3535757064819336,0.18656817078590393,0.5756068229675293,1.2060354948043823,0.19515317678451538,0.24110694229602814,0.5215609073638916,1.1864190101623535,0.36777931451797485,0.2477191984653473,0.5102521181106567,1.2185403108596802,0.08639439940452576,0.36169934272766113,0.4642151892185211,1.1820579767227173,0.2927941679954529,0.2300669550895691
0.47720804810523987,0.18675604462623596,-0.26815882325172424,0.9994659423828125,0.4879823327064514,0.16226433217525482,-0.28445565700531006,0.9991893768310547,0.4906979501247406,0.16216237843036652,-0.28481799364089966,0.9993080496788025,0.4942903518676758,0.16187210381031036,-0.28478214144706726,0.9993800520896912,0.4827164113521576,0.16111676394939423,-0.2505837082862854,0.9992873668670654,0.48233166337013245,0.16009004414081573,-0.2510303556919098,0.9994838833808899,0.48182129859924316,0.15872497856616974,-0.25133204460144043,0.999554455280304,0.5189645886421204,0.16941013932228088,-0.29044753313064575,0.9998101592063904,0.502432107925415,0.1675480604171753,-0.12936662137508392,0.9992873072624207,0.486128032207489,0.2115442007780075,-0.2604718804359436,0.9998237490653992,0.4784467816352844,0.2082972675561905,-0.21820592880249023,0.9996917843818665,0.5835866332054138,0.3282071352005005,-0.29699212312698364,0.9999630451202393,0.49014854431152344,0.3224814236164093,0.015730837360024452,0.9997777342796326,0.6096315979957581,0.5183397531509399,-0.2976754903793335,0.9973578453063965,0.4788108468055725,0.4981449544429779,0.10408202558755875,0.48239225149154663,0.560749888420105,0.6544885635375977,-0.377541720867157,0.9964322447776794,0.41707125306129456,0.591917872428894,-0.032298289239406586,0.9376657605171204,0.5554686188697815,0.7029703259468079,-0.4216882586479187,0.9932830929756165,0.401867538690567,0.6307022571563721,-0.062095046043395996,0.9448027014732361,0.5427945852279663,0.689014732837677,-0.4375470280647278,0.9937058687210083,0.39734238386154175,0.6243062615394592,-0.10636738687753677,0.9520394802093506,0.5428670048713684,0.6685231328010559,-0.38253408670425415,0.9882630109786987,0.4039425849914551,0.6151203513145447,-0.0564035102725029,0.9393138885498047,0.5496647953987122,0.6618573069572449,-0.10270421206951141,0.9985175728797913,0.4966146945953369,0.6552038788795471,0.10270146280527115,0.9980929493904114,0.5471112728118896,0.9243243932723999,-0.050908081233501434,0.8370674848556519,0.5018218159675598,0.9157939553260803,0.17255893349647522,0.4065120220184326,0.562084972858429,1.179796814918518,0.17673556506633759,0.3851792812347412,0.5105783343315125,1.1492533683776855,0.35161253809928894,0.17776906490325928,0.5769420862197876,1.2200658321380615,0.186493918299675,0.24032092094421387,0.5228743553161621,1.1957851648330688,0.3654414415359497,0.24123576283454895,0.510299563407898,1.2285268306732178,0.05506647750735283,0.3595130145549774,0.46609997749328613,1.1912264823913574,0.2854820191860199,0.22205811738967896
0.47645896673202515,0.18708866834640503,-0.28819894790649414,0.9993732571601868,0.4871295094490051,0.16241666674613953,-0.30779018998146057,0.9990345239639282,0.48991188406944275,0.16234411299228668,-0.30817291140556335,0.9991664886474609,0.4933614730834961,0.1620376855134964,-0.3081398010253906,0.9992597699165344,0.4817214906215668,0.16120025515556335,-0.27091193199157715,0.999143660068512,0.4813156723976135,0.16013720631599426,-0.2713375687599182,0.9993782639503479,0.4807724952697754,0.15874189138412476,-0.271635502576828,0.9994704723358154,0.5182472467422485,0.16961854696273804,-0.3204314112663269,0.9997740387916565,0.5012205839157104,0.16804693639278412,-0.1504102647304535,0.9991487264633179,0.48517274856567383,0.21175940334796906,-0.28282952308654785,0.9997826218605042,0.477675199508667,0.20868752896785736,-0.23647622764110565,0.9996165633201599,0.5824295878410339,0.3279474377632141,-0.33186668157577515,0.9999623894691467,0.4895263612270355,0.32261085510253906,0.008732971735298634,0.9997642636299133,0.6100443601608276,0.5193724036216736,-0.34930315613746643,0.9974619150161743,0.47906166315078735,0.5003758668899536,0.0869843065738678,0.4610385596752167,0.5604536533355713,0.6702051758766174,-0.3986152410507202,0.9960354566574097,0.4200083613395691,0.5989675521850586,-0.06210359185934067,0.9308153986930847,0.5554276704788208,0.7205551266670227,-0.4477563798427582,0.992229700088501,0.4044170379638672,0.6351338028907776,-0.0947335883975029,0.9376569986343384,0.5422399640083313,0.7096661925315857,-0.4629068374633789,0.9926888346672058,0.39901572465896606,0.6273713707923889,-0.137991800904274,0.9458552598953247,0.5420583486557007,0.6878195405006409,-0.40492668747901917,0.9865723252296448,0.4062806963920593,0.6190019249916077,-0.08622287213802338,0.9321017861366272,0.5473693609237671,0.6700664162635803,-0.10549154132604599,0.998577892780304,0.49496427178382874,0.6626075506210327,0.10550260543823242,0.9981480240821838,0.5469624996185303,0.9247496724128723,0.0008929312461987138,0.8266320824623108,0.5018283128738403,0.9161443114280701,0.235802561044693,0.3868163526058197,0.5624704957008362,1.17775297164917,0.24506399035453796,0.37799936532974243,0.5104852914810181,1.1444473266601562,0.4449414610862732,0.1695212423801422,0.5772535800933838,1.2192964553833008,0.2616991400718689,0.23513071238994598,0.5227660536766052,1.1898525953292847,0.46192312240600586,0.23518094420433044,0.5112704038619995,1.2261347770690918,0.14852729439735413,0.34815678000450134,0.46610718965530396,1.1880569458007812,0.38422587513923645,0.21263539791107178
0.4755883812904358,0.18727263808250427,-0.28948038816452026,0.9992697238922119,0.48617443442344666,0.16258379817008972,-0.3091670572757721,0.9988547563552856,0.4890666604042053,0.16254782676696777,-0.30955514311790466,0.9990018010139465,0.4923214018344879,0.16223546862602234,-0.3095221519470215,0.999118983745575,0.48069921135902405,0.1613251268863678,-0.2722187638282776,0.9989817142486572,0.48028630018234253,0.1602165848016739,-0.2726520001888275,0.9992603659629822,0.47973376512527466,0.15878137946128845,-0.2729561924934387,0.9993798732757568,0.5172014236450195,0.16991260647773743,-0.3229590058326721,0.999727725982666,0.4998641610145569,0.1684263050556183,-0.15334412455558777,0.9989929795265198,0.4839291572570801,0.2119343876838684,-0.28464847803115845,0.999733030796051,0.476609468460083,0.208902046084404,-0.23817507922649384,0.9995322823524475,0.5816236734390259,0.327892005443573,-0.331706702709198,0.9999610185623169,0.48817557096481323,0.3226528465747833,0.001941173104569316,0.9997533559799194,0.6105871200561523,0.5202146172523499,-0.3457546532154083,0.9974740147590637,0.47984734177589417,0.5030136704444885,0.07642142474651337,0.4391416907310486,0.5628799200057983,0.6795072555541992,-0.39644792675971985,0.9951440095901489,0.4239792227745056,0.607093870639801,-0.05938102677464485,0.9210424423217773,0.5613270998001099,0.7338230609893799,-0.44082504510879517,0.9902516007423401,0.4091827869415283,0.6456332802772522,-0.08967149257659912,0.9273256659507751,0.5486927032470703,0.7221190333366394,-0.4565503001213074,0.9907829165458679,0.4032338559627533,0.6368957161903381,-0.1330842673778534,0.936774492263794,0.5465284585952759,0.6985730528831482,-0.4015042185783386,0.9835222363471985,0.41052722930908203,0.6295226812362671,-0.08311645686626434,0.9218019247055054,0.5456785559654236,0.6733033061027527,-0.10412368923425674,0.9986311197280884,0.4933415949344635,0.6642398238182068,0.1041250005364418,0.9982023239135742,0.5466316938400269,0.9248873591423035,0.01712127961218357,0.8123065233230591,0.5018666386604309,0.9161652326583862,0.24004054069519043,0.36723142862319946,0.5624898672103882,1.1732028722763062,0.27236253023147583,0.36165109276771545,0.5103238224983215,1.1379101276397705,0.45347437262535095,0.159817636013031,0.5769996047019958,1.2116042375564575,0.2906903326511383,0.22505024075508118,0.522478461265564,1.1835734844207764,0.4710950255393982,0.22609911859035492,0.514617383480072,1.2204235792160034,0.1882932335138321,0.32961341738700867,0.4660002589225769,1.1774425506591797,0.400581032037735,0.20095141232013702
0.4751465916633606,0.18725255131721497,-0.2868216931819916,0.9990972876548767,0.4853931963443756,0.16262595355510712,-0.3070090413093567,0.9985775947570801,0.48833712935447693,0.16264590620994568,-0.30740100145339966,0.9987618923187256,0.49141359329223633,0.1623498946428299,-0.3073747456073761,0.9989153146743774,0.4800475537776947,0.1613321453332901,-0.2702533006668091,0.9987168908119202,0.47964993119239807,0.1602209508419037,-0.2706928849220276,0.999072253704071,0.4791279733181,0.15876682102680206,-0.27100616693496704,0.9992305040359497,0.5159117579460144,0.17012085020542145,-0.3233160674571991,0.9996699094772339,0.4987875521183014,0.16860349476337433,-0.15464812517166138,0.9987602829933167,0.48301059007644653,0.21195030212402344,-0.2826523780822754,0.999671459197998,0.47579425573349,0.20891575515270233,-0.23645737767219543,0.999420702457428,0.5794559121131897,0.3272446393966675,-0.3291414976119995,0.9999597072601318,0.4869818091392517,0.319656640291214,-0.003906291909515858,0.9997363686561584,0.6112320423126221,0.5203786492347717,-0.339361310005188,0.9974393248558044,0.4815337657928467,0.502872109413147,0.06417827308177948,0.41691598296165466,0.5671437978744507,0.686469554901123,-0.3646346926689148,0.9938020706176758,0.4279424250125885,0.6024681925773621,-0.06512635201215744,0.904742419719696,0.5687465071678162,0.7410941123962402,-0.4037604331970215,0.9873806238174438,0.4124736785888672,0.6420698761940002,-0.09484726935625076,0.9109126329421997,0.5570233464241028,0.7314073443412781,-0.4213946759700775,0.9880064725875854,0.4065941274166107,0.6336812376976013,-0.13733400404453278,0.9220747947692871,0.5533952116966248,0.709054708480835,-0.36954230070114136,0.9792547225952148,0.4140756130218506,0.6253597736358643,-0.08843280375003815,0.9057887196540833,0.5438146591186523,0.6732279658317566,-0.1039685383439064,0.9986929893493652,0.4929892122745514,0.6639299988746643,0.10397664457559586,0.9982616901397705,0.5461989641189575,0.926456868648529,0.004233197309076786,0.8085526823997498,0.5020015239715576,0.9187771081924438,0.23067939281463623,0.35609400272369385,0.5629515647888184,1.1726887226104736,0.25583797693252563,0.35525068640708923,0.511141300201416,1.1334751844406128,0.45619648694992065,0.15292946994304657,0.5770105123519897,1.2090065479278564,0.2740258574485779,0.2190096080303192,0.5230230093002319,1.1765323877334595,0.47544246912002563,0.21881504356861115,0.5186313986778259,1.220102310180664,0.16857381165027618,0.3188047409057617,0.47070756554603577,1.175613522529602,0.4056991934776306,0.19227974116802216
0.47453489899635315,0.18725760281085968,-0.3317115902900696,0.9988609552383423,0.484596312046051,0.16267062723636627,-0.35336682200431824,0.998201847076416,0.4876391887664795,0.1627524048089981,-0.35377639532089233,0.9984017014503479,0.49061816930770874,0.162501722574234,-0.35376179218292236,0.9986172318458557,0.47926926612854004,0.1613403707742691,-0.316598504781723,0.9983894228935242,0.4788169860839844,0.16022096574306488,-0.31704533100128174,0.9988290071487427,0.4782399535179138,0.15873917937278748,-0.3173772692680359,0.9990509748458862,0.5144492387771606,0.17034828662872314,-0.3679293990135193,0.9995764493942261,0.49738994240760803,0.1686684787273407,-0.19975337386131287,0.9984615445137024,0.48209214210510254,0.21198143064975739,-0.32666200399398804,0.9995812177658081,0.47465386986732483,0.2089262455701828,-0.2804536819458008,0.9992756843566895,0.5776146054267883,0.326357364654541,-0.3646000325679779,0.9999563097953796,0.48451536893844604,0.317556232213974,-0.04389307647943497,0.9997188448905945,0.611564040184021,0.5204610228538513,-0.36160215735435486,0.9973196983337402,0.48183292150497437,0.5034071803092957,0.023821795359253883,0.39884716272354126,0.5707547068595886,0.6933139562606812,-0.3841758072376251,0.9912908673286438,0.42899999022483826,0.6154760718345642,-0.09555938094854355,0.8897578120231628,0.5728689432144165,0.7461604475975037,-0.42852845788002014,0.9820892810821533,0.41266149282455444,0.6578332781791687,-0.12498003244400024,0.8939977288246155,0.561847984790802,0.7375783324241638,-0.44452714920043945,0.9829069375991821,0.40598511695861816,0.6488786935806274,-0.16956542432308197,0.9071481823921204,0.557930052280426,0.7166920900344849,-0.38918212056159973,0.9714574813842773,0.41391390562057495,0.6391867399215698,-0.11922528594732285,0.8893108367919922,0.5433018207550049,0.6725682616233826,-0.10195417702198029,0.998732328414917,0.49237602949142456,0.6638774275779724,0.10195164382457733,0.9983096718788147,0.546014666557312,0.9264488220214844,0.04823360592126846,0.793869137763977,0.5019972920417786,0.9194161295890808,0.23324938118457794,0.34460747241973877,0.5628235936164856,1.1706057786941528,0.3160333037376404,0.3426177203655243,0.5107446312904358,1.1329634189605713,0.45154231786727905,0.14782588183879852,0.5748335123062134,1.2053179740905762,0.33506882190704346,0.2085862159729004,0.5221604108810425,1.176181435585022,0.4693906903266907,0.21292242407798767,0.5215564966201782,1.2197434902191162,0.22533901035785675,0.3029446601867676,0.4705539643764496,1.175643801689148,0.3895297050476074,0.1852109581232071
0.47383585572242737,0.18712906539440155,-0.31733089685440063,0.9987195730209351,0.48354172706604004,0.16268306970596313,-0.33771276473999023,0.9979711174964905,0.48673391342163086,0.16276651620864868,-0.3381151556968689,0.9981791377067566,0.4897311329841614,0.16253632307052612,-0.3381062150001526,0.9984386563301086,0.47834068536758423,0.16131441295146942,-0.30171871185302734,0.998188853263855,0.47788578271865845,0.16015593707561493,-0.3021637499332428,0.9986787438392639,0.4773293435573578,0.15863893926143646,-0.30248987674713135,0.998940110206604,0.513217568397522,0.17042113840579987,-0.35049065947532654,0.999523937702179,0.49633318185806274,0.1687188744544983,-0.18579521775245667,0.998295783996582,0.4811836779117584,0.21196135878562927,-0.31188875436782837,0.9995364546775818,0.4737650752067566,0.20890475809574127,-0.2667049765586853,0.9992071390151978,0.5760567784309387,0.32578006386756897,-0.34811893105506897,0.9999551177024841,0.481825053691864,0.31687161326408386,-0.0368720106780529,0.9997124075889587,0.6115673780441284,0.5205364227294922,-0.3495301902294159,0.9973195195198059,0.48142194747924805,0.5080768465995789,0.026700153946876526,0.39248108863830566,0.5750265717506409,0.6982731223106384,-0.379011332988739,0.990450918674469,0.4295850694179535,0.6341224908828735,-0.09594918042421341,0.8816155195236206,0.57719886302948,0.7477685809135437,-0.42036372423171997,0.9800942540168762,0.4152909219264984,0.6773002743721008,-0.12632368505001068,0.8831482529640198,0.5657168626785278,0.7407236099243164,-0.43983063101768494,0.9809895753860474,0.4086364805698395,0.670447826385498,-0.17046421766281128,0.8977716565132141,0.5618163347244263,0.7204947471618652,-0.3850002884864807,0.9685073494911194,0.41588354110717773,0.6608515381813049,-0.11952494084835052,0.879172682762146,0.5425049662590027,0.6725892424583435,-0.09676337242126465,0.9987744688987732,0.4913778305053711,0.6659244298934937,0.09674772620201111,0.9983639121055603,0.5457607507705688,0.927397608757019,0.038189999759197235,0.7798818349838257,0.5020279288291931,0.9208121299743652,0.21888884902000427,0.3345594108104706,0.562873125076294,1.169498324394226,0.303507924079895,0.3276214301586151,0.5100840926170349,1.1352064609527588,0.4286966323852539,0.14155100286006927,0.5744076371192932,1.2027313709259033,0.32244589924812317,0.19785846769809723,0.5207639336585999,1.177819013595581,0.4456633925437927,0.20522984862327576,0.52347332239151,1.21962571144104,0.21095061302185059,0.2865287959575653,0.471625953912735,1.1809520721435547,0.36443525552749634,0.1770785003900528
0.47287601232528687,0.18704628944396973,-0.3062423765659332,0.9985583424568176,0.4823576807975769,0.16269205510616302,-0.32556912302970886,0.997706413269043,0.4856486916542053,0.1627756804227829,-0.3259613811969757,0.9979397654533386,0.4886395335197449,0.1625540554523468,-0.3259488642215729,0.9982346892356873,0.4773263931274414,0.1612941175699234,-0.2898523211479187,0.9979718327522278,0.47692784667015076,0.16011282801628113,-0.2902960181236267,0.9985347390174866,0.4764425754547119,0.15858083963394165,-0.29061442613601685,0.9988319873809814,0.5120530724525452,0.17050090432167053,-0.3388129472732544,0.9994755387306213,0.4956428110599518,0.16881528496742249,-0.17427942156791687,0.9981743097305298,0.4799831807613373,0.21196189522743225,-0.3004227876663208,0.9995056390762329,0.47272056341171265,0.20890876650810242,-0.2555399239063263,0.9991663098335266,0.5750250816345215,0.32573843002319336,-0.3361670672893524,0.9999542236328125,0.4795195162296295,0.3165854215621948,-0.030814265832304955,0.9997144937515259,0.6115623712539673,0.5211305022239685,-0.33570292592048645,0.9973587393760681,0.48114675283432007,0.511570155620575,0.03137655183672905,0.3999294936656952,0.5767699480056763,0.6968121528625488,-0.36201420426368713,0.9900094270706177,0.43258896470069885,0.6397927403450012,-0.09558785706758499,0.8815479278564453,0.576021134853363,0.7446451783180237,-0.401449054479599,0.9790319204330444,0.4183904528617859,0.6832825541496277,-0.12656962871551514,0.8811640739440918,0.564624547958374,0.7324772477149963,-0.4221723973751068,0.9799761176109314,0.41188064217567444,0.678862452507019,-0.17026041448116302,0.8962623476982117,0.5620376467704773,0.7127866148948669,-0.3683133125305176,0.967003583908081,0.4198048710823059,0.6691199541091919,-0.11902894824743271,0.8775505423545837,0.5419799089431763,0.6722314357757568,-0.09219317883253098,0.9988182187080383,0.4899109899997711,0.6672976016998291,0.09216488152742386,0.9984216094017029,0.5453883409500122,0.9273725152015686,0.029049545526504517,0.78188157081604,0.5020164847373962,0.9220694899559021,0.2018866091966629,0.3376702070236206,0.5630080103874207,1.1701130867004395,0.27053913474082947,0.3302077651023865,0.5100469589233398,1.14414644241333,0.4127885401248932,0.14203935861587524,0.5744069814682007,1.2034975290298462,0.2880367338657379,0.19548067450523376,0.5203313827514648,1.184929370880127,0.4293135702610016,0.20312416553497314,0.5236753821372986,1.223919153213501,0.1759788691997528,0.2854045629501343,0.47644686698913574,1.1979833841323853,0.32831940054893494,0.17693139612674713
0.47193679213523865,0.18699470162391663,-0.30475863814353943,0.9983989000320435,0.4815862774848938,0.1627006232738495,-0.3239065706729889,0.9974094033241272,0.48493021726608276,0.16279998421669006,-0.3242952525615692,0.9976559281349182,0.48800674080848694,0.1625932902097702,-0.32428789138793945,0.9979892373085022,0.4763970375061035,0.16129301488399506,-0.28827905654907227,0.9977465271949768,0.4759397506713867,0.16009971499443054,-0.28872814774513245,0.9983817338943481,0.4753895699977875,0.15855719149112701,-0.2890564799308777,0.9987233877182007,0.5114525556564331,0.1707385629415512,-0.3357032239437103,0.9994055032730103,0.49444007873535156,0.16896894574165344,-0.17222358286380768,0.9980405569076538,0.4789370000362396,0.21196585893630981,-0.29918599128723145,0.9994608759880066,0.4715963304042816,0.20891445875167847,-0.2544265389442444,0.9991112947463989,0.5742911696434021,0.3256932497024536,-0.33384862542152405,0.9999516606330872,0.4776736795902252,0.3166024386882782,-0.031185414642095566,0.9997150301933289,0.6113201379776001,0.522743284702301,-0.335036039352417,0.9973695278167725,0.48059844970703125,0.5135176181793213,0.028870243579149246,0.4091235399246216,0.5784181356430054,0.7049921751022339,-0.3703398108482361,0.9891996383666992,0.43511486053466797,0.6469451189041138,-0.0974070280790329,0.882722020149231,0.5787301063537598,0.7556504011154175,-0.4115419387817383,0.9772177338600159,0.4215277135372162,0.6893576383590698,-0.1295306384563446,0.8803465366363525,0.5662866830825806,0.7467449903488159,-0.432199627161026,0.9782743453979492,0.4163106381893158,0.6862574815750122,-0.17216455936431885,0.8957350254058838,0.5631292462348938,0.7265511155128479,-0.37693849205970764,0.9645850658416748,0.42440366744995117,0.6760948896408081,-0.12039799988269806,0.8769389390945435,0.5412476062774658,0.673401951789856,-0.09183476865291595,0.9988422989845276,0.4878973364830017,0.6700670123100281,0.09180132299661636,0.9984654784202576,0.5448550581932068,0.9281112551689148,0.012740647420287132,0.7756961584091187,0.502025842666626,0.9237877130508423,0.21100974082946777,0.329648494720459,0.5629599094390869,1.1697816848754883,0.25550907850265503,0.32090282440185547,0.508771538734436,1.1464898586273193,0.4173092246055603,0.1378975510597229,0.5743057727813721,1.2031177282333374,0.27274638414382935,0.18787939846515656,0.5185326337814331,1.1878584623336792,0.4334675669670105,0.19696933031082153,0.523563802242279,1.2248332500457764,0.15748372673988342,0.2751116156578064,0.47572416067123413,1.1999589204788208,0.3362961411476135,0.1716015636920929
0.4711807668209076,0.18696404993534088,-0.3117433190345764,0.9982249140739441,0.48107942938804626,0.16270779073238373,-0.33121711015701294,0.9970762133598328,0.4843544363975525,0.16281040012836456,-0.3316184878349304,0.9973402619361877,0.48743972182273865,0.16260409355163574,-0.33161625266075134,0.9977208375930786,0.47582584619522095,0.1612965315580368,-0.29513564705848694,0.9974819421768188,0.47540321946144104,0.1601034700870514,-0.2955877184867859,0.9981971383094788,0.47489744424819946,0.1585567742586136,-0.29592710733413696,0.9985913038253784,0.5112122893333435,0.17095880210399628,-0.3434355556964874,0.9993202686309814,0.49401170015335083,0.16916966438293457,-0.1779501736164093,0.9978528022766113,0.47829967737197876,0.2120019495487213,-0.3065975606441498,0.999407947063446,0.4710630774497986,0.20892783999443054,-0.2611863613128662,0.999042272567749,0.5744718313217163,0.325740784406662,-0.34193143248558044,0.9999495148658752,0.47692734003067017,0.3178902566432953,-0.03553326800465584,0.9997175335884094,0.6113075017929077,0.5256958603858948,-0.3371947705745697,0.9973940849304199,0.4790995121002197,0.5157747268676758,0.02935335971415043,0.41894012689590454,0.5808926224708557,0.7112404704093933,-0.37400853633880615,0.9887753129005432,0.43591561913490295,0.6531611084938049,-0.09709616750478745,0.885195255279541,0.5826402306556702,0.7598069906234741,-0.41601642966270447,0.9761039018630981,0.42430979013442993,0.6930319666862488,-0.12928788363933563,0.8807840943336487,0.5698007345199585,0.7538122534751892,-0.43739110231399536,0.977224588394165,0.4197905659675598,0.6907390356063843,-0.1720108836889267,0.8962070941925049,0.5660190582275391,0.7337295413017273,-0.38101428747177124,0.9631100296974182,0.4274327754974365,0.6820234656333923,-0.11988900601863861,0.8774843811988831,0.5409713983535767,0.6758505702018738,-0.09185989946126938,0.9988908171653748,0.48660874366760254,0.672789990901947,0.09183021634817123,0.9985387325286865,0.5428663492202759,0.9281794428825378,0.028172362595796585,0.7642139792442322,0.5020300149917603,0.924422025680542,0.2401653230190277,0.31973502039909363,0.5628132820129395,1.1694691181182861,0.29631373286247253,0.3090672791004181,0.5077110528945923,1.1464812755584717,0.45481744408607483,0.13417741656303406,0.5738582015037537,1.2023334503173828,0.3155271112918854,0.17905327677726746,0.517748236656189,1.1888066530227661,0.4717622697353363,0.19201424717903137,0.523215651512146,1.2255996465682983,0.20168456435203552,0.2621907889842987,0.4730370044708252,1.1996338367462158,0.3830941617488861,0.16630330681800842
0.4705151915550232,0.1869647353887558,-0.308179646730423,0.9980769753456116,0.48053091764450073,0.16271276772022247,-0.32781708240509033,0.996818482875824,0.48375266790390015,0.1628267616033554,-0.328189492225647,0.9971287250518799,0.4868008494377136,0.16261538863182068,-0.328164279460907,0.9975414872169495,0.4753635823726654,0.16129954159259796,-0.2908640205860138,0.9972588419914246,0.4750129282474518,0.16010062396526337,-0.2913084030151367,0.9980491995811462,0.4745890498161316,0.15854141116142273,-0.2916320562362671,0.9984764456748962,0.5107013583183289,0.17112281918525696,-0.33812814950942993,0.9992741942405701,0.4938240945339203,0.16933728754520416,-0.1747961938381195,0.9977119565010071,0.4777294099330902,0.21209898591041565,-0.30213940143585205,0.9993743896484375,0.4705638289451599,0.2089669555425644,-0.25672149658203125,0.9989980459213257,0.5744105577468872,0.32575273513793945,-0.3355521559715271,0.9999483227729797,0.4757431447505951,0.32097896933555603,-0.043799348175525665,0.9997165203094482,0.6112538576126099,0.5263922214508057,-0.3119986057281494,0.9973399639129639,0.47718366980552673,0.5207058191299438,0.013345432467758656,0.4239571690559387,0.5859665870666504,0.7105166912078857,-0.3412937521934509,0.9879663586616516,0.4358251988887787,0.6607282757759094,-0.10457290709018707,0.8785746693611145,0.5890748500823975,0.7571765184402466,-0.3783329427242279,0.9745325446128845,0.42623528838157654,0.698538601398468,-0.13622519373893738,0.8720454573631287,0.5760968923568726,0.751861572265625,-0.4035804867744446,0.9758040904998779,0.421440064907074,0.6973442435264587,-0.17745715379714966,0.8885777592658997,0.5717953443527222,0.7328929305076599,-0.3497048616409302,0.9613416194915771,0.4279821813106537,0.6880694627761841,-0.12660588324069977,0.8698238134384155,0.5410191416740417,0.6773198246955872,-0.08541574329137802,0.998953104019165,0.48518404364585876,0.6764472723007202,0.08535392582416534,0.9986209273338318,0.5416353940963745,0.9282361268997192,0.020032858476042747,0.7689400315284729,0.502069354057312,0.9244192242622375,0.23135912418365479,0.3262099027633667,0.5641893744468689,1.1574581861495972,0.29827025532722473,0.31008681654930115,0.508003830909729,1.1396602392196655,0.4483885169029236,0.1392635703086853,0.5744299292564392,1.185153841972351,0.3193199932575226,0.17609073221683502,0.5178763270378113,1.1804146766662598,0.4659668803215027,0.1925019472837448,0.5290262699127197,1.2189747095108032,0.21250870823860168,0.2604631185531616,0.47531452775001526,1.1961052417755127,0.38153329491615295,0.17035771906375885
0.46984562277793884,0.1869189739227295,-0.3121964931488037,0.9980208873748779,0.4801173806190491,0.16268578171730042,-0.33087676763534546,0.9967268109321594,0.48330456018447876,0.1628296673297882,-0.3312867283821106,0.9970680475234985,0.486403226852417,0.16261740028858185,-0.33129656314849854,0.9974958300590515,0.4751001000404358,0.16114170849323273,-0.2958449125289917,0.9971511960029602,0.4748552441596985,0.15985991060733795,-0.29629188776016235,0.9979718923568726,0.4745355248451233,0.15823927521705627,-0.29662755131721497,0.9984065890312195,0.5104784369468689,0.17135180532932281,-0.34029942750930786,0.9992684125900269,0.4938254952430725,0.16944144666194916,-0.1813374012708664,0.9976259469985962,0.47713375091552734,0.21223123371601105,-0.3062928318977356,0.999369204044342,0.4700268805027008,0.2090144008398056,-0.26258304715156555,0.9989843368530273,0.5743213891983032,0.32577651739120483,-0.3363838195800781,0.9999491572380066,0.47434863448143005,0.32387638092041016,-0.046881768852472305,0.9997141361236572,0.6112254858016968,0.5263710021972656,-0.3158385157585144,0.9974052906036377,0.47633036971092224,0.5226428508758545,0.012839734554290771,0.4286225438117981,0.5911241769790649,0.7109540104866028,-0.3554469645023346,0.9879493117332458,0.4384346008300781,0.6662071943283081,-0.10307272523641586,0.868132472038269,0.5967307090759277,0.7574570775032043,-0.3954206109046936,0.9743672609329224,0.43092355132102966,0.7024996280670166,-0.13480527698993683,0.859204113483429,0.5840625166893005,0.7547101378440857,-0.4190612733364105,0.9756726026535034,0.4264655113220215,0.7019051909446716,-0.17636916041374207,0.877111554145813,0.5783160328865051,0.7354828119277954,-0.3634873628616333,0.9613288640975952,0.43196702003479004,0.6926345229148865,-0.12537625432014465,0.8585361242294312,0.5410682559013367,0.6790598034858704,-0.08592487126588821,0.9990199208259583,0.4853898882865906,0.6813268661499023,0.08586230129003525,0.9987021684646606,0.541692852973938,0.9301738142967224,0.01764708198606968,0.7761102914810181,0.5020686388015747,0.9251382350921631,0.23508372902870178,0.3338972330093384,0.5653244256973267,1.158570408821106,0.2852379083633423,0.315248042345047,0.5080221891403198,1.1420470476150513,0.45881128311157227,0.1455652117729187,0.5753688812255859,1.1858986616134644,0.3058469891548157,0.174974724650383,0.5179505348205566,1.1824289560317993,0.4768868088722229,0.19512447714805603,0.5307547450065613,1.2260199785232544,0.1942141354084015,0.2618151307106018,0.47561582922935486,1.20159912109375,0.39047226309776306,0.1751437932252884
0.46939486265182495,0.1868690550327301,-0.3484117090702057,0.997956395149231,0.4797790050506592,0.16265785694122314,-0.36674612760543823,0.9966370463371277,0.4829375743865967,0.16283103823661804,-0.3671726584434509,0.996992826461792,0.48615574836730957,0.16262347996234894,-0.36719292402267456,0.9974380135536194,0.47482094168663025,0.16088081896305084,-0.3327937424182892,0.9970709085464478,0.4745773673057556,0.15949445962905884,-0.33325713872909546,0.9979115128517151,0.4742651581764221,0.1578420251607895,-0.33361440896987915,0.9983625411987305,0.5101472735404968,0.17164397239685059,-0.3720056712627411,0.9992505311965942,0.49334517121315,0.16945895552635193,-0.2161235809326172,0.9975574612617493,0.4768480360507965,0.21225552260875702,-0.34093335270881653,0.9993507862091064,0.46953314542770386,0.2090972512960434,-0.29826703667640686,0.9989569783210754,0.5744767785072327,0.3262574374675751,-0.35918259620666504,0.9999476671218872,0.4741371273994446,0.3262404203414917,-0.07612293213605881,0.9997066855430603,0.610948920249939,0.5296387672424316,-0.33516925573349,0.9972357153892517,0.475835382938385,0.524203360080719,-0.014196118339896202,0.4230564832687378,0.5946704745292664,0.7153618931770325,-0.3602440655231476,0.9847923517227173,0.44278350472450256,0.6696230173110962,-0.12529996037483215,0.8427638411521912,0.5999183654785156,0.7622334957122803,-0.402863085269928,0.9683048725128174,0.43744096159935,0.7065314650535583,-0.1565077304840088,0.8313717246055603,0.5866961479187012,0.7619184851646423,-0.42058682441711426,0.9700028896331787,0.43279314041137695,0.7056396007537842,-0.19739408791065216,0.8512855768203735,0.5811723470687866,0.7426219582557678,-0.36539679765701294,0.9538930058479309,0.43757709860801697,0.6954250931739807,-0.14705632627010345,0.8327080607414246,0.5425608158111572,0.6786917448043823,-0.08612770587205887,0.9990779161453247,0.48552146553993225,0.6821361780166626,0.08606193959712982,0.9987784624099731,0.5418978929519653,0.9307839870452881,0.01361499447375536,0.7811644673347473,0.5020272731781006,0.9251910448074341,0.24722640216350555,0.33876165747642517,0.5656489133834839,1.1602332592010498,0.2890210747718811,0.3188891112804413,0.508453369140625,1.142808437347412,0.4727005958557129,0.15253609418869019,0.5758277177810669,1.1861222982406616,0.30975309014320374,0.17236383259296417,0.5183621048927307,1.1830610036849976,0.49084630608558655,0.19693918526172638,0.5298218131065369,1.2300969362258911,0.19375255703926086,0.2626150846481323,0.47675737738609314,1.2028813362121582,0.4009740352630615,0.1805749386548996
0.46894925832748413,0.1868486851453781,-0.34902042150497437,0.9977830648422241,0.4795743525028229,0.16266018152236938,-0.3647725582122803,0.9963098764419556,0.4827271103858948,0.16284696757793427,-0.3652012050151825,0.9967091679573059,0.4860815405845642,0.16266383230686188,-0.36521121859550476,0.9971845149993896,0.4746592044830322,0.1606881469488144,-0.3329452872276306,0.9968327283859253,0.47440361976623535,0.15918447077274323,-0.3334236145019531,0.9977532625198364,0.4740763306617737,0.15749205648899078,-0.3338007628917694,0.9982527494430542,0.5100874900817871,0.17221423983573914,-0.36334511637687683,0.9991617202758789,0.49290671944618225,0.1694754958152771,-0.21606004238128662,0.9973807334899902,0.47667592763900757,0.21230071783065796,-0.33931678533554077,0.9992884397506714,0.4690874218940735,0.20913511514663696,-0.29936087131500244,0.998876690864563,0.5745411515235901,0.3274408280849457,-0.3494788110256195,0.999944806098938,0.47395381331443787,0.32610633969306946,-0.08066246658563614,0.9997044205665588,0.6108355522155762,0.5324918031692505,-0.3077208399772644,0.9969087243080139,0.47613364458084106,0.5236499309539795,-0.015626532956957817,0.42081356048583984,0.599083662033081,0.7127606868743896,-0.320679634809494,0.9806063771247864,0.4491353929042816,0.6611319780349731,-0.1246139407157898,0.8324131965637207,0.6040709018707275,0.7599835991859436,-0.35386234521865845,0.9609388709068298,0.4424886107444763,0.6992307901382446,-0.1557166874408722,0.819729208946228,0.5908831357955933,0.7579439878463745,-0.383230984210968,0.9631569981575012,0.4371826648712158,0.698491096496582,-0.19563263654708862,0.8402142524719238,0.5854527354240417,0.7387733459472656,-0.3302420973777771,0.9457666873931885,0.4425881505012512,0.6884187459945679,-0.1457175612449646,0.8209947347640991,0.5433349013328552,0.6780256628990173,-0.08420664817094803,0.9991403222084045,0.48578494787216187,0.6811188459396362,0.08411948382854462,0.9988635778427124,0.5421667098999023,0.9306748509407043,0.020494526252150536,0.7900562286376953,0.5016331672668457,0.9233811497688293,0.268715500831604,0.34837600588798523,0.5658299922943115,1.1578781604766846,0.29808783531188965,0.32646140456199646,0.5084598064422607,1.137618899345398,0.4891643524169922,0.1632387489080429,0.5763888359069824,1.1844154596328735,0.31904691457748413,0.1719551831483841,0.5184207558631897,1.1786714792251587,0.5071364641189575,0.20050665736198425,0.529218852519989,1.2278543710708618,0.21057119965553284,0.26613280177116394,0.4757937490940094,1.1950544118881226,0.424445778131485,0.18851040303707123
0.46853581070899963,0.1869339793920517,-0.364212304353714,0.9977741837501526,0.4793682098388672,0.1629706174135208,-0.379299521446228,0.996286928653717,0.48247450590133667,0.16325682401657104,-0.3797394633293152,0.9967091679573059,0.4859553277492523,0.163146510720253,-0.37975645065307617,0.9971844553947449,0.4744648039340973,0.16074064373970032,-0.3481719493865967,0.9967856407165527,0.47420161962509155,0.15918675065040588,-0.3486418128013611,0.9977136850357056,0.47386711835861206,0.15748131275177002,-0.34901097416877747,0.9982120990753174,0.5100154876708984,0.17318305373191833,-0.37302908301353455,0.9991583824157715,0.4922925531864166,0.1696193814277649,-0.2291230857372284,0.9972923398017883,0.4765898585319519,0.21262098848819733,-0.35284948348999023,0.9992775917053223,0.4686613976955414,0.20927593111991882,-0.31369757652282715,0.9988457560539246,0.5746302604675293,0.32857391238212585,-0.3550759553909302,0.9999454617500305,0.47370806336402893,0.32557231187820435,-0.08751130849123001,0.9996947646141052,0.6109796762466431,0.5325517654418945,-0.31238842010498047,0.9969428181648254,0.47614163160324097,0.5212542414665222,-0.022767435759305954,0.4165057837963104,0.6031538248062134,0.7147794961929321,-0.33814477920532227,0.9806126952171326,0.4526871144771576,0.6569458842277527,-0.1275474578142166,0.8159537315368652,0.6097332239151001,0.7616910338401794,-0.37420663237571716,0.9607166647911072,0.4455460011959076,0.6953604817390442,-0.1577695906162262,0.8020623326301575,0.5987311601638794,0.762319028377533,-0.4027310907840729,0.9630265831947327,0.4410400986671448,0.69532710313797,-0.19770172238349915,0.8234748244285583,0.5926697254180908,0.7445286512374878,-0.3477177023887634,0.9459189176559448,0.44618505239486694,0.6853027939796448,-0.14856933057308197,0.8040860295295715,0.5439593195915222,0.6778010725975037,-0.08452018350362778,0.99919593334198,0.4863397479057312,0.6804606318473816,0.08442960679531097,0.9989298582077026,0.5428394079208374,0.9295037388801575,0.016896385699510574,0.7992090582847595,0.5009356141090393,0.9186841249465942,0.28540340065956116,0.35578498244285583,0.566108763217926,1.1563278436660767,0.28959783911705017,0.33215242624282837,0.5082341432571411,1.1336348056793213,0.5035101771354675,0.17146095633506775,0.5772019624710083,1.183878779411316,0.30994898080825806,0.1713060438632965,0.518413782119751,1.1759474277496338,0.5211799740791321,0.20421357452869415,0.5288594961166382,1.2265286445617676,0.20183798670768738,0.26838839054107666,0.47263139486312866,1.187874436378479,0.44281134009361267,0.19408054649829865
0.4679698944091797,0.18776297569274902,-0.3504176139831543,0.9977297782897949,0.4791581630706787,0.1636980175971985,-0.36551475524902344,0.9962104558944702,0.48224878311157227,0.16402779519557953,-0.36594337224960327,0.9966641664505005,0.4858761429786682,0.16396106779575348,-0.36595767736434937,0.9971510171890259,0.47410598397254944,0.1613953858613968,-0.33386608958244324,0.9966737627983093,0.47376030683517456,0.15977032482624054,-0.33433499932289124,0.9976227283477783,0.4733211100101471,0.15798185765743256,-0.33470025658607483,0.9981272220611572,0.5100475549697876,0.17413689196109772,-0.36463087797164917,0.9991430044174194,0.49180275201797485,0.1702730357646942,-0.2145613431930542,0.9971287846565247,0.4765370488166809,0.21381178498268127,-0.3396014869213104,0.9992498755455017,0.46814125776290894,0.2102523148059845,-0.29978233575820923,0.9987758994102478,0.5753517150878906,0.3298985958099365,-0.34831708669662476,0.9999455809593201,0.4737733006477356,0.325580894947052,-0.07512880116701126,0.9996723532676697,0.6111564636230469,0.534059464931488,-0.3062329590320587,0.9970005750656128,0.47646576166152954,0.5192052721977234,-0.013942867517471313,0.4079643487930298,0.606692373752594,0.7158592939376831,-0.33621519804000854,0.9807887077331543,0.4569881856441498,0.6548835039138794,-0.12239013612270355,0.78792804479599,0.6140985488891602,0.7619056105613708,-0.3723333477973938,0.9608700275421143,0.45027127861976624,0.6934930682182312,-0.15336349606513977,0.7732934355735779,0.603229820728302,0.7617945075035095,-0.4028649926185608,0.9632454514503479,0.4471514821052551,0.6937082409858704,-0.19450436532497406,0.7956693768501282,0.5965009927749634,0.7446610331535339,-0.3468324542045593,0.9465075135231018,0.45205992460250854,0.6833521723747253,-0.14396175742149353,0.777174711227417,0.5448180437088013,0.67838454246521,-0.0843902975320816,0.9992491006851196,0.4875248968601227,0.6811957955360413,0.08430035412311554,0.9989925622940063,0.5451592206954956,0.9298421144485474,0.007897845469415188,0.8072009682655334,0.5009409189224243,0.9185168147087097,0.2665705680847168,0.36539530754089355,0.566858172416687,1.1565966606140137,0.2690701484680176,0.34001219272613525,0.5086328983306885,1.1336997747421265,0.4833253026008606,0.18120437860488892,0.5784686207771301,1.1845548152923584,0.28801339864730835,0.17167556285858154,0.5192288160324097,1.1763345003128052,0.5020254850387573,0.20962285995483398,0.5284773111343384,1.2262425422668457,0.17663797736167908,0.2721407413482666,0.4725058674812317,1.187955617904663,0.4206721782684326,0.20122280716896057
0.46742552518844604,0.1892905831336975,-0.34809404611587524,0.9976361393928528,0.4788101315498352,0.16496890783309937,-0.3636689782142639,0.9960544109344482,0.4818424582481384,0.1652611643075943,-0.36410337686538696,0.996544599533081,0.4855216443538666,0.16510574519634247,-0.3641199469566345,0.9970596432685852,0.4736919403076172,0.1626628190279007,-0.33238545060157776,0.9965077638626099,0.47335535287857056,0.16088858246803284,-0.3328612148761749,0.9974965453147888,0.4729255139827728,0.15890361368656158,-0.3332335352897644,0.9980221390724182,0.5099239349365234,0.17490997910499573,-0.3619006872177124,0.9991046190261841,0.49163419008255005,0.17100001871585846,-0.21625439822673798,0.9969265460968018,0.4763229489326477,0.2152285873889923,-0.3380013108253479,0.9992116093635559,0.46771836280822754,0.21198919415473938,-0.29862523078918457,0.9986956715583801,0.5765952467918396,0.3318081200122833,-0.3458850383758545,0.9999451637268066,0.4739416539669037,0.3263128399848938,-0.08001390844583511,0.9996557235717773,0.6121180653572083,0.536105215549469,-0.30613937973976135,0.9970191717147827,0.4770905077457428,0.5187110304832458,-0.01869938150048256,0.4017324149608612,0.6117193698883057,0.716397762298584,-0.33091622591018677,0.9807599782943726,0.459911972284317,0.653278112411499,-0.12518075108528137,0.7695766687393188,0.6224948167800903,0.7613404989242554,-0.3654162883758545,0.9606306552886963,0.4535504877567291,0.6929234862327576,-0.155680850148201,0.7539847493171692,0.6113743185997009,0.7624041438102722,-0.397576242685318,0.963124692440033,0.4503086507320404,0.6931377649307251,-0.1955012083053589,0.7771749496459961,0.6025682687759399,0.746191143989563,-0.34212177991867065,0.9466878175735474,0.45476406812667847,0.6827278733253479,-0.1462351530790329,0.7589215040206909,0.5465460419654846,0.6786938309669495,-0.08438156545162201,0.9992956519126892,0.48931899666786194,0.6816226840019226,0.08429305255413055,0.9990487694740295,0.546589195728302,0.9305328130722046,0.015090318396687508,0.8117009401321411,0.5009406805038452,0.9181792140007019,0.27470749616622925,0.36815035343170166,0.5670907497406006,1.1565793752670288,0.26984700560569763,0.3446981906890869,0.508743166923523,1.1335225105285645,0.48578062653541565,0.186258003115654,0.5785893201828003,1.1849663257598877,0.288303941488266,0.17069143056869507,0.5195090770721436,1.1761640310287476,0.5027873516082764,0.21145355701446533,0.5284298658370972,1.2254390716552734,0.17700324952602386,0.27341657876968384,0.4724580645561218,1.1870054006576538,0.42161592841148376,0.2043016105890274
0.46670904755592346,0.19004148244857788,-0.3444342613220215,0.9975450038909912,0.47817879915237427,0.1657380759716034,-0.35917872190475464,0.9959287047386169,0.48116207122802734,0.1660778820514679,-0.3596651256084442,0.9964758157730103,0.4847140312194824,0.16590337455272675,-0.35969969630241394,0.9970188140869141,0.4731854498386383,0.1634109765291214,-0.3288704752922058,0.9963181614875793,0.47297564148902893,0.16163916885852814,-0.32933953404426575,0.9973468780517578,0.47266799211502075,0.15967169404029846,-0.32973426580429077,0.9978810548782349,0.5095566511154175,0.17542783915996552,-0.35954147577285767,0.9990888237953186,0.4917064309120178,0.1721382439136505,-0.21325480937957764,0.9966561794281006,0.47586721181869507,0.21617473661899567,-0.3361254334449768,0.9991776943206787,0.46731504797935486,0.21306541562080383,-0.298251211643219,0.9985971450805664,0.5793262720108032,0.3345596194267273,-0.34576183557510376,0.9999461770057678,0.47400909662246704,0.3324437141418457,-0.07331749051809311,0.9996275901794434,0.6132516860961914,0.5358960628509521,-0.3002183735370636,0.9971074461936951,0.4792238175868988,0.5186446309089661,-0.018259761855006218,0.3866058588027954,0.61525958776474,0.7152113318443298,-0.3174775540828705,0.9817230701446533,0.4635530114173889,0.6527736783027649,-0.10770000517368317,0.745962917804718,0.6274711489677429,0.7599387168884277,-0.351726233959198,0.9624173641204834,0.4570167064666748,0.6920697689056396,-0.13612332940101624,0.7313542366027832,0.6144679188728333,0.7601429224014282,-0.38363999128341675,0.9648569822311401,0.45406144857406616,0.6922387480735779,-0.17563018202781677,0.7553622126579285,0.6046805381774902,0.7442582845687866,-0.32855144143104553,0.949265718460083,0.45868945121765137,0.6816419959068298,-0.1285862922668457,0.7378597259521484,0.547027587890625,0.6815012693405151,-0.08581312000751495,0.9993395209312439,0.49081364274024963,0.6826658844947815,0.08572636544704437,0.9990924000740051,0.5467924475669861,0.930437445640564,0.031121039763092995,0.8137913346290588,0.500947117805481,0.9136919379234314,0.31488364934921265,0.36072713136672974,0.5671549439430237,1.1488970518112183,0.3038320243358612,0.3453645408153534,0.5092386603355408,1.1149858236312866,0.5501051545143127,0.18448562920093536,0.5788298845291138,1.1769261360168457,0.3245414197444916,0.16920003294944763,0.5204609632492065,1.1568107604980469,0.5699416399002075,0.21030467748641968,0.5282471179962158,1.2131505012512207,0.22433212399482727,0.2715188264846802,0.471815288066864,1.1615772247314453,0.5044733881950378,0.20182284712791443
0.4662269055843353,0.1904970407485962,-0.35914522409439087,0.9974991083145142,0.47782784700393677,0.1664130985736847,-0.3765708804130554,0.9958998560905457,0.48081693053245544,0.16687709093093872,-0.37703967094421387,0.9964753985404968,0.48434585332870483,0.16680289804935455,-0.37706539034843445,0.9970344305038452,0.4729492664337158,0.16397899389266968,-0.3431323170661926,0.996231734752655,0.47278881072998047,0.1622990369796753,-0.34359315037727356,0.9972660541534424,0.4725237786769867,0.16044144332408905,-0.3439677357673645,0.9978054165840149,0.5093724131584167,0.17628362774848938,-0.38264697790145874,0.9990863800048828,0.49173107743263245,0.1734803169965744,-0.22688627243041992,0.99647456407547,0.4754279553890228,0.21736842393875122,-0.3525576889514923,0.9991540908813477,0.46680229902267456,0.21423982083797455,-0.31031692028045654,0.9985209107398987,0.5805981159210205,0.33690544962882996,-0.3718258738517761,0.9999471306800842,0.47417861223220825,0.3361963629722595,-0.08374440670013428,0.9996036887168884,0.6147825717926025,0.5377284288406372,-0.32831263542175293,0.9971393346786499,0.48263001441955566,0.5209370851516724,-0.015069464221596718,0.3676885664463043,0.6185449957847595,0.7210840582847595,-0.3203531503677368,0.9821918606758118,0.4646907448768616,0.6527425646781921,-0.10774495452642441,0.7172293066978455,0.6311587691307068,0.7632195353507996,-0.3583637475967407,0.963127851486206,0.45755529403686523,0.6946298480033875,-0.1355028599500656,0.7031654715538025,0.6198090314865112,0.7647072076797485,-0.3872601091861725,0.9655805826187134,0.4545944631099701,0.6952645182609558,-0.1757631152868271,0.7279813885688782,0.609530508518219,0.7498913407325745,-0.3340393900871277,0.9504111409187317,0.45965486764907837,0.6840958595275879,-0.12886542081832886,0.7113255858421326,0.5487491488456726,0.6817201972007751,-0.0883990079164505,0.9993794560432434,0.491936594247818,0.6824043393135071,0.08831300586462021,0.9991326928138733,0.5467928647994995,0.9297913312911987,0.03394468501210213,0.8153820633888245,0.5005608797073364,0.9081204533576965,0.3255905210971832,0.3543941080570221,0.5671418309211731,1.1455907821655273,0.31884652376174927,0.3457309305667877,0.5093446373939514,1.1075901985168457,0.5737805962562561,0.18350552022457123,0.5788455605506897,1.173887848854065,0.34076905250549316,0.16710186004638672,0.5206473469734192,1.149101734161377,0.5950712561607361,0.20961688458919525,0.5278085470199585,1.2091808319091797,0.24027422070503235,0.2696959376335144,0.4711700975894928,1.1546351909637451,0.5306428670883179,0.20004861056804657
0.4662656784057617,0.19087235629558563,-0.3635100722312927,0.9975007772445679,0.47783946990966797,0.16713541746139526,-0.3803778290748596,0.9959307909011841,0.4808633327484131,0.1675964742898941,-0.38083767890930176,0.9965253472328186,0.4843836724758148,0.1675754189491272,-0.3808566927909851,0.9970837831497192,0.4729456901550293,0.16456100344657898,-0.346549928188324,0.9962166547775269,0.47275859117507935,0.16284286975860596,-0.34700673818588257,0.9972439408302307,0.4724644124507904,0.16099269688129425,-0.34737569093704224,0.9977750778198242,0.5093843340873718,0.17722496390342712,-0.3832833170890808,0.9990965127944946,0.49151891469955444,0.173964723944664,-0.22695469856262207,0.9963847994804382,0.47547388076782227,0.21793492138385773,-0.35574543476104736,0.9991410374641418,0.4666968286037445,0.21468886733055115,-0.3129715323448181,0.9984691739082336,0.5813940763473511,0.33783769607543945,-0.37199991941452026,0.9999476075172424,0.4744686186313629,0.3390667140483856,-0.08254233002662659,0.9995793104171753,0.6174901127815247,0.5384644865989685,-0.3329713046550751,0.9971851706504822,0.48337823152542114,0.5217798948287964,-0.014690617099404335,0.35030245780944824,0.6220511794090271,0.7231455445289612,-0.3272455334663391,0.982538640499115,0.46636635065078735,0.6550703048706055,-0.08940993249416351,0.6884217262268066,0.6343783140182495,0.7638256549835205,-0.36146149039268494,0.9635847210884094,0.45982256531715393,0.6982974410057068,-0.11477594077587128,0.6746851801872253,0.6213324666023254,0.7659550309181213,-0.39462482929229736,0.9660753011703491,0.45780467987060547,0.6988798379898071,-0.15553966164588928,0.7001762986183167,0.6111453771591187,0.7510805726051331,-0.3411875367164612,0.9512413740158081,0.4625719487667084,0.6878143548965454,-0.1105126366019249,0.6845776438713074,0.550308108329773,0.6823386549949646,-0.08942873030900955,0.9994097948074341,0.49343568086624146,0.6826382875442505,0.0893479436635971,0.9991580247879028,0.5473478436470032,0.9291568994522095,0.03642841801047325,0.8173642158508301,0.5007122755050659,0.9082580804824829,0.32608768343925476,0.3498748242855072,0.5672469139099121,1.143975019454956,0.32526895403862,0.3474735915660858,0.5095469951629639,1.1031430959701538,0.5844386219978333,0.18229667842388153,0.5790120363235474,1.1730810403823853,0.34744974970817566,0.16641837358474731,0.5208868384361267,1.144883394241333,0.6068105101585388,0.20919762551784515,0.5277709364891052,1.2055249214172363,0.2437014877796173,0.26902177929878235,0.47111111879348755,1.1491552591323853,0.5410124063491821,0.19793355464935303
0.46637052297592163,0.1909400373697281,-0.36030668020248413,0.997626781463623,0.4780227541923523,0.16741631925106049,-0.37592193484306335,0.9961559176445007,0.48132985830307007,0.16794419288635254,-0.376371830701828,0.9967259764671326,0.4852505624294281,0.16809770464897156,-0.37639185786247253,0.9972520470619202,0.4729953706264496,0.16460426151752472,-0.34305712580680847,0.9964033365249634,0.47277554869651794,0.16288107633590698,-0.3435222804546356,0.9973744750022888,0.47248125076293945,0.1610555499792099,-0.34388673305511475,0.997869610786438,0.5095341801643372,0.17770598828792572,-0.3758114278316498,0.9991475343704224,0.4912976622581482,0.17421287298202515,-0.22301264107227325,0.9965184926986694,0.4757328927516937,0.21803021430969238,-0.35119307041168213,0.9991719722747803,0.46675530076026917,0.21467258036136627,-0.30974623560905457,0.9985073208808899,0.5827925205230713,0.339162141084671,-0.3657149076461792,0.9999486207962036,0.4757656455039978,0.338299423456192,-0.0831434428691864,0.999564528465271,0.6201865077018738,0.5402310490608215,-0.3251562714576721,0.9972522854804993,0.4846295416355133,0.5215333104133606,-0.022291380912065506,0.33802422881126404,0.6263992190361023,0.7221739292144775,-0.3293083906173706,0.9828421473503113,0.46853333711624146,0.6529763340950012,-0.11968356370925903,0.661761999130249,0.6393380761146545,0.7629193067550659,-0.36260461807250977,0.9641497731208801,0.46138349175453186,0.6972809433937073,-0.1463538408279419,0.6498225927352905,0.6243430972099304,0.764506459236145,-0.3943399488925934,0.9666717052459717,0.459705650806427,0.6976020336151123,-0.18491828441619873,0.6759051084518433,0.6135535836219788,0.7492762207984924,-0.34107494354248047,0.9523254632949829,0.4640108644962311,0.6866858601570129,-0.14028741419315338,0.6616323590278625,0.5506347417831421,0.6823367476463318,-0.08793704211711884,0.9994415044784546,0.4943638741970062,0.6825127005577087,0.08784542232751846,0.9991888403892517,0.5480419993400574,0.9293116331100464,0.016866642981767654,0.8260374069213867,0.5013481974601746,0.9084748029708862,0.30696409940719604,0.3600711226463318,0.5685018301010132,1.1445848941802979,0.28641095757484436,0.35850316286087036,0.5116932392120361,1.1065632104873657,0.5455152988433838,0.18916188180446625,0.5802378058433533,1.1734657287597656,0.3070465326309204,0.17151984572410583,0.5229217410087585,1.1477506160736084,0.5655616521835327,0.21428117156028748,0.530269205570221,1.2065266370773315,0.20966991782188416,0.27726832032203674,0.47516924142837524,1.1546069383621216,0.49568063020706177,0.20312032103538513
0.4668855667114258,0.19181793928146362,-0.39456313848495483,0.9977096915245056,0.4782435894012451,0.16877710819244385,-0.4097667634487152,0.996329128742218,0.48175254464149475,0.16910932958126068,-0.4102400839328766,0.9968916177749634,0.4860532879829407,0.16922666132450104,-0.4102722704410553,0.9974033236503601,0.4731602668762207,0.16590705513954163,-0.37739798426628113,0.9965070486068726,0.47287386655807495,0.16408728063106537,-0.3778690993785858,0.9974284768104553,0.4725287854671478,0.16219665110111237,-0.37824177742004395,0.9978936910629272,0.5098918676376343,0.17799609899520874,-0.4021308422088623,0.9991926550865173,0.4913201928138733,0.1748771220445633,-0.25273582339286804,0.9964779615402222,0.4766252040863037,0.21858204901218414,-0.38284486532211304,0.999200165271759,0.4674345552921295,0.21495456993579865,-0.34207308292388916,0.9985163807868958,0.5847333073616028,0.3400461673736572,-0.37965935468673706,0.9999513030052185,0.4766029715538025,0.33828386664390564,-0.1029713898897171,0.9995333552360535,0.6227483749389648,0.5425621867179871,-0.3281118869781494,0.9973447322845459,0.4871002733707428,0.5207605361938477,-0.02569144405424595,0.3148179352283478,0.6297836303710938,0.7246989011764526,-0.33233436942100525,0.9833455085754395,0.47140413522720337,0.6516908407211304,-0.11814837157726288,0.6090537905693054,0.6425689458847046,0.7645787000656128,-0.36725059151649475,0.9649295806884766,0.4664137363433838,0.6966565251350403,-0.14396533370018005,0.5993832349777222,0.6273667216300964,0.7663185000419617,-0.39643827080726624,0.9674752950668335,0.46478667855262756,0.6968281865119934,-0.18389956653118134,0.6244938373565674,0.6174408793449402,0.750314474105835,-0.34300658106803894,0.9535843729972839,0.46906423568725586,0.6859567165374756,-0.13892139494419098,0.6125422120094299,0.551825225353241,0.6822437047958374,-0.08657967299222946,0.999475359916687,0.49580255150794983,0.6824280619621277,0.0864953026175499,0.9992157220840454,0.5502265691757202,0.9307751059532166,0.01610083505511284,0.8303646445274353,0.5013723373413086,0.9073882102966309,0.29932644963264465,0.363309383392334,0.5696297883987427,1.1490737199783325,0.2947971224784851,0.3594418466091156,0.5116734504699707,1.1078763008117676,0.5529763102531433,0.1896030455827713,0.581014096736908,1.1783000230789185,0.316642165184021,0.17002561688423157,0.522890031337738,1.1500589847564697,0.5753479599952698,0.21175812184810638,0.5326462388038635,1.214332938194275,0.2122659981250763,0.2762807607650757,0.4759041368961334,1.1585476398468018,0.5039961934089661,0.20108051598072052
0.467913955450058,0.19256862998008728,-0.3881204426288605,0.9978485703468323,0.47865182161331177,0.16995824873447418,-0.4018700122833252,0.9965737462043762,0.48237553238868713,0.17015381157398224,-0.40233978629112244,0.9971110820770264,0.4870103895664215,0.17025458812713623,-0.4023820459842682,0.9975943565368652,0.4738212525844574,0.16733980178833008,-0.3706064522266388,0.9967013001441956,0.47361278533935547,0.16555513441562653,-0.37107670307159424,0.9975562691688538,0.4733888506889343,0.1636347472667694,-0.37144726514816284,0.9979838728904724,0.5106178522109985,0.1784624308347702,-0.39158564805984497,0.9992517828941345,0.49243372678756714,0.17587341368198395,-0.2460709512233734,0.9965782761573792,0.4779239296913147,0.21924331784248352,-0.3754228353500366,0.9992510676383972,0.4693318009376526,0.2155935913324356,-0.3360423445701599,0.9985839128494263,0.5866824388504028,0.34172406792640686,-0.3716427683830261,0.9999546408653259,0.4771290421485901,0.3381706774234772,-0.09917943924665451,0.9995196461677551,0.6241532564163208,0.5431365966796875,-0.3127082288265228,0.9974910020828247,0.4884018003940582,0.5205990076065063,-0.024668512865900993,0.2974853217601776,0.6338241696357727,0.7243049740791321,-0.3241731524467468,0.984370231628418,0.472561776638031,0.6513546705245972,-0.11688932031393051,0.562575101852417,0.6478633284568787,0.7639710307121277,-0.35735830664634705,0.966903030872345,0.4688391089439392,0.6962270736694336,-0.14333952963352203,0.5550756454467773,0.6350823640823364,0.7659881711006165,-0.39168545603752136,0.9693603515625,0.46696799993515015,0.69654381275177,-0.18338161706924438,0.5793268084526062,0.6246055960655212,0.7503163814544678,-0.33625710010528564,0.9563345313072205,0.47049808502197266,0.6854772567749023,-0.13798567652702332,0.5699561238288879,0.5535538792610168,0.6822176575660706,-0.08466069400310516,0.9995130300521851,0.497084379196167,0.6823585629463196,0.08456403017044067,0.9992551803588867,0.5515784025192261,0.931785523891449,-0.00901918113231659,0.8397184610366821,0.5027987957000732,0.9100518226623535,0.28034496307373047,0.38006001710891724,0.5709018111228943,1.1529444456100464,0.26759570837020874,0.3677189350128174,0.5122976899147034,1.116032361984253,0.5356714725494385,0.19822950661182404,0.5825999975204468,1.1821954250335693,0.28881943225860596,0.17173737287521362,0.5233340859413147,1.1567604541778564,0.5588107705116272,0.21530094742774963,0.5342487096786499,1.2219247817993164,0.1830289661884308,0.2824890911579132,0.47654929757118225,1.1704754829406738,0.4924325942993164,0.20665481686592102
0.4703696370124817,0.19301800429821014,-0.37931209802627563,0.9979705214500427,0.47997695207595825,0.17078930139541626,-0.3929658532142639,0.9967892169952393,0.48416662216186523,0.17084038257598877,-0.39342600107192993,0.9973045587539673,0.48887723684310913,0.17088623344898224,-0.39346230030059814,0.9977627396583557,0.4753282070159912,0.16843929886817932,-0.3621686100959778,0.9968726634979248,0.4752441942691803,0.16664189100265503,-0.3626392185688019,0.9976667761802673,0.4751710295677185,0.16469281911849976,-0.363010436296463,0.9980606436729431,0.5121573805809021,0.17868107557296753,-0.3911456763744354,0.9993028044700623,0.4943087697029114,0.17650148272514343,-0.24004295468330383,0.9966686367988586,0.4806482195854187,0.21944497525691986,-0.3669397532939911,0.9992921352386475,0.4728182852268219,0.2160298079252243,-0.32819104194641113,0.9986335039138794,0.5881968140602112,0.34300410747528076,-0.36118146777153015,0.999957263469696,0.4785342216491699,0.3406304121017456,-0.0963556244969368,0.9994865655899048,0.6251068115234375,0.5430949926376343,-0.3029415011405945,0.9976245760917664,0.4915732443332672,0.5206054449081421,-0.021395845338702202,0.280495822429657,0.6363811492919922,0.7244832515716553,-0.32220932841300964,0.985237181186676,0.4758547842502594,0.6510173678398132,-0.09897532314062119,0.5167102217674255,0.650227427482605,0.7645084857940674,-0.35523325204849243,0.968564510345459,0.472705215215683,0.6967076063156128,-0.12189092487096786,0.5107906460762024,0.6390804648399353,0.767284631729126,-0.39030009508132935,0.9709603190422058,0.4702491760253906,0.6968859434127808,-0.16202259063720703,0.5338143110275269,0.6287297010421753,0.7517988681793213,-0.3346431851387024,0.9587050080299377,0.47391238808631897,0.6853858828544617,-0.11948107182979584,0.5268909335136414,0.555142343044281,0.6823717951774597,-0.0827905535697937,0.9995455741882324,0.49789032340049744,0.6822976469993591,0.08269653469324112,0.9992865324020386,0.5533725023269653,0.933866560459137,-0.014300721697509289,0.8471967577934265,0.5044168829917908,0.9131259322166443,0.26712766289711,0.39192208647727966,0.5717223286628723,1.1569610834121704,0.24831119179725647,0.37283530831336975,0.5136455297470093,1.121536374092102,0.5118164420127869,0.20261530578136444,0.5839182138442993,1.1861062049865723,0.26795995235443115,0.17167887091636658,0.524581253528595,1.1615684032440186,0.533194899559021,0.21646742522716522,0.5337300300598145,1.2255058288574219,0.16031333804130554,0.28543907403945923,0.47802644968032837,1.175856590270996,0.46622738242149353,0.2085418999195099
