x1,y1,z1,v1,x2,y2,z2,v2,x3,y3,z3,v3,x4,y4,z4,v4,x5,y5,z5,v5,x6,y6,z6,v6,x7,y7,z7,v7,x8,y8,z8,v8,x9,y9,z9,v9,x10,y10,z10,v10,x11,y11,z11,v11,x12,y12,z12,v12,x13,y13,z13,v13,x14,y14,z14,v14,x15,y15,z15,v15,x16,y16,z16,v16,x17,y17,z17,v17,x18,y18,z18,v18,x19,y19,z19,v19,x20,y20,z20,v20,x21,y21,z21,v21,x22,y22,z22,v22,x23,y23,z23,v23,x24,y24,z24,v24,x25,y25,z25,v25,x26,y26,z26,v26,x27,y27,z27,v27,x28,y28,z28,v28,x29,y29,z29,v29,x30,y30,z30,v30,x31,y31,z31,v31,x32,y32,z32,v32,x33,y33,z33,v33
0.4641018509864807,0.3988632261753082,0.04120934382081032,0.9962988495826721,0.4520840644836426,0.39206403493881226,0.07478933036327362,0.9934938549995422,0.45240598917007446,0.3925924003124237,0.07454108446836472,0.9923720955848694,0.45350486040115356,0.3930630087852478,0.07448466867208481,0.9939150810241699,0.4465687870979309,0.39943912625312805,0.028458422049880028,0.996921956539154,0.44236040115356445,0.40614980459213257,0.028025399893522263,0.9978507161140442,0.43781012296676636,0.4132230877876282,0.027872031554579735,0.9984957575798035,0.4376535415649414,0.42447513341903687,0.20358431339263916,0.9977340698242188,0.42069706320762634,0.46037575602531433,0.002539290115237236,0.9976567029953003,0.4778645634651184,0.42761945724487305,0.0980328693985939,0.9954317808151245,0.4713538587093353,0.4345392882823944,0.0339159294962883,0.9975100159645081,0.5515711903572083,0.5177386999130249,0.27908581495285034,0.9984048008918762,0.4363632798194885,0.6629447340965271,-0.06442076712846756,0.9998027682304382,0.6432317495346069,0.4900771379470825,0.2765572965145111,0.15785640478134155,0.32618579268455505,0.6658955216407776,-0.22690825164318085,0.8133171200752258,0.6297116279602051,0.303510844707489,0.13078244030475616,0.20496590435504913,0.3357260823249817,0.40607061982154846,-0.2342228889465332,0.7778269648551941,0.6242941617965698,0.26020634174346924,0.11766531318426132,0.22972382605075836,0.3366536498069763,0.3418810963630676,-0.27250662446022034,0.7696502804756165,0.616540789604187,0.25491806864738464,0.08937915414571762,0.23686927556991577,0.34274038672447205,0.3314879238605499,-0.2348697930574417,0.7690133452415466,0.6178075075149536,0.2720167934894562,0.11289068311452866,0.22906018793582916,0.3450043201446533,0.346701443195343,-0.22218243777751923,0.7401068806648254,0.6975021362304688,0.7400093078613281,0.08312033861875534,0.9985138177871704,0.6582628488540649,0.864990234375,-0.08339046686887741,0.9993538856506348,0.8526989817619324,0.877590537071228,0.09674841910600662,0.5200294852256775,0.8143841028213501,1.0095328092575073,-0.16350793838500977,0.731585681438446,0.9274643063545227,1.0693726539611816,0.22764833271503448,0.25243261456489563,0.8732154965400696,1.1457892656326294,0.14860744774341583,0.5805178284645081,0.9341933131217957,1.1045985221862793,0.2369256466627121,0.32000598311424255,0.8819917440414429,1.168036937713623,0.18282930552959442,0.4128035604953766,0.9609889984130859,1.120659351348877,0.16133439540863037,0.2602161765098572,0.9028621912002563,1.1596789360046387,0.13602155447006226,0.502652645111084
0.4620857834815979,0.37940284609794617,0.004580146633088589,0.9966351389884949,0.447025865316391,0.3777416944503784,0.03757495433092117,0.9941157102584839,0.44663816690444946,0.3803289234638214,0.037190865725278854,0.9930984377861023,0.44621697068214417,0.3824201822280884,0.03705299645662308,0.9945109486579895,0.44168680906295776,0.3822052478790283,-0.011976909823715687,0.9972026348114014,0.4376656115055084,0.3883182406425476,-0.012449217960238457,0.9980258345603943,0.4337256848812103,0.39434903860092163,-0.01266193576157093,0.9986212253570557,0.4277043342590332,0.4242725074291229,0.18139131367206573,0.9979556798934937,0.41609472036361694,0.447062224149704,-0.04898236319422722,0.9978477954864502,0.4740196168422699,0.4138169288635254,0.061001699417829514,0.995880126953125,0.46650639176368713,0.4155178368091583,-0.007862513884902,0.9977467656135559,0.5432482957839966,0.533556342124939,0.25751611590385437,0.9985607266426086,0.4243301749229431,0.6734474897384644,-0.12626120448112488,0.9998087286949158,0.6426611542701721,0.5045576691627502,0.2862066626548767,0.18556468188762665,0.3182395100593567,0.6720321178436279,-0.41681140661239624,0.8310489654541016,0.6364770531654358,0.29168885946273804,0.16716839373111725,0.26316171884536743,0.32681694626808167,0.3879062235355377,-0.5783296823501587,0.7940900921821594,0.6256973743438721,0.2481517344713211,0.16134527325630188,0.2812396287918091,0.3276210427284241,0.3187311887741089,-0.6394063234329224,0.7761476635932922,0.6166502833366394,0.2435837686061859,0.13241362571716309,0.28757718205451965,0.33226022124290466,0.3171553313732147,-0.5907730460166931,0.772132396697998,0.6194692254066467,0.25914278626441956,0.1511942595243454,0.2761826515197754,0.3361986577510834,0.3414180874824524,-0.5655590891838074,0.7370122671127319,0.7028877139091492,0.8427783250808716,0.09947822242975235,0.9986302852630615,0.6599808931350708,0.9359500408172607,-0.0997047945857048,0.9993837475776672,0.8926622271537781,0.9293142557144165,0.16570837795734406,0.47002512216567993,0.8444708585739136,1.070270299911499,-0.18927280604839325,0.6732245683670044,0.8943406343460083,1.113452434539795,0.4539347290992737,0.2273920625448227,0.8754995465278625,1.1633795499801636,0.19338300824165344,0.5231046676635742,0.8878144025802612,1.1399731636047363,0.4816876947879791,0.28865885734558105,0.8762761354446411,1.1844358444213867,0.23638348281383514,0.3726934790611267,0.9261628985404968,1.1558893918991089,0.47574034333229065,0.23447899520397186,0.9106394052505493,1.1713075637817383,0.23452988266944885,0.45297971367836
0.4628456234931946,0.37876901030540466,-0.01961098425090313,0.996959388256073,0.44694143533706665,0.37383872270584106,0.013918066397309303,0.9946915507316589,0.4466080665588379,0.3757764995098114,0.013509733602404594,0.993770956993103,0.446566104888916,0.3775765299797058,0.01337579358369112,0.9950532913208008,0.4419947564601898,0.3792182207107544,-0.029357150197029114,0.9974719882011414,0.4379667639732361,0.38529831171035767,-0.029890183359384537,0.998208224773407,0.4333108365535736,0.39195549488067627,-0.030125150457024574,0.9987504482269287,0.42961326241493225,0.42310845851898193,0.1578008234500885,0.9981564879417419,0.41288843750953674,0.44546639919281006,-0.04230280593037605,0.998043417930603,0.47476476430892944,0.4138537049293518,0.03668133541941643,0.9962871074676514,0.467654287815094,0.4163140058517456,-0.023865478113293648,0.9979661107063293,0.5463550090789795,0.5385181307792664,0.2372434139251709,0.998699426651001,0.42426666617393494,0.6556034684181213,-0.09498525410890579,0.99981689453125,0.642792820930481,0.5075671076774597,0.30283090472221375,0.2399139702320099,0.3121984601020813,0.6746643781661987,-0.3401438295841217,0.8471812605857849,0.6342515349388123,0.3067690432071686,0.21436557173728943,0.330556184053421,0.32269757986068726,0.3939276337623596,-0.491753488779068,0.8129081130027771,0.6246029138565063,0.26243647933006287,0.2131510227918625,0.3445720672607422,0.32143959403038025,0.3242790102958679,-0.5456621050834656,0.7937976121902466,0.6138510704040527,0.25358694791793823,0.18138442933559418,0.350242018699646,0.3346080183982849,0.3156881630420685,-0.5096722841262817,0.7893356084823608,0.6148408055305481,0.270975261926651,0.19925500452518463,0.3380427658557892,0.34259486198425293,0.33865460753440857,-0.4832998216152191,0.7556878328323364,0.7043173909187317,0.862774133682251,0.08733019977807999,0.9986855983734131,0.6644402742385864,0.9530444741249084,-0.08760367333889008,0.9993636608123779,0.915566623210907,0.9263519048690796,0.08686422556638718,0.4335796535015106,0.8429334759712219,1.056625247001648,-0.31454700231552124,0.6284672617912292,0.9280741810798645,1.146572232246399,0.3058171272277832,0.20536218583583832,0.8947275876998901,1.1707996129989624,0.07389207184314728,0.4718407988548279,0.9208835363388062,1.1765049695968628,0.3300899565219879,0.2613692581653595,0.8961881399154663,1.2019773721694946,0.11579283326864243,0.33733853697776794,0.9617968797683716,1.1993582248687744,0.3251686990261078,0.2119290679693222,0.9358540773391724,1.1779528856277466,0.1287011355161667,0.40875908732414246
0.45931029319763184,0.3809790015220642,-0.053447216749191284,0.9972429871559143,0.4416700005531311,0.37497156858444214,-0.021377883851528168,0.9951989650726318,0.44134965538978577,0.3762979805469513,-0.021802419796586037,0.9943611025810242,0.44107070565223694,0.3775688111782074,-0.02193562500178814,0.9955356121063232,0.4362804889678955,0.38138410449028015,-0.06331633776426315,0.9977041482925415,0.4326252341270447,0.3871309459209442,-0.06388633698225021,0.9983562231063843,0.42855486273765564,0.3932804465293884,-0.06415805965662003,0.9988577365875244,0.42942166328430176,0.42141008377075195,0.1201881393790245,0.9983327984809875,0.41233396530151367,0.44230788946151733,-0.0720161646604538,0.9981951117515564,0.4702991843223572,0.4134812653064728,0.003056866582483053,0.9966477751731873,0.4641502797603607,0.4169486165046692,-0.05552802234888077,0.9981566667556763,0.5456893444061279,0.5367035865783691,0.2241915762424469,0.9988234043121338,0.4289557933807373,0.6507275700569153,-0.11458081007003784,0.999819278717041,0.6407213807106018,0.5197488069534302,0.3125731348991394,0.28908073902130127,0.3088872730731964,0.6831284165382385,-0.31473079323768616,0.8616239428520203,0.6321556568145752,0.3178960680961609,0.24847987294197083,0.39316749572753906,0.31855061650276184,0.3999428153038025,-0.40408334136009216,0.8294824361801147,0.6221088767051697,0.27343398332595825,0.2541382908821106,0.40382450819015503,0.3161546587944031,0.33254149556159973,-0.4464901387691498,0.8082129955291748,0.6118820309638977,0.26029282808303833,0.21899645030498505,0.40885165333747864,0.3296686112880707,0.3255285620689392,-0.4116487503051758,0.8030436635017395,0.6134899854660034,0.2777107059955597,0.23322391510009766,0.3963969647884369,0.33958977460861206,0.3454318642616272,-0.39463645219802856,0.7710137367248535,0.7162818908691406,0.8811236619949341,0.09093841910362244,0.9986505508422852,0.6676455736160278,0.9591512680053711,-0.09118212759494781,0.9992604851722717,0.918982982635498,0.9247338175773621,0.06723735481500626,0.3966882526874542,0.8517195582389832,1.0618367195129395,-0.3176495432853699,0.5798479914665222,0.9625624418258667,1.1712220907211304,0.2862486243247986,0.18529781699180603,0.9086529612541199,1.2153682708740234,0.0545714907348156,0.4252891540527344,0.9578158259391785,1.2029298543930054,0.3084467351436615,0.2362939864397049,0.9079710245132446,1.254601001739502,0.09757805615663528,0.3047710657119751,0.9991199374198914,1.2425981760025024,0.30869418382644653,0.19132135808467865,0.9584291577339172,1.222896695137024,0.12213017791509628,0.3685183525085449
0.45731058716773987,0.3815516531467438,-0.0765596255660057,0.9975054264068604,0.43949732184410095,0.3756275475025177,-0.043855227530002594,0.9956642985343933,0.4393068253993988,0.37667983770370483,-0.04431217908859253,0.9949056506156921,0.43927937746047974,0.37772178649902344,-0.04442232474684715,0.995974063873291,0.4338149428367615,0.3820473849773407,-0.0870220810174942,0.9979216456413269,0.4297145903110504,0.3880096971988678,-0.0876232385635376,0.9985042810440063,0.42529934644699097,0.3942773938179016,-0.08792012184858322,0.9989619851112366,0.4287463128566742,0.4196245074272156,0.10298623144626617,0.9984950423240662,0.4101310670375824,0.4416511058807373,-0.09398715198040009,0.9983517527580261,0.4688792824745178,0.41279906034469604,-0.017584776505827904,0.9969768524169922,0.4631156325340271,0.41726845502853394,-0.07777734100818634,0.9983335137367249,0.5454292893409729,0.5359888076782227,0.21833090484142303,0.9989368915557861,0.42618170380592346,0.6491603851318359,-0.12772707641124725,0.9998286366462708,0.6391366720199585,0.5196834206581116,0.38347679376602173,0.3408239185810089,0.30534350872039795,0.6917895674705505,-0.3520018458366394,0.8749276399612427,0.6286956071853638,0.31870347261428833,0.40797847509384155,0.45138025283813477,0.31819045543670654,0.4032666087150574,-0.4838305115699768,0.8456094861030579,0.6192355751991272,0.2756330370903015,0.42838066816329956,0.45965632796287537,0.31710875034332275,0.33209070563316345,-0.5337583422660828,0.8247788548469543,0.6088298559188843,0.2635762691497803,0.3867630362510681,0.46424591541290283,0.33377164602279663,0.3239080607891083,-0.49531179666519165,0.8196263313293457,0.610553503036499,0.2808718979358673,0.39294570684432983,0.45222344994544983,0.3435973823070526,0.3455197811126709,-0.47390246391296387,0.7897987961769104,0.7264025211334229,0.8784968852996826,0.09141529351472855,0.9985859394073486,0.6711695194244385,0.961348831653595,-0.0916302278637886,0.9991378784179688,0.9250650405883789,0.9391086101531982,0.06316402554512024,0.36594080924987793,0.8499110341072083,1.059875249862671,-0.3202386200428009,0.5430342555046082,0.9529722332954407,1.2017731666564941,0.2923879325389862,0.16738490760326385,0.9177401661872864,1.224610447883606,0.06765002757310867,0.3838711380958557,0.9475582838058472,1.2318629026412964,0.315414160490036,0.21393977105617523,0.9179522395133972,1.268247365951538,0.1140747219324112,0.2763475179672241,0.9821691513061523,1.2873982191085815,0.3194628953933716,0.17306320369243622,0.9708927273750305,1.231488585472107,0.14556114375591278,0.332845002412796
0.45515546202659607,0.3840818703174591,-0.0886061042547226,0.9977340698242188,0.4379848837852478,0.37831437587738037,-0.05611371994018555,0.9960678219795227,0.4382113814353943,0.37925583124160767,-0.056588154286146164,0.9953747391700745,0.43876996636390686,0.380178838968277,-0.05667150020599365,0.996358335018158,0.4315038323402405,0.38526076078414917,-0.09461220353841782,0.9981068968772888,0.4274292588233948,0.39156052470207214,-0.09520063549280167,0.9986255168914795,0.4229223132133484,0.39850053191185,-0.09549789875745773,0.9990484118461609,0.42863672971725464,0.41967400908470154,0.09265141189098358,0.9986337423324585,0.4077220559120178,0.4447396993637085,-0.08322182297706604,0.998473584651947,0.467263400554657,0.41416558623313904,-0.02885597012937069,0.9972644448280334,0.4607166349887848,0.4204707145690918,-0.0831117331981659,0.9984849095344543,0.5459147691726685,0.5392177104949951,0.211347296833992,0.9990335702896118,0.4247928261756897,0.6502620577812195,-0.10546423494815826,0.9998335242271423,0.6356697678565979,0.5210247039794922,0.3633803725242615,0.37218576669692993,0.3027511239051819,0.6998999118804932,-0.32243847846984863,0.8863484263420105,0.6240717172622681,0.3158063590526581,0.38690465688705444,0.4995335638523102,0.31645339727401733,0.41550225019454956,-0.44420140981674194,0.8598006367683411,0.6133667826652527,0.2765827775001526,0.40589576959609985,0.504975438117981,0.3151033818721771,0.3486775755882263,-0.4909299314022064,0.8392351865768433,0.6040810346603394,0.2648259997367859,0.369417279958725,0.5093220472335815,0.3316243588924408,0.33618995547294617,-0.4522833228111267,0.8341003656387329,0.6058412194252014,0.28151658177375793,0.37421712279319763,0.4969891905784607,0.3400881886482239,0.355241060256958,-0.4341960549354553,0.8063912987709045,0.7330893278121948,0.8818755149841309,0.0875728502869606,0.9982222318649292,0.6717407703399658,0.965304970741272,-0.08782856166362762,0.9987841844558716,0.9275637865066528,0.9474525451660156,0.08052928000688553,0.3332109749317169,0.8609600067138672,1.065261960029602,-0.27400827407836914,0.4964025914669037,1.0046377182006836,1.219743013381958,0.27998822927474976,0.15107782185077667,0.9534831047058105,1.2637038230895996,0.06779735535383224,0.3461754024028778,1.0063927173614502,1.2548577785491943,0.2976153492927551,0.19340191781520844,0.9569565653800964,1.3133198022842407,0.10668543726205826,0.24987976253032684,1.044340968132019,1.301340103149414,0.27764230966567993,0.15638314187526703,1.0150103569030762,1.2720496654510498,0.1089693158864975,0.30028197169303894
0.45294293761253357,0.38426703214645386,-0.05646383762359619,0.9979507923126221,0.43575090169906616,0.3790181875228882,-0.021781127899885178,0.9964470267295837,0.4361437261104584,0.379754900932312,-0.02221710793673992,0.9958170056343079,0.4368229806423187,0.38039878010749817,-0.022284213453531265,0.9967135787010193,0.4287014603614807,0.387145072221756,-0.058425284922122955,0.9982861876487732,0.42469629645347595,0.39390501379966736,-0.05901528522372246,0.9987497925758362,0.4200803339481354,0.4016673266887665,-0.05929328873753548,0.9991360306739807,0.4272599220275879,0.4197045564651489,0.11043471097946167,0.9987627863883972,0.4049893021583557,0.4470961391925812,-0.03856385499238968,0.998603880405426,0.4652227461338043,0.4133915305137634,0.0029705369379371405,0.9975287318229675,0.45784878730773926,0.42151322960853577,-0.048496562987565994,0.9986273050308228,0.5450103878974915,0.538036584854126,0.23753269016742706,0.9991198778152466,0.42045897245407104,0.6487442851066589,-0.06490487605333328,0.9998399615287781,0.6343103647232056,0.5288755297660828,0.40241724252700806,0.40388110280036926,0.2998722195625305,0.7071210741996765,-0.24521470069885254,0.8968366384506226,0.6208763718605042,0.326070100069046,0.4104684293270111,0.5439477562904358,0.3120764195919037,0.42644035816192627,-0.3353777527809143,0.8725156188011169,0.6114166975021362,0.284576952457428,0.42778128385543823,0.5467610955238342,0.31880709528923035,0.3555254638195038,-0.3745593726634979,0.8516954183578491,0.6029175519943237,0.2729822099208832,0.3923637270927429,0.5507693290710449,0.3318714499473572,0.34552469849586487,-0.353728711605072,0.8464468121528625,0.6042537689208984,0.29038918018341064,0.3976280391216278,0.5384231209754944,0.3360370993614197,0.36655744910240173,-0.3299124836921692,0.8207688927650452,0.7335551381111145,0.8812952637672424,0.0876239761710167,0.9980999827384949,0.6734476089477539,0.9636109471321106,-0.08790765702724457,0.998677670955658,0.9285094141960144,0.9486451745033264,0.07557397335767746,0.3045085072517395,0.8473802804946899,1.0610309839248657,-0.2728615403175354,0.45660486817359924,0.98857182264328,1.2424075603485107,0.23616623878479004,0.13638393580913544,0.9614761471748352,1.2688077688217163,0.04965178295969963,0.3125359117984772,0.9861193895339966,1.2771515846252441,0.2516828775405884,0.1749512255191803,0.967765212059021,1.3181909322738647,0.0944216176867485,0.2264551818370819,1.0259430408477783,1.3337737321853638,0.22634105384349823,0.14132773876190186,1.0312538146972656,1.2800476551055908,0.07176617532968521,0.27119970321655273
0.45019763708114624,0.38422563672065735,-0.049797091633081436,0.9981321096420288,0.4335402846336365,0.3789169192314148,-0.015060501173138618,0.996764063835144,0.4340516924858093,0.37950968742370605,-0.015515277162194252,0.9961821436882019,0.43485283851623535,0.3799034059047699,-0.015578098595142365,0.9970179796218872,0.4264678955078125,0.38731634616851807,-0.05331867188215256,0.9984298944473267,0.4224788546562195,0.3942350745201111,-0.05390683934092522,0.998839795589447,0.41775602102279663,0.40233349800109863,-0.05418939143419266,0.9992018938064575,0.4256319999694824,0.4196256399154663,0.12319248914718628,0.9988681077957153,0.40151071548461914,0.44873207807540894,-0.038801539689302444,0.9986860752105713,0.4628210663795471,0.4127422273159027,0.009849654510617256,0.9977543354034424,0.45487695932388306,0.42216622829437256,-0.043666012585163116,0.9987431764602661,0.544672966003418,0.5393927693367004,0.2420129030942917,0.9991947412490845,0.4184321463108063,0.6484861373901367,-0.06958210468292236,0.9998420476913452,0.6330451965332031,0.5323824882507324,0.4122318625450134,0.41952085494995117,0.3020881116390228,0.7172008156776428,-0.2617747485637665,0.9058264493942261,0.6181869506835938,0.3317885100841522,0.43522748351097107,0.5785868167877197,0.30813872814178467,0.43465396761894226,-0.3415551483631134,0.8832916021347046,0.6093692183494568,0.28770777583122253,0.4555029273033142,0.578205406665802,0.3141922056674957,0.36068183183670044,-0.3818437457084656,0.8614267110824585,0.601833701133728,0.27523860335350037,0.4198300242424011,0.5820876955986023,0.32707616686820984,0.3506382703781128,-0.3454344570636749,0.8558765053749084,0.6033705472946167,0.29348134994506836,0.42272454500198364,0.569074273109436,0.33156365156173706,0.3746645152568817,-0.3310166597366333,0.8317808508872986,0.7341536283493042,0.8788215517997742,0.09282952547073364,0.9978070855140686,0.6747080087661743,0.9587795734405518,-0.09308923780918121,0.9984198212623596,0.9355500936508179,0.9422591924667358,0.08625532686710358,0.2764114439487457,0.8642829656600952,1.0602315664291382,-0.25962287187576294,0.4160683751106262,1.037113904953003,1.211276650428772,0.23948605358600616,0.12305295467376709,0.9831827282905579,1.2798113822937012,0.03310538828372955,0.28187295794487,1.0407495498657227,1.2501773834228516,0.2520257234573364,0.15805993974208832,0.9911489486694336,1.333638310432434,0.06730028241872787,0.204762265086174,1.0840336084365845,1.2852426767349243,0.216619610786438,0.12760944664478302,1.0508317947387695,1.2837145328521729,0.04557608813047409,0.24463558197021484
0.44609910249710083,0.383516788482666,-0.07349354773759842,0.9983006119728088,0.4305897355079651,0.37870919704437256,-0.03607308119535446,0.997061550617218,0.43149977922439575,0.3789253532886505,-0.03652764484286308,0.9965263605117798,0.4326794743537903,0.37878188490867615,-0.036601290106773376,0.9972988367080688,0.42308273911476135,0.38755980134010315,-0.07311740517616272,0.9985688924789429,0.4191513657569885,0.39431560039520264,-0.07374639064073563,0.9989327192306519,0.41422098875045776,0.40243691205978394,-0.07406513392925262,0.9992687106132507,0.4250328540802002,0.41814911365509033,0.11799559742212296,0.9989674687385559,0.3987661600112915,0.44893723726272583,-0.04805387556552887,0.9987843036651611,0.4588004946708679,0.4110240936279297,-0.012449485249817371,0.9979652166366577,0.4506654143333435,0.42190825939178467,-0.06468378752470016,0.9988561868667603,0.5441225171089172,0.5405128002166748,0.22590918838977814,0.9992625713348389,0.41578373312950134,0.6499502658843994,-0.075653575360775,0.9998477697372437,0.6322911977767944,0.5406509637832642,0.350822389125824,0.4406026303768158,0.30198901891708374,0.7248358726501465,-0.2796993851661682,0.9144672155380249,0.6156623363494873,0.3360789120197296,0.33844223618507385,0.6112737059593201,0.30670520663261414,0.4436758756637573,-0.37365633249282837,0.8937982320785522,0.6078611612319946,0.294641375541687,0.3516186475753784,0.6085566878318787,0.3069829046726227,0.37098029255867004,-0.4146568179130554,0.8719507455825806,0.5994217395782471,0.28191158175468445,0.3196258544921875,0.612001359462738,0.3229769468307495,0.359951913356781,-0.373689740896225,0.8663482666015625,0.6003462076187134,0.2983214259147644,0.32673341035842896,0.5987920165061951,0.32991504669189453,0.38395246863365173,-0.36142176389694214,0.8438913226127625,0.7336475253105164,0.8831889629364014,0.08719407767057419,0.9977862238883972,0.6725123524665833,0.9629241824150085,-0.08747543394565582,0.9984036087989807,0.9203416705131531,0.9453760981559753,0.0383036807179451,0.2617555856704712,0.8486357927322388,1.0531964302062988,-0.26697736978530884,0.3894597887992859,0.9853265881538391,1.2366540431976318,0.2318861186504364,0.11190106719732285,0.9613261222839355,1.2544723749160767,0.052773378789424896,0.2551049292087555,0.9857155680656433,1.2697781324386597,0.24987444281578064,0.14423289895057678,0.9853228330612183,1.2992150783538818,0.09128983318805695,0.1862756609916687,1.0220725536346436,1.3265331983566284,0.23553064465522766,0.1162366047501564,1.0125203132629395,1.282477617263794,0.0981866642832756,0.22157198190689087
0.44316115975379944,0.3822215497493744,-0.07203744351863861,0.9984276294708252,0.4285406470298767,0.3789510130882263,-0.015337752178311348,0.997288703918457,0.42978334426879883,0.37937596440315247,-0.015907354652881622,0.9967734217643738,0.43133965134620667,0.3793143033981323,-0.015973854809999466,0.9975261092185974,0.4206823408603668,0.3874187767505646,-0.06582438200712204,0.9986645579338074,0.4167153239250183,0.39415231347084045,-0.06672463566064835,0.9989757537841797,0.4117630124092102,0.40226632356643677,-0.06716243922710419,0.999308705329895,0.4237576425075531,0.41810327768325806,0.15608133375644684,0.9990319609642029,0.3972080647945404,0.44896426796913147,-0.032464779913425446,0.9988052845001221,0.4558548927307129,0.4104497730731964,0.008215553127229214,0.9981349110603333,0.4475317895412445,0.421676367521286,-0.06312419474124908,0.9989373683929443,0.5421352386474609,0.5392830967903137,0.25242823362350464,0.9993162155151367,0.41422009468078613,0.6490938663482666,-0.07326702773571014,0.9998465776443481,0.630089521408081,0.5368607044219971,0.4080696105957031,0.4410058259963989,0.29873716831207275,0.7309825420379639,-0.2511816918849945,0.9218546152114868,0.6139494180679321,0.33929020166397095,0.41386541724205017,0.632503092288971,0.3053666055202484,0.447881817817688,-0.3149341940879822,0.9023573398590088,0.6076762080192566,0.29600605368614197,0.4308749735355377,0.625433087348938,0.3050626218318939,0.37344568967819214,-0.35283905267715454,0.8787845969200134,0.5979036092758179,0.2862827479839325,0.39586538076400757,0.6287985444068909,0.3200666308403015,0.36594584584236145,-0.305127888917923,0.8728088736534119,0.5981489419937134,0.3032984137535095,0.4012487828731537,0.6146991848945618,0.32631632685661316,0.39210984110832214,-0.298980176448822,0.8513904213905334,0.7334126234054565,0.8798745274543762,0.08526957780122757,0.9975166320800781,0.6716233491897583,0.9599278569221497,-0.0855729728937149,0.9982074499130249,0.9214767217636108,0.9423364400863647,0.05581791326403618,0.2376205325126648,0.8459833860397339,1.0674554109573364,-0.2571541666984558,0.3541601002216339,1.015700101852417,1.231379747390747,0.23146288096904755,0.1009339764714241,0.964145839214325,1.2792423963546753,0.040189050137996674,0.2299710214138031,1.0191409587860107,1.2672845125198364,0.24271008372306824,0.13024470210075378,0.9742345809936523,1.3289928436279297,0.0744214653968811,0.1682599037885666,1.061988353729248,1.30906081199646,0.2140827476978302,0.10490410774946213,1.031139850616455,1.2924461364746094,0.07644922286272049,0.19978879392147064
0.44088083505630493,0.38345345854759216,-0.053674954921007156,0.9985529184341431,0.4267009198665619,0.3801880180835724,-0.010190085507929325,0.9975154399871826,0.4280392527580261,0.3803689181804657,-0.010653788223862648,0.9970318675041199,0.4297010004520416,0.3801257610321045,-0.010723346844315529,0.9977452158927917,0.4188833236694336,0.38858762383461,-0.049902014434337616,0.9987655282020569,0.41474491357803345,0.3952264189720154,-0.050611771643161774,0.9990351796150208,0.4093821048736572,0.40331780910491943,-0.05096263438463211,0.9993537664413452,0.4216330647468567,0.4187837243080139,0.16249790787696838,0.9991075396537781,0.39471977949142456,0.44945234060287476,-0.02259037271142006,0.9988586902618408,0.4543783664703369,0.41085925698280334,0.009408460929989815,0.9983001351356506,0.44516754150390625,0.4224959909915924,-0.04520145803689957,0.9990219473838806,0.5404831767082214,0.5416185855865479,0.2621636390686035,0.999371349811554,0.41305071115493774,0.6481501460075378,-0.05861622095108032,0.9998509287834167,0.6292493343353271,0.5511544942855835,0.42485111951828003,0.44068172574043274,0.294869601726532,0.7391114234924316,-0.2788044810295105,0.9284314513206482,0.6128334403038025,0.3406999707221985,0.4368894696235657,0.6553448438644409,0.303087443113327,0.45504051446914673,-0.40084999799728394,0.91048663854599,0.6088203191757202,0.2999071478843689,0.45547834038734436,0.6454387307167053,0.30097025632858276,0.38169097900390625,-0.4475363790988922,0.8863644003868103,0.5971258878707886,0.29053550958633423,0.41854339838027954,0.6487588286399841,0.31497839093208313,0.3745482861995697,-0.4045794904232025,0.8802492022514343,0.5969396829605103,0.30705657601356506,0.4236524701118469,0.6335260272026062,0.32182711362838745,0.4009877145290375,-0.38898760080337524,0.8597872257232666,0.7340043187141418,0.8845503926277161,0.08887989073991776,0.9973016381263733,0.6723071932792664,0.9610810875892639,-0.08918933570384979,0.9980465769767761,0.9255936741828918,0.9403573870658875,0.0729343444108963,0.21605631709098816,0.853314220905304,1.0545066595077515,-0.25315332412719727,0.3229099214076996,1.014028787612915,1.234517216682434,0.24735942482948303,0.09108060598373413,0.9706289172172546,1.265697717666626,0.04662574082612991,0.2074085921049118,1.0163613557815552,1.2721551656723022,0.26154154539108276,0.11771463602781296,0.9774084091186523,1.3192858695983887,0.08124034851789474,0.15217214822769165,1.0600966215133667,1.3074851036071777,0.2362140417098999,0.09476149082183838,1.039602518081665,1.2709288597106934,0.07526086270809174,0.18027900159358978
0.44056302309036255,0.3820399343967438,-0.04361755773425102,0.9986792206764221,0.4261123239994049,0.3808409869670868,-0.005861605051904917,0.9977381229400635,0.4272100031375885,0.3811100721359253,-0.00634500989690423,0.9972974061965942,0.4285493791103363,0.38074764609336853,-0.006420624442398548,0.9979556798934937,0.4191465973854065,0.3886926472187042,-0.045390933752059937,0.9988693594932556,0.4152635633945465,0.3952544629573822,-0.04603521153330803,0.9991089701652527,0.4103923738002777,0.4030722379684448,-0.04636075347661972,0.9994037747383118,0.41949090361595154,0.42031335830688477,0.15050777792930603,0.9991891384124756,0.39541226625442505,0.4492569863796234,-0.040859706699848175,0.9989393949508667,0.4542614817619324,0.4096480906009674,0.015457306988537312,0.9984617829322815,0.44596654176712036,0.41991958022117615,-0.038510747253894806,0.9991101026535034,0.5391148924827576,0.5414512157440186,0.2554326355457306,0.9994298219680786,0.41229113936424255,0.6472554802894592,-0.06419901549816132,0.9998602867126465,0.6285878419876099,0.5521030426025391,0.45478981733322144,0.46699973940849304,0.2910054922103882,0.74479740858078,-0.2946864068508148,0.9350094795227051,0.6121166944503784,0.34209224581718445,0.555420458316803,0.6854366660118103,0.30398842692375183,0.45812779664993286,-0.44319191575050354,0.918846607208252,0.6078889966011047,0.30292123556137085,0.5859438180923462,0.674943745136261,0.30036649107933044,0.38459885120391846,-0.4937606453895569,0.8962919116020203,0.5959057807922363,0.293146550655365,0.541183590888977,0.6782917976379395,0.3145899474620819,0.3771255910396576,-0.4523865282535553,0.8905502557754517,0.5960903167724609,0.3090471625328064,0.5416702032089233,0.6637396216392517,0.3217470049858093,0.40430960059165955,-0.4331512451171875,0.8716815114021301,0.7341021299362183,0.884555459022522,0.08733078092336655,0.9972149133682251,0.6726699471473694,0.9625064134597778,-0.08769524842500687,0.9979514479637146,0.9251238703727722,0.9390943646430969,0.0674779862165451,0.20132815837860107,0.8473434448242188,1.065549373626709,-0.25002485513687134,0.303972452878952,1.0197489261627197,1.2281283140182495,0.2449978142976761,0.08272674679756165,0.968830406665802,1.2758488655090332,0.04015146940946579,0.1883450448513031,1.0236685276031494,1.2636926174163818,0.2600783407688141,0.10720405727624893,0.9774562120437622,1.3287663459777832,0.07270725071430206,0.13940280675888062,1.0626577138900757,1.3125512599945068,0.2289666384458542,0.08645076304674149,1.0359207391738892,1.2858535051345825,0.06306389719247818,0.16404862701892853
0.43835434317588806,0.37906935811042786,-0.05641399696469307,0.9987868070602417,0.4242047369480133,0.3808310627937317,-0.023427847772836685,0.9979315996170044,0.4250917434692383,0.3815210163593292,-0.023968489840626717,0.9975305199623108,0.42604589462280273,0.3813146948814392,-0.024069875478744507,0.9981418251991272,0.41802114248275757,0.3881213665008545,-0.06595072150230408,0.9989557266235352,0.41447749733924866,0.3946816027164459,-0.06658032536506653,0.9991679191589355,0.40988364815711975,0.4023630917072296,-0.06692521274089813,0.9994430541992188,0.41611209511756897,0.42181751132011414,0.12223420292139053,0.999262273311615,0.3945264220237732,0.44889286160469055,-0.07339578121900558,0.9990040063858032,0.45268958806991577,0.40641674399375916,0.0014510706532746553,0.9986059665679932,0.44521117210388184,0.41516822576522827,-0.05727866291999817,0.9991874098777771,0.5375263690948486,0.5393148064613342,0.22287091612815857,0.9994829893112183,0.411902517080307,0.6466375589370728,-0.09392464905977249,0.9998684525489807,0.6282752156257629,0.5554690957069397,0.42962536215782166,0.49325236678123474,0.28897103667259216,0.7510569095611572,-0.34584301710128784,0.9410151243209839,0.6127194166183472,0.3433086574077606,0.517708957195282,0.7132781147956848,0.3045852780342102,0.46070921421051025,-0.5178925395011902,0.9263888597488403,0.6100781559944153,0.30396568775177,0.5460338592529297,0.7025864720344543,0.2997813820838928,0.3886510729789734,-0.5738481283187866,0.9052426218986511,0.5974797010421753,0.2948685884475708,0.5008240938186646,0.7058959603309631,0.3139382600784302,0.38189807534217834,-0.5297170877456665,0.899823784828186,0.5971066355705261,0.31065496802330017,0.503420352935791,0.6920102834701538,0.32167965173721313,0.40809985995292664,-0.507545530796051,0.882345974445343,0.7350895404815674,0.8835417628288269,0.08594430238008499,0.9971606135368347,0.6733474731445312,0.9642645716667175,-0.0862579271197319,0.9978786706924438,0.9247400164604187,0.9406276941299438,0.08051208406686783,0.18943560123443604,0.8540566563606262,1.062510371208191,-0.24775902926921844,0.293041467666626,1.0120559930801392,1.2257689237594604,0.28278952836990356,0.07541559636592865,0.9677633047103882,1.269046664237976,0.06788039207458496,0.17188474535942078,1.0151591300964355,1.2589672803878784,0.300751656293869,0.09806948900222778,0.9749151468276978,1.3215867280960083,0.10415127128362656,0.12886974215507507,1.0534714460372925,1.3171885013580322,0.2815689444541931,0.07927396148443222,1.032044768333435,1.2807947397232056,0.10319866240024567,0.15008507668972015
0.43554559350013733,0.3781455159187317,-0.048947595059871674,0.9988646507263184,0.4226570129394531,0.38099533319473267,-0.016214147210121155,0.9980769157409668,0.4236491322517395,0.3818594515323639,-0.016723601147532463,0.9977014660835266,0.4246709942817688,0.38172951340675354,-0.016819048672914505,0.9982941150665283,0.41635966300964355,0.3882122337818146,-0.05589839071035385,0.9990119338035583,0.41264796257019043,0.3949137032032013,-0.05650786682963371,0.9991915225982666,0.4079248309135437,0.40259552001953125,-0.05683443695306778,0.9994638562202454,0.4150059223175049,0.42268863320350647,0.12487367540597916,0.9993178248405457,0.3928377330303192,0.44863227009773254,-0.05567740648984909,0.9990200996398926,0.45034605264663696,0.4051722586154938,0.0075205168686807156,0.9987282752990723,0.44279924035072327,0.41419151425361633,-0.047777123749256134,0.9992484450340271,0.5373860001564026,0.5376607179641724,0.21375074982643127,0.9995289444923401,0.41136494278907776,0.6469017267227173,-0.0792248323559761,0.9998733401298523,0.6277137398719788,0.553666889667511,0.4145793914794922,0.5117077827453613,0.28732287883758545,0.7623616456985474,-0.30042213201522827,0.9463102221488953,0.6123162508010864,0.34415096044540405,0.48986274003982544,0.7341119647026062,0.30562257766723633,0.46284767985343933,-0.4558132588863373,0.9324723482131958,0.6091839075088501,0.30519726872444153,0.5154770016670227,0.7212666869163513,0.30243343114852905,0.3919041156768799,-0.5087313055992126,0.9111096858978271,0.5964367985725403,0.29575100541114807,0.4757654070854187,0.724502444267273,0.3168763220310211,0.385029137134552,-0.49413901567459106,0.9056328535079956,0.5966657400131226,0.31384414434432983,0.4776255190372467,0.710639238357544,0.3241056203842163,0.4110311269760132,-0.45372700691223145,0.8889790177345276,0.7350292205810547,0.8863056898117065,0.08585501462221146,0.9971503019332886,0.6735340356826782,0.967680811882019,-0.08612509816884995,0.997851550579071,0.9244803190231323,0.9416323900222778,0.06618960201740265,0.1772053986787796,0.8558805584907532,1.0541497468948364,-0.25074124336242676,0.2768150568008423,1.0098628997802734,1.2314566373825073,0.2636595666408539,0.0684693232178688,0.9697016477584839,1.2642168998718262,0.056519489735364914,0.1559646874666214,1.0118992328643799,1.2648165225982666,0.27858966588974,0.08926913142204285,0.9761284589767456,1.3170164823532104,0.09031400084495544,0.11787895858287811,1.0517895221710205,1.319582223892212,0.25333747267723083,0.07216019928455353,1.035517930984497,1.2764315605163574,0.0880073755979538,0.1364033967256546
0.4341668486595154,0.3765551745891571,-0.054332368075847626,0.9988889098167419,0.4214993417263031,0.3808968961238861,-0.023479359224438667,0.9981504678726196,0.42251935601234436,0.3820134401321411,-0.024016952142119408,0.9977841377258301,0.4236016869544983,0.3820514976978302,-0.02414446510374546,0.9983988404273987,0.4150733947753906,0.3881983160972595,-0.06201431155204773,0.9990173578262329,0.41126227378845215,0.39511269330978394,-0.06265347450971603,0.9991579055786133,0.4066615700721741,0.402802437543869,-0.06301673501729965,0.999451756477356,0.4145210385322571,0.4232792854309082,0.10889770835638046,0.999352216720581,0.3926028907299042,0.4483727216720581,-0.06393903493881226,0.9989749789237976,0.4492676854133606,0.40358293056488037,-0.000997571856714785,0.9988256692886353,0.4411140978336334,0.412874698638916,-0.054635316133499146,0.9992892146110535,0.5360035300254822,0.5369146466255188,0.18714985251426697,0.9995673894882202,0.40925854444503784,0.6475880742073059,-0.08313041925430298,0.9998748898506165,0.6256444454193115,0.5551366209983826,0.40628600120544434,0.5249133706092834,0.2885822653770447,0.7683513164520264,-0.2931951582431793,0.9511036276817322,0.6117456555366516,0.3460366725921631,0.45937639474868774,0.7512401342391968,0.3054829239845276,0.46406885981559753,-0.4190932810306549,0.9381029605865479,0.6084879636764526,0.3054879903793335,0.48348918557167053,0.7363113164901733,0.3012511134147644,0.39490196108818054,-0.4651591181755066,0.9168796539306641,0.5951206684112549,0.29771628975868225,0.4442470967769623,0.7394541501998901,0.3160592317581177,0.3875499665737152,-0.434296190738678,0.9114118814468384,0.5949900150299072,0.3155622184276581,0.44712352752685547,0.7256773114204407,0.3235871195793152,0.41143956780433655,-0.41116413474082947,0.8954836130142212,0.7349284887313843,0.8872025609016418,0.07838400453329086,0.9971293807029724,0.673120379447937,0.9718472957611084,-0.07862786948680878,0.9978210926055908,0.916258692741394,0.9431696534156799,0.06484819203615189,0.17019599676132202,0.8554668426513672,1.05092453956604,-0.23722293972969055,0.26627567410469055,1.0028045177459717,1.2316585779190063,0.2521396279335022,0.06269446015357971,0.9655852317810059,1.2556346654891968,0.06698007881641388,0.14219199120998383,1.0044105052947998,1.2644914388656616,0.26735907793045044,0.08198362588882446,0.9726428985595703,1.3056013584136963,0.1023416668176651,0.10879266262054443,1.043711543083191,1.3205394744873047,0.24918513000011444,0.06627631932497025,1.0303417444229126,1.276115894317627,0.11531748622655869,0.12462029606103897
0.42736101150512695,0.3764912486076355,-0.058210939168930054,0.9989166855812073,0.41499513387680054,0.3810310363769531,-0.027365852147340775,0.9982307553291321,0.41610726714134216,0.3823767900466919,-0.0279071144759655,0.997880756855011,0.41722002625465393,0.3826371431350708,-0.028044387698173523,0.9985024929046631,0.4082221984863281,0.3886040449142456,-0.06693162024021149,0.9990304112434387,0.4044526517391205,0.39598900079727173,-0.06758742779493332,0.999139130115509,0.40034517645835876,0.4035570025444031,-0.06796901673078537,0.9994456171989441,0.41100868582725525,0.42481061816215515,0.1052413359284401,0.9993926286697388,0.3898698687553406,0.44881656765937805,-0.07248331606388092,0.9989523887634277,0.44388023018836975,0.4025927186012268,-0.004940700251609087,0.9989181160926819,0.4354446828365326,0.41256433725357056,-0.0599142424762249,0.9993298649787903,0.533840537071228,0.536681592464447,0.18716083467006683,0.9996037483215332,0.40766042470932007,0.6474053263664246,-0.09518064558506012,0.9998782277107239,0.6217440366744995,0.5570341944694519,0.40236273407936096,0.5396721959114075,0.2884681820869446,0.7745736241340637,-0.31910964846611023,0.9555454850196838,0.6084522008895874,0.34791943430900574,0.4886729121208191,0.7676645517349243,0.302440345287323,0.4707043170928955,-0.4598008990287781,0.9434120655059814,0.6044167280197144,0.30811360478401184,0.5170713663101196,0.7510237693786621,0.3005182147026062,0.39974766969680786,-0.5086590647697449,0.9226934909820557,0.5881677865982056,0.3028952181339264,0.47603654861450195,0.754036545753479,0.31351256370544434,0.3906414806842804,-0.46784740686416626,0.917294442653656,0.5889598727226257,0.3186741769313812,0.4763558804988861,0.7403532862663269,0.32045942544937134,0.41707128286361694,-0.4492565989494324,0.9020828008651733,0.7344952821731567,0.8867500424385071,0.07835493981838226,0.9971699118614197,0.673246443271637,0.9715738892555237,-0.0785902887582779,0.9978387951850891,0.9142751693725586,0.9429687261581421,0.06492911279201508,0.16622453927993774,0.8538702130317688,1.0466246604919434,-0.25187402963638306,0.2671595513820648,0.9965259432792664,1.2242716550827026,0.28668639063835144,0.05763446167111397,0.9647801518440247,1.251891851425171,0.0830875113606453,0.13069485127925873,0.995593249797821,1.2569758892059326,0.30838578939437866,0.07572472840547562,0.968348503112793,1.3007495403289795,0.1245771199464798,0.10194698721170425,1.0423438549041748,1.3134362697601318,0.3139292001724243,0.06116076558828354,1.0248603820800781,1.2688076496124268,0.15497873723506927,0.11479829996824265
0.41879987716674805,0.3744810223579407,-0.05568365007638931,0.9988317489624023,0.40667805075645447,0.3811204135417938,-0.026076290756464005,0.9981499314308167,0.4077017307281494,0.3827998638153076,-0.026611927896738052,0.9977827072143555,0.4087422788143158,0.38333624601364136,-0.026746775954961777,0.9985095858573914,0.4004085958003998,0.3890044689178467,-0.0651649460196495,0.998918354511261,0.3971189856529236,0.3970966339111328,-0.06582967936992645,0.9989710450172424,0.3934534192085266,0.4050546884536743,-0.06622450798749924,0.9993523955345154,0.4062125086784363,0.4258953630924225,0.10076481103897095,0.9993851184844971,0.38677555322647095,0.4521002173423767,-0.07479404658079147,0.9987624883651733,0.43600040674209595,0.4006187319755554,-0.003919558133929968,0.9989627599716187,0.42862027883529663,0.4107845723628998,-0.058286625891923904,0.9993215799331665,0.5318112969398499,0.5372627377510071,0.17609243094921112,0.9996305704116821,0.40764307975769043,0.6473456621170044,-0.10361480712890625,0.999873697757721,0.6207998991012573,0.5853080749511719,0.3584689497947693,0.5306513905525208,0.28943759202957153,0.7816937565803528,-0.3353694677352905,0.9589753746986389,0.605392575263977,0.36099180579185486,0.4281350076198578,0.7670880556106567,0.30400562286376953,0.47583216428756714,-0.47501009702682495,0.9462831020355225,0.6032260060310364,0.3184581398963928,0.45385274291038513,0.7491557002067566,0.3020583987236023,0.40212661027908325,-0.5240610241889954,0.9236276149749756,0.587083637714386,0.3104563355445862,0.4086889624595642,0.7522116303443909,0.3145720064640045,0.3951510190963745,-0.4813222289085388,0.9174723029136658,0.5878775119781494,0.3247307538986206,0.41351351141929626,0.7377805709838867,0.32127073407173157,0.4226057827472687,-0.4639705717563629,0.9016368389129639,0.7351721525192261,0.8878354430198669,0.07681360840797424,0.9971863031387329,0.6735838055610657,0.97541743516922,-0.0770190954208374,0.9978405833244324,0.9177142977714539,0.9502561092376709,0.06901317089796066,0.15892069041728973,0.8524039387702942,1.0639153718948364,-0.23777306079864502,0.2595382034778595,1.0123695135116577,1.2260900735855103,0.27092060446739197,0.053186360746622086,0.9625487327575684,1.261160135269165,0.09644220769405365,0.11955748498439789,1.0158389806747437,1.256704330444336,0.2909799814224243,0.06995449960231781,0.9670140147209167,1.3059388399124146,0.13606444001197815,0.09461978077888489,1.0564601421356201,1.3168169260025024,0.28318098187446594,0.056577734649181366,1.0225439071655273,1.2933180332183838,0.16198192536830902,0.10519677400588989
0.41556257009506226,0.3750416338443756,0.0033334430772811174,0.9977548718452454,0.40257325768470764,0.38505515456199646,0.0330834835767746,0.996196448802948,0.4037325978279114,0.3867650032043457,0.03253154456615448,0.9954347014427185,0.40483713150024414,0.387167364358902,0.03237234055995941,0.9973655343055725,0.3958379030227661,0.39460524916648865,-0.0026848926208913326,0.9975522756576538,0.3926166296005249,0.4037720859050751,-0.0033401488326489925,0.9974892139434814,0.38902708888053894,0.41231927275657654,-0.0037848178762942553,0.9984815716743469,0.40500563383102417,0.42825978994369507,0.1531732827425003,0.9988004565238953,0.3855326473712921,0.4603640139102936,-0.006871218327432871,0.9971436858177185,0.43198394775390625,0.40094664692878723,0.050901107490062714,0.9985781311988831,0.4249447286128998,0.41162970662117004,0.001050017774105072,0.9988882541656494,0.5320345759391785,0.5372404456138611,0.20553836226463318,0.9996217489242554,0.4081483483314514,0.6473879218101501,-0.05705251172184944,0.9998507499694824,0.6208503246307373,0.5941809415817261,0.3446970283985138,0.4900289475917816,0.28695785999298096,0.787984311580658,-0.32015088200569153,0.9586756229400635,0.5999988317489624,0.3683619499206543,0.3582002520561218,0.7302892208099365,0.30316653847694397,0.48355603218078613,-0.4994575083255768,0.9476596713066101,0.5940606594085693,0.32941243052482605,0.37315016984939575,0.7208802103996277,0.2989240884780884,0.4087862968444824,-0.5543216466903687,0.9240872263908386,0.5798918008804321,0.32241252064704895,0.33943411707878113,0.7246724367141724,0.3126533329486847,0.4000489115715027,-0.5083222985267639,0.9173328876495361,0.5822142362594604,0.33527693152427673,0.3463287651538849,0.7086090445518494,0.320311963558197,0.42982566356658936,-0.4882584512233734,0.9008651375770569,0.7396336793899536,0.8927814960479736,0.07376698404550552,0.9967181086540222,0.6743295192718506,0.9824848771095276,-0.07402868568897247,0.9975473880767822,0.9279510378837585,0.9663487672805786,0.08602998405694962,0.14406520128250122,0.8531511425971985,1.083195686340332,-0.18299853801727295,0.23613174259662628,1.0398916006088257,1.234897494316101,0.24672691524028778,0.04815264791250229,0.9663750529289246,1.2874022722244263,0.08407577127218246,0.10807942599058151,1.0471307039260864,1.263735055923462,0.25685423612594604,0.06352145224809647,0.9745477437973022,1.3327195644378662,0.1203567236661911,0.0860786885023117,1.090394377708435,1.3190630674362183,0.2205885350704193,0.05127269774675369,1.027595043182373,1.322342038154602,0.15470559895038605,0.09511500597000122
0.4045069217681885,0.37540313601493835,0.03954382985830307,0.9967756867408752,0.3897242248058319,0.38646116852760315,0.07128174602985382,0.9948451519012451,0.39061909914016724,0.38848739862442017,0.07073570787906647,0.9934399127960205,0.3913835287094116,0.3892260193824768,0.07058257609605789,0.9965014457702637,0.38432255387306213,0.39821019768714905,0.032282136380672455,0.9966108798980713,0.38202470541000366,0.40899285674095154,0.03160689026117325,0.9963367581367493,0.37925490736961365,0.41900286078453064,0.031153982505202293,0.9979091882705688,0.3966095745563507,0.43106842041015625,0.19520911574363708,0.9983203411102295,0.3805585205554962,0.4685211181640625,0.01936986669898033,0.9959483742713928,0.4214576184749603,0.4008326232433319,0.08777351677417755,0.9981229305267334,0.41727107763290405,0.4118717908859253,0.03350435569882393,0.9983591437339783,0.5299662947654724,0.5403732061386108,0.25763368606567383,0.9995635151863098,0.40907177329063416,0.6474006175994873,-0.051897890865802765,0.9998201727867126,0.6209777593612671,0.6049509048461914,0.4104960858821869,0.444609671831131,0.2858101427555084,0.7905511856079102,-0.34244078397750854,0.9574052691459656,0.5908655524253845,0.409130722284317,0.4774765074253082,0.6689287424087524,0.3035125732421875,0.4875450134277344,-0.5484511852264404,0.9463903903961182,0.5879799127578735,0.3676394522190094,0.5025826692581177,0.6635501384735107,0.29730224609375,0.41587209701538086,-0.6084257364273071,0.9198378324508667,0.5741646885871887,0.3539522886276245,0.4670100212097168,0.6675946712493896,0.3123074769973755,0.4053456485271454,-0.5606788396835327,0.9120252728462219,0.5784614086151123,0.36154064536094666,0.46541228890419006,0.6523512601852417,0.32062849402427673,0.43624749779701233,-0.5370174646377563,0.8927419185638428,0.7450154423713684,0.906257688999176,0.07762081921100616,0.9961990714073181,0.677590012550354,0.9904562830924988,-0.07790790498256683,0.9972820281982422,0.9259370565414429,0.9661927819252014,0.16126875579357147,0.13002948462963104,0.8329808115959167,1.107050895690918,-0.18257498741149902,0.21427017450332642,1.0409940481185913,1.2298846244812012,0.24306043982505798,0.04353135824203491,0.9470492601394653,1.2911773920059204,0.005204642191529274,0.09766340255737305,1.0492470264434814,1.2602620124816895,0.24532771110534668,0.05769515410065651,0.9574722051620483,1.3364437818527222,0.027346491813659668,0.07842013984918594,1.1039613485336304,1.3016964197158813,0.20266187191009521,0.0464208759367466,1.012479543685913,1.313745379447937,0.012796573340892792,0.08603624254465103
0.40137988328933716,0.37543219327926636,0.053308796137571335,0.9961501359939575,0.3869134187698364,0.38690322637557983,0.08340857177972794,0.9940140843391418,0.3880569040775299,0.38933470845222473,0.08287163078784943,0.9921343922615051,0.38921022415161133,0.39056986570358276,0.08273009955883026,0.9959830045700073,0.38207054138183594,0.3984107971191406,0.04566919058561325,0.9960534572601318,0.3803825080394745,0.40912434458732605,0.04497095197439194,0.9955831170082092,0.37820374965667725,0.41906797885894775,0.04452019929885864,0.9975823163986206,0.3947346806526184,0.43162545561790466,0.20244483649730682,0.9979993104934692,0.37945443391799927,0.4685252010822296,0.0333484448492527,0.9951747059822083,0.4184137284755707,0.4008926749229431,0.10009058564901352,0.997782289981842,0.4155842363834381,0.4118976891040802,0.047768473625183105,0.9979947209358215,0.5273515582084656,0.5438351631164551,0.26740017533302307,0.9994961619377136,0.4095068871974945,0.6473175883293152,-0.03778834640979767,0.9997950196266174,0.6148086190223694,0.6114847660064697,0.44479790329933167,0.40252578258514404,0.2860982418060303,0.7939240336418152,-0.33541402220726013,0.9575734734535217,0.5871138572692871,0.4138849079608917,0.5417171120643616,0.6080743670463562,0.30515676736831665,0.49337688088417053,-0.49623966217041016,0.9437124729156494,0.5879451632499695,0.3751581311225891,0.5707138180732727,0.6053958535194397,0.2974221110343933,0.42485636472702026,-0.5486302971839905,0.9122380614280701,0.5746740698814392,0.35742416977882385,0.531579852104187,0.6094265580177307,0.3127090036869049,0.41027429699897766,-0.5060952305793762,0.9032518863677979,0.5788061618804932,0.36428380012512207,0.5287379026412964,0.595685601234436,0.32133209705352783,0.4400550425052643,-0.48565834760665894,0.8817612528800964,0.7482642531394958,0.9139566421508789,0.07788380980491638,0.9957844018936157,0.682250440120697,0.9982307553291321,-0.07817953824996948,0.9971070885658264,0.9301007390022278,0.9626123309135437,0.13537433743476868,0.11741796135902405,0.8501914739608765,1.0939346551895142,-0.19083747267723083,0.19480764865875244,1.0674010515213013,1.228248119354248,0.19765889644622803,0.03933990001678467,0.9627871513366699,1.293330430984497,0.014645026996731758,0.08828455209732056,1.0760695934295654,1.260958194732666,0.19819387793540955,0.052307140082120895,0.9714573621749878,1.3451358079910278,0.04112144187092781,0.07149501144886017,1.1337238550186157,1.3008040189743042,0.16327519714832306,0.04199807718396187,1.0299385786056519,1.311275839805603,0.039060480892658234,0.07785290479660034
0.3953830599784851,0.3756398856639862,0.03289244323968887,0.9950432777404785,0.3798908293247223,0.38691452145576477,0.06336867064237595,0.9918734431266785,0.38191232085227966,0.38932979106903076,0.06283242255449295,0.9894322752952576,0.3837917149066925,0.39057302474975586,0.0626881942152977,0.9947026371955872,0.37254780530929565,0.3985242247581482,0.027266910299658775,0.9946150183677673,0.37037378549575806,0.4093022644519806,0.026594270020723343,0.9939647316932678,0.3680650591850281,0.4193880259990692,0.02615366503596306,0.9967315196990967,0.3923098146915436,0.4315781593322754,0.18450337648391724,0.9972806572914124,0.3736666738986969,0.4691624641418457,0.021269116550683975,0.9934265613555908,0.4146767556667328,0.4007429778575897,0.08015111088752747,0.9973090291023254,0.409534215927124,0.4120442271232605,0.029567677527666092,0.9974917769432068,0.5240712761878967,0.5440759658813477,0.25386926531791687,0.9994625449180603,0.4099099040031433,0.6448224186897278,-0.040292833000421524,0.9997681975364685,0.619409441947937,0.6064246892929077,0.4250457286834717,0.36929574608802795,0.28586646914482117,0.7990258932113647,-0.2798243463039398,0.956937313079834,0.5878473520278931,0.4134211540222168,0.5065410733222961,0.5662586688995361,0.30562978982925415,0.495876282453537,-0.3891814947128296,0.9430577158927917,0.587550163269043,0.3728105425834656,0.5346686244010925,0.5673090815544128,0.2960895895957947,0.427865594625473,-0.4333546757698059,0.9084123373031616,0.5748562216758728,0.35933664441108704,0.49867838621139526,0.5715248584747314,0.31208014488220215,0.4124201536178589,-0.38844364881515503,0.8985345959663391,0.5787086486816406,0.3688143789768219,0.4954105317592621,0.5583189129829407,0.32135358452796936,0.442202627658844,-0.3765523135662079,0.8765071034431458,0.7472496032714844,0.9157031774520874,0.0779910758137703,0.9950591325759888,0.685439944267273,0.9959281086921692,-0.07828598469495773,0.9966868758201599,0.930756688117981,0.9718630313873291,0.15594737231731415,0.1061285212635994,0.8684800267219543,1.0994406938552856,-0.15996545553207397,0.1768314689397812,1.067561388015747,1.2450097799301147,0.25490179657936096,0.03556205332279205,0.9769196510314941,1.3064969778060913,0.07060281932353973,0.0797237753868103,1.0791282653808594,1.276533603668213,0.2591249942779541,0.047442372888326645,0.9856024980545044,1.3575972318649292,0.09835440665483475,0.06501010805368423,1.1256835460662842,1.3155087232589722,0.2152249813079834,0.03798571601510048,1.0401886701583862,1.3273603916168213,0.0917525663971901,0.07033298164606094
0.394623339176178,0.37580442428588867,-0.02767329290509224,0.99462890625,0.37761154770851135,0.38731324672698975,-0.00262646796181798,0.9911760687828064,0.3792603313922882,0.3899860680103302,-0.003202918916940689,0.9886499047279358,0.38094455003738403,0.39156630635261536,-0.0033757947385311127,0.9942773580551147,0.37044674158096313,0.3988093435764313,-0.03691757097840309,0.9941297769546509,0.36809808015823364,0.40954044461250305,-0.03761957585811615,0.9934675097465515,0.36571499705314636,0.4196072518825531,-0.038121547549963,0.996431291103363,0.38747483491897583,0.43314850330352783,0.11117692291736603,0.9971293210983276,0.3707224726676941,0.4698484539985657,-0.04303070157766342,0.9929556250572205,0.4138122498989105,0.4008508324623108,0.018347561359405518,0.9971535205841064,0.40829992294311523,0.4121842384338379,-0.029605399817228317,0.9973353147506714,0.5210919976234436,0.5446282625198364,0.19316574931144714,0.9994475245475769,0.41160210967063904,0.6437870860099792,-0.08945689350366592,0.999757707118988,0.6125686168670654,0.6336785554885864,0.389473557472229,0.3391047716140747,0.28597885370254517,0.8022433519363403,-0.3732113540172577,0.9578253030776978,0.5885018110275269,0.41946110129356384,0.487039178609848,0.5315219163894653,0.3058934211730957,0.4995689392089844,-0.5804082155227661,0.9452717900276184,0.5875309705734253,0.3738207519054413,0.5143028497695923,0.538583517074585,0.29533085227012634,0.43211987614631653,-0.6408124566078186,0.911094069480896,0.5750764608383179,0.36111047863960266,0.475534051656723,0.5439298748970032,0.3114411532878876,0.4168296754360199,-0.5950247049331665,0.901283323764801,0.579283595085144,0.3728528618812561,0.47496333718299866,0.5311635136604309,0.3216305375099182,0.4469186067581177,-0.5703290104866028,0.8792119026184082,0.7469286918640137,0.9194220900535583,0.07798900455236435,0.9943548440933228,0.6920636296272278,0.9933480024337769,-0.07827852666378021,0.9963233470916748,0.9328867197036743,0.9790987372398376,0.1654549092054367,0.0963151603937149,0.8845847845077515,1.0928972959518433,-0.17561762034893036,0.1628442108631134,1.0758764743804932,1.2448145151138306,0.2909444570541382,0.032305557280778885,0.9869966506958008,1.3039146661758423,0.07244361937046051,0.07234007120132446,1.0888549089431763,1.2760796546936035,0.29849985241889954,0.04331503435969353,0.9931250810623169,1.3568912744522095,0.10334759950637817,0.059727992862463,1.1323827505111694,1.314163088798523,0.2665260434150696,0.034585218876600266,1.0487382411956787,1.3252100944519043,0.10746926069259644,0.06390343606472015
0.39440762996673584,0.37882474064826965,-0.024144519120454788,0.9922087788581848,0.3776025176048279,0.38996145129203796,0.0014247597428038716,0.9872748255729675,0.379586786031723,0.39201194047927856,0.0008579993736930192,0.9837253093719482,0.3813862204551697,0.3933350443840027,0.000699254684150219,0.991702675819397,0.36990949511528015,0.40171924233436584,-0.03196600824594498,0.9914846420288086,0.3671260476112366,0.412251740694046,-0.03265530243515968,0.9906055331230164,0.3643551170825958,0.4221990704536438,-0.03313315659761429,0.9949525594711304,0.3867526352405548,0.4336196184158325,0.11181487143039703,0.9959253072738647,0.3685911297798157,0.4718000590801239,-0.03952432796359062,0.9903727173805237,0.41338515281677246,0.4029502868652344,0.02130478248000145,0.9959487915039062,0.40713566541671753,0.41472527384757996,-0.025353625416755676,0.996252715587616,0.5208472013473511,0.5443481206893921,0.18447673320770264,0.9993554949760437,0.41235828399658203,0.6436798572540283,-0.08286994695663452,0.9997303485870361,0.6077345609664917,0.6526349782943726,0.3883892893791199,0.30743226408958435,0.28610479831695557,0.8037111163139343,-0.35603776574134827,0.9568872451782227,0.6062260866165161,0.4868568480014801,0.5241755247116089,0.48331326246261597,0.30670106410980225,0.49921175837516785,-0.5549425482749939,0.9450308084487915,0.5878793597221375,0.41891834139823914,0.55991530418396,0.49226808547973633,0.29632678627967834,0.43168482184410095,-0.612268328666687,0.909734845161438,0.5779315829277039,0.40505897998809814,0.5162408351898193,0.4976203441619873,0.3107296824455261,0.41703513264656067,-0.5657636523246765,0.8996329307556152,0.5811732411384583,0.4129827618598938,0.5118067860603333,0.4863932430744171,0.32133573293685913,0.44758284091949463,-0.5442513227462769,0.876545786857605,0.7479575276374817,0.9173762798309326,0.07558801025152206,0.9936277866363525,0.6932713389396667,0.992189347743988,-0.07587148249149323,0.9960125684738159,0.9418255686759949,0.9772322773933411,0.14838707447052002,0.08727481216192245,0.9020441770553589,1.0891858339309692,-0.17965272068977356,0.149193674325943,1.0947456359863281,1.2424119710922241,0.2782500684261322,0.02933438867330551,0.9999321103096008,1.2978625297546387,0.0885256975889206,0.06558619439601898,1.108367681503296,1.2753167152404785,0.28709813952445984,0.03945211321115494,1.0041123628616333,1.3500640392303467,0.12264411151409149,0.054673708975315094,1.1514683961868286,1.3138654232025146,0.25819507241249084,0.03144598379731178,1.0634667873382568,1.3191781044006348,0.13696414232254028,0.058014050126075745
0.3967171311378479,0.38083791732788086,-0.026909250766038895,0.9807634949684143,0.38013091683387756,0.39252835512161255,-0.00021936927805654705,0.973009467124939,0.3817428946495056,0.39466896653175354,-0.0008095871889963746,0.9654905200004578,0.3833170235157013,0.39611777663230896,-0.0009578486788086593,0.981927752494812,0.3731132447719574,0.4038221538066864,-0.03191684931516647,0.9788910150527954,0.3704248368740082,0.4139830768108368,-0.032632626593112946,0.9765114784240723,0.367643266916275,0.42366981506347656,-0.03316187113523483,0.9875164031982422,0.3877812623977661,0.43528687953948975,0.11408468335866928,0.9905083179473877,0.37048742175102234,0.47274982929229736,-0.03754167631268501,0.9761869311332703,0.41491594910621643,0.40452829003334045,0.019611092284321785,0.9876035451889038,0.40854471921920776,0.4161963164806366,-0.024830561131238937,0.9878989458084106,0.5156135559082031,0.5503276586532593,0.18726438283920288,0.9990257024765015,0.4126709997653961,0.6434503197669983,-0.08713537454605103,0.9996322989463806,0.5966821312904358,0.7289503216743469,0.383962482213974,0.2770809829235077,0.2858749032020569,0.8048731684684753,-0.39211297035217285,0.9568380117416382,0.6625240445137024,0.7868923544883728,0.5035651922225952,0.4353429973125458,0.3059059977531433,0.5055774450302124,-0.634975790977478,0.9413755536079407,0.6945551633834839,0.8133928775787354,0.5338950157165527,0.443682998418808,0.29603978991508484,0.43563634157180786,-0.7072879076004028,0.901381254196167,0.6950600743293762,0.7863979935646057,0.49565666913986206,0.44854795932769775,0.30898505449295044,0.4243685305118561,-0.6589151620864868,0.8906337022781372,0.684115469455719,0.7803618311882019,0.4911077916622162,0.43847742676734924,0.31976550817489624,0.4546288847923279,-0.6245135068893433,0.8621092438697815,0.7475495934486389,0.917475700378418,0.07697175443172455,0.9929720163345337,0.6933994889259338,0.9913267493247986,-0.07724381238222122,0.9958281517028809,0.9465731382369995,0.977566123008728,0.14928288757801056,0.07880403846502304,0.9094811677932739,1.086606740951538,-0.2061096876859665,0.13603785634040833,1.0871803760528564,1.24663245677948,0.29472020268440247,0.026516398414969444,1.0011364221572876,1.2952938079833984,0.08190694451332092,0.0592728853225708,1.0985500812530518,1.2802064418792725,0.30519023537635803,0.03578263521194458,1.0024573802947998,1.3496203422546387,0.11702485382556915,0.049654047936201096,1.1472978591918945,1.3171316385269165,0.27979815006256104,0.028435396030545235,1.0704549551010132,1.3155335187911987,0.1296534240245819,0.052469249814748764
0.39842933416366577,0.3865309953689575,0.04220397397875786,0.9705372452735901,0.38230031728744507,0.39541223645210266,0.0685795471072197,0.9586994051933289,0.3838626742362976,0.3973901569843292,0.06795987486839294,0.9474166631698608,0.38546445965766907,0.39879611134529114,0.06781317293643951,0.9716036319732666,0.3754066824913025,0.4060501158237457,0.03868561610579491,0.9675025343894958,0.37276437878608704,0.4155096709728241,0.0379345640540123,0.9647732377052307,0.3699318766593933,0.42476746439933777,0.0373576357960701,0.9815418124198914,0.3891889750957489,0.4368228614330292,0.17065994441509247,0.9845855236053467,0.37128323316574097,0.47313931584358215,0.03668542951345444,0.9652378559112549,0.4154975414276123,0.40915560722351074,0.08371975272893906,0.9807258248329163,0.40949368476867676,0.4208766520023346,0.041980333626270294,0.9814295172691345,0.5168110132217407,0.5534557104110718,0.23174937069416046,0.9987905621528625,0.414551317691803,0.641832172870636,-0.05065770074725151,0.9995956420898438,0.5944955945014954,0.7295267581939697,0.4401629567146301,0.24982519447803497,0.28638941049575806,0.8048591613769531,-0.36998340487480164,0.9549736976623535,0.6667835712432861,0.7567571997642517,0.569660484790802,0.3926665484905243,0.30621662735939026,0.5067557692527771,-0.5842222571372986,0.9421966671943665,0.6915854215621948,0.7691816687583923,0.6024717092514038,0.4009131193161011,0.2958308160305023,0.4371405839920044,-0.6516706943511963,0.9023833870887756,0.6892315745353699,0.7394800782203674,0.5530322194099426,0.4054713547229767,0.30864882469177246,0.42543327808380127,-0.6039182543754578,0.8917505145072937,0.6797151565551758,0.7382537722587585,0.5541735887527466,0.39650222659111023,0.31893622875213623,0.4545803368091583,-0.5733777284622192,0.8614847660064697,0.7482144832611084,0.9222133159637451,0.07697643339633942,0.9926775693893433,0.6968269348144531,0.991245448589325,-0.07724912464618683,0.9958078265190125,0.9501069784164429,0.9805504679679871,0.16653349995613098,0.07111871987581253,0.9036138653755188,1.1059391498565674,-0.18401865661144257,0.12353125959634781,1.1048132181167603,1.245877981185913,0.2855437397956848,0.023984966799616814,1.007864236831665,1.3068569898605347,0.06011516973376274,0.05356960371136665,1.118804931640625,1.2799227237701416,0.3045584559440613,0.03251776844263077,1.0142009258270264,1.3610289096832275,0.0880914255976677,0.045182596892118454,1.1742990016937256,1.3108439445495605,0.25219836831092834,0.02574111893773079,1.0747110843658447,1.3219159841537476,0.07374747842550278,0.047468401491642
0.3993157148361206,0.3866703510284424,0.010056016966700554,0.9571025371551514,0.3836250305175781,0.39538413286209106,0.032939933240413666,0.9400482773780823,0.38518160581588745,0.3973315358161926,0.032291676849126816,0.924294114112854,0.3867315649986267,0.39876633882522583,0.03216094896197319,0.9570425748825073,0.37682539224624634,0.4055483937263489,0.0050545670092105865,0.9527463912963867,0.3741770386695862,0.4144671857357025,0.004243881907314062,0.9497688412666321,0.37131959199905396,0.42320963740348816,0.0035709175281226635,0.9734238386154175,0.38900020718574524,0.4369138479232788,0.13482752442359924,0.9752655625343323,0.37215662002563477,0.47266340255737305,0.008965331129729748,0.9519237875938416,0.41614747047424316,0.4105397164821625,0.05235026031732559,0.9691388607025146,0.41057461500167847,0.42129266262054443,0.013837866485118866,0.9719834923744202,0.5082599520683289,0.556766152381897,0.20423932373523712,0.9983518719673157,0.4172338843345642,0.6417734622955322,-0.06773470342159271,0.9995156526565552,0.5882282257080078,0.7627211809158325,0.3982519507408142,0.22512191534042358,0.28663069009780884,0.8047204613685608,-0.3771210312843323,0.9510365724563599,0.6685112118721008,0.78782719373703,0.5160016417503357,0.3538581132888794,0.30659154057502747,0.5082791447639465,-0.6036694645881653,0.9405441880226135,0.6955825090408325,0.8006947636604309,0.5449410080909729,0.3617653250694275,0.29654037952423096,0.4374544322490692,-0.6700546145439148,0.8997284173965454,0.6954924464225769,0.7723212242126465,0.4862583577632904,0.36596953868865967,0.30865490436553955,0.426954448223114,-0.6206780672073364,0.8888280391693115,0.6847585439682007,0.7716174721717834,0.49604344367980957,0.35795795917510986,0.3192613124847412,0.456530898809433,-0.5915355682373047,0.8555099368095398,0.7483568787574768,0.9232818484306335,0.07327792048454285,0.9918206930160522,0.7029675841331482,0.9906285405158997,-0.07359028607606888,0.995568037033081,0.9530272483825684,0.9833586812019348,0.1741890162229538,0.06415213644504547,0.9075343012809753,1.1026002168655396,-0.17565394937992096,0.11180322617292404,1.1083184480667114,1.2444608211517334,0.28820934891700745,0.021683018654584885,1.0092273950576782,1.3088237047195435,0.05711359530687332,0.048365313559770584,1.123329997062683,1.2771427631378174,0.2985343337059021,0.029535964131355286,1.0155856609344482,1.3638110160827637,0.08437972515821457,0.04102170467376709,1.1730440855026245,1.3129552602767944,0.2581309676170349,0.0232867244631052,1.0718246698379517,1.3266165256500244,0.07410623133182526,0.042899709194898605
0.4002033770084381,0.3965374827384949,0.04813798516988754,0.9554656744003296,0.3845226764678955,0.398378849029541,0.07093334943056107,0.9358019828796387,0.38603049516677856,0.3999021649360657,0.07037775963544846,0.9196156859397888,0.3875712752342224,0.4010360836982727,0.07034546136856079,0.9532386660575867,0.37776923179626465,0.40865397453308105,0.045786403119564056,0.9498770236968994,0.3751497268676758,0.4166310727596283,0.04504374414682388,0.9476262331008911,0.3721928298473358,0.4247661232948303,0.04451117664575577,0.9724687337875366,0.38951700925827026,0.4388362169265747,0.15421338379383087,0.9719139337539673,0.37282413244247437,0.4732058644294739,0.045163821429014206,0.9513011574745178,0.41617217659950256,0.4238748848438263,0.08445915579795837,0.9647140502929688,0.41076478362083435,0.43653997778892517,0.049429021775722504,0.9690781831741333,0.505935788154602,0.562509298324585,0.20231983065605164,0.9981112480163574,0.4248465597629547,0.6391400694847107,-0.03138935565948486,0.999497652053833,0.5918208360671997,0.8223565816879272,0.3292869031429291,0.20286497473716736,0.2869836688041687,0.8043127059936523,-0.16289553046226501,0.9474979639053345,0.678749144077301,0.878478467464447,0.3813490569591522,0.31876039505004883,0.3068278729915619,0.5081145167350769,-0.1452241688966751,0.939067542552948,0.7171420454978943,0.9218973517417908,0.3998714089393616,0.32634273171424866,0.296599417924881,0.43712475895881653,-0.17590606212615967,0.8965397477149963,0.7157303094863892,0.8985551595687866,0.3576113283634186,0.3302055299282074,0.3084844946861267,0.4273230731487274,-0.1294226050376892,0.8850139379501343,0.7019218802452087,0.8936358094215393,0.3668222725391388,0.32311636209487915,0.3185647130012512,0.45627132058143616,-0.1281396597623825,0.8519748449325562,0.7481776475906372,0.9353111982345581,0.06073767691850662,0.9913888573646545,0.7057117819786072,1.018289566040039,-0.061121780425310135,0.9956011176109314,0.9521846771240234,0.993916928768158,0.21047690510749817,0.05782153084874153,0.9017626643180847,1.161500096321106,-0.014551611617207527,0.10099580883979797,1.1175838708877563,1.2491726875305176,0.34601375460624695,0.01958497054874897,1.0131433010101318,1.374825119972229,0.16207237541675568,0.04366328939795494,1.138971209526062,1.277168869972229,0.355333149433136,0.026843400672078133,1.0280591249465942,1.4305247068405151,0.18292513489723206,0.03728800266981125,1.1765190362930298,1.329544186592102,0.31526222825050354,0.021047508344054222,1.0701619386672974,1.3897910118103027,0.14945554733276367,0.03876286372542381
0.387789785861969,0.43264639377593994,0.0778428241610527,0.9590116739273071,0.37877416610717773,0.4222286343574524,0.06328344345092773,0.940845787525177,0.38070428371429443,0.4225269854068756,0.06279826909303665,0.9258374571800232,0.38228797912597656,0.4234812557697296,0.0627576932311058,0.956615686416626,0.37383168935775757,0.4301696717739105,0.08285194635391235,0.9541187882423401,0.37273725867271423,0.436104416847229,0.08207489550113678,0.9520813822746277,0.37106865644454956,0.442617803812027,0.0817624181509018,0.9748489260673523,0.389236181974411,0.44635695219039917,0.00951586663722992,0.9737208485603333,0.3737415373325348,0.4742259681224823,0.1190914660692215,0.955531120300293,0.4045349955558777,0.4521627128124237,0.07599350810050964,0.9663696885108948,0.40334805846214294,0.46025699377059937,0.097174733877182,0.9712381958961487,0.46603602170944214,0.5940977334976196,-0.09297280758619308,0.9980591535568237,0.4591774046421051,0.6074886918067932,0.21479745209217072,0.9994872808456421,0.3389626145362854,0.8070036768913269,-0.06147022917866707,0.18732374906539917,0.3015536367893219,0.7966290712356567,0.30432048439979553,0.8579614162445068,0.33145570755004883,0.6205392479896545,0.1178349032998085,0.2916087210178375,0.30741065740585327,0.5073074102401733,0.3307952880859375,0.8708873987197876,0.3220883905887604,0.5516528487205505,0.1111174002289772,0.30305150151252747,0.29642459750175476,0.43692147731781006,0.32983872294425964,0.8394294381141663,0.34105509519577026,0.5269492268562317,0.10157996416091919,0.3066961169242859,0.3082314431667328,0.42597973346710205,0.32833123207092285,0.8296439051628113,0.3487321138381958,0.5455940365791321,0.11910393089056015,0.29889312386512756,0.3183757960796356,0.4535572826862335,0.3252662420272827,0.7996229529380798,0.7345104217529297,0.9671955704689026,-0.07211504131555557,0.9914202094078064,0.722252368927002,0.9871159791946411,0.07162527740001678,0.9957480430603027,0.939571738243103,1.0521595478057861,0.18954113125801086,0.05208617448806763,0.8878649473190308,1.1565476655960083,0.08992215991020203,0.09096157550811768,1.107206106185913,1.2543671131134033,0.2582671642303467,0.01767793856561184,1.0121395587921143,1.395093321800232,0.13398252427577972,0.03934738412499428,1.1350748538970947,1.277103066444397,0.2630458474159241,0.024447791278362274,1.029807448387146,1.44319486618042,0.10069499909877777,0.03377745673060417,1.1744906902313232,1.3404207229614258,0.21234433352947235,0.019019190222024918,1.0667551755905151,1.4212093353271484,0.023211756721138954,0.03496455401182175
0.3879699409008026,0.4352729022502899,0.08593438565731049,0.9627549648284912,0.37827765941619873,0.4240456819534302,0.08432575315237045,0.9461687803268433,0.3803054094314575,0.423522025346756,0.08384739607572556,0.93250972032547,0.3821961283683777,0.42369091510772705,0.08384810388088226,0.9604073166847229,0.37181809544563293,0.4350826144218445,0.09393379092216492,0.9583044648170471,0.3709818422794342,0.44058847427368164,0.09323686361312866,0.9564880132675171,0.36975720524787903,0.4469097852706909,0.09289050102233887,0.9771556854248047,0.3895605504512787,0.44645607471466064,0.06396406888961792,0.9759281277656555,0.37411412596702576,0.47555574774742126,0.12727917730808258,0.9596254229545593,0.4018324911594391,0.45512017607688904,0.09128357470035553,0.9688505530357361,0.4024757444858551,0.4604603350162506,0.10104123502969742,0.9734635353088379,0.4796469211578369,0.5872353315353394,0.036496736109256744,0.998054027557373,0.45284414291381836,0.6112504601478577,0.12261589616537094,0.9995064735412598,0.46874889731407166,0.8149359226226807,0.04525572061538696,0.1688772588968277,0.3007703721523285,0.7963226437568665,0.04613614082336426,0.8278882503509521,0.37353622913360596,0.8024446964263916,0.0918712466955185,0.26278865337371826,0.30689895153045654,0.5075920820236206,0.019216105341911316,0.8694403767585754,0.4855116903781891,0.7973156571388245,0.09019641578197479,0.2739377021789551,0.2945916950702667,0.43828433752059937,-0.005227197427302599,0.8408504724502563,0.495246559381485,0.7795223593711853,0.06742333620786667,0.2773610055446625,0.30625683069229126,0.4258206784725189,0.021766889840364456,0.8313271403312683,0.48278141021728516,0.7839078903198242,0.08534248173236847,0.2703861594200134,0.317486435174942,0.4533523619174957,0.02531827986240387,0.8029806613922119,0.7353020906448364,0.9609860181808472,-0.031368188560009,0.990378737449646,0.7250983715057373,0.982222318649292,0.03082498349249363,0.995657742023468,0.9135217666625977,1.033575415611267,0.20128221809864044,0.04694059118628502,0.8875932693481445,1.1670798063278198,0.041229330003261566,0.08211994916200638,1.1011617183685303,1.2714086771011353,0.24421831965446472,0.016023293137550354,1.0085498094558716,1.404382586479187,0.02254815772175789,0.03561589866876602,1.1269686222076416,1.2961995601654053,0.24258188903331757,0.022557174786925316,1.0275580883026123,1.4610700607299805,0.012101644650101662,0.031223582103848457,1.1725517511367798,1.3586376905441284,0.19748063385486603,0.017315158620476723,1.0508577823638916,1.4273515939712524,-0.040582720190286636,0.03181445971131325
0.3845897316932678,0.4517391324043274,0.1015033945441246,0.9664466381072998,0.3758583068847656,0.4350392520427704,0.07342169433832169,0.9515116810798645,0.37756359577178955,0.4354236125946045,0.07296092063188553,0.9392118453979492,0.37913405895233154,0.4366002082824707,0.07293720543384552,0.9643263220787048,0.37196314334869385,0.44237497448921204,0.10641615092754364,0.9624497890472412,0.37138986587524414,0.4468541145324707,0.10567355155944824,0.9608155488967896,0.370322048664093,0.4523254334926605,0.10549479722976685,0.979425847530365,0.3887608051300049,0.4556953012943268,-0.03609063848853111,0.9783092737197876,0.3781040608882904,0.47542333602905273,0.14448007941246033,0.963640570640564,0.3993637263774872,0.4817056953907013,0.08340878784656525,0.9718766808509827,0.40053772926330566,0.48381996154785156,0.12411048263311386,0.9760669469833374,0.44064149260520935,0.6194300651550293,-0.17563113570213318,0.9982163310050964,0.4923701286315918,0.5759842991828918,0.2760556936264038,0.999531626701355,0.3050523102283478,0.8209102153778076,-0.16146507859230042,0.1832658350467682,0.34526559710502625,0.7527343034744263,0.3965497314929962,0.7490466237068176,0.31342411041259766,0.6186303496360779,0.03726714104413986,0.27898287773132324,0.30760884284973145,0.5074554681777954,0.3942914605140686,0.8217687606811523,0.30273616313934326,0.5352188944816589,0.026375826448202133,0.30536791682243347,0.2929559350013733,0.4386269748210907,0.39508530497550964,0.8109957575798035,0.3242228925228119,0.5127844214439392,0.016235021874308586,0.3094741702079773,0.30617547035217285,0.42445966601371765,0.38369911909103394,0.8040294051170349,0.3381179869174957,0.543289065361023,0.03874862566590309,0.2981756925582886,0.3177231550216675,0.4511633515357971,0.3827356696128845,0.7788652777671814,0.7208598852157593,0.994903564453125,-0.11816287040710449,0.9905989766120911,0.7490543127059937,0.9612639546394348,0.1177300363779068,0.9957543015480042,0.890151858329773,1.1044121980667114,0.1171628013253212,0.04273641109466553,0.8784071803092957,1.159084439277649,0.1859487146139145,0.0740559995174408,1.0848145484924316,1.3165401220321655,0.14029891788959503,0.014950640499591827,1.016106367111206,1.3919956684112549,0.15719905495643616,0.03216572105884552,1.1211426258087158,1.3268696069717407,0.140740305185318,0.023567600175738335,1.0380817651748657,1.440185546875,0.15088683366775513,0.02874312736093998,1.0982918739318848,1.4307857751846313,0.09629697352647781,0.016487648710608482,1.0593541860580444,1.4203273057937622,0.09761543571949005,0.02885364554822445
0.38617637753486633,0.44033077359199524,0.07971210032701492,0.9649739265441895,0.3764444887638092,0.4276416301727295,0.08798139542341232,0.9478336572647095,0.3781684339046478,0.42682066559791565,0.08743898570537567,0.9356123208999634,0.3809572756290436,0.42498987913131714,0.0874120220541954,0.9614052176475525,0.3721282482147217,0.43658947944641113,0.08209802955389023,0.9596516489982605,0.3717654049396515,0.4416346549987793,0.08137235045433044,0.9589412212371826,0.37065449357032776,0.44985100626945496,0.08101902902126312,0.9782913327217102,0.38896363973617554,0.4506292939186096,0.15818966925144196,0.9764091968536377,0.37541884183883667,0.47543442249298096,0.10544725507497787,0.9625412821769714,0.3999541103839874,0.46698251366615295,0.09926296025514603,0.9700186252593994,0.40114545822143555,0.48288604617118835,0.09344892203807831,0.9743644595146179,0.48996591567993164,0.6105180978775024,0.18330910801887512,0.9981554746627808,0.4557245373725891,0.5985506772994995,0.07280822843313217,0.9995306134223938,0.5773769617080688,0.8002947568893433,0.2955200970172882,0.16545747220516205,0.3132351338863373,0.7809083461761475,-0.09542496502399445,0.7655814290046692,0.6683483123779297,0.8502667546272278,0.3229837119579315,0.2523336708545685,0.30510005354881287,0.511384904384613,-0.15671886503696442,0.8373740315437317,0.7164993286132812,0.9066396355628967,0.33814695477485657,0.27805963158607483,0.2898012697696686,0.4418654143810272,-0.20135316252708435,0.8266481161117554,0.708308756351471,0.887708306312561,0.2955078184604645,0.2821953296661377,0.30411648750305176,0.4259563088417053,-0.15138812363147736,0.8200361728668213,0.6951001286506653,0.8837689161300659,0.30905237793922424,0.2721633017063141,0.31513887643814087,0.45341983437538147,-0.1393834501504898,0.7962783575057983,0.7285456657409668,0.9796666502952576,0.01864132285118103,0.9897724390029907,0.7300909757614136,1.0120182037353516,-0.01903180032968521,0.9955319762229919,0.9206563830375671,1.0671614408493042,0.15174148976802826,0.03856233134865761,0.8862869143486023,1.1691951751708984,-0.07775925099849701,0.06738045066595078,1.109374761581421,1.3015774488449097,0.1866660714149475,0.01356411911547184,1.0313079357147217,1.387722373008728,0.001379378023557365,0.02923462726175785,1.135737657546997,1.3168152570724487,0.19295449554920197,0.02155161090195179,1.0507447719573975,1.4414923191070557,0.013187212869524956,0.02657783217728138,1.1649799346923828,1.4010835886001587,0.15177950263023376,0.015008087269961834,1.093400239944458,1.40579354763031,-0.03661609813570976,0.02632392942905426
0.3887369632720947,0.4383888244628906,0.08331876248121262,0.9546477794647217,0.37676042318344116,0.42687633633613586,0.10715381801128387,0.9301413893699646,0.3783029615879059,0.42544132471084595,0.10657577216625214,0.9141731262207031,0.3810308575630188,0.4237023591995239,0.10650775581598282,0.9475134015083313,0.3726760149002075,0.4363752603530884,0.08333475887775421,0.9462136030197144,0.3721371293067932,0.44072359800338745,0.08259540051221848,0.9459253549575806,0.37091222405433655,0.4487074613571167,0.0821072980761528,0.9715783596038818,0.3891167938709259,0.44954922795295715,0.20614950358867645,0.9663088917732239,0.3747684359550476,0.4756340980529785,0.09485191106796265,0.9516149163246155,0.4045403003692627,0.4577557444572449,0.120194211602211,0.9611102342605591,0.4023478925228119,0.4776456952095032,0.08856017887592316,0.966347336769104,0.502134382724762,0.5908638834953308,0.25894981622695923,0.9978788495063782,0.4370206296443939,0.6121354699134827,0.01602078042924404,0.999505877494812,0.5987853407859802,0.7817816138267517,0.40747514367103577,0.14920760691165924,0.2948993742465973,0.7966523766517639,-0.20057956874370575,0.7827199697494507,0.6769525408744812,0.8094755411148071,0.4670730531215668,0.22767342627048492,0.3018389344215393,0.5124928951263428,-0.3076918125152588,0.8501395583152771,0.7039905786514282,0.8340080380439758,0.4929269850254059,0.2515051066875458,0.2866264283657074,0.4426901638507843,-0.357086181640625,0.8377478718757629,0.6973780989646912,0.8078500628471375,0.4494791030883789,0.25536248087882996,0.30099356174468994,0.4269411265850067,-0.308445006608963,0.8311324119567871,0.6867644786834717,0.8057393431663513,0.45303812623023987,0.2464393824338913,0.3116491734981537,0.45526471734046936,-0.292652428150177,0.807043731212616,0.731106162071228,0.9721574783325195,0.05982544273138046,0.989258885383606,0.7250823974609375,1.0054802894592285,-0.060194361954927444,0.995445966720581,0.936884880065918,1.0608947277069092,0.17875543236732483,0.03478781133890152,0.8928608894348145,1.1616848707199097,-0.12445235252380371,0.061262715607881546,1.1227407455444336,1.2982546091079712,0.1989062875509262,0.012288249097764492,1.0357565879821777,1.3881574869155884,-0.012732921168208122,0.026526914909482002,1.1447227001190186,1.3123507499694824,0.19752492010593414,0.01964063011109829,1.0519145727157593,1.4452080726623535,0.0023046124260872602,0.024425014853477478,1.189833164215088,1.3898922204971313,0.17110446095466614,0.01361861452460289,1.105149507522583,1.4071125984191895,-0.04157470911741257,0.02394227124750614
0.38947245478630066,0.4366423785686493,0.09708363562822342,0.9411815404891968,0.3774595856666565,0.4261772036552429,0.12355293333530426,0.9084535241127014,0.3789025843143463,0.4244239926338196,0.12294657528400421,0.8905161619186401,0.38148507475852966,0.42299240827560425,0.12287074327468872,0.9303925037384033,0.3731432557106018,0.4360576570034027,0.09658373892307281,0.9284127950668335,0.37220558524131775,0.440060555934906,0.09583272784948349,0.9302390217781067,0.37088748812675476,0.44808506965637207,0.09527283906936646,0.9621496796607971,0.38913652300834656,0.4490768015384674,0.22204825282096863,0.9568578004837036,0.3738376498222351,0.4757949411869049,0.10334448516368866,0.9390019774436951,0.4057181477546692,0.44976887106895447,0.13668851554393768,0.951424241065979,0.40285930037498474,0.4748421907424927,0.09946084022521973,0.9572000503540039,0.5115634202957153,0.5831936001777649,0.26759493350982666,0.9976973533630371,0.4291349947452545,0.6135879755020142,0.016148170456290245,0.9994962811470032,0.6130616068840027,0.8038039207458496,0.4339851438999176,0.1345435380935669,0.2883204221725464,0.8052472472190857,-0.25354501605033875,0.7971014380455017,0.6790399551391602,0.8543155193328857,0.531701385974884,0.20542685687541962,0.29930442571640015,0.5156095623970032,-0.44816502928733826,0.8622604608535767,0.7233487367630005,0.9042443037033081,0.5607432126998901,0.22762830555438995,0.2840788960456848,0.4455329179763794,-0.5086919069290161,0.8495438098907471,0.7183197140693665,0.8774975538253784,0.5143468379974365,0.23126721382141113,0.2988676130771637,0.4311959445476532,-0.45770102739334106,0.8430721759796143,0.7065445780754089,0.8715593814849854,0.5176434516906738,0.22332264482975006,0.3101149797439575,0.4598497152328491,-0.43463778495788574,0.8192120790481567,0.7323012948036194,0.9619011878967285,0.06841032207012177,0.9884514808654785,0.711066484451294,1.0218565464019775,-0.06877133250236511,0.9952439069747925,0.9564520716667175,1.047825813293457,0.1754784882068634,0.03140128403902054,0.896635890007019,1.1616706848144531,-0.1458825021982193,0.05597466602921486,1.1240465641021729,1.2922405004501343,0.21177740395069122,0.01115217711776495,1.0410230159759521,1.3923224210739136,0.0016619570087641478,0.024149244651198387,1.1442041397094727,1.3152352571487427,0.2121020257472992,0.01794448122382164,1.056203842163086,1.4528306722640991,0.020143592730164528,0.02258455380797386,1.1898847818374634,1.3815699815750122,0.16688568890094757,0.012386981397867203,1.1132044792175293,1.4060896635055542,-0.019526584073901176,0.02184043638408184
0.398467093706131,0.4263097941875458,0.10484632104635239,0.9459951519966125,0.3815764784812927,0.4221963584423065,0.12886019051074982,0.9158042073249817,0.38304653763771057,0.4211336672306061,0.1282593309879303,0.8992820978164673,0.3852357268333435,0.4206511974334717,0.12815448641777039,0.9360422492027283,0.376115620136261,0.4315429627895355,0.09631232917308807,0.93433678150177,0.3749350309371948,0.4362660348415375,0.09558477997779846,0.936032235622406,0.37330710887908936,0.44415193796157837,0.09509002417325974,0.9652554392814636,0.3895474970340729,0.4484615623950958,0.2174578458070755,0.960561990737915,0.37386924028396606,0.4751121997833252,0.08777686208486557,0.9439244270324707,0.41286319494247437,0.4442565143108368,0.14225569367408752,0.955420196056366,0.4078432619571686,0.4676898419857025,0.09738744795322418,0.9606695175170898,0.5104597806930542,0.5824399590492249,0.27386194467544556,0.9978501796722412,0.4270647466182709,0.6159923672676086,-0.018879704177379608,0.9995317459106445,0.5928422212600708,0.7655797600746155,0.49992257356643677,0.12218180298805237,0.2836013436317444,0.8105577230453491,-0.3242741823196411,0.8123841285705566,0.6498329639434814,0.6711311936378479,0.6848148107528687,0.19062601029872894,0.29799383878707886,0.5157819390296936,-0.5301032662391663,0.874417781829834,0.7199364304542542,0.6472883224487305,0.7308365106582642,0.21522359549999237,0.2819799780845642,0.44547662138938904,-0.5888994932174683,0.8620898127555847,0.703258752822876,0.6204395294189453,0.6844862699508667,0.2195494920015335,0.2975909113883972,0.43172335624694824,-0.5356044769287109,0.8558638691902161,0.7005456686019897,0.6352285146713257,0.6720895767211914,0.21268396079540253,0.3089718222618103,0.46057090163230896,-0.5166977047920227,0.8332421183586121,0.7329087257385254,0.9598703384399414,0.08244414627552032,0.9887708425521851,0.7109516859054565,1.0119811296463013,-0.08278714120388031,0.9953722953796387,0.953429102897644,1.0429327487945557,0.2412228286266327,0.02845226414501667,0.8961790800094604,1.1518117189407349,-0.12179231643676758,0.05217864736914635,1.1191017627716064,1.2879666090011597,0.2753651440143585,0.010233082808554173,1.0352623462677002,1.3878931999206543,-0.013028545305132866,0.022509511560201645,1.1404669284820557,1.3150765895843506,0.2727751135826111,0.01679879240691662,1.0502183437347412,1.4473267793655396,-9.830796625465155e-05,0.02217363379895687,1.1835811138153076,1.3611360788345337,0.2392924726009369,0.011493830941617489,1.103088617324829,1.3918026685714722,-0.02927498146891594,0.020558586344122887
0.3988254964351654,0.4243820905685425,0.05483972281217575,0.9501921534538269,0.3817785382270813,0.42103204131126404,0.07549168169498444,0.9218271374702454,0.38329851627349854,0.4202805757522583,0.07491426914930344,0.9065626263618469,0.3854765295982361,0.41990959644317627,0.07486353069543839,0.9404547810554504,0.3763427138328552,0.4303302466869354,0.05215297266840935,0.9393437504768372,0.3750249445438385,0.43585312366485596,0.05145177245140076,0.9410600662231445,0.3734636902809143,0.4437653124332428,0.0509941466152668,0.9679656028747559,0.3896375298500061,0.44818660616874695,0.147176593542099,0.9631904363632202,0.37392935156822205,0.4751175045967102,0.05184243991971016,0.9483413100242615,0.41317448019981384,0.4436000883579254,0.0865175724029541,0.9581512808799744,0.40870729088783264,0.46423470973968506,0.05435533449053764,0.9633082747459412,0.5102487206459045,0.5785375237464905,0.1857495903968811,0.9979044198989868,0.42765626311302185,0.6173638105392456,-0.017310822382569313,0.9995557069778442,0.5839404463768005,0.7771731019020081,0.3462439477443695,0.11026792973279953,0.28392860293388367,0.8115836381912231,-0.26046836376190186,0.8160237073898315,0.6466250419616699,0.7575797438621521,0.46441611647605896,0.17227084934711456,0.2972484827041626,0.5180066227912903,-0.2837088108062744,0.8836749196052551,0.6815720796585083,0.7516268491744995,0.49713411927223206,0.19587987661361694,0.2810298204421997,0.4482061266899109,-0.32038068771362305,0.8716304302215576,0.6740890741348267,0.7328489422798157,0.4506472051143646,0.20011849701404572,0.29634711146354675,0.4343075752258301,-0.2749306559562683,0.865484356880188,0.6679426431655884,0.7396946549415588,0.4500497281551361,0.1942296177148819,0.3080214858055115,0.462126761674881,-0.2693638503551483,0.8441753387451172,0.7331112623214722,0.9571856260299683,0.06508755683898926,0.988490104675293,0.7117189168930054,1.0016964673995972,-0.06562522798776627,0.9954155683517456,0.9502018094062805,1.073479413986206,0.22956213355064392,0.025686033070087433,0.8949877619743347,1.1592830419540405,0.004107820335775614,0.04727861285209656,1.1168389320373535,1.2858563661575317,0.28787848353385925,0.009321924299001694,1.0356005430221558,1.3884128332138062,0.07543011754751205,0.020496046170592308,1.1425455808639526,1.3147215843200684,0.28757429122924805,0.015592719428241253,1.0560128688812256,1.447342038154602,0.08340708166360855,0.020760582759976387,1.1778013706207275,1.3602426052093506,0.24648185074329376,0.010548216290771961,1.09800124168396,1.3998570442199707,0.040553390979766846,0.01882976107299328
0.3898559510707855,0.4476688504219055,0.12172424793243408,0.9551423192024231,0.378190815448761,0.4404620826244354,0.08932319283485413,0.9296060800552368,0.37959012389183044,0.44083717465400696,0.08888857811689377,0.9158614873886108,0.3812711238861084,0.44233131408691406,0.08889838308095932,0.9463729858398438,0.3744569420814514,0.4451443552970886,0.12181122601032257,0.9453855156898499,0.37396371364593506,0.44868260622024536,0.12105043977499008,0.9469307661056519,0.3730821907520294,0.45382368564605713,0.12088743597269058,0.9711551070213318,0.3869341015815735,0.46150046586990356,0.005655966699123383,0.9668483734130859,0.37758249044418335,0.4754188656806946,0.1367729753255844,0.9534865021705627,0.4012565612792969,0.46862128376960754,0.09652027487754822,0.9622846841812134,0.4046427607536316,0.47465285658836365,0.13553646206855774,0.9669464826583862,0.44461068511009216,0.6313219666481018,-0.12131717056035995,0.9980990886688232,0.4744412899017334,0.5877665281295776,0.24978654086589813,0.9995904564857483,0.30865973234176636,0.8148852586746216,-0.08581679314374924,0.14015650749206543,0.3195752799510956,0.7742516398429871,0.35704195499420166,0.7413104176521301,0.32082703709602356,0.5877003073692322,0.09268971532583237,0.21375925838947296,0.29826807975769043,0.5171905159950256,0.35866624116897583,0.8503592610359192,0.30046549439430237,0.5302971601486206,0.07909294962882996,0.2470487356185913,0.2816869616508484,0.44799572229385376,0.35777172446250916,0.8504624962806702,0.31881922483444214,0.5064863562583923,0.06706897914409637,0.25150513648986816,0.2967830002307892,0.43397629261016846,0.3467268943786621,0.8456863760948181,0.33364740014076233,0.5289385318756104,0.09279173612594604,0.23995766043663025,0.3083273768424988,0.4616214632987976,0.34803539514541626,0.8248946070671082,0.7196698784828186,0.9967553615570068,-0.09061460942029953,0.9892904162406921,0.740517258644104,0.9660487771034241,0.09014125168323517,0.9957340359687805,0.9485381841659546,1.1218037605285645,0.1735699474811554,0.023416344076395035,0.8996890783309937,1.1574349403381348,0.16058564186096191,0.04278832674026489,1.1159493923187256,1.3096208572387695,0.25100821256637573,0.008638286031782627,1.053849458694458,1.3881962299346924,0.15258115530014038,0.018589764833450317,1.1425106525421143,1.3270678520202637,0.25604933500289917,0.01579512655735016,1.075089693069458,1.444640040397644,0.15195241570472717,0.019438525661826134,1.1411141157150269,1.384842038154602,0.21225400269031525,0.009887361899018288,1.1066844463348389,1.4073593616485596,0.09336191415786743,0.017186244949698448
0.3890199661254883,0.46543624997138977,0.16396686434745789,0.9595977663993835,0.378466933965683,0.4554356038570404,0.12616434693336487,0.9366117715835571,0.379840224981308,0.4563259482383728,0.12578622996807098,0.9242349863052368,0.3814174234867096,0.45799025893211365,0.12580512464046478,0.9517022967338562,0.3745195269584656,0.45895788073539734,0.16675858199596405,0.9508263468742371,0.3743841350078583,0.46219414472579956,0.16598869860172272,0.9522175788879395,0.37402671575546265,0.46605348587036133,0.16586056351661682,0.9740278720855713,0.3873929977416992,0.4782533347606659,0.026186849921941757,0.9701424837112427,0.3852183222770691,0.4819033741950989,0.1883147656917572,0.9581193923950195,0.4000277519226074,0.48680123686790466,0.13123664259910583,0.9659987092018127,0.40478816628456116,0.4878767132759094,0.18019187450408936,0.9702167510986328,0.4355820119380951,0.6523434519767761,-0.10281284153461456,0.998266339302063,0.5029827356338501,0.5523462295532227,0.3032761812210083,0.9996200799942017,0.2997804284095764,0.8261210918426514,-0.06821753084659576,0.1525210291147232,0.34151580929756165,0.7655483484268188,0.41137462854385376,0.6738369464874268,0.30509519577026367,0.5761582255363464,0.11774516105651855,0.23938335478305817,0.30027899146080017,0.5204100608825684,0.4038192331790924,0.8264530897140503,0.2842691242694855,0.5146094560623169,0.10699021816253662,0.2852925956249237,0.2821318507194519,0.45136943459510803,0.404533326625824,0.8382785320281982,0.3027222454547882,0.4897564649581909,0.09680233895778656,0.2898159921169281,0.297152578830719,0.43606799840927124,0.39314767718315125,0.8346779346466064,0.3178744316101074,0.5128259658813477,0.11900126934051514,0.2731079161167145,0.30855095386505127,0.4624498188495636,0.3930237293243408,0.814314603805542,0.7108064889907837,0.9996891617774963,-0.10796979814767838,0.9899538159370422,0.7521769404411316,0.9537885785102844,0.10741071403026581,0.9960062503814697,0.9158426523208618,1.1187188625335693,0.13567498326301575,0.02156040258705616,0.9011165499687195,1.1467372179031372,0.17558827996253967,0.03889564424753189,1.0891741514205933,1.3121511936187744,0.14634886384010315,0.008290798403322697,1.0571807622909546,1.3680442571640015,0.11623860895633698,0.01702895015478134,1.126131534576416,1.3284275531768799,0.14490237832069397,0.017803682014346123,1.0786054134368896,1.412222146987915,0.11912454664707184,0.019067665562033653,1.1116349697113037,1.391144871711731,0.10150482505559921,0.009796365164220333,1.1082944869995117,1.392465353012085,0.081473708152771,0.01598437875509262
0.3894765377044678,0.46123605966567993,0.1343754231929779,0.9631479382514954,0.3786385655403137,0.45103347301483154,0.12156955897808075,0.9421420097351074,0.3801102340221405,0.4519481360912323,0.12110328674316406,0.930854856967926,0.38172465562820435,0.45327213406562805,0.12110108137130737,0.9558539986610413,0.374765545129776,0.4546075463294983,0.13535305857658386,0.9551419019699097,0.3746965527534485,0.4588044583797455,0.13461171090602875,0.9564392566680908,0.3743472695350647,0.4633786082267761,0.1343393474817276,0.9763119220733643,0.38754066824913025,0.4750143587589264,0.09531199187040329,0.9727048873901367,0.3841169476509094,0.4818163514137268,0.14926964044570923,0.9618432521820068,0.40032631158828735,0.480438768863678,0.12776854634284973,0.9687240123748779,0.4050580561161041,0.48023733496665955,0.14511451125144958,0.9726400971412659,0.4622352719306946,0.630702018737793,0.02604205347597599,0.9983224868774414,0.48571810126304626,0.5552209615707397,0.30080336332321167,0.9996331334114075,0.541925311088562,0.8274329304695129,0.0794622153043747,0.13790829479694366,0.317979633808136,0.7910917401313782,0.38263481855392456,0.6876332759857178,0.6362431645393372,0.8112321496009827,0.20292313396930695,0.21635551750659943,0.29968392848968506,0.5258772373199463,0.07595227658748627,0.8390007615089417,0.6664673686027527,0.8093711137771606,0.2080860584974289,0.2592002749443054,0.28212282061576843,0.45683708786964417,0.05117048695683479,0.8485615253448486,0.6663686037063599,0.792661190032959,0.1783979833126068,0.26348546147346497,0.2961295247077942,0.44100522994995117,0.06592150032520294,0.8447757959365845,0.6570366621017456,0.7967560887336731,0.1945604830980301,0.24857281148433685,0.3083977997303009,0.46668291091918945,0.07467891275882721,0.8252304792404175,0.7171131372451782,0.9893684983253479,-0.07429571449756622,0.989648163318634,0.7471195459365845,0.9553949236869812,0.07397453486919403,0.9959971308708191,0.9301949739456177,1.1123632192611694,0.13964304327964783,0.019747482612729073,0.9010999798774719,1.1492549180984497,0.08482500165700912,0.035699885338544846,1.098007321357727,1.310819387435913,0.17494794726371765,0.007844444364309311,1.0515377521514893,1.3714574575424194,0.11038943380117416,0.015761952847242355,1.1323974132537842,1.3312420845031738,0.17776918411254883,0.01731504313647747,1.0726889371871948,1.418097734451294,0.1160222515463829,0.01868709735572338,1.1366759538650513,1.3907983303070068,0.12517735362052917,0.009369783103466034,1.1050597429275513,1.4055051803588867,0.08691267669200897,0.015036704018712044
0.3902975916862488,0.4592340588569641,0.11514326184988022,0.9659997820854187,0.3793245255947113,0.4491315484046936,0.1194373220205307,0.9464122653007507,0.3806617558002472,0.44908761978149414,0.1190379410982132,0.9360829591751099,0.3821144700050354,0.45011982321739197,0.11902735382318497,0.9590353965759277,0.3760477602481842,0.4541341960430145,0.11638259887695312,0.9585293531417847,0.3749832212924957,0.4575517475605011,0.11571434885263443,0.9598545432090759,0.3745421767234802,0.4624428153038025,0.11534806340932846,0.9780963063240051,0.38763952255249023,0.47323906421661377,0.12728096544742584,0.9747810363769531,0.38254061341285706,0.48171937465667725,0.12351296842098236,0.9648388624191284,0.40104150772094727,0.47928470373153687,0.12683291733264923,0.9708991646766663,0.40513426065444946,0.4777206778526306,0.12004069983959198,0.9745550155639648,0.47875675559043884,0.611640453338623,0.11694850772619247,0.9983864426612854,0.4555114805698395,0.5667861700057983,0.10924135148525238,0.9996469020843506,0.5764493346214294,0.8208240270614624,0.19195973873138428,0.12480905652046204,0.3054090738296509,0.8016107082366943,-0.0796351358294487,0.7031782269477844,0.667805552482605,0.8384475111961365,0.245215505361557,0.19612643122673035,0.29805225133895874,0.5289062261581421,-0.208762526512146,0.8522815108299255,0.6985708475112915,0.845917284488678,0.25010278820991516,0.23718257248401642,0.28181275725364685,0.4607331156730652,-0.24931426346302032,0.8605062961578369,0.6948850750923157,0.8289856910705566,0.2264738529920578,0.24149705469608307,0.29506421089172363,0.44579586386680603,-0.2076072245836258,0.8566531538963318,0.6854310035705566,0.8309102654457092,0.23971226811408997,0.2283395379781723,0.3075379431247711,0.4704797565937042,-0.1977088302373886,0.83814537525177,0.7186436653137207,0.9842453002929688,-0.031051943078637123,0.9895354509353638,0.7359054088592529,0.9572870135307312,0.030511418357491493,0.9960120320320129,0.9302943348884583,1.1258983612060547,0.16429437696933746,0.01815730333328247,0.8996878862380981,1.154512643814087,0.05778447911143303,0.032991014420986176,1.094709873199463,1.332937240600586,0.21523824334144592,0.007538666483014822,1.0508835315704346,1.380755066871643,0.1014123186469078,0.014874866232275963,1.1267820596694946,1.3593252897262573,0.21509234607219696,0.017235465347766876,1.0689098834991455,1.4343061447143555,0.10895196348428726,0.018918605521321297,1.138310194015503,1.4092055559158325,0.17560400068759918,0.00916257780045271,1.0919362306594849,1.417839527130127,0.07462117075920105,0.014455563388764858
0.39063817262649536,0.45576637983322144,0.11426152288913727,0.9691840410232544,0.37958985567092896,0.44740012288093567,0.10240723192691803,0.9513940215110779,0.3807150721549988,0.44755542278289795,0.10202362388372421,0.9419999122619629,0.3823131024837494,0.4490354657173157,0.10205930471420288,0.9627647399902344,0.376618355512619,0.4530937075614929,0.11297334730625153,0.9624350666999817,0.37563154101371765,0.4569413363933563,0.11228960752487183,0.9636490941047668,0.37498998641967773,0.46189525723457336,0.11186771094799042,0.9801701903343201,0.3875885307788849,0.47173187136650085,0.06906881928443909,0.9769911766052246,0.3824625313282013,0.48258543014526367,0.12204321473836899,0.9681501984596252,0.40178900957107544,0.4822538495063782,0.10882705450057983,0.9731611609458923,0.404503732919693,0.4839570224285126,0.11629796028137207,0.9766954779624939,0.4672137200832367,0.618410050868988,0.014366032555699348,0.9983778595924377,0.46396350860595703,0.5669031143188477,0.1433526575565338,0.999658465385437,0.5142228603363037,0.8354592323303223,0.04851488023996353,0.11282070726156235,0.3053399920463562,0.801265299320221,0.11586020886898041,0.6818748712539673,0.6243114471435547,0.792986273765564,0.1369251012802124,0.1770738959312439,0.29767996072769165,0.5293108820915222,0.10621573776006699,0.8554170727729797,0.6912091970443726,0.8080825805664062,0.13372370600700378,0.21522720158100128,0.2818446457386017,0.46163567900657654,0.08869372308254242,0.862937331199646,0.6711869835853577,0.7766500115394592,0.10663105547428131,0.21924345195293427,0.2950109839439392,0.44631433486938477,0.10360708087682724,0.8588522672653198,0.6761094331741333,0.7783591151237488,0.1289902776479721,0.207432821393013,0.307500422000885,0.4705795645713806,0.10706877708435059,0.8405767679214478,0.7144726514816284,0.9876598715782166,-0.046905629336833954,0.9891631603240967,0.7352091670036316,0.956123948097229,0.04629407450556755,0.9960178136825562,0.9016162753105164,1.1499861478805542,0.15993735194206238,0.016514472663402557,0.8990474939346313,1.154594898223877,0.11035225540399551,0.02996649593114853,1.0742261409759521,1.3585635423660278,0.16100159287452698,0.007073705084621906,1.0399818420410156,1.3827656507492065,0.10552968829870224,0.013586989603936672,1.1097395420074463,1.38918137550354,0.15482737123966217,0.016820572316646576,1.0610542297363281,1.436661958694458,0.10764069855213165,0.017885738983750343,1.111558198928833,1.4194282293319702,0.11116886138916016,0.008691918104887009,1.0740501880645752,1.4147977828979492,0.07197465002536774,0.013319706544280052
0.3909147381782532,0.45740026235580444,0.11476727575063705,0.9717212915420532,0.3797520101070404,0.448833167552948,0.10209143161773682,0.9553730487823486,0.3808930218219757,0.44982922077178955,0.10167893022298813,0.9467169642448425,0.38227584958076477,0.4522034227848053,0.10169557482004166,0.9656118750572205,0.3772485852241516,0.4526921212673187,0.11619637161493301,0.9657073020935059,0.3766232132911682,0.45626160502433777,0.11546540260314941,0.9668756723403931,0.37606385350227356,0.4609925150871277,0.11513111740350723,0.9819480776786804,0.3875150680541992,0.473974347114563,0.04581834748387337,0.9785645604133606,0.3836582601070404,0.4816046357154846,0.1337854564189911,0.9709897041320801,0.40236765146255493,0.49074697494506836,0.10824769735336304,0.9744012355804443,0.40465205907821655,0.489892840385437,0.12457813322544098,0.978300154209137,0.4559827744960785,0.6351548433303833,-0.033808693289756775,0.9981696605682373,0.469372421503067,0.5727694034576416,0.18651071190834045,0.9996465444564819,0.37265342473983765,0.8294472694396973,0.006456839386373758,0.10228261351585388,0.31539294123649597,0.7921520471572876,0.2139321118593216,0.6305193305015564,0.45453017950057983,0.7369577884674072,0.12201131880283356,0.1601528525352478,0.2977939248085022,0.5291938781738281,0.19142645597457886,0.8398663401603699,0.4674285054206848,0.6872463226318359,0.11071775108575821,0.19634400308132172,0.2819652557373047,0.46159613132476807,0.17534464597702026,0.8527114391326904,0.47644728422164917,0.6675236821174622,0.08630910515785217,0.20024114847183228,0.2951734662055969,0.4463191032409668,0.17628249526023865,0.8491405248641968,0.47848600149154663,0.6843778491020203,0.11476365476846695,0.18954546749591827,0.3075363337993622,0.47043174505233765,0.18604619801044464,0.8307924270629883,0.7122884392738342,0.9880853295326233,-0.06469886004924774,0.9885337948799133,0.7384538054466248,0.9487672448158264,0.06404360383749008,0.9959271550178528,0.9007042646408081,1.1454319953918457,0.14523813128471375,0.014980032108724117,0.8947925567626953,1.1543337106704712,0.1333567351102829,0.02714144065976143,1.067803144454956,1.360030174255371,0.1620633602142334,0.0065603675320744514,1.0308939218521118,1.3789812326431274,0.12336347252130508,0.012360860593616962,1.1019351482391357,1.389192819595337,0.1587238311767578,0.01621016301214695,1.0504357814788818,1.4300669431686401,0.12318631261587143,0.0166942086070776,1.1009858846664429,1.424965739250183,0.10275198519229889,0.008106047287583351,1.0692147016525269,1.4003154039382935,0.07274682819843292,0.012180118821561337
0.3909406363964081,0.45825567841529846,0.12753945589065552,0.9745259881019592,0.37987595796585083,0.44919222593307495,0.10155470669269562,0.9598095417022705,0.38100841641426086,0.4505027234554291,0.10112929344177246,0.952014148235321,0.3823787569999695,0.45296165347099304,0.10113932192325592,0.9690272808074951,0.37852102518081665,0.45235878229141235,0.1274452805519104,0.969119131565094,0.380984902381897,0.45546087622642517,0.12670740485191345,0.9701706171035767,0.38114795088768005,0.46084725856781006,0.12654200196266174,0.9837431311607361,0.3875349164009094,0.4751395881175995,0.0011731102131307125,0.9806919097900391,0.3882235288619995,0.4811832308769226,0.1414199024438858,0.9738713502883911,0.40160948038101196,0.48641476035118103,0.10812197625637054,0.9769092798233032,0.4047730565071106,0.4873010516166687,0.14061155915260315,0.9804342985153198,0.43011611700057983,0.6501210331916809,-0.11446483433246613,0.9983355402946472,0.5001693367958069,0.544914722442627,0.23991255462169647,0.9996654391288757,0.2991379201412201,0.8256345987319946,-0.06204612925648689,0.12548620998859406,0.376278817653656,0.759691596031189,0.30912676453590393,0.5758689045906067,0.30204758048057556,0.572169303894043,0.10555615276098251,0.20015175640583038,0.2993199825286865,0.5288034081459045,0.2717754542827606,0.809506893157959,0.28650549054145813,0.5116495490074158,0.08990589529275894,0.24688106775283813,0.28248828649520874,0.45902013778686523,0.26459211111068726,0.8327370285987854,0.3070290684700012,0.4890030026435852,0.07572637498378754,0.25113773345947266,0.2966756224632263,0.44229838252067566,0.25271540880203247,0.8299616575241089,0.321421355009079,0.5138185620307922,0.10372664034366608,0.23596006631851196,0.3076027035713196,0.467812716960907,0.2599821388721466,0.8124391436576843,0.7063032984733582,0.9977013468742371,-0.09315410256385803,0.9893752336502075,0.7510408163070679,0.9422286748886108,0.09259382635354996,0.9961919188499451,0.8915677070617676,1.1721832752227783,0.14925728738307953,0.014043484814465046,0.9044972658157349,1.1540511846542358,0.19725510478019714,0.02479012869298458,1.05055832862854,1.3863568305969238,0.17816559970378876,0.00638415664434433,1.038611650466919,1.3723844289779663,0.16415157914161682,0.011361565440893173,1.0849230289459229,1.4095935821533203,0.1831561177968979,0.018310021609067917,1.0560529232025146,1.4197860956192017,0.16131490468978882,0.016376422718167305,1.0787408351898193,1.45131254196167,0.15018023550510406,0.008094762451946735,1.080039143562317,1.3806544542312622,0.11037524044513702,0.011365186423063278
0.39866408705711365,0.45138803124427795,0.15261873602867126,0.9767237901687622,0.3850083351135254,0.4444997012615204,0.1509869545698166,0.9632174372673035,0.38525861501693726,0.44612038135528564,0.15045709908008575,0.9561002850532532,0.38578739762306213,0.44907110929489136,0.15043343603610992,0.971627414226532,0.3838013708591461,0.44750267267227173,0.14945760369300842,0.9717357754707336,0.3844654858112335,0.4509979784488678,0.14877167344093323,0.9727252125740051,0.38391953706741333,0.45602676272392273,0.14848464727401733,0.9851058721542358,0.38758373260498047,0.47469326853752136,0.14360755681991577,0.982339084148407,0.38789862394332886,0.4810851514339447,0.14230607450008392,0.9760510325431824,0.4078410267829895,0.46176037192344666,0.15686795115470886,0.9786611199378967,0.4115375578403473,0.48626741766929626,0.1533707082271576,0.9818751811981201,0.4564136862754822,0.6381130218505859,0.12430985271930695,0.998434841632843,0.47643423080444336,0.5524542927742004,0.13470640778541565,0.9996814131736755,0.5310845971107483,0.8251944780349731,0.2265464812517166,0.1134815663099289,0.34086549282073975,0.7660552263259888,-0.04494307562708855,0.5903640985488892,0.6321938633918762,0.7610108852386475,0.33847227692604065,0.18161821365356445,0.2965197265148163,0.5285171270370483,-0.15070904791355133,0.8244864344596863,0.6622308492660522,0.7517423033714294,0.35870859026908875,0.22604505717754364,0.27984538674354553,0.45782652497291565,-0.18716108798980713,0.8452888131141663,0.6651610732078552,0.7412899732589722,0.3217102885246277,0.23023460805416107,0.29490989446640015,0.4406352639198303,-0.14994661509990692,0.8422539234161377,0.6580928564071655,0.7487167119979858,0.3283838629722595,0.21662898361682892,0.30652686953544617,0.466330349445343,-0.14235250651836395,0.8252468705177307,0.7081756591796875,0.9947688579559326,-0.015164598822593689,0.9892946481704712,0.7438744306564331,0.9429391622543335,0.014561539515852928,0.996147632598877,0.8954545855522156,1.139473795890808,0.18808767199516296,0.012917162850499153,0.9049030542373657,1.1527385711669922,0.0626896321773529,0.02299215830862522,1.0570697784423828,1.3758761882781982,0.1867523342370987,0.0061418479308485985,1.0385116338729858,1.3722083568572998,0.048957549035549164,0.010721106082201004,1.0908668041229248,1.4058749675750732,0.18663427233695984,0.018044672906398773,1.0580016374588013,1.422989010810852,0.049352072179317474,0.0165100134909153,1.0894657373428345,1.4392660856246948,0.15035030245780945,0.007951588369905949,1.0798871517181396,1.3807952404022217,0.03410983830690384,0.010943655855953693
0.4006398618221283,0.4447655975818634,0.1667236089706421,0.977813720703125,0.3872983455657959,0.4404015839099884,0.19115784764289856,0.9652212858200073,0.3876461386680603,0.4410252869129181,0.19062979519367218,0.9584581851959229,0.38831284642219543,0.4428747892379761,0.19062383472919464,0.9734249711036682,0.38452795147895813,0.44721120595932007,0.15930092334747314,0.9730324149131775,0.384482204914093,0.4506815969944,0.1585470288991928,0.9738039374351501,0.38369184732437134,0.45578324794769287,0.15815532207489014,0.9857555627822876,0.3888576030731201,0.4724181294441223,0.2811209559440613,0.9834581613540649,0.38607218861579895,0.48345497250556946,0.13954021036624908,0.9767553806304932,0.41194042563438416,0.46103042364120483,0.20298519730567932,0.9797338843345642,0.412309467792511,0.48557761311531067,0.1593935787677765,0.9824115037918091,0.5028412342071533,0.6022375226020813,0.3288579285144806,0.998481810092926,0.4321802258491516,0.600265622138977,0.058026038110256195,0.9996718168258667,0.6107063889503479,0.8054375648498535,0.4658988416194916,0.10312025994062424,0.3072039783000946,0.775065004825592,-0.06758101284503937,0.627815842628479,0.6978706121444702,0.8572917580604553,0.47809600830078125,0.16524019837379456,0.2912730574607849,0.5204030275344849,-0.07400865852832794,0.8363040685653687,0.7251995205879211,0.8807917237281799,0.4952307343482971,0.20655599236488342,0.279202401638031,0.45083343982696533,-0.10570918023586273,0.8502020239830017,0.7226585149765015,0.8516520261764526,0.44740018248558044,0.21056564152240753,0.2934274673461914,0.43778276443481445,-0.07196731865406036,0.8458234667778015,0.7111688852310181,0.8462843298912048,0.46029528975486755,0.19856131076812744,0.30205827951431274,0.46167251467704773,-0.06480186432600021,0.8271092176437378,0.717557430267334,0.9688477516174316,0.07036835700273514,0.9898108243942261,0.7119851112365723,0.9938934445381165,-0.070784792304039,0.9962736964225769,0.9293720126152039,1.0571972131729126,0.1501350998878479,0.012377584353089333,0.9033831357955933,1.0652318000793457,-0.06829668581485748,0.024838590994477272,1.0600202083587646,1.3840441703796387,0.12906582653522491,0.0059635150246322155,1.038455605506897,1.3617337942123413,0.023539075627923012,0.010844920761883259,1.093742847442627,1.4209645986557007,0.12321239709854126,0.017234552651643753,1.057868480682373,1.4207621812820435,0.03569727763533592,0.017139025032520294,1.1159632205963135,1.4691752195358276,0.07244160771369934,0.007743913680315018,1.0921874046325684,1.3641936779022217,0.01464875228703022,0.01100457925349474
0.40448060631752014,0.44145262241363525,0.1523900330066681,0.9797042608261108,0.3910532593727112,0.4373151659965515,0.17278845608234406,0.9682559967041016,0.39184433221817017,0.4370025098323822,0.17228128015995026,0.9620413184165955,0.392843633890152,0.43754419684410095,0.17227278649806976,0.9758025407791138,0.3861777186393738,0.44557690620422363,0.1478234827518463,0.9753583669662476,0.38475310802459717,0.45008379220962524,0.14708693325519562,0.9760156273841858,0.38357576727867126,0.455299973487854,0.14673034846782684,0.9869800806045532,0.39281222224235535,0.46613895893096924,0.2639322876930237,0.9848921895027161,0.3850998878479004,0.4833446443080902,0.13346077501773834,0.9785833954811096,0.4159146845340729,0.45959746837615967,0.18563427031040192,0.9814416766166687,0.4132814407348633,0.4829952120780945,0.15149390697479248,0.9838112592697144,0.5176019668579102,0.5835211277008057,0.3092666268348694,0.9985605478286743,0.41571974754333496,0.6202242374420166,0.04936183616518974,0.9996834397315979,0.6152157783508301,0.7839590907096863,0.44318389892578125,0.09407108277082443,0.29126811027526855,0.7777051329612732,-0.03036973811686039,0.6627801060676575,0.6834031343460083,0.8276688456535339,0.44442644715309143,0.151471808552742,0.28665652871131897,0.5112670660018921,-0.0066434829495847225,0.8487391471862793,0.708714485168457,0.8322988152503967,0.4550572335720062,0.1908094584941864,0.2767276465892792,0.4452187120914459,-0.03173825889825821,0.8575958609580994,0.7027641534805298,0.8023998737335205,0.4108032286167145,0.19484664499759674,0.2908405363559723,0.43189531564712524,0.006010647397488356,0.8525552153587341,0.6927687525749207,0.8011212944984436,0.4273260235786438,0.18422788381576538,0.2988268733024597,0.4543715715408325,0.008995880372822285,0.833595871925354,0.7218502759933472,0.9526827335357666,0.0672638863325119,0.9902123808860779,0.6993166208267212,1.0047612190246582,-0.06775019317865372,0.9963828325271606,0.9372779726982117,1.0351701974868774,0.06400881707668304,0.011808623559772968,0.8836636543273926,1.0789586305618286,-0.05033828690648079,0.025348402559757233,1.0540118217468262,1.3990283012390137,0.02847028151154518,0.005637417547404766,1.022018551826477,1.3971004486083984,0.042392246425151825,0.010639620944857597,1.0663044452667236,1.4403386116027832,0.021186675876379013,0.01618279702961445,1.0385901927947998,1.4642322063446045,0.052954066544771194,0.01710616424679756,1.1081016063690186,1.50336492061615,-0.034969620406627655,0.007414201274514198,1.0882184505462646,1.4025341272354126,0.025162503123283386,0.01080009713768959
0.3918894827365875,0.4415004253387451,0.13552464544773102,0.98167884349823,0.38204652070999146,0.4358920156955719,0.15890167653560638,0.971348762512207,0.38505345582962036,0.43449872732162476,0.1583957076072693,0.9657314419746399,0.38901931047439575,0.4324650764465332,0.1583837866783142,0.9781636595726013,0.3727238178253174,0.4450971782207489,0.13764561712741852,0.9777668118476868,0.37046974897384644,0.4495817720890045,0.1368093192577362,0.9783529043197632,0.36772677302360535,0.4552028775215149,0.1363743543624878,0.988247811794281,0.3921601474285126,0.45506346225738525,0.24479961395263672,0.9863659739494324,0.37323275208473206,0.4823186993598938,0.13229677081108093,0.9806562662124634,0.40952831506729126,0.45902520418167114,0.1702040731906891,0.9832424521446228,0.4001477360725403,0.4820270240306854,0.13748911023139954,0.9853770732879639,0.5153377652168274,0.575323760509491,0.31257957220077515,0.9986503720283508,0.4093073904514313,0.6246102452278137,0.07091446965932846,0.9997009634971619,0.5971025228500366,0.6985332369804382,0.5163165926933289,0.09717085212469101,0.2888248562812805,0.7784839868545532,0.04087681323289871,0.6935503482818604,0.6179009675979614,0.45974087715148926,0.6542510390281677,0.17937929928302765,0.2831878066062927,0.5005879998207092,0.16482223570346832,0.8614821434020996,0.6032730340957642,0.41771990060806274,0.690955400466919,0.2230190485715866,0.27180418372154236,0.4393787682056427,0.15781863033771515,0.8674828410148621,0.5908754467964172,0.39717191457748413,0.6517456769943237,0.22800682485103607,0.2856021523475647,0.416548490524292,0.19538521766662598,0.8623164296150208,0.5878392457962036,0.41835835576057434,0.6426820755004883,0.2180894911289215,0.29515746235847473,0.438989520072937,0.18002231419086456,0.8446854948997498,0.7253671884536743,0.943857729434967,0.061729323118925095,0.9906364679336548,0.696397602558136,1.0147579908370972,-0.06220853328704834,0.9964505434036255,0.9357072114944458,1.0195846557617188,0.04435611516237259,0.0123400017619133,0.8831253051757812,1.0856095552444458,-0.015140002593398094,0.025996726006269455,1.0533653497695923,1.3900963068008423,0.010603852570056915,0.005532464012503624,1.0201970338821411,1.3982172012329102,0.1201605424284935,0.01058813277631998,1.0625745058059692,1.4293646812438965,0.004798938054591417,0.015498832799494267,1.035593032836914,1.4628734588623047,0.13719654083251953,0.017455630004405975,1.106623649597168,1.4935555458068848,-0.04756481572985649,0.007404495030641556,1.0878092050552368,1.408003330230713,0.11912814527750015,0.010710549540817738
0.3803081512451172,0.4415573179721832,0.03461674973368645,0.9833887815475464,0.3763141334056854,0.43495139479637146,0.06237073615193367,0.9739834070205688,0.3809491991996765,0.4324520528316498,0.06190527230501175,0.9688747525215149,0.38662657141685486,0.4287251830101013,0.0618651919066906,0.9801785349845886,0.36420637369155884,0.4448153078556061,0.037359874695539474,0.979844331741333,0.3610381484031677,0.4495803415775299,0.036549557000398636,0.9803731441497803,0.35797056555747986,0.455352783203125,0.03609691187739372,0.9893390536308289,0.3919324278831482,0.44435933232307434,0.19203265011310577,0.9876160025596619,0.36334213614463806,0.4822634756565094,0.05987595394253731,0.9824330806732178,0.403360515832901,0.45850521326065063,0.07912899553775787,0.9847785234451294,0.389453649520874,0.4810478687286377,0.04323720186948776,0.9867119193077087,0.5136483907699585,0.5636648535728455,0.24498002231121063,0.9987112879753113,0.4041536748409271,0.6332581639289856,0.011710838414728642,0.9997096061706543,0.6030443906784058,0.663959264755249,0.4252397418022156,0.10586080700159073,0.28721874952316284,0.778886079788208,-0.04650705307722092,0.721385657787323,0.5924507975578308,0.40484586358070374,0.541914165019989,0.20790894329547882,0.27989381551742554,0.49086472392082214,0.07451119273900986,0.8731899261474609,0.5804471969604492,0.36284172534942627,0.5758439302444458,0.2564716339111328,0.26656991243362427,0.42124247550964355,0.09847752749919891,0.8766036033630371,0.5667579174041748,0.3507900536060333,0.5380374193191528,0.2628297805786133,0.2816872000694275,0.4010951519012451,0.16188757121562958,0.8713576793670654,0.5669173002243042,0.36892077326774597,0.5309348106384277,0.25417134165763855,0.2920546531677246,0.4282550513744354,0.1074960008263588,0.8552950024604797,0.7271395921707153,0.9247654676437378,0.06097249314188957,0.9905795454978943,0.6864922046661377,1.0181424617767334,-0.061415303498506546,0.9962842464447021,0.9384323954582214,1.0085225105285645,-0.0011024505365639925,0.012317276559770107,0.8611049652099609,1.1272015571594238,-0.05632290989160538,0.025448529049754143,1.0547497272491455,1.3867398500442505,-0.0061953929252922535,0.0053269085474312305,1.0060780048370361,1.4353195428848267,0.10212995111942291,0.010222154669463634,1.0626410245895386,1.4270919561386108,-0.009444059804081917,0.01461800467222929,1.0211859941482544,1.4972410202026367,0.13258644938468933,0.01691257953643799,1.1048738956451416,1.5027180910110474,-0.06667460501194,0.007175857666879892,1.0768558979034424,1.4659336805343628,0.11312036216259003,0.010270313359797001
0.37977319955825806,0.4385325610637665,0.061119310557842255,0.9849614500999451,0.37439650297164917,0.4331732392311096,0.08426115661859512,0.9764289259910583,0.37949568033218384,0.42958176136016846,0.08378607779741287,0.9717680215835571,0.38496285676956177,0.4258454144001007,0.08375509083271027,0.9820451736450195,0.3622887134552002,0.4446451961994171,0.05970854312181473,0.9817607402801514,0.3591015338897705,0.44945815205574036,0.05891869589686394,0.9822261333465576,0.35533004999160767,0.45530661940574646,0.05851598456501961,0.990346372127533,0.39069557189941406,0.44079336524009705,0.21135668456554413,0.9887667298316956,0.3589347302913666,0.4822036623954773,0.06964908540248871,0.9840532541275024,0.4021776616573334,0.4549739956855774,0.097397580742836,0.9861826300621033,0.3877770006656647,0.4799920320510864,0.06570497900247574,0.9879294633865356,0.5112879872322083,0.5596156716346741,0.30061671137809753,0.9987781643867493,0.3952138125896454,0.6376586556434631,0.010452690534293652,0.9997191429138184,0.6099938154220581,0.6482848525047302,0.5311738848686218,0.10685265064239502,0.2848071753978729,0.772794783115387,-0.07575202733278275,0.7459431886672974,0.5783424377441406,0.40321922302246094,0.6830951571464539,0.2155669629573822,0.2776937484741211,0.4809988737106323,0.011432284489274025,0.8806167244911194,0.5725389122962952,0.36227947473526,0.7265073657035828,0.2642347812652588,0.2675468623638153,0.4089012145996094,0.010264987125992775,0.878649890422821,0.5614745616912842,0.3530820310115814,0.6825773119926453,0.2714535892009735,0.28245776891708374,0.3954527974128723,0.07397764176130295,0.8724446892738342,0.5621653199195862,0.3670913577079773,0.6702340245246887,0.26446178555488586,0.29180315136909485,0.42334818840026855,0.03572196513414383,0.8572937250137329,0.7272277474403381,0.9121010899543762,0.08256904780864716,0.9907745122909546,0.6766694188117981,1.015669822692871,-0.08295965194702148,0.9962465167045593,0.9434126019477844,1.0084148645401,0.010792726650834084,0.011972771026194096,0.8506604433059692,1.152925968170166,-0.14542005956172943,0.02549835294485092,1.0559568405151367,1.386900782585144,-0.0010656047379598022,0.0049753510393202305,1.0012813806533813,1.4690310955047607,-0.05706780403852463,0.00991479679942131,1.068692922592163,1.4310519695281982,-0.005123394075781107,0.013515959493815899,1.016042709350586,1.5377240180969238,-0.04430471733212471,0.016368171200156212,1.106522798538208,1.5078822374343872,-0.05807621031999588,0.006730291061103344,1.0743868350982666,1.4857152700424194,-0.0821680873632431,0.009875417686998844
0.38016676902770996,0.4078001379966736,0.029501616954803467,0.9864340424537659,0.3769494593143463,0.4042351543903351,0.06033879518508911,0.9787285327911377,0.3832407593727112,0.4009525179862976,0.05987166613340378,0.9745103716850281,0.38947251439094543,0.3973976671695709,0.05983934924006462,0.9837970733642578,0.363935649394989,0.42088159918785095,0.03122977912425995,0.9835496544837952,0.36002105474472046,0.4293804168701172,0.030469592660665512,0.9839648008346558,0.3551015257835388,0.4377034902572632,0.03009570576250553,0.9912909865379333,0.3913101553916931,0.42655500769615173,0.19908562302589417,0.989851713180542,0.3526306748390198,0.4694250822067261,0.0587654709815979,0.9855934381484985,0.4030470848083496,0.425283819437027,0.0806126520037651,0.9875190854072571,0.38961562514305115,0.4484902322292328,0.03999008983373642,0.9890987277030945,0.5108445286750793,0.5452690720558167,0.26619988679885864,0.9988702535629272,0.3811053931713104,0.6386122107505798,0.011923538520932198,0.9997374415397644,0.5947827696800232,0.6251383423805237,0.4578172266483307,0.1191587746143341,0.2759885787963867,0.7669455409049988,-0.12147261947393417,0.7695136666297913,0.5732308626174927,0.38277217745780945,0.5592842698097229,0.24234141409397125,0.277376264333725,0.4671831727027893,-0.1208152025938034,0.8902328610420227,0.5665467977523804,0.34048113226890564,0.5884478688240051,0.2902073562145233,0.2682454288005829,0.3912890553474426,-0.14429697394371033,0.8856977224349976,0.5574027299880981,0.32635796070098877,0.5497660636901855,0.2980350852012634,0.2830844521522522,0.38196370005607605,-0.10235337913036346,0.8794542551040649,0.5577694773674011,0.3453630805015564,0.5475574731826782,0.2919937074184418,0.29199349880218506,0.41305291652679443,-0.10659007728099823,0.8654163479804993,0.7260431051254272,0.8964048624038696,0.07163657248020172,0.9911156296730042,0.6612905263900757,1.0121619701385498,-0.07211581617593765,0.9962776899337769,0.9442316293716431,0.9913090467453003,-0.027235468849539757,0.012612482532858849,0.8522856831550598,1.148882508277893,-0.13014847040176392,0.025042923167347908,1.057873010635376,1.3883185386657715,-0.018595833331346512,0.004751511383801699,1.004361867904663,1.4514762163162231,0.000853267963975668,0.00939841940999031,1.0700465440750122,1.4351441860198975,-0.020371858030557632,0.012667891569435596,1.0193840265274048,1.5163828134536743,0.0054626138880848885,0.01555064506828785,1.1077497005462646,1.5190280675888062,-0.07088594138622284,0.006440580822527409,1.075787901878357,1.4661470651626587,-0.06632457673549652,0.009368186816573143
0.3806084096431732,0.3807845115661621,0.01927359402179718,0.987775981426239,0.37719863653182983,0.38135889172554016,0.049967192113399506,0.9808310866355896,0.38344091176986694,0.3800237774848938,0.04946544021368027,0.9770233035087585,0.38947200775146484,0.3780366778373718,0.04941945523023605,0.9854000806808472,0.36496758460998535,0.3959898352622986,0.015581438317894936,0.9851789474487305,0.3604666590690613,0.40605708956718445,0.01483991276472807,0.9855493903160095,0.3544142544269562,0.41641005873680115,0.01449912041425705,0.9921518564224243,0.3881317675113678,0.4180924594402313,0.1961677074432373,0.9908513426780701,0.3474694788455963,0.45578303933143616,0.027734652161598206,0.9870039224624634,0.4032825827598572,0.4001303017139435,0.0728815346956253,0.9887489676475525,0.39057421684265137,0.4200649559497833,0.02470603957772255,0.9901723265647888,0.510299801826477,0.537570059299469,0.26415735483169556,0.9989706873893738,0.37437063455581665,0.6360357403755188,-0.012461423873901367,0.9997568726539612,0.5842522382736206,0.5788020491600037,0.5133808255195618,0.14736223220825195,0.2742808163166046,0.7599717974662781,-0.15544722974300385,0.7916011214256287,0.568159282207489,0.3522077202796936,0.6573792695999146,0.2908644676208496,0.27736878395080566,0.4502260386943817,-0.1595914661884308,0.8997671008110046,0.5636036396026611,0.30660197138786316,0.6973505020141602,0.33104991912841797,0.2683359980583191,0.37054845690727234,-0.18544378876686096,0.8933849930763245,0.5557550191879272,0.29656046628952026,0.6522399187088013,0.33926883339881897,0.2827732563018799,0.36405149102211,-0.1452520191669464,0.8872753977775574,0.554462194442749,0.318913072347641,0.6445547938346863,0.33357036113739014,0.29132917523384094,0.39796561002731323,-0.14611488580703735,0.8738908767700195,0.7171140909194946,0.8844236731529236,0.0785120278596878,0.9913644194602966,0.6509032845497131,0.9949344396591187,-0.07898883521556854,0.9962311387062073,0.9429084658622742,0.9815686345100403,0.007999845780432224,0.013439296744763851,0.8486987352371216,1.1260355710983276,-0.15882240235805511,0.024809962138533592,1.0470235347747803,1.3892016410827637,0.023211108520627022,0.004488082602620125,0.9961649179458618,1.4414095878601074,-0.010477093979716301,0.0088837631046772,1.0525035858154297,1.438297986984253,0.019736256450414658,0.011842239648103714,1.0082930326461792,1.5084329843521118,0.0052862330339848995,0.01469634473323822,1.0899888277053833,1.5116907358169556,-0.05660780146718025,0.006134978029876947,1.0695189237594604,1.4580892324447632,-0.023570433259010315,0.008907884359359741
0.38259822130203247,0.3712581694126129,-0.022804703563451767,0.9889827966690063,0.37720566987991333,0.3716110587120056,0.004185442812740803,0.9827249646186829,0.3821728825569153,0.37177956104278564,0.0036393788177520037,0.9792911410331726,0.3868865370750427,0.37105390429496765,0.003573276801034808,0.9868454337120056,0.3652190566062927,0.3825503885746002,-0.03634005784988403,0.9866445660591125,0.360306978225708,0.3917812705039978,-0.037100035697221756,0.9869754910469055,0.35411912202835083,0.4019484519958496,-0.03745588660240173,0.9929257035255432,0.38044020533561707,0.41405394673347473,0.1389128565788269,0.9917550683021545,0.34657883644104004,0.4480985105037689,-0.04794151335954666,0.9882736802101135,0.4034613072872162,0.3965058922767639,0.032411571592092514,0.9898585081100464,0.39132267236709595,0.41222479939460754,-0.02397654578089714,0.9911396503448486,0.5040510892868042,0.5355401635169983,0.25451329350471497,0.9990648031234741,0.3730725049972534,0.6342303156852722,-0.08348752558231354,0.9997743964195251,0.5815882086753845,0.5995780229568481,0.4774462580680847,0.1856347769498825,0.26984089612960815,0.7559463381767273,-0.24687786400318146,0.811762273311615,0.5629495978355408,0.3721992075443268,0.5977386832237244,0.34702667593955994,0.2778630256652832,0.44659698009490967,-0.27660661935806274,0.9084630608558655,0.5570570230484009,0.3259386122226715,0.6321899890899658,0.3810045123100281,0.26871398091316223,0.36733517050743103,-0.30783212184906006,0.9006456732749939,0.5487531423568726,0.31254953145980835,0.5845387578010559,0.38929545879364014,0.2827429175376892,0.36397475004196167,-0.2690812051296234,0.8946805000305176,0.5488020181655884,0.33470267057418823,0.5828396081924438,0.38338184356689453,0.2907308042049408,0.39574509859085083,-0.26429814100265503,0.8818058967590332,0.713417649269104,0.8855994939804077,0.08661700785160065,0.9918126463890076,0.6537370085716248,0.9896226525306702,-0.08698917925357819,0.9963255524635315,0.9420374035835266,0.9813541173934937,0.021033329889178276,0.01743963547050953,0.8473851084709167,1.1205525398254395,-0.18148091435432434,0.029213858768343925,1.0302069187164307,1.3877054452896118,0.08683757483959198,0.004579101223498583,0.9929527044296265,1.4370498657226562,-0.010439785197377205,0.009278939105570316,1.0305101871490479,1.435572624206543,0.09338565915822983,0.011784635484218597,1.004774570465088,1.5060582160949707,0.00900493934750557,0.01498943381011486,1.0715636014938354,1.5054779052734375,0.07107412815093994,0.0063825189135968685,1.0649971961975098,1.455468773841858,-0.009391558356583118,0.009327374398708344
0.383456289768219,0.37191489338874817,0.008540855720639229,0.9900404810905457,0.3746963143348694,0.37207895517349243,0.03402608633041382,0.984383761882782,0.3786937892436981,0.3723059892654419,0.03349892050027847,0.9812681078910828,0.3825472295284271,0.3715779185295105,0.03344064950942993,0.9881177544593811,0.36138442158699036,0.3825642764568329,-0.0005488493479788303,0.9879302978515625,0.3556353449821472,0.3917510211467743,-0.0013188885059207678,0.9882172346115112,0.3490837514400482,0.4017273485660553,-0.0016826828941702843,0.9936013221740723,0.3748915493488312,0.4133315682411194,0.1415460705757141,0.9925422072410583,0.34264102578163147,0.44630730152130127,-0.0071709780022501945,0.989350438117981,0.4015442430973053,0.39906010031700134,0.05681965872645378,0.990830659866333,0.39008432626724243,0.41496679186820984,0.008057156577706337,0.99198317527771,0.5026079416275024,0.5326328873634338,0.247040793299675,0.9991428852081299,0.37263405323028564,0.6331932544708252,-0.04864349588751793,0.9997873306274414,0.5806715488433838,0.5775921940803528,0.47446316480636597,0.21004796028137207,0.2671646773815155,0.7458881139755249,-0.17215287685394287,0.829552412033081,0.5603194236755371,0.3571723997592926,0.5982362031936646,0.3849317729473114,0.27783727645874023,0.43345504999160767,-0.1589982956647873,0.9148828983306885,0.5568678379058838,0.308652400970459,0.6354254484176636,0.41195201873779297,0.2693192660808563,0.3527364432811737,-0.18388305604457855,0.903705894947052,0.5443388223648071,0.3026345670223236,0.5900251269340515,0.42042845487594604,0.28297117352485657,0.34814611077308655,-0.14824244379997253,0.8974830508232117,0.5438157916069031,0.3236711621284485,0.584781289100647,0.4145025610923767,0.29102981090545654,0.3811379671096802,-0.14738968014717102,0.8847588896751404,0.7115824818611145,0.8851853013038635,0.08085670322179794,0.9921212196350098,0.649531900882721,0.9883848428726196,-0.08129404485225677,0.9963487386703491,0.9392058253288269,0.9858137369155884,0.01371352095156908,0.017912883311510086,0.8616134524345398,1.0739306211471558,-0.14822523295879364,0.029032334685325623,1.0360805988311768,1.3884114027023315,0.05161789804697037,0.004362911451607943,0.9961167573928833,1.435068130493164,-0.004490148741751909,0.008914144709706306,1.039876103401184,1.4357879161834717,0.05430252477526665,0.011130054481327534,1.0085773468017578,1.501436710357666,0.013097099959850311,0.014394096098840237,1.0798404216766357,1.5033396482467651,0.04461842402815819,0.006132760085165501,1.0657517910003662,1.4522401094436646,-0.0001355070126010105,0.009017414413392544
0.38407477736473083,0.3742043077945709,0.014248721301555634,0.9910028576850891,0.37380772829055786,0.3738406300544739,0.04170740395784378,0.9858912229537964,0.3773539960384369,0.37361106276512146,0.041193537414073944,0.9830632209777832,0.38090431690216064,0.37242835760116577,0.041138313710689545,0.9892714619636536,0.36000388860702515,0.3843654692173004,0.00733878742903471,0.9890980124473572,0.3538205921649933,0.3932030200958252,0.006567454896867275,0.9893455505371094,0.34692683815956116,0.40277257561683655,0.006221091840416193,0.994215190410614,0.3724024295806885,0.41369307041168213,0.1475740671157837,0.9932543635368347,0.3392315208911896,0.4464055895805359,0.007367433048784733,0.9903295636177063,0.4010508060455322,0.40119996666908264,0.06404834240674973,0.9917057156562805,0.3900396227836609,0.4168582856655121,0.015683375298976898,0.9927420616149902,0.5004564523696899,0.5323520302772522,0.24873659014701843,0.9992102980613708,0.37225085496902466,0.6328989863395691,-0.03250216320157051,0.999795138835907,0.5791270732879639,0.5805092453956604,0.4816378951072693,0.22709858417510986,0.26458945870399475,0.7323680520057678,-0.14059939980506897,0.84449303150177,0.5588769316673279,0.35784417390823364,0.613641619682312,0.40975841879844666,0.2779753804206848,0.42377349734306335,-0.04871497303247452,0.9157613515853882,0.5571588277816772,0.3090302050113678,0.6505241990089417,0.4310913383960724,0.27294671535491943,0.3457649350166321,-0.06103423982858658,0.8965652585029602,0.5449275374412537,0.29950767755508423,0.606702983379364,0.4400990903377533,0.284254252910614,0.3433895707130432,-0.02606241963803768,0.889366865158081,0.5442148447036743,0.3199833631515503,0.6008081436157227,0.4344883859157562,0.2918015718460083,0.3747229278087616,-0.035166315734386444,0.8766239881515503,0.7105714678764343,0.8820070624351501,0.08223970234394073,0.9923473000526428,0.6479797959327698,0.9840100407600403,-0.08270634710788727,0.9963251352310181,0.938912034034729,0.9824915528297424,0.006055335979908705,0.017736196517944336,0.8629042506217957,1.0610167980194092,-0.16248391568660736,0.02813500538468361,1.0363199710845947,1.3907705545425415,0.047817833721637726,0.004097024444490671,0.9946333765983582,1.4397891759872437,-0.017772316932678223,0.008448084816336632,1.038862943649292,1.4404139518737793,0.050603561103343964,0.010411819443106651,1.005545973777771,1.510622262954712,-0.0003914832486771047,0.013611878268420696,1.0807567834854126,1.502195119857788,0.033285655081272125,0.005795006640255451,1.0665476322174072,1.4555010795593262,-0.019764339551329613,0.008568613789975643
0.38554254174232483,0.374899297952652,0.00481401477009058,0.9918459057807922,0.37407177686691284,0.3729637861251831,0.03586896136403084,0.9872127175331116,0.37755879759788513,0.37259402871131897,0.035347215831279755,0.9846305251121521,0.3810344636440277,0.3713080585002899,0.03530506044626236,0.9902868866920471,0.36068373918533325,0.3825688660144806,-0.0035536414943635464,0.9901219606399536,0.3547276556491852,0.3905384838581085,-0.004320052452385426,0.9903287887573242,0.3480762839317322,0.39919543266296387,-0.0046689314767718315,0.9947492480278015,0.371628999710083,0.4127950966358185,0.15163934230804443,0.9938743114471436,0.33777564764022827,0.44509634375572205,-0.006741780787706375,0.9911589026451111,0.4011550545692444,0.402683287858963,0.06048135831952095,0.9924578070640564,0.3904361426830292,0.4175507128238678,0.005511956755071878,0.9933887124061584,0.4957128167152405,0.5341675877571106,0.2612697184085846,0.9992612600326538,0.37146782875061035,0.6324254870414734,-0.051808495074510574,0.9997920393943787,0.5777674913406372,0.5818153619766235,0.49269333481788635,0.23130938410758972,0.26449012756347656,0.7233279943466187,-0.13701766729354858,0.8572357892990112,0.5571509599685669,0.36152908205986023,0.6101137399673462,0.423600435256958,0.2782612442970276,0.4151747524738312,-0.03148290887475014,0.9135644435882568,0.5561578273773193,0.31410226225852966,0.6456915140151978,0.44102591276168823,0.27361994981765747,0.3369724154472351,-0.04318954795598984,0.8846750259399414,0.5438287258148193,0.30172449350357056,0.6025911569595337,0.45062464475631714,0.2848302721977234,0.3351859748363495,-0.005536335054785013,0.8761774301528931,0.5429378747940063,0.3196927607059479,0.5967561602592468,0.4451131522655487,0.2919272482395172,0.36444786190986633,-0.016346175223588943,0.862881600856781,0.7096320390701294,0.8818724155426025,0.09009291231632233,0.9925402998924255,0.6481621861457825,0.9807482361793518,-0.09054859727621078,0.9962559938430786,0.9388045072555542,0.9823025465011597,0.011621288023889065,0.017622126266360283,0.8607164621353149,1.102540135383606,-0.14247840642929077,0.027112901210784912,1.0389484167099,1.3903833627700806,0.05061725527048111,0.003926061559468508,0.9943280220031738,1.4474732875823975,0.013271446339786053,0.008077540434896946,1.0434596538543701,1.440394401550293,0.05176229402422905,0.009891423396766186,1.0043861865997314,1.5187640190124512,0.034185741096735,0.012936718761920929,1.082283616065979,1.5007107257843018,0.02465658448636532,0.005591485649347305,1.0672980546951294,1.4619040489196777,-0.004687868990004063,0.008195116184651852
0.3848609924316406,0.3745929002761841,0.0005964218289591372,0.9925907850265503,0.37075310945510864,0.372109055519104,0.03144694119691849,0.9883812665939331,0.37364181876182556,0.3718729317188263,0.030926693230867386,0.9860090017318726,0.37668657302856445,0.37075075507164,0.03088059090077877,0.9911865592002869,0.35809820890426636,0.3813568949699402,-0.007413490675389767,0.9910305738449097,0.35220637917518616,0.38934463262557983,-0.008184609934687614,0.99119633436203,0.34556227922439575,0.39817073941230774,-0.008545535616576672,0.9952223896980286,0.3685888648033142,0.41230499744415283,0.15451452136039734,0.994418203830719,0.33577218651771545,0.4452211558818817,-0.00938674807548523,0.9918835163116455,0.40001431107521057,0.40259483456611633,0.055894989520311356,0.993125855922699,0.3896161615848541,0.4151187837123871,0.0015732202446088195,0.9939627647399902,0.49188217520713806,0.5346524715423584,0.2547340393066406,0.9993037581443787,0.3718566298484802,0.631889820098877,-0.05830536410212517,0.9997882843017578,0.5768762826919556,0.5904926061630249,0.4736038148403168,0.23352232575416565,0.26545751094818115,0.7107707262039185,-0.15859991312026978,0.8687736988067627,0.5543512105941772,0.3619089722633362,0.5941342115402222,0.43300706148147583,0.2784736454486847,0.40522468090057373,-0.061818815767765045,0.912523090839386,0.5547695755958557,0.31058546900749207,0.6263968348503113,0.4480070173740387,0.273795485496521,0.3309461176395416,-0.07472340762615204,0.87575364112854,0.5426867008209229,0.2966899573802948,0.5876146554946899,0.4579969644546509,0.2849385142326355,0.3296832740306854,-0.03420223668217659,0.8660829663276672,0.542190432548523,0.3170381486415863,0.583619236946106,0.45277178287506104,0.29209718108177185,0.3583570718765259,-0.0455690361559391,0.8523132801055908,0.7098792195320129,0.8817873001098633,0.0872940719127655,0.9927438497543335,0.649188220500946,0.9793076515197754,-0.08776228129863739,0.9962347745895386,0.9386776089668274,0.9812238216400146,-0.004003184847533703,0.017780860885977745,0.860580325126648,1.120911717414856,-0.1306888461112976,0.026116257533431053,1.0423355102539062,1.3898630142211914,0.05280245468020439,0.003788410685956478,0.9951298832893372,1.4451498985290527,0.05637010931968689,0.007762719877064228,1.0440248250961304,1.4391748905181885,0.053118567913770676,0.00942200981080532,1.005858063697815,1.5151530504226685,0.07663459330797195,0.01235110592097044,1.0847808122634888,1.4995447397232056,0.02320919930934906,0.005411667749285698,1.0669193267822266,1.4609053134918213,0.04451730102300644,0.007875069044530392
0.38511985540390015,0.369719922542572,0.002742196898907423,0.9932540059089661,0.3703118562698364,0.3682742714881897,0.03287382423877716,0.9894275069236755,0.37254875898361206,0.3687489330768585,0.032348718494176865,0.9872494339942932,0.37500622868537903,0.36831867694854736,0.03229900076985359,0.9919959902763367,0.35823115706443787,0.37656816840171814,-0.006136729381978512,0.9918386936187744,0.35228025913238525,0.38449981808662415,-0.0069042956456542015,0.9919655919075012,0.345598965883255,0.39333224296569824,-0.007270210888236761,0.995641827583313,0.36625492572784424,0.4117661416530609,0.15622730553150177,0.9949101209640503,0.33422139286994934,0.444290429353714,-0.011771341785788536,0.9925168752670288,0.3996385931968689,0.4007438123226166,0.05674758553504944,0.9937254190444946,0.38963332772254944,0.4109463095664978,0.002279851119965315,0.9944733381271362,0.48720669746398926,0.5348619222640991,0.2516901195049286,0.9993487596511841,0.37051019072532654,0.6305220127105713,-0.06242508813738823,0.9997860193252563,0.5762811899185181,0.5898754596710205,0.46676531434059143,0.2415398806333542,0.2656354308128357,0.700393795967102,-0.16529963910579681,0.8793920278549194,0.5547578930854797,0.37092167139053345,0.5612568259239197,0.44481396675109863,0.2784251570701599,0.396287202835083,-0.07266335189342499,0.9111153483390808,0.5554794073104858,0.32115066051483154,0.5935722589492798,0.45721831917762756,0.27382177114486694,0.3244971036911011,-0.08596359193325043,0.8668209314346313,0.5437836050987244,0.3089917004108429,0.5495916604995728,0.4676189720630646,0.2849169373512268,0.32229501008987427,-0.04639379307627678,0.8559748530387878,0.5430053472518921,0.3277047872543335,0.5472677946090698,0.46294206380844116,0.2918793559074402,0.348903626203537,-0.05719106271862984,0.8423447012901306,0.7086461782455444,0.880789041519165,0.08623731136322021,0.9930728077888489,0.6475769281387329,0.9781797528266907,-0.08670475333929062,0.9963118433952332,0.9314334988594055,0.9664729833602905,0.002469013910740614,0.019282016903162003,0.858593761920929,1.1207735538482666,-0.14040428400039673,0.026960132643580437,1.0403358936309814,1.3642290830612183,0.06139383837580681,0.0038404189981520176,0.9904670715332031,1.4355270862579346,0.049692947417497635,0.007800223771482706,1.0421370267868042,1.4122973680496216,0.0657464861869812,0.009245796129107475,0.9998858571052551,1.5025129318237305,0.06837837398052216,0.012186958454549313,1.085542917251587,1.4816440343856812,0.038430169224739075,0.005467108450829983,1.0636813640594482,1.4593440294265747,0.04516652971506119,0.007879122160375118
0.3851816654205322,0.36802229285240173,0.008457663469016552,0.9938621520996094,0.3692079484462738,0.3669778108596802,0.0364677757024765,0.9903916120529175,0.37100380659103394,0.3678750693798065,0.0359594002366066,0.9883934259414673,0.3731130361557007,0.3679773509502411,0.0359073281288147,0.9927363395690918,0.3577970564365387,0.375346302986145,0.0006263168179430068,0.9925840497016907,0.351826012134552,0.3837123513221741,-0.00014082860434427857,0.9926810264587402,0.3450149595737457,0.3934082090854645,-0.0005041463300585747,0.9960321187973022,0.3648379445075989,0.4120575487613678,0.16508571803569794,0.9953680038452148,0.3336663246154785,0.44475796818733215,-0.0033047511242330074,0.9931329488754272,0.39960092306137085,0.40041661262512207,0.058805160224437714,0.9942743182182312,0.3897802233695984,0.4097312092781067,0.008897339925169945,0.9949434399604797,0.48730188608169556,0.5348474979400635,0.25475889444351196,0.999387264251709,0.37125927209854126,0.628277063369751,-0.05551668256521225,0.9997888803482056,0.5758489370346069,0.5955148339271545,0.48663729429244995,0.23976002633571625,0.2655632197856903,0.6931671500205994,-0.1579451560974121,0.8894580006599426,0.55501788854599,0.3780301511287689,0.6197267174720764,0.4407791495323181,0.27777618169784546,0.3891533613204956,-0.07146067917346954,0.9121279716491699,0.5557088851928711,0.3351558446884155,0.6582474112510681,0.4522327780723572,0.2732996344566345,0.317635178565979,-0.08564220368862152,0.8634343147277832,0.544903576374054,0.321455717086792,0.6111903786659241,0.4632053077220917,0.2842262387275696,0.3135111331939697,-0.046501822769641876,0.8518818616867065,0.5440495014190674,0.3415813744068146,0.6051720380783081,0.4597618281841278,0.2911998927593231,0.33959656953811646,-0.0561966672539711,0.8378095030784607,0.7089468240737915,0.8819192051887512,0.08695772290229797,0.9934214949607849,0.6486817598342896,0.9771316647529602,-0.08742496371269226,0.9964322447776794,0.9314886331558228,0.9698965549468994,0.0035117175430059433,0.020597314462065697,0.8587797284126282,1.1332414150238037,-0.1338929384946823,0.028640402480959892,1.0498950481414795,1.3613901138305664,0.07065682113170624,0.003923303447663784,0.9909515380859375,1.441720962524414,0.06283212453126907,0.008085012435913086,1.0522381067276,1.4109084606170654,0.07706055790185928,0.009157123044133186,0.999962329864502,1.5102901458740234,0.08483918011188507,0.012272722087800503,1.1042670011520386,1.471853494644165,0.04977294057607651,0.005628068000078201,1.0641157627105713,1.4626977443695068,0.06853804737329483,0.008175264112651348
0.3834631145000458,0.3669423460960388,0.0029852353036403656,0.9944177865982056,0.3660884499549866,0.36637383699417114,0.030725514516234398,0.9912679195404053,0.36782726645469666,0.3674035668373108,0.030206646770238876,0.9894365668296814,0.3698902428150177,0.3677799701690674,0.030155643820762634,0.9934094548225403,0.35527023673057556,0.37463438510894775,-0.008816484361886978,0.9932599067687988,0.34959039092063904,0.3830292522907257,-0.00959947519004345,0.9933315515518188,0.34304365515708923,0.3929475247859955,-0.009974954649806023,0.9963851571083069,0.3625381588935852,0.412352591753006,0.1573798507452011,0.9957855343818665,0.3322756886482239,0.4447920620441437,-0.023617194965481758,0.9936897158622742,0.39831244945526123,0.3998902142047882,0.0549832284450531,0.994769275188446,0.38863834738731384,0.40888503193855286,0.00015605782391503453,0.9953620433807373,0.4862237572669983,0.5352585911750793,0.25401243567466736,0.9994237422943115,0.3712419271469116,0.6277990341186523,-0.08226974308490753,0.9997864365577698,0.5759336352348328,0.5973599553108215,0.48029905557632446,0.24440708756446838,0.2661627531051636,0.6853640079498291,-0.18275824189186096,0.898044228553772,0.5551226139068604,0.38166284561157227,0.6111584305763245,0.4459908902645111,0.27790725231170654,0.38034287095069885,-0.09204763919115067,0.9092191457748413,0.5560240745544434,0.33474501967430115,0.64919114112854,0.45519953966140747,0.27383220195770264,0.3043592870235443,-0.10840554535388947,0.8537643551826477,0.5455322861671448,0.32430410385131836,0.6010264158248901,0.46689388155937195,0.28424954414367676,0.3023151755332947,-0.07009729743003845,0.8410317897796631,0.544690728187561,0.3430914878845215,0.5959129929542542,0.4643212854862213,0.291291207075119,0.33068424463272095,-0.07766059041023254,0.8267838358879089,0.7090080976486206,0.8827024102210999,0.09217976033687592,0.9937310218811035,0.6483225226402283,0.9752698540687561,-0.09259987622499466,0.9965142607688904,0.9315117597579956,0.9721948504447937,0.0011783504160121083,0.021918287500739098,0.8502629399299622,1.1357189416885376,-0.16939617693424225,0.031050510704517365,1.0499767065048218,1.3737818002700806,0.03770626708865166,0.004056586418300867,0.9750335812568665,1.4695061445236206,-0.0030841855332255363,0.008418941870331764,1.0525823831558228,1.4262025356292725,0.039514120668172836,0.009152788668870926,0.9803822636604309,1.5439434051513672,0.017467055469751358,0.01239843014627695,1.1041566133499146,1.4955766201019287,0.0006273799808695912,0.005840168800204992,1.0557224750518799,1.4923847913742065,-0.00284617324359715,0.008499130606651306
0.3836217224597931,0.36743155121803284,0.01854008249938488,0.9949349761009216,0.3658761978149414,0.3667100667953491,0.04799119383096695,0.992081344127655,0.367521196603775,0.3677740693092346,0.047480545938014984,0.9904061555862427,0.36952951550483704,0.36826613545417786,0.047443099319934845,0.9940304756164551,0.3552161455154419,0.37503311038017273,0.005232527852058411,0.9938881993293762,0.3496282398700714,0.3834456205368042,0.0044460054486989975,0.9939396977424622,0.34320712089538574,0.39344003796577454,0.004109104163944721,0.9967159032821655,0.36217057704925537,0.412668913602829,0.1780196726322174,0.9961702823638916,0.3327968120574951,0.4449751079082489,-0.017186341807246208,0.9942179322242737,0.39840131998062134,0.40053388476371765,0.07329945266246796,0.9952276349067688,0.3887701630592346,0.40978023409843445,0.014435939490795135,0.9957537651062012,0.48509588837623596,0.5354442596435547,0.26803529262542725,0.9994569420814514,0.3715992867946625,0.6226999163627625,-0.07134757190942764,0.9997866749763489,0.5758543610572815,0.5944268703460693,0.506268322467804,0.24728567898273468,0.26595425605773926,0.6720869541168213,-0.16216705739498138,0.9049856662750244,0.5548875331878662,0.3709610402584076,0.646832287311554,0.44929584860801697,0.2785263955593109,0.3738252818584442,-0.04584028571844101,0.9033077359199524,0.5547721982002258,0.32399827241897583,0.6856921315193176,0.45614659786224365,0.2749287784099579,0.2954958975315094,-0.06013805791735649,0.8403328657150269,0.5444878935813904,0.3158099949359894,0.6371238231658936,0.468561053276062,0.28433680534362793,0.2930520474910736,-0.022746579721570015,0.8263874053955078,0.5437149405479431,0.3321429491043091,0.6314179301261902,0.4665616452693939,0.2914569675922394,0.32254040241241455,-0.03179388493299484,0.8120121359825134,0.7074956297874451,0.8830034136772156,0.09324003756046295,0.9939225316047668,0.6458622813224792,0.9712763428688049,-0.09367324411869049,0.9965440034866333,0.9315496683120728,0.9739619493484497,0.003995514940470457,0.021476665511727333,0.8415724039077759,1.1335618495941162,-0.181818887591362,0.031181491911411285,1.0428874492645264,1.3846324682235718,0.03539702668786049,0.003895845729857683,0.9740117192268372,1.475117802619934,-0.06371904909610748,0.008379565551877022,1.0438121557235718,1.4386905431747437,0.03650447353720665,0.008795326575636864,0.9807159304618835,1.554758071899414,-0.048715896904468536,0.012250886298716068,1.093169093132019,1.5029064416885376,0.0005897261435166001,0.0056618922390043736,1.0554336309432983,1.4913983345031738,-0.07840684801340103,0.008485757745802402
0.37981170415878296,0.36715951561927795,0.02424507401883602,0.9953945875167847,0.36094677448272705,0.3671918511390686,0.054571688175201416,0.9928081035614014,0.36260685324668884,0.3683527708053589,0.054047904908657074,0.9912729859352112,0.36450424790382385,0.36888206005096436,0.0540192611515522,0.994586706161499,0.3507387340068817,0.3754294216632843,0.011535750702023506,0.9944483637809753,0.34540262818336487,0.38393983244895935,0.010731873102486134,0.9944809675216675,0.33904507756233215,0.3940228223800659,0.010383772663772106,0.9970102906227112,0.35998600721359253,0.4130311608314514,0.18450576066970825,0.9965164661407471,0.33206707239151,0.4451530873775482,-0.01142791472375393,0.9946879744529724,0.3957226872444153,0.40069878101348877,0.07939399778842926,0.9956380128860474,0.3865162432193756,0.4093596637248993,0.020345967262983322,0.9961001873016357,0.4851454198360443,0.5343469381332397,0.27299031615257263,0.9994847774505615,0.37167683243751526,0.619011640548706,-0.06544013321399689,0.9997840523719788,0.5723780393600464,0.5797199010848999,0.5349775552749634,0.2446744590997696,0.26611649990081787,0.6642805337905884,-0.12908783555030823,0.9111765623092651,0.5554633140563965,0.3681163489818573,0.7091554403305054,0.4428134858608246,0.27860569953918457,0.3635392189025879,0.002570904092863202,0.8959681391716003,0.5549557209014893,0.3239777386188507,0.7537316083908081,0.4486047625541687,0.27506086230278015,0.28145697712898254,-0.010313233360648155,0.8250299692153931,0.5446387529373169,0.31548458337783813,0.7009118795394897,0.4620004892349243,0.2843053936958313,0.2772931158542633,0.02863893285393715,0.8095530271530151,0.5440919399261475,0.3301417827606201,0.6928175687789917,0.46125057339668274,0.2915112376213074,0.30944594740867615,0.01759752258658409,0.7948287129402161,0.7073379158973694,0.881862223148346,0.09270070493221283,0.9940725564956665,0.6451367139816284,0.9663448929786682,-0.09312736243009567,0.9965490102767944,0.9317490458488464,0.9753631353378296,0.0016566304257139564,0.020896434783935547,0.8370488882064819,1.13437020778656,-0.16818365454673767,0.030586792156100273,1.0420435667037964,1.397133469581604,0.02064351737499237,0.0036973801907151937,0.9761742353439331,1.473961591720581,-0.033043332397937775,0.008138258010149002,1.0427743196487427,1.4494383335113525,0.020542951300740242,0.008338766172528267,0.9845578074455261,1.551762342453003,-0.017057502642273903,0.011916354298591614,1.0902063846588135,1.5171788930892944,-0.01916121318936348,0.005424341186881065,1.0556471347808838,1.4875452518463135,-0.04580272361636162,0.00827070977538824
0.3745543956756592,0.3667275607585907,0.022130247205495834,0.9958038330078125,0.35779470205307007,0.36654865741729736,0.05430157855153084,0.9934532642364502,0.3599807620048523,0.3675641715526581,0.053775470703840256,0.9920368194580078,0.3622618317604065,0.3680603802204132,0.05375228077173233,0.9950796961784363,0.34671270847320557,0.3753259479999542,0.011656039394438267,0.9949488043785095,0.34123343229293823,0.38407987356185913,0.010853542014956474,0.9949637651443481,0.3345206081867218,0.3943559527397156,0.010498935356736183,0.997273862361908,0.3594511151313782,0.4127318859100342,0.18800891935825348,0.996818482875824,0.32960453629493713,0.44500401616096497,-0.003204764099791646,0.995108962059021,0.39129355549812317,0.4000298082828522,0.07935012876987457,0.9960021376609802,0.38119155168533325,0.408220112323761,0.020387284457683563,0.9964107275009155,0.48506754636764526,0.5323432683944702,0.27849796414375305,0.9995018839836121,0.3690231442451477,0.6182861328125,-0.0597241036593914,0.9997791647911072,0.5719419717788696,0.5627399682998657,0.5354335308074951,0.24469488859176636,0.26411476731300354,0.6495557427406311,-0.10400496423244476,0.9166541695594788,0.5560939311981201,0.3610821068286896,0.6919997930526733,0.4406306743621826,0.2787022292613983,0.3584069013595581,0.02912398800253868,0.8930438160896301,0.5552717447280884,0.31410300731658936,0.7339178323745728,0.4453050196170807,0.27524107694625854,0.2762976884841919,0.015439544804394245,0.8168193697929382,0.5450490117073059,0.30435609817504883,0.6819249391555786,0.4594915807247162,0.28433719277381897,0.2730255424976349,0.053201012313365936,0.8004603981971741,0.5442396998405457,0.3206207752227783,0.6756744980812073,0.45963025093078613,0.29159125685691833,0.3061176538467407,0.043899986892938614,0.7853044867515564,0.70729660987854,0.8822975158691406,0.09175543487071991,0.9941884875297546,0.6450809240341187,0.9657875299453735,-0.09218856692314148,0.9965481162071228,0.9345241785049438,0.9764515161514282,0.0002697404124774039,0.0208668801933527,0.8324360847473145,1.1488701105117798,-0.16151361167430878,0.03007138893008232,1.0389455556869507,1.40424382686615,0.0359785296022892,0.0035405769012868404,0.9735604524612427,1.4811229705810547,-0.006181457545608282,0.007905198261141777,1.0389207601547241,1.4543488025665283,0.0405489057302475,0.007958339527249336,0.9838987588882446,1.5551483631134033,0.012359987013041973,0.011553899385035038,1.0829917192459106,1.5282617807388306,-0.006120758596807718,0.005228407680988312,1.0492240190505981,1.498957633972168,-0.03411657363176346,0.008041292428970337
0.3675779700279236,0.3654647767543793,0.01507965475320816,0.9961517453193665,0.35278981924057007,0.3662637174129486,0.048538707196712494,0.9939966201782227,0.35534316301345825,0.3671490252017975,0.0480111725628376,0.9926734566688538,0.35777026414871216,0.36753132939338684,0.047984056174755096,0.9955026507377625,0.3415026068687439,0.37550246715545654,0.006918645463883877,0.9953727722167969,0.33598023653030396,0.38445594906806946,0.006114049814641476,0.9953668713569641,0.3290661871433258,0.3947252929210663,0.005739932879805565,0.997495710849762,0.35738760232925415,0.4126851260662079,0.18682624399662018,0.9970746040344238,0.32660871744155884,0.4451296925544739,-0.001130968681536615,0.9954383969306946,0.38554495573043823,0.39718395471572876,0.07269353419542313,0.996322512626648,0.3750477135181427,0.4057776927947998,0.014854492619633675,0.9966804385185242,0.4851316511631012,0.5244930982589722,0.27354615926742554,0.9995240569114685,0.3650475740432739,0.6181632280349731,-0.055424343794584274,0.9997783303260803,0.5715267062187195,0.5367715358734131,0.5240346789360046,0.2521626353263855,0.26093047857284546,0.63901686668396,-0.10873176902532578,0.9226123690605164,0.5561828017234802,0.3269115090370178,0.6715259552001953,0.44473445415496826,0.27892976999282837,0.3476639688014984,0.0041838278993964195,0.8944789171218872,0.5586997270584106,0.27228614687919617,0.7116283178329468,0.4467104375362396,0.27513059973716736,0.2622409760951996,-0.012523187324404716,0.815663754940033,0.5453239679336548,0.2610801160335541,0.6602576375007629,0.4616186022758484,0.2843330502510071,0.2606377899646759,0.025078773498535156,0.7987812161445618,0.5434913039207458,0.28338873386383057,0.6553823351860046,0.4627099335193634,0.2920321822166443,0.2965262532234192,0.018427308648824692,0.782703161239624,0.7073773145675659,0.8825998902320862,0.09140162169933319,0.9943264126777649,0.644631028175354,0.9654678106307983,-0.09182976186275482,0.9965695142745972,0.9309511184692383,0.9759102463722229,0.0016325038159266114,0.02078932151198387,0.8343502879142761,1.151763677597046,-0.15862542390823364,0.030136767774820328,1.034813642501831,1.410043716430664,0.07470371574163437,0.0033848993480205536,0.9748647809028625,1.4851797819137573,-0.003795741591602564,0.007781973108649254,1.034711241722107,1.4583189487457275,0.08189912140369415,0.007589749526232481,0.9853709936141968,1.5584444999694824,0.014449137263000011,0.011256466619670391,1.0775291919708252,1.536802887916565,0.03958990424871445,0.0050360518507659435,1.0493665933609009,1.503481388092041,-0.026816263794898987,0.007912824861705303
0.36553746461868286,0.3653101623058319,0.02987169846892357,0.9964436292648315,0.35094499588012695,0.36608126759529114,0.06722188740968704,0.9944477677345276,0.35356980562210083,0.36692097783088684,0.06671933829784393,0.9931761622428894,0.35609397292137146,0.3672850430011749,0.06669931858778,0.9958552122116089,0.3394501507282257,0.37556660175323486,0.026935750618577003,0.9957340955734253,0.333729088306427,0.38465970754623413,0.026122305542230606,0.9957028031349182,0.3265514075756073,0.3950074017047882,0.025736302137374878,0.9976838231086731,0.3559017479419708,0.41276252269744873,0.21518024802207947,0.9972761273384094,0.32417032122612,0.44497621059417725,0.036405760794878006,0.9956945180892944,0.3840011954307556,0.3960995078086853,0.09018928557634354,0.9965769648551941,0.3724936842918396,0.40480390191078186,0.0337626114487648,0.9968859553337097,0.4853290915489197,0.5196639895439148,0.3063284754753113,0.9995301365852356,0.36057236790657043,0.6183584928512573,-0.019776348024606705,0.9997672438621521,0.5702265501022339,0.5044901967048645,0.5591777563095093,0.2530510425567627,0.25996750593185425,0.6219857335090637,-0.07291904091835022,0.9254800081253052,0.5550204515457153,0.29881027340888977,0.701678454875946,0.4370385408401489,0.2789572477340698,0.33743971586227417,0.03665066510438919,0.8891969919204712,0.5586494207382202,0.2402438074350357,0.7411314249038696,0.4369916021823883,0.27516239881515503,0.25325724482536316,0.01718403771519661,0.8053362965583801,0.5446907877922058,0.2348807007074356,0.6911118030548096,0.4522635340690613,0.2843431532382965,0.2541826367378235,0.05418825149536133,0.7874631881713867,0.5409606099128723,0.25767582654953003,0.6859104037284851,0.4544573426246643,0.29212266206741333,0.2887711226940155,0.05053780600428581,0.7705786228179932,0.7074695825576782,0.8826221823692322,0.09203825891017914,0.9943547248840332,0.642681896686554,0.9655739665031433,-0.09246788173913956,0.9965181946754456,0.9301484227180481,0.9760888814926147,0.002503660973161459,0.020113829523324966,0.8270348310470581,1.1549408435821533,-0.18937323987483978,0.02950408309698105,1.0333510637283325,1.421953797340393,0.07540854811668396,0.0031860158778727055,0.9732477068901062,1.5051602125167847,-0.05911306291818619,0.007532134186476469,1.0330156087875366,1.469645380973816,0.08137841522693634,0.0071328734047710896,0.9841915369033813,1.5805623531341553,-0.044303879141807556,0.010806677863001823,1.0752127170562744,1.555432677268982,0.036115068942308426,0.0047572641633450985,1.0495606660842896,1.5233699083328247,-0.10631988942623138,0.007637328933924437
0.3650837540626526,0.3640092611312866,0.035810165107250214,0.9967248439788818,0.35008490085601807,0.3656631112098694,0.07482901960611343,0.9948802590370178,0.35255634784698486,0.3666863739490509,0.07433006912469864,0.9936663508415222,0.3549956977367401,0.36721059679985046,0.07431252300739288,0.9961881637573242,0.3390652537345886,0.37530556321144104,0.0363195426762104,0.9960804581642151,0.3334067463874817,0.38468143343925476,0.03551275283098221,0.9960312843322754,0.3261513113975525,0.3952219784259796,0.03513522446155548,0.9978662729263306,0.3550093173980713,0.41284623742103577,0.2260553389787674,0.9974676966667175,0.32318103313446045,0.4450397789478302,0.055853717029094696,0.995955765247345,0.3837857246398926,0.3947274386882782,0.09663514792919159,0.9968149662017822,0.3720536231994629,0.4034692943096161,0.042417462915182114,0.9970843195915222,0.4859851896762848,0.5168979167938232,0.3129929304122925,0.9995359182357788,0.36020028591156006,0.6197291016578674,-0.00013796417624689639,0.9997591972351074,0.5691428184509277,0.49250951409339905,0.5716983079910278,0.2518480122089386,0.26009100675582886,0.6110496520996094,-0.0615902841091156,0.9275181889533997,0.5521107912063599,0.2843009829521179,0.7313227653503418,0.42461588978767395,0.2789795994758606,0.3335772454738617,0.03858654946088791,0.8829187750816345,0.5572735667228699,0.22672511637210846,0.7729367613792419,0.422905296087265,0.2751989960670471,0.25163742899894714,0.017773699015378952,0.7939341068267822,0.5423957109451294,0.22641628980636597,0.7237118482589722,0.438398152589798,0.2843714654445648,0.25558456778526306,0.05465447157621384,0.7751470804214478,0.5365672707557678,0.2507198452949524,0.7164089679718018,0.44202664494514465,0.2924914062023163,0.2873799800872803,0.052029918879270554,0.7575839757919312,0.7078803181648254,0.8826783299446106,0.0918511301279068,0.9943814873695374,0.6418968439102173,0.9649609923362732,-0.0922841876745224,0.9964773058891296,0.9301478266716003,0.9735623598098755,0.003078597132116556,0.019325628876686096,0.8259541392326355,1.1547467708587646,-0.19797725975513458,0.028581799939274788,1.0326135158538818,1.421528935432434,0.07417448610067368,0.002981561003252864,0.9733883738517761,1.5085309743881226,-0.07357347011566162,0.007216908968985081,1.0325590372085571,1.4690977334976196,0.07957953959703445,0.006679918151348829,0.9845613241195679,1.5843619108200073,-0.059330862015485764,0.010301985777914524,1.0730745792388916,1.5538060665130615,0.03462233766913414,0.00446945009753108,1.0500367879867554,1.5255298614501953,-0.12145725637674332,0.0073099215514957905
0.3612651228904724,0.36335185170173645,0.040626250207424164,0.9969825148582458,0.34625470638275146,0.36555853486061096,0.07912210375070572,0.9952811598777771,0.3486362099647522,0.36666491627693176,0.07861189544200897,0.99413001537323,0.350930392742157,0.3672291934490204,0.07859058678150177,0.996497392654419,0.3354946970939636,0.3753904700279236,0.04069068655371666,0.9963987469673157,0.3299548625946045,0.38483890891075134,0.03988157957792282,0.9963346123695374,0.3227829337120056,0.3953448534011841,0.03949868679046631,0.9980336427688599,0.3531379997730255,0.4129183888435364,0.2265545129776001,0.9976516366004944,0.3206406235694885,0.4450872540473938,0.055917780846357346,0.9962069392204285,0.38021320104599,0.3934185802936554,0.10012222826480865,0.9970407485961914,0.3683284521102905,0.40257754921913147,0.04607158154249191,0.9972724914550781,0.4860092103481293,0.5151063203811646,0.3071330189704895,0.9995426535606384,0.3597193956375122,0.6213813424110413,-0.0011697204317897558,0.9997502565383911,0.567840576171875,0.5000812411308289,0.5639716386795044,0.24994780123233795,0.25885969400405884,0.596763551235199,-0.058103907853364944,0.9298236966133118,0.5508468151092529,0.28906890749931335,0.7252942323684692,0.4121635854244232,0.27887099981307983,0.3283228278160095,0.05269719287753105,0.8768320083618164,0.5555582642555237,0.231527179479599,0.7665623426437378,0.4101068079471588,0.2752044200897217,0.24403174221515656,0.03221668675541878,0.7837146520614624,0.5401715040206909,0.231220081448555,0.7153385281562805,0.425954133272171,0.2843606173992157,0.2514193058013916,0.06782521307468414,0.7640663981437683,0.5336509943008423,0.25487345457077026,0.709358274936676,0.4310860335826874,0.2924657464027405,0.28274795413017273,0.06554824858903885,0.746023952960968,0.7094597816467285,0.8827870488166809,0.09140893071889877,0.9944871664047241,0.6417139768600464,0.9650640487670898,-0.09183875471353531,0.9964927434921265,0.9329862594604492,0.9740240573883057,0.0032842284999787807,0.018618524074554443,0.8256022334098816,1.1601719856262207,-0.1865786612033844,0.027769500389695168,1.035737156867981,1.4209485054016113,0.07564450800418854,0.0027975658886134624,0.9740365743637085,1.5064677000045776,-0.057043641805648804,0.006927256006747484,1.0357931852340698,1.467771291732788,0.08133141696453094,0.006262864451855421,0.9847399592399597,1.5798801183700562,-0.041523050516843796,0.009873243980109692,1.0739619731903076,1.5535844564437866,0.034031711518764496,0.004209190607070923,1.0503685474395752,1.524972915649414,-0.08601610362529755,0.007009656168520451
0.36060622334480286,0.36354565620422363,0.028600085526704788,0.9972415566444397,0.3460288643836975,0.36567726731300354,0.06960415095090866,0.9956831932067871,0.3486049175262451,0.36669933795928955,0.06912776082754135,0.9946056008338928,0.3511146903038025,0.36754077672958374,0.06910991668701172,0.9968019127845764,0.3345150649547577,0.375510036945343,0.03356514126062393,0.9967132806777954,0.3287789225578308,0.3850003182888031,0.03278109058737755,0.9966402053833008,0.32157349586486816,0.39599090814590454,0.03242088109254837,0.9982008337974548,0.3531065583229065,0.41424983739852905,0.21914930641651154,0.9978317022323608,0.319369375705719,0.44583362340927124,0.050331275910139084,0.9964690804481506,0.3797098994255066,0.3936249613761902,0.09046994894742966,0.9972741603851318,0.36720529198646545,0.40273746848106384,0.039054494351148605,0.9974764585494995,0.48665302991867065,0.5133515000343323,0.302191823720932,0.9995529651641846,0.3593166470527649,0.6221810579299927,-0.004556296393275261,0.9997401237487793,0.5680513978004456,0.4894062876701355,0.4853403568267822,0.2594706416130066,0.2591286599636078,0.5894930958747864,-0.07422756403684616,0.9307378530502319,0.5469928979873657,0.26689642667770386,0.5496541261672974,0.40928417444229126,0.27868372201919556,0.32253625988960266,-0.01742227002978325,0.8652007579803467,0.5514366626739502,0.20570464432239532,0.5742520093917847,0.4050057530403137,0.27518078684806824,0.2408352792263031,-0.046338021755218506,0.7645423412322998,0.5353726148605347,0.21255040168762207,0.5297771692276001,0.42066866159439087,0.28406524658203125,0.24984802305698395,-0.01407912839204073,0.7437349557876587,0.5285637974739075,0.23899570107460022,0.5343953967094421,0.42605528235435486,0.29192763566970825,0.27989646792411804,-0.007600422948598862,0.7262870669364929,0.7114967107772827,0.8814375400543213,0.08870542049407959,0.9945967793464661,0.6418724656105042,0.9649578332901001,-0.08915279805660248,0.9965140223503113,0.9340097308158875,0.9743911027908325,0.0037282053381204605,0.018047336488962173,0.8261476755142212,1.1598224639892578,-0.18850554525852203,0.02674941159784794,1.0384294986724854,1.4194300174713135,0.10938900709152222,0.0026313052512705326,0.979270339012146,1.4950200319290161,-0.046876221895217896,0.006577024236321449,1.0398609638214111,1.4643605947494507,0.11807514727115631,0.005870741326361895,0.9927797317504883,1.561063289642334,-0.031770315021276474,0.00934317335486412,1.0751405954360962,1.5525736808776855,0.06322097778320312,0.003959867171943188,1.0537710189819336,1.5182552337646484,-0.07340516895055771,0.00664503825828433
0.36110877990722656,0.3637068569660187,0.01481921412050724,0.997462272644043,0.346109002828598,0.36598092317581177,0.05329960584640503,0.9960247874259949,0.3485991358757019,0.367445170879364,0.052796490490436554,0.9950099587440491,0.35107550024986267,0.3688875734806061,0.05274222046136856,0.9970676302909851,0.33462610840797424,0.37578701972961426,0.01835768297314644,0.9969766139984131,0.3290768265724182,0.3856305480003357,0.01759461499750614,0.9968888163566589,0.3222007155418396,0.3969677686691284,0.0172487311065197,0.9983367919921875,0.3532572090625763,0.4156002402305603,0.20137758553028107,0.9979905486106873,0.31990861892700195,0.4464860260486603,0.04258075729012489,0.9966517686843872,0.3800168037414551,0.39375537633895874,0.07373038679361343,0.9974785447120667,0.3678196966648102,0.4029262065887451,0.0237639918923378,0.9976472854614258,0.48706308007240295,0.5131776332855225,0.2711023688316345,0.9995731711387634,0.3590814173221588,0.6223644018173218,-0.01494629867374897,0.9997283220291138,0.5680219531059265,0.4789765775203705,0.44824784994125366,0.280735045671463,0.2591722905635834,0.5862147212028503,-0.1074795350432396,0.9306078553199768,0.5447522401809692,0.2566843330860138,0.5066925287246704,0.4240908920764923,0.27764901518821716,0.3153228163719177,-0.052614130079746246,0.8523647785186768,0.5500262975692749,0.18665124475955963,0.5301187634468079,0.4167415499687195,0.27311521768569946,0.2383260279893875,-0.08036787062883377,0.745785653591156,0.5321400761604309,0.19619284570217133,0.48476845026016235,0.432771772146225,0.28208884596824646,0.24629546701908112,-0.05142498016357422,0.7244567275047302,0.5248464345932007,0.22833125293254852,0.4909736216068268,0.4382735788822174,0.2904892563819885,0.2759159803390503,-0.0443541593849659,0.7084335684776306,0.7116008996963501,0.8796629309654236,0.08862373232841492,0.9947724342346191,0.6420872211456299,0.9635239243507385,-0.08907125145196915,0.9965537786483765,0.9330447316169739,0.9723542928695679,0.009053549729287624,0.018300360068678856,0.8274911642074585,1.1449804306030273,-0.2314605712890625,0.026804646477103233,1.0374317169189453,1.4004125595092773,0.13940134644508362,0.0025453902781009674,0.9793496131896973,1.4842737913131714,-0.05773814767599106,0.006399072706699371,1.037781000137329,1.446221947669983,0.1506771296262741,0.0056254202499985695,0.9924068450927734,1.548438549041748,-0.038763318210840225,0.008963090367615223,1.0761116743087769,1.5238338708877563,0.10959088802337646,0.0038216596003621817,1.0539048910140991,1.5175809860229492,-0.08173158019781113,0.006444532424211502
0.3613751232624054,0.3630821704864502,0.020109958946704865,0.9976760745048523,0.3461742401123047,0.36607590317726135,0.05842796713113785,0.9963569641113281,0.34862062335014343,0.3675105571746826,0.05792924016714096,0.9954124093055725,0.35109955072402954,0.36902177333831787,0.05786954611539841,0.9973224997520447,0.33497026562690735,0.37588754296302795,0.021805619820952415,0.9972326159477234,0.3296526074409485,0.385745108127594,0.021052153781056404,0.9971385598182678,0.32294121384620667,0.3970786929130554,0.02072584442794323,0.9984723329544067,0.3535086512565613,0.41562619805336,0.20413310825824738,0.9981508851051331,0.3200250267982483,0.44621989130973816,0.0409301221370697,0.9968640804290771,0.3802492022514343,0.39347410202026367,0.07809092849493027,0.9976831078529358,0.3682958483695984,0.40257352590560913,0.026289377361536026,0.9978249073028564,0.48779410123825073,0.5123819708824158,0.2741393446922302,0.9995965361595154,0.35874462127685547,0.6209217309951782,-0.018480272963643074,0.9997277855873108,0.5677937865257263,0.4565499722957611,0.456693559885025,0.3026600778102875,0.2602967619895935,0.5788615345954895,-0.11093197017908096,0.9329043030738831,0.5436646938323975,0.2322242259979248,0.49965062737464905,0.44279709458351135,0.2775689959526062,0.3057626485824585,-0.04513005539774895,0.8478257060050964,0.5481055974960327,0.16124235093593597,0.52167809009552,0.4321346580982208,0.27225470542907715,0.23099447786808014,-0.07106705754995346,0.7371185421943665,0.5288840532302856,0.17430035769939423,0.4763887822628021,0.4484374523162842,0.28161197900772095,0.23697267472743988,-0.041164301335811615,0.7154018878936768,0.5218216180801392,0.2068839967250824,0.48346957564353943,0.4537636935710907,0.2900417447090149,0.2655327618122101,-0.035880301147699356,0.7000583410263062,0.7110940217971802,0.8770765662193298,0.09155403077602386,0.9948831796646118,0.6416994333267212,0.959550142288208,-0.09200218319892883,0.9965587854385376,0.9320524334907532,0.9687807559967041,0.01429061871021986,0.01809566281735897,0.8483821153640747,1.0612237453460693,-0.24790425598621368,0.026975564658641815,1.032096028327942,1.39411461353302,0.13096538186073303,0.0024287791457027197,0.9805265665054321,1.4734148979187012,-0.07941239327192307,0.006228220649063587,1.0312165021896362,1.4418977499008179,0.14030006527900696,0.005374670960009098,0.9924613833427429,1.5433517694473267,-0.060186780989170074,0.0086525809019804,1.0731099843978882,1.5145552158355713,0.10142068564891815,0.0036625696811825037,1.0563408136367798,1.5030739307403564,-0.1014908105134964,0.006278004962950945
0.3618611693382263,0.3624149262905121,0.018444448709487915,0.9978362917900085,0.34630781412124634,0.3659282624721527,0.05509314686059952,0.9965904951095581,0.3485970199108124,0.3674965798854828,0.05460650473833084,0.995682418346405,0.35087811946868896,0.3690588176250458,0.054541997611522675,0.9975127577781677,0.33529579639434814,0.3754817545413971,0.01557173766195774,0.9974246025085449,0.33005163073539734,0.3852516710758209,0.014799846336245537,0.997322142124176,0.3234558403491974,0.3963293433189392,0.01444333791732788,0.9985717535018921,0.3534058928489685,0.4154210686683655,0.20050077140331268,0.9982627630233765,0.32033419609069824,0.4453985393047333,0.020567316561937332,0.9969877600669861,0.3805394172668457,0.39278531074523926,0.07626982033252716,0.9978190660476685,0.36871013045310974,0.40157318115234375,0.021302152425050735,0.9979289174079895,0.4879097044467926,0.5112255811691284,0.28127437829971313,0.9996066689491272,0.35879772901535034,0.6204084753990173,-0.051966506987810135,0.9997112154960632,0.5677219033241272,0.4369655251502991,0.4624243676662445,0.3180912733078003,0.2638469636440277,0.5766400098800659,-0.15920402109622955,0.9350215792655945,0.5417366623878479,0.2190302461385727,0.5419131517410278,0.45376768708229065,0.2773532271385193,0.30394676327705383,-0.12060840427875519,0.8435994982719421,0.5469082593917847,0.15083514153957367,0.569512665271759,0.44048699736595154,0.271949827671051,0.22997654974460602,-0.15237314999103546,0.7297918796539307,0.526848554611206,0.1661556512117386,0.5217892527580261,0.45713916420936584,0.28122782707214355,0.23594099283218384,-0.12156492471694946,0.7078790068626404,0.5203121900558472,0.19602930545806885,0.52531898021698,0.4627160429954529,0.28965920209884644,0.2632778286933899,-0.11120845377445221,0.6931387186050415,0.7105972766876221,0.8743754625320435,0.10197953879833221,0.9949776530265808,0.6416338086128235,0.9550510048866272,-0.1023884266614914,0.9965609312057495,0.9295709729194641,0.962908148765564,0.02266186848282814,0.018246471881866455,0.8474262356758118,1.0285149812698364,-0.3046554923057556,0.02930869720876217,0.9964747428894043,1.4411059617996216,0.028377080336213112,0.002491674153134227,0.9587270021438599,1.510223388671875,-0.1949269324541092,0.006664687301963568,0.9887027740478516,1.4901782274246216,0.023099612444639206,0.005407378543168306,0.958703875541687,1.5934370756149292,-0.180980384349823,0.008972806856036186,1.0285470485687256,1.6171139478683472,-0.054232560098171234,0.003764866618439555,1.042279601097107,1.5605918169021606,-0.24193334579467773,0.006709572393447161
0.3624867796897888,0.3600895404815674,0.0140822883695364,0.997986912727356,0.34662550687789917,0.3650926947593689,0.04881478473544121,0.996816873550415,0.3488389551639557,0.36716052889823914,0.04831863194704056,0.9959490299224854,0.3509434759616852,0.3690130114555359,0.048240698873996735,0.9976959824562073,0.3353930115699768,0.3737984001636505,0.008142164908349514,0.9975993037223816,0.33012327551841736,0.3834976553916931,0.0073700868524611,0.9974833130836487,0.32357871532440186,0.394239604473114,0.007011123932898045,0.9986591339111328,0.3528682589530945,0.41540026664733887,0.18837814033031464,0.9983690977096558,0.3206174969673157,0.4447903633117676,0.0048478576354682446,0.997071385383606,0.38090643286705017,0.39208555221557617,0.07034220546483994,0.9979473352432251,0.36934757232666016,0.40042734146118164,0.0137545857578516,0.9980236291885376,0.48794251680374146,0.5109091997146606,0.2707229554653168,0.9996216893196106,0.3588111102581024,0.6207370758056641,-0.06266966462135315,0.9996929168701172,0.5663645267486572,0.437042236328125,0.46103134751319885,0.3367055058479309,0.2642744183540344,0.5671440362930298,-0.16023719310760498,0.9351780414581299,0.5422071218490601,0.21896609663963318,0.5270458459854126,0.4688979685306549,0.27688103914260864,0.30348968505859375,-0.10018173605203629,0.8317860960960388,0.5471230149269104,0.15768888592720032,0.5539842844009399,0.45183899998664856,0.271694540977478,0.23142486810684204,-0.1274445652961731,0.7126244902610779,0.5277520418167114,0.1674441695213318,0.5059596300125122,0.46898144483566284,0.2805313467979431,0.23761488497257233,-0.09773075580596924,0.690324068069458,0.5215166807174683,0.1958594024181366,0.5101202130317688,0.47441595792770386,0.28883031010627747,0.2631933391094208,-0.0910128727555275,0.6765194535255432,0.7103586792945862,0.8727934956550598,0.10185785591602325,0.9950089454650879,0.6417157053947449,0.9534673094749451,-0.10227793455123901,0.9964775443077087,0.9295951724052429,0.9623445868492126,0.022392049431800842,0.01785428449511528,0.8443252444267273,1.0516611337661743,-0.2967737019062042,0.02895331010222435,1.0044257640838623,1.435096263885498,0.018220240250229836,0.0024074611719697714,0.9615303874015808,1.5116260051727295,-0.18598470091819763,0.006476986221969128,1.000240683555603,1.4836022853851318,0.01474357396364212,0.0051984540186822414,0.9652304649353027,1.5951677560806274,-0.17247380316257477,0.008655230514705181,1.0404431819915771,1.5921854972839355,-0.05084366351366043,0.0036471467465162277,1.0474836826324463,1.552502989768982,-0.22737352550029755,0.006522463634610176
0.36279264092445374,0.3608406186103821,-0.008854475803673267,0.9981012344360352,0.3468277156352997,0.366518497467041,0.02584807015955448,0.9969820976257324,0.34886622428894043,0.36904025077819824,0.02534828521311283,0.9961293935775757,0.35075706243515015,0.37137866020202637,0.025287752971053123,0.9978379011154175,0.3355850279331207,0.37447819113731384,-0.014635173603892326,0.9977211356163025,0.33073875308036804,0.3838738203048706,-0.015398231334984303,0.9975787401199341,0.3247036933898926,0.3943462669849396,-0.015756312757730484,0.998711884021759,0.35225966572761536,0.4161430895328522,0.1693640649318695,0.9984250664710999,0.32086247205734253,0.44484782218933105,-0.012216856703162193,0.9970204830169678,0.381116658449173,0.3932862877845764,0.0490645095705986,0.9980180263519287,0.36940598487854004,0.4015960395336151,-0.0075649069622159,0.9980507493019104,0.48786598443984985,0.5110580921173096,0.2583257555961609,0.9996262788772583,0.3589598834514618,0.6207285523414612,-0.07548023760318756,0.9996482729911804,0.5636871457099915,0.44091910123825073,0.41882094740867615,0.3512117564678192,0.25918155908584595,0.5358978509902954,-0.1596681773662567,0.9325130581855774,0.5442958474159241,0.22188527882099152,0.4248533844947815,0.48192325234413147,0.2745322287082672,0.30592069029808044,-0.08288688957691193,0.8083652257919312,0.5497850179672241,0.15918785333633423,0.44285669922828674,0.46162503957748413,0.2710871696472168,0.23063474893569946,-0.10852205753326416,0.6821112632751465,0.5306035280227661,0.16699139773845673,0.3947462737560272,0.4795830249786377,0.28018468618392944,0.23707495629787445,-0.07928190380334854,0.6598227620124817,0.5237807035446167,0.19549471139907837,0.406210720539093,0.48447397351264954,0.2869275212287903,0.26443547010421753,-0.07357477396726608,0.64768385887146,0.7081249952316284,0.8702455163002014,0.10249295085668564,0.9949575066566467,0.6421436667442322,0.9498196244239807,-0.1029411181807518,0.9963148832321167,0.9274026155471802,0.9591031670570374,0.04001989588141441,0.01719122938811779,0.8328145742416382,1.057701826095581,-0.27984103560447693,0.02790895476937294,1.0095293521881104,1.423140287399292,0.03424524888396263,0.002320968545973301,0.9579523205757141,1.5115107297897339,-0.1579122692346573,0.006185588892549276,1.0063774585723877,1.4707032442092896,0.03598760813474655,0.004973891191184521,0.9614045023918152,1.592908263206482,-0.1443163901567459,0.008193048648536205,1.0475102663040161,1.5838522911071777,-0.03082229197025299,0.003513272386044264,1.0443055629730225,1.5484237670898438,-0.21145537495613098,0.00621984526515007
0.3630193769931793,0.363342821598053,-0.005918585695326328,0.998261570930481,0.34722700715065,0.36925438046455383,0.028602059930562973,0.9972351789474487,0.34889817237854004,0.37191298604011536,0.02809186279773712,0.9964470267295837,0.3509208559989929,0.37445852160453796,0.02804078720510006,0.99802565574646,0.33841919898986816,0.3765794038772583,-0.012221231125295162,0.997912585735321,0.33461129665374756,0.3854226768016815,-0.012977249920368195,0.9977750778198242,0.3298247456550598,0.39535945653915405,-0.013314652256667614,0.9988157749176025,0.35234832763671875,0.41869136691093445,0.17118993401527405,0.9985511302947998,0.32294607162475586,0.4462195038795471,-0.012247088365256786,0.9972165822982788,0.3816145062446594,0.3949658274650574,0.05182795971632004,0.9981743097305298,0.3712262809276581,0.4035429358482361,-0.005327793303877115,0.9981919527053833,0.48685765266418457,0.5112122297286987,0.2578897476196289,0.9996446967124939,0.3589189052581787,0.6206074953079224,-0.07601577043533325,0.9996391534805298,0.5622223615646362,0.4397771954536438,0.42768532037734985,0.38166987895965576,0.25922638177871704,0.4944572448730469,-0.15315595269203186,0.933140218257904,0.5449318885803223,0.22236885130405426,0.4310019016265869,0.5098702907562256,0.27417322993278503,0.30003002285957336,-0.06893572211265564,0.8051015138626099,0.5498442649841309,0.16461896896362305,0.44754791259765625,0.48743903636932373,0.27063411474227905,0.21551378071308136,-0.09997393935918808,0.6783015727996826,0.5307224988937378,0.17090553045272827,0.3949611485004425,0.5061355829238892,0.27897682785987854,0.22646689414978027,-0.07019992172718048,0.6568059325218201,0.5240724682807922,0.1971389204263687,0.41037169098854065,0.5108736157417297,0.2861149311065674,0.2594889998435974,-0.06846652925014496,0.6455873847007751,0.7076632976531982,0.8688356280326843,0.10274473577737808,0.9950436949729919,0.6424158811569214,0.9469165205955505,-0.10320138931274414,0.9962835311889648,0.9274829030036926,0.9592624306678772,0.03860246762633324,0.01855330727994442,0.831571102142334,1.069075584411621,-0.2818930149078369,0.02973448857665062,1.0128462314605713,1.4095971584320068,0.07753492891788483,0.0023439517244696617,0.9593955278396606,1.5089517831802368,-0.14591552317142487,0.006302019115537405,1.0104658603668213,1.454716444015503,0.0804285854101181,0.004933914635330439,0.9636439085006714,1.5889456272125244,-0.1311197578907013,0.008109025657176971,1.0508240461349487,1.5682870149612427,0.009021802805364132,0.0035726933274418116,1.0435105562210083,1.5437425374984741,-0.1953701376914978,0.0063374340534210205
0.36689916253089905,0.3640812337398529,-0.002670216839760542,0.9984157681465149,0.3502669930458069,0.36979347467422485,0.031202059239149094,0.9974759817123413,0.351193904876709,0.37261319160461426,0.030689481645822525,0.996755063533783,0.3525330424308777,0.3753676414489746,0.030644360929727554,0.998201310634613,0.34330448508262634,0.3767264187335968,-0.01035346370190382,0.9980943202972412,0.3398238718509674,0.38544762134552,-0.01110390666872263,0.9979663491249084,0.33554166555404663,0.3954300880432129,-0.011421633884310722,0.9989151954650879,0.35268422961235046,0.41929176449775696,0.1718778908252716,0.9986735582351685,0.3258507549762726,0.4462900459766388,-0.01914123259484768,0.9974179863929749,0.3841659724712372,0.39618992805480957,0.05480268597602844,0.9983175992965698,0.3750552237033844,0.40487682819366455,-0.0028541800566017628,0.9983215928077698,0.48581165075302124,0.5113528966903687,0.2567541003227234,0.9996607303619385,0.35835954546928406,0.6202566623687744,-0.07858540117740631,0.9996232390403748,0.561292827129364,0.4318926930427551,0.4149967133998871,0.41573894023895264,0.25894513726234436,0.47356849908828735,-0.13073112070560455,0.9235472679138184,0.5455003976821899,0.2150413691997528,0.37822121381759644,0.53441321849823,0.2602975070476532,0.4044276773929596,-0.03491131216287613,0.776003897190094,0.5507028698921204,0.15790307521820068,0.3891311585903168,0.5101616978645325,0.2568882703781128,0.3733851909637451,-0.05896787717938423,0.6524989604949951,0.5309330224990845,0.16634458303451538,0.3319016098976135,0.5302790403366089,0.25466829538345337,0.44984006881713867,-0.06797627359628677,0.633774995803833,0.5242777466773987,0.1910453587770462,0.35333868861198425,0.5359399318695068,0.2634590268135071,0.38252678513526917,-0.044695060700178146,0.6271084547042847,0.7057220935821533,0.8684081435203552,0.10364878177642822,0.9952375292778015,0.6431859135627747,0.947327733039856,-0.10411657392978668,0.9963090419769287,0.9251154065132141,0.9494675397872925,0.03678370267152786,0.0212965477257967,0.8680864572525024,1.03682279586792,-0.2711309790611267,0.03139800950884819,1.016248106956482,1.3947957754135132,0.07335066795349121,0.002502617659047246,0.9767050743103027,1.4730370044708252,-0.1121789962053299,0.006513368804007769,1.0149691104888916,1.4412121772766113,0.07410535216331482,0.00519489124417305,0.9798185229301453,1.5493220090866089,-0.0941569060087204,0.0082725640386343,1.060070514678955,1.5502179861068726,-0.00665437662974,0.003865600796416402,1.059003233909607,1.5120296478271484,-0.16814811527729034,0.006560389418154955
0.36860519647598267,0.36434245109558105,0.006762122269719839,0.9985442161560059,0.35220450162887573,0.37011921405792236,0.0404018834233284,0.9976811408996582,0.35285183787345886,0.3731305003166199,0.03988809138536453,0.9970137476921082,0.35395482182502747,0.37614771723747253,0.03985270485281944,0.9983529448509216,0.3461037576198578,0.3767506182193756,-0.00761561980471015,0.9982511401176453,0.3428836464881897,0.38548940420150757,-0.008354982361197472,0.9981297850608826,0.3389046788215637,0.3954099118709564,-0.008657494559884071,0.9990022778511047,0.35351529717445374,0.42034783959388733,0.17895951867103577,0.9987761378288269,0.32827112078666687,0.44636884331703186,-0.01989729329943657,0.9975900053977966,0.38531360030174255,0.39704430103302,0.06429317593574524,0.9984432458877563,0.3764222264289856,0.40548181533813477,-0.0020223534666001797,0.9984395503997803,0.4851863980293274,0.511431097984314,0.2712954580783844,0.9996739625930786,0.35613343119621277,0.6190451383590698,-0.0938243716955185,0.9996296763420105,0.5610382556915283,0.4272922873497009,0.428860604763031,0.43334248661994934,0.25896555185317993,0.440606951713562,-0.15512391924858093,0.9266497492790222,0.5452724695205688,0.20590642094612122,0.41736069321632385,0.5509963035583496,0.2606735825538635,0.2697688937187195,-0.05788788944482803,0.7845135927200317,0.5501251220703125,0.14441387355327606,0.43344125151634216,0.5249252319335938,0.2577282786369324,0.20535986125469208,-0.091295525431633,0.6634312272071838,0.5298458337783813,0.15494978427886963,0.37696200609207153,0.5455856323242188,0.25592857599258423,0.22623063623905182,-0.07894370704889297,0.6450516581535339,0.524079442024231,0.18086664378643036,0.39406833052635193,0.5514999628067017,0.2646353840827942,0.24004490673542023,-0.05843045189976692,0.6377276182174683,0.7030223608016968,0.8684207201004028,0.10760071128606796,0.9954400062561035,0.6432043313980103,0.9474234580993652,-0.10803067684173584,0.9964367747306824,0.9237080812454224,0.9432128071784973,0.055992502719163895,0.0227919053286314,0.8773981332778931,1.0303974151611328,-0.2629164159297943,0.03408774361014366,1.019134759902954,1.3882286548614502,0.10916994512081146,0.0025863326154649258,0.9880231022834778,1.453169584274292,-0.10061369091272354,0.006914062891155481,1.0192984342575073,1.4357078075408936,0.1103806123137474,0.005350577179342508,0.993668258190155,1.5294278860092163,-0.0841052308678627,0.00868470873683691,1.062807321548462,1.5374542474746704,0.03959456831216812,0.004034348763525486,1.0627045631408691,1.4862645864486694,-0.15439847111701965,0.006941612809896469
0.3697182536125183,0.36437535285949707,0.025068726390600204,0.9986550807952881,0.3534439206123352,0.3702942728996277,0.058707427233457565,0.9978564381599426,0.3538394570350647,0.3733842670917511,0.058182526379823685,0.9972376227378845,0.3547230362892151,0.3764825165271759,0.058142971247434616,0.9984844326972961,0.34783926606178284,0.37677210569381714,0.009931730106472969,0.9983855485916138,0.3447224497795105,0.38551685214042664,0.009177329018712044,0.9982715845108032,0.34084609150886536,0.39532431960105896,0.00885440781712532,0.999077320098877,0.354265958070755,0.420864999294281,0.19561882317066193,0.9988656640052795,0.33024999499320984,0.44638264179229736,-0.01721404306590557,0.9977395534515381,0.38596540689468384,0.39719972014427185,0.08194714784622192,0.9985547661781311,0.3771750330924988,0.40557679533958435,0.014144271612167358,0.99854576587677,0.48501214385032654,0.5115312337875366,0.28253549337387085,0.9996879696846008,0.35486724972724915,0.6182311773300171,-0.08515443652868271,0.9996420741081238,0.5608748197555542,0.42569106817245483,0.4345396161079407,0.4501556158065796,0.25876718759536743,0.44040438532829285,-0.1515437513589859,0.9306340217590332,0.5453699827194214,0.20217445492744446,0.44180387258529663,0.5684092044830322,0.26119181513786316,0.23791097104549408,-0.06458993256092072,0.7971310615539551,0.5492400527000427,0.13919609785079956,0.4601967930793762,0.5410102605819702,0.2587554156780243,0.16987119615077972,-0.10140383243560791,0.6811251044273376,0.529564380645752,0.14733992516994476,0.40305501222610474,0.561934232711792,0.25815027952194214,0.17720578610897064,-0.07980261743068695,0.6633585691452026,0.5243979096412659,0.17379803955554962,0.41900619864463806,0.5680116415023804,0.26655644178390503,0.20480583608150482,-0.06107748672366142,0.6553988456726074,0.7022333741188049,0.8684971928596497,0.10702894628047943,0.9956101775169373,0.6432432532310486,0.94911789894104,-0.10745779424905777,0.9965626001358032,0.9238557815551758,0.9422755837440491,0.05573412775993347,0.024688268080353737,0.8730076551437378,1.0359102487564087,-0.2481350600719452,0.037631191313266754,1.0197898149490356,1.3831729888916016,0.13804280757904053,0.002675080206245184,0.9942471385002136,1.4435960054397583,-0.07694601267576218,0.007546460721641779,1.0198789834976196,1.4309406280517578,0.14326348900794983,0.0055224779061973095,1.0020893812179565,1.5205941200256348,-0.05931677296757698,0.009418103843927383,1.063042402267456,1.529000997543335,0.0846729725599289,0.004226624500006437,1.0647379159927368,1.4728329181671143,-0.1160660982131958,0.007535703480243683
0.36961260437965393,0.36472514271736145,0.04923379048705101,0.9987616539001465,0.35344916582107544,0.37111523747444153,0.0825766772031784,0.9980259537696838,0.3538413345813751,0.3743971884250641,0.08203793317079544,0.9974558353424072,0.35470935702323914,0.3777894377708435,0.08199530839920044,0.9986100196838379,0.3479938805103302,0.37701746821403503,0.034061264246702194,0.9985150098800659,0.34491369128227234,0.38555318117141724,0.0332915224134922,0.9984098672866821,0.34105104207992554,0.395336776971817,0.03295493498444557,0.999150276184082,0.35428717732429504,0.4224357604980469,0.21737301349639893,0.9989563226699829,0.33055371046066284,0.4467324912548065,-0.0019926424138247967,0.9978980422019958,0.38593220710754395,0.3975212574005127,0.1052592545747757,0.9986670613288879,0.3771814703941345,0.4056331515312195,0.03773060068488121,0.9986529350280762,0.4837963581085205,0.511591374874115,0.30166542530059814,0.9997049570083618,0.35303887724876404,0.6172136664390564,-0.0829262062907219,0.9996587634086609,0.5604025721549988,0.4271467328071594,0.49884462356567383,0.4734998047351837,0.2588385343551636,0.4347563087940216,-0.14747798442840576,0.9353888630867004,0.5455620884895325,0.20755600929260254,0.5272626876831055,0.5921379327774048,0.26181498169898987,0.21932727098464966,-0.06986574083566666,0.8129334449768066,0.5493787527084351,0.14523622393608093,0.5512827634811401,0.5636604428291321,0.25961101055145264,0.15376393496990204,-0.11012373119592667,0.7050954699516296,0.5297048687934875,0.15266701579093933,0.48701682686805725,0.5845709443092346,0.25866466760635376,0.15984565019607544,-0.08634988963603973,0.6884836554527283,0.5245025157928467,0.1791546493768692,0.5025336742401123,0.5907702445983887,0.26760727167129517,0.18985475599765778,-0.06530981510877609,0.6801671981811523,0.7013031244277954,0.868346631526947,0.10685485601425171,0.9958001375198364,0.6430717706680298,0.9495725631713867,-0.10727979987859726,0.9967048764228821,0.9239879846572876,0.942547619342804,0.056179892271757126,0.02852192148566246,0.8719013333320618,1.0397131443023682,-0.24809953570365906,0.0459156259894371,1.0190439224243164,1.3838763236999512,0.12793385982513428,0.0029435253236442804,0.9941032528877258,1.4486947059631348,-0.08143486082553864,0.009134076535701752,1.0184663534164429,1.431861400604248,0.13195893168449402,0.006000102497637272,1.0020298957824707,1.5258969068527222,-0.0636734664440155,0.01112800557166338,1.0592446327209473,1.528962254524231,0.07533884793519974,0.004754633642733097,1.064575433731079,1.4781875610351562,-0.11826727539300919,0.009104577824473381
0.370028555393219,0.3647483289241791,0.045075684785842896,0.9988670349121094,0.3536786437034607,0.37155288457870483,0.07932891696691513,0.9981924891471863,0.35393625497817993,0.3749662935733795,0.07879643887281418,0.9976704716682434,0.3547169268131256,0.37854012846946716,0.07874695956707001,0.9987305402755737,0.3485313057899475,0.3771419823169708,0.031658586114645004,0.9986421465873718,0.3455464839935303,0.38558074831962585,0.030893560498952866,0.9985461831092834,0.3418092131614685,0.3952995240688324,0.030569469556212425,0.9992222189903259,0.35429269075393677,0.4239555299282074,0.2154046595096588,0.9990435838699341,0.3314672112464905,0.4471534788608551,-0.00800971407443285,0.9980621933937073,0.3861393630504608,0.3976407051086426,0.10081616789102554,0.9987769722938538,0.37765058875083923,0.40565890073776245,0.035528603941202164,0.9987615346908569,0.48257946968078613,0.5116727948188782,0.29661649465560913,0.9997214078903198,0.35241103172302246,0.6160256862640381,-0.08547067642211914,0.9996765851974487,0.5604358315467834,0.42410150170326233,0.47654423117637634,0.49926015734672546,0.25891968607902527,0.42945533990859985,-0.16705074906349182,0.9398809671401978,0.5455617904663086,0.20433181524276733,0.45723071694374084,0.6167788505554199,0.26313143968582153,0.21659418940544128,-0.12020726501941681,0.8276909589767456,0.5482746958732605,0.13998234272003174,0.4752351641654968,0.5873982906341553,0.26027417182922363,0.15441720187664032,-0.16366882622241974,0.7271426916122437,0.5289204120635986,0.14757011830806732,0.4141828119754791,0.6078214049339294,0.260811448097229,0.1588766872882843,-0.13713602721691132,0.7116051912307739,0.5243842601776123,0.1745930165052414,0.4328412115573883,0.613632321357727,0.2691262662410736,0.18803921341896057,-0.1144862025976181,0.7030935287475586,0.7010326981544495,0.868363082408905,0.1073070615530014,0.9959718585014343,0.6431370377540588,0.9516422748565674,-0.10771634429693222,0.9968451857566833,0.9240800738334656,0.9419216513633728,0.05503891035914421,0.03295006975531578,0.876496434211731,1.037907361984253,-0.2503456473350525,0.05458659678697586,1.0142298936843872,1.3845692873001099,0.14983418583869934,0.003246478270739317,0.9945284724235535,1.4518040418624878,-0.08314075320959091,0.010915943421423435,1.0120174884796143,1.4325588941574097,0.15655532479286194,0.006555009633302689,1.0018268823623657,1.527165174484253,-0.06541016697883606,0.012841898016631603,1.0503123998641968,1.529448390007019,0.09906981885433197,0.005343288648873568,1.0648047924041748,1.481436848640442,-0.12103961408138275,0.010798236355185509
0.37001994252204895,0.36476919054985046,0.04765264689922333,0.9989640116691589,0.35367926955223083,0.3715669512748718,0.08327192068099976,0.9983479380607605,0.3539397120475769,0.3749719262123108,0.08274659514427185,0.9978697299957275,0.35471969842910767,0.37853702902793884,0.08270552009344101,0.9988418221473694,0.34847551584243774,0.37716975808143616,0.03445599228143692,0.9987611770629883,0.3454497456550598,0.38549184799194336,0.03369768708944321,0.9986736178398132,0.3416490852832794,0.3949422538280487,0.03337588161230087,0.999289870262146,0.354267954826355,0.42394620180130005,0.22537574172019958,0.999125063419342,0.331592321395874,0.4471580386161804,-0.0013954316964372993,0.9982190132141113,0.38600295782089233,0.39765939116477966,0.10553950071334839,0.9988791942596436,0.377565860748291,0.40567997097969055,0.037979815155267715,0.9988628625869751,0.48117709159851074,0.5114412903785706,0.3085488975048065,0.9997351765632629,0.350953072309494,0.6159530282020569,-0.08224190771579742,0.999694287776947,0.5604609251022339,0.4245903491973877,0.4782291054725647,0.5128703117370605,0.25894755125045776,0.42794787883758545,-0.19814452528953552,0.9439688324928284,0.5456145405769348,0.20060133934020996,0.4621029794216156,0.6319969296455383,0.2642204463481903,0.21885420382022858,-0.20556879043579102,0.8413281440734863,0.5481348037719727,0.1359650194644928,0.48021990060806274,0.6018397212028503,0.26074105501174927,0.1538374423980713,-0.25673601031303406,0.7479052543640137,0.5290509462356567,0.1413605809211731,0.4200504422187805,0.622275710105896,0.26210421323776245,0.156159445643425,-0.2286539524793625,0.7333487272262573,0.5244873762130737,0.16835670173168182,0.437991201877594,0.6280035376548767,0.27074187994003296,0.1867367923259735,-0.2004687488079071,0.7242935299873352,0.7007448077201843,0.8682960271835327,0.10785069316625595,0.99613356590271,0.6431573629379272,0.9544360041618347,-0.10823710262775421,0.9969790577888489,0.9241582155227661,0.9400843977928162,0.05107458680868149,0.03597644716501236,0.8743807077407837,1.0407533645629883,-0.25182420015335083,0.06061752140522003,1.0151145458221436,1.3895180225372314,0.13961370289325714,0.003415463026612997,0.9981806874275208,1.452262043952942,-0.0845460444688797,0.012182287871837616,1.0131256580352783,1.4393317699432373,0.14546439051628113,0.00693402998149395,1.0065138339996338,1.5315691232681274,-0.06706398725509644,0.014110500924289227,1.051174521446228,1.5334336757659912,0.08500656485557556,0.005743902642279863,1.0662226676940918,1.4834221601486206,-0.12615461647510529,0.012102297507226467
0.3673585057258606,0.3656820058822632,0.04432277753949165,0.9990560412406921,0.3518781065940857,0.37296637892723083,0.07930795103311539,0.9984937310218811,0.35217541456222534,0.37628233432769775,0.07878425717353821,0.9980580806732178,0.3528534471988678,0.37982314825057983,0.07873030006885529,0.9989453554153442,0.3471115231513977,0.3782513439655304,0.03365917131304741,0.9988727569580078,0.3443368077278137,0.38622191548347473,0.03289307281374931,0.9987939596176147,0.34068554639816284,0.3954818844795227,0.03258395195007324,0.9993537068367004,0.353051096200943,0.4257909655570984,0.2197876274585724,0.9992020726203918,0.3310694396495819,0.44876858592033386,-0.00762877007946372,0.9983736276626587,0.38369113206863403,0.3982725441455841,0.10155683755874634,0.9989760518074036,0.3756415545940399,0.4061446785926819,0.036204613745212555,0.998960554599762,0.48052510619163513,0.5106263160705566,0.3035425841808319,0.9997482299804688,0.34999093413352966,0.6153923273086548,-0.08971790969371796,0.9997145533561707,0.5606144070625305,0.4232780337333679,0.4778425097465515,0.5256139636039734,0.25900405645370483,0.42182841897010803,-0.20428955554962158,0.9482750296592712,0.546174943447113,0.1949951946735382,0.466225802898407,0.6441190242767334,0.2645513117313385,0.22167277336120605,-0.19499431550502777,0.8550929427146912,0.5481706857681274,0.13398706912994385,0.48517709970474243,0.6137134432792664,0.2609682083129883,0.15444748103618622,-0.24446804821491241,0.769210159778595,0.5301305055618286,0.13388106226921082,0.4260970652103424,0.6344642639160156,0.2624817490577698,0.15812541544437408,-0.2162172496318817,0.7557885646820068,0.5247844457626343,0.161552295088768,0.44262903928756714,0.6406973004341125,0.2717050611972809,0.1879020482301712,-0.18953856825828552,0.7467682957649231,0.7007793188095093,0.8682687282562256,0.1078081876039505,0.9962800741195679,0.6432462334632874,0.9564775824546814,-0.10818402469158173,0.9971222877502441,0.9243444204330444,0.9389891624450684,0.046184979379177094,0.040124207735061646,0.8757839202880859,1.0420825481414795,-0.2516629695892334,0.07130887359380722,1.0152732133865356,1.3872945308685303,0.15186811983585358,0.0036820448003709316,0.9989252090454102,1.454215168952942,-0.06913052499294281,0.014509175904095173,1.0130785703659058,1.4359946250915527,0.16067267954349518,0.007525117602199316,1.0077844858169556,1.5335479974746704,-0.04931414872407913,0.01659788377583027,1.0499074459075928,1.5315978527069092,0.11087419837713242,0.006377229932695627,1.0658985376358032,1.4849975109100342,-0.09911127388477325,0.014454865828156471
0.3663640320301056,0.36650580167770386,0.041382454335689545,0.9991297125816345,0.35062530636787415,0.3740939795970917,0.07859288901090622,0.9986106753349304,0.3508341908454895,0.377371221780777,0.07807623594999313,0.9982070922851562,0.35130971670150757,0.380938857793808,0.07803772389888763,0.9990296363830566,0.3460712730884552,0.3791024088859558,0.028695467859506607,0.9989641308784485,0.3433786630630493,0.3867705762386322,0.027920955792069435,0.9988919496536255,0.339762419462204,0.39581209421157837,0.027603844180703163,0.9994059801101685,0.3514854311943054,0.42793864011764526,0.21659867465496063,0.999262273311615,0.33056363463401794,0.450283944606781,-0.011028914712369442,0.9984927773475647,0.38306424021720886,0.39875492453575134,0.10022702068090439,0.999051034450531,0.3751542270183563,0.40648677945137024,0.03010427951812744,0.9990355372428894,0.4799712300300598,0.5105656385421753,0.30092692375183105,0.9997538924217224,0.3499850928783417,0.6149182319641113,-0.09591244161128998,0.9997269511222839,0.5604416728019714,0.42372965812683105,0.47439342737197876,0.5268550515174866,0.2592027187347412,0.4225480854511261,-0.2076789140701294,0.9511771202087402,0.5461970567703247,0.19434019923210144,0.46477460861206055,0.6420086622238159,0.2649790346622467,0.2239827960729599,-0.188550665974617,0.8650436997413635,0.5482710003852844,0.13559992611408234,0.4839552342891693,0.6117404103279114,0.26129722595214844,0.15693475306034088,-0.23700137436389923,0.7841184139251709,0.5308936238288879,0.13333339989185333,0.422579288482666,0.6333242654800415,0.2642030119895935,0.15918093919754028,-0.21067118644714355,0.7713338732719421,0.5248987674713135,0.16095413267612457,0.44005435705184937,0.6407370567321777,0.27200475335121155,0.18932311236858368,-0.18354064226150513,0.7616400122642517,0.7008265256881714,0.8682880997657776,0.1083744615316391,0.9964327216148376,0.6434098482131958,0.9576345682144165,-0.10873542726039886,0.9972562193870544,0.924619197845459,0.9390371441841125,0.04170667380094528,0.04258375242352486,0.8743712306022644,1.0422730445861816,-0.2554641366004944,0.0766102597117424,1.0150283575057983,1.3866244554519653,0.14982889592647552,0.0038084976840764284,0.9978756904602051,1.4555013179779053,-0.07110825181007385,0.01545303501188755,1.0123002529144287,1.4343394041061401,0.15836237370967865,0.007793953642249107,1.0066324472427368,1.534506916999817,-0.051425833255052567,0.017481354996562004,1.049149990081787,1.531613826751709,0.10505130141973495,0.006650257855653763,1.0657439231872559,1.4857820272445679,-0.10440913587808609,0.0153298769146204
0.364346444606781,0.36655348539352417,-0.0029177842661738396,0.9991961121559143,0.3473004400730133,0.374206006526947,0.03231528773903847,0.9987144470214844,0.34713155031204224,0.37747734785079956,0.03179524093866348,0.9983424544334412,0.34698015451431274,0.3810555636882782,0.03175816684961319,0.9991055727005005,0.343192994594574,0.37919557094573975,-0.01967456378042698,0.9990450143814087,0.340340793132782,0.3868192136287689,-0.02043275348842144,0.9989795684814453,0.3363872766494751,0.39582133293151855,-0.02076512761414051,0.9994515180587769,0.3478178083896637,0.4287312924861908,0.17564010620117188,0.9993184804916382,0.32758384943008423,0.45138731598854065,-0.05779626965522766,0.9985977411270142,0.38112136721611023,0.39865103363990784,0.056773841381073,0.9991165399551392,0.37390512228012085,0.4064335823059082,-0.015375090762972832,0.9991001486778259,0.47736606001853943,0.5099983811378479,0.26997390389442444,0.9997584223747253,0.34975284337997437,0.6149159073829651,-0.1455812156200409,0.9997336864471436,0.5599614381790161,0.42410847544670105,0.42278051376342773,0.5283384323120117,0.2596612572669983,0.42878279089927673,-0.2800915837287903,0.9537976384162903,0.5464913845062256,0.1925097554922104,0.4052126407623291,0.6379779577255249,0.26490965485572815,0.22748786211013794,-0.27298325300216675,0.8725606799125671,0.5488385558128357,0.13487152755260468,0.42310062050819397,0.6080546379089355,0.2616100609302521,0.1589384377002716,-0.3252733647823334,0.7951037883758545,0.5310076475143433,0.13302229344844818,0.36088186502456665,0.630405068397522,0.2648061215877533,0.15996164083480835,-0.29676496982574463,0.7827474474906921,0.5249768495559692,0.1605808138847351,0.3796563744544983,0.6387948393821716,0.2728753387928009,0.19028618931770325,-0.2676650881767273,0.7723351120948792,0.7007535099983215,0.8683056235313416,0.11346371471881866,0.9965538382530212,0.6434846520423889,0.9579981565475464,-0.11373689025640488,0.9973661303520203,0.9245440363883972,0.9387555718421936,0.04500970244407654,0.04542381316423416,0.8764864802360535,1.0306696891784668,-0.2875698506832123,0.0872693806886673,1.0070202350616455,1.3739097118377686,0.17891567945480347,0.0040999301709234715,0.9971557855606079,1.447790503501892,-0.07787478715181351,0.01767723821103573,1.0026731491088867,1.4202194213867188,0.18913647532463074,0.008515016175806522,1.0061936378479004,1.527518391609192,-0.05404284596443176,0.019582947716116905,1.0381262302398682,1.5161820650100708,0.13745151460170746,0.007244567386806011,1.0653712749481201,1.4843610525131226,-0.10743318498134613,0.017376501113176346
0.3644223213195801,0.36667972803115845,-0.01090450119227171,0.9992631077766418,0.3474206328392029,0.3743560314178467,0.023425914347171783,0.9988210797309875,0.34731823205947876,0.37771496176719666,0.02290455438196659,0.9984809160232544,0.34725716710090637,0.38144564628601074,0.02286633476614952,0.9991817474365234,0.3432418704032898,0.3792758584022522,-0.026842962950468063,0.9991257786750793,0.34039026498794556,0.38690224289894104,-0.027598967775702477,0.9990664720535278,0.3364318013191223,0.3958928883075714,-0.02793756127357483,0.9994971752166748,0.3477811813354492,0.4293217658996582,0.16622240841388702,0.999375581741333,0.32747897505760193,0.452422171831131,-0.05912795662879944,0.9987078905105591,0.3811960816383362,0.39896833896636963,0.04819146543741226,0.9991878867149353,0.37393105030059814,0.4066444933414459,-0.021593213081359863,0.9991710186004639,0.47661271691322327,0.5095382332801819,0.26098641753196716,0.9997696876525879,0.35047948360443115,0.6154654026031494,-0.1408897191286087,0.9997442364692688,0.5599729418754578,0.4164649248123169,0.41235169768333435,0.5489788055419922,0.2617248594760895,0.43368011713027954,-0.27475911378860474,0.9568765163421631,0.5478082895278931,0.18301254510879517,0.38793396949768066,0.6560832262039185,0.2647159993648529,0.22794120013713837,-0.27355968952178955,0.8821926116943359,0.5497732162475586,0.12800833582878113,0.4060344099998474,0.6253034472465515,0.2617279887199402,0.15870912373065948,-0.3246602416038513,0.8095703721046448,0.5317395329475403,0.1261139065027237,0.34433016180992126,0.6473106741905212,0.265219122171402,0.15898016095161438,-0.29479026794433594,0.7978861927986145,0.5255472660064697,0.15363675355911255,0.3628637194633484,0.6553895473480225,0.27372488379478455,0.18933190405368805,-0.2676241397857666,0.787369966506958,0.7001935243606567,0.8682221174240112,0.11343158781528473,0.9966791868209839,0.6432662010192871,0.958241879940033,-0.11370281875133514,0.9974654912948608,0.9240164756774902,0.9383352398872375,0.03908500075340271,0.05374176800251007,0.8745281100273132,1.0272958278656006,-0.2972710132598877,0.10133369266986847,1.0031476020812988,1.373968243598938,0.17266733944416046,0.004777843598276377,0.9966756701469421,1.445230484008789,-0.10410986840724945,0.020474527031183243,0.9983701705932617,1.4199591875076294,0.18037192523479462,0.009634300135076046,1.0055216550827026,1.524929165840149,-0.08276133984327316,0.02200627513229847,1.0331885814666748,1.517247200012207,0.1306457817554474,0.008408746682107449,1.0652289390563965,1.4831969738006592,-0.1373593509197235,0.019934842362999916
0.3627665340900421,0.36685723066329956,-0.02452334575355053,0.9993210434913635,0.34579288959503174,0.3743531405925751,0.010986767709255219,0.998914897441864,0.3458365797996521,0.3776739835739136,0.010452745482325554,0.9986021518707275,0.3458835184574127,0.3813459575176239,0.010402077808976173,0.9992486834526062,0.34126541018486023,0.37929221987724304,-0.0366663783788681,0.9991973638534546,0.3382163643836975,0.38692113757133484,-0.03741490840911865,0.9991433620452881,0.3339703381061554,0.39591720700263977,-0.03776506334543228,0.9995375275611877,0.34658506512641907,0.42863985896110535,0.15686355531215668,0.9994266033172607,0.3241708278656006,0.45269477367401123,-0.05750508978962898,0.9988037943840027,0.3798055946826935,0.39895308017730713,0.0348401740193367,0.9992483854293823,0.3723911643028259,0.4066595435142517,-0.03141380473971367,0.9992304444313049,0.47567296028137207,0.5077487230300903,0.25007715821266174,0.9997753500938416,0.35048574209213257,0.6162914037704468,-0.14009317755699158,0.9997496008872986,0.5596953630447388,0.4097965657711029,0.4104521870613098,0.5619469881057739,0.2639419436454773,0.4353196918964386,-0.30039793252944946,0.959500253200531,0.5485733151435852,0.1815657764673233,0.4076654314994812,0.6628610491752625,0.26482489705085754,0.2302229106426239,-0.33983728289604187,0.8902892470359802,0.552143931388855,0.12839114665985107,0.42802900075912476,0.6314423084259033,0.2627362608909607,0.16116181015968323,-0.3954971730709076,0.8218400478363037,0.5343586206436157,0.12746046483516693,0.36727115511894226,0.6537918448448181,0.2659974694252014,0.16271646320819855,-0.36792364716529846,0.8108154535293579,0.526685357093811,0.15551581978797913,0.3834722638130188,0.662626326084137,0.27392348647117615,0.19206522405147552,-0.3360314965248108,0.8000741600990295,0.699895441532135,0.8682919144630432,0.11312993615865707,0.9968129992485046,0.6432915329933167,0.9601365923881531,-0.1134081706404686,0.9975677728652954,0.9204104542732239,0.9326284527778625,0.03078620694577694,0.06379092484712601,0.8786287307739258,1.0268151760101318,-0.29863861203193665,0.11787966638803482,0.9950531721115112,1.3709321022033691,0.16721712052822113,0.005749692674726248,0.9962995648384094,1.4458739757537842,-0.10294155031442642,0.024371029809117317,0.9894737005233765,1.4171613454818726,0.17303381860256195,0.01109787542372942,1.0030138492584229,1.5258691310882568,-0.0818670466542244,0.024796226993203163,1.0258634090423584,1.5173907279968262,0.128962904214859,0.010059689171612263,1.0649100542068481,1.4834866523742676,-0.13708056509494781,0.023661529645323753
0.3608720898628235,0.3671441078186035,-0.02259998768568039,0.9993729591369629,0.3441895544528961,0.3747081756591797,0.011273280717432499,0.9989967346191406,0.34435734152793884,0.3782166838645935,0.010728403925895691,0.9987107515335083,0.3445080816745758,0.3821309804916382,0.010682228952646255,0.9993084073066711,0.3394485116004944,0.37947365641593933,-0.036813732236623764,0.9992590546607971,0.3363758325576782,0.3870781362056732,-0.037559039890766144,0.9992107152938843,0.3321387469768524,0.3960258960723877,-0.03790639340877533,0.9995721578598022,0.3446022868156433,0.429036408662796,0.15277975797653198,0.9994724988937378,0.32222726941108704,0.452862411737442,-0.06318838149309158,0.9988867044448853,0.37781500816345215,0.3989695608615875,0.03553381562232971,0.9993048906326294,0.3706454336643219,0.40667617321014404,-0.031235959380865097,0.9992851614952087,0.4749826490879059,0.5067256689071655,0.2451365888118744,0.9997856616973877,0.3504404127597809,0.6164788007736206,-0.14139080047607422,0.9997573494911194,0.5594435930252075,0.41004836559295654,0.41875725984573364,0.5812252759933472,0.26487237215042114,0.4376160502433777,-0.27661651372909546,0.962013840675354,0.5485780835151672,0.18202537298202515,0.415192186832428,0.677953839302063,0.2658678889274597,0.23083336651325226,-0.2874002456665039,0.8982664942741394,0.5521412491798401,0.12878170609474182,0.4428041875362396,0.6458786129951477,0.2632138133049011,0.16144229471683502,-0.3405458331108093,0.8342861533164978,0.534347653388977,0.13167992234230042,0.37189632654190063,0.6681445240974426,0.2666086256504059,0.16418929398059845,-0.3130657374858856,0.8239763975143433,0.52679443359375,0.15906819701194763,0.38873016834259033,0.6770901083946228,0.2741745710372925,0.1929231584072113,-0.28305503726005554,0.813324511051178,0.69922935962677,0.8683070540428162,0.1129431277513504,0.9969192743301392,0.6432105898857117,0.9608070254325867,-0.1132344976067543,0.9976503252983093,0.9180550575256348,0.9301579594612122,0.03240714222192764,0.07152516394853592,0.8777886629104614,1.024801254272461,-0.292758047580719,0.13401004672050476,0.9920704960823059,1.3549060821533203,0.15942099690437317,0.006581055000424385,0.9948517680168152,1.437245488166809,-0.09850151091814041,0.028393462300300598,0.9864534139633179,1.3999537229537964,0.16624407470226288,0.012453923933207989,1.0012645721435547,1.5156270265579224,-0.07574402540922165,0.028469357639551163,1.0219131708145142,1.4992133378982544,0.1153397411108017,0.011563324369490147,1.0616090297698975,1.4810107946395874,-0.12266997247934341,0.027439337223768234
0.36047396063804626,0.3678349256515503,-0.017112327739596367,0.9994162321090698,0.34417763352394104,0.37574484944343567,0.015362280420958996,0.9990664124488831,0.34444528818130493,0.379410058259964,0.01481181662529707,0.9988028407096863,0.3446895480155945,0.3834854066371918,0.014752308838069439,0.9993604421615601,0.33909672498703003,0.3801620900630951,-0.03124053217470646,0.9993111491203308,0.33592915534973145,0.387621134519577,-0.03198910504579544,0.999267041683197,0.33161693811416626,0.39639464020729065,-0.03233689069747925,0.9996009469032288,0.3446767330169678,0.42963141202926636,0.15021833777427673,0.9995131492614746,0.3220509886741638,0.45286643505096436,-0.05666683241724968,0.9989535212516785,0.37728312611579895,0.3990831673145294,0.03975651040673256,0.9993541240692139,0.3696279525756836,0.40676209330558777,-0.025298934429883957,0.9993311762809753,0.47502079606056213,0.5066753625869751,0.24602532386779785,0.9997950792312622,0.34843555092811584,0.6164230108261108,-0.13530823588371277,0.999763011932373,0.559345006942749,0.41034576296806335,0.42596951127052307,0.6046788692474365,0.26700013875961304,0.43621307611465454,-0.2608386278152466,0.9644891619682312,0.5493981242179871,0.1896178424358368,0.4564603269100189,0.6981384754180908,0.26628413796424866,0.23180550336837769,-0.2584204077720642,0.9058738350868225,0.5526143312454224,0.13190032541751862,0.48349279165267944,0.6662225127220154,0.26332470774650574,0.16247783601284027,-0.30831244587898254,0.8462384939193726,0.5343167781829834,0.13797158002853394,0.416900634765625,0.6877391934394836,0.26713889837265015,0.16533830761909485,-0.2819119989871979,0.8366602063179016,0.5269659161567688,0.16503426432609558,0.43189698457717896,0.696235179901123,0.27446991205215454,0.19359321892261505,-0.2538895606994629,0.826268196105957,0.6988404989242554,0.8683115839958191,0.11290790885686874,0.9970319867134094,0.6432229280471802,0.9605411887168884,-0.11319849640130997,0.9977240562438965,0.9171314239501953,0.929323673248291,0.03255312889814377,0.08138265460729599,0.8773649334907532,1.0241873264312744,-0.2921513020992279,0.1558593511581421,0.9843226671218872,1.3558921813964844,0.15831665694713593,0.0077421898022294044,0.9899425506591797,1.438670039176941,-0.09845300018787384,0.03388025984168053,0.9766378402709961,1.4015058279037476,0.16493380069732666,0.014237062074244022,0.9930045008659363,1.5173097848892212,-0.07591132074594498,0.032879654318094254,1.0152028799057007,1.501063585281372,0.10980775207281113,0.013475303538143635,1.058780312538147,1.4921561479568481,-0.1218506321310997,0.03235062211751938
0.3604549765586853,0.36950695514678955,-0.014286575838923454,0.9994493722915649,0.34427040815353394,0.3766515851020813,0.01900492236018181,0.9991216659545898,0.34457558393478394,0.38018739223480225,0.018458440899848938,0.9988758563995361,0.3448534309864044,0.38407647609710693,0.01840086095035076,0.999403715133667,0.3389931321144104,0.38103482127189636,-0.02767878770828247,0.9993518590927124,0.33575984835624695,0.3883377015590668,-0.028429895639419556,0.9993100762367249,0.331430584192276,0.3969094455242157,-0.02877560816705227,0.9996227622032166,0.3448100686073303,0.4296480715274811,0.15257082879543304,0.9995473623275757,0.32196682691574097,0.452865868806839,-0.05347442626953125,0.9989992380142212,0.37722247838974,0.3995909094810486,0.04328206554055214,0.9993944764137268,0.36935994029045105,0.4073937237262726,-0.02207026444375515,0.999366044998169,0.4750640392303467,0.5073278546333313,0.24835459887981415,0.9998031258583069,0.34550759196281433,0.6161929965019226,-0.13188281655311584,0.9997648000717163,0.5593339204788208,0.4110952913761139,0.44516807794570923,0.6218888759613037,0.26730653643608093,0.4375664293766022,-0.2542390525341034,0.9659059047698975,0.549204409122467,0.197178453207016,0.48794835805892944,0.7128216028213501,0.2667420506477356,0.2401503622531891,-0.24679312109947205,0.9103575944900513,0.551868200302124,0.13755154609680176,0.5130048990249634,0.6807159781455994,0.2634948790073395,0.16462379693984985,-0.2956095039844513,0.8532347083091736,0.5332399606704712,0.14407357573509216,0.4492667317390442,0.7019448280334473,0.26763755083084106,0.16773684322834015,-0.27019697427749634,0.84408038854599,0.5268684029579163,0.17007976770401,0.464120090007782,0.7101680636405945,0.2748062014579773,0.19837802648544312,-0.2423672378063202,0.8334746360778809,0.6991578340530396,0.8690434694290161,0.11285783350467682,0.9971111416816711,0.6432594060897827,0.9605964422225952,-0.11314664036035538,0.9977614283561707,0.9175033569335938,0.930174708366394,0.03769932687282562,0.0847669318318367,0.8772873878479004,1.025219440460205,-0.290206640958786,0.16534294188022614,0.9834393262863159,1.3524298667907715,0.17050093412399292,0.007941823452711105,0.987838089466095,1.4399049282073975,-0.08361749351024628,0.03505833446979523,0.9754759073257446,1.3964850902557373,0.1799730658531189,0.014591791667044163,0.9911848902702332,1.5185190439224243,-0.05906868726015091,0.03392265737056732,1.0136080980300903,1.4949971437454224,0.13368920981884003,0.01382447499781847,1.0568397045135498,1.4928228855133057,-0.09793636202812195,0.033347610384225845
0.3608226776123047,0.3707667589187622,-0.012242475524544716,0.9994727373123169,0.34482505917549133,0.3767617642879486,0.019842825829982758,0.9991617798805237,0.3452712893486023,0.3802200257778168,0.01929442211985588,0.9989238977432251,0.3458844721317291,0.3840656280517578,0.019227325916290283,0.9994359016418457,0.33914774656295776,0.3811661899089813,-0.025559261441230774,0.9993820786476135,0.3358146846294403,0.38844290375709534,-0.026312019675970078,0.9993391633033752,0.3314477503299713,0.39700114727020264,-0.026657018810510635,0.9996387362480164,0.34485411643981934,0.42964109778404236,0.1504591852426529,0.9995688199996948,0.32187238335609436,0.45287445187568665,-0.049544889479875565,0.9990209341049194,0.37761276960372925,0.40036365389823914,0.044196195900440216,0.9994139671325684,0.36946362257003784,0.4083407521247864,-0.020108403638005257,0.9993792772293091,0.4749770760536194,0.5112636685371399,0.24703629314899445,0.9998010396957397,0.34454676508903503,0.6161900162696838,-0.12872625887393951,0.9997575283050537,0.5587648153305054,0.43634212017059326,0.45903339982032776,0.6272258162498474,0.2675255537033081,0.43843981623649597,-0.19219861924648285,0.9656720161437988,0.5500714182853699,0.224749356508255,0.5231908559799194,0.7138723134994507,0.2671639025211334,0.244674414396286,-0.12010707706212997,0.9074510931968689,0.5548323392868042,0.17543290555477142,0.5503672361373901,0.6819000840187073,0.26343390345573425,0.17037855088710785,-0.1541341245174408,0.8488640189170837,0.5383269190788269,0.16471435129642487,0.4881545901298523,0.7037327885627747,0.26808369159698486,0.1713070422410965,-0.13654235005378723,0.8398270010948181,0.5314950346946716,0.18595752120018005,0.49992281198501587,0.7129477262496948,0.27512308955192566,0.20078407227993011,-0.11673875153064728,0.8294761180877686,0.6991979479789734,0.8707032203674316,0.11297252029180527,0.9971767663955688,0.6434628367424011,0.9602695107460022,-0.11328290402889252,0.9977973699569702,0.9180516004562378,0.9330012202262878,0.03947236388921738,0.08438077569007874,0.872990608215332,1.0321301221847534,-0.2919854521751404,0.1660715937614441,0.9796829223632812,1.353267788887024,0.14354754984378815,0.007813645526766777,0.9811393022537231,1.4630045890808105,-0.11758788675069809,0.03456433489918709,0.9704045057296753,1.3983352184295654,0.149643212556839,0.014420450665056705,0.9823557734489441,1.5403531789779663,-0.09759967029094696,0.033256933093070984,1.0112074613571167,1.496155858039856,0.10917153209447861,0.01355734746903181,1.0557763576507568,1.5185619592666626,-0.14162901043891907,0.032770153135061264
0.36077284812927246,0.3718705475330353,-0.0006754783680662513,0.9995058178901672,0.3453696370124817,0.3767666220664978,0.030817165970802307,0.9992159008979797,0.34668540954589844,0.380159854888916,0.03026352822780609,0.9989907145500183,0.34859877824783325,0.383717805147171,0.03018755093216896,0.9994750022888184,0.3389783501625061,0.38127344846725464,-0.008395730517804623,0.9994223117828369,0.3352739214897156,0.3885737657546997,-0.009173406288027763,0.9993799924850464,0.33045774698257446,0.3971782326698303,-0.009505590423941612,0.9996610879898071,0.34640419483184814,0.4277575612068176,0.16030651330947876,0.9995969533920288,0.32085323333740234,0.45242127776145935,-0.012059999629855156,0.9990671873092651,0.37764090299606323,0.4014843702316284,0.054022230207920074,0.9994462132453918,0.3688431978225708,0.4097144603729248,-0.0015478363493457437,0.9994077086448669,0.47536391019821167,0.5116245746612549,0.25318601727485657,0.9998038411140442,0.34259623289108276,0.615898847579956,-0.09088572859764099,0.999756395816803,0.5583319664001465,0.44091346859931946,0.48677030205726624,0.6346588730812073,0.2674902081489563,0.43857109546661377,-0.13979089260101318,0.9651933908462524,0.5499571561813354,0.22875207662582397,0.5716559886932373,0.7149238586425781,0.2672423720359802,0.2545897960662842,-0.05742871016263962,0.9016314148902893,0.5557997226715088,0.17546986043453217,0.602157473564148,0.6829615831375122,0.2632596492767334,0.18122436106204987,-0.08680916577577591,0.8409463763237,0.5387235283851624,0.16835449635982513,0.5422727465629578,0.7050796151161194,0.2683538496494293,0.18380095064640045,-0.06903953850269318,0.8318702578544617,0.5318459272384644,0.1892349272966385,0.5499986410140991,0.7155671119689941,0.2751600444316864,0.21315418183803558,-0.053619809448719025,0.8226361870765686,0.6990538835525513,0.8710747361183167,0.1129026785492897,0.9973067045211792,0.6424019932746887,0.9589271545410156,-0.11321263015270233,0.9978892207145691,0.9189329147338867,0.9360864162445068,0.032536789774894714,0.08676502853631973,0.8719197511672974,1.035199522972107,-0.2912340462207794,0.16947230696678162,0.967197060585022,1.3632817268371582,0.1059243232011795,0.007770877331495285,0.9712693095207214,1.4871171712875366,-0.13548916578292847,0.03507249802350998,0.9532055854797363,1.406921148300171,0.11119188368320465,0.014401551336050034,0.9701040983200073,1.5672720670700073,-0.11824461072683334,0.033368200063705444,0.9967712163925171,1.5178190469741821,0.06827688962221146,0.013436222448945045,1.0507395267486572,1.5351892709732056,-0.1690807342529297,0.03309852257370949
0.3613428473472595,0.3718631863594055,-0.005277231335639954,0.9995440244674683,0.34624388813972473,0.3758328855037689,0.02700497768819332,0.9992778301239014,0.34775882959365845,0.3789016306400299,0.026454228907823563,0.9990683197975159,0.34993672370910645,0.3818923532962799,0.02638186514377594,0.9995176792144775,0.33902987837791443,0.3810185194015503,-0.010702049359679222,0.9994682669639587,0.33530429005622864,0.38850897550582886,-0.011466765776276588,0.9994277954101562,0.33039015531539917,0.3971988558769226,-0.011776793748140335,0.9996869564056396,0.3468215763568878,0.4268697202205658,0.16100172698497772,0.999628484249115,0.3204632103443146,0.45241549611091614,-0.012214118614792824,0.9991298913955688,0.3781985640525818,0.40207982063293457,0.05113966390490532,0.9994837641716003,0.3690198063850403,0.4105762541294098,-0.0025011913385242224,0.999444305896759,0.4751185476779938,0.5116220116615295,0.25371578335762024,0.99980628490448,0.3400494158267975,0.61756831407547,-0.088711217045784,0.9997491240501404,0.5579192042350769,0.44599491357803345,0.4792918264865875,0.6395065784454346,0.26746636629104614,0.4788355827331543,-0.1524190604686737,0.9634386301040649,0.5466217994689941,0.23422935605049133,0.5443305373191833,0.7118826508522034,0.267517626285553,0.2696569561958313,-0.07641229033470154,0.8889360427856445,0.5540189743041992,0.18057726323604584,0.5711576342582703,0.6808505058288574,0.26323288679122925,0.2047257125377655,-0.10601955652236938,0.8247875571250916,0.5380393266677856,0.17804090678691864,0.5145524740219116,0.7032650709152222,0.2684059739112854,0.21118751168251038,-0.08793578296899796,0.8157777190208435,0.5306806564331055,0.20041511952877045,0.5234973430633545,0.7148406505584717,0.27529388666152954,0.239903062582016,-0.07233334332704544,0.8085612058639526,0.6990866661071777,0.8715590834617615,0.11305738985538483,0.997400164604187,0.641730546951294,0.9589593410491943,-0.11340484768152237,0.9979423880577087,0.9208672642707825,0.9375203251838684,0.028983276337385178,0.0902877151966095,0.8718036413192749,1.0400296449661255,-0.29002076387405396,0.1717478483915329,0.9596875905990601,1.3668793439865112,0.10517708212137222,0.00790349766612053,0.9618200063705444,1.4911268949508667,-0.1326310634613037,0.03569237142801285,0.9438549280166626,1.4095629453659058,0.11127911508083344,0.014642566442489624,0.9588589668273926,1.5709822177886963,-0.11444690078496933,0.03348277136683464,0.9882508516311646,1.5268959999084473,0.06287276744842529,0.013601915910840034,1.0451390743255615,1.5373784303665161,-0.16795727610588074,0.03361473232507706
0.36314791440963745,0.37326428294181824,0.008496779948472977,0.9995481967926025,0.3475496172904968,0.3759777843952179,0.04356640204787254,0.9992833137512207,0.34909361600875854,0.3789207339286804,0.04306357353925705,0.9990627765655518,0.3512951731681824,0.38182657957077026,0.043019600212574005,0.9995233416557312,0.3394588828086853,0.38196834921836853,0.007904037833213806,0.9994754195213318,0.33548229932785034,0.39008253812789917,0.007109316997230053,0.9994287490844727,0.33046475052833557,0.3997501730918884,0.006759488023817539,0.999688982963562,0.3479383885860443,0.42681431770324707,0.18763479590415955,0.9996219277381897,0.32114166021347046,0.45314037799835205,0.025391340255737305,0.999110996723175,0.379244863986969,0.4048319160938263,0.06702987104654312,0.9994665384292603,0.36951616406440735,0.41428083181381226,0.0163554884493351,0.9994201064109802,0.4754831790924072,0.5117492079734802,0.2720712125301361,0.9997915625572205,0.34090396761894226,0.6201058626174927,-0.04749032109975815,0.9997245669364929,0.5579349398612976,0.4537227153778076,0.49363788962364197,0.631615161895752,0.2674427628517151,0.5610936284065247,-0.11895432323217392,0.9584371447563171,0.5424267649650574,0.25400999188423157,0.5743246674537659,0.6919776201248169,0.26750054955482483,0.29082393646240234,-0.028146471828222275,0.8630403876304626,0.5449410080909729,0.20253793895244598,0.6037404537200928,0.6618213057518005,0.2632638216018677,0.23145470023155212,-0.052212923765182495,0.7913057804107666,0.5331426858901978,0.20493733882904053,0.5534303188323975,0.6842452883720398,0.268532931804657,0.2352066934108734,-0.026726052165031433,0.781078577041626,0.5278352499008179,0.22330114245414734,0.5567360520362854,0.6976776719093323,0.2754875421524048,0.25532594323158264,-0.02007140778005123,0.7766757011413574,0.6993803381919861,0.8722297549247742,0.10921402275562286,0.9974508881568909,0.6407164931297302,0.9590307474136353,-0.10965309292078018,0.9979743361473083,0.9223270416259766,0.9422944784164429,0.009487693198025227,0.09133223444223404,0.8420852422714233,1.0794684886932373,-0.28920796513557434,0.16604940593242645,0.963138222694397,1.3744908571243286,0.08040525019168854,0.007820293307304382,0.9645529985427856,1.4890193939208984,-0.14712494611740112,0.03438754007220268,0.9503142237663269,1.4155185222625732,0.08683165907859802,0.014230907894670963,0.9611937403678894,1.5676053762435913,-0.13051913678646088,0.032002802938222885,0.9945589303970337,1.5369805097579956,0.030338328331708908,0.013169418089091778,1.051957130432129,1.5362179279327393,-0.19537845253944397,0.03211718425154686
0.36406999826431274,0.37307268381118774,0.009281588718295097,0.9995372295379639,0.3481411337852478,0.37565430998802185,0.0441405326128006,0.9992688894271851,0.34958958625793457,0.3784829378128052,0.0436377227306366,0.9990301132202148,0.351651668548584,0.38115522265434265,0.04359351843595505,0.9995165467262268,0.33976316452026367,0.38192689418792725,0.008003191091120243,0.9994667768478394,0.33559370040893555,0.3900890052318573,0.007204648107290268,0.9994090795516968,0.3304876387119293,0.39987727999687195,0.006840594112873077,0.9996803998947144,0.3479524552822113,0.42657288908958435,0.18631798028945923,0.9996044039726257,0.3211471438407898,0.45330819487571716,0.021635858342051506,0.9990596771240234,0.37942343950271606,0.40523087978363037,0.06727398931980133,0.9994108080863953,0.36959946155548096,0.41455039381980896,0.01602410525083542,0.9993559122085571,0.4750700891017914,0.5142492651939392,0.2712147831916809,0.9997694492340088,0.3437812328338623,0.6242917776107788,-0.048065729439258575,0.9996931552886963,0.5557492971420288,0.47994714975357056,0.5084006786346436,0.6034533381462097,0.26682108640670776,0.5940170288085938,-0.1057901382446289,0.952576756477356,0.5409430265426636,0.28957483172416687,0.6527556777000427,0.6511361002922058,0.2668845057487488,0.3098296523094177,0.0313606932759285,0.8257933259010315,0.5424498915672302,0.25521937012672424,0.692102313041687,0.6238458752632141,0.26315709948539734,0.24146048724651337,0.016341393813490868,0.7463584542274475,0.5327037572860718,0.24620233476161957,0.6428611874580383,0.6459776163101196,0.26871100068092346,0.2462550699710846,0.04824460670351982,0.7349580526351929,0.5272086262702942,0.2671477198600769,0.6370996236801147,0.66138756275177,0.2754901647567749,0.2668702006340027,0.04336285591125488,0.7329487800598145,0.7002934217453003,0.8735820055007935,0.10569889843463898,0.997467577457428,0.6404006481170654,0.9606925249099731,-0.10615058988332748,0.9979808330535889,0.9228076934814453,0.9455419778823853,-0.010588760487735271,0.0877513661980629,0.8344804048538208,1.107077956199646,-0.2857202887535095,0.15645213425159454,0.9808872938156128,1.3750282526016235,0.05491327494382858,0.007495418656617403,0.9659148454666138,1.4910836219787598,-0.14740793406963348,0.03243917599320412,0.971356987953186,1.415992021560669,0.06092004105448723,0.013594020158052444,0.9623211622238159,1.5680265426635742,-0.1310630738735199,0.030196821317076683,1.0156080722808838,1.5375466346740723,0.004261579364538193,0.012484638020396233,1.0579582452774048,1.5333123207092285,-0.19493436813354492,0.030172061175107956
0.3641417622566223,0.37307217717170715,0.008634082041680813,0.9995241761207581,0.3483204245567322,0.37575942277908325,0.04348929226398468,0.9992507696151733,0.3497731387615204,0.37856021523475647,0.04299823194742203,0.9989948868751526,0.35177165269851685,0.38117721676826477,0.042961739003658295,0.9995059370994568,0.3397940993309021,0.38235703110694885,0.005904162768274546,0.9994564056396484,0.3355615735054016,0.3909544348716736,0.005118366796523333,0.9993897080421448,0.33017104864120483,0.4012795686721802,0.004764633718878031,0.9996721148490906,0.3479529917240143,0.4265657067298889,0.18464593589305878,0.9995834231376648,0.3210000991821289,0.4537280201911926,0.015431985259056091,0.9990202784538269,0.3792565166950226,0.4054080843925476,0.06615181267261505,0.9993473291397095,0.3690994679927826,0.4145900309085846,0.013612817041575909,0.9992913603782654,0.47418707609176636,0.5157887935638428,0.2655439078807831,0.9997392892837524,0.34795254468917847,0.6245228052139282,-0.054542236030101776,0.9996698498725891,0.5506010055541992,0.4993695914745331,0.5031179785728455,0.5708900690078735,0.2656097710132599,0.6185967922210693,-0.1063627377152443,0.9492490887641907,0.5404297113418579,0.3199087679386139,0.6523723006248474,0.6099410057067871,0.2666510045528412,0.3407062888145447,0.03644482046365738,0.7983868718147278,0.5434524416923523,0.26654404401779175,0.6923733949661255,0.586966335773468,0.26334017515182495,0.25915056467056274,0.022772004827857018,0.7112465500831604,0.5328506231307983,0.2569050192832947,0.6403031945228577,0.6088345050811768,0.2696537673473358,0.26532188057899475,0.054966192692518234,0.6986492276191711,0.5271362066268921,0.2818421423435211,0.635400652885437,0.6261241436004639,0.27660468220710754,0.2903765141963959,0.048849210143089294,0.6986342668533325,0.701205313205719,0.8737630248069763,0.1043630987405777,0.9974668025970459,0.6400017738342285,0.9619113206863403,-0.10480926185846329,0.9979982376098633,0.9234564900398254,0.9487975835800171,-0.003758292179554701,0.08428750932216644,0.8312021493911743,1.1200462579727173,-0.28209981322288513,0.14924593269824982,0.9819055795669556,1.3786828517913818,0.05655369907617569,0.007219862658530474,0.9675165414810181,1.498737096786499,-0.14985887706279755,0.030975215137004852,0.97173672914505,1.4193453788757324,0.061968207359313965,0.013100752606987953,0.9652503132820129,1.5752382278442383,-0.13353997468948364,0.028856400400400162,1.0158159732818604,1.5429084300994873,0.010790562257170677,0.011903653852641582,1.0594631433486938,1.53105890750885,-0.1926908791065216,0.028633221983909607
0.36467891931533813,0.37327948212623596,0.02751205861568451,0.9994871616363525,0.3489631414413452,0.3762139678001404,0.0628947764635086,0.9992011189460754,0.35044360160827637,0.37896528840065,0.06238653138279915,0.9989180564880371,0.352349191904068,0.38145866990089417,0.06236335635185242,0.999474048614502,0.33998262882232666,0.3835022747516632,0.02680584229528904,0.9994184374809265,0.3355814814567566,0.3926844298839569,0.025982176885008812,0.999340832233429,0.33014270663261414,0.40354374051094055,0.025594066828489304,0.9996477961540222,0.34807777404785156,0.42658451199531555,0.20393511652946472,0.9995484352111816,0.3210570514202118,0.4541112780570984,0.04267760366201401,0.9989482164382935,0.3792724013328552,0.40628620982170105,0.08489956706762314,0.9992477893829346,0.3691355884075165,0.4152669608592987,0.034333568066358566,0.9991849064826965,0.47363752126693726,0.5186184048652649,0.28727707266807556,0.9997062683105469,0.3493083715438843,0.6245335340499878,-0.029286453500390053,0.9996523261070251,0.5506647825241089,0.5511224269866943,0.5426522493362427,0.5351327657699585,0.26424166560173035,0.6310085654258728,-0.05759768933057785,0.947489857673645,0.5440200567245483,0.3995753824710846,0.7015193700790405,0.5702258944511414,0.26666492223739624,0.3495956063270569,0.11299382150173187,0.7857643365859985,0.5659734606742859,0.39295658469200134,0.7436011433601379,0.5522860288619995,0.26337042450904846,0.2718411684036255,0.10395622253417969,0.6923258900642395,0.5353088974952698,0.339275985956192,0.692782998085022,0.5736852884292603,0.27109140157699585,0.2776849865913391,0.13860055804252625,0.6785387992858887,0.5613853931427002,0.3862651288509369,0.6857636570930481,0.5918940901756287,0.2782684862613678,0.3020348846912384,0.12790045142173767,0.6798198223114014,0.7012280225753784,0.8758440017700195,0.10387875884771347,0.9974228143692017,0.6395825147628784,0.9642443060874939,-0.10433246195316315,0.9979928135871887,0.9236491918563843,0.9549990892410278,0.00016523500380571932,0.08195264637470245,0.8302828073501587,1.1243959665298462,-0.2682530879974365,0.14368221163749695,0.9821593165397644,1.3855173587799072,0.0493713915348053,0.0070831142365932465,0.965782642364502,1.5024787187576294,-0.15554219484329224,0.030006442219018936,0.9721455574035645,1.4261447191238403,0.05314602330327034,0.012804374098777771,0.9667916297912598,1.5798009634017944,-0.14057478308677673,0.0280388705432415,1.015852689743042,1.553454041481018,0.0016764623578637838,0.01154666393995285,1.057003140449524,1.5294431447982788,-0.19929850101470947,0.027626322582364082
0.3653221130371094,0.37418314814567566,0.07646889984607697,0.9994726181030273,0.3503337502479553,0.3762287199497223,0.11450153589248657,0.9991819858551025,0.35187017917633057,0.3789064586162567,0.1140173077583313,0.998874843120575,0.35376495122909546,0.3811163902282715,0.11401840299367905,0.999457061290741,0.3409399390220642,0.3837677836418152,0.07879236340522766,0.9994113445281982,0.3361237943172455,0.39296552538871765,0.0779619887471199,0.9993274211883545,0.33029496669769287,0.40386492013931274,0.07758312672376633,0.9996440410614014,0.348889023065567,0.42574530839920044,0.25992774963378906,0.9995220899581909,0.3211393356323242,0.45413681864738464,0.09963683038949966,0.9989325404167175,0.37953832745552063,0.4068650007247925,0.13461269438266754,0.9992076754570007,0.3693355917930603,0.4154622256755829,0.08404483646154404,0.9991547465324402,0.4736555218696594,0.5185669660568237,0.33979687094688416,0.9996781945228577,0.34929656982421875,0.6244848370552063,0.030469542369246483,0.9996542930603027,0.5521734952926636,0.533098578453064,0.5965232253074646,0.5087960958480835,0.2642650306224823,0.6395015120506287,0.010413928888738155,0.9457880854606628,0.5425233840942383,0.3564053773880005,0.7587081789970398,0.5454602241516113,0.2667244076728821,0.3495795428752899,0.18136659264564514,0.7828050851821899,0.5537941455841064,0.32257744669914246,0.8033798933029175,0.5294967293739319,0.2633838951587677,0.27702194452285767,0.17383326590061188,0.6842696070671082,0.531893789768219,0.30301111936569214,0.7554441690444946,0.5503959059715271,0.27144888043403625,0.27901124954223633,0.2111624777317047,0.6691996455192566,0.5430392026901245,0.3309924900531769,0.7444407939910889,0.5692591071128845,0.2792710065841675,0.3029899001121521,0.19728264212608337,0.6705267429351807,0.7003304362297058,0.8758420348167419,0.10042281448841095,0.9973224997520447,0.636478066444397,0.9645004868507385,-0.10092516988515854,0.9979454874992371,0.9236925840377808,0.9567614197731018,0.002553339581936598,0.07728780806064606,0.8287438154220581,1.1378270387649536,-0.23729674518108368,0.13437716662883759,0.9990706443786621,1.3920941352844238,0.04251483827829361,0.006643373053520918,0.9693695306777954,1.500754952430725,-0.14348472654819489,0.02804063819348812,0.9926252365112305,1.4331223964691162,0.04586050659418106,0.01204188633710146,0.9755536913871765,1.577606201171875,-0.13209614157676697,0.026432055979967117,1.0319039821624756,1.5607638359069824,-0.008473126217722893,0.010786495171487331,1.0601783990859985,1.5269049406051636,-0.1967702955007553,0.025772400200366974
0.36773788928985596,0.37545403838157654,0.06102053076028824,0.9994494915008545,0.35252144932746887,0.37613895535469055,0.0959547758102417,0.9991539120674133,0.35425788164138794,0.3783529996871948,0.09545264393091202,0.9988305568695068,0.3563631474971771,0.37982988357543945,0.09555377066135406,0.9994377493858337,0.34199875593185425,0.38391032814979553,0.07703135162591934,0.9993902444839478,0.3367135524749756,0.3931097388267517,0.07626142352819443,0.9993017315864563,0.3305360674858093,0.40398117899894714,0.07580097019672394,0.9996338486671448,0.35088419914245605,0.4233856201171875,0.22705169022083282,0.9994952082633972,0.3212267756462097,0.45400291681289673,0.06717691570520401,0.9988939762115479,0.3808484375476837,0.4078511893749237,0.11457344144582748,0.9991543889045715,0.37078455090522766,0.41694018244743347,0.0803559422492981,0.9991059899330139,0.4725450873374939,0.5212739706039429,0.2825564742088318,0.9996641874313354,0.3492579460144043,0.6230019330978394,-0.005987195763736963,0.9996607899665833,0.5641254186630249,0.6020530462265015,0.5069729089736938,0.4737766683101654,0.2642671763896942,0.6592113971710205,-0.03436867892742157,0.9473037123680115,0.5974855422973633,0.56484055519104,0.6307247281074524,0.5050733089447021,0.2666471600532532,0.34838950634002686,0.10461944341659546,0.7900915145874023,0.6064838767051697,0.5608393549919128,0.6655309200286865,0.49349886178970337,0.26315560936927795,0.27864012122154236,0.07924012839794159,0.6898588538169861,0.6021240949630737,0.5318540930747986,0.6260620951652527,0.5135534405708313,0.2715228199958801,0.2796388864517212,0.09839999675750732,0.6743462681770325,0.5987948179244995,0.539225697517395,0.6213176250457764,0.5321505665779114,0.2794022262096405,0.3033289313316345,0.10604830831289291,0.6746791005134583,0.698654294013977,0.8758111596107483,0.09216688573360443,0.9972400665283203,0.6354961395263672,0.9654521346092224,-0.0926826149225235,0.9979380369186401,0.9238564372062683,0.9572173953056335,-0.0003046158526558429,0.07501866668462753,0.8318592309951782,1.1301746368408203,-0.21344661712646484,0.12765328586101532,1.0030066967010498,1.3852790594100952,0.08526001125574112,0.006492256186902523,0.9704408645629883,1.4656579494476318,-0.05235866829752922,0.026601014658808708,0.9987208247184753,1.425398588180542,0.09620578587055206,0.011679594404995441,0.979434609413147,1.5329883098602295,-0.0313352607190609,0.02521052397787571,1.0339491367340088,1.5417906045913696,0.06056138128042221,0.010421446524560452,1.0572466850280762,1.4913684129714966,-0.06804466992616653,0.02453969232738018
0.3684924244880676,0.3751266598701477,0.03388040140271187,0.9992861747741699,0.3531314730644226,0.3748604655265808,0.06933815777301788,0.9989058971405029,0.3548632264137268,0.37647178769111633,0.06882525235414505,0.9984939098358154,0.356955349445343,0.37735515832901,0.06887423247098923,0.9992771148681641,0.3424852788448334,0.38340309262275696,0.045716267079114914,0.9992109537124634,0.3371170163154602,0.3926388621330261,0.04491322860121727,0.9991097450256348,0.33091700077056885,0.40347403287887573,0.04436572268605232,0.9995428323745728,0.3510696291923523,0.4215143322944641,0.204289510846138,0.9993430972099304,0.32127782702445984,0.4537104368209839,0.06504799425601959,0.9986493587493896,0.38152775168418884,0.4078366458415985,0.08968494832515717,0.998836874961853,0.37180930376052856,0.41692543029785156,0.05295195430517197,0.998807966709137,0.4713318347930908,0.5252514481544495,0.2674403786659241,0.9995949268341064,0.34945768117904663,0.6229493618011475,-0.01141214556992054,0.999642014503479,0.577174186706543,0.6448304057121277,0.497072696685791,0.4354666769504547,0.26290762424468994,0.665024995803833,-0.06484437733888626,0.9492821097373962,0.6167157292366028,0.6575627326965332,0.6169642210006714,0.46044832468032837,0.26689818501472473,0.3563322424888611,0.052600882947444916,0.7974763512611389,0.6449229121208191,0.6749193072319031,0.6490206122398376,0.45208701491355896,0.263256698846817,0.2879003882408142,0.029855530709028244,0.6957146525382996,0.6417376399040222,0.645876944065094,0.6074763536453247,0.47089311480522156,0.2724098563194275,0.28832343220710754,0.0590037927031517,0.6797077059745789,0.6339886784553528,0.6451353430747986,0.6068140864372253,0.48871728777885437,0.2804873287677765,0.3118153214454651,0.06176584213972092,0.6784960627555847,0.6987635493278503,0.8763547539710999,0.0908898189663887,0.9971042275428772,0.6355721354484558,0.967787504196167,-0.09134282171726227,0.9979110360145569,0.9244813919067383,0.9573121666908264,-0.0023313076235353947,0.07310865819454193,0.8361473083496094,1.12845778465271,-0.22713693976402283,0.12360518425703049,1.0093069076538086,1.3858932256698608,0.08517982065677643,0.00642863055691123,0.9809426069259644,1.4566255807876587,-0.0689699649810791,0.025433916598558426,1.0048766136169434,1.4259415864944458,0.0959738940000534,0.011420730501413345,0.9908193349838257,1.521851658821106,-0.04709810018539429,0.024242695420980453,1.0410808324813843,1.5432032346725464,0.059910863637924194,0.010095261968672276,1.061820149421692,1.4808120727539062,-0.09082098305225372,0.023402292281389236
0.3684675693511963,0.37780651450157166,0.06743470579385757,0.999292254447937,0.35380613803863525,0.37489959597587585,0.10135160386562347,0.9989157319068909,0.3559224009513855,0.37631338834762573,0.10087396949529648,0.9984991550445557,0.35836708545684814,0.3766575753688812,0.10088813304901123,0.9992789626121521,0.34256264567375183,0.3843180239200592,0.06802354753017426,0.9992210865020752,0.33712902665138245,0.39370325207710266,0.06720161437988281,0.9991192817687988,0.3309016227722168,0.40461838245391846,0.0667886957526207,0.9995481967926025,0.3526882231235504,0.4191291034221649,0.2363336831331253,0.9993436932563782,0.3212706446647644,0.45367342233657837,0.07970164716243744,0.9986724853515625,0.3815726339817047,0.40885108709335327,0.12324446439743042,0.9988438487052917,0.37180787324905396,0.4194554090499878,0.07522740215063095,0.9988225102424622,0.470926433801651,0.5286032557487488,0.31865328550338745,0.9995822906494141,0.34934887290000916,0.6226434707641602,0.013342296704649925,0.999653160572052,0.5763427019119263,0.6190392374992371,0.5683373212814331,0.41492724418640137,0.26109665632247925,0.6738543510437012,-0.01724228821694851,0.9498104453086853,0.5800453424453735,0.5333338975906372,0.7226384282112122,0.4453423023223877,0.26690617203712463,0.366594135761261,0.14286646246910095,0.8021818995475769,0.5944308638572693,0.524980902671814,0.7659350633621216,0.4394890367984772,0.2629103660583496,0.29617840051651,0.13627687096595764,0.6987631916999817,0.5629975199699402,0.6000841856002808,0.724031388759613,0.4574962258338928,0.2724359631538391,0.29361221194267273,0.17736250162124634,0.6817789077758789,0.5633580684661865,0.5215370655059814,0.7115371227264404,0.47487860918045044,0.28066128492355347,0.3161447048187256,0.16082823276519775,0.6803873777389526,0.6986584067344666,0.8760249614715576,0.09190195053815842,0.996972918510437,0.6356381773948669,0.9674435257911682,-0.09235188364982605,0.9978461861610413,0.9248937368392944,0.9580658674240112,-0.001683981390669942,0.07005095481872559,0.8369988203048706,1.1475237607955933,-0.21590463817119598,0.11746210604906082,1.0135252475738525,1.4046738147735596,0.029946664348244667,0.006177844014018774,0.9834680557250977,1.4665744304656982,-0.08162685483694077,0.024120386689901352,1.0092941522598267,1.4473042488098145,0.031418584287166595,0.010988075286149979,0.9928097724914551,1.533396601676941,-0.061231452971696854,0.023389415815472603,1.046242117881775,1.5707266330718994,-0.020446229726076126,0.009626230224967003,1.065095067024231,1.484368085861206,-0.1092853918671608,0.02213210240006447
0.3689662218093872,0.37859898805618286,0.055960215628147125,0.9992929697036743,0.3544730246067047,0.3749274015426636,0.0896061360836029,0.998918354511261,0.3567582070827484,0.3761610686779022,0.08911328762769699,0.9984967708587646,0.3593502640724182,0.3760907053947449,0.08910942077636719,0.9992811679840088,0.342875212430954,0.38552993535995483,0.054335564374923706,0.9992205500602722,0.3373986780643463,0.3952532410621643,0.05352623388171196,0.9991121888160706,0.33127570152282715,0.4062228798866272,0.05313149839639664,0.9995442032814026,0.3545237183570862,0.4179483950138092,0.22955048084259033,0.9993438720703125,0.3227914273738861,0.4536765515804291,0.07237493991851807,0.9986606240272522,0.3825719654560089,0.4087749123573303,0.11189979314804077,0.9988515973091125,0.372876912355423,0.4198746085166931,0.06149768829345703,0.9988259077072144,0.4709470272064209,0.5288220047950745,0.30898159742355347,0.9995802044868469,0.3501807749271393,0.6206977963447571,-0.00410847831517458,0.9996559619903564,0.5755992531776428,0.5978792309761047,0.5642144083976746,0.4023147225379944,0.2573452293872833,0.6815460920333862,-0.04648137837648392,0.9497100114822388,0.5578367710113525,0.45478448271751404,0.7327135801315308,0.44684943556785583,0.26610857248306274,0.39051902294158936,0.09714758396148682,0.8004429936408997,0.5600019693374634,0.42410892248153687,0.778765857219696,0.44149264693260193,0.2621452808380127,0.3218535780906677,0.08904378861188889,0.6934451460838318,0.5409358739852905,0.4421902596950531,0.7307202219963074,0.45961421728134155,0.2724645733833313,0.3131747543811798,0.12670710682868958,0.6757635474205017,0.5399930477142334,0.43719711899757385,0.7189978957176208,0.47610220313072205,0.28066617250442505,0.3331277072429657,0.11292896419763565,0.6748222708702087,0.6995423436164856,0.8760064244270325,0.09211906790733337,0.9967549443244934,0.6372262239456177,0.967039167881012,-0.09258194267749786,0.9976853132247925,0.9249431490898132,0.9601256251335144,-0.009478721767663956,0.06593391299247742,0.8362854719161987,1.1556663513183594,-0.21032238006591797,0.10951191186904907,1.0137436389923096,1.4172507524490356,-0.01829855889081955,0.0058357203379273415,0.9833638072013855,1.4877336025238037,-0.08668752759695053,0.022595727816224098,1.0088841915130615,1.4618430137634277,-0.019780080765485764,0.010422813706099987,0.9925239682197571,1.5605653524398804,-0.06419794261455536,0.022283107042312622,1.0478227138519287,1.5851399898529053,-0.06819050014019012,0.009074250236153603,1.0647590160369873,1.4981292486190796,-0.11730571836233139,0.02076493203639984
0.37130242586135864,0.3782974183559418,0.02516539767384529,0.9993311762809753,0.3560536205768585,0.37393566966056824,0.05508425831794739,0.9989757537841797,0.3582732677459717,0.3745317757129669,0.054594945162534714,0.9985741972923279,0.36081773042678833,0.3739277720451355,0.054566748440265656,0.9993189573287964,0.3444829285144806,0.38521257042884827,0.017177140340209007,0.9992623329162598,0.33896487951278687,0.3949946165084839,0.01635318621993065,0.9991576075553894,0.3328726291656494,0.4060317575931549,0.01597907766699791,0.9995667934417725,0.3554590344429016,0.4160012900829315,0.1901034414768219,0.9993782639503479,0.32342058420181274,0.4534176290035248,0.01961289718747139,0.9987269043922424,0.3851168155670166,0.4073653817176819,0.08152887970209122,0.9989184737205505,0.3756139874458313,0.4196564555168152,0.02796313166618347,0.9988954067230225,0.470889151096344,0.5311489701271057,0.28465256094932556,0.9995956420898438,0.35060960054397583,0.6201558113098145,-0.02279912680387497,0.9996705055236816,0.5740500688552856,0.5919302105903625,0.5507854223251343,0.4087451100349426,0.2558572292327881,0.6870905756950378,-0.08657064288854599,0.9512943625450134,0.5476931929588318,0.39005011320114136,0.6973327398300171,0.46975573897361755,0.26599279046058655,0.38919347524642944,0.021363815292716026,0.8074575066566467,0.5469169020652771,0.34474122524261475,0.7365447878837585,0.4624529480934143,0.26122990250587463,0.32158157229423523,0.01465198677033186,0.6997512578964233,0.5322272181510925,0.34601789712905884,0.6865395307540894,0.4801919460296631,0.27240005135536194,0.31254351139068604,0.056022725999355316,0.6818175315856934,0.5303002595901489,0.35149139165878296,0.6811244487762451,0.49503809213638306,0.280669629573822,0.33170285820961,0.038242679089307785,0.6809046268463135,0.699552595615387,0.8761445879936218,0.0924416035413742,0.9965640306472778,0.6372483372688293,0.9662938714027405,-0.09290476143360138,0.9975692629814148,0.925385594367981,0.9614474773406982,-0.0072720409370958805,0.06370798498392105,0.8337937593460083,1.1490647792816162,-0.22165219485759735,0.10439685732126236,1.0096933841705322,1.4239447116851807,0.012391733005642891,0.005612766835838556,0.9801760911941528,1.5074169635772705,-0.11616067588329315,0.021608226001262665,1.001643180847168,1.4685070514678955,0.01413935236632824,0.010061285458505154,0.9864943623542786,1.5875473022460938,-0.09848476201295853,0.021513842046260834,1.0399593114852905,1.5934488773345947,-0.034853242337703705,0.008695959113538265,1.064027190208435,1.5183796882629395,-0.14353041350841522,0.019864516332745552
0.37154364585876465,0.3782784342765808,-0.005161144770681858,0.9993763566017151,0.3563010096549988,0.3734605014324188,0.024334395304322243,0.9990400075912476,0.358564555644989,0.37346264719963074,0.023856984451413155,0.9986632466316223,0.3611313998699188,0.3722700774669647,0.02382833883166313,0.9993605613708496,0.34459739923477173,0.3852132558822632,-0.013791121542453766,0.9993105530738831,0.3390223979949951,0.3950134813785553,-0.014597626402974129,0.9992126226425171,0.3328900933265686,0.40610724687576294,-0.014947807416319847,0.9995941519737244,0.355648398399353,0.41414621472358704,0.15951655805110931,0.9994154572486877,0.3233306109905243,0.45341381430625916,-0.011653030291199684,0.9988070130348206,0.38569843769073486,0.4062463045120239,0.05164498835802078,0.9989936947822571,0.37608009576797485,0.4196379482746124,-0.0021176403388381004,0.9989750385284424,0.47046178579330444,0.532474160194397,0.254439115524292,0.9996160268783569,0.350450336933136,0.621109664440155,-0.04508937895298004,0.999689519405365,0.5730205774307251,0.5852830410003662,0.4796810746192932,0.4248366355895996,0.2551012337207794,0.6978051662445068,-0.12150561809539795,0.953781008720398,0.5432409048080444,0.36460262537002563,0.583819568157196,0.499835342168808,0.2641594707965851,0.4000987708568573,-0.03780538588762283,0.8204399943351746,0.5434097051620483,0.31658121943473816,0.6196807622909546,0.49119773507118225,0.25869250297546387,0.3311440050601959,-0.049827978014945984,0.7167450189590454,0.5280075669288635,0.30939948558807373,0.5761133432388306,0.5083057880401611,0.27080151438713074,0.3217148184776306,-0.012604491785168648,0.6993970274925232,0.5247557759284973,0.3263336718082428,0.5707729458808899,0.521358072757721,0.27974075078964233,0.3429025709629059,-0.02307703159749508,0.6982311010360718,0.6991308927536011,0.8760226964950562,0.09273411333560944,0.9963648319244385,0.637266993522644,0.965758740901947,-0.09319289773702621,0.9974554777145386,0.9254666566848755,0.9624776244163513,-0.006375825963914394,0.06294777244329453,0.8337138295173645,1.148004412651062,-0.22453537583351135,0.10017791390419006,1.0094263553619385,1.4251950979232788,0.023312512785196304,0.005512719973921776,0.9779251217842102,1.505422592163086,-0.11556817591190338,0.020770171657204628,1.0010888576507568,1.469276785850525,0.02565794624388218,0.009844292886555195,0.9829955101013184,1.5851943492889404,-0.09800927340984344,0.020738985389471054,1.0360486507415771,1.5924159288406372,-0.021722007542848587,0.008476569317281246,1.060619831085205,1.5180732011795044,-0.14230230450630188,0.019091855734586716
0.37087082862854004,0.38195762038230896,-0.0027300433721393347,0.9994112253189087,0.3562881052494049,0.37566494941711426,0.027986470609903336,0.9990899562835693,0.3585279881954193,0.37473785877227783,0.027509575709700584,0.9987302422523499,0.3611307144165039,0.37293678522109985,0.027483120560646057,0.9993928670883179,0.34420254826545715,0.3893214762210846,-0.009004877880215645,0.9993479251861572,0.3384084701538086,0.3994571566581726,-0.009819181635975838,0.9992539882659912,0.33203181624412537,0.41083937883377075,-0.010179535485804081,0.9996148943901062,0.35601890087127686,0.4141864776611328,0.1639706790447235,0.9994440674781799,0.3231698274612427,0.45475780963897705,-0.002918596612289548,0.9988692402839661,0.38540226221084595,0.4073182940483093,0.05381059646606445,0.9990553855895996,0.3755628764629364,0.42289823293685913,0.0015870729694142938,0.9990391135215759,0.4717995226383209,0.5338027477264404,0.2574077248573303,0.9996265769004822,0.3505982458591461,0.6219952702522278,-0.04485180601477623,0.9997029304504395,0.5730118751525879,0.582379937171936,0.4804014265537262,0.44229385256767273,0.25265151262283325,0.7011897563934326,-0.11775869131088257,0.9561002254486084,0.5416541695594788,0.3521556854248047,0.5885339975357056,0.5281193852424622,0.26334524154663086,0.4089379608631134,-0.017345253378152847,0.8312371969223022,0.5455983281135559,0.2942183315753937,0.6252179145812988,0.5176844596862793,0.25740426778793335,0.33752620220184326,-0.03068598173558712,0.7302088737487793,0.5294603705406189,0.2893896698951721,0.5798584222793579,0.5342206358909607,0.27024778723716736,0.33038222789764404,0.005235363729298115,0.713286817073822,0.5265225172042847,0.3091106414794922,0.5747934579849243,0.5457701086997986,0.27955928444862366,0.35342836380004883,-0.0031716045923531055,0.7120132446289062,0.6991652846336365,0.8761170506477356,0.09279344230890274,0.9962092041969299,0.6374565958976746,0.9645814895629883,-0.09325909614562988,0.9973769783973694,0.9261762499809265,0.9644930362701416,-0.006348637398332357,0.06326943635940552,0.8291671872138977,1.14423406124115,-0.23666703701019287,0.09811418503522873,0.9987581968307495,1.4311765432357788,0.010275034233927727,0.005506809335201979,0.9754586219787598,1.506760835647583,-0.12558527290821075,0.02034648135304451,0.9874774217605591,1.4757351875305176,0.011502504348754883,0.009781149215996265,0.9801368713378906,1.5852864980697632,-0.10882723331451416,0.020365076139569283,1.0220024585723877,1.59852933883667,-0.034431926906108856,0.00838981568813324,1.0591566562652588,1.5249552726745605,-0.15138576924800873,0.018685132265090942
0.37142887711524963,0.3826487362384796,-0.0222821906208992,0.9994494318962097,0.3573639690876007,0.3765350878238678,0.011497890576720238,0.9991495609283447,0.359602153301239,0.3754914104938507,0.011013157665729523,0.9988117218017578,0.362215131521225,0.373611181974411,0.010996350087225437,0.9994315505027771,0.3454289436340332,0.39012354612350464,-0.0268913172185421,0.9993909001350403,0.3395210802555084,0.40008026361465454,-0.02770574390888214,0.9993017315864563,0.3329189121723175,0.41131049394607544,-0.02807316556572914,0.9996386170387268,0.35683372616767883,0.4144165515899658,0.15888962149620056,0.999478816986084,0.3232826888561249,0.4552449584007263,-0.013101289980113506,0.9989404082298279,0.3856615126132965,0.40768274664878845,0.03872792795300484,0.9991157650947571,0.3758811056613922,0.42341846227645874,-0.015335002914071083,0.9991010427474976,0.47189706563949585,0.5355425477027893,0.25869521498680115,0.9996320605278015,0.35091572999954224,0.622654914855957,-0.04934756085276604,0.9997102618217468,0.5728422403335571,0.5832876563072205,0.48592525720596313,0.4502761662006378,0.2512667775154114,0.7117041945457458,-0.1133362203836441,0.9580553770065308,0.5410885810852051,0.3532845079898834,0.5999293327331543,0.5496073365211487,0.26336565613746643,0.41309356689453125,-0.01613425649702549,0.839726984500885,0.5445934534072876,0.2998831272125244,0.6373468041419983,0.5382925868034363,0.2569083571434021,0.3429102897644043,-0.018895050510764122,0.7400458455085754,0.5297483205795288,0.2905302345752716,0.5915089249610901,0.5544053316116333,0.2699669897556305,0.33753812313079834,0.020782122388482094,0.7231941223144531,0.5268361568450928,0.31255361437797546,0.5860216617584229,0.5646036267280579,0.27956148982048035,0.36180415749549866,0.002268487587571144,0.721784770488739,0.6996344923973083,0.8770880699157715,0.09296318143606186,0.9960493445396423,0.6382933855056763,0.9649620652198792,-0.09342767298221588,0.9972761273384094,0.9264329671859741,0.9666256308555603,-0.005110620986670256,0.06523927301168442,0.8275439143180847,1.1593515872955322,-0.2292162925004959,0.09729070961475372,0.9941995739936829,1.4367926120758057,0.0037531189154833555,0.005738244391977787,0.972244918346405,1.517139196395874,-0.10874120891094208,0.020357118919491768,0.9833216667175293,1.4823994636535645,0.003980136476457119,0.010106449946761131,0.9764400720596313,1.593963623046875,-0.09178189933300018,0.020451897755265236,1.0173331499099731,1.6011452674865723,-0.04725328087806702,0.008635018020868301,1.0562279224395752,1.5341742038726807,-0.1369328796863556,0.018632682040333748
0.37323838472366333,0.3842929005622864,-0.025008106604218483,0.9994878172874451,0.35951629281044006,0.37787631154060364,0.007659188471734524,0.9992099404335022,0.3613942563533783,0.3769351840019226,0.007156890816986561,0.9988955855369568,0.36373353004455566,0.3752036690711975,0.0071348873898386955,0.9994716048240662,0.3484939634799957,0.3908862769603729,-0.03090343438088894,0.9994337558746338,0.34229975938796997,0.40065935254096985,-0.03171255439519882,0.9993496537208557,0.33521148562431335,0.41165927052497864,-0.032075949013233185,0.9996625185012817,0.3575223982334137,0.41485342383384705,0.15406838059425354,0.9995154142379761,0.3233349323272705,0.45560184121131897,-0.018885983154177666,0.9990109801292419,0.386505663394928,0.4094143211841583,0.03573525696992874,0.9991771578788757,0.37698739767074585,0.4254833161830902,-0.01853376254439354,0.9991630911827087,0.47189053893089294,0.5359427332878113,0.2513982653617859,0.9996463060379028,0.35090261697769165,0.6252647042274475,-0.050597064197063446,0.9997184872627258,0.5724066495895386,0.5829246044158936,0.48454833030700684,0.4632932245731354,0.25087255239486694,0.7253618836402893,-0.11259052902460098,0.9596412181854248,0.5404147505760193,0.3546234667301178,0.6034311056137085,0.5721057057380676,0.2633987069129944,0.4341968595981598,-0.009886032901704311,0.8451790809631348,0.544366717338562,0.30383557081222534,0.6407691836357117,0.559312105178833,0.2569766640663147,0.36458534002304077,-0.01657269150018692,0.7455070614814758,0.5307813882827759,0.29241278767585754,0.5944766402244568,0.5751827955245972,0.26989635825157166,0.36086565256118774,0.020234139636158943,0.7286466956138611,0.5277653932571411,0.31537044048309326,0.5892499685287476,0.5841535925865173,0.27948540449142456,0.3852096498012543,0.005896993912756443,0.7273698449134827,0.699643075466156,0.8765168190002441,0.09244369715452194,0.9960261583328247,0.6384575366973877,0.9640924334526062,-0.09291236847639084,0.9972493052482605,0.9265640377998352,0.9675114154815674,-0.006437669508159161,0.06965593993663788,0.8264878988265991,1.1622164249420166,-0.23338381946086884,0.09923499077558517,0.9913963079452515,1.4354737997055054,-0.014288840815424919,0.006142546888440847,0.971666693687439,1.5208579301834106,-0.1250813603401184,0.020887013524770737,0.9806246757507324,1.4813066720962524,-0.01558676641434431,0.01066344790160656,0.9757282137870789,1.5965245962142944,-0.10942033678293228,0.020992346107959747,1.0158488750457764,1.599993348121643,-0.066420778632164,0.009119505994021893,1.0562001466751099,1.5408227443695068,-0.1547795683145523,0.019069267436861992
0.3765139877796173,0.38521865010261536,-0.02981814369559288,0.9995171427726746,0.3619037866592407,0.3781028389930725,0.002268626820296049,0.9992567896842957,0.36334842443466187,0.3772498369216919,0.0017579423729330301,0.9989607334136963,0.3653596341609955,0.37563079595565796,0.0017303957138210535,0.9995024800300598,0.3520374298095703,0.39086002111434937,-0.03597228229045868,0.9994671940803528,0.3461276888847351,0.40058237314224243,-0.0367729589343071,0.999386727809906,0.3391576409339905,0.41136428713798523,-0.037138599902391434,0.9996805787086487,0.35795968770980835,0.4149162173271179,0.14748023450374603,0.9995444416999817,0.32374125719070435,0.4556137025356293,-0.023750945925712585,0.9990665912628174,0.3883560597896576,0.4107074439525604,0.030636096373200417,0.9992213249206543,0.37927311658859253,0.4264383614063263,-0.023123828694224358,0.9992084503173828,0.4715377688407898,0.535883903503418,0.24104833602905273,0.9996548891067505,0.3513135612010956,0.6272963881492615,-0.053862541913986206,0.9997209310531616,0.5674724578857422,0.5815977454185486,0.4811347424983978,0.4673021733760834,0.25096794962882996,0.7342478632926941,-0.12060234695672989,0.9604560136795044,0.5368963479995728,0.35482245683670044,0.6048351526260376,0.5822138786315918,0.2634311616420746,0.45511022210121155,-0.013572338037192822,0.846810519695282,0.541745126247406,0.3063707947731018,0.6456248164176941,0.5688581466674805,0.2570856213569641,0.383829802274704,-0.020118998363614082,0.7453843951225281,0.5303755402565002,0.294413685798645,0.6016771197319031,0.5846176743507385,0.2698978781700134,0.38168177008628845,0.016212625429034233,0.728143036365509,0.5268040895462036,0.3163663148880005,0.5922843813896179,0.5930261015892029,0.27938175201416016,0.4079180955886841,0.0015847146278247237,0.7273415327072144,0.6997163891792297,0.8765102028846741,0.09160717576742172,0.9960481524467468,0.6392479538917542,0.9635536074638367,-0.0920834019780159,0.9972524642944336,0.9273576736450195,0.9680508375167847,-0.014330985955893993,0.07524078339338303,0.8250657320022583,1.1661839485168457,-0.2402011603116989,0.10231712460517883,0.981611430644989,1.4350281953811646,-0.02606487274169922,0.0067049250937998295,0.9693762063980103,1.5241951942443848,-0.14951834082603455,0.022108394652605057,0.9690667390823364,1.4806915521621704,-0.02687951549887657,0.01149195060133934,0.9731374979019165,1.5989906787872314,-0.13501372933387756,0.022170674055814743,1.0039935111999512,1.6039115190505981,-0.07256241142749786,0.009775725193321705,1.0542980432510376,1.5477813482284546,-0.17754943668842316,0.020052902400493622
0.380092591047287,0.38549572229385376,-0.02930864319205284,0.9995492696762085,0.3650287389755249,0.37808942794799805,0.0013537227641791105,0.9993065595626831,0.3661942780017853,0.3772442638874054,0.0008472882327623665,0.9990305304527283,0.36793309450149536,0.37564295530319214,0.0008275571162812412,0.9995355010032654,0.3555062413215637,0.39047589898109436,-0.036109037697315216,0.9995021820068359,0.3497999310493469,0.39937931299209595,-0.03690096735954285,0.9994261264801025,0.34319815039634705,0.4087831676006317,-0.037259962409734726,0.9996999502182007,0.35879653692245483,0.41483235359191895,0.14179342985153198,0.9995751976966858,0.32435423135757446,0.4542851746082306,-0.02621234953403473,0.9991242289543152,0.39059627056121826,0.4112715721130371,0.029716361314058304,0.9992731213569641,0.3815867006778717,0.4268239438533783,-0.02324323169887066,0.9992604851722717,0.47140949964523315,0.5347961783409119,0.23046079277992249,0.9996718764305115,0.351248562335968,0.6278250217437744,-0.052930571138858795,0.9997289180755615,0.5670737624168396,0.5734084844589233,0.463437557220459,0.49255263805389404,0.25123074650764465,0.7434453964233398,-0.11737038195133209,0.9619704484939575,0.5319031476974487,0.35455235838890076,0.5895870327949524,0.6065869331359863,0.2634560167789459,0.46874117851257324,-0.0023332182317972183,0.8515452742576599,0.5341120958328247,0.3081170916557312,0.6282833814620972,0.5907500386238098,0.2571837306022644,0.39143282175064087,-0.003014781977981329,0.749798059463501,0.5203884840011597,0.2955174744129181,0.5877746343612671,0.6058515310287476,0.2700401842594147,0.3897338807582855,0.032294861972332,0.732413649559021,0.518364667892456,0.3187194764614105,0.5784887075424194,0.6129785776138306,0.27940359711647034,0.417359322309494,0.012984083965420723,0.7318412661552429,0.6996117234230042,0.8756362199783325,0.08879870176315308,0.9960359930992126,0.6395703554153442,0.9607753157615662,-0.08929828554391861,0.9971969127655029,0.9272619485855103,0.9681562781333923,-0.016020869836211205,0.083187036216259,0.8236686587333679,1.1649205684661865,-0.23242902755737305,0.10576438158750534,0.9832037091255188,1.4336129426956177,-0.05343863368034363,0.007581977639347315,0.9686790704727173,1.5223963260650635,-0.1446106731891632,0.023183196783065796,0.9738315343856812,1.4790935516357422,-0.05793782323598862,0.012595117092132568,0.9726606607437134,1.597252368927002,-0.1308351755142212,0.023120149970054626,1.004570722579956,1.6017378568649292,-0.11428511142730713,0.010807890444993973,1.0539305210113525,1.5453507900238037,-0.17695066332817078,0.020938800647854805
0.3828015923500061,0.3856378197669983,-0.024723952636122704,0.9995696544647217,0.3669698238372803,0.3783224821090698,0.006571558304131031,0.9993389248847961,0.3678746521472931,0.37753134965896606,0.006063752342015505,0.9990780353546143,0.36934134364128113,0.3760014772415161,0.006040726788341999,0.9995582103729248,0.3580673933029175,0.3905125558376312,-0.03092714585363865,0.9995229840278625,0.3527730107307434,0.3993540108203888,-0.03172241151332855,0.9994489550590515,0.34680432081222534,0.40857869386672974,-0.03208468109369278,0.9997102618217468,0.3597344756126404,0.4149673581123352,0.13855282962322235,0.9995982050895691,0.32698655128479004,0.4541008472442627,-0.02823663130402565,0.999157190322876,0.39272552728652954,0.4115789532661438,0.03428275138139725,0.999311625957489,0.3838251233100891,0.42711973190307617,-0.018667811527848244,0.9992967247962952,0.47145405411720276,0.5346412062644958,0.22313514351844788,0.9996882677078247,0.3518919050693512,0.6280784010887146,-0.054289646446704865,0.9997346997261047,0.5660036206245422,0.573270857334137,0.4593375623226166,0.5144822597503662,0.25140151381492615,0.7541871666908264,-0.12008509784936905,0.9630957841873169,0.5308411717414856,0.3556312024593353,0.5921258330345154,0.6275870203971863,0.2634754776954651,0.4770377576351166,-0.010535062290728092,0.8527477383613586,0.5329676866531372,0.30986732244491577,0.6310344934463501,0.6094396114349365,0.257939875125885,0.39895108342170715,-0.01268275361508131,0.748970091342926,0.519950270652771,0.2982065975666046,0.5893984436988831,0.6239975094795227,0.2700643837451935,0.39597901701927185,0.022679287940263748,0.731058657169342,0.5179523229598999,0.31995028257369995,0.5805779695510864,0.6299975514411926,0.2792883515357971,0.42499640583992004,0.004248223267495632,0.7311945557594299,0.6992102861404419,0.8756611347198486,0.08748193830251694,0.9960808753967285,0.6402034759521484,0.9586031436920166,-0.08798680454492569,0.9971895813941956,0.9271858334541321,0.9687706828117371,-0.016036929562687874,0.09104080498218536,0.821465015411377,1.163145899772644,-0.229334756731987,0.11094990372657776,0.9843462705612183,1.4329967498779297,-0.05626893788576126,0.008600713685154915,0.9678007960319519,1.5210905075073242,-0.15024074912071228,0.02510927990078926,0.9749080538749695,1.4781570434570312,-0.061028532683849335,0.013881840743124485,0.9723905324935913,1.5961103439331055,-0.13819973170757294,0.024938708171248436,1.0069873332977295,1.6012030839920044,-0.11264727264642715,0.011997716501355171,1.053090214729309,1.5438854694366455,-0.1819331794977188,0.02249445766210556
0.382722944021225,0.3866175413131714,0.002981767524033785,0.999538004398346,0.36766165494918823,0.37992244958877563,0.02818114124238491,0.9992915391921997,0.3686770796775818,0.3790239095687866,0.027660930529236794,0.9990179538726807,0.3702107071876526,0.3773612082004547,0.027622273191809654,0.9995282292366028,0.35862457752227783,0.39164912700653076,-0.008384213782846928,0.9994844794273376,0.35335445404052734,0.3999759256839752,-0.009194728918373585,0.9994028806686401,0.34730106592178345,0.4087793529033661,-0.00957987830042839,0.9996842741966248,0.36107176542282104,0.41550424695014954,0.13999389111995697,0.9995728731155396,0.32805415987968445,0.4540958106517792,-0.019956594333052635,0.9990900754928589,0.3926886320114136,0.4123825132846832,0.05484170466661453,0.9992719292640686,0.3836182951927185,0.42772239446640015,0.003463641507551074,0.9992558360099792,0.47142520546913147,0.5346642136573792,0.22948288917541504,0.9996864795684814,0.3522743582725525,0.6297646164894104,-0.046297647058963776,0.9997316598892212,0.5660418272018433,0.604415237903595,0.46332430839538574,0.4974116086959839,0.2511015236377716,0.7592301368713379,-0.1159030944108963,0.9615175724029541,0.5319413542747498,0.3783474862575531,0.5955362319946289,0.6183747053146362,0.2643001079559326,0.4861040413379669,-0.003249118570238352,0.8442947864532471,0.5343912243843079,0.327866792678833,0.6341941356658936,0.6025668382644653,0.26232072710990906,0.4090399444103241,-0.002401127712801099,0.7366926670074463,0.5216537714004517,0.32448914647102356,0.5916317701339722,0.6173912286758423,0.27249467372894287,0.4070873558521271,0.03346652537584305,0.7179231643676758,0.5204592943191528,0.3400118947029114,0.5833958387374878,0.6228160858154297,0.28005000948905945,0.4377474784851074,0.012064165435731411,0.7189238667488098,0.6999192833900452,0.8760360479354858,0.08282987773418427,0.9959490299224854,0.6433990001678467,0.9582564234733582,-0.08338187634944916,0.9970723986625671,0.9271926879882812,0.9687604904174805,-0.027677828446030617,0.08655638247728348,0.8256596326828003,1.1625648736953735,-0.16848483681678772,0.10408779978752136,1.0075016021728516,1.430370569229126,-0.08681976795196533,0.00833243876695633,0.9767176508903503,1.5022555589675903,-0.0875440463423729,0.023864533752202988,1.0047104358673096,1.4753210544586182,-0.09368918836116791,0.01351672038435936,0.9846067428588867,1.5745354890823364,-0.0755290687084198,0.024148590862751007,1.0370595455169678,1.5923240184783936,-0.14796830713748932,0.011633539572358131,1.0587613582611084,1.517805814743042,-0.10989193618297577,0.021427633240818977
0.3813336491584778,0.3885648548603058,0.011944643221795559,0.9994346499443054,0.3667648434638977,0.3838461637496948,0.03727533668279648,0.9991494417190552,0.3675209879875183,0.38295063376426697,0.036740101873874664,0.9988363981246948,0.368586003780365,0.3813612759113312,0.03668428957462311,0.9994474053382874,0.3585202097892761,0.39566582441329956,-0.00016130725271068513,0.999358594417572,0.3530767560005188,0.40361979603767395,-0.0009758776286616921,0.9992445111274719,0.3468405604362488,0.4119041860103607,-0.001386423478834331,0.999597430229187,0.36012977361679077,0.4182186424732208,0.14101716876029968,0.9995062947273254,0.32830384373664856,0.45643502473831177,-0.01940564066171646,0.9988368153572083,0.39138680696487427,0.41380783915519714,0.061790697276592255,0.999153733253479,0.38232186436653137,0.42851004004478455,0.009603120386600494,0.9990969896316528,0.47131824493408203,0.5351752638816833,0.23217293620109558,0.9996771216392517,0.35320156812667847,0.6323891282081604,-0.046381767839193344,0.999704897403717,0.5755821466445923,0.6146403551101685,0.4668031334877014,0.475494384765625,0.2520371079444885,0.7621771693229675,-0.11470959335565567,0.9578161835670471,0.5440420508384705,0.4008556306362152,0.6121662855148315,0.6005790829658508,0.2674364745616913,0.495758980512619,0.015393875539302826,0.8201122283935547,0.535335123538971,0.3419850468635559,0.6534826755523682,0.5868428349494934,0.26973938941955566,0.4189414978027344,0.016371319070458412,0.7069144248962402,0.5236653089523315,0.33137017488479614,0.6110173463821411,0.6020671725273132,0.2767512798309326,0.42017391324043274,0.05251447483897209,0.6872273683547974,0.5221932530403137,0.34540680050849915,0.6002734899520874,0.6073724627494812,0.28273236751556396,0.44852569699287415,0.030777033418416977,0.689270555973053,0.7013902068138123,0.8816721439361572,0.08145509660243988,0.9957818984985352,0.6542577147483826,0.9581445455551147,-0.08199198544025421,0.9968743324279785,0.9257560968399048,0.9697235226631165,-0.030115798115730286,0.08107888698577881,0.8344258069992065,1.1613883972167969,-0.12631790339946747,0.09659691154956818,1.0147942304611206,1.4249223470687866,-0.08188573271036148,0.008017664775252342,0.9801831245422363,1.4756802320480347,-0.017643867060542107,0.02247648872435093,1.0143392086029053,1.4698457717895508,-0.08809773623943329,0.013073560781776905,0.9895046949386597,1.5450363159179688,-0.0029284118209034204,0.023199129849672318,1.0500566959381104,1.5734003782272339,-0.14259405434131622,0.011202463880181313,1.0594905614852905,1.4922921657562256,-0.03081021085381508,0.020231403410434723
0.377254456281662,0.39206403493881226,0.03622140735387802,0.9987791776657104,0.3637482523918152,0.3917452394962311,0.061456479132175446,0.9983022809028625,0.3641813099384308,0.3915974795818329,0.0608866885304451,0.9977688193321228,0.3648616671562195,0.3906061053276062,0.06083116680383682,0.9989678859710693,0.3572244346141815,0.40264561772346497,0.022273872047662735,0.9985795617103577,0.3527938723564148,0.4100593030452728,0.021442614495754242,0.9983638525009155,0.3464623689651489,0.4174653887748718,0.020981846377253532,0.9991486072540283,0.3584205210208893,0.4245215058326721,0.15976253151893616,0.9991718530654907,0.3304142355918884,0.458764910697937,-0.009374077431857586,0.997590184211731,0.3865143656730652,0.4178052246570587,0.08229359239339828,0.9984090328216553,0.37901973724365234,0.43115997314453125,0.028419073671102524,0.9981229901313782,0.47143593430519104,0.5375021696090698,0.2337791919708252,0.9996311068534851,0.35773348808288574,0.6328974962234497,-0.05340453237295151,0.9996684193611145,0.5755254626274109,0.6677078008651733,0.5201655626296997,0.4335198998451233,0.25954946875572205,0.7644975185394287,-0.1481747329235077,0.9564568400382996,0.6215799450874329,0.6791492700576782,0.7288210391998291,0.5464387536048889,0.2697586417198181,0.5256538987159729,-0.08143874257802963,0.8077057600021362,0.6357992887496948,0.683979868888855,0.7774196863174438,0.5358275175094604,0.2776908278465271,0.451710045337677,-0.10039754211902618,0.6923084855079651,0.6350150108337402,0.6526780724525452,0.7205631136894226,0.5504408478736877,0.2833996117115021,0.4473773241043091,-0.06294454634189606,0.6713823676109314,0.6288729906082153,0.6537025570869446,0.7124531269073486,0.5562361478805542,0.28432804346084595,0.4737776517868042,-0.06776776909828186,0.670687735080719,0.7045427560806274,0.8864824175834656,0.0823374018073082,0.9957612752914429,0.660408079624176,0.958305299282074,-0.08282527327537537,0.9968945384025574,0.9263646006584167,0.9738749265670776,-0.028274983167648315,0.0758584588766098,0.838341236114502,1.1607481241226196,-0.15606580674648285,0.09351447224617004,1.0190062522888184,1.4185973405838013,-0.06285043060779572,0.0078666303306818,0.9816568493843079,1.4709233045578003,-0.05319232493638992,0.022806266322731972,1.0170693397521973,1.4619969129562378,-0.06802146136760712,0.012901741079986095,0.991915225982666,1.5413432121276855,-0.037303291261196136,0.023756226524710655,1.059022307395935,1.560342788696289,-0.11325468122959137,0.011012960225343704,1.0599020719528198,1.4875974655151367,-0.07487466186285019,0.02046944759786129
0.36481258273124695,0.40468651056289673,0.008754217997193336,0.9987239241600037,0.3575058579444885,0.4007408618927002,0.033963121473789215,0.9982185959815979,0.35923534631729126,0.39973992109298706,0.03345919027924538,0.9976569414138794,0.360819935798645,0.3981459438800812,0.03341680020093918,0.9989109039306641,0.3496254086494446,0.4139596223831177,0.0035226803738623857,0.9985184073448181,0.3465801775455475,0.4214541018009186,0.0026708091609179974,0.9982782006263733,0.3421991467475891,0.42879536747932434,0.0021721289958804846,0.9991007447242737,0.3584166169166565,0.426041841506958,0.1403527557849884,0.9991174340248108,0.33061134815216064,0.4631856381893158,-0.008834351785480976,0.9974883198738098,0.37635737657546997,0.42815321683883667,0.054160356521606445,0.9983788728713989,0.3688511550426483,0.44245341420173645,0.010917087085545063,0.9980909824371338,0.4734346866607666,0.5339998602867126,0.21919751167297363,0.999616265296936,0.36079126596450806,0.6361489295959473,-0.05129004642367363,0.999653697013855,0.576313853263855,0.648131251335144,0.43818673491477966,0.42671018838882446,0.26005974411964417,0.7750436663627625,-0.10727299749851227,0.9559885263442993,0.571714460849762,0.45875680446624756,0.5727728605270386,0.5479885339736938,0.27047768235206604,0.5241753458976746,0.023998677730560303,0.8027533292770386,0.5907259583473206,0.4202699065208435,0.6116849184036255,0.5393165946006775,0.27818578481674194,0.44962260127067566,0.020344436168670654,0.681777834892273,0.5825508236885071,0.413339227437973,0.5672143697738647,0.5542707443237305,0.28440698981285095,0.44501930475234985,0.05872749164700508,0.6599889397621155,0.580541729927063,0.4297162890434265,0.5600069761276245,0.5596942901611328,0.2856750190258026,0.4684235453605652,0.03969328850507736,0.6600100994110107,0.7069293856620789,0.8868536949157715,0.0785992369055748,0.995577871799469,0.6641784906387329,0.9597904682159424,-0.07904985547065735,0.9967549443244934,0.9252976179122925,0.9737049341201782,-0.03715202584862709,0.07236768305301666,0.8403669595718384,1.1599477529525757,-0.142808735370636,0.08882486075162888,1.0208003520965576,1.4129188060760498,-0.06179513782262802,0.007862597703933716,0.9835237264633179,1.4524215459823608,0.003307746257632971,0.02193889208137989,1.0202891826629639,1.4546629190444946,-0.06325029581785202,0.012807877734303474,0.993855357170105,1.514182686805725,0.022267626598477364,0.02316768281161785,1.0587222576141357,1.5573867559432983,-0.10660864412784576,0.010915594175457954,1.0607917308807373,1.4794002771377563,-0.008932039141654968,0.01969738118350506
0.35356050729751587,0.45157894492149353,0.10063572973012924,0.9986200928688049,0.34779980778694153,0.43733328580856323,0.08754444867372513,0.9981728792190552,0.34881100058555603,0.4371335208415985,0.08706261962652206,0.9975799322128296,0.3495854139328003,0.43671920895576477,0.08705079555511475,0.9988457560539246,0.3450974225997925,0.4478217661380768,0.10037015378475189,0.9984925985336304,0.3438902795314789,0.452736496925354,0.09953511506319046,0.9982382655143738,0.34145456552505493,0.4574103057384491,0.09923358261585236,0.9990901350975037,0.3531765043735504,0.45180076360702515,0.07829556614160538,0.9989922046661377,0.3340033292770386,0.4735763669013977,0.11997221410274506,0.9974085092544556,0.36330336332321167,0.48087772727012634,0.10081370174884796,0.9976599812507629,0.3605923056602478,0.4855029582977295,0.11527100950479507,0.997571587562561,0.4235050082206726,0.5736874341964722,0.03936637192964554,0.9993919134140015,0.43146294355392456,0.5817849636077881,0.14534904062747955,0.999473512172699,0.3006283640861511,0.7335795760154724,0.15921342372894287,0.38864973187446594,0.3073919415473938,0.7693857550621033,0.18535590171813965,0.8778908252716064,0.30088773369789124,0.5164069533348083,0.3153349459171295,0.4963430166244507,0.2845696806907654,0.552358865737915,0.2501843273639679,0.7279179692268372,0.30966630578041077,0.49324846267700195,0.3115040957927704,0.4913557469844818,0.29816561937332153,0.5020864009857178,0.24780002236366272,0.6193171739578247,0.32064056396484375,0.4757508635520935,0.2860160768032074,0.5050877332687378,0.2995845675468445,0.4722723364830017,0.24638867378234863,0.5997636914253235,0.32490643858909607,0.4913969337940216,0.3083091378211975,0.5093426704406738,0.2944149374961853,0.49745050072669983,0.24622797966003418,0.6002456545829773,0.6982610821723938,0.9233937859535217,-0.017567245289683342,0.995317280292511,0.6884258389472961,0.9488335251808167,0.016746994107961655,0.9965651035308838,0.9136096835136414,0.9899144768714905,-0.06028813123703003,0.06610798835754395,0.880007266998291,1.0689523220062256,0.04819348454475403,0.08034314960241318,1.0365948677062988,1.3958683013916016,-0.1246265172958374,0.007393051870167255,0.9985100030899048,1.3740668296813965,0.15332773327827454,0.019887205213308334,1.048706293106079,1.4404066801071167,-0.1333674192428589,0.012672190554440022,1.0100317001342773,1.4296793937683105,0.168291836977005,0.021401988342404366,1.0781086683273315,1.501871943473816,-0.17856518924236298,0.01023807656019926,1.0613924264907837,1.4025726318359375,0.1757967621088028,0.017928417772054672
0.3451972007751465,0.49579939246177673,0.0847950428724289,0.9987057447433472,0.34252795577049255,0.47504666447639465,0.07744331657886505,0.9983149766921997,0.3431355357170105,0.47061771154403687,0.07691517472267151,0.9977673888206482,0.3445391058921814,0.4680751860141754,0.07682646811008453,0.9989261627197266,0.34046822786331177,0.48103782534599304,0.08608400076627731,0.9986085295677185,0.3406521677970886,0.48273366689682007,0.08526064455509186,0.9983742833137512,0.33995169401168823,0.4842831790447235,0.08502361923456192,0.9991601705551147,0.3532136082649231,0.4668799042701721,-0.02187878079712391,0.9990583658218384,0.3386020362377167,0.483259916305542,0.12437205016613007,0.9976058602333069,0.35795408487319946,0.5169516801834106,0.0957866758108139,0.9977083206176758,0.3562411963939667,0.5185089707374573,0.10714490711688995,0.9976551532745361,0.3999939560890198,0.6007480025291443,-0.08696980029344559,0.9993475675582886,0.4605017602443695,0.5480042099952698,0.20071807503700256,0.9993631839752197,0.27230578660964966,0.7707810401916504,0.001925719203427434,0.3749545216560364,0.35072222352027893,0.7035250663757324,0.2788311243057251,0.7946532964706421,0.2925518751144409,0.5637314319610596,0.1978635936975479,0.4526660144329071,0.2945186495780945,0.550592839717865,0.28034818172454834,0.6567357182502747,0.2921317219734192,0.51518315076828,0.18506810069084167,0.450862854719162,0.3069133162498474,0.5068467855453491,0.26885920763015747,0.5596877932548523,0.31224098801612854,0.494353711605072,0.15845468640327454,0.46364474296569824,0.3072230815887451,0.4775933623313904,0.2546156346797943,0.5422540903091431,0.31518322229385376,0.5109511017799377,0.1899285465478897,0.46653422713279724,0.30189546942710876,0.5000841021537781,0.26781386137008667,0.5428682565689087,0.697005033493042,0.9527662396430969,-0.07406117022037506,0.9952405691146851,0.7136822938919067,0.9323908686637878,0.0734020546078682,0.9964576363563538,0.9143199920654297,1.0074385404586792,-0.062014389783144,0.0619383342564106,0.9060529470443726,1.0236066579818726,0.14597181975841522,0.07267126441001892,1.0610522031784058,1.3727837800979614,-0.08021872490644455,0.007382547948509455,1.0209335088729858,1.3054945468902588,0.25046420097351074,0.01804463565349579,1.0827889442443848,1.4049134254455566,-0.07819928973913193,0.014562361873686314,1.0361335277557373,1.3515701293945312,0.2631571590900421,0.02000749297440052,1.094956636428833,1.4695836305618286,-0.11883077770471573,0.010087138041853905,1.0666565895080566,1.335428237915039,0.2590629458427429,0.01639566943049431
0.344630628824234,0.47730275988578796,0.07808825373649597,0.9987666010856628,0.34259340167045593,0.46457499265670776,0.06814327090978622,0.9984210133552551,0.3436383008956909,0.4618705213069916,0.06762465089559555,0.9979020357131958,0.34508100152015686,0.45980480313301086,0.06756452471017838,0.9989799857139587,0.33971792459487915,0.4722338914871216,0.08389507979154587,0.9986960291862488,0.33969512581825256,0.475569486618042,0.08310247957706451,0.9984728693962097,0.33918696641921997,0.47868219017982483,0.0828552097082138,0.9992119669914246,0.3531699478626251,0.4668034315109253,0.004949328955262899,0.9990893006324768,0.33924493193626404,0.4859596788883209,0.13374805450439453,0.9977400302886963,0.36103060841560364,0.511934757232666,0.09137479960918427,0.9976747035980225,0.3578926622867584,0.5189275741577148,0.1026868224143982,0.9976716041564941,0.40905579924583435,0.6078014969825745,-0.05848081782460213,0.999226450920105,0.4628717005252838,0.5526635646820068,0.1962461769580841,0.9992360472679138,0.2759077847003937,0.7830567359924316,0.01877099834382534,0.3521067500114441,0.35460296273231506,0.7079262137413025,0.23882313072681427,0.7216553092002869,0.320586621761322,0.6455008387565613,0.19368985295295715,0.40978720784187317,0.3283253610134125,0.6207550764083862,0.23525889217853546,0.5924049019813538,0.32345861196517944,0.6118776202201843,0.1815854012966156,0.4094560742378235,0.33240240812301636,0.598311185836792,0.22102394700050354,0.5054447054862976,0.3436703383922577,0.5944433212280273,0.15409350395202637,0.42121538519859314,0.33679717779159546,0.5676066875457764,0.2099689245223999,0.48988932371139526,0.34522441029548645,0.6051874756813049,0.18565566837787628,0.4233817458152771,0.3309643864631653,0.5841477513313293,0.22427284717559814,0.49064555764198303,0.6971346139907837,0.9579503536224365,-0.06582532823085785,0.9947939515113831,0.7169142365455627,0.9313560724258423,0.0651068314909935,0.9961467385292053,0.9146660566329956,1.0171558856964111,-0.07231871783733368,0.056886181235313416,0.9136382937431335,1.0200196504592896,0.07679203897714615,0.06575559824705124,1.0828355550765991,1.3696329593658447,-0.028014730662107468,0.006940946448594332,1.0354405641555786,1.323971152305603,0.19584283232688904,0.016379738226532936,1.1062166690826416,1.4013268947601318,-0.022652026265859604,0.01411378849297762,1.053589105606079,1.373968243598938,0.20963044464588165,0.01855175942182541,1.1157960891723633,1.4608572721481323,-0.06663145124912262,0.009404454380273819,1.0760866403579712,1.3559057712554932,0.19935786724090576,0.01496630348265171
0.3450932204723358,0.4790404140949249,0.07392445206642151,0.9988300800323486,0.34227028489112854,0.469366192817688,0.059783466160297394,0.9985249638557434,0.34343189001083374,0.4668547213077545,0.05927898734807968,0.9980372786521912,0.34477323293685913,0.4645301401615143,0.059303827583789825,0.9990295767784119,0.3395135700702667,0.47614893317222595,0.07366951555013657,0.998786211013794,0.33944129943847656,0.47874560952186584,0.07286900281906128,0.9985824227333069,0.33919405937194824,0.4777575135231018,0.0726037323474884,0.9992666840553284,0.35305842757225037,0.46842774748802185,-0.029998069629073143,0.9991304278373718,0.340665727853775,0.4867683947086334,0.10429111868143082,0.997901439666748,0.36103183031082153,0.5221694707870483,0.07924090325832367,0.9976702928543091,0.3590484857559204,0.5278916358947754,0.09459830820560455,0.9977257251739502,0.3968121111392975,0.6124890446662903,-0.10020095109939575,0.9991558194160461,0.46174630522727966,0.5470728874206543,0.1770583689212799,0.9991666078567505,0.2722952365875244,0.792019248008728,-0.03318663686513901,0.3330717086791992,0.3796113133430481,0.7076268792152405,0.1780286729335785,0.6550659537315369,0.31480395793914795,0.7183655500411987,0.11814979463815689,0.37513890862464905,0.3377363085746765,0.6917501091957092,0.11679617315530777,0.5372447371482849,0.3179144561290741,0.6969805359840393,0.10547878593206406,0.3779456317424774,0.3341194987297058,0.6889892220497131,0.09149057418107986,0.4606683552265167,0.3384231626987457,0.6763172149658203,0.07866086065769196,0.38905584812164307,0.33732151985168457,0.6714911460876465,0.05769618600606918,0.4471032917499542,0.34083205461502075,0.6821672320365906,0.11096314340829849,0.3893754482269287,0.3351880609989166,0.6805835962295532,0.08954313397407532,0.44780898094177246,0.6962425708770752,0.9679507613182068,-0.07179480046033859,0.9948956966400146,0.7229158282279968,0.9198271632194519,0.07116377353668213,0.9962483644485474,0.9123080968856812,1.0427074432373047,0.003566557541489601,0.05337930843234062,0.915580153465271,1.0219159126281738,0.12032558023929596,0.05989905074238777,1.0808429718017578,1.3640745878219604,0.07039567083120346,0.007069250103086233,1.0417101383209229,1.3200592994689941,0.21660718321800232,0.015065720304846764,1.1053332090377808,1.3934450149536133,0.07194255292415619,0.01506469864398241,1.0601699352264404,1.3692446947097778,0.22617104649543762,0.017707690596580505,1.1116544008255005,1.4406096935272217,0.021436089649796486,0.009303655475378036,1.0785144567489624,1.3533058166503906,0.20170287787914276,0.013940633274614811
0.3460187613964081,0.4746006429195404,0.11682231724262238,0.9985827207565308,0.3429340422153473,0.46149373054504395,0.11451105773448944,0.9981911182403564,0.34420937299728394,0.4604135751724243,0.11396028101444244,0.9976881742477417,0.34491875767707825,0.45675817131996155,0.11393900215625763,0.998708963394165,0.3398364782333374,0.472797691822052,0.10949108749628067,0.998593270778656,0.3395525813102722,0.4747011065483093,0.10872800648212433,0.9984526038169861,0.33967405557632446,0.4747721254825592,0.10835752636194229,0.9991530179977417,0.34855231642723083,0.4732552766799927,0.1163819208741188,0.9989734292030334,0.34045979380607605,0.48730507493019104,0.11146823316812515,0.9976959228515625,0.3613513112068176,0.4976932108402252,0.13275796175003052,0.9969111680984497,0.3624461889266968,0.5091791152954102,0.12381540238857269,0.9970830678939819,0.40893787145614624,0.603606641292572,0.08602937310934067,0.9990056157112122,0.4445294439792633,0.5552759170532227,0.1295645534992218,0.9991298913955688,0.34683361649513245,0.7601702213287354,0.09624587744474411,0.3006436228752136,0.37631306052207947,0.7265095114707947,-0.12442205846309662,0.604105532169342,0.35798946022987366,0.6517805457115173,0.2832401394844055,0.33940306305885315,0.34044337272644043,0.6954593062400818,-0.3829088807106018,0.5080264210700989,0.3606134057044983,0.6315193772315979,0.2871779203414917,0.345429003238678,0.3281788229942322,0.6954605579376221,-0.434309184551239,0.4526658356189728,0.3666825592517853,0.6156001687049866,0.25483769178390503,0.3560875356197357,0.33510369062423706,0.6679162979125977,-0.4244372248649597,0.4397927522659302,0.36966899037361145,0.6217009425163269,0.27338653802871704,0.3558062016963959,0.34018537402153015,0.6743686199188232,-0.3897516131401062,0.43953603506088257,0.7018375396728516,0.9577070474624634,-0.03666853904724121,0.9947595000267029,0.7121769189834595,0.9226464033126831,0.03576015681028366,0.996211588382721,0.912692666053772,1.0331499576568604,-0.03717190399765968,0.04949444159865379,0.9075825810432434,1.013736605644226,0.057640016078948975,0.0553646944463253,1.070009469985962,1.3684436082839966,-0.09376867115497589,0.007194951642304659,1.0332447290420532,1.3455380201339722,0.12707474827766418,0.0147122573107481,1.0867712497711182,1.399428367614746,-0.1061035543680191,0.015377417206764221,1.0507358312606812,1.401051640510559,0.1282510608434677,0.018602730706334114,1.1104124784469604,1.46250319480896,-0.16116678714752197,0.009550312533974648,1.0775530338287354,1.3743566274642944,0.13627292215824127,0.013745426200330257
0.3464794158935547,0.46849802136421204,0.14081911742687225,0.9985892176628113,0.3430275619029999,0.46030399203300476,0.12158361822366714,0.9982389211654663,0.34474992752075195,0.45967164635658264,0.12106756120920181,0.9977428317070007,0.3455028235912323,0.45757347345352173,0.12104736268520355,0.9987141489982605,0.3427813649177551,0.46836936473846436,0.13205143809318542,0.9986395835876465,0.34299880266189575,0.47071826457977295,0.13128414750099182,0.9985089898109436,0.34322771430015564,0.4717048704624176,0.13100086152553558,0.9991785883903503,0.3484404385089874,0.4723255932331085,0.09130517393350601,0.9989647269248962,0.34356769919395447,0.48687389492988586,0.12634123861789703,0.9977589249610901,0.36246147751808167,0.4922167956829071,0.13676272332668304,0.9967305064201355,0.36582624912261963,0.5037558078765869,0.14735065400600433,0.9969813227653503,0.3980928063392639,0.6166903972625732,0.01726788468658924,0.998953640460968,0.4622127413749695,0.545280396938324,0.1538831889629364,0.9990699291229248,0.30156636238098145,0.7846574783325195,0.07438648492097855,0.27641257643699646,0.40262097120285034,0.7238128781318665,-0.002509551588445902,0.5497758388519287,0.3159485459327698,0.6731305718421936,0.19253435730934143,0.3105722665786743,0.36672261357307434,0.6959168910980225,-0.12791192531585693,0.46392732858657837,0.320728600025177,0.6441042423248291,0.1839720606803894,0.32007384300231934,0.36026984453201294,0.6928583979606628,-0.1560361087322235,0.4176766574382782,0.33798152208328247,0.6270330548286438,0.15449883043766022,0.3301222324371338,0.36169129610061646,0.6707873940467834,-0.16266819834709167,0.4064638316631317,0.3401343524456024,0.6363401412963867,0.18332159519195557,0.3283807635307312,0.36197763681411743,0.679792046546936,-0.13811972737312317,0.4058835506439209,0.7002593874931335,0.9630295634269714,-0.03271288424730301,0.994989275932312,0.716525673866272,0.9210649132728577,0.0319245345890522,0.9963703751564026,0.9134055376052856,1.0308023691177368,-0.04034758731722832,0.0480143278837204,0.9074471592903137,1.013993501663208,0.029871534556150436,0.051162634044885635,1.0649672746658325,1.3798128366470337,-0.08297846466302872,0.007695996202528477,1.029389500617981,1.3574975728988647,0.11413927376270294,0.013937833718955517,1.0802050828933716,1.418105125427246,-0.09199762344360352,0.016766482964158058,1.0448764562606812,1.4152735471725464,0.12262384593486786,0.018367160111665726,1.1070733070373535,1.4729067087173462,-0.14172901213169098,0.009771144948899746,1.07791006565094,1.3812203407287598,0.12469296157360077,0.013134058564901352
0.3384683430194855,0.6648394465446472,0.30030786991119385,0.9640138745307922,0.3265787959098816,0.6630486249923706,0.2672429084777832,0.9609092473983765,0.32387080788612366,0.6626708507537842,0.26671937108039856,0.9590303897857666,0.3215697705745697,0.6631016135215759,0.2666667103767395,0.9669756293296814,0.338038831949234,0.6605713367462158,0.28440168499946594,0.9681957960128784,0.3422554135322571,0.6589476466178894,0.28358563780784607,0.972936749458313,0.34387850761413574,0.6571927666664124,0.28310415148735046,0.9815199375152588,0.33475980162620544,0.6465058326721191,0.1684274673461914,0.983953595161438,0.3639335632324219,0.6318527460098267,0.2512607276439667,0.9719304442405701,0.35142117738723755,0.6496956944465637,0.27758845686912537,0.9647256135940552,0.36498314142227173,0.6476293802261353,0.29818207025527954,0.9628719687461853,0.39281752705574036,0.646396279335022,0.12454019486904144,0.9986632466316223,0.4642872214317322,0.5884049534797668,0.20088107883930206,0.9989194273948669,0.31138402223587036,0.7641581892967224,0.12870503962039948,0.2500784993171692,0.4181731343269348,0.7558107376098633,0.00723377475515008,0.49873095750808716,0.3149101138114929,0.6646504402160645,0.27505576610565186,0.2812829613685608,0.36723047494888306,0.7603053450584412,-0.24686920642852783,0.43762078881263733,0.31246161460876465,0.6438513398170471,0.2769044041633606,0.2922862470149994,0.3512764573097229,0.760607123374939,-0.3003622889518738,0.40860411524772644,0.32617491483688354,0.6266995072364807,0.24368882179260254,0.30170193314552307,0.3519333600997925,0.7429498434066772,-0.29981666803359985,0.3973655700683594,0.3315676748752594,0.6313092708587646,0.26504093408584595,0.29958009719848633,0.356850266456604,0.746944785118103,-0.25948435068130493,0.3921924829483032,0.6988483667373657,0.976294219493866,-0.031206220388412476,0.99500972032547,0.7143102884292603,0.9208641648292542,0.03072424605488777,0.9964600801467896,0.9138161540031433,1.049911379814148,-0.017816439270973206,0.04383310303092003,0.9180237650871277,1.0170468091964722,0.01113223284482956,0.047974538058042526,1.0620051622390747,1.3944071531295776,-0.11021127551794052,0.007408871781080961,1.0480670928955078,1.3561203479766846,-0.04322541505098343,0.013547718524932861,1.076145052909851,1.4252536296844482,-0.12566396594047546,0.016464024782180786,1.065089464187622,1.4117844104766846,-0.04722313955426216,0.019496746361255646,1.11214017868042,1.487968921661377,-0.17005042731761932,0.009309368208050728,1.1051313877105713,1.3887107372283936,-0.05645234137773514,0.012675407342612743
0.34733089804649353,0.5325192809104919,0.13821013271808624,0.9673805832862854,0.3367105722427368,0.5686087012290955,0.15741252899169922,0.9644904732704163,0.3343222439289093,0.5668876767158508,0.15673980116844177,0.9627509713172913,0.33217746019363403,0.5738204121589661,0.15676958858966827,0.9699877500534058,0.34275463223457336,0.5640822649002075,0.1300148218870163,0.9711393117904663,0.34446045756340027,0.5671161413192749,0.12931016087532043,0.9754568338394165,0.34472185373306274,0.5701284408569336,0.1288040578365326,0.9832358360290527,0.3377065658569336,0.5795649290084839,0.14457473158836365,0.9854125380516052,0.3586609661579132,0.5989769697189331,0.12280817329883575,0.9744811654090881,0.36191973090171814,0.6368480324745178,0.1769815981388092,0.9677918553352356,0.3692827820777893,0.6439486145973206,0.13943248987197876,0.9661616683006287,0.4398137927055359,0.6156570911407471,0.16786757111549377,0.9986741542816162,0.43115657567977905,0.5882018208503723,0.06107117980718613,0.998998761177063,0.4984007775783539,0.7539620995521545,0.31195855140686035,0.22584903240203857,0.3855874836444855,0.7968251705169678,-0.2453353852033615,0.5218116044998169,0.609093189239502,0.764496386051178,0.4388607144355774,0.25481680035591125,0.35419437289237976,0.7461517453193665,-0.5378795862197876,0.48236945271492004,0.6428389549255371,0.7730354070663452,0.4648805558681488,0.26723599433898926,0.3485960364341736,0.7464125752449036,-0.600896954536438,0.45833203196525574,0.6464124917984009,0.7638682723045349,0.41150861978530884,0.2761215269565582,0.34515440464019775,0.7090340852737427,-0.5729232430458069,0.4472947418689728,0.6369580626487732,0.7642006874084473,0.4222410321235657,0.27427586913108826,0.35146182775497437,0.7155821919441223,-0.5374701619148254,0.4409087300300598,0.6992063522338867,0.9488673806190491,0.02502947486937046,0.9950610995292664,0.7076841592788696,0.9249743819236755,-0.025543352589011192,0.996594250202179,0.9139279127120972,1.0223802328109741,-0.02030649222433567,0.04280836507678032,0.9166682958602905,1.0233851671218872,0.009707172401249409,0.04815182089805603,1.0585649013519287,1.3904728889465332,-0.04359223693609238,0.008622088469564915,1.0412335395812988,1.3499741554260254,0.01722358912229538,0.017010081559419632,1.0680404901504517,1.4255152940750122,-0.051042716950178146,0.018324917182326317,1.056708812713623,1.4136040210723877,0.020413890480995178,0.02456790767610073,1.1072311401367188,1.490164041519165,-0.09969121217727661,0.01110800076276064,1.0991106033325195,1.364637851715088,-0.021716991439461708,0.01573764719069004
0.34877172112464905,0.5071934461593628,0.16213494539260864,0.9705615043640137,0.3410342037677765,0.5617918968200684,0.16095200181007385,0.9679375290870667,0.3390538692474365,0.5600365996360779,0.16040024161338806,0.9663609862327576,0.3374243378639221,0.5712696313858032,0.1604575365781784,0.9728840589523315,0.3451818525791168,0.5486612319946289,0.15347076952457428,0.9739570021629333,0.3460603356361389,0.5527369379997253,0.15275098383426666,0.9778590202331543,0.34596455097198486,0.5562613010406494,0.15238961577415466,0.9848727583885193,0.34071213006973267,0.5777720808982849,0.15080800652503967,0.9868147373199463,0.35602980852127075,0.5882241725921631,0.13931752741336823,0.9769631028175354,0.36589211225509644,0.5895217657089233,0.1754092574119568,0.9707760214805603,0.37113532423973083,0.6031144261360168,0.16274511814117432,0.9693531394004822,0.43820276856422424,0.6194700598716736,0.14413537085056305,0.9986994862556458,0.4413744807243347,0.5593219995498657,0.0920899361371994,0.9990716576576233,0.45151686668395996,0.7884103655815125,0.186740905046463,0.20410028100013733,0.38212066888809204,0.7853336930274963,-0.14674988389015198,0.49411889910697937,0.5028499364852905,0.7915593385696411,0.20105676352977753,0.23165617883205414,0.35122150182724,0.749680757522583,-0.43057551980018616,0.5046804547309875,0.5205779075622559,0.7937108278274536,0.1973884552717209,0.2481057345867157,0.3412858843803406,0.7610440850257874,-0.4883872866630554,0.49547308683395386,0.5266720056533813,0.780883252620697,0.15900978446006775,0.25670701265335083,0.3440132439136505,0.7239837050437927,-0.4744487404823303,0.4847208261489868,0.5237503051757812,0.7809273600578308,0.18703147768974304,0.25408318638801575,0.3527154326438904,0.7293373942375183,-0.4360792636871338,0.47673025727272034,0.7046941518783569,0.9479537010192871,0.02160349115729332,0.9952621459960938,0.7088390588760376,0.9219659566879272,-0.022145086899399757,0.9967851042747498,0.9165107011795044,1.0224173069000244,-0.040749628096818924,0.042220816016197205,0.9195284843444824,1.0196126699447632,0.00522099994122982,0.04707803204655647,1.0580321550369263,1.3904156684875488,-0.08149871975183487,0.01034578587859869,1.0452430248260498,1.3271657228469849,0.02288346365094185,0.018523089587688446,1.0690081119537354,1.4277973175048828,-0.09168948233127594,0.02171984314918518,1.0646237134933472,1.395631194114685,0.026463022455573082,0.028790440410375595,1.1056760549545288,1.4883732795715332,-0.12913601100444794,0.013377371244132519,1.0955605506896973,1.3378649950027466,0.027936086058616638,0.01742890477180481
0.3538960814476013,0.46667298674583435,0.144933819770813,0.9714874029159546,0.3449382185935974,0.5161048769950867,0.1455482691526413,0.9680448174476624,0.3429359197616577,0.5161356329917908,0.14504072070121765,0.9661409854888916,0.3412137031555176,0.5270611047744751,0.14506849646568298,0.9730657935142517,0.3475242853164673,0.5093653202056885,0.13157694041728973,0.974105179309845,0.347457617521286,0.5150184631347656,0.13082583248615265,0.9781258702278137,0.34671929478645325,0.5201371312141418,0.13029739260673523,0.9850761890411377,0.3422442078590393,0.5491154789924622,0.18215319514274597,0.9868534207344055,0.3546200394630432,0.5813903212547302,0.10531480610370636,0.9765122532844543,0.37266263365745544,0.5530051589012146,0.16051146388053894,0.9711598753929138,0.37306612730026245,0.5831742882728577,0.13585101068019867,0.9699022173881531,0.4629046320915222,0.6190696358680725,0.22310177981853485,0.998591423034668,0.4136980473995209,0.5606175065040588,0.04263145476579666,0.999112606048584,0.547222912311554,0.7864436507225037,0.37151283025741577,0.18424952030181885,0.3373193144798279,0.7814581990242004,-0.281634658575058,0.5029909014701843,0.6668798327445984,0.843652606010437,0.4462752938270569,0.20978274941444397,0.3390699326992035,0.7549085021018982,-0.6287196278572083,0.5339407920837402,0.700126051902771,0.8647973537445068,0.4657931923866272,0.22610846161842346,0.3276079297065735,0.7735955119132996,-0.7061971426010132,0.530198872089386,0.7034034729003906,0.8493322730064392,0.4030084013938904,0.23410622775554657,0.34147146344184875,0.7354734539985657,-0.6840578317642212,0.5192297101020813,0.6925224661827087,0.8444162011146545,0.42440709471702576,0.23161280155181885,0.3512410521507263,0.7370949387550354,-0.6324180364608765,0.5076061487197876,0.7045637369155884,0.9362030625343323,0.05536434054374695,0.9952993988990784,0.7011624574661255,0.9262436032295227,-0.055896591395139694,0.9968911409378052,0.9227218627929688,1.0140708684921265,0.045565761625766754,0.03924454003572464,0.9145022630691528,1.0114322900772095,0.0034583541564643383,0.045132704079151154,1.063334584236145,1.3831013441085815,0.04725687950849533,0.010224229656159878,1.0442965030670166,1.3216073513031006,0.028216853737831116,0.01943785324692726,1.072678565979004,1.4259278774261475,0.03948163241147995,0.02129715494811535,1.0640449523925781,1.3895413875579834,0.0269886814057827,0.02981448359787464,1.1188075542449951,1.4730216264724731,-0.024990521371364594,0.013231278397142887,1.099613904953003,1.3213636875152588,0.013730084523558617,0.017878198996186256
0.3663913607597351,0.5116599202156067,0.33959007263183594,0.9715595245361328,0.35197657346725464,0.517758846282959,0.2940833866596222,0.9687750935554504,0.3474298119544983,0.5200543403625488,0.2936045825481415,0.9666116237640381,0.3437111973762512,0.5264533162117004,0.2935817837715149,0.9738380312919617,0.3656845986843109,0.5079659223556519,0.3160552978515625,0.9747655391693115,0.3718000054359436,0.5096519589424133,0.3153201639652252,0.9784497022628784,0.37746092677116394,0.5144522190093994,0.3150634467601776,0.9855116009712219,0.3412206470966339,0.5443088412284851,0.1622057557106018,0.986926257610321,0.3978826701641083,0.5367112755775452,0.24455411732196808,0.976689875125885,0.3753328323364258,0.5506787896156311,0.2986299991607666,0.9704511165618896,0.3889463543891907,0.5615614056587219,0.32455581426620483,0.969365119934082,0.41132983565330505,0.6533370614051819,0.044551655650138855,0.9986307621002197,0.4686201214790344,0.5567267537117004,0.2608042061328888,0.999000608921051,0.2899706959724426,0.8168895244598389,0.10940201580524445,0.18078546226024628,0.43878641724586487,0.7592878341674805,0.27011948823928833,0.4552246630191803,0.3446580767631531,0.8279786705970764,0.25624752044677734,0.19727516174316406,0.3885228633880615,0.7734129428863525,0.2131006419658661,0.4851243197917938,0.3428192138671875,0.8220533728599548,0.2533743679523468,0.2147904634475708,0.3796888291835785,0.7763334512710571,0.21155159175395966,0.4843076765537262,0.36369359493255615,0.8012343645095825,0.23443953692913055,0.2222101390361786,0.374779611825943,0.7714351415634155,0.17931941151618958,0.4749336540699005,0.3688877820968628,0.8013611435890198,0.25401604175567627,0.2173883467912674,0.3756773769855499,0.7798953652381897,0.19446900486946106,0.46358463168144226,0.7018024325370789,0.9661305546760559,-0.04001718759536743,0.9953301548957825,0.7221271395683289,0.9132349491119385,0.03909585252404213,0.9968389272689819,0.9221046566963196,1.0406603813171387,-0.014854347333312035,0.037090275436639786,0.9237791299819946,1.00593101978302,0.03111478127539158,0.04159744456410408,1.0628888607025146,1.4039947986602783,-0.16000087559223175,0.009875336661934853,1.062143087387085,1.3289567232131958,-0.0064055100083351135,0.01787121221423149,1.0721758604049683,1.4427217245101929,-0.17743699252605438,0.021712401881814003,1.0769240856170654,1.390602946281433,-0.009882831946015358,0.028342189267277718,1.10886812210083,1.4981955289840698,-0.23092278838157654,0.012484433129429817,1.1246048212051392,1.334097146987915,-0.02967928722500801,0.016520613804459572
0.36575430631637573,0.48624640703201294,0.2551723122596741,0.974267840385437,0.3516845107078552,0.4767550528049469,0.22992047667503357,0.9717531800270081,0.34744101762771606,0.4940851926803589,0.22938616573810577,0.9697890877723694,0.3438701927661896,0.49996668100357056,0.2294001281261444,0.9763140678405762,0.3630419671535492,0.466153085231781,0.23855742812156677,0.9771981239318848,0.3672112226486206,0.46443167328834534,0.23783835768699646,0.9805316925048828,0.3708728849887848,0.46370288729667664,0.237580344080925,0.9869065284729004,0.3407818377017975,0.5290632247924805,0.1533273309469223,0.9881518483161926,0.39119645953178406,0.5102208256721497,0.1949796825647354,0.9789185523986816,0.3748362958431244,0.5142659544944763,0.2397238314151764,0.9730846285820007,0.38673511147499084,0.5123059749603271,0.2482934445142746,0.9721810817718506,0.4010408818721771,0.6521473526954651,0.06216839700937271,0.9986947178840637,0.46442708373069763,0.5552427768707275,0.1968649923801422,0.9990439414978027,0.3085591495037079,0.8358270525932312,0.11308030039072037,0.16915717720985413,0.4244449734687805,0.7277794480323792,0.08394210040569305,0.4151420295238495,0.3226180672645569,0.8262943029403687,0.18919922411441803,0.19143712520599365,0.37379956245422363,0.7784584760665894,-0.09990169107913971,0.47673001885414124,0.32462063431739807,0.8248389363288879,0.18072761595249176,0.22094513475894928,0.3374316990375519,0.7924357652664185,-0.12400293350219727,0.49583685398101807,0.33922046422958374,0.804774284362793,0.1549719125032425,0.2292613983154297,0.3517903685569763,0.7906762957572937,-0.18470889329910278,0.4878528118133545,0.3438623547554016,0.8039956092834473,0.18183347582817078,0.21908468008041382,0.3628304600715637,0.794005274772644,-0.13794736564159393,0.47464537620544434,0.7017898559570312,0.9683546423912048,-0.025467246770858765,0.9955464601516724,0.7221808433532715,0.9131065607070923,0.02461535483598709,0.9969598650932312,0.9236327409744263,1.037674903869629,-0.06217660382390022,0.0393344983458519,0.9275814890861511,1.0010467767715454,0.04270467162132263,0.04000549763441086,1.0710780620574951,1.4018985033035278,-0.13764293491840363,0.011324666440486908,1.0648952722549438,1.313180923461914,0.11076001077890396,0.01753360964357853,1.0866373777389526,1.4424231052398682,-0.14960487186908722,0.025653257966041565,1.0825583934783936,1.3761587142944336,0.119232676923275,0.029399191960692406,1.1133973598480225,1.483884334564209,-0.19574956595897675,0.013624485582113266,1.1195697784423828,1.3230966329574585,0.11919157207012177,0.016171099618077278
0.36515453457832336,0.4795653820037842,0.2361157387495041,0.976729691028595,0.35173124074935913,0.472309410572052,0.20876309275627136,0.9744952917098999,0.3478371500968933,0.4831625521183014,0.20822587609291077,0.9727039337158203,0.34448155760765076,0.48808741569519043,0.20824316143989563,0.9786027669906616,0.36147016286849976,0.45278990268707275,0.22159436345100403,0.9794204235076904,0.3657131791114807,0.4660128653049469,0.22089192271232605,0.9824221134185791,0.3681132197380066,0.4646456837654114,0.22068150341510773,0.9881783723831177,0.34111493825912476,0.5066697597503662,0.12810656428337097,0.9892810583114624,0.3837776780128479,0.4984798729419708,0.18676914274692535,0.9809384942054749,0.37470775842666626,0.5056403875350952,0.2193509042263031,0.9755039215087891,0.3852965533733368,0.4999389946460724,0.23293185234069824,0.9747262001037598,0.3952402174472809,0.6532160639762878,0.02243400551378727,0.9987529516220093,0.47313594818115234,0.5542495250701904,0.21024294197559357,0.9990250468254089,0.3033493161201477,0.843302309513092,0.051832567900419235,0.1632498949766159,0.4644547998905182,0.7042654752731323,0.10767756402492523,0.3767840564250946,0.3144761025905609,0.8209965825080872,0.1175566092133522,0.18984277546405792,0.3859080672264099,0.7684528827667236,-0.0791025459766388,0.4439568519592285,0.3166831433773041,0.8158910274505615,0.10358165204524994,0.22519297897815704,0.3602573573589325,0.7799702882766724,-0.10455069690942764,0.4717780351638794,0.33518925309181213,0.7946422100067139,0.08002747595310211,0.2336207926273346,0.35756319761276245,0.7831419110298157,-0.13831982016563416,0.46581757068634033,0.33923643827438354,0.7952850461006165,0.1106322854757309,0.2184130847454071,0.3654029369354248,0.7874259352684021,-0.10249917209148407,0.45051947236061096,0.7001093626022339,0.9717632532119751,-0.034981053322553635,0.995759904384613,0.7251753807067871,0.9084163308143616,0.03417540714144707,0.9970477223396301,0.9241706728935242,1.0354249477386475,-0.0569046214222908,0.04079816862940788,0.9295588731765747,0.998776912689209,0.032457515597343445,0.037885453552007675,1.0719043016433716,1.4015069007873535,-0.12041731178760529,0.0122169004753232,1.0632703304290771,1.3118125200271606,0.09257528930902481,0.01668008230626583,1.0885660648345947,1.441943645477295,-0.13179968297481537,0.02915976755321026,1.0792278051376343,1.3725789785385132,0.10224062204360962,0.029156798496842384,1.113450288772583,1.4796459674835205,-0.18292735517024994,0.014205073937773705,1.1175593137741089,1.3296661376953125,0.09199915826320648,0.015577375888824463
0.3650767207145691,0.44927147030830383,0.1451871693134308,0.9789632558822632,0.351386159658432,0.4522514045238495,0.1483999490737915,0.9769049286842346,0.3477995693683624,0.4562404155731201,0.14779824018478394,0.9752757549285889,0.34465235471725464,0.45886510610580444,0.1478552669286728,0.980593740940094,0.35782796144485474,0.4485512971878052,0.12924791872501373,0.9813880324363708,0.35976532101631165,0.45705029368400574,0.12850776314735413,0.9841216802597046,0.35932064056396484,0.45927268266677856,0.12810781598091125,0.9893118143081665,0.34123653173446655,0.47903746366500854,0.15467436611652374,0.9902904629707336,0.3639850616455078,0.48865893483161926,0.09804680943489075,0.9827589988708496,0.3746287226676941,0.5047872066497803,0.16925445199012756,0.9777036309242249,0.3830823600292206,0.5004500150680542,0.14031991362571716,0.9770345687866211,0.42915552854537964,0.6434412598609924,0.19493268430233002,0.9987854361534119,0.4406358301639557,0.532035231590271,0.04722603037953377,0.9991101026535034,0.4940747618675232,0.8417894840240479,0.37684667110443115,0.14748957753181458,0.41758185625076294,0.7071378231048584,-0.321302205324173,0.4001563489437103,0.6020185351371765,0.83073490858078,0.5177271366119385,0.1733851134777069,0.35397687554359436,0.7761926651000977,-0.753301739692688,0.49579477310180664,0.6317969560623169,0.843442976474762,0.5479034185409546,0.20962251722812653,0.3088519275188446,0.8104392290115356,-0.8378189206123352,0.5225241184234619,0.6342194676399231,0.8256205320358276,0.48752206563949585,0.21793165802955627,0.328316867351532,0.7872607707977295,-0.8234715461730957,0.5170240998268127,0.6275536417961121,0.8204487562179565,0.4980189800262451,0.20377175509929657,0.3479444086551666,0.7844356894493103,-0.7630873918533325,0.5024763345718384,0.7150838375091553,0.9564536809921265,0.04237701743841171,0.995877742767334,0.7229216694831848,0.9095167517662048,-0.04298951104283333,0.9972048997879028,0.9253648519515991,1.03395414352417,0.002145459409803152,0.04015481099486351,0.9260427355766296,1.0007381439208984,-0.0194596778601408,0.040965933352708817,1.0639781951904297,1.4081202745437622,-0.02002904564142227,0.013413781300187111,1.0520336627960205,1.3230222463607788,0.051470935344696045,0.02152831479907036,1.075244665145874,1.4560238122940063,-0.029411539435386658,0.03205331042408943,1.0675023794174194,1.4044362306594849,0.0590595006942749,0.03716788440942764,1.1127617359161377,1.493996024131775,-0.07907254993915558,0.016922498121857643,1.1125571727752686,1.3350967168807983,0.024155909195542336,0.020215244963765144
0.35887399315834045,0.47520583868026733,0.2192874699831009,0.9809768199920654,0.34992530941963196,0.4667603075504303,0.1879158914089203,0.9791523218154907,0.3469495475292206,0.46987396478652954,0.1873704344034195,0.9776670932769775,0.3444255292415619,0.47320523858070374,0.18743796646595,0.9824689030647278,0.35518375039100647,0.4643078148365021,0.20688319206237793,0.9832063913345337,0.3583086431026459,0.46384984254837036,0.206189826130867,0.9856694936752319,0.35785242915153503,0.4668568968772888,0.20597997307777405,0.9903527498245239,0.3415754735469818,0.4828956723213196,0.11237257719039917,0.9912153482437134,0.3627653419971466,0.4898476004600525,0.1818057745695114,0.9844217300415039,0.3704894483089447,0.5346498489379883,0.19933940470218658,0.9796887040138245,0.3769313097000122,0.5300140380859375,0.22021980583667755,0.9791194796562195,0.40183085203170776,0.6494147181510925,0.02554946020245552,0.9988183379173279,0.47405821084976196,0.5359109044075012,0.19298312067985535,0.9990952610969543,0.31976208090782166,0.846555769443512,-0.003707312047481537,0.14107558131217957,0.46790122985839844,0.6886686682701111,0.026310542598366737,0.36240050196647644,0.3386453688144684,0.8304665684700012,0.012786207720637321,0.17376703023910522,0.38652339577674866,0.7743345499038696,-0.2466259002685547,0.46080341935157776,0.34307509660720825,0.830320417881012,-0.007213642355054617,0.2181652933359146,0.3570210337638855,0.7977100014686584,-0.28054526448249817,0.49783971905708313,0.36251989006996155,0.8090595602989197,-0.029644649475812912,0.22700433433055878,0.35452064871788025,0.7973825931549072,-0.3212173283100128,0.49410581588745117,0.3664361834526062,0.8083621263504028,0.005185944028198719,0.20690475404262543,0.36590322852134705,0.7985742092132568,-0.2751646935939789,0.47732242941856384,0.7090341448783875,0.9674354791641235,-0.02108074352145195,0.9960641264915466,0.7291184067726135,0.9024377465248108,0.02033798024058342,0.9972971677780151,0.926127552986145,1.033775806427002,-0.03018099069595337,0.039903804659843445,0.9294421076774597,0.9991520643234253,-0.010566754266619682,0.03889859840273857,1.0659945011138916,1.4079397916793823,-0.08296234905719757,0.013933826237916946,1.0696513652801514,1.3116823434829712,0.039739638566970825,0.020409710705280304,1.0811747312545776,1.4557759761810303,-0.09560750424861908,0.035125982016325,1.0855144262313843,1.3785649538040161,0.04349439591169357,0.0367128923535347,1.1117600202560425,1.485032320022583,-0.15639063715934753,0.017281731590628624,1.1236507892608643,1.3268100023269653,0.013835755176842213,0.019462276250123978
0.3667878210544586,0.43905335664749146,0.09957020729780197,0.9816679358482361,0.35157912969589233,0.4281069040298462,0.11154571920633316,0.9792577028274536,0.3493357002735138,0.42819181084632874,0.11094627529382706,0.9774447679519653,0.34756165742874146,0.42922553420066833,0.11093956232070923,0.9825652837753296,0.3549070954322815,0.43739402294158936,0.08372903615236282,0.9835328459739685,0.35760682821273804,0.44203969836235046,0.08289586752653122,0.9860348701477051,0.3555421233177185,0.44809240102767944,0.08240620046854019,0.9906484484672546,0.34290817379951477,0.4545080065727234,0.16280925273895264,0.991191029548645,0.3515772223472595,0.4797995984554291,0.06075296923518181,0.9844864010810852,0.3747519254684448,0.47515028715133667,0.13724163174629211,0.9800359010696411,0.377361536026001,0.484727680683136,0.09691204130649567,0.9797520041465759,0.4541288912296295,0.600296676158905,0.22884516417980194,0.9987074136734009,0.40253663063049316,0.5733888745307922,0.01301715336740017,0.9991577863693237,0.5388380289077759,0.8070762753486633,0.45456844568252563,0.1273973286151886,0.3154754042625427,0.7484568953514099,-0.30021339654922485,0.40389758348464966,0.6441803574562073,0.8148841857910156,0.604285717010498,0.15744301676750183,0.3370111584663391,0.7878153324127197,-0.6591749787330627,0.5021446943283081,0.6708437204360962,0.8205640912055969,0.6358619332313538,0.19846732914447784,0.31874173879623413,0.8275566101074219,-0.7366752028465271,0.5369696617126465,0.6735854744911194,0.7961353063583374,0.5689259767532349,0.20665886998176575,0.33825892210006714,0.7971640825271606,-0.7257384061813354,0.533210277557373,0.665148138999939,0.7946739792823792,0.5817017555236816,0.188470721244812,0.349168598651886,0.7935643792152405,-0.667678713798523,0.5141049027442932,0.7084760069847107,0.9317368268966675,0.06123727560043335,0.9958433508872986,0.6980217695236206,0.9335464239120483,-0.06173490360379219,0.9973114728927612,0.9320657849311829,1.016790509223938,0.006166116334497929,0.03701283037662506,0.9063301086425781,1.0134409666061401,-0.08041094243526459,0.03799832612276077,1.0633258819580078,1.3995068073272705,0.0023393251467496157,0.013035984709858894,1.0334244966506958,1.3590682744979858,0.030242547392845154,0.020203782245516777,1.070823311805725,1.449100375175476,-0.0053852517157793045,0.03271102160215378,1.045714259147644,1.4378854036331177,0.0392102487385273,0.035674747079610825,1.1115304231643677,1.4852608442306519,-0.07915619760751724,0.016346987336874008,1.1015878915786743,1.350824236869812,-0.01487324945628643,0.01910560205578804
0.36984676122665405,0.4329782724380493,0.06936334073543549,0.9818083643913269,0.3523100018501282,0.42264246940612793,0.0847281664609909,0.9785494208335876,0.3505735397338867,0.42235809564590454,0.08412208408117294,0.9762682914733887,0.34938663244247437,0.4230078458786011,0.08410653471946716,0.9820402264595032,0.3548591732978821,0.4336563050746918,0.0542098693549633,0.983279824256897,0.3559136688709259,0.4403199553489685,0.053365033119916916,0.985888659954071,0.3527948260307312,0.44702228903770447,0.05285800248384476,0.9906446933746338,0.34491732716560364,0.45065316557884216,0.16455909609794617,0.9907832145690918,0.3472478687763214,0.4787641167640686,0.03527294471859932,0.9838271141052246,0.37725210189819336,0.4654388129711151,0.11196404695510864,0.9798058867454529,0.3775228261947632,0.47663867473602295,0.06784522533416748,0.9799007773399353,0.4621364176273346,0.5845481753349304,0.23264949023723602,0.9985775947570801,0.38613149523735046,0.5904093384742737,-0.009807662107050419,0.9992097616195679,0.5536074042320251,0.7915302515029907,0.4591119885444641,0.11503036320209503,0.29638054966926575,0.770758330821991,-0.311642587184906,0.43872448801994324,0.6570423245429993,0.8069929480552673,0.6100214123725891,0.14242449402809143,0.3280967175960541,0.7926446795463562,-0.6537119150161743,0.5331060886383057,0.6831252574920654,0.8141321539878845,0.6405448317527771,0.18009983003139496,0.31790852546691895,0.8289961218833923,-0.7311457395553589,0.5663214325904846,0.6854377388954163,0.7887541055679321,0.573009192943573,0.18764330446720123,0.33717408776283264,0.7971138954162598,-0.7189759016036987,0.5623508095741272,0.6768543720245361,0.7871959209442139,0.5872601270675659,0.17123407125473022,0.34716281294822693,0.7919725179672241,-0.6613970994949341,0.5396422147750854,0.7089117765426636,0.9194271564483643,0.07222981750965118,0.9956344962120056,0.6886681318283081,0.9523468613624573,-0.072694331407547,0.9973209500312805,0.9349791407585144,1.0066510438919067,0.026855090633034706,0.034079961478710175,0.8983718156814575,1.021445870399475,-0.07357848435640335,0.03652780130505562,1.0704004764556885,1.3841626644134521,0.05501871183514595,0.012045804411172867,1.0329595804214478,1.3612818717956543,0.032241374254226685,0.019590143114328384,1.0764893293380737,1.4321449995040894,0.05047371983528137,0.03012954629957676,1.0466320514678955,1.4380990266799927,0.0408891960978508,0.03408215939998627,1.118299126625061,1.4755185842514038,-0.018623100593686104,0.01519581489264965,1.0994226932525635,1.3502782583236694,-0.007168285548686981,0.018373193219304085
0.37041670083999634,0.4282364249229431,0.08887114375829697,0.9823362231254578,0.35234910249710083,0.4195501208305359,0.09995099902153015,0.9786700010299683,0.3508148789405823,0.41956400871276855,0.09934067726135254,0.9762127995491028,0.34986668825149536,0.4203997254371643,0.09932713210582733,0.982165515422821,0.3545575439929962,0.430730402469635,0.07340668886899948,0.9835602641105652,0.3545979857444763,0.4383894205093384,0.07257542014122009,0.9862281084060669,0.35127586126327515,0.4456178545951843,0.0720851942896843,0.9908881783485413,0.34574082493782043,0.44787919521331787,0.17681097984313965,0.9909072518348694,0.3454315960407257,0.4776904582977295,0.05156795307993889,0.983927845954895,0.3783964514732361,0.45950886607170105,0.12506738305091858,0.980331301689148,0.3777795433998108,0.47070997953414917,0.08658619970083237,0.9805983304977417,0.4643540382385254,0.5782731175422668,0.24444718658924103,0.9985429644584656,0.3862038254737854,0.5921290516853333,0.0049248565919697285,0.9992668628692627,0.5577611327171326,0.7784345149993896,0.48823413252830505,0.1040840893983841,0.30667370557785034,0.7650747299194336,-0.31298768520355225,0.4777437150478363,0.6583248972892761,0.8025128841400146,0.6650297045707703,0.12982723116874695,0.32283562421798706,0.7974952459335327,-0.6908970475196838,0.5727068185806274,0.6834543943405151,0.8091059327125549,0.7018167972564697,0.16528159379959106,0.3019750118255615,0.8508589267730713,-0.7717452049255371,0.6035115122795105,0.6844121813774109,0.783622145652771,0.6335989236831665,0.17245380580425262,0.3289492130279541,0.8098479509353638,-0.7627853155136108,0.5997920632362366,0.6767901182174683,0.7824701070785522,0.6429967880249023,0.15751716494560242,0.3404747545719147,0.801495373249054,-0.7013291120529175,0.5767015218734741,0.7088940143585205,0.9105879664421082,0.07355821877717972,0.9955452680587769,0.6848778128623962,0.9529454708099365,-0.07403658330440521,0.9973695874214172,0.9367456436157227,1.0000483989715576,0.03495057672262192,0.031828053295612335,0.8995696306228638,1.0185492038726807,-0.07163742184638977,0.03707726299762726,1.075193166732788,1.3653382062911987,0.07196896523237228,0.011331997811794281,1.0338258743286133,1.3610771894454956,0.03454049676656723,0.019993651658296585,1.081248164176941,1.4121036529541016,0.06850460916757584,0.028177879750728607,1.0471603870391846,1.4343903064727783,0.042703695595264435,0.03397923335433006,1.126438856124878,1.4585916996002197,0.004186633042991161,0.014485892839729786,1.100900650024414,1.3391032218933105,-0.005624784622341394,0.018627438694238663
0.3730776906013489,0.4297236502170563,0.09165094047784805,0.9825894236564636,0.3528473377227783,0.4214847981929779,0.12300362437963486,0.9784507751464844,0.35128462314605713,0.4218415915966034,0.1223219782114029,0.9760100245475769,0.35121458768844604,0.42402586340904236,0.12230156362056732,0.9819828271865845,0.3544832468032837,0.43139657378196716,0.08144422620534897,0.9835607409477234,0.35430091619491577,0.4384087920188904,0.08068065345287323,0.9864640235900879,0.3512299656867981,0.4450852572917938,0.08041667193174362,0.9909824132919312,0.345777690410614,0.45091307163238525,0.2007838934659958,0.9910474419593811,0.3447872996330261,0.47824305295944214,0.07009672373533249,0.9840221405029297,0.38253188133239746,0.46343278884887695,0.14990828931331635,0.9806983470916748,0.3821425437927246,0.47263187170028687,0.09755190461874008,0.9810999631881714,0.4615025520324707,0.5811163187026978,0.26012715697288513,0.9985421895980835,0.38957735896110535,0.5571250319480896,0.030662739649415016,0.9993192553520203,0.552148163318634,0.77274489402771,0.5104364156723022,0.09419478476047516,0.3183334171772003,0.7554419040679932,-0.29968443512916565,0.5060885548591614,0.6508067846298218,0.8021237850189209,0.7050483822822571,0.11936726421117783,0.32248371839523315,0.7995326519012451,-0.6998540163040161,0.6108610033988953,0.6751143932342529,0.8058598637580872,0.7457668781280518,0.15420065820217133,0.2951506972312927,0.8571396470069885,-0.7819966077804565,0.6398276090621948,0.6755123138427734,0.7819452285766602,0.6788349747657776,0.16133950650691986,0.32003065943717957,0.8137760758399963,-0.7722593545913696,0.6363944411277771,0.6691752076148987,0.7813809514045715,0.6841846704483032,0.1475285291671753,0.33491432666778564,0.8049198389053345,-0.7110891342163086,0.6141120791435242,0.708787202835083,0.9085763096809387,0.07226581126451492,0.995452880859375,0.6867518424987793,0.9501581788063049,-0.0727999210357666,0.9973863363265991,0.9372861981391907,0.9964637160301208,0.03607344254851341,0.030222926288843155,0.9015781283378601,1.0160911083221436,-0.05980612710118294,0.03878919035196304,1.0796759128570557,1.34922456741333,0.06349058449268341,0.011074417270720005,1.0344778299331665,1.3542239665985107,0.03503657877445221,0.02183491922914982,1.087706208229065,1.396957278251648,0.0588027648627758,0.027088021859526634,1.0481764078140259,1.4309329986572266,0.043733254075050354,0.035980548709630966,1.13518226146698,1.4409393072128296,-0.0068176304921507835,0.01448291726410389,1.1029345989227295,1.3265557289123535,-0.003366820514202118,0.02006281539797783
0.3742382526397705,0.4308498501777649,0.10854268074035645,0.9814155697822571,0.35348212718963623,0.42240652441978455,0.12489263713359833,0.9760212302207947,0.35205480456352234,0.4226831793785095,0.12420670688152313,0.9726545810699463,0.3518090844154358,0.42423516511917114,0.12415017932653427,0.9800885915756226,0.3543849587440491,0.43218985199928284,0.09627044200897217,0.9821970462799072,0.3542442321777344,0.4396904706954956,0.0954880341887474,0.9853760004043579,0.350882351398468,0.4462811350822449,0.09513574093580246,0.9904386401176453,0.34657424688339233,0.451825886964798,0.2238212376832962,0.9901279211044312,0.3444105386734009,0.4785599112510681,0.07903632521629333,0.9825047850608826,0.3848993182182312,0.46455782651901245,0.15459546446800232,0.9800623059272766,0.3838261663913727,0.47373196482658386,0.11012150347232819,0.9807406663894653,0.47124162316322327,0.5586931109428406,0.2930787205696106,0.9984767436981201,0.37704986333847046,0.587792694568634,0.02620176039636135,0.9993589520454407,0.5677744150161743,0.7239226698875427,0.5364300608634949,0.08549610525369644,0.31061047315597534,0.7563663721084595,-0.29911482334136963,0.539892315864563,0.6469108462333679,0.7745692729949951,0.6922302842140198,0.10906891524791718,0.32155635952949524,0.8065139651298523,-0.6856275200843811,0.6412460207939148,0.6668069362640381,0.7909793257713318,0.7265470027923584,0.1416790783405304,0.2947365641593933,0.8602959513664246,-0.7708341479301453,0.6677858233451843,0.6635541319847107,0.7613062262535095,0.6611606478691101,0.14842650294303894,0.3199855387210846,0.8151518106460571,-0.7605573534965515,0.66459721326828,0.6570014357566833,0.7559093832969666,0.6708325147628784,0.135896235704422,0.33023491501808167,0.7998455762863159,-0.6954339742660522,0.6406958103179932,0.708593487739563,0.8971591591835022,0.0805344209074974,0.9953584671020508,0.6777299046516418,0.9528973698616028,-0.08099369704723358,0.9974022507667542,0.9386105537414551,0.9919566512107849,0.03565353900194168,0.02850215509533882,0.898699164390564,1.0227750539779663,-0.11155618727207184,0.0395374670624733,1.078105092048645,1.3509182929992676,0.06138068437576294,0.010434483177959919,1.029366135597229,1.3582475185394287,-0.005286221858114004,0.02171476185321808,1.0865609645843506,1.3959215879440308,0.057094208896160126,0.025221509858965874,1.0404605865478516,1.4325108528137207,0.0057723927311599255,0.03491516038775444,1.1313035488128662,1.4466748237609863,-0.015257695689797401,0.013739476911723614,1.1014220714569092,1.340322732925415,-0.055741243064403534,0.019857779145240784
0.37531355023384094,0.42917564511299133,0.11007778346538544,0.9807702302932739,0.35556894540786743,0.41922640800476074,0.12610718607902527,0.9747764468193054,0.35465699434280396,0.4189537763595581,0.1254572570323944,0.9709476232528687,0.35450872778892517,0.4195748269557953,0.12540662288665771,0.9794838428497314,0.35460618138313293,0.42985421419143677,0.09500467032194138,0.9813058376312256,0.3540431261062622,0.4367913603782654,0.09417063742876053,0.9845428466796875,0.35084807872772217,0.44315391778945923,0.09370194375514984,0.990000307559967,0.3493608832359314,0.44843590259552,0.22059063613414764,0.9898956418037415,0.34430748224258423,0.47700902819633484,0.07177096605300903,0.9810023903846741,0.3864213526248932,0.46241968870162964,0.1544598639011383,0.9799020290374756,0.3844308853149414,0.4721769094467163,0.10762123018503189,0.9804641008377075,0.4735437333583832,0.5427107214927673,0.29337793588638306,0.9984843134880066,0.37112489342689514,0.6007997989654541,0.008931184187531471,0.9993820786476135,0.573488175868988,0.710249662399292,0.5461638569831848,0.07808437198400497,0.30585038661956787,0.7711432576179504,-0.3038254380226135,0.5639761686325073,0.6425303220748901,0.7502462863922119,0.7052428126335144,0.0999184101819992,0.3220067620277405,0.8009085655212402,-0.6621413230895996,0.6491172313690186,0.6610393524169922,0.7720305323600769,0.7381235361099243,0.1302712857723236,0.31634992361068726,0.8564760088920593,-0.7432321906089783,0.6746587157249451,0.6566182374954224,0.7397447228431702,0.6765156984329224,0.13661541044712067,0.32673150300979614,0.8030039668083191,-0.7295181751251221,0.6716024279594421,0.6500463485717773,0.7324065566062927,0.6853240728378296,0.12527239322662354,0.33269429206848145,0.7951505184173584,-0.669192910194397,0.6419856548309326,0.7083090543746948,0.8893595337867737,0.0890641137957573,0.9953842163085938,0.6719680428504944,0.9528933763504028,-0.0894530713558197,0.9974121451377869,0.9383561015129089,0.9759567975997925,0.032348088920116425,0.027295123785734177,0.8981720805168152,1.0143293142318726,-0.14067651331424713,0.040568578988313675,1.0616450309753418,1.3539764881134033,0.041149936616420746,0.009929835796356201,1.017099142074585,1.3595445156097412,-0.02955021895468235,0.021778954192996025,1.0634275674819946,1.3991339206695557,0.0355379544198513,0.023661883547902107,1.0247056484222412,1.4342477321624756,-0.01673055812716484,0.03407062217593193,1.1128215789794922,1.453481912612915,-0.031119072809815407,0.013155749067664146,1.0950677394866943,1.3490041494369507,-0.07245504856109619,0.019848180934786797
0.3784678876399994,0.4306279420852661,0.1495225727558136,0.9815614223480225,0.3633842468261719,0.42147257924079895,0.1634301394224167,0.9759369492530823,0.363380491733551,0.4221290051937103,0.16285452246665955,0.9722235202789307,0.3583908975124359,0.4362570345401764,0.16282279789447784,0.9805764555931091,0.3611125648021698,0.4309675395488739,0.13035616278648376,0.9820575714111328,0.36066702008247375,0.43795347213745117,0.12949594855308533,0.9850987792015076,0.35857805609703064,0.4436131417751312,0.12902496755123138,0.9903749823570251,0.3576526939868927,0.46517252922058105,0.23635227978229523,0.990454375743866,0.3521649241447449,0.48552224040031433,0.08959906548261642,0.9814444184303284,0.3902539908885956,0.4583614766597748,0.18747767806053162,0.9806638360023499,0.38779592514038086,0.46401405334472656,0.14013519883155823,0.9809865951538086,0.47316107153892517,0.5436539053916931,0.2973833680152893,0.9985226988792419,0.3781673312187195,0.5842364430427551,0.024154696613550186,0.9994041919708252,0.5558165907859802,0.7254996299743652,0.5256509780883789,0.07121161371469498,0.32179075479507446,0.7681429386138916,-0.2680879235267639,0.5805884003639221,0.6261804103851318,0.7529740333557129,0.6855826377868652,0.09148768335580826,0.335900217294693,0.7037084698677063,-0.6080440878868103,0.6465216875076294,0.645018994808197,0.7701563239097595,0.7183670401573181,0.12007107585668564,0.3367486298084259,0.6975435018539429,-0.6734628081321716,0.6706032752990723,0.6438043117523193,0.7392676472663879,0.6628244519233704,0.12600566446781158,0.34034809470176697,0.6609317064285278,-0.6172090768814087,0.6655436158180237,0.6377772092819214,0.733296275138855,0.6680613160133362,0.1157616451382637,0.34350600838661194,0.6715362668037415,-0.5873856544494629,0.6315082311630249,0.7064241170883179,0.8939353823661804,0.08675749599933624,0.9955651760101318,0.6754809021949768,0.9501181840896606,-0.08716651052236557,0.9975090026855469,0.9381169080734253,0.9794158935546875,0.029254857450723648,0.02729378640651703,0.9012895822525024,1.0137391090393066,-0.15661808848381042,0.04631173983216286,1.0472925901412964,1.3900470733642578,-0.013934679329395294,0.010179962031543255,1.0147600173950195,1.3688298463821411,-0.06992831081151962,0.024251068010926247,1.0465023517608643,1.4440499544143677,-0.02423528954386711,0.023426206782460213,1.0236384868621826,1.4460088014602661,-0.05834374949336052,0.03676653280854225,1.1002339124679565,1.5004031658172607,-0.08513318002223969,0.01351544912904501,1.089748501777649,1.3701801300048828,-0.09385750442743301,0.02167748473584652
0.38360708951950073,0.4313800036907196,0.14669087529182434,0.9828141927719116,0.37144386768341064,0.4265868663787842,0.16088511049747467,0.9775832891464233,0.37182801961898804,0.4271644651889801,0.16028781235218048,0.9741113781929016,0.3711842894554138,0.4378219246864319,0.16029001772403717,0.9820226430892944,0.36827781796455383,0.4338141679763794,0.12728145718574524,0.9832426905632019,0.3676263988018036,0.4393749535083771,0.12643352150917053,0.9860143065452576,0.3659030497074127,0.4444047808647156,0.12598255276679993,0.9909771084785461,0.3599403500556946,0.4713374972343445,0.22115501761436462,0.9911768436431885,0.35389143228530884,0.4899362027645111,0.0890595093369484,0.9823682904243469,0.3948242962360382,0.458424836397171,0.1840299516916275,0.982093334197998,0.39159637689590454,0.46429675817489624,0.1367822289466858,0.9823064208030701,0.47669553756713867,0.5510556101799011,0.27483922243118286,0.9986164569854736,0.3835211396217346,0.5901676416397095,0.030105674639344215,0.9994280338287354,0.5594685673713684,0.6927358508110046,0.4906690716743469,0.06895588338375092,0.32358381152153015,0.7884665727615356,-0.23284582793712616,0.6019187569618225,0.5940151214599609,0.6203741431236267,0.6366835832595825,0.08992639183998108,0.3377259373664856,0.6875200271606445,-0.4302403926849365,0.6391100287437439,0.5937786102294922,0.6113613247871399,0.6659070253372192,0.11929267644882202,0.34017565846443176,0.6703083515167236,-0.4804838299751282,0.6584262847900391,0.5854387879371643,0.5861467123031616,0.6187493205070496,0.12518630921840668,0.3437289893627167,0.6377926468849182,-0.44933825731277466,0.6517441868782043,0.5837903022766113,0.5894056558609009,0.6224026083946228,0.1155880019068718,0.3454861342906952,0.6496438384056091,-0.4244605600833893,0.6174582242965698,0.7040426731109619,0.8947312831878662,0.08109535276889801,0.9957790970802307,0.6775375008583069,0.9494291543960571,-0.08154253661632538,0.9975792765617371,0.9354822039604187,0.9745104312896729,0.015839213505387306,0.03195703774690628,0.904321014881134,1.011925458908081,-0.13491110503673553,0.05326039344072342,1.0496504306793213,1.3891737461090088,-0.03397366777062416,0.011944910511374474,1.0121376514434814,1.3427677154541016,-0.007703323848545551,0.02732473984360695,1.0511618852615356,1.4420013427734375,-0.043551020324230194,0.02458343468606472,1.0199754238128662,1.415492296218872,0.010846095159649849,0.04016808047890663,1.1016255617141724,1.4972758293151855,-0.11501394212245941,0.015430325642228127,1.0835893154144287,1.34884512424469,-0.008958151564002037,0.024101460352540016
0.3802223205566406,0.4238373637199402,0.10332957655191422,0.9839770793914795,0.36870700120925903,0.42704251408576965,0.11787568032741547,0.9790577292442322,0.3680623173713684,0.4277770519256592,0.11732736974954605,0.9757860898971558,0.3675400912761688,0.4359281659126282,0.117276631295681,0.9833283424377441,0.35927480459213257,0.43449944257736206,0.08339953422546387,0.9842725992202759,0.3572057783603668,0.44004809856414795,0.082551509141922,0.986803412437439,0.3543747067451477,0.44488173723220825,0.08209747821092606,0.9915047883987427,0.3545483946800232,0.46786853671073914,0.20771655440330505,0.9918504953384399,0.34293198585510254,0.4899430572986603,0.05242793634533882,0.9832873940467834,0.39236980676651,0.4433249533176422,0.14604201912879944,0.9834294319152832,0.38685405254364014,0.4530039131641388,0.09718594700098038,0.9835342168807983,0.47480306029319763,0.5524918437004089,0.2645038664340973,0.9987094402313232,0.3720620274543762,0.6044231653213501,-0.0016188344452530146,0.9994586706161499,0.5743597745895386,0.6929775476455688,0.49313679337501526,0.0672934278845787,0.2937341630458832,0.7962939739227295,-0.2619073987007141,0.6275618076324463,0.6130129098892212,0.6626763343811035,0.6478512287139893,0.08604094386100769,0.33653685450553894,0.6741312146186829,-0.47162899374961853,0.6308548450469971,0.6209202408790588,0.6645844578742981,0.6793280839920044,0.1143663227558136,0.342074453830719,0.6528317928314209,-0.532711386680603,0.6443625092506409,0.6137215495109558,0.6356737613677979,0.6297555565834045,0.12011785805225372,0.34517985582351685,0.6166945695877075,-0.5097635984420776,0.6361556649208069,0.6096341609954834,0.6355160474777222,0.633208692073822,0.1114773079752922,0.3455668091773987,0.6307912468910217,-0.47426971793174744,0.6003344058990479,0.7040442228317261,0.8894103169441223,0.0851665735244751,0.9959473013877869,0.6699386835098267,0.949821412563324,-0.08554627001285553,0.9976592659950256,0.9387065768241882,0.9744367599487305,0.007100204471498728,0.03373950719833374,0.8896551132202148,1.0161242485046387,-0.17372700572013855,0.062005866318941116,1.0304763317108154,1.3882806301116943,-0.007640439085662365,0.011967114172875881,0.999438464641571,1.382445216178894,-0.06085718423128128,0.03034374862909317,1.0253045558929443,1.439834713935852,-0.009456964209675789,0.023935841396450996,1.0065834522247314,1.4625084400177002,-0.04497404769062996,0.04215359315276146,1.077081322669983,1.5166271924972534,-0.0667237788438797,0.015490910038352013,1.0748534202575684,1.392899990081787,-0.08098249137401581,0.026409659534692764
0.4097038805484772,0.4556305408477783,0.24581404030323029,0.9765080213546753,0.39660027623176575,0.460663378238678,0.2402055561542511,0.9676225781440735,0.3948872685432434,0.46485981345176697,0.23962683975696564,0.965216875076294,0.39403972029685974,0.47159984707832336,0.23962846398353577,0.9742618203163147,0.39818936586380005,0.45483818650245667,0.22018484771251678,0.975939929485321,0.39948955178260803,0.45488712191581726,0.21940433979034424,0.9812918305397034,0.40018385648727417,0.45506539940834045,0.21897172927856445,0.9873993396759033,0.38908547163009644,0.500239372253418,0.24035236239433289,0.9883108735084534,0.3998080790042877,0.48938629031181335,0.14853735268115997,0.9774305820465088,0.4149625301361084,0.4741056263446808,0.2570350468158722,0.973898708820343,0.4184555411338806,0.4675067365169525,0.22786366939544678,0.9757980108261108,0.46831488609313965,0.6079118251800537,0.25882935523986816,0.9985800981521606,0.4290122389793396,0.5733833909034729,0.09234903752803802,0.9994308352470398,0.48634815216064453,0.7392287254333496,0.42073529958724976,0.06093231588602066,0.3570738434791565,0.7844337224960327,-0.1711350530385971,0.5846521258354187,0.5096091628074646,0.6692283749580383,0.5424283146858215,0.07828598469495773,0.3431110084056854,0.6859326958656311,-0.41269856691360474,0.6167574524879456,0.5151674747467041,0.6793480515480042,0.5602436661720276,0.10555683076381683,0.3399578928947449,0.6760804057121277,-0.46887293457984924,0.6423419117927551,0.5129624605178833,0.6410959362983704,0.5262123346328735,0.11093123257160187,0.34450218081474304,0.6409002542495728,-0.4436430335044861,0.6330670118331909,0.5139856338500977,0.638933539390564,0.532719075679779,0.10287787020206451,0.34735411405563354,0.6519192457199097,-0.41280966997146606,0.5960073471069336,0.6999756097793579,0.8973025679588318,0.06599189341068268,0.9957451224327087,0.6868411302566528,0.9377796649932861,-0.06667949259281158,0.9975200891494751,0.9341294169425964,0.9757003784179688,0.02458721399307251,0.03178109973669052,0.9083843231201172,1.0026613473892212,-0.020790964365005493,0.058066729456186295,1.0572102069854736,1.3743830919265747,-0.027659540995955467,0.011987068690359592,1.027496099472046,1.3322902917861938,0.041568733751773834,0.029355892911553383,1.066522240638733,1.4274873733520508,-0.038833387196063995,0.023834804072976112,1.0445444583892822,1.4053773880004883,0.049898065626621246,0.04224530979990959,1.114013910293579,1.4697141647338867,-0.0880807563662529,0.015251080505549908,1.0831692218780518,1.3409124612808228,0.037035875022411346,0.025256657972931862
0.40730610489845276,0.4531222879886627,0.08042706549167633,0.9787163138389587,0.3915290832519531,0.4480726420879364,0.09122969955205917,0.9706782698631287,0.39058732986450195,0.44870617985725403,0.09065041691064835,0.968482255935669,0.3897412121295929,0.4502677619457245,0.09057830274105072,0.9767151474952698,0.3925802409648895,0.44988349080085754,0.06536854803562164,0.9781981706619263,0.3963093161582947,0.451608270406723,0.06462221592664719,0.9830183982849121,0.3986644148826599,0.4533010721206665,0.06425690650939941,0.988564133644104,0.38706666231155396,0.48144832253456116,0.15462134778499603,0.9894197583198547,0.3735547959804535,0.4859403967857361,0.0416676327586174,0.9794377684593201,0.4123942255973816,0.44969722628593445,0.11370550096035004,0.9763203859329224,0.41326624155044556,0.45277541875839233,0.07702784985303879,0.9780077338218689,0.4675706923007965,0.5882781744003296,0.2060214728116989,0.9986766576766968,0.41369685530662537,0.575114369392395,0.011059966869652271,0.9994558095932007,0.5180442333221436,0.6794421076774597,0.4114649295806885,0.059422802180051804,0.3158837854862213,0.7846086025238037,-0.23674681782722473,0.610958993434906,0.5155976414680481,0.5746673941612244,0.5534103512763977,0.07906969636678696,0.3391127288341522,0.6261439323425293,-0.43608054518699646,0.6252312064170837,0.5238350629806519,0.5556333661079407,0.565656304359436,0.10850480198860168,0.3395346999168396,0.5895894765853882,-0.48396506905555725,0.6455160975456238,0.53301602602005,0.5357620120048523,0.537387490272522,0.11449330300092697,0.3436328172683716,0.5584007501602173,-0.4516519606113434,0.6347792744636536,0.5291005373001099,0.544331431388855,0.5389804244041443,0.1073358803987503,0.346280038356781,0.5781866908073425,-0.431645005941391,0.598736584186554,0.6999263167381287,0.8978420495986938,0.0631428062915802,0.995833694934845,0.6871052384376526,0.9378054141998291,-0.06374572217464447,0.9975275993347168,0.9311742782592773,0.9769839644432068,0.013023465871810913,0.03286759927868843,0.9088332056999207,1.0032331943511963,-0.047519661486148834,0.05833199620246887,1.0505812168121338,1.369767427444458,-0.018806351348757744,0.0125198345631361,1.0243762731552124,1.3231602907180786,0.05240977928042412,0.030180620029568672,1.0572795867919922,1.4197094440460205,-0.024808628484606743,0.024764742702245712,1.0384533405303955,1.395442008972168,0.06613317131996155,0.04413493722677231,1.1065285205841064,1.4679464101791382,-0.06220344826579094,0.01631956547498703,1.0825767517089844,1.3303295373916626,0.056011270731687546,0.026454120874404907
0.40784186124801636,0.4356645941734314,0.09616358578205109,0.9800868034362793,0.3933960795402527,0.43609127402305603,0.10572381317615509,0.9725158214569092,0.39289575815200806,0.4376333951950073,0.10513579845428467,0.9703845381736755,0.3930698037147522,0.4396204650402069,0.10506173223257065,0.9783437848091125,0.39179736375808716,0.4373580515384674,0.07833103835582733,0.9795393943786621,0.3921155631542206,0.43985679745674133,0.07756595313549042,0.9839393496513367,0.3916856348514557,0.44245320558547974,0.07716210186481476,0.9892204403877258,0.37975290417671204,0.4724106788635254,0.16543352603912354,0.9901670217514038,0.37090346217155457,0.4861462414264679,0.04571429640054703,0.9802912473678589,0.4141460061073303,0.44526490569114685,0.1287313997745514,0.9780977368354797,0.41261935234069824,0.44901242852211,0.0898270457983017,0.9795712828636169,0.47545918822288513,0.5739176273345947,0.21312300860881805,0.9987584948539734,0.40426167845726013,0.5844987034797668,0.014056310057640076,0.9994802474975586,0.5479737520217896,0.6557440757751465,0.44072064757347107,0.057646650820970535,0.30677640438079834,0.7833143472671509,-0.2506732940673828,0.6299494504928589,0.5163553953170776,0.5422428250312805,0.6259583234786987,0.07771287858486176,0.33720338344573975,0.6507383584976196,-0.4520185887813568,0.6295658349990845,0.5456028580665588,0.5210750102996826,0.6576058864593506,0.1071636751294136,0.3383566737174988,0.630653977394104,-0.4946809709072113,0.6460035443305969,0.5527157187461853,0.500420868396759,0.6176062226295471,0.11327244341373444,0.3432345390319824,0.5985555052757263,-0.478840172290802,0.6345134377479553,0.5479552149772644,0.5094490647315979,0.6145305633544922,0.10672377794981003,0.34619221091270447,0.6114490032196045,-0.4371737837791443,0.5986707806587219,0.6999098062515259,0.8969438076019287,0.06201750040054321,0.9957780241966248,0.6862086057662964,0.9393810629844666,-0.0625927597284317,0.9974337816238403,0.928972601890564,0.9768654108047485,0.010840924456715584,0.03272188827395439,0.9092000126838684,1.0037740468978882,-0.056499969214200974,0.05677071586251259,1.0520490407943726,1.3589131832122803,-0.023674773052334785,0.012313012033700943,1.0237648487091064,1.321246862411499,0.05822811275720596,0.02949298545718193,1.0584447383880615,1.4077293872833252,-0.031238282099366188,0.02406730130314827,1.0373739004135132,1.392748475074768,0.07289515435695648,0.04361996799707413,1.1079633235931396,1.461190104484558,-0.07976878434419632,0.016169099137187004,1.0829880237579346,1.3276149034500122,0.05679428577423096,0.025972383096814156
0.3946570158004761,0.43629032373428345,0.06582244485616684,0.9808343052864075,0.3810940086841583,0.4360502064228058,0.07935255765914917,0.973136305809021,0.38114258646965027,0.43733176589012146,0.07875756919384003,0.9707318544387817,0.38143259286880493,0.4388297200202942,0.0787322148680687,0.9789059162139893,0.3746665120124817,0.4404849112033844,0.052314866334199905,0.9801426529884338,0.37278610467910767,0.4445844888687134,0.05149534344673157,0.9843634366989136,0.37036067247390747,0.44907650351524353,0.05101022869348526,0.9896019697189331,0.37190407514572144,0.46931424736976624,0.15896394848823547,0.9902728199958801,0.35557571053504944,0.4916161000728607,0.03878192603588104,0.9806047677993774,0.40805667638778687,0.45536383986473083,0.10517420619726181,0.9790067076683044,0.4044267237186432,0.46589118242263794,0.0662907212972641,0.9804208278656006,0.4752928614616394,0.5562427639961243,0.21672213077545166,0.9987727403640747,0.3843767046928406,0.6168502569198608,-0.006639423314481974,0.9995097517967224,0.5742722153663635,0.6721208691596985,0.4583527147769928,0.05378032475709915,0.2975577712059021,0.7849271893501282,-0.2723498046398163,0.6540759801864624,0.6296934485435486,0.6840495467185974,0.6266037821769714,0.07211475819349289,0.3335391879081726,0.6943170428276062,-0.5550946593284607,0.6547828912734985,0.6537564992904663,0.7141006588935852,0.6586713194847107,0.09996069222688675,0.3379032015800476,0.7016258835792542,-0.6256307363510132,0.6691225171089172,0.6489094495773315,0.6885372400283813,0.6060025691986084,0.10584712773561478,0.3429853916168213,0.6588075160980225,-0.607527494430542,0.6584417223930359,0.6417269706726074,0.6802834272384644,0.6107638478279114,0.09995236247777939,0.3460279107093811,0.6615098118782043,-0.5557128190994263,0.6219415664672852,0.7022181749343872,0.8893511295318604,0.06832822412252426,0.9957294464111328,0.677914559841156,0.9444196224212646,-0.06875846534967422,0.9974586367607117,0.929049015045166,0.968066930770874,0.01021634228527546,0.031301211565732956,0.8878173828125,1.008487343788147,-0.12124482542276382,0.05562036484479904,1.051687240600586,1.354193091392517,0.02424551732838154,0.011627024970948696,1.017252802848816,1.3498141765594482,-0.011240344494581223,0.02871708571910858,1.0566869974136353,1.4007387161254883,0.021432867273688316,0.022587185725569725,1.031103491783142,1.4197908639907837,0.000733752443920821,0.04165668413043022,1.1041109561920166,1.462759256362915,-0.04457256942987442,0.015359270386397839,1.0826911926269531,1.3576489686965942,-0.058560263365507126,0.02534986287355423
0.3874755799770355,0.4348514974117279,0.03911231458187103,0.9825212359428406,0.37395113706588745,0.4324222207069397,0.05344126373529434,0.975442111492157,0.37472546100616455,0.4325057566165924,0.05286356061697006,0.9732148051261902,0.3756505250930786,0.43279188871383667,0.052824072539806366,0.9807435870170593,0.367590993642807,0.4394310414791107,0.02440229058265686,0.9818766117095947,0.3646082282066345,0.4445095360279083,0.02360348589718342,0.9857113361358643,0.362086683511734,0.4491715729236603,0.02315150573849678,0.9905034303665161,0.3704754710197449,0.46055424213409424,0.14025625586509705,0.9911106824874878,0.3538450002670288,0.48823174834251404,0.010335823521018028,0.982207715511322,0.40365272760391235,0.4552258849143982,0.08025253564119339,0.9808880686759949,0.3982847332954407,0.4659789502620697,0.03867519646883011,0.9821723699569702,0.47425293922424316,0.5564876198768616,0.20958252251148224,0.9988513588905334,0.3844580352306366,0.615170955657959,-0.022319626063108444,0.9995441436767578,0.5766066312789917,0.6556390523910522,0.4553115963935852,0.05646760016679764,0.29730701446533203,0.7849246263504028,-0.29750269651412964,0.6780683398246765,0.6278467774391174,0.5627952814102173,0.6259272694587708,0.07897057384252548,0.3338318467140198,0.6858369708061218,-0.5688079595565796,0.6768572926521301,0.6234245300292969,0.5480172634124756,0.660316526889801,0.10913832485675812,0.33734339475631714,0.6846422553062439,-0.6325353384017944,0.688575804233551,0.61491858959198,0.5224762558937073,0.6090000867843628,0.11599638313055038,0.3455304205417633,0.6436765193939209,-0.6061379313468933,0.6780326962471008,0.6149231195449829,0.5315954685211182,0.6111381649971008,0.11017808318138123,0.3493947386741638,0.6486776471138,-0.5674842000007629,0.6422979831695557,0.7027391791343689,0.8890982866287231,0.06834573298692703,0.995751142501831,0.6768486499786377,0.9447027444839478,-0.06876127421855927,0.997465968132019,0.9331271052360535,0.9693270921707153,-0.002294147852808237,0.03167766332626343,0.8818389177322388,1.0098668336868286,-0.11225950717926025,0.05577990040183067,1.0516326427459717,1.3534976243972778,0.018312258645892143,0.011476291343569756,1.0171654224395752,1.3458068370819092,0.012121301144361496,0.028857918456196785,1.0563435554504395,1.39949631690979,0.013851726427674294,0.02197917550802231,1.0309922695159912,1.4147920608520508,0.027070384472608566,0.04149870574474335,1.1004971265792847,1.463616132736206,-0.04959426075220108,0.015353771857917309,1.0821421146392822,1.3502122163772583,-0.020496848970651627,0.025560660287737846
0.38494861125946045,0.4326692223548889,0.04266681149601936,0.9840056896209717,0.37282153964042664,0.4267105162143707,0.05969785526394844,0.9775210618972778,0.37419575452804565,0.4256635904312134,0.05912984535098076,0.975419819355011,0.3753373324871063,0.4248817563056946,0.05908631160855293,0.9824073314666748,0.3657947778701782,0.4366645812988281,0.028113409876823425,0.9834315776824951,0.3626813590526581,0.4424319267272949,0.027323197573423386,0.9868972897529602,0.35949593782424927,0.44859904050827026,0.026877310127019882,0.9913064241409302,0.3690638542175293,0.44736549258232117,0.14891080558300018,0.9918587803840637,0.35284680128097534,0.48381149768829346,0.010644258931279182,0.9835907816886902,0.4018220901489258,0.45402324199676514,0.0850733146071434,0.9825323820114136,0.3950958251953125,0.46591490507125854,0.04025809466838837,0.9836822748184204,0.4745781421661377,0.5522445440292358,0.21043816208839417,0.9989113211631775,0.38272690773010254,0.616663932800293,-0.033755816519260406,0.9995644688606262,0.5687686204910278,0.6412423253059387,0.46327143907546997,0.05647045373916626,0.3108345866203308,0.7841037511825562,-0.31116220355033875,0.7011223435401917,0.6173147559165955,0.5678597688674927,0.6351462602615356,0.07813993096351624,0.3332746624946594,0.6438550353050232,-0.5583090782165527,0.6898560523986816,0.6105717420578003,0.5592316389083862,0.6705080270767212,0.107793889939785,0.33680692315101624,0.6236152052879333,-0.6199278831481934,0.6961914300918579,0.6017091274261475,0.5362685322761536,0.6208891868591309,0.11470980942249298,0.34437912702560425,0.590088427066803,-0.591045618057251,0.6849802136421204,0.6015719175338745,0.5413702130317688,0.6208800673484802,0.10958683490753174,0.3477747440338135,0.6014026999473572,-0.5556315183639526,0.6480150818824768,0.7028471827507019,0.887926459312439,0.07370910048484802,0.9958599805831909,0.6739144325256348,0.9453663229942322,-0.07405164837837219,0.9975209832191467,0.9324771761894226,0.96827232837677,-0.001471697585657239,0.03228035941720009,0.8783136606216431,1.0117828845977783,-0.14891158044338226,0.05780782178044319,1.047135353088379,1.354309320449829,0.02496199496090412,0.011314951814711094,1.0092260837554932,1.3526793718338013,-0.02785903587937355,0.02933092787861824,1.0484607219696045,1.4003245830535889,0.022394409403204918,0.021437352523207664,1.020538568496704,1.4221458435058594,-0.013222885318100452,0.04135044291615486,1.0938823223114014,1.4669499397277832,-0.03772507235407829,0.01522066816687584,1.0770862102508545,1.361289143562317,-0.055996619164943695,0.026032542809844017
0.3785000443458557,0.43040114641189575,0.0463840588927269,0.9854432940483093,0.368645578622818,0.4179793894290924,0.06543399393558502,0.9794929623603821,0.3708275854587555,0.4146954417228699,0.06492261588573456,0.9775299429893494,0.37287527322769165,0.41165223717689514,0.06489037722349167,0.9839885830879211,0.3591235876083374,0.4335803985595703,0.034143466502428055,0.9848887920379639,0.35521066188812256,0.4401899576187134,0.0333675816655159,0.9879999160766602,0.35128745436668396,0.4467936158180237,0.032967161387205124,0.9920535683631897,0.36891335248947144,0.43226486444473267,0.14955687522888184,0.9925538301467896,0.34544506669044495,0.4794791638851166,0.022313889116048813,0.9848939180374146,0.39597031474113464,0.45082563161849976,0.0909765213727951,0.9841226935386658,0.38565054535865784,0.46592187881469727,0.04650849848985672,0.9851393699645996,0.4795721471309662,0.539358377456665,0.23191097378730774,0.9989927411079407,0.3719449043273926,0.6213825345039368,-0.02223869040608406,0.9995830059051514,0.5932303667068481,0.604509711265564,0.4444913864135742,0.07422563433647156,0.29470154643058777,0.7835787534713745,-0.2138775885105133,0.7194234728813171,0.580928385257721,0.47088822722435,0.5263075232505798,0.10083945095539093,0.31699368357658386,0.5724796652793884,-0.27785417437553406,0.6867880821228027,0.566017210483551,0.4467483460903168,0.5537734627723694,0.13100329041481018,0.32704442739486694,0.5154561996459961,-0.30883657932281494,0.6818628311157227,0.5489542484283447,0.41223233938217163,0.520695149898529,0.13834480941295624,0.3254295587539673,0.5155755877494812,-0.271135151386261,0.6690393090248108,0.5574566721916199,0.4351653754711151,0.5176070928573608,0.132917121052742,0.3302243649959564,0.5380502343177795,-0.26611679792404175,0.6350719928741455,0.7039504051208496,0.8811838030815125,0.07989578694105148,0.9957999587059021,0.6643409132957458,0.9471491575241089,-0.08030444383621216,0.9974119067192078,0.9328382611274719,0.9666077494621277,-0.003617814974859357,0.032040733844041824,0.8578890562057495,1.094242811203003,-0.1662154346704483,0.05692503973841667,1.0355651378631592,1.3583595752716064,0.03109579347074032,0.010801252909004688,1.0007623434066772,1.3944103717803955,-0.05181347578763962,0.028260190039873123,1.034151315689087,1.4025349617004395,0.03170173615217209,0.02026147022843361,1.0119287967681885,1.4624494314193726,-0.037561170756816864,0.039302464574575424,1.0761351585388184,1.492164969444275,-0.03031342290341854,0.01453977357596159,1.074647307395935,1.4057258367538452,-0.08953700959682465,0.024988828226923943
0.37564215064048767,0.4234341084957123,0.01679643802344799,0.986767590045929,0.36750343441963196,0.40917614102363586,0.03713463246822357,0.9812813401222229,0.37029221653938293,0.40511354804039,0.0366683192551136,0.9794476628303528,0.3725685179233551,0.40129783749580383,0.036665432155132294,0.9853944778442383,0.35661810636520386,0.4268623888492584,0.006614095531404018,0.9862458109855652,0.3520088791847229,0.4349895119667053,0.005837430711835623,0.9890621900558472,0.3476535677909851,0.44258877635002136,0.005418900866061449,0.9927639961242676,0.36810481548309326,0.4229433238506317,0.14386136829853058,0.9931778907775879,0.342143714427948,0.4741445779800415,0.009395746514201164,0.9862076640129089,0.39305856823921204,0.443350225687027,0.0659342110157013,0.9855606555938721,0.38078564405441284,0.46304142475128174,0.022149667143821716,0.9864948987960815,0.4797556400299072,0.5301043391227722,0.23023387789726257,0.9990525245666504,0.36733731627464294,0.6217319965362549,-0.028487682342529297,0.9996071457862854,0.5931358337402344,0.5886645913124084,0.40453076362609863,0.08180490881204605,0.2876558005809784,0.7855812907218933,-0.2419663369655609,0.7353963851928711,0.5725640058517456,0.4883109927177429,0.4689442217350006,0.10470972210168839,0.3145434558391571,0.6008211970329285,-0.3960142731666565,0.6929062008857727,0.5621000528335571,0.47305721044540405,0.4910798966884613,0.1371801644563675,0.32325679063796997,0.5633937120437622,-0.44468408823013306,0.6823697090148926,0.5492395162582397,0.4492571949958801,0.45835551619529724,0.14487029612064362,0.3267296552658081,0.5412265658378601,-0.41185083985328674,0.6688624620437622,0.5523163080215454,0.45987287163734436,0.45997053384780884,0.13958196341991425,0.33104950189590454,0.5590411424636841,-0.39017897844314575,0.6363807320594788,0.7056717872619629,0.876906156539917,0.07999885082244873,0.9956369996070862,0.6593136787414551,0.9523313641548157,-0.08042912930250168,0.9973320960998535,0.9383074045181274,0.9671701192855835,-0.006270899437367916,0.03211487457156181,0.846686065196991,1.1169222593307495,-0.19437436759471893,0.056704238057136536,1.0281174182891846,1.3733590841293335,0.056164808571338654,0.01048469077795744,0.991744339466095,1.434149980545044,-0.07154174149036407,0.028026510030031204,1.0253169536590576,1.413262963294983,0.05982011556625366,0.01941772922873497,1.0033166408538818,1.5058809518814087,-0.057276081293821335,0.037892915308475494,1.061479091644287,1.5257006883621216,-0.015344192273914814,0.014190735295414925,1.0663840770721436,1.4508635997772217,-0.12984198331832886,0.024716444313526154
0.3741456866264343,0.4195330739021301,-0.0005269756074994802,0.9880024790763855,0.3666127920150757,0.40272149443626404,0.020994769409298897,0.9829696416854858,0.37002530694007874,0.3985736072063446,0.020496878772974014,0.9812772274017334,0.3721245229244232,0.39461928606033325,0.02047141082584858,0.9867150187492371,0.35423120856285095,0.42104199528694153,-0.00852638203650713,0.9875137805938721,0.3489713668823242,0.4300994575023651,-0.00933152437210083,0.9900604486465454,0.34410151839256287,0.43837007880210876,-0.009782779961824417,0.9934249520301819,0.3675990402698517,0.4181678295135498,0.14031937718391418,0.9937782287597656,0.33873802423477173,0.4696963429450989,0.005283382721245289,0.9874398708343506,0.3922329843044281,0.4400343894958496,0.052021365612745285,0.9869078397750854,0.3784863352775574,0.46219146251678467,0.008843662217259407,0.987761378288269,0.4806806147098541,0.5260121822357178,0.22959323227405548,0.9991188049316406,0.364942729473114,0.6216027140617371,-0.023220699280500412,0.999633252620697,0.5962741374969482,0.5933169722557068,0.4118693470954895,0.10262137651443481,0.2851226031780243,0.7853259444236755,-0.2654113173484802,0.7423075437545776,0.5618859529495239,0.43877774477005005,0.5165163278579712,0.1342858076095581,0.30425137281417847,0.6781595945358276,-0.4961298108100891,0.6970120072364807,0.5407943725585938,0.3991450071334839,0.5430470705032349,0.16874273121356964,0.3178204894065857,0.658082127571106,-0.5500808954238892,0.6848835945129395,0.5276111364364624,0.38575631380081177,0.5028080940246582,0.17731709778308868,0.3267458975315094,0.6227958798408508,-0.5218806862831116,0.6716658473014832,0.5420503616333008,0.39638999104499817,0.5050788521766663,0.1710904836654663,0.33108311891555786,0.6286759972572327,-0.4927281439304352,0.6413897275924683,0.7063032984733582,0.8750772476196289,0.08109697699546814,0.995576798915863,0.6565579175949097,0.954419732093811,-0.08153392374515533,0.9972783923149109,0.9407161474227905,0.9671636819839478,-0.0057001905515789986,0.034060653299093246,0.8406134843826294,1.1125454902648926,-0.1968199461698532,0.05705340951681137,1.0119682550430298,1.3780080080032349,0.06195561960339546,0.010416654869914055,0.9831699132919312,1.4427248239517212,-0.05740135908126831,0.028020868077874184,1.0072658061981201,1.4175190925598145,0.06498410552740097,0.018886148929595947,0.9938350915908813,1.516619324684143,-0.04218290373682976,0.036743905395269394,1.0397627353668213,1.5308493375778198,-0.01028110645711422,0.01410730555653572,1.058984398841858,1.465361475944519,-0.11047957837581635,0.024512311443686485
0.37282973527908325,0.4195822775363922,0.007189188152551651,0.9891244769096375,0.3662671446800232,0.40083104372024536,0.029643196612596512,0.9845379590988159,0.3698878586292267,0.3968227505683899,0.029102370142936707,0.9829795360565186,0.3717973530292511,0.39303240180015564,0.02906073071062565,0.9879433512687683,0.3534545600414276,0.4191587567329407,-2.8687940357485786e-05,0.9886769652366638,0.3482601046562195,0.42848798632621765,-0.0008496108348481357,0.9909735918045044,0.3436339497566223,0.4366641640663147,-0.0013143045362085104,0.9940305948257446,0.36788979172706604,0.4168389141559601,0.14469990134239197,0.9943416714668274,0.3377407193183899,0.46832507848739624,0.010687463916838169,0.9885619878768921,0.3912200331687927,0.44084155559539795,0.05785249546170235,0.9881197810173035,0.3769039809703827,0.4626404941082001,0.014833328314125538,0.9888908267021179,0.48129338026046753,0.5285155177116394,0.22907523810863495,0.9991742372512817,0.3665458858013153,0.6236773729324341,-0.019486326724290848,0.9996551275253296,0.5934395790100098,0.5957449674606323,0.47434258460998535,0.10873175412416458,0.28605371713638306,0.7798115015029907,-0.26936060190200806,0.7542832493782043,0.5637174844741821,0.4820623993873596,0.6645365953445435,0.14962883293628693,0.3078368008136749,0.6825549006462097,-0.5135892629623413,0.7092978358268738,0.5479581952095032,0.45554912090301514,0.7046292424201965,0.18592531979084015,0.31726953387260437,0.6709069013595581,-0.5703586339950562,0.6961233615875244,0.5375285744667053,0.4171302914619446,0.6526268720626831,0.19593536853790283,0.32738277316093445,0.6320416927337646,-0.5431250333786011,0.6830047369003296,0.5464330315589905,0.44544804096221924,0.6500312089920044,0.1903940588235855,0.3317895531654358,0.6370840668678284,-0.5114940404891968,0.6541391015052795,0.7092887163162231,0.8760492205619812,0.08064017444849014,0.9956486821174622,0.6586790680885315,0.9550405740737915,-0.08108299225568771,0.9973241686820984,0.941012978553772,0.9718377590179443,-0.005423352587968111,0.034315578639507294,0.8408075571060181,1.1297543048858643,-0.1798018515110016,0.057687267661094666,1.0087743997573853,1.3875442743301392,0.05223358795046806,0.010082049295306206,0.9813292622566223,1.4631792306900024,-0.05895046144723892,0.028177304193377495,1.0041029453277588,1.4273457527160645,0.054990172386169434,0.018159354105591774,0.9920756220817566,1.5381567478179932,-0.044741176068782806,0.03637038543820381,1.0379176139831543,1.5450693368911743,-0.013546178117394447,0.013724548742175102,1.055851936340332,1.4936680793762207,-0.099962517619133,0.024531453847885132
0.37266600131988525,0.4062325656414032,0.003989831544458866,0.9901520609855652,0.36485055088996887,0.39304694533348083,0.02694772556424141,0.9859951734542847,0.36860430240631104,0.39035987854003906,0.02642754279077053,0.9845662117004395,0.37120115756988525,0.38739073276519775,0.02638215944170952,0.9890908002853394,0.35231858491897583,0.40840548276901245,-0.0068926503881812096,0.9897453188896179,0.3473026156425476,0.4171234965324402,-0.007702715694904327,0.9918056130409241,0.3425363302230835,0.4255673289299011,-0.008130297064781189,0.9945850372314453,0.3672733008861542,0.41523584723472595,0.14424918591976166,0.994868278503418,0.33517271280288696,0.4633699655532837,-0.007363190408796072,0.9895913004875183,0.39094650745391846,0.43198615312576294,0.055377405136823654,0.9892340898513794,0.3771754503250122,0.4532950818538666,0.0073821162804961205,0.9899193048477173,0.48095497488975525,0.5297931432723999,0.22879762947559357,0.9992328882217407,0.3679954707622528,0.6251575350761414,-0.04419295862317085,0.9996655583381653,0.5913497805595398,0.6051852703094482,0.47159820795059204,0.12258792668581009,0.2850111722946167,0.773333728313446,-0.2655715346336365,0.7699857354164124,0.5637701749801636,0.4667738080024719,0.6358429789543152,0.17120206356048584,0.30334049463272095,0.5685369968414307,-0.35912153124809265,0.7048906087875366,0.5507520437240601,0.41422581672668457,0.6735467910766602,0.20584698021411896,0.31225448846817017,0.49630647897720337,-0.39304226636886597,0.6815280914306641,0.5401593446731567,0.39247405529022217,0.6274128556251526,0.21659007668495178,0.31511539220809937,0.4894242286682129,-0.35384097695350647,0.666702389717102,0.5423405766487122,0.408513605594635,0.6228355765342712,0.21205049753189087,0.31753233075141907,0.510551929473877,-0.347762793302536,0.6399237513542175,0.7106994390487671,0.8746992945671082,0.08309564739465714,0.9956859350204468,0.6578372120857239,0.9551095962524414,-0.08350133895874023,0.9973034262657166,0.9431436657905579,0.9719123840332031,-0.005328320432454348,0.034762512892484665,0.837363600730896,1.135568618774414,-0.19184060394763947,0.058821290731430054,1.0102771520614624,1.3945149183273315,0.045482829213142395,0.009713657200336456,0.9824963808059692,1.4722117185592651,-0.08370105177164078,0.027815429493784904,1.0060175657272339,1.4356541633605957,0.046401314437389374,0.01737441122531891,0.9936626553535461,1.5465861558914185,-0.06951077282428741,0.0353362075984478,1.0380864143371582,1.5523231029510498,-0.015561776235699654,0.013258256949484348,1.0575969219207764,1.499632716178894,-0.11719602346420288,0.02416227012872696
0.37163245677948,0.39626744389533997,-0.006805364042520523,0.9911102056503296,0.36331307888031006,0.38586747646331787,0.014761695638298988,0.9873487949371338,0.36745530366897583,0.3839779198169708,0.01423945277929306,0.9860562086105347,0.37077245116233826,0.3816814720630646,0.014171754941344261,0.9901512265205383,0.3501128554344177,0.39884865283966064,-0.019532615318894386,0.9907366037368774,0.3448198139667511,0.4072990119457245,-0.020340364426374435,0.9925915598869324,0.33938485383987427,0.41611382365226746,-0.02076072245836258,0.9951023459434509,0.36649563908576965,0.4128250479698181,0.13507838547229767,0.9953641295433044,0.3306465446949005,0.4579356610774994,-0.021175023168325424,0.9905747771263123,0.3900655508041382,0.42612123489379883,0.04553957283496857,0.99028080701828,0.37654751539230347,0.44676512479782104,-0.0033618181478232145,0.9908936619758606,0.4806986451148987,0.5292699933052063,0.22312691807746887,0.9992998838424683,0.366905152797699,0.6255798935890198,-0.04926745966076851,0.9996858239173889,0.5864400267601013,0.6135022044181824,0.4400607943534851,0.17138047516345978,0.2849431037902832,0.7690750360488892,-0.28472328186035156,0.7809086441993713,0.5503662824630737,0.40116092562675476,0.5406994819641113,0.23511537909507751,0.2986111342906952,0.5931224226951599,-0.39624327421188354,0.705469012260437,0.5497552752494812,0.35157379508018494,0.5712648630142212,0.2658936679363251,0.30256110429763794,0.5493288040161133,-0.41053590178489685,0.6780829429626465,0.5384222269058228,0.33809685707092285,0.5263832807540894,0.2767443358898163,0.30892008543014526,0.5290302038192749,-0.38082218170166016,0.6626481413841248,0.5368454456329346,0.35599565505981445,0.5265930891036987,0.271685391664505,0.31257665157318115,0.5445711016654968,-0.3807600140571594,0.6394256949424744,0.7105296850204468,0.8723321557044983,0.08386988937854767,0.9958987832069397,0.6534608602523804,0.9544726014137268,-0.08426260203123093,0.9973901510238647,0.9440675973892212,0.9717841148376465,-0.019482610747218132,0.04202849045395851,0.8156198263168335,1.0767968893051147,-0.23411035537719727,0.06552457809448242,0.9982287287712097,1.3960243463516235,0.01807909645140171,0.010309424251317978,0.9768729209899902,1.473527193069458,-0.1092834621667862,0.029390180483460426,0.990381121635437,1.4378526210784912,0.019215267151594162,0.01771983504295349,0.987285315990448,1.5480128526687622,-0.09391803294420242,0.03577388450503349,1.0265568494796753,1.5585002899169922,-0.04139290377497673,0.014016689732670784,1.054965615272522,1.510429859161377,-0.14543698728084564,0.02524447999894619
0.37444981932640076,0.39039140939712524,-0.012087564915418625,0.9919793009757996,0.3635989725589752,0.38267379999160767,0.01259611826390028,0.9885846376419067,0.3674561679363251,0.3819652497768402,0.012103044427931309,0.9874117374420166,0.370627224445343,0.3805658221244812,0.012053320184350014,0.9911178350448608,0.3502974510192871,0.3927557170391083,-0.02358570322394371,0.9916394948959351,0.3453918993473053,0.4006565809249878,-0.024381984025239944,0.9933037161827087,0.3401450514793396,0.4094272255897522,-0.024763120338320732,0.9955750107765198,0.36604970693588257,0.413417786359787,0.13638684153556824,0.9958133697509766,0.32970985770225525,0.4561369717121124,-0.025307053700089455,0.9914692640304565,0.39088645577430725,0.422049880027771,0.0418144091963768,0.9912257790565491,0.3784540295600891,0.4387509524822235,-0.009369274601340294,0.9917728900909424,0.48064130544662476,0.5301637053489685,0.22491741180419922,0.9993560910224915,0.3673843443393707,0.6255233883857727,-0.05863746255636215,0.9996941685676575,0.5848421454429626,0.5982521772384644,0.4517850875854492,0.21494072675704956,0.2811204791069031,0.7557275295257568,-0.1931639015674591,0.7977057099342346,0.5419767498970032,0.370954692363739,0.5592503547668457,0.2864312529563904,0.2797507345676422,0.48317950963974,-0.13563498854637146,0.6989533305168152,0.5433701276779175,0.3198626637458801,0.5982443690299988,0.31050270795822144,0.2849276661872864,0.40953928232192993,-0.1480812132358551,0.6561245918273926,0.5321043729782104,0.3072645962238312,0.5568069219589233,0.3213397264480591,0.290282279253006,0.4049461781978607,-0.10828165709972382,0.6390492916107178,0.5293439626693726,0.3318636417388916,0.5464556813240051,0.31666260957717896,0.2933752238750458,0.4428355395793915,-0.12034417688846588,0.6200821995735168,0.7095659375190735,0.8697803020477295,0.08912041783332825,0.9960575103759766,0.650858998298645,0.9491492509841919,-0.0894981175661087,0.9974431991577148,0.9440029263496399,0.9687208533287048,-0.017046160995960236,0.04756900668144226,0.818282425403595,1.0458623170852661,-0.24938161671161652,0.07084120810031891,0.9977304339408875,1.3892852067947388,0.025696594268083572,0.01019788533449173,0.9715257883071899,1.464417576789856,-0.13169194757938385,0.029201257973909378,0.9892655611038208,1.4296293258666992,0.029629696160554886,0.01728692837059498,0.9789472818374634,1.538590669631958,-0.11569422483444214,0.03476022556424141,1.0264924764633179,1.5511234998703003,-0.01454499363899231,0.01381775178015232,1.05411696434021,1.4945064783096313,-0.15644660592079163,0.025047045201063156
0.3751682639122009,0.3870983123779297,-0.027261313050985336,0.9927608370780945,0.3630056083202362,0.3818872570991516,-0.0010335800470784307,0.9896962642669678,0.3665345311164856,0.3816543519496918,-0.0015234292950481176,0.9886323809623718,0.36974650621414185,0.3806056082248688,-0.0015601356280967593,0.9919874668121338,0.3502480983734131,0.3912387788295746,-0.038609251379966736,0.992452085018158,0.3453387916088104,0.39925330877304077,-0.039411917328834534,0.9939457178115845,0.3400701582431793,0.40829259157180786,-0.039797939360141754,0.9960006475448608,0.36472928524017334,0.41445982456207275,0.12967480719089508,0.9962185025215149,0.32932940125465393,0.45642563700675964,-0.03905127942562103,0.9922775626182556,0.3914259076118469,0.4178999662399292,0.028955761343240738,0.9920786619186401,0.3794078528881073,0.4331822395324707,-0.02403661236166954,0.9925675392150879,0.48126330971717834,0.5289824604988098,0.22498831152915955,0.9994066953659058,0.3676283657550812,0.6251275539398193,-0.07294668257236481,0.9997038245201111,0.5819748044013977,0.5877323746681213,0.45391207933425903,0.2590842843055725,0.28186744451522827,0.7473646998405457,-0.198245570063591,0.8140897154808044,0.5372757315635681,0.36548978090286255,0.5638493299484253,0.3378499746322632,0.2764216661453247,0.49185043573379517,-0.1652558147907257,0.7022790908813477,0.5379183888435364,0.31755489110946655,0.600305438041687,0.3564552962779999,0.28361600637435913,0.41469305753707886,-0.18488164246082306,0.6469399929046631,0.5280259847640991,0.30329301953315735,0.55724036693573,0.36735525727272034,0.2889496982097626,0.40352800488471985,-0.14630840718746185,0.6284814476966858,0.5259531140327454,0.3280467987060547,0.5506576299667358,0.36291974782943726,0.2877110540866852,0.43664097785949707,-0.15144430100917816,0.6123835444450378,0.7095149755477905,0.8669999837875366,0.0935230627655983,0.996191680431366,0.6508601903915405,0.9488399028778076,-0.09385022521018982,0.9974842071533203,0.9427306056022644,0.9624994993209839,-0.015371816232800484,0.05589774250984192,0.8253251314163208,1.042283535003662,-0.24757352471351624,0.08252884447574615,1.0006920099258423,1.3718342781066895,0.08462792634963989,0.0104752779006958,0.974083423614502,1.4570766687393188,-0.10557536780834198,0.03048023395240307,0.9937846064567566,1.4116227626800537,0.09378907829523087,0.017331907525658607,0.982528805732727,1.531343698501587,-0.09035038948059082,0.03483681380748749,1.030638337135315,1.5302553176879883,0.0530942901968956,0.014120894484221935,1.0548968315124512,1.4841152429580688,-0.1369883120059967,0.025943763554096222
0.3746109902858734,0.3854280114173889,-0.016531899571418762,0.9934617877006531,0.3605605363845825,0.3812260031700134,0.007566758431494236,0.990692675113678,0.3637981712818146,0.3812211751937866,0.007063729222863913,0.9897264242172241,0.36712324619293213,0.3803362250328064,0.007017021533101797,0.9927680492401123,0.34821945428848267,0.3909294605255127,-0.02858148142695427,0.9931795001029968,0.34326285123825073,0.3993333578109741,-0.02938959002494812,0.9945189952850342,0.33793991804122925,0.4086471498012543,-0.029783468693494797,0.9963809251785278,0.36241573095321655,0.4152483642101288,0.13192620873451233,0.9965817928314209,0.3281504511833191,0.4567379951477051,-0.03151635080575943,0.992996096611023,0.39084625244140625,0.4170425832271576,0.03711899369955063,0.9928461313247681,0.37920722365379333,0.4322727918624878,-0.014019717462360859,0.9932818412780762,0.48198914527893066,0.5290000438690186,0.22502164542675018,0.999454915523529,0.36687394976615906,0.6250213384628296,-0.06531725823879242,0.9997161030769348,0.5803375244140625,0.5947169661521912,0.4529414772987366,0.3001248836517334,0.2830185890197754,0.743226170539856,-0.19915913045406342,0.8273948431015015,0.5340102910995483,0.3680952787399292,0.548436164855957,0.38855695724487305,0.2821942865848541,0.5222317576408386,-0.21266746520996094,0.7032468318939209,0.5365815162658691,0.32033661007881165,0.579461932182312,0.40298977494239807,0.28777334094047546,0.46770888566970825,-0.23711097240447998,0.6393093466758728,0.5268641710281372,0.3079032003879547,0.5335170030593872,0.4137136936187744,0.2934027314186096,0.44854629039764404,-0.20499511063098907,0.620213508605957,0.52430260181427,0.3323685824871063,0.5336140990257263,0.40909719467163086,0.2937469780445099,0.47142165899276733,-0.20274105668067932,0.6070659756660461,0.7102546095848083,0.8669942021369934,0.0935506522655487,0.996338427066803,0.6506623029708862,0.949187159538269,-0.0938868522644043,0.9975400567054749,0.9424372911453247,0.9595019817352295,-0.012603464536368847,0.06351595371961594,0.8292685747146606,1.041216254234314,-0.23263049125671387,0.09155428409576416,0.9985211491584778,1.363133192062378,0.08436049520969391,0.010737719014286995,0.974048912525177,1.4534739255905151,-0.0916728526353836,0.03154653683304787,0.9907480478286743,1.4029797315597534,0.09222929179668427,0.01735929772257805,0.9823169708251953,1.5273891687393188,-0.06876150518655777,0.0349249541759491,1.0278326272964478,1.5214346647262573,0.052592985332012177,0.014404882676899433,1.0540841817855835,1.480625867843628,-0.10074541717767715,0.026672443374991417
0.37372875213623047,0.38548457622528076,-0.02279261127114296,0.9940940737724304,0.35826388001441956,0.38160502910614014,-0.0006222851225174963,0.9915911555290222,0.3611512780189514,0.3815188407897949,-0.0011184762697666883,0.9907160997390747,0.3643263876438141,0.3805789649486542,-0.0011683752527460456,0.9934720396995544,0.34663429856300354,0.3918963074684143,-0.03689490258693695,0.9938340783119202,0.34181126952171326,0.4004676342010498,-0.03771934658288956,0.9950364828109741,0.3366360366344452,0.40973198413848877,-0.03811495751142502,0.9967228770256042,0.3599027693271637,0.41577884554862976,0.12019084393978119,0.9969111084938049,0.32759398221969604,0.45706722140312195,-0.043481048196554184,0.9936474561691284,0.39013880491256714,0.4158916473388672,0.0300121046602726,0.9935386180877686,0.3790052533149719,0.43114614486694336,-0.021208301186561584,0.9939255118370056,0.4828944802284241,0.5288115739822388,0.21672913432121277,0.999498188495636,0.3669915199279785,0.6212666630744934,-0.07954244315624237,0.9997237920761108,0.5793102979660034,0.5989399552345276,0.42024165391921997,0.3470747470855713,0.2837820053100586,0.7392038702964783,-0.20920391380786896,0.8403542041778564,0.5334799885749817,0.366083562374115,0.4846649169921875,0.4385450780391693,0.2848840355873108,0.5256868004798889,-0.2295982539653778,0.7023584842681885,0.537783145904541,0.31656286120414734,0.5101313591003418,0.450003981590271,0.28989285230636597,0.47729581594467163,-0.2541435956954956,0.6312233209609985,0.5275495052337646,0.3047483563423157,0.46242111921310425,0.46045419573783875,0.2953159511089325,0.45588064193725586,-0.22357025742530823,0.6117691993713379,0.5248895287513733,0.3318846523761749,0.46821755170822144,0.45587053894996643,0.2960261106491089,0.4755849242210388,-0.22033317387104034,0.6024007201194763,0.7102200388908386,0.8673476576805115,0.0950576663017273,0.9964999556541443,0.6511154174804688,0.9491673111915588,-0.09538452327251434,0.9976121783256531,0.9422169923782349,0.9572343826293945,-0.01173936016857624,0.0836510881781578,0.8315168619155884,1.041270136833191,-0.24502027034759521,0.11889884620904922,0.9916099309921265,1.3639402389526367,0.07198154926300049,0.012841415591537952,0.9736257791519165,1.4592524766921997,-0.10304071754217148,0.03890090063214302,0.9804115295410156,1.403592824935913,0.07737862318754196,0.019145507365465164,0.9807668924331665,1.5329124927520752,-0.08311454951763153,0.03905923292040825,1.0191606283187866,1.5294162034988403,0.031422194093465805,0.016829201951622963,1.0543978214263916,1.4899027347564697,-0.12180900573730469,0.032026343047618866
0.3732183575630188,0.384752482175827,-0.026618560776114464,0.9946670532226562,0.35683053731918335,0.3810519874095917,-0.004300552885979414,0.9924061894416809,0.3591826856136322,0.3811926245689392,-0.0048040118999779224,0.9916141033172607,0.36188966035842896,0.38046905398368835,-0.004865151830017567,0.994110107421875,0.3458835482597351,0.3910573720932007,-0.040692515671253204,0.9944273233413696,0.34090477228164673,0.3996777832508087,-0.041495658457279205,0.9955055117607117,0.33545416593551636,0.4089474081993103,-0.041874244809150696,0.997032880783081,0.3567564785480499,0.41622394323349,0.11765182018280029,0.9972095489501953,0.3256816864013672,0.4568003714084625,-0.04588199406862259,0.9942352175712585,0.38931888341903687,0.4155568778514862,0.02694089710712433,0.9941654801368713,0.37888309359550476,0.42939358949661255,-0.024436146020889282,0.9945082068443298,0.4821445345878601,0.5284527540206909,0.2141101360321045,0.9995394349098206,0.3653086721897125,0.6209287047386169,-0.08226342499256134,0.9997274279594421,0.578883707523346,0.5864648222923279,0.3900059461593628,0.39685219526290894,0.2841598391532898,0.7319144606590271,-0.20466935634613037,0.8523895740509033,0.5320571660995483,0.3531765043735504,0.40897050499916077,0.4884752333164215,0.2795058488845825,0.4903918504714966,-0.18815836310386658,0.7029225826263428,0.5366138219833374,0.2964051067829132,0.4270049035549164,0.4972725808620453,0.28536009788513184,0.42067477107048035,-0.20914852619171143,0.6237075328826904,0.5248701572418213,0.28875085711479187,0.3817329704761505,0.5071513652801514,0.28913581371307373,0.42489153146743774,-0.17794665694236755,0.6038913726806641,0.5214251279830933,0.31573402881622314,0.3924216032028198,0.5025271773338318,0.29481086134910583,0.434373140335083,-0.17780761420726776,0.598075270652771,0.7094708681106567,0.8668003678321838,0.096389040350914,0.9966371655464172,0.6504435539245605,0.9493022561073303,-0.0967252105474472,0.9976487755775452,0.9412230253219604,0.9525522589683533,-0.005189412739127874,0.10007011890411377,0.8322749137878418,1.0415631532669067,-0.2418040782213211,0.13635258376598358,0.9896122217178345,1.355930209159851,0.0904502421617508,0.01393608096987009,0.9733422994613647,1.4572292566299438,-0.09545937925577164,0.04147962108254433,0.9789207577705383,1.3942358493804932,0.09844481199979782,0.02003771811723709,0.9793182611465454,1.5304889678955078,-0.07070298492908478,0.04002835229039192,1.0167813301086426,1.525179147720337,0.054035138338804245,0.018074072897434235,1.0545648336410522,1.4866607189178467,-0.10630962997674942,0.03390594199299812
0.37151026725769043,0.3837883770465851,-0.022691329941153526,0.9951828718185425,0.3554624021053314,0.38038012385368347,-0.00019407446961849928,0.9931396245956421,0.35791492462158203,0.3804629445075989,-0.0007017006864771247,0.9924224615097046,0.3607509732246399,0.37974366545677185,-0.0007681013667024672,0.9946844577789307,0.3447793126106262,0.39071446657180786,-0.03794390708208084,0.9949617981910706,0.3399055600166321,0.3994639813899994,-0.03874388337135315,0.9959290027618408,0.33445900678634644,0.4087778329849243,-0.039117828011512756,0.9973124861717224,0.3560279607772827,0.416401743888855,0.12068058550357819,0.9974790215492249,0.32479754090309143,0.45653262734413147,-0.050198573619127274,0.994766354560852,0.3879631757736206,0.41409268975257874,0.030635958537459373,0.9947316646575928,0.37830835580825806,0.4269934296607971,-0.022554006427526474,0.9950352907180786,0.4819701313972473,0.5281780958175659,0.2211158722639084,0.9995777010917664,0.3637200891971588,0.6196632981300354,-0.0977703258395195,0.9997358918190002,0.5781445503234863,0.5769025087356567,0.403815358877182,0.4424141049385071,0.28462475538253784,0.7199355363845825,-0.23588332533836365,0.8640332818031311,0.5311205983161926,0.3436689078807831,0.4391753077507019,0.5344246625900269,0.278275728225708,0.4757627248764038,-0.24176152050495148,0.7134971618652344,0.5346935987472534,0.28932616114616394,0.46026405692100525,0.5408451557159424,0.28458645939826965,0.3978675901889801,-0.2703762948513031,0.6296402812004089,0.5214148759841919,0.2830614745616913,0.41357937455177307,0.5501240491867065,0.288155734539032,0.40545403957366943,-0.23850178718566895,0.6095266938209534,0.5179863572120667,0.30785322189331055,0.42238935828208923,0.545456051826477,0.2904823422431946,0.41933712363243103,-0.2326158732175827,0.6053332090377808,0.7093178629875183,0.8669461607933044,0.10419827699661255,0.9967696666717529,0.6499252319335938,0.94938063621521,-0.10451109707355499,0.9976907968521118,0.9407719373703003,0.9517548680305481,0.00596822751685977,0.11311415582895279,0.8444663882255554,1.038116216659546,-0.25261732935905457,0.15331581234931946,0.9893280267715454,1.356048583984375,0.1112445816397667,0.014621298760175705,0.9735478162765503,1.455411434173584,-0.09224074333906174,0.04425359144806862,0.9782747030258179,1.3941065073013306,0.12019400298595428,0.020594248548150063,0.9803605079650879,1.5283106565475464,-0.06976477801799774,0.04118575528264046,1.017244577407837,1.525128722190857,0.07895629107952118,0.018922852352261543,1.0552568435668945,1.484973669052124,-0.10727672278881073,0.03588330000638962
0.3707514703273773,0.3792603015899658,-0.017264027148485184,0.9956455826759338,0.35496118664741516,0.37635719776153564,0.011343424208462238,0.9937982559204102,0.3573431372642517,0.37690913677215576,0.010855345986783504,0.9931461215019226,0.3601520359516144,0.37648841738700867,0.010778126306831837,0.9952003955841064,0.3443882465362549,0.3872670531272888,-0.030049443244934082,0.9954415559768677,0.3394927680492401,0.396938294172287,-0.030809957534074783,0.9963065981864929,0.33390873670578003,0.40733036398887634,-0.031129393726587296,0.997562825679779,0.35564905405044556,0.41642066836357117,0.14402228593826294,0.9977191090583801,0.32399582862854004,0.45641618967056274,-0.04017309471964836,0.9952368140220642,0.3869193196296692,0.4104117453098297,0.04015403613448143,0.9952386617660522,0.3779776990413666,0.42443954944610596,-0.01806160807609558,0.9955061674118042,0.48105770349502563,0.526749312877655,0.24348893761634827,0.999611496925354,0.36231729388237,0.6195836663246155,-0.08737094700336456,0.9997401237487793,0.575493335723877,0.5676016211509705,0.4087478518486023,0.48160821199417114,0.28447040915489197,0.7087436318397522,-0.21511705219745636,0.8746248483657837,0.5315296053886414,0.3414290249347687,0.4349242150783539,0.5748565196990967,0.27700120210647583,0.43384820222854614,-0.18426944315433502,0.7218352556228638,0.5348575711250305,0.28312385082244873,0.4541703164577484,0.5787225365638733,0.28178220987319946,0.36040470004081726,-0.20811760425567627,0.6307883262634277,0.5209802389144897,0.2792019546031952,0.41026926040649414,0.5874587297439575,0.2872183620929718,0.3530147671699524,-0.17081156373023987,0.609752357006073,0.5179811716079712,0.3045143485069275,0.4190232753753662,0.5826493501663208,0.2882818877696991,0.38048240542411804,-0.171156108379364,0.6070663332939148,0.7070959806442261,0.8648719787597656,0.10523585975170135,0.996873140335083,0.6469666957855225,0.9482002258300781,-0.10556874424219131,0.9977090358734131,0.9384452700614929,0.9511180520057678,0.015513462945818901,0.1168077364563942,0.8437145948410034,1.037923812866211,-0.2562471032142639,0.15804991126060486,0.9913236498832703,1.3551932573318481,0.1255900263786316,0.01439936924725771,0.9758323431015015,1.4549617767333984,-0.09061115235090256,0.043390482664108276,0.9811428189277649,1.394392967224121,0.13504162430763245,0.020109299570322037,0.9820697903633118,1.5278834104537964,-0.06914590299129486,0.03984640911221504,1.0199705362319946,1.5188535451889038,0.09118112921714783,0.0185781829059124,1.058856725692749,1.4803715944290161,-0.10991066694259644,0.03510945290327072
0.3718474507331848,0.3755044639110565,-0.029984772205352783,0.9960669875144958,0.35545942187309265,0.3724461793899536,-0.0040720063261687756,0.9943948984146118,0.35766205191612244,0.3739809989929199,-0.004601531196385622,0.993803083896637,0.3603871166706085,0.3745269775390625,-0.004664345178753138,0.9956651329994202,0.34521567821502686,0.38277366757392883,-0.043123986572027206,0.9958792328834534,0.34027713537216187,0.3929637372493744,-0.04390095919370651,0.9966568946838379,0.3347088396549225,0.4040602445602417,-0.044244833290576935,0.9977930188179016,0.35550880432128906,0.41654860973358154,0.13601261377334595,0.9979370832443237,0.32423365116119385,0.4563466012477875,-0.04505627602338791,0.9956719279289246,0.387066513299942,0.4105394184589386,0.03008768893778324,0.9956966638565063,0.3785102665424347,0.42360347509384155,-0.026211386546492577,0.9959352612495422,0.47909483313560486,0.5268508195877075,0.23711737990379333,0.9996405243873596,0.36101680994033813,0.6198636293411255,-0.0862027257680893,0.9997491836547852,0.5714910626411438,0.5585783123970032,0.41196322441101074,0.513526976108551,0.2834445536136627,0.7043195962905884,-0.26478561758995056,0.8740385174751282,0.530194878578186,0.3292269706726074,0.4508150517940521,0.608221709728241,0.2790108025074005,0.6074098944664001,-0.4342876076698303,0.708453893661499,0.5327401757240295,0.2775615453720093,0.4692753851413727,0.6087623834609985,0.28206583857536316,0.60582035779953,-0.4806300103664398,0.6185394525527954,0.5194467306137085,0.27194011211395264,0.42083030939102173,0.6176495552062988,0.2883327901363373,0.5878826379776001,-0.4675460457801819,0.5995861887931824,0.5165072083473206,0.2944011986255646,0.4331580102443695,0.6122766733169556,0.28952664136886597,0.5924778580665588,-0.43658798933029175,0.5979635119438171,0.7059694528579712,0.864060640335083,0.1038476824760437,0.9968811273574829,0.6463148593902588,0.9467875361442566,-0.10418393462896347,0.9976394176483154,0.9388505816459656,0.9527854323387146,0.016979027539491653,0.11695574223995209,0.8432452082633972,1.0367764234542847,-0.2506116032600403,0.15415626764297485,0.9941781163215637,1.357192873954773,0.14044305682182312,0.013914879411458969,0.9805175065994263,1.4474385976791382,-0.06024876981973648,0.042151741683483124,0.9851340055465698,1.39756441116333,0.14993436634540558,0.019526991993188858,0.9876519441604614,1.5218260288238525,-0.03998006135225296,0.03845246881246567,1.0242273807525635,1.518561840057373,0.09101004898548126,0.018147684633731842,1.0613796710968018,1.4647160768508911,-0.1040019541978836,0.03431779891252518
0.3713502883911133,0.37466880679130554,-0.025303328409790993,0.9964340925216675,0.3550927937030792,0.3719579875469208,-0.0004281889705453068,0.9949122667312622,0.35723480582237244,0.3738386929035187,-0.0009520687162876129,0.9943703413009644,0.3599342703819275,0.3746882975101471,-0.0010122220264747739,0.9960728883743286,0.3448043465614319,0.3820289969444275,-0.0383354052901268,0.9962542057037354,0.3398504853248596,0.392263799905777,-0.03912206366658211,0.9969490766525269,0.3342165946960449,0.40367746353149414,-0.03948044404387474,0.9979861378669739,0.35437867045402527,0.4171936511993408,0.1360977590084076,0.9981235861778259,0.3233845829963684,0.4564065635204315,-0.04269833117723465,0.9960212707519531,0.3864492177963257,0.41091153025627136,0.03262289613485336,0.9960947632789612,0.3775137960910797,0.42314907908439636,-0.02202550880610943,0.9963032007217407,0.4753878712654114,0.5270599126815796,0.23611319065093994,0.9996646642684937,0.3579247295856476,0.6168946027755737,-0.07132525742053986,0.9997472167015076,0.5714842081069946,0.5597724914550781,0.40911316871643066,0.5414378643035889,0.28015047311782837,0.7052076458930969,-0.19381925463676453,0.875146746635437,0.5314332246780396,0.3406340777873993,0.42857131361961365,0.638264536857605,0.28560858964920044,0.5908249616622925,-0.23958024382591248,0.6822412014007568,0.533729612827301,0.2851754426956177,0.442870557308197,0.6364805102348328,0.29243892431259155,0.571773111820221,-0.2672477960586548,0.5901345014572144,0.520878255367279,0.27759477496147156,0.39487460255622864,0.6453867554664612,0.3003700375556946,0.5540052056312561,-0.25520023703575134,0.572372555732727,0.5182797312736511,0.3028274178504944,0.4103762209415436,0.6397530436515808,0.29885798692703247,0.5637043118476868,-0.23876306414604187,0.5740872621536255,0.7051898837089539,0.8632832765579224,0.10370050370693207,0.9969263672828674,0.6454132795333862,0.9447634220123291,-0.10400998592376709,0.9976054430007935,0.9387544393539429,0.9569308757781982,0.016376342624425888,0.11582247167825699,0.8428487777709961,1.093543291091919,-0.24016380310058594,0.15040594339370728,0.9951590299606323,1.3614965677261353,0.12998366355895996,0.013468963094055653,0.978055477142334,1.4473278522491455,-0.03524670749902725,0.040414027869701385,0.986804187297821,1.4015568494796753,0.13882511854171753,0.01885814778506756,0.9845321774482727,1.51979398727417,-0.013820977881550789,0.036731451749801636,1.0253913402557373,1.5188051462173462,0.07907261699438095,0.01759437657892704,1.0578603744506836,1.463158369064331,-0.07443048804998398,0.032907772809267044
0.37052035331726074,0.37512505054473877,-0.0305436160415411,0.9967555403709412,0.35382160544395447,0.37238991260528564,-0.007837261073291302,0.9953627586364746,0.3554949164390564,0.374277800321579,-0.008363151922821999,0.9948630928993225,0.3576110005378723,0.3749857246875763,-0.008419014513492584,0.9964314103126526,0.34389781951904297,0.3822748064994812,-0.04588858410716057,0.996581494808197,0.3389010727405548,0.3924889862537384,-0.04669930785894394,0.9972021579742432,0.3332473039627075,0.4038478434085846,-0.04707027226686478,0.99815434217453,0.3510172963142395,0.41814371943473816,0.12068243324756622,0.9982866048812866,0.3216138184070587,0.45645761489868164,-0.05509568378329277,0.9963216781616211,0.38415566086769104,0.41126665472984314,0.02594897523522377,0.9964410662651062,0.3755335807800293,0.42314577102661133,-0.028602024540305138,0.9966217279434204,0.4720538258552551,0.5272266268730164,0.2198411524295807,0.9996820092201233,0.35532549023628235,0.6164624094963074,-0.08378389477729797,0.9997400641441345,0.5673637986183167,0.562219500541687,0.4167965352535248,0.5498841404914856,0.2804645299911499,0.6991201043128967,-0.20180299878120422,0.872952938079834,0.5309848189353943,0.34843558073043823,0.49184855818748474,0.6478899121284485,0.2975282669067383,0.5811253190040588,-0.223231703042984,0.6454695463180542,0.5327438116073608,0.28698691725730896,0.5136240124702454,0.6444679498672485,0.3075445294380188,0.5565904974937439,-0.24919331073760986,0.5549446940422058,0.5213553309440613,0.2836167514324188,0.462655633687973,0.654800534248352,0.3168630003929138,0.5381342768669128,-0.2323480099439621,0.5386072993278503,0.5183075666427612,0.3071489930152893,0.473703533411026,0.6495731472969055,0.3139774203300476,0.5493151545524597,-0.21973328292369843,0.5426706671714783,0.705195426940918,0.8633641600608826,0.10280482470989227,0.9969234466552734,0.6456984281539917,0.9451203346252441,-0.10312987864017487,0.9975535273551941,0.9386740922927856,0.9580469727516174,0.015591238625347614,0.11404325067996979,0.844292938709259,1.102694034576416,-0.2387394905090332,0.14783985912799835,0.9953912496566772,1.3616623878479004,0.13583841919898987,0.01306881383061409,0.9778987169265747,1.4471560716629028,-0.04254579544067383,0.03967060521245003,0.9873817563056946,1.4013893604278564,0.1461917757987976,0.01835128292441368,0.9842166900634766,1.51973557472229,-0.021938933059573174,0.035713255405426025,1.0258831977844238,1.5169665813446045,0.0915176123380661,0.017167069017887115,1.0572208166122437,1.463230848312378,-0.07900010794401169,0.03232341259717941
0.36760932207107544,0.3752804696559906,-0.03086012601852417,0.9970311522483826,0.3521617352962494,0.3725323975086212,-0.0074659110978245735,0.9957541823387146,0.35416746139526367,0.37430140376091003,-0.007981153205037117,0.995284378528595,0.3565428555011749,0.37499406933784485,-0.00803443230688572,0.9967451691627502,0.34128108620643616,0.38276639580726624,-0.04365548864006996,0.9968620538711548,0.33609601855278015,0.39274024963378906,-0.04446743056178093,0.9974089860916138,0.3302585780620575,0.4044554829597473,-0.04485587030649185,0.9982958436012268,0.3507680296897888,0.41821882128715515,0.11973841488361359,0.9984235167503357,0.32054030895233154,0.45681971311569214,-0.052209578454494476,0.9965698719024658,0.3819670081138611,0.41120555996894836,0.024665018543601036,0.9967411160469055,0.37205809354782104,0.4231371283531189,-0.027012135833501816,0.9968934655189514,0.47221463918685913,0.5267722010612488,0.2196030616760254,0.9996941685676575,0.3551354706287384,0.6155474781990051,-0.08382518589496613,0.9997316002845764,0.5673936009407043,0.5644177198410034,0.41221755743026733,0.5637941956520081,0.2803054451942444,0.6897597312927246,-0.20534655451774597,0.8800645470619202,0.531610906124115,0.348631352186203,0.4723130166530609,0.6637174487113953,0.2879951000213623,0.45671218633651733,-0.200171560049057,0.6403999924659729,0.5331950187683105,0.29500722885131836,0.49530309438705444,0.6581858992576599,0.3033173680305481,0.38567882776260376,-0.2245347499847412,0.5413990616798401,0.5214213132858276,0.2870858311653137,0.4487784504890442,0.6686482429504395,0.30730968713760376,0.3886543810367584,-0.18910832703113556,0.5240840315818787,0.518010675907135,0.3116634488105774,0.4562627673149109,0.6637152433395386,0.3051360845565796,0.4002966284751892,-0.18815156817436218,0.5297297835350037,0.7053583860397339,0.8634352087974548,0.10219307243824005,0.9969354867935181,0.6457178592681885,0.9455967545509338,-0.10252411663532257,0.9975395798683167,0.9386908411979675,0.9592728614807129,0.026273146271705627,0.11254030466079712,0.844900906085968,1.1130627393722534,-0.22927455604076385,0.14678141474723816,0.9956793785095215,1.3618054389953613,0.15474805235862732,0.012714764103293419,0.9785030484199524,1.446232557296753,-0.030230168253183365,0.038256000727415085,0.9882386326789856,1.4013855457305908,0.16628983616828918,0.017853135243058205,0.9847983121871948,1.51654851436615,-0.007666529156267643,0.0343620590865612,1.0264739990234375,1.5157040357589722,0.11999958753585815,0.01667380891740322,1.058131217956543,1.4623394012451172,-0.052400749176740646,0.031174616888165474
0.3668888807296753,0.3750823140144348,-0.031231045722961426,0.9972852468490601,0.35213589668273926,0.3725055158138275,-0.006620062980800867,0.9961158633232117,0.3542463183403015,0.3741656541824341,-0.00712647894397378,0.9956707954406738,0.3566584289073944,0.37483957409858704,-0.007170150987803936,0.9970316290855408,0.3403194546699524,0.38300925493240356,-0.04205846041440964,0.9971234202384949,0.3347104489803314,0.39301028847694397,-0.04286918789148331,0.9976032376289368,0.3285885453224182,0.40462353825569153,-0.043260928243398666,0.998429536819458,0.35088154673576355,0.4172471761703491,0.1210038885474205,0.9985454678535461,0.3202138841152191,0.45562943816185,-0.04644694924354553,0.9968004822731018,0.38129284977912903,0.41053152084350586,0.024643952026963234,0.9970012307167053,0.3699728548526764,0.4217926561832428,-0.025835111737251282,0.9971282482147217,0.4718809723854065,0.52582186460495,0.22016742825508118,0.999700129032135,0.3548341691493988,0.6149604916572571,-0.08146017789840698,0.9997182488441467,0.5646739602088928,0.5689850449562073,0.4208888113498688,0.5638422966003418,0.27824878692626953,0.6824812889099121,-0.1798437535762787,0.8851982951164246,0.531847357749939,0.3510713279247284,0.5052761435508728,0.6608033180236816,0.2869844436645508,0.41704314947128296,-0.09197966754436493,0.6243587136268616,0.5336072444915771,0.2999345362186432,0.534590482711792,0.6525692343711853,0.29941269755363464,0.3497953712940216,-0.1070837527513504,0.5171476006507874,0.5218506455421448,0.2910153567790985,0.49066075682640076,0.6635485887527466,0.30437135696411133,0.3462178707122803,-0.06747083365917206,0.49909543991088867,0.5181689858436584,0.31553661823272705,0.49108266830444336,0.6597763299942017,0.3043094277381897,0.3760669231414795,-0.07658030837774277,0.5062176585197449,0.7050737738609314,0.8617497086524963,0.10191253572702408,0.9969537258148193,0.6448009014129639,0.9434979557991028,-0.10222963988780975,0.9975405931472778,0.938725471496582,0.9601436257362366,0.030811622738838196,0.10702177882194519,0.8449475169181824,1.1219099760055542,-0.20653089880943298,0.1402139514684677,1.002242088317871,1.361867070198059,0.1467142403125763,0.011968342587351799,0.9823683500289917,1.4483567476272583,-0.035743243992328644,0.03609539195895195,0.9976570010185242,1.401504635810852,0.1568562537431717,0.016891196370124817,0.9898885488510132,1.5181077718734741,-0.015060171484947205,0.03244921937584877,1.0310331583023071,1.5154627561569214,0.10932602733373642,0.015706803649663925,1.0627408027648926,1.4643490314483643,-0.06214604899287224,0.029436783865094185
0.3650234639644623,0.375169038772583,-0.02458096854388714,0.9975218772888184,0.3509647250175476,0.3726120889186859,0.004311255179345608,0.9964513182640076,0.3535040020942688,0.37412258982658386,0.003837325144559145,0.9960280060768127,0.35617795586586,0.37471339106559753,0.003812566865235567,0.9972949624061584,0.33728018403053284,0.3831707835197449,-0.0299636609852314,0.9973703026771545,0.3314027190208435,0.3931677043437958,-0.030772441998124123,0.9977915287017822,0.32530298829078674,0.40485072135925293,-0.031153077259659767,0.9985589981079102,0.3509569764137268,0.4171272814273834,0.13872072100639343,0.9986591339111328,0.31997039914131165,0.455139696598053,-0.018681474030017853,0.9970324039459229,0.3800872266292572,0.4099874794483185,0.03250269219279289,0.9972515106201172,0.3676963448524475,0.42009884119033813,-0.016543421894311905,0.9973595142364502,0.47328081727027893,0.5242207050323486,0.2354087382555008,0.9997075200080872,0.35420724749565125,0.614348292350769,-0.06754443794488907,0.99971604347229,0.5644009709358215,0.5506072640419006,0.4298172891139984,0.5659885406494141,0.27357155084609985,0.6663578748703003,-0.14735040068626404,0.8901013135910034,0.531397819519043,0.3261546790599823,0.5087102651596069,0.658363938331604,0.285398006439209,0.3764044940471649,-0.04374813288450241,0.6197258830070496,0.5335794687271118,0.27619874477386475,0.5379142165184021,0.6472669839859009,0.2916945219039917,0.30261409282684326,-0.0580025389790535,0.5039994716644287,0.518446147441864,0.2693842053413391,0.49742811918258667,0.6580845713615417,0.29954957962036133,0.3053112328052521,-0.0183386392891407,0.48474812507629395,0.5143811702728271,0.2907991409301758,0.49592161178588867,0.6550065875053406,0.30219462513923645,0.3308347165584564,-0.028181854635477066,0.49327096343040466,0.7050125598907471,0.8613116145133972,0.10155376046895981,0.9970036149024963,0.6444686651229858,0.9421634078025818,-0.10187356173992157,0.9975836277008057,0.9392176866531372,0.958899199962616,0.02990126982331276,0.10196385532617569,0.844976544380188,1.1170752048492432,-0.214959979057312,0.13426107168197632,1.0030032396316528,1.362098217010498,0.14290642738342285,0.011236530728638172,0.9833270311355591,1.4509061574935913,-0.05693020299077034,0.034069109708070755,0.9981268048286438,1.4015908241271973,0.15327028930187225,0.015963565558195114,0.9904416799545288,1.5218275785446167,-0.03745841979980469,0.030673427507281303,1.031341552734375,1.5159581899642944,0.10619567334651947,0.014766039326786995,1.0654528141021729,1.4657379388809204,-0.09009302407503128,0.027813713997602463
0.36290931701660156,0.3753250539302826,-0.022636763751506805,0.9977268576622009,0.34817615151405334,0.37282177805900574,0.0077068740501999855,0.9967398047447205,0.3510555624961853,0.37431082129478455,0.007229203823953867,0.9963300824165344,0.3539486229419708,0.37496545910835266,0.007198685314506292,0.9975247383117676,0.3339715898036957,0.3842065930366516,-0.025872256606817245,0.9975829720497131,0.32851046323776245,0.3945435881614685,-0.026686960831284523,0.9979490637779236,0.3229646384716034,0.40598756074905396,-0.027069833129644394,0.9986702799797058,0.3506735563278198,0.4176793694496155,0.1403639018535614,0.9987542033195496,0.3199797570705414,0.45506203174591064,-0.013260908424854279,0.9972196221351624,0.37861067056655884,0.409704327583313,0.0334489680826664,0.9974709153175354,0.36618608236312866,0.4185852110385895,-0.014698460698127747,0.9975588321685791,0.47581562399864197,0.5233297944068909,0.23451852798461914,0.9997156262397766,0.35500016808509827,0.6143440008163452,-0.0665726587176323,0.9997183680534363,0.5644762516021729,0.5499691367149353,0.4423391819000244,0.5665512084960938,0.2704622745513916,0.6546603441238403,-0.13389001786708832,0.8947247266769409,0.5310949087142944,0.3300292193889618,0.550047755241394,0.6531893014907837,0.28477853536605835,0.3620709180831909,-0.027861064299941063,0.6218640208244324,0.5335184931755066,0.2838575839996338,0.5843141674995422,0.6395428776741028,0.28774935007095337,0.2860540747642517,-0.04350178316235542,0.49966156482696533,0.5178710222244263,0.2735125422477722,0.5415252447128296,0.6504014730453491,0.2977857291698456,0.28939858078956604,-0.008627749048173428,0.479317307472229,0.5145532488822937,0.29407230019569397,0.5374788045883179,0.6481483578681946,0.3016361594200134,0.315758615732193,-0.01468771230429411,0.4888332784175873,0.706199586391449,0.8614352941513062,0.10124748945236206,0.9970996975898743,0.6445037722587585,0.9421820640563965,-0.10157714784145355,0.9976724982261658,0.94011390209198,0.9588198065757751,0.02840704657137394,0.09705013781785965,0.8433448672294617,1.1177449226379395,-0.25651758909225464,0.12994112074375153,1.0017330646514893,1.3686977624893188,0.13840632140636444,0.010510783642530441,0.9835828542709351,1.4704264402389526,-0.12360171228647232,0.03243580088019371,0.9947943687438965,1.4065886735916138,0.14789554476737976,0.015049345791339874,0.990439772605896,1.5452861785888672,-0.10640814155340195,0.029176747426390648,1.0291838645935059,1.5248959064483643,0.1005285233259201,0.013867722824215889,1.067561149597168,1.4852486848831177,-0.16181519627571106,0.026563050225377083
0.3606296479701996,0.37590205669403076,-0.015385067090392113,0.9979184865951538,0.34541481733322144,0.3755975365638733,0.0171318668872118,0.9970114231109619,0.3485291600227356,0.3770705461502075,0.01664925366640091,0.9966188073158264,0.35155346989631653,0.3779621124267578,0.016619132831692696,0.9977386593818665,0.3318467140197754,0.38753125071525574,-0.016605699434876442,0.9977847933769226,0.3269781768321991,0.3979841470718384,-0.01742231287062168,0.99810391664505,0.3219904601573944,0.40897247195243835,-0.017800617963075638,0.9987770318984985,0.35029903054237366,0.4202861785888672,0.1522899717092514,0.9988473653793335,0.3200659453868866,0.45531633496284485,-0.001016927184537053,0.9974110126495361,0.37747499346733093,0.4097861051559448,0.040491364896297455,0.9976797103881836,0.36533409357070923,0.4183843433856964,-0.007626745849847794,0.9977523684501648,0.47696828842163086,0.5224390625953674,0.24532143771648407,0.9997234344482422,0.3557569682598114,0.6145143508911133,-0.05638328194618225,0.9997221827507019,0.5608024597167969,0.5272191166877747,0.47866377234458923,0.5728836059570312,0.26840895414352417,0.6405878067016602,-0.10783477872610092,0.8999171257019043,0.5306273698806763,0.3082219660282135,0.6072348952293396,0.6572410464286804,0.28455886244773865,0.34999826550483704,0.0071210614405572414,0.6316097378730774,0.5331116318702698,0.26190876960754395,0.6450400948524475,0.640142560005188,0.28524142503738403,0.2682972252368927,-0.009162100031971931,0.5039414763450623,0.5181399583816528,0.24411804974079132,0.5992719531059265,0.6511948108673096,0.2964460253715515,0.27208203077316284,0.02682546153664589,0.4825712740421295,0.5140537619590759,0.26868653297424316,0.5939276218414307,0.6497907042503357,0.30124884843826294,0.3020508587360382,0.0208269115537405,0.4922080636024475,0.7063596844673157,0.8610366582870483,0.1010882705450058,0.997153639793396,0.6445926427841187,0.9419660568237305,-0.10142906755208969,0.9977282881736755,0.9401885271072388,0.9568437933921814,0.035801831632852554,0.09220430999994278,0.8415466547012329,1.1144185066223145,-0.26202020049095154,0.12591689825057983,1.0010322332382202,1.3673992156982422,0.14894606173038483,0.009813973680138588,0.9849697351455688,1.4677536487579346,-0.12679456174373627,0.030838988721370697,0.9935619235038757,1.4044114351272583,0.1597190946340561,0.01415165700018406,0.9917920827865601,1.542201042175293,-0.1096527948975563,0.027715258300304413,1.0272767543792725,1.5236371755599976,0.11579521745443344,0.013010436668992043,1.0703198909759521,1.4834325313568115,-0.167054682970047,0.025335106998682022
0.36090418696403503,0.3759308159351349,0.004453145898878574,0.9980870485305786,0.34574753046035767,0.3758001923561096,0.03674701601266861,0.997249186038971,0.34875911474227905,0.37725210189819336,0.0362761914730072,0.9968690872192383,0.35167574882507324,0.3781684339046478,0.03624448925256729,0.997927188873291,0.3322097361087799,0.38799911737442017,0.0031244042329490185,0.9979612827301025,0.32719844579696655,0.39866650104522705,0.002310805721208453,0.9982361793518066,0.3220515251159668,0.4098269045352936,0.0019325949251651764,0.9988694190979004,0.3509778678417206,0.42068642377853394,0.1708211749792099,0.998924970626831,0.3200877010822296,0.4553477466106415,0.01876182109117508,0.9975690841674805,0.37757524847984314,0.40847325325012207,0.059469014406204224,0.9978621602058411,0.3655942380428314,0.41721877455711365,0.01147211529314518,0.9979214668273926,0.47837185859680176,0.5205152034759521,0.2590545117855072,0.999729573726654,0.3559170067310333,0.614467978477478,-0.041129693388938904,0.9997216463088989,0.5604097843170166,0.5259230732917786,0.46689534187316895,0.5799348950386047,0.26900535821914673,0.634212076663971,-0.10622447729110718,0.9026188254356384,0.5307399034500122,0.297283411026001,0.5891495943069458,0.6618941426277161,0.28287583589553833,0.35701680183410645,-0.004442744888365269,0.6306941509246826,0.5332461595535278,0.24853672087192535,0.6208589673042297,0.6424410343170166,0.2819366753101349,0.27962011098861694,-0.0217333622276783,0.4972760081291199,0.5183322429656982,0.23290614783763885,0.5809817314147949,0.6534472107887268,0.29332655668258667,0.28391191363334656,0.013604330830276012,0.4749811887741089,0.5143042802810669,0.2589467465877533,0.5763028264045715,0.6526347398757935,0.2992118000984192,0.31032639741897583,0.008847320452332497,0.4856247007846832,0.7064195275306702,0.8581914305686951,0.10092401504516602,0.997241735458374,0.6439353823661804,0.9399152994155884,-0.10127003490924835,0.9978007078170776,0.9402588605880737,0.9549022316932678,0.03587773069739342,0.08843722939491272,0.8409785032272339,1.1092374324798584,-0.2608521282672882,0.12190091609954834,1.000176191329956,1.3639823198318481,0.1567867249250412,0.009218588471412659,0.9860905408859253,1.458890438079834,-0.11816611140966415,0.029318563640117645,0.9923920631408691,1.4001158475875854,0.16860319674015045,0.013339675031602383,0.9935022592544556,1.531354308128357,-0.10040654242038727,0.026303458958864212,1.0246460437774658,1.5192922353744507,0.1250772923231125,0.012224214151501656,1.0703264474868774,1.4787921905517578,-0.1558026522397995,0.024070482701063156
0.3613972067832947,0.375932514667511,0.016797684133052826,0.9982196688652039,0.34690338373184204,0.3758266866207123,0.04863179475069046,0.9974339604377747,0.3500559329986572,0.3774366080760956,0.04814460128545761,0.9970512390136719,0.3530927002429962,0.3786236643791199,0.04809458553791046,0.9980810880661011,0.3324663043022156,0.3880338966846466,0.015921276062726974,0.9980977177619934,0.32735541462898254,0.3986883759498596,0.0151269705966115,0.9983263611793518,0.322353333234787,0.40984809398651123,0.014757429249584675,0.9989390969276428,0.35244813561439514,0.42125433683395386,0.18124732375144958,0.9989796280860901,0.32017678022384644,0.455066055059433,0.03340449184179306,0.9976497888565063,0.3779042959213257,0.4082586467266083,0.07100160419940948,0.9980054497718811,0.3658081889152527,0.41673922538757324,0.023997213691473007,0.9980499744415283,0.4788791537284851,0.5198791027069092,0.2648393213748932,0.9997326731681824,0.35464411973953247,0.6147016882896423,-0.02724132500588894,0.9997181296348572,0.5562801957130432,0.4989269971847534,0.46643581986427307,0.5859014391899109,0.2694370746612549,0.6214550733566284,-0.10610053688287735,0.9035903811454773,0.5291962623596191,0.2809855043888092,0.5631676316261292,0.6621742844581604,0.28169164061546326,0.34545257687568665,-0.026319745928049088,0.6273632049560547,0.5326601266860962,0.23019877076148987,0.5936824083328247,0.6397421360015869,0.279758095741272,0.27128612995147705,-0.04631749913096428,0.4900946617126465,0.5181300044059753,0.2225802093744278,0.549970269203186,0.6507977247238159,0.29141753911972046,0.27772292494773865,-0.014161909930408001,0.46744638681411743,0.5128124952316284,0.25011906027793884,0.5490416288375854,0.650920033454895,0.2974417805671692,0.3032909631729126,-0.015018018893897533,0.47912079095840454,0.7056686282157898,0.8574950098991394,0.10083296149969101,0.9972994923591614,0.6434293985366821,0.939203143119812,-0.10120679438114166,0.997840404510498,0.9400069117546082,0.9512844681739807,0.03474722430109978,0.08413658291101456,0.8653041124343872,1.0442886352539062,-0.2568693459033966,0.115865558385849,0.9971197843551636,1.352587103843689,0.1643156111240387,0.008614434860646725,0.9895750284194946,1.4299203157424927,-0.11253305524587631,0.02759632281959057,0.9887800216674805,1.3892847299575806,0.17725853621959686,0.012562745250761509,0.9962570071220398,1.5043206214904785,-0.0959237739443779,0.02483913116157055,1.0239633321762085,1.5014127492904663,0.1388256549835205,0.01145528070628643,1.0727341175079346,1.4500775337219238,-0.1513681411743164,0.022725285962224007
0.3639765977859497,0.3760239779949188,0.01591717079281807,0.9982986450195312,0.34854111075401306,0.37636375427246094,0.04797537624835968,0.997532844543457,0.35132354497909546,0.3784621059894562,0.04748402163386345,0.997113049030304,0.35409167408943176,0.3803179860115051,0.04743248596787453,0.9981764554977417,0.3342962861061096,0.38807395100593567,0.015487375669181347,0.9981771111488342,0.3286333978176117,0.3987056612968445,0.0146928820759058,0.9983532428741455,0.32303014397621155,0.40988078713417053,0.01431073248386383,0.9989755153656006,0.35273438692092896,0.423354834318161,0.18219859898090363,0.9989861845970154,0.32055890560150146,0.45508304238319397,0.03545363247394562,0.9976396560668945,0.37893038988113403,0.4082866609096527,0.07067566365003586,0.9980846643447876,0.36665478348731995,0.41668903827667236,0.02380806766450405,0.9981163740158081,0.4792786240577698,0.5191676020622253,0.2635502219200134,0.9997249245643616,0.3541898727416992,0.6167552471160889,-0.02118682488799095,0.9997059106826782,0.5533100366592407,0.4863072335720062,0.4723437428474426,0.5773974061012268,0.26898056268692017,0.607883632183075,-0.09741181135177612,0.9000594019889832,0.5255103707313538,0.27542051672935486,0.5714649558067322,0.645009458065033,0.28145235776901245,0.3377757668495178,-0.007879164069890976,0.6145568490028381,0.5295724272727966,0.22598686814308167,0.6023799180984497,0.6211437582969666,0.27843284606933594,0.2586379647254944,-0.02796882390975952,0.47507911920547485,0.516233503818512,0.22123338282108307,0.5596710443496704,0.6325467824935913,0.2911066710948944,0.27046042680740356,0.0045052082277834415,0.4524039328098297,0.5098015069961548,0.2497887760400772,0.5582073926925659,0.6340547800064087,0.2969716191291809,0.2985832989215851,0.003536981763318181,0.46457645297050476,0.7056707143783569,0.8574949502944946,0.09817571938037872,0.9973028898239136,0.6426013112068176,0.939691424369812,-0.09859298914670944,0.9978408217430115,0.9392492175102234,0.951170802116394,0.03465871512889862,0.07891415804624557,0.8651580810546875,1.0282793045043945,-0.2592286169528961,0.10854369401931763,0.999219536781311,1.3460325002670288,0.18698376417160034,0.007967664860188961,0.9905710220336914,1.4213365316390991,-0.10317720472812653,0.025615733116865158,0.9924759864807129,1.381466031074524,0.20308205485343933,0.011678043752908707,0.9979610443115234,1.4917340278625488,-0.08247753977775574,0.02311764284968376,1.0274784564971924,1.489207148551941,0.16517367959022522,0.01060674712061882,1.072450876235962,1.4463751316070557,-0.13523529469966888,0.021134275943040848
0.3653486967086792,0.3760620951652527,0.012494763359427452,0.9984111189842224,0.3503291606903076,0.37655240297317505,0.0434858612716198,0.997690737247467,0.3530617356300354,0.37872815132141113,0.04299594834446907,0.9972672462463379,0.3558198809623718,0.3806835114955902,0.04294893145561218,0.9983031749725342,0.3351312279701233,0.3880935609340668,0.010918957181274891,0.9982964396476746,0.3288305401802063,0.39859291911125183,0.010126566514372826,0.9984351992607117,0.3232472538948059,0.40965309739112854,0.009749110788106918,0.9990362524986267,0.35371166467666626,0.42335718870162964,0.18126194179058075,0.9990277290344238,0.3206111490726471,0.4543880522251129,0.03660503774881363,0.997718334197998,0.37964385747909546,0.4082188010215759,0.06718408316373825,0.9981912970542908,0.36670011281967163,0.4167507588863373,0.020061958581209183,0.9982131719589233,0.4795092046260834,0.5179979205131531,0.2611619830131531,0.9997186064720154,0.3542965352535248,0.6206410527229309,-0.016836073249578476,0.9996897578239441,0.5530842542648315,0.48835715651512146,0.47158175706863403,0.5676711797714233,0.26882871985435486,0.6025439500808716,-0.10358188301324844,0.8923038840293884,0.5255076289176941,0.2752824127674103,0.5693918466567993,0.6233437061309814,0.2810840904712677,0.33386456966400146,-0.016539454460144043,0.5880438685417175,0.5297228693962097,0.22878605127334595,0.6004757881164551,0.5986703038215637,0.2777402698993683,0.258430153131485,-0.035946641117334366,0.44965457916259766,0.5164311528205872,0.22290073335170746,0.5496722459793091,0.6101183891296387,0.29057905077934265,0.2708178460597992,-0.0022170706652104855,0.4274987280368805,0.5097684264183044,0.25148260593414307,0.5520860552787781,0.6129682064056396,0.2957969903945923,0.29892241954803467,-0.0047586653381586075,0.44063541293144226,0.705656886100769,0.8573952317237854,0.0959828570485115,0.997296154499054,0.6412497758865356,0.9398968815803528,-0.09644927084445953,0.9978272914886475,0.9390766024589539,0.9512631893157959,0.030934657901525497,0.07448769360780716,0.8648492097854614,1.023926019668579,-0.25779449939727783,0.10178378224372864,0.9997258186340332,1.3395516872406006,0.18626824021339417,0.007415758445858955,0.9907367825508118,1.4140055179595947,-0.09114326536655426,0.02389732375741005,0.9936999082565308,1.374563217163086,0.20240318775177002,0.010917720384895802,0.9984256029129028,1.4827675819396973,-0.06899882853031158,0.021607032045722008,1.027658224105835,1.4813127517700195,0.16058947145938873,0.009880363941192627,1.0722237825393677,1.4402813911437988,-0.12357670068740845,0.019757697358727455
0.3668530583381653,0.376325398683548,0.024159599095582962,0.9985043406486511,0.3517865240573883,0.37660226225852966,0.057725340127944946,0.9978221654891968,0.3542618453502655,0.37875038385391235,0.05722079426050186,0.9973883032798767,0.356909841299057,0.3806697428226471,0.05715889856219292,0.9984123110771179,0.33729103207588196,0.3879048228263855,0.02571037970483303,0.9983961582183838,0.3307890295982361,0.3981689512729645,0.02493802085518837,0.9984986782073975,0.3246927559375763,0.4090922176837921,0.02458895556628704,0.9990866780281067,0.3541829586029053,0.42296698689460754,0.1967869997024536,0.9990609884262085,0.32097071409225464,0.45306336879730225,0.05232170224189758,0.9977654814720154,0.38060468435287476,0.4086901843547821,0.07997344434261322,0.9982720017433167,0.3683808445930481,0.41756972670555115,0.03354689106345177,0.9982805848121643,0.4795141816139221,0.5169597864151001,0.26917847990989685,0.999710738658905,0.35393664240837097,0.6270908713340759,-0.006160771008580923,0.9996687769889832,0.5497923493385315,0.4715007245540619,0.48513931035995483,0.5576486587524414,0.26879769563674927,0.5809133052825928,-0.07880862057209015,0.8858034014701843,0.5216799974441528,0.27196004986763,0.5921376347541809,0.6017600297927856,0.2804134488105774,0.32205772399902344,0.02603074535727501,0.5665281414985657,0.5248950123786926,0.22489477694034576,0.6233052611351013,0.5767355561256409,0.27404388785362244,0.24541570246219635,0.007800660096108913,0.4296168386936188,0.5132718086242676,0.2241082489490509,0.580660343170166,0.5885738134384155,0.28609415888786316,0.2573731243610382,0.03766399994492531,0.40806570649147034,0.5059719681739807,0.2516075670719147,0.5788293480873108,0.5932495594024658,0.29336968064308167,0.28994202613830566,0.03638089448213577,0.42219069600105286,0.7056341767311096,0.8572439551353455,0.09494772553443909,0.9973052740097046,0.640695333480835,0.940083920955658,-0.09545278549194336,0.9978183507919312,0.9354871511459351,0.949192464351654,0.027870729565620422,0.0698363333940506,0.863014817237854,1.0219627618789673,-0.25886350870132446,0.09497328102588654,0.9990194439888,1.3357352018356323,0.17844535410404205,0.006849078461527824,0.9921239018440247,1.4110522270202637,-0.09060661494731903,0.022135872393846512,0.9927508234977722,1.3725281953811646,0.1934686005115509,0.010168520733714104,1.0002460479736328,1.4799422025680542,-0.06889264285564423,0.020130878314375877,1.027773141860962,1.4753831624984741,0.15412524342536926,0.009146764874458313,1.0744034051895142,1.4369181394577026,-0.12313040345907211,0.01835109293460846
0.3671448826789856,0.37624430656433105,0.020177969709038734,0.9985831379890442,0.35217854380607605,0.37619489431381226,0.0523887574672699,0.9979313611984253,0.35466232895851135,0.3783183991909027,0.051885467022657394,0.9974780678749084,0.3573503792285919,0.38017627596855164,0.05182896926999092,0.998502790927887,0.3379463255405426,0.38699328899383545,0.020205045118927956,0.9984828233718872,0.3315216898918152,0.396997332572937,0.019428901374340057,0.9985525012016296,0.32539820671081543,0.40782585740089417,0.01907358504831791,0.9991322159767151,0.3543497622013092,0.42164671421051025,0.1917218714952469,0.9990777969360352,0.32116708159446716,0.45190149545669556,0.049079205840826035,0.9977996945381165,0.38092780113220215,0.40857937932014465,0.07560370117425919,0.9983358979225159,0.36886292695999146,0.41761478781700134,0.02870536781847477,0.9983339905738831,0.4794531762599945,0.5148735642433167,0.2671470046043396,0.9996979832649231,0.35390156507492065,0.6285284161567688,-0.008231719955801964,0.9996511340141296,0.5462571978569031,0.4507667124271393,0.4808847904205322,0.5435064435005188,0.26865631341934204,0.5658587217330933,-0.08008299767971039,0.8803653120994568,0.5184577107429504,0.2749640643596649,0.5757681131362915,0.5719521641731262,0.2804691195487976,0.3061832785606384,0.01755509153008461,0.5520105957984924,0.5195465087890625,0.23097406327724457,0.6061266660690308,0.5482015609741211,0.27245205640792847,0.2320757806301117,-0.002790649887174368,0.41599002480506897,0.5096502304077148,0.2259085476398468,0.5628045201301575,0.5601999163627625,0.2848629355430603,0.2452234923839569,0.02447599731385708,0.3949598968029022,0.5024315118789673,0.25503623485565186,0.5620882511138916,0.5667873620986938,0.29305925965309143,0.2773604989051819,0.02658514678478241,0.4098868668079376,0.7049540281295776,0.8567811846733093,0.09102769196033478,0.9973152875900269,0.6406070590019226,0.9400976300239563,-0.09160218387842178,0.9978258013725281,0.9330841302871704,0.9486823081970215,0.02153424173593521,0.06594634801149368,0.8563129305839539,1.0342649221420288,-0.25806471705436707,0.0886770486831665,0.9949706196784973,1.3312194347381592,0.17709124088287354,0.006346728652715683,0.9908615946769714,1.4028468132019043,-0.07743912935256958,0.020517265424132347,0.9881122708320618,1.368960976600647,0.19300758838653564,0.009518235921859741,0.9991146922111511,1.4696398973464966,-0.05511127784848213,0.01878718100488186,1.025869369506836,1.466109037399292,0.16046179831027985,0.008496595546603203,1.0714356899261475,1.4314783811569214,-0.09930102527141571,0.017074784263968468
0.36723756790161133,0.37517037987709045,0.03808773681521416,0.9986682534217834,0.352557510137558,0.3752884268760681,0.0731118768453598,0.9980512857437134,0.3549996018409729,0.37752535939216614,0.0726090520620346,0.9975929260253906,0.35768264532089233,0.3794264495372772,0.07256481051445007,0.9985968470573425,0.3387492299079895,0.3856276273727417,0.040764711797237396,0.9985763430595398,0.33258533477783203,0.3955554664134979,0.03998256474733353,0.9986225962638855,0.32670074701309204,0.40644124150276184,0.039634522050619125,0.9991840720176697,0.3548714816570282,0.4203835725784302,0.21366755664348602,0.9991049766540527,0.32204926013946533,0.4508397877216339,0.06801439821720123,0.9978771805763245,0.38094398379325867,0.40770742297172546,0.09409826248884201,0.9984177947044373,0.36889851093292236,0.41723981499671936,0.047242410480976105,0.9984123110771179,0.47961753606796265,0.5131323337554932,0.2794952988624573,0.9996923804283142,0.3531687259674072,0.6282904744148254,0.00810152105987072,0.9996508359909058,0.5461574792861938,0.4522976279258728,0.4910460412502289,0.5366502404212952,0.26853540539741516,0.5523731708526611,-0.04543396830558777,0.880894660949707,0.5190905332565308,0.2742515802383423,0.5833014249801636,0.5554622411727905,0.2804158627986908,0.29537147283554077,0.06513058394193649,0.5541911125183105,0.5205503106117249,0.2329944670200348,0.6123900413513184,0.5313906073570251,0.2715243399143219,0.22368024289608002,0.04633379727602005,0.416439414024353,0.5101960301399231,0.22673667967319489,0.5694851875305176,0.5438191890716553,0.2843838334083557,0.23500238358974457,0.07229380309581757,0.3954390585422516,0.502805233001709,0.2540563642978668,0.5696912407875061,0.5521940588951111,0.29269173741340637,0.2655467391014099,0.0740521252155304,0.4107760787010193,0.7038782835006714,0.8554639220237732,0.0885486826300621,0.9973535537719727,0.6399569511413574,0.9398766160011292,-0.08915571123361588,0.9978622794151306,0.9321106672286987,0.9482359886169434,0.01987353339791298,0.06257505714893341,0.8527721166610718,1.0544514656066895,-0.25127437710762024,0.08332249522209167,0.99665766954422,1.335280418395996,0.16505323350429535,0.005891139153391123,0.9910628199577332,1.4059995412826538,-0.0776863694190979,0.019079716876149178,0.9903441667556763,1.3743029832839966,0.17973902821540833,0.00891751516610384,0.9995935559272766,1.4737409353256226,-0.05580172687768936,0.017611784860491753,1.0300487279891968,1.4709564447402954,0.1505657136440277,0.007912731729447842,1.0714367628097534,1.4332565069198608,-0.10126682370901108,0.01595458760857582
0.3675122857093811,0.3722990155220032,0.040222011506557465,0.998742938041687,0.35290199518203735,0.37278223037719727,0.0750073567032814,0.9981557726860046,0.35527655482292175,0.37505966424942017,0.0745120421051979,0.9976919293403625,0.35791414976119995,0.37685978412628174,0.07446958869695663,0.9986779093742371,0.33926206827163696,0.38261231780052185,0.04252277687191963,0.9986596703529358,0.3331303894519806,0.39219093322753906,0.04173579066991806,0.9986866116523743,0.3272479176521301,0.40273404121398926,0.04137718304991722,0.9992311000823975,0.3548777401447296,0.4173524081707001,0.21477818489074707,0.9991256594657898,0.32207754254341125,0.4483987092971802,0.0678887590765953,0.9979539513587952,0.38101333379745483,0.4054296314716339,0.09627582132816315,0.9984862804412842,0.36897677183151245,0.41535359621047974,0.04926580935716629,0.9984814524650574,0.47962480783462524,0.5098724365234375,0.28112033009529114,0.9996817708015442,0.3519904315471649,0.6281588077545166,0.005625636782497168,0.9996509552001953,0.5466875433921814,0.45804455876350403,0.48451662063598633,0.5274351239204407,0.26859283447265625,0.5478988885879517,-0.057787906378507614,0.8825063109397888,0.5210477113723755,0.2655957043170929,0.5653156042098999,0.5382230281829834,0.2804449796676636,0.291178435087204,0.036395713686943054,0.5628372430801392,0.5259161591529846,0.2218082845211029,0.5891660451889038,0.5151375532150269,0.2711450159549713,0.2204066812992096,0.014903823845088482,0.4240614175796509,0.512874186038971,0.21979422867298126,0.5437072515487671,0.5281549096107483,0.28405970335006714,0.22979529201984406,0.0412864051759243,0.4031677842140198,0.5049970149993896,0.24035638570785522,0.5493524670600891,0.5381589531898499,0.2925882935523987,0.26016101241111755,0.045071911066770554,0.4180862009525299,0.7034525871276855,0.8545275330543518,0.08761966973543167,0.997348427772522,0.6398283243179321,0.9399155378341675,-0.0882255882024765,0.9978703856468201,0.9305645823478699,0.945871114730835,0.016004852950572968,0.05967287719249725,0.8516260981559753,1.0688306093215942,-0.2511445879936218,0.07905108481645584,1.0016019344329834,1.3384958505630493,0.16007128357887268,0.0055007594637572765,0.9920039176940918,1.407585620880127,-0.07790980488061905,0.017862092703580856,0.9967957735061646,1.3787312507629395,0.17439870536327362,0.008405467495322227,1.0009652376174927,1.4761923551559448,-0.056198954582214355,0.01661042310297489,1.037270426750183,1.4750326871871948,0.142909437417984,0.007415140513330698,1.0717575550079346,1.4340875148773193,-0.10230474174022675,0.015010896138846874
0.3676195442676544,0.367171049118042,0.028729762881994247,0.9988241195678711,0.35296958684921265,0.3688428997993469,0.06459024548530579,0.9982730150222778,0.3553088307380676,0.37132972478866577,0.0640968382358551,0.9978185892105103,0.35792553424835205,0.37329962849617004,0.06404014676809311,0.9987666010856628,0.33929115533828735,0.3777717053890228,0.03244137018918991,0.9987488389015198,0.3331374228000641,0.38677093386650085,0.03165837749838829,0.9987611174583435,0.3271111845970154,0.3966515064239502,0.031304504722356796,0.9992804527282715,0.35456863045692444,0.41383713483810425,0.2118007242679596,0.9991635084152222,0.32149070501327515,0.44334813952445984,0.06555770337581635,0.9980528950691223,0.3810361325740814,0.40142393112182617,0.08657439053058624,0.9985688328742981,0.3690182566642761,0.4108406901359558,0.039552874863147736,0.9985644221305847,0.4786696434020996,0.5087918043136597,0.27151769399642944,0.9996770620346069,0.3517269492149353,0.628551721572876,0.0011203665053471923,0.9996487498283386,0.5491108298301697,0.4613671600818634,0.44076061248779297,0.524127721786499,0.2686411738395691,0.5459878444671631,-0.07539509236812592,0.8835335969924927,0.5240713357925415,0.2573222219944,0.47902947664260864,0.5280690789222717,0.2795896828174591,0.28909069299697876,-0.0063509210012853146,0.5688445568084717,0.5312593579292297,0.21006177365779877,0.4987254738807678,0.5055720806121826,0.2690487205982208,0.21826717257499695,-0.03438198193907738,0.42870020866394043,0.5162776708602905,0.2092084437608719,0.45455488562583923,0.5190102458000183,0.28121310472488403,0.22753876447677612,-0.010490583255887032,0.407953143119812,0.5084036588668823,0.2285829335451126,0.46308058500289917,0.5299850702285767,0.289864718914032,0.25746017694473267,-4.206965968478471e-05,0.4225388765335083,0.7033047080039978,0.8545125126838684,0.08723630011081696,0.9973586797714233,0.6401090025901794,0.9406949281692505,-0.08782515674829483,0.9978840947151184,0.9309741258621216,0.9459033608436584,0.014884610660374165,0.0573778934776783,0.8509353399276733,1.0772113800048828,-0.25959688425064087,0.07559561729431152,1.0035802125930786,1.339382529258728,0.16948147118091583,0.005170214921236038,0.9923290014266968,1.408939242362976,-0.0753675252199173,0.016773417592048645,0.9985058903694153,1.3791228532791138,0.18537694215774536,0.007974009029567242,1.0010132789611816,1.4777638912200928,-0.052850306034088135,0.01566820777952671,1.0390393733978271,1.4767762422561646,0.15080854296684265,0.006997070740908384,1.0726230144500732,1.4361933469772339,-0.09880755096673965,0.014159412123262882
0.3677214980125427,0.36352917551994324,0.011043869890272617,0.9989060163497925,0.35297691822052,0.36544567346572876,0.04529589042067528,0.998393177986145,0.35527655482292175,0.367986798286438,0.04479771479964256,0.9979580640792847,0.35781949758529663,0.37002289295196533,0.04473360627889633,0.9988569021224976,0.3392738699913025,0.37400707602500916,0.01146529521793127,0.9988372921943665,0.3329846262931824,0.382881760597229,0.010683082975447178,0.9988391399383545,0.3267064690589905,0.3925744891166687,0.010332612320780754,0.9993292689323425,0.35374224185943604,0.4111303985118866,0.19219079613685608,0.9992120862007141,0.32099074125289917,0.4392617642879486,0.036444228142499924,0.9981619119644165,0.3810599446296692,0.3984827697277069,0.06970702111721039,0.9986588954925537,0.36905401945114136,0.40828585624694824,0.02044059894979,0.9986531138420105,0.4773956835269928,0.5082035660743713,0.2632954716682434,0.9996777176856995,0.3510303199291229,0.6284325122833252,-0.026089534163475037,0.9996467232704163,0.5516021847724915,0.46369659900665283,0.42184576392173767,0.5309019088745117,0.26889657974243164,0.5318758487701416,-0.11303947865962982,0.8843874931335449,0.530319333076477,0.25046220421791077,0.44112879037857056,0.5308942794799805,0.27825379371643066,0.2857295870780945,-0.047823548316955566,0.5730196237564087,0.5364596247673035,0.2081630975008011,0.45927104353904724,0.5079551935195923,0.2681475877761841,0.21820379793643951,-0.07614269852638245,0.43202170729637146,0.5223941802978516,0.199105367064476,0.4142681956291199,0.5217024683952332,0.279709130525589,0.22793810069561005,-0.051842499524354935,0.41145262122154236,0.5129634141921997,0.22051756083965302,0.42444998025894165,0.5330539345741272,0.2878572344779968,0.256121426820755,-0.04115888476371765,0.42629125714302063,0.7025648951530457,0.8547810316085815,0.08798536658287048,0.9974218010902405,0.6401321887969971,0.9423255324363708,-0.08855818957090378,0.9979285001754761,0.9315565228462219,0.9457913041114807,0.01403326541185379,0.057660624384880066,0.855394721031189,1.0435994863510132,-0.2775557041168213,0.07506242394447327,1.0001184940338135,1.3385605812072754,0.1789599061012268,0.005000746808946133,0.991256833076477,1.4077564477920532,-0.07139135897159576,0.01613735221326351,0.9930397272109985,1.3772015571594238,0.19601891934871674,0.007772275246679783,0.9988106489181519,1.4749723672866821,-0.0466022863984108,0.015130356885492802,1.0349892377853394,1.4784544706344604,0.16103288531303406,0.006792406085878611,1.0716232061386108,1.437193751335144,-0.08871858566999435,0.013685121200978756
0.36744171380996704,0.3586641550064087,-0.008425844833254814,0.9989758133888245,0.3517885208129883,0.3606765866279602,0.021194487810134888,0.9984931349754333,0.3537779152393341,0.3636249005794525,0.020676005631685257,0.9980747699737549,0.355991005897522,0.36604008078575134,0.02059835195541382,0.9989356398582458,0.3384302854537964,0.3684934973716736,-0.01435224898159504,0.9989089965820312,0.33213159441947937,0.37713295221328735,-0.015144482254981995,0.9988998174667358,0.3257431089878082,0.38639482855796814,-0.015495819970965385,0.9993677735328674,0.35101091861724854,0.4085899293422699,0.15572622418403625,0.9992548227310181,0.3195193409919739,0.43418219685554504,-0.007067257072776556,0.9982393383979797,0.38078564405441284,0.3954693675041199,0.04783201590180397,0.9987379908561707,0.3689113259315491,0.4041528105735779,-0.0035142526030540466,0.9987266063690186,0.4749058783054352,0.507655918598175,0.23628875613212585,0.9996858239173889,0.34925377368927,0.6277406215667725,-0.06153462454676628,0.9996452331542969,0.5526865720748901,0.4595107138156891,0.4220297336578369,0.5443690419197083,0.2687205374240875,0.522628903388977,-0.13191786408424377,0.8861991167068481,0.5326459407806396,0.23423060774803162,0.470093309879303,0.5423611998558044,0.27692729234695435,0.28320246934890747,-0.051615528762340546,0.5752386450767517,0.5409451723098755,0.18264007568359375,0.49243244528770447,0.5175230503082275,0.2673112750053406,0.2175154983997345,-0.0767640694975853,0.4332610070705414,0.5239309072494507,0.18163973093032837,0.44590696692466736,0.5318900346755981,0.27938929200172424,0.22774717211723328,-0.05389521270990372,0.41312846541404724,0.5143268704414368,0.2045242339372635,0.4535786509513855,0.5433924794197083,0.28733834624290466,0.25489723682403564,-0.045075733214616776,0.4282914102077484,0.7024667263031006,0.8551260232925415,0.08851051330566406,0.9974656105041504,0.6401587724685669,0.9437759518623352,-0.08906669169664383,0.997947633266449,0.9319682121276855,0.9459577202796936,0.013275871984660625,0.05691194534301758,0.8512450456619263,1.0679510831832886,-0.2860209345817566,0.07390791922807693,0.9965907335281372,1.3449183702468872,0.17675068974494934,0.004789841827005148,0.987716019153595,1.4247552156448364,-0.07236939668655396,0.015493226237595081,0.98766028881073,1.3824349641799927,0.19309422373771667,0.007572321221232414,0.9936666488647461,1.4933910369873047,-0.04736100137233734,0.014647208154201508,1.0299053192138672,1.4910234212875366,0.15752381086349487,0.0065632774494588375,1.0693037509918213,1.4584455490112305,-0.09137999266386032,0.013228901661932468
0.3676241636276245,0.35666924715042114,-0.011908048763871193,0.9990474581718445,0.35157787799835205,0.35848739743232727,0.017415840178728104,0.9985982775688171,0.3532788157463074,0.36142632365226746,0.01690036430954933,0.9982019662857056,0.3551886975765228,0.3637935519218445,0.016835149377584457,0.9990146160125732,0.33843833208084106,0.3662860095500946,-0.019211962819099426,0.9989849925041199,0.3321493864059448,0.37495142221450806,-0.02001231350004673,0.9989696741104126,0.3257606625556946,0.38423338532447815,-0.02036270871758461,0.9994099140167236,0.3499765396118164,0.4066559374332428,0.15129026770591736,0.9993017315864563,0.31946447491645813,0.4313443899154663,-0.016188539564609528,0.9983420372009277,0.38079652190208435,0.393532931804657,0.044348351657390594,0.9988213181495667,0.3691242039203644,0.40243226289749146,-0.008329907432198524,0.9988061785697937,0.474845826625824,0.5076878070831299,0.2380494773387909,0.9996898770332336,0.3480326533317566,0.6276988387107849,-0.07691881060600281,0.9996452331542969,0.553446888923645,0.45782914757728577,0.4249979555606842,0.5544478893280029,0.26868051290512085,0.519649863243103,-0.15608111023902893,0.8903165459632874,0.5354947447776794,0.23073618113994598,0.46499699354171753,0.555523693561554,0.27400657534599304,0.27928802371025085,-0.08347628265619278,0.5875925421714783,0.5424302220344543,0.18945874273777008,0.4863327145576477,0.5300970673561096,0.2652825117111206,0.2149878591299057,-0.11049751192331314,0.4455953538417816,0.5264792442321777,0.17875149846076965,0.43732303380966187,0.545164942741394,0.2774054706096649,0.22379979491233826,-0.08750350773334503,0.425957590341568,0.5197007060050964,0.19315798580646515,0.44691362977027893,0.5564490556716919,0.2851274311542511,0.25034618377685547,-0.07686427980661392,0.4408895671367645,0.7031342387199402,0.8573102951049805,0.09187040477991104,0.9974485635757446,0.6403194665908813,0.9468960165977478,-0.09238990396261215,0.9979209303855896,0.9323499798774719,0.9492424130439758,0.013715937733650208,0.056744687259197235,0.8481419682502747,1.0988715887069702,-0.29459553956985474,0.07460801303386688,0.9966709017753601,1.3619507551193237,0.1761407107114792,0.0046855793334543705,0.9859663248062134,1.446699857711792,-0.07273765653371811,0.015160116367042065,0.9879385828971863,1.3992093801498413,0.19179540872573853,0.007530089933425188,0.9912940859794617,1.515476107597351,-0.04833389073610306,0.014439862221479416,1.0299056768417358,1.5111161470413208,0.1484273225069046,0.006522685755044222,1.06844162940979,1.4770041704177856,-0.09218940883874893,0.01308399811387062
0.36771705746650696,0.3540824353694916,-0.01153561007231474,0.9991247653961182,0.3515329360961914,0.3547830879688263,0.01886257715523243,0.9987124800682068,0.35316967964172363,0.3577396273612976,0.018350958824157715,0.9983445405960083,0.3550441861152649,0.36009907722473145,0.01829553209245205,0.9990971088409424,0.33839282393455505,0.36220380663871765,-0.019129116088151932,0.9990675449371338,0.3320247530937195,0.37056317925453186,-0.01993468590080738,0.9990500211715698,0.3255099952220917,0.37960222363471985,-0.02027553878724575,0.9994566440582275,0.3490828275680542,0.4034026265144348,0.15560294687747955,0.999355673789978,0.3186754584312439,0.42730090022087097,-0.01772238127887249,0.9984660744667053,0.38081419467926025,0.3915368914604187,0.04597296938300133,0.9989122748374939,0.36913806200027466,0.40097278356552124,-0.008457986637949944,0.998895525932312,0.47487038373947144,0.5077471733093262,0.24514350295066833,0.999697208404541,0.3464900255203247,0.6276059150695801,-0.08366386592388153,0.9996504187583923,0.5548452138900757,0.4588146507740021,0.433782160282135,0.5701347589492798,0.26815927028656006,0.5024741888046265,-0.15825003385543823,0.8948401808738708,0.5363761186599731,0.2320585697889328,0.47451305389404297,0.5739256739616394,0.27083835005760193,0.2695794105529785,-0.0757693201303482,0.602538526058197,0.5420302152633667,0.19117914140224457,0.4962364137172699,0.547931969165802,0.26221901178359985,0.20797409117221832,-0.10255812108516693,0.4616785943508148,0.526696503162384,0.17769268155097961,0.4464278221130371,0.5633708238601685,0.27423396706581116,0.21359337866306305,-0.07976342737674713,0.44260314106941223,0.5216126441955566,0.19050318002700806,0.45604467391967773,0.5744256973266602,0.28204795718193054,0.24056264758110046,-0.06903281062841415,0.45754513144493103,0.703383207321167,0.8586440086364746,0.09848200529813766,0.9974866509437561,0.6404306888580322,0.9488250017166138,-0.0989791601896286,0.9979363679885864,0.9326102137565613,0.9521169662475586,0.015900570899248123,0.059124790132045746,0.8471918106079102,1.1108781099319458,-0.3044518828392029,0.07856137305498123,0.9998029470443726,1.373917818069458,0.17615291476249695,0.004692183807492256,0.9862691164016724,1.4597251415252686,-0.07339064031839371,0.015265881083905697,0.9904384613037109,1.4107632637023926,0.19145210087299347,0.0076279169879853725,0.9913614988327026,1.528692603111267,-0.04903684929013252,0.014570220373570919,1.0333032608032227,1.5259524583816528,0.14780530333518982,0.006646192166954279,1.0695806741714478,1.4880315065383911,-0.0926581546664238,0.013307695277035236
0.36759698390960693,0.34973132610321045,-0.025656644254922867,0.9991739988327026,0.3507319390773773,0.3501235246658325,0.0048610451631248,0.9987833499908447,0.3521629869937897,0.3529704511165619,0.004336170386523008,0.998428225517273,0.35392141342163086,0.35525810718536377,0.00426957942545414,0.999151885509491,0.3377329111099243,0.35786741971969604,-0.0344834066927433,0.999119758605957,0.331229031085968,0.36613842844963074,-0.03529457747936249,0.9990975260734558,0.32453304529190063,0.3749445974826813,-0.03564738109707832,0.9994856119155884,0.34768956899642944,0.398546040058136,0.14576882123947144,0.9993879795074463,0.31722885370254517,0.42229872941970825,-0.03362758457660675,0.9985374212265015,0.3806225657463074,0.3875153064727783,0.03373134136199951,0.998968243598938,0.3690907955169678,0.3972053825855255,-0.02266797609627247,0.998949408531189,0.474015474319458,0.506307065486908,0.2413371056318283,0.9996953010559082,0.3446808159351349,0.6274072527885437,-0.09665881097316742,0.9996471405029297,0.555677056312561,0.4576558768749237,0.43280085921287537,0.5790148973464966,0.2674340307712555,0.4910207986831665,-0.17656606435775757,0.8983964920043945,0.5371432900428772,0.22954106330871582,0.46965914964675903,0.581943929195404,0.2694830596446991,0.2686300277709961,-0.10480193048715591,0.6157547235488892,0.543260931968689,0.18641147017478943,0.4910261034965515,0.5553703308105469,0.2610929012298584,0.20946958661079407,-0.1341610997915268,0.4763309061527252,0.5273469686508179,0.17401467263698578,0.4393289089202881,0.5713394284248352,0.2726912498474121,0.21438667178153992,-0.11350651830434799,0.45786532759666443,0.5229736566543579,0.18631431460380554,0.4501286447048187,0.5828076601028442,0.2805175185203552,0.24102522432804108,-0.09929344803094864,0.47245174646377563,0.7035227417945862,0.8592037558555603,0.10058863461017609,0.9975275993347168,0.6405802369117737,0.9497495889663696,-0.10107052326202393,0.9979645013809204,0.9339998364448547,0.9521841406822205,0.015338865108788013,0.061763327568769455,0.8474652171134949,1.1089261770248413,-0.3104311227798462,0.08262640237808228,0.999799907207489,1.3729578256607056,0.18507108092308044,0.004728963598608971,0.9866845011711121,1.4590951204299927,-0.07488749921321869,0.015538535080850124,0.9901219606399536,1.40998375415802,0.20188121497631073,0.007794235832989216,0.9914301633834839,1.5280673503875732,-0.049105480313301086,0.0148102892562747,1.0333036184310913,1.5246241092681885,0.15718713402748108,0.006780125666409731,1.0706546306610107,1.48881196975708,-0.0970773994922638,0.013609355315566063
