x1,y1,z1,v1,x2,y2,z2,v2,x3,y3,z3,v3,x4,y4,z4,v4,x5,y5,z5,v5,x6,y6,z6,v6,x7,y7,z7,v7,x8,y8,z8,v8,x9,y9,z9,v9,x10,y10,z10,v10,x11,y11,z11,v11,x12,y12,z12,v12,x13,y13,z13,v13,x14,y14,z14,v14,x15,y15,z15,v15,x16,y16,z16,v16,x17,y17,z17,v17,x18,y18,z18,v18,x19,y19,z19,v19,x20,y20,z20,v20,x21,y21,z21,v21,x22,y22,z22,v22,x23,y23,z23,v23,x24,y24,z24,v24,x25,y25,z25,v25,x26,y26,z26,v26,x27,y27,z27,v27,x28,y28,z28,v28,x29,y29,z29,v29,x30,y30,z30,v30,x31,y31,z31,v31,x32,y32,z32,v32,x33,y33,z33,v33
0.5108030438423157,0.419929176568985,-0.502305269241333,0.9988626837730408,0.5396603941917419,0.37794724106788635,-0.5026958584785461,0.9983774423599243,0.5501694083213806,0.3760302662849426,-0.5034251809120178,0.9979814887046814,0.5589020848274231,0.3756120502948761,-0.5035048723220825,0.9988365769386292,0.5067576169967651,0.3771955668926239,-0.5144277811050415,0.9986405372619629,0.4987618029117584,0.3742278516292572,-0.5149627923965454,0.9986137747764587,0.48773202300071716,0.3760380744934082,-0.5151671171188354,0.9990651607513428,0.569893479347229,0.39278003573417664,-0.400237500667572,0.9991378784179688,0.4743724465370178,0.3964821696281433,-0.464139848947525,0.9970965385437012,0.5219666957855225,0.4604703187942505,-0.4464572072029114,0.9973874092102051,0.4928189218044281,0.450093537569046,-0.4693669378757477,0.997637927532196,0.5442962646484375,0.4997160732746124,-0.29973575472831726,0.9995907545089722,0.36996227502822876,0.5738546848297119,-0.359568327665329,0.9992774128913879,0.6871048212051392,0.30510586500167847,-0.24816441535949707,0.5752449631690979,0.28449851274490356,0.35616791248321533,-0.39480629563331604,0.8141262531280518,0.846208930015564,0.1719246506690979,-0.284679651260376,0.5425034165382385,0.269121915102005,0.1587424874305725,-0.36238983273506165,0.5662868618965149,0.8732965588569641,0.11398958414793015,-0.2933110296726227,0.5138224363327026,0.25713077187538147,0.1353207528591156,-0.39946800470352173,0.44173428416252136,0.8815146684646606,0.11023987829685211,-0.35730406641960144,0.5301445722579956,0.26389795541763306,0.13582900166511536,-0.3974000811576843,0.4270942211151123,0.8673647046089172,0.14026962220668793,-0.31123870611190796,0.5431386232376099,0.2727910578250885,0.1600230485200882,-0.36793506145477295,0.44077399373054504,0.6190953254699707,0.7635825276374817,0.0546620674431324,0.9941948652267456,0.587281346321106,0.8455824255943298,-0.05541878193616867,0.9928451180458069,0.710361123085022,0.44758909940719604,0.11250754445791245,0.06479927152395248,0.5708945989608765,0.5856562256813049,0.06862880289554596,0.07947162538766861,0.6970614194869995,0.2408122420310974,0.2218514382839203,0.008314614184200764,0.661001980304718,0.3335316777229309,0.14055567979812622,0.02153642661869526,0.7153834104537964,0.2287067472934723,0.23297369480133057,0.015998924151062965,0.6891669034957886,0.3211232125759125,0.14732719957828522,0.020629970356822014,0.6290726065635681,0.13317976891994476,0.14363297820091248,0.012142748571932316,0.630492627620697,0.17722226679325104,0.008182128891348839,0.020102307200431824
0.4828513264656067,0.43148282170295715,0.4325505197048187,0.983432948589325,0.4821627736091614,0.4133683145046234,0.44155794382095337,0.976395308971405,0.483806848526001,0.4133031964302063,0.44094520807266235,0.9797713160514832,0.48593848943710327,0.4143909513950348,0.44097957015037537,0.9826321005821228,0.47298985719680786,0.41179966926574707,0.427448034286499,0.9794949293136597,0.4692975878715515,0.41047585010528564,0.42702627182006836,0.9841485023498535,0.464791864156723,0.41018974781036377,0.4267311990261078,0.9880600571632385,0.47393321990966797,0.42106688022613525,0.46965107321739197,0.9914489984512329,0.4393335282802582,0.4161320626735687,0.40521568059921265,0.9845945835113525,0.4778316915035248,0.4557777941226959,0.45152798295021057,0.984744131565094,0.46828022599220276,0.4502308666706085,0.4271697998046875,0.9859563708305359,0.4636704921722412,0.45701831579208374,0.37838858366012573,0.9994803071022034,0.3669208288192749,0.5364018678665161,0.29311317205429077,0.9991753101348877,0.46724334359169006,0.29687201976776123,0.27849510312080383,0.5415875911712646,0.2827114462852478,0.33994007110595703,0.23238568007946014,0.7485391497612,0.4941280484199524,0.182646706700325,0.06490415334701538,0.5024791359901428,0.25930044054985046,0.1753392517566681,0.3549092411994934,0.5417910814285278,0.5005419254302979,0.13904286921024323,0.15067557990550995,0.4839918315410614,0.24919505417346954,0.14563031494617462,0.3430866003036499,0.440621554851532,0.4998018741607666,0.12421206384897232,-0.19745677709579468,0.49945181608200073,0.26549068093299866,0.1579655408859253,0.34912925958633423,0.4261080324649811,0.49752458930015564,0.1568276733160019,-0.09092101454734802,0.5130005478858948,0.273023396730423,0.17455963790416718,0.35286781191825867,0.44285085797309875,0.5421486496925354,0.726704478263855,0.06399036943912506,0.993760883808136,0.5200051069259644,0.839560866355896,-0.06467016041278839,0.992595911026001,0.6707101464271545,0.47729921340942383,0.0947512537240982,0.09183379262685776,0.6203771829605103,0.6558734178543091,-0.34859153628349304,0.15348805487155914,0.8098947405815125,0.3516610860824585,-0.19522981345653534,0.034565992653369904,0.8213664293289185,0.5333621501922607,-0.575444757938385,0.07084067165851593,0.8407346606254578,0.3659326732158661,-0.22451379895210266,0.056474365293979645,0.8455483317375183,0.5497757792472839,-0.5915762186050415,0.08445073664188385,0.8064742088317871,0.27585896849632263,-0.36871567368507385,0.03736577555537224,0.8741484880447388,0.40205737948417664,-0.7302435040473938,0.0743982195854187
0.5023815631866455,0.30520519614219666,-0.21683993935585022,0.974497377872467,0.49462181329727173,0.27720022201538086,-0.24450048804283142,0.968720555305481,0.49348706007003784,0.27808448672294617,-0.2452922761440277,0.9729623794555664,0.492652028799057,0.2785285413265228,-0.24516132473945618,0.9771599769592285,0.49140700697898865,0.279342919588089,-0.27205175161361694,0.9753786325454712,0.4884365499019623,0.2814754843711853,-0.2727671265602112,0.9817575812339783,0.48548492789268494,0.28330329060554504,-0.2731489837169647,0.9864064455032349,0.4672170579433441,0.30366501212120056,-0.27398496866226196,0.989249587059021,0.4603807330131531,0.3095986545085907,-0.39532750844955444,0.982658863067627,0.49638229608535767,0.35370343923568726,-0.20426838099956512,0.97855544090271,0.49419474601745605,0.3512190282344818,-0.24407711625099182,0.9810710549354553,0.34771931171417236,0.47414496541023254,-0.23674502968788147,0.9993829131126404,0.5321663618087769,0.49773600697517395,-0.31961971521377563,0.9991342425346375,0.3470233082771301,0.6412919163703918,-0.037130288779735565,0.48869672417640686,0.6704663038253784,0.6713815331459045,-0.28642988204956055,0.7469679713249207,0.43701082468032837,0.5883651375770569,0.08610045164823532,0.45330312848091125,0.6793572902679443,0.4607849419116974,-0.2269076406955719,0.5619498491287231,0.43402713537216187,0.5591077208518982,0.0807642787694931,0.4383528232574463,0.7081907987594604,0.41506415605545044,-0.27604198455810547,0.4738800823688507,0.45245471596717834,0.5417235493659973,0.023714285343885422,0.4528351128101349,0.6827038526535034,0.3997615873813629,-0.2669556438922882,0.4638647139072418,0.4600342810153961,0.5547909736633301,0.06656341254711151,0.4648967385292053,0.6666417121887207,0.4216286838054657,-0.22644980251789093,0.46440213918685913,0.5839098691940308,0.8135815262794495,0.06583334505558014,0.9930582046508789,0.6462372541427612,0.8596495985984802,-0.06649047136306763,0.9927406311035156,0.6815145015716553,0.9313001036643982,0.43855684995651245,0.0829935073852539,0.6911807656288147,0.8079599738121033,0.2823092043399811,0.144160196185112,0.7774674892425537,1.1283551454544067,0.7868871688842773,0.0317317359149456,0.8305948376655579,0.9437242150306702,0.6152880787849426,0.07493053376674652,0.7950664162635803,1.1796245574951172,0.8221365809440613,0.05370212346315384,0.8441481590270996,1.080928087234497,0.6536908149719238,0.09336654841899872,0.7937941551208496,1.107222318649292,0.8267163038253784,0.03491707146167755,0.8766620755195618,0.7575579285621643,0.6519929766654968,0.07545836269855499
0.5073993802070618,0.27828460931777954,-0.2264169156551361,0.9728884696960449,0.49589163064956665,0.25273603200912476,-0.2477826625108719,0.9676541090011597,0.49296751618385315,0.2536957859992981,-0.24848251044750214,0.9719029664993286,0.4902774393558502,0.25406283140182495,-0.2484094649553299,0.9764257073402405,0.49408483505249023,0.25509393215179443,-0.27800244092941284,0.975212037563324,0.4905851483345032,0.2574782073497772,-0.27869436144828796,0.9817413091659546,0.4874036908149719,0.2592996060848236,-0.2790561318397522,0.9864563345909119,0.46012020111083984,0.27983757853507996,-0.26332467794418335,0.9889714121818542,0.4623405337333679,0.2884989082813263,-0.3962727189064026,0.9825387001037598,0.4982123374938965,0.3250414729118347,-0.20929905772209167,0.9768087863922119,0.4980386197566986,0.3244263231754303,-0.25240927934646606,0.9796535968780518,0.3411352038383484,0.4854719340801239,-0.20564338564872742,0.99934983253479,0.5533839464187622,0.48199063539505005,-0.33137115836143494,0.9991057515144348,0.32231539487838745,0.6985913515090942,0.002131284214556217,0.44135886430740356,0.6765523552894592,0.7007408738136292,-0.3010096549987793,0.742569625377655,0.3758465051651001,0.5986734628677368,0.11784696578979492,0.41003522276878357,0.688499927520752,0.5095434188842773,-0.23936864733695984,0.5756158232688904,0.368256151676178,0.5690059661865234,0.10665156692266464,0.4000340700149536,0.7180501222610474,0.4584539234638214,-0.2865743935108185,0.4993658661842346,0.38391298055648804,0.5488223433494568,0.06568238139152527,0.41392430663108826,0.6917803883552551,0.4382990002632141,-0.27779462933540344,0.4931226074695587,0.39477837085723877,0.5585755109786987,0.10547883808612823,0.4240890443325043,0.6765920519828796,0.45601603388786316,-0.2383696734905243,0.47819647192955017,0.5802682042121887,0.8580438494682312,0.0675438866019249,0.9920503497123718,0.6574009656906128,0.8693267107009888,-0.06817056238651276,0.9926006197929382,0.679533064365387,1.0478811264038086,0.4487282335758209,0.07499192655086517,0.7161861658096313,0.8817958235740662,0.2654816508293152,0.13439078629016876,0.7878826856613159,1.3252685070037842,0.7772034406661987,0.028980152681469917,0.8359142541885376,1.250814437866211,0.5904980897903442,0.07416018098592758,0.8055275678634644,1.3787822723388672,0.8088280558586121,0.05017244070768356,0.8455533981323242,1.3518916368484497,0.626780092716217,0.09471229463815689,0.80750972032547,1.354396939277649,0.8157421350479126,0.0321047380566597,0.877515435218811,1.200124979019165,0.62840735912323,0.07194353640079498
0.49113497138023376,0.2738124132156372,-0.1452755182981491,0.9681185483932495,0.48090797662734985,0.2498580515384674,-0.15597638487815857,0.9643265008926392,0.4770171642303467,0.2508854269981384,-0.15664111077785492,0.9694837331771851,0.4735569953918457,0.25132501125335693,-0.15654289722442627,0.9746542572975159,0.4845871031284332,0.24974806606769562,-0.1807059496641159,0.9737779498100281,0.48374733328819275,0.25059372186660767,-0.1813758909702301,0.9812440276145935,0.48331165313720703,0.2507672607898712,-0.181691512465477,0.9861235022544861,0.44985565543174744,0.27432066202163696,-0.2231174260377884,0.9879927635192871,0.4686806797981262,0.27782028913497925,-0.31598347425460815,0.9820768237113953,0.4831494390964508,0.32398977875709534,-0.13142654299736023,0.9759746789932251,0.487935870885849,0.32287395000457764,-0.16599003970623016,0.9789775013923645,0.34014350175857544,0.496049702167511,-0.23970487713813782,0.9993932247161865,0.5625441670417786,0.4839412569999695,-0.26508527994155884,0.9991634488105774,0.321042537689209,0.727557897567749,-0.047337256371974945,0.4003005027770996,0.6901402473449707,0.6945182085037231,-0.23585477471351624,0.7019244432449341,0.35338056087493896,0.5596686005592346,0.07752113044261932,0.3765385150909424,0.6926895380020142,0.47541096806526184,-0.18260104954242706,0.5864881873130798,0.3456357419490814,0.5197857022285461,0.055605821311473846,0.37573760747909546,0.7184406518936157,0.4382471442222595,-0.22913917899131775,0.5289649367332458,0.355853408575058,0.5050835609436035,0.014397908933460712,0.3906611502170563,0.693753719329834,0.42187950015068054,-0.2340899258852005,0.5256016850471497,0.364624947309494,0.5181217789649963,0.06424346566200256,0.3958791494369507,0.6829148530960083,0.4362676739692688,-0.1884528398513794,0.4946072995662689,0.5461599826812744,0.8408680558204651,0.04385000839829445,0.9927965402603149,0.6513024568557739,0.8210058212280273,-0.04440643638372421,0.9933179616928101,0.5741223096847534,0.9725097417831421,0.4584682881832123,0.06762639433145523,0.6759607195854187,0.7723932862281799,0.31438273191452026,0.12427711486816406,0.6079036593437195,0.9617010951042175,0.8628882169723511,0.026494480669498444,0.7410609722137451,0.8927489519119263,0.6544092893600464,0.07384853810071945,0.6235555410385132,0.9902925491333008,0.9044812321662903,0.047821879386901855,0.7486501336097717,0.9511271119117737,0.6950695514678955,0.10378284752368927,0.5884600281715393,0.8831841349601746,0.936596691608429,0.029925841838121414,0.7509349584579468,0.7816067934036255,0.7192426919937134,0.07101985812187195
0.499234676361084,0.26699259877204895,-0.16982969641685486,0.9616965055465698,0.4872685968875885,0.2479124665260315,-0.19829489290714264,0.9593327641487122,0.48192277550697327,0.24867528676986694,-0.19894376397132874,0.9651467204093933,0.4761955142021179,0.24852566421031952,-0.1988317221403122,0.9717848896980286,0.49150222539901733,0.24844780564308167,-0.22286713123321533,0.9716318845748901,0.4899483323097229,0.2499534636735916,-0.22348825633525848,0.9799622893333435,0.488736093044281,0.2510039508342743,-0.22375857830047607,0.9853749871253967,0.4484993517398834,0.2696935832500458,-0.27458512783050537,0.9857467412948608,0.4707581102848053,0.27930930256843567,-0.380755752325058,0.9804851412773132,0.4874177575111389,0.31864798069000244,-0.17638562619686127,0.9733925461769104,0.4942038953304291,0.31888699531555176,-0.21154752373695374,0.9769889712333679,0.33682435750961304,0.49801576137542725,-0.28346702456474304,0.999423086643219,0.5557349920272827,0.4881587028503418,-0.3256433606147766,0.9991995096206665,0.3159807324409485,0.7241358160972595,-0.09073077887296677,0.3613010048866272,0.6942719221115112,0.6872498989105225,-0.2638383209705353,0.6496485471725464,0.35562780499458313,0.5434258580207825,0.04493951052427292,0.3412652015686035,0.6941961050033569,0.4692731499671936,-0.19407682120800018,0.5813779830932617,0.3524421751499176,0.5066092610359192,0.02312791533768177,0.34378132224082947,0.7189126014709473,0.43511152267456055,-0.24228529632091522,0.5427588820457458,0.3633054196834564,0.49443918466567993,-0.019426574930548668,0.3583623766899109,0.6935056447982788,0.41351649165153503,-0.25326916575431824,0.5440137982368469,0.3706933557987213,0.5047221183776855,0.030620267614722252,0.3617216944694519,0.6838529109954834,0.42710405588150024,-0.20323558151721954,0.4954885244369507,0.526660680770874,0.8246650099754333,0.043369513005018234,0.9934477806091309,0.634485125541687,0.8035145401954651,-0.04396108537912369,0.9939538836479187,0.544762909412384,0.8482747673988342,0.456562340259552,0.060881100594997406,0.6427181959152222,0.7207790017127991,0.3198360800743103,0.11230889707803726,0.575492262840271,0.8734970688819885,0.8530502319335938,0.02391711249947548,0.6931496262550354,0.8078744411468506,0.6975375413894653,0.06754421442747116,0.5917021036148071,0.8996375203132629,0.8943131566047668,0.043589893728494644,0.6716572642326355,0.8181247115135193,0.7427340745925903,0.09779386967420578,0.5500954985618591,0.7959226965904236,0.927428126335144,0.02713567577302456,0.6957972645759583,0.6962213516235352,0.7789282202720642,0.0652078166604042
0.5002039670944214,0.2607939541339874,-0.18833069503307343,0.9593425393104553,0.4874134957790375,0.24299567937850952,-0.2177613079547882,0.9580288529396057,0.4816441535949707,0.24434871971607208,-0.21839210391044617,0.9639125466346741,0.47518301010131836,0.24477216601371765,-0.21833264827728271,0.9713000059127808,0.49280816316604614,0.24258501827716827,-0.24255195260047913,0.9712850451469421,0.49182605743408203,0.24382555484771729,-0.24311396479606628,0.9796980023384094,0.49104881286621094,0.24450357258319855,-0.24335289001464844,0.9853103756904602,0.4474985599517822,0.26759129762649536,-0.2893525958061218,0.9849368333816528,0.47420796751976013,0.27117305994033813,-0.3967789113521576,0.9796948432922363,0.4865342676639557,0.30994126200675964,-0.19473585486412048,0.9717613458633423,0.4951552450656891,0.3080501854419708,-0.23004212975502014,0.9755004644393921,0.3377636969089508,0.5093515515327454,-0.2883034348487854,0.9994472861289978,0.5611611008644104,0.4889924228191376,-0.3366336226463318,0.9991921186447144,0.30923157930374146,0.7183775305747986,-0.09562210738658905,0.3257504403591156,0.6993343830108643,0.6776559352874756,-0.2672126889228821,0.5916963219642639,0.35716259479522705,0.542828381061554,0.04555528610944748,0.30852800607681274,0.6924251914024353,0.45425888895988464,-0.17803193628787994,0.545596718788147,0.35134345293045044,0.4990730583667755,0.023735452443361282,0.31288495659828186,0.7112554311752319,0.41968244314193726,-0.22233454883098602,0.5231096744537354,0.36197346448898315,0.49330899119377136,-0.01585562340915203,0.3266735374927521,0.6871859431266785,0.3993048369884491,-0.2337077409029007,0.5291057825088501,0.36931613087654114,0.5053298473358154,0.032049648463726044,0.3288336396217346,0.6796253323554993,0.41448813676834106,-0.18705105781555176,0.46970924735069275,0.521235466003418,0.8129324316978455,0.04265867918729782,0.9939907789230347,0.6264280080795288,0.7903470396995544,-0.043237991631031036,0.9944987297058105,0.5253409743309021,0.8042407631874084,0.41560807824134827,0.05479972064495087,0.6410547494888306,0.6983976364135742,0.2797577977180481,0.10121605545282364,0.5664253234863281,0.8504090905189514,0.805974006652832,0.02154943160712719,0.698670506477356,0.7820909023284912,0.6441555023193359,0.0611158050596714,0.5851072072982788,0.8750197291374207,0.8477299809455872,0.039478104561567307,0.7043894529342651,0.822980523109436,0.6876410245895386,0.08967067301273346,0.5405117869377136,0.7690032720565796,0.8903716206550598,0.024491041898727417,0.7016502618789673,0.6727319359779358,0.7204270362854004,0.059113454073667526
0.4942886233329773,0.2605654299259186,-0.1665404736995697,0.9486526250839233,0.4830075204372406,0.24133342504501343,-0.17798660695552826,0.9488329291343689,0.4773015081882477,0.24285545945167542,-0.17864418029785156,0.955776572227478,0.47111573815345764,0.24342836439609528,-0.1785939633846283,0.965461015701294,0.48927217721939087,0.24077127873897552,-0.2080327719449997,0.9664716720581055,0.48905864357948303,0.2421799600124359,-0.2087862491607666,0.9765835404396057,0.4891135096549988,0.2430894672870636,-0.2091832160949707,0.9835419058799744,0.44554662704467773,0.2673479914665222,-0.22607016563415527,0.9809290766716003,0.4753667414188385,0.2693924307823181,-0.32779115438461304,0.9763891100883484,0.481903612613678,0.3065389096736908,-0.14925940334796906,0.9651172161102295,0.4896169602870941,0.30335521697998047,-0.18956445157527924,0.9705269932746887,0.3352229595184326,0.5100877285003662,-0.23230770230293274,0.9994356632232666,0.5623356103897095,0.4832119047641754,-0.2844691574573517,0.9992018342018127,0.3113466203212738,0.7145494222640991,-0.06074195355176926,0.29349222779273987,0.6982725858688354,0.6614528894424438,-0.25136399269104004,0.5411083102226257,0.3569243550300598,0.5446107983589172,0.058777548372745514,0.27826187014579773,0.6899204850196838,0.43987134099006653,-0.16512063145637512,0.5228142738342285,0.34651604294776917,0.5009574890136719,0.037072472274303436,0.28338536620140076,0.7100145816802979,0.4029369056224823,-0.208856463432312,0.5177974700927734,0.36168426275253296,0.5019188523292542,-0.0019446241203695536,0.2961103916168213,0.6896799206733704,0.3855332136154175,-0.21823732554912567,0.5270894765853882,0.3731699287891388,0.5230920314788818,0.04517602548003197,0.2976933717727661,0.6807159781455994,0.40219488739967346,-0.17187276482582092,0.4539243280887604,0.5123792886734009,0.8224115371704102,0.037132129073143005,0.9945087432861328,0.6179443597793579,0.803629457950592,-0.03768030181527138,0.9950156807899475,0.5167087316513062,0.8180365562438965,0.4041016697883606,0.04933462291955948,0.6517478227615356,0.7582325339317322,0.30500197410583496,0.09133253246545792,0.534197211265564,0.8788936138153076,0.8186805844306946,0.019421957433223724,0.7022507786750793,0.8992339968681335,0.6612589359283447,0.05549909919500351,0.5471903085708618,0.9089667201042175,0.8627012372016907,0.03581244871020317,0.70903480052948,0.9485796689987183,0.7027106881141663,0.08272800594568253,0.5110994577407837,0.7989572882652283,0.9230502843856812,0.02210482954978943,0.7052685022354126,0.8053462505340576,0.7365492582321167,0.053586240857839584
0.4926663935184479,0.26302406191825867,-0.15478381514549255,0.9498394727706909,0.4815322458744049,0.24021799862384796,-0.1604251116514206,0.9505128860473633,0.47488290071487427,0.24135003983974457,-0.1610659509897232,0.9574325084686279,0.4685758054256439,0.2418927550315857,-0.16101595759391785,0.9666805267333984,0.4898885190486908,0.24048036336898804,-0.18817654252052307,0.9679524898529053,0.490140438079834,0.2419663965702057,-0.18888205289840698,0.9777019619941711,0.4906235635280609,0.2429477870464325,-0.18922913074493408,0.9843543171882629,0.4441542625427246,0.2650325894355774,-0.21038880944252014,0.9817095398902893,0.4769889712333679,0.2681138813495636,-0.3159641921520233,0.977485179901123,0.479484885931015,0.30678945779800415,-0.13439205288887024,0.9658257365226746,0.4874466359615326,0.30350586771965027,-0.1721974015235901,0.9712653756141663,0.3362327218055725,0.515361487865448,-0.1944153606891632,0.9994106888771057,0.5642727017402649,0.47941747307777405,-0.2796650826931,0.9991766810417175,0.30399763584136963,0.7144353985786438,-0.010127061977982521,0.26509031653404236,0.7009443044662476,0.6527263522148132,-0.24621574580669403,0.5164770483970642,0.3446761965751648,0.5238903760910034,0.09666364639997482,0.25256097316741943,0.6923171877861023,0.43687567114830017,-0.15943768620491028,0.5425379872322083,0.3353835642337799,0.4787690341472626,0.08071386814117432,0.2621557414531708,0.7115535140037537,0.3981206715106964,-0.20558853447437286,0.5482292175292969,0.34451839327812195,0.4746449887752533,0.0385919027030468,0.275052547454834,0.6891741752624512,0.3810909688472748,-0.21402576565742493,0.5592848062515259,0.35626980662345886,0.4934024512767792,0.08206795901060104,0.2753099501132965,0.6800910234451294,0.39754754304885864,-0.16588935256004333,0.48038139939308167,0.5079246759414673,0.8677639365196228,0.040707312524318695,0.9931725859642029,0.6111538410186768,0.870787501335144,-0.041338082402944565,0.9945874214172363,0.5444145798683167,0.9582154154777527,0.4053565561771393,0.044430363923311234,0.6613672971725464,0.9138637185096741,0.28932327032089233,0.08259949833154678,0.6092602014541626,1.1547523736953735,0.7296886444091797,0.01751754805445671,0.7252005338668823,1.1503288745880127,0.6165579557418823,0.05039394274353981,0.6267504096031189,1.2021795511245728,0.7626777291297913,0.032555997371673584,0.7275760173797607,1.2218804359436035,0.6532032489776611,0.07592986524105072,0.5993642807006836,1.1276159286499023,0.7935687899589539,0.01995050720870495,0.752804160118103,1.0678377151489258,0.6725982427597046,0.0484590157866478
0.48792576789855957,0.2655852735042572,-0.025793936103582382,0.9432941675186157,0.47595030069351196,0.245735302567482,-0.05382658913731575,0.9481707811355591,0.4678103029727936,0.24675902724266052,-0.05436976999044418,0.9549402594566345,0.4602378308773041,0.24723556637763977,-0.05433354899287224,0.9653577208518982,0.48452892899513245,0.24497118592262268,-0.07372217625379562,0.9666459560394287,0.4845028817653656,0.24526731669902802,-0.07425874471664429,0.9764407277107239,0.485691636800766,0.24469831585884094,-0.07447992265224457,0.983846127986908,0.4431062340736389,0.2693111300468445,-0.14487089216709137,0.9803302884101868,0.47870534658432007,0.2668897211551666,-0.22561760246753693,0.9760534763336182,0.4761958718299866,0.3037053942680359,-0.03747086971998215,0.962062656879425,0.4845486283302307,0.30163004994392395,-0.06614445149898529,0.9678122997283936,0.3394971191883087,0.5155404806137085,-0.16226522624492645,0.9992415904998779,0.5716508626937866,0.4746614694595337,-0.204570010304451,0.9989939332008362,0.3119065761566162,0.6618683934211731,0.006317415274679661,0.2392922192811966,0.6983243227005005,0.6329588890075684,-0.15122710168361664,0.49356311559677124,0.3372279107570648,0.48015686869621277,0.11190937459468842,0.22950781881809235,0.6942684650421143,0.41603219509124756,-0.10119571536779404,0.5513417720794678,0.3328951895236969,0.44930899143218994,0.09713200479745865,0.24062606692314148,0.709905743598938,0.37155529856681824,-0.1544860601425171,0.5645245313644409,0.34225404262542725,0.43731436133384705,0.05603129416704178,0.25273677706718445,0.6898078322410583,0.3643706142902374,-0.17356565594673157,0.5785523653030396,0.352792888879776,0.45207926630973816,0.09757979214191437,0.2517549693584442,0.6794525384902954,0.3834076225757599,-0.11358141899108887,0.48835235834121704,0.48683395981788635,0.8660707473754883,0.03173767775297165,0.9932568073272705,0.5938733816146851,0.8792213201522827,-0.0323280431330204,0.9948479533195496,0.4511583745479584,0.7560200095176697,0.39694708585739136,0.03999827429652214,0.6103013753890991,0.8175472617149353,0.28260478377342224,0.07456272095441818,0.4402836263179779,0.727140486240387,0.7542198300361633,0.015789620578289032,0.6435447931289673,0.875941812992096,0.6485631465911865,0.04579687863588333,0.45418649911880493,0.7466655969619751,0.7965529561042786,0.029502401128411293,0.6547843813896179,0.9197251796722412,0.6899187564849854,0.07025963813066483,0.3887868821620941,0.6194056272506714,0.8470026850700378,0.01801292598247528,0.6204681396484375,0.7664714455604553,0.7131618857383728,0.044156432151794434
0.48671555519104004,0.2645081877708435,-0.015107591636478901,0.9310041666030884,0.47584062814712524,0.2444411963224411,-0.0464128814637661,0.9388785362243652,0.4663965106010437,0.24490299820899963,-0.0469214953482151,0.9460194706916809,0.4578431248664856,0.2449517399072647,-0.046874936670064926,0.9579458236694336,0.48226943612098694,0.24239616096019745,-0.06497836858034134,0.9621086120605469,0.48332205414772034,0.24110561609268188,-0.06550168246030807,0.9735046625137329,0.4852428436279297,0.23875047266483307,-0.06570176780223846,0.9823411703109741,0.4427710175514221,0.26653236150741577,-0.136845201253891,0.9755061268806458,0.4805183410644531,0.2594831585884094,-0.21390891075134277,0.973821222782135,0.47546058893203735,0.2976134121417999,-0.02831300161778927,0.9510490894317627,0.4834733009338379,0.2952605187892914,-0.05495825409889221,0.96053147315979,0.34129950404167175,0.5150488615036011,-0.14814701676368713,0.9987326860427856,0.5684079527854919,0.47126641869544983,-0.19960080087184906,0.9988288879394531,0.3103392720222473,0.6023241877555847,0.009913226589560509,0.2155422568321228,0.7035375833511353,0.5963559150695801,-0.1474137008190155,0.4729975461959839,0.34355029463768005,0.44115400314331055,0.1075408086180687,0.20694322884082794,0.6930264234542847,0.38547536730766296,-0.09048183262348175,0.5587117671966553,0.3362690806388855,0.4142860472202301,0.08752946555614471,0.217649906873703,0.710756242275238,0.34352433681488037,-0.1415177881717682,0.5795546770095825,0.34462106227874756,0.3996637165546417,0.05340344458818436,0.22866858541965485,0.6911062002182007,0.3370898962020874,-0.15985538065433502,0.5957954525947571,0.3544779419898987,0.4125204384326935,0.09462913125753403,0.22755149006843567,0.6794622540473938,0.3550404906272888,-0.10202562808990479,0.49666157364845276,0.4793339669704437,0.8657100200653076,0.027016926556825638,0.9930026531219482,0.5863813757896423,0.8833555579185486,-0.027601217851042747,0.995006799697876,0.4608086943626404,0.7678111791610718,0.389006108045578,0.03600778803229332,0.6141789555549622,0.8184202313423157,0.30072861909866333,0.06725732982158661,0.4626738131046295,0.7453873753547668,0.7631863355636597,0.014227348379790783,0.6463027000427246,0.9037973880767822,0.657442569732666,0.04151470586657524,0.47736066579818726,0.7689628601074219,0.807248592376709,0.02670321799814701,0.6558886170387268,0.9540567994117737,0.6966465711593628,0.06453017145395279,0.41711729764938354,0.6287683248519897,0.8594487905502319,0.016249796375632286,0.632900595664978,0.7880728244781494,0.711471676826477,0.04004305973649025
0.485454797744751,0.2664536237716675,-0.04617570713162422,0.9126320481300354,0.4704909920692444,0.24400998651981354,-0.06810964643955231,0.9196852445602417,0.4605989456176758,0.24397599697113037,-0.0687103122472763,0.9290846586227417,0.45136570930480957,0.24358206987380981,-0.06868891417980194,0.9427602887153625,0.48096275329589844,0.2424187809228897,-0.09187569469213486,0.9521350264549255,0.4812561571598053,0.24106411635875702,-0.0924534946680069,0.9681432843208313,0.48285895586013794,0.23856905102729797,-0.0926976427435875,0.9788388013839722,0.4372591972351074,0.26450055837631226,-0.167082741856575,0.9658694267272949,0.48091045022010803,0.2539321184158325,-0.2338292896747589,0.9690887928009033,0.4747883379459381,0.300065279006958,-0.04521287605166435,0.9320230484008789,0.4827573895454407,0.2962909936904907,-0.08070378005504608,0.9473419785499573,0.34392791986465454,0.5149755477905273,-0.15776130557060242,0.9980372190475464,0.566960334777832,0.4641851782798767,-0.2225228101015091,0.998540461063385,0.30834370851516724,0.5907188057899475,-0.00457757618278265,0.1941506415605545,0.7117201089859009,0.5763211846351624,-0.15608614683151245,0.44436782598495483,0.33829864859580994,0.4291875958442688,0.0887867659330368,0.18664951622486115,0.6876628994941711,0.3519608676433563,-0.11902989447116852,0.563927948474884,0.3353334367275238,0.400330513715744,0.06493134051561356,0.1973365843296051,0.7064289450645447,0.304219126701355,-0.1782374083995819,0.5979587435722351,0.34094786643981934,0.3862267732620239,0.035848844796419144,0.20753580331802368,0.6846240162849426,0.30274856090545654,-0.20222797989845276,0.6160343289375305,0.3516330420970917,0.4012968838214874,0.07688067108392715,0.20624010264873505,0.6720288991928101,0.32259050011634827,-0.13519622385501862,0.5125198364257812,0.47103047370910645,0.8709506392478943,0.019210394471883774,0.9925568103790283,0.5774673819541931,0.8862999081611633,-0.019704174250364304,0.9949697256088257,0.4741474986076355,0.822149395942688,0.3742905259132385,0.0324086993932724,0.6057064533233643,0.8198192119598389,0.2892543375492096,0.060550011694431305,0.48922863602638245,0.8387526869773865,0.7632978558540344,0.012812051922082901,0.6375211477279663,0.9090363383293152,0.646074652671814,0.03743227571249008,0.504730761051178,0.8669310808181763,0.8038120269775391,0.024132495746016502,0.6462740898132324,0.959305465221405,0.6838449239730835,0.05863579735159874,0.4567514955997467,0.7368636131286621,0.8315593600273132,0.014646917581558228,0.6255488991737366,0.7854396104812622,0.683419942855835,0.03613521158695221
0.48221296072006226,0.2537620961666107,-0.04100600630044937,0.9004190564155579,0.46248874068260193,0.22692133486270905,-0.07036380469799042,0.9098609089851379,0.45224279165267944,0.22663798928260803,-0.07090874016284943,0.9188804626464844,0.4430224299430847,0.22654692828655243,-0.07085743546485901,0.9351752400398254,0.4801008105278015,0.22708551585674286,-0.08881883323192596,0.9466477036476135,0.4802526831626892,0.22646330296993256,-0.08937344700098038,0.9644574522972107,0.4826851785182953,0.22452880442142487,-0.08958899229764938,0.9769454598426819,0.43119874596595764,0.2505631446838379,-0.16580207645893097,0.9603487253189087,0.4849189817905426,0.23907597362995148,-0.22963011264801025,0.9657965898513794,0.47454309463500977,0.2907736599445343,-0.050078701227903366,0.9205294251441956,0.4822982847690582,0.28561294078826904,-0.0772734135389328,0.9387932419776917,0.34512007236480713,0.5128888487815857,-0.15338994562625885,0.9975422024726868,0.5665178894996643,0.4514245390892029,-0.21448692679405212,0.9982401132583618,0.31267157196998596,0.5516343712806702,0.0043813386000692844,0.1748790591955185,0.7069488167762756,0.5432217717170715,-0.14022931456565857,0.41657137870788574,0.3425171971321106,0.38490939140319824,0.11187291145324707,0.1684170961380005,0.6878514885902405,0.31794363260269165,-0.07607408612966537,0.5497734546661377,0.33752885460853577,0.35198545455932617,0.0900140032172203,0.178887739777565,0.7105211019515991,0.2740456163883209,-0.12443951517343521,0.5916029810905457,0.3465644419193268,0.34230026602745056,0.06662936508655548,0.18822544813156128,0.6874188780784607,0.2688591182231903,-0.14516063034534454,0.6116544604301453,0.3551872968673706,0.35854771733283997,0.10200542211532593,0.18670225143432617,0.673744797706604,0.28845372796058655,-0.0881444439291954,0.4983200132846832,0.4667440354824066,0.8755624294281006,0.013047764077782631,0.9925237894058228,0.5730862021446228,0.8860568404197693,-0.013529087416827679,0.9950869679450989,0.47209325432777405,0.9113197922706604,0.376217246055603,0.02917112037539482,0.611625611782074,0.9055718183517456,0.2984757125377655,0.05451657623052597,0.5016824007034302,0.9245954751968384,0.760311484336853,0.011538827791810036,0.6408153772354126,0.9534311294555664,0.643828272819519,0.033727437257766724,0.5185498595237732,0.9539057612419128,0.7990702390670776,0.021823188289999962,0.6466013193130493,0.9966660141944885,0.6800004839897156,0.053067997097969055,0.477297306060791,0.7724353075027466,0.8216368556022644,0.013199824839830399,0.6419557332992554,0.8076989054679871,0.6781545877456665,0.03256605565547943
0.4793282449245453,0.25379323959350586,-0.057761382311582565,0.9089663028717041,0.4582245349884033,0.22694119811058044,-0.09722968190908432,0.9176645278930664,0.44851383566856384,0.22730176150798798,-0.09768755733966827,0.9258390069007874,0.4396163523197174,0.2277449071407318,-0.09762236475944519,0.9406798481941223,0.47973495721817017,0.22608059644699097,-0.1119009405374527,0.9513998627662659,0.4796307682991028,0.22542746365070343,-0.11240904033184052,0.9676405191421509,0.48260313272476196,0.22372707724571228,-0.11259788274765015,0.9790171384811401,0.4272534251213074,0.25201016664505005,-0.19388613104820251,0.9637674689292908,0.48635873198509216,0.23936879634857178,-0.2620379626750946,0.9689158201217651,0.47437700629234314,0.2921438217163086,-0.07691387087106705,0.9272798895835876,0.4819125235080719,0.2861217260360718,-0.09854956716299057,0.9441045522689819,0.34571704268455505,0.504504919052124,-0.15172286331653595,0.9974642395973206,0.5679172277450562,0.4431297779083252,-0.2585921585559845,0.9982092380523682,0.3130909502506256,0.5300968885421753,0.0168931744992733,0.15828385949134827,0.7080749869346619,0.5080737471580505,-0.14757952094078064,0.39821571111679077,0.34341326355934143,0.3698927164077759,0.13751111924648285,0.15430429577827454,0.6899996399879456,0.2874716520309448,-0.07941167056560516,0.5688719749450684,0.3383953273296356,0.3351883888244629,0.13283097743988037,0.1702522188425064,0.7072727084159851,0.24388724565505981,-0.11990362405776978,0.6147874593734741,0.34881123900413513,0.3268011510372162,0.09744282066822052,0.18049271404743195,0.6851660013198853,0.24219226837158203,-0.1309012472629547,0.6351389288902283,0.356789767742157,0.3413023352622986,0.12572143971920013,0.1767648458480835,0.6737610697746277,0.26123425364494324,-0.08648189902305603,0.5211194157600403,0.46857500076293945,0.9036197066307068,0.0192145723849535,0.9835205078125,0.5726006627082825,0.8996185064315796,-0.019718777388334274,0.9898437857627869,0.49313250184059143,1.1572787761688232,0.36063480377197266,0.026275301352143288,0.613560140132904,0.9868866205215454,0.27460914850234985,0.04910269007086754,0.584740936756134,1.4241398572921753,0.6222182512283325,0.010406579822301865,0.6313344836235046,1.404280185699463,0.5804342031478882,0.030395347625017166,0.6120367050170898,1.4769045114517212,0.645441472530365,0.01994216814637184,0.6284579634666443,1.4797097444534302,0.6050795912742615,0.04802868887782097,0.5593850612640381,1.421860933303833,0.6350132822990417,0.011909172870218754,0.6466013193130493,1.359123706817627,0.5882594585418701,0.02934207208454609
0.47701889276504517,0.25419992208480835,-0.011344356462359428,0.9168562293052673,0.45604076981544495,0.2274225801229477,-0.04796226695179939,0.9249569773674011,0.44686755537986755,0.22856952250003815,-0.04842132702469826,0.9323536157608032,0.4384811818599701,0.22978706657886505,-0.04832801967859268,0.9458057284355164,0.47900018095970154,0.22540108859539032,-0.05907033756375313,0.9558039307594299,0.47974491119384766,0.2248365879058838,-0.059603482484817505,0.9705979228019714,0.4834516644477844,0.2235175222158432,-0.059788577258586884,0.9809377193450928,0.426069974899292,0.2549593448638916,-0.15372982621192932,0.966965913772583,0.4889679551124573,0.2393147349357605,-0.19715075194835663,0.9718114137649536,0.4733124375343323,0.29227083921432495,-0.030665341764688492,0.9334754347801208,0.4816637933254242,0.28582096099853516,-0.04764706641435623,0.9489932656288147,0.35413771867752075,0.4975906014442444,-0.1153889149427414,0.9974064230918884,0.5736258029937744,0.43595385551452637,-0.20574621856212616,0.9982194900512695,0.3139008581638336,0.5038124918937683,0.059489063918590546,0.1441267430782318,0.7093203663825989,0.47687309980392456,-0.11942213773727417,0.3810367286205292,0.34605148434638977,0.3464283347129822,0.19167016446590424,0.14394494891166687,0.6919028162956238,0.2661147117614746,-0.038207512348890305,0.5893716216087341,0.3398345708847046,0.30643272399902344,0.19192461669445038,0.1682175248861313,0.7151349186897278,0.2206304371356964,-0.07407541573047638,0.6390763521194458,0.3516567349433899,0.303543359041214,0.157500758767128,0.18010951578617096,0.6901818513870239,0.2158379703760147,-0.08192961663007736,0.6593470573425293,0.3591969609260559,0.31937259435653687,0.1810402274131775,0.17269624769687653,0.676782488822937,0.23300620913505554,-0.04362340271472931,0.5465836524963379,0.47443610429763794,0.9155668616294861,0.018728304654359818,0.9714075326919556,0.560714602470398,0.9062567949295044,-0.01926795393228531,0.9829428791999817,0.5357667207717896,1.1360509395599365,0.33044278621673584,0.02367377281188965,0.5963346362113953,1.0998903512954712,0.2662578523159027,0.04423313960433006,0.6150373220443726,1.395626187324524,0.5784252285957336,0.009391097351908684,0.6139131188392639,1.4486457109451294,0.512689471244812,0.027417724952101707,0.6392672061920166,1.4445604085922241,0.6006610989570618,0.018324073404073715,0.6105340719223022,1.5253150463104248,0.5340451598167419,0.04357796162366867,0.5850533843040466,1.4067972898483276,0.5844643115997314,0.010760432109236717,0.6298654675483704,1.4267902374267578,0.5026600360870361,0.02646752819418907
0.47126150131225586,0.2425493448972702,0.022134164348244667,0.9243725538253784,0.452791303396225,0.21711669862270355,-0.015507301315665245,0.931823194026947,0.4447351396083832,0.21826697885990143,-0.015948500484228134,0.9384337663650513,0.43721136450767517,0.21956339478492737,-0.015860019251704216,0.950632631778717,0.47571173310279846,0.2145085483789444,-0.02439010515809059,0.959919810295105,0.47937560081481934,0.21378938853740692,-0.024981960654258728,0.9733378887176514,0.482753187417984,0.21271149814128876,-0.025189081206917763,0.9827272891998291,0.4252322316169739,0.24521414935588837,-0.12539967894554138,0.9699310064315796,0.4883367121219635,0.22942501306533813,-0.16135425865650177,0.9744856357574463,0.46858349442481995,0.2793175280094147,0.0006433952366933227,0.9393157362937927,0.4809490740299225,0.27167338132858276,-0.013657520525157452,0.9535982012748718,0.3598223328590393,0.48473697900772095,-0.09112329035997391,0.9973236322402954,0.5729528665542603,0.42669951915740967,-0.17611519992351532,0.9982779622077942,0.3143002390861511,0.47698912024497986,0.08788202702999115,0.13243520259857178,0.7052907347679138,0.44328388571739197,-0.08162815868854523,0.3751860558986664,0.3454797863960266,0.3134968876838684,0.22983789443969727,0.13515321910381317,0.6987585425376892,0.2377677708864212,0.015049809589982033,0.6194973587989807,0.34035083651542664,0.27342426776885986,0.23382380604743958,0.1656392365694046,0.7172878384590149,0.19166333973407745,-0.015842590481042862,0.6676534414291382,0.352043092250824,0.27238357067108154,0.1989009529352188,0.1784614622592926,0.6923900842666626,0.18757584691047668,-0.025487300008535385,0.6868266463279724,0.35832053422927856,0.28982070088386536,0.21930143237113953,0.16830630600452423,0.6801910400390625,0.2053084522485733,0.009734885767102242,0.5786600708961487,0.47976550459861755,0.925077497959137,0.0177660770714283,0.9639341235160828,0.5681235790252686,0.9158594012260437,-0.01835862174630165,0.9788078665733337,0.5774989128112793,1.2022557258605957,0.28776994347572327,0.02135397493839264,0.6050723195075989,1.0319880247116089,0.26241108775138855,0.03985289856791496,0.6546398401260376,1.5062111616134644,0.5002175569534302,0.008482598699629307,0.6178308725357056,1.507341980934143,0.47643524408340454,0.02471502311527729,0.676899790763855,1.5595523118972778,0.5184618234634399,0.016919370740652084,0.613142728805542,1.5843942165374756,0.49762994050979614,0.03945576399564743,0.6337476968765259,1.536886215209961,0.5055710077285767,0.009719827212393284,0.6346933245658875,1.4989454746246338,0.47910276055336,0.02385275810956955
0.4658075273036957,0.23861870169639587,0.037908803671598434,0.9312281012535095,0.44883307814598083,0.2142021805047989,-0.0006168941035866737,0.9381593465805054,0.4411989152431488,0.21582745015621185,-0.001080810441635549,0.9440958499908447,0.4334943890571594,0.21751031279563904,-0.0009638395858928561,0.9551452994346619,0.4706851541996002,0.20908230543136597,-0.0074459523893892765,0.9636878371238708,0.4768093228340149,0.20747476816177368,-0.008041249588131905,0.9758522510528564,0.4825606346130371,0.20560745894908905,-0.008220169693231583,0.9843628406524658,0.4210696220397949,0.24289779365062714,-0.11009876430034637,0.9727343916893005,0.4879210591316223,0.22079025208950043,-0.13727045059204102,0.9769356846809387,0.4640083909034729,0.2754748463630676,0.016477759927511215,0.9447947144508362,0.4791261553764343,0.26602694392204285,0.005029540508985519,0.9578489661216736,0.3665398359298706,0.4734478294849396,-0.0796070545911789,0.997308075428009,0.5772067308425903,0.4176047146320343,-0.15002299845218658,0.9983184933662415,0.3159888684749603,0.45586106181144714,0.1066160798072815,0.12371377646923065,0.7030091285705566,0.4210820198059082,-0.03902510553598404,0.37012094259262085,0.3464866280555725,0.2836534082889557,0.24688789248466492,0.13503025472164154,0.7004225254058838,0.22123201191425323,0.06484606117010117,0.6472218632698059,0.3417806625366211,0.25471168756484985,0.24731877446174622,0.17927590012550354,0.7154995203018188,0.173189178109169,0.03446553647518158,0.6945902109146118,0.3539871573448181,0.2511819899082184,0.21232929825782776,0.19492460787296295,0.6927968263626099,0.1710381805896759,0.02167792245745659,0.7128435373306274,0.3603418171405792,0.2659895718097687,0.23607449233531952,0.17915134131908417,0.6844177842140198,0.18919208645820618,0.058302342891693115,0.6102828979492188,0.4814280867576599,0.9407901167869568,0.01531507633626461,0.9595441818237305,0.564876914024353,0.9253849387168884,-0.015916874632239342,0.9759156107902527,0.6152435541152954,1.1671534776687622,0.28997811675071716,0.019291363656520844,0.6116759777069092,1.0265636444091797,0.28663429617881775,0.03593233972787857,0.6596461534500122,1.4251517057418823,0.5494527220726013,0.00769107136875391,0.6181144118309021,1.461152195930481,0.5563904643058777,0.022316204383969307,0.6762595772743225,1.4704984426498413,0.5738607048988342,0.01600881665945053,0.6127347946166992,1.5304621458053589,0.5829498767852783,0.03593719005584717,0.6345854997634888,1.4533028602600098,0.5629490613937378,0.008836372755467892,0.6361943483352661,1.4539858102798462,0.5658014416694641,0.021544739603996277
0.46536415815353394,0.23789918422698975,0.048727817833423615,0.9373037815093994,0.449242502450943,0.21312211453914642,0.00800013355910778,0.9438333511352539,0.44192615151405334,0.2145543396472931,0.0075355879962444305,0.9491100311279297,0.4344645142555237,0.21599635481834412,0.007655768655240536,0.9592195749282837,0.4701727032661438,0.2080492228269577,-0.00045130442595109344,0.9670633673667908,0.4767795503139496,0.20647892355918884,-0.0010137662757188082,0.9780795574188232,0.48212799429893494,0.20470216870307922,-0.0011798205086961389,0.9858303666114807,0.421731561422348,0.24121810495853424,-0.1081407442688942,0.9752288460731506,0.4888252317905426,0.22003288567066193,-0.14412245154380798,0.9791089296340942,0.46321406960487366,0.2739517092704773,0.025179773569107056,0.9497362375259399,0.479015588760376,0.2656213045120239,0.011389696970582008,0.9616590738296509,0.3702913522720337,0.4625403881072998,-0.07858769595623016,0.997241199016571,0.5809824466705322,0.41434821486473083,-0.1638888418674469,0.998358428478241,0.3162350654602051,0.44335606694221497,0.11147264391183853,0.11511288583278656,0.7016561627388,0.39713186025619507,-0.05256616324186325,0.37335264682769775,0.3473035395145416,0.2760406732559204,0.25679677724838257,0.13002124428749084,0.7005401849746704,0.20781542360782623,0.055050574243068695,0.667859673500061,0.34188827872276306,0.24670261144638062,0.25640594959259033,0.17800197005271912,0.7130568623542786,0.1627180427312851,0.02023463137447834,0.7134885787963867,0.35522550344467163,0.23912228643894196,0.2235407829284668,0.19464053213596344,0.6908270120620728,0.16071486473083496,0.006150397472083569,0.731703519821167,0.36170580983161926,0.2539265751838684,0.24697482585906982,0.17575179040431976,0.6830095648765564,0.17967529594898224,0.047749411314725876,0.6298121809959412,0.483412504196167,0.9353194236755371,0.017425641417503357,0.9529610872268677,0.569046139717102,0.9251044988632202,-0.018017839640378952,0.9735998511314392,0.5945519208908081,1.0439804792404175,0.4183131158351898,0.01737922988831997,0.6146968007087708,0.996309220790863,0.32795077562332153,0.03239525109529495,0.6130238175392151,1.174636721611023,0.784321665763855,0.006937753409147263,0.6147423982620239,1.3612315654754639,0.6614357233047485,0.020140476524829865,0.6239771842956543,1.2099356651306152,0.8206146955490112,0.01470679510384798,0.6065798401832581,1.427672028541565,0.6969672441482544,0.03266618400812149,0.5800565481185913,1.1510149240493774,0.84080970287323,0.007984431460499763,0.6343202590942383,1.33171808719635,0.6893526315689087,0.019452493637800217
0.4654630720615387,0.23726429045200348,0.036439500749111176,0.941878616809845,0.4495510160923004,0.21261756122112274,-0.0032766908407211304,0.9483718872070312,0.4424264430999756,0.2141774296760559,-0.0037550576962530613,0.9530208706855774,0.4350917935371399,0.21568739414215088,-0.0036348432768136263,0.9623947143554688,0.46966543793678284,0.20681793987751007,-0.011166882701218128,0.9697609543800354,0.47665509581565857,0.20470048487186432,-0.011760200373828411,0.9798547029495239,0.4818045496940613,0.2023058980703354,-0.011950760148465633,0.9870160818099976,0.4221664369106293,0.24194598197937012,-0.11289379745721817,0.9772533774375916,0.4887217581272125,0.2179681807756424,-0.1467355191707611,0.9809207320213318,0.46321383118629456,0.2734445333480835,0.01507132314145565,0.953541100025177,0.478961706161499,0.2643321752548218,0.001855366863310337,0.9646081924438477,0.3718056082725525,0.45278048515319824,-0.08140907436609268,0.9970620274543762,0.5824931859970093,0.4048563539981842,-0.1639748364686966,0.9982962012290955,0.31720754504203796,0.4337581694126129,0.1089610680937767,0.10739544779062271,0.6992670893669128,0.37415844202041626,-0.04485351964831352,0.3595743179321289,0.34843823313713074,0.26363545656204224,0.2530542314052582,0.1266811639070511,0.696588933467865,0.18385916948318481,0.0773870125412941,0.675847053527832,0.34302911162376404,0.22544819116592407,0.25504738092422485,0.18010462820529938,0.7117091417312622,0.13771678507328033,0.04898111894726753,0.7241774201393127,0.35579001903533936,0.22164861857891083,0.2182261198759079,0.19843225181102753,0.6893026828765869,0.13412059843540192,0.034304700791835785,0.743152379989624,0.3626159727573395,0.2400132715702057,0.24158009886741638,0.1763373613357544,0.6801170706748962,0.152364119887352,0.07033385336399078,0.6391911506652832,0.48545002937316895,0.9402440190315247,0.018042124807834625,0.9468510150909424,0.5776501893997192,0.9257761836051941,-0.01863303780555725,0.9694313406944275,0.6052928566932678,1.1150614023208618,0.38317424058914185,0.015672525390982628,0.6205589175224304,0.9875028729438782,0.319927453994751,0.029198836535215378,0.6619960069656372,1.336649775505066,0.7808529138565063,0.006276544649153948,0.6258105635643005,1.3674966096878052,0.622577428817749,0.018168743699789047,0.6808251738548279,1.3803308010101318,0.7908192873001099,0.01376216858625412,0.6207486987113953,1.4302613735198975,0.6542838215827942,0.02966482937335968,0.6409674882888794,1.3450645208358765,0.7192937135696411,0.007243153639137745,0.6444023251533508,1.3518223762512207,0.6425168514251709,0.01755819097161293
0.4657580852508545,0.2335008680820465,0.02056524157524109,0.9466642141342163,0.4498739242553711,0.2086009979248047,-0.017510494217276573,0.9528889060020447,0.44258594512939453,0.2097545564174652,-0.017997918650507927,0.9569979906082153,0.4352254867553711,0.21089904010295868,-0.017884910106658936,0.9656172394752502,0.46966686844825745,0.2040702849626541,-0.026959475129842758,0.9724398851394653,0.476543128490448,0.2021513134241104,-0.0275461133569479,0.9816235899925232,0.4818118214607239,0.19986991584300995,-0.02773919701576233,0.9881792664527893,0.4236527383327484,0.2366342544555664,-0.11613191664218903,0.9792302846908569,0.4895402491092682,0.216961070895195,-0.16113746166229248,0.9826570153236389,0.4636985659599304,0.2698476016521454,0.0014958063839003444,0.9574294090270996,0.47931137681007385,0.261913925409317,-0.013488034717738628,0.9675824642181396,0.37365996837615967,0.4425492584705353,-0.08827953040599823,0.9968647956848145,0.5854091644287109,0.39802441000938416,-0.17234279215335846,0.9982514977455139,0.3232039213180542,0.4134647250175476,0.09898222237825394,0.0990757942199707,0.697712779045105,0.3513809144496918,-0.06147957965731621,0.346531480550766,0.3490549623966217,0.2426222860813141,0.23680122196674347,0.12080642580986023,0.6967290639877319,0.1632586419582367,0.06496033817529678,0.6749492883682251,0.34418734908103943,0.19522617757320404,0.23719091713428497,0.17762456834316254,0.7147898077964783,0.11823242902755737,0.03536491096019745,0.7271936535835266,0.3601464331150055,0.19428905844688416,0.19939209520816803,0.19728416204452515,0.6905944347381592,0.11410634964704514,0.020595399662852287,0.7477660179138184,0.36428675055503845,0.21834251284599304,0.22466488182544708,0.17305926978588104,0.6801860332489014,0.13211116194725037,0.05771014094352722,0.6399634480476379,0.48486751317977905,0.9353336095809937,0.01867673359811306,0.9413983821868896,0.5814899206161499,0.9240925312042236,-0.019263911992311478,0.9665281772613525,0.5846003890037537,1.1050841808319092,0.3905424475669861,0.014121327549219131,0.6218545436859131,0.9813963174819946,0.3162645995616913,0.026316089555621147,0.6505035758018494,1.3296939134597778,0.7213548421859741,0.005670507438480854,0.6307977437973022,1.3707942962646484,0.611659586429596,0.016395647078752518,0.6651299595832825,1.37546706199646,0.7475533485412598,0.012798232957720757,0.6260334253311157,1.4343739748001099,0.6421705484390259,0.02699018269777298,0.6264857053756714,1.3276785612106323,0.7254353165626526,0.006563613191246986,0.6486735343933105,1.348738431930542,0.6259676218032837,0.015860002487897873
0.46598297357559204,0.22869430482387543,0.049517061561346054,0.9505480527877808,0.45026278495788574,0.20336200296878815,0.007147220429033041,0.9568599462509155,0.44303664565086365,0.20457397401332855,0.006677518133074045,0.9604006409645081,0.43569034337997437,0.20580628514289856,0.006812481675297022,0.9684503078460693,0.4696703553199768,0.19856849312782288,0.0022053003776818514,0.9747137427330017,0.47650426626205444,0.19655148684978485,0.0016025432851165533,0.9830647110939026,0.482170045375824,0.1942247748374939,0.0014303709613159299,0.9891566634178162,0.4238070845603943,0.23185518383979797,-0.11081135272979736,0.9809510111808777,0.49108147621154785,0.21259146928787231,-0.1346406489610672,0.9841045141220093,0.46374067664146423,0.2651332914829254,0.024988336488604546,0.9602976441383362,0.47937846183776855,0.2565354108810425,0.015271869488060474,0.9695773720741272,0.37560516595840454,0.4352804720401764,-0.0861729234457016,0.9965837597846985,0.5876541137695312,0.38275688886642456,-0.15295925736427307,0.997959315776825,0.331203430891037,0.38438212871551514,0.10103173553943634,0.0916808545589447,0.6965415477752686,0.32064712047576904,-0.03191831335425377,0.3272168040275574,0.3523210883140564,0.22941353917121887,0.2533770203590393,0.11554177850484848,0.6968912482261658,0.13742515444755554,0.1007646694779396,0.6502904295921326,0.34775325655937195,0.1838933676481247,0.25491994619369507,0.17246851325035095,0.7137949466705322,0.09431526064872742,0.07275980710983276,0.7047848701477051,0.36458975076675415,0.18505287170410156,0.21831703186035156,0.1924028992652893,0.6906635165214539,0.09178193658590317,0.05756513029336929,0.7282366752624512,0.36822763085365295,0.20567727088928223,0.2418387234210968,0.16663102805614471,0.6801770925521851,0.10740380734205246,0.09355476498603821,0.612639307975769,0.4858972430229187,0.9336656332015991,0.009360039606690407,0.9357778429985046,0.5819548964500427,0.9236880540847778,-0.009933616034686565,0.9616345763206482,0.549568235874176,1.0390851497650146,0.42378729581832886,0.012718718498945236,0.6188767552375793,0.9638596177101135,0.3635605275630951,0.023696327582001686,0.6135261654853821,1.2043755054473877,0.7657951712608337,0.005117756314575672,0.6192605495452881,1.1675598621368408,0.6892043352127075,0.014767559245228767,0.6380773782730103,1.245609998703003,0.7988048791885376,0.011842614971101284,0.6166960000991821,1.2173386812210083,0.7239854335784912,0.02441512607038021,0.587048351764679,1.1754838228225708,0.8015400767326355,0.00593870785087347,0.6298792362213135,1.1138606071472168,0.7270331978797913,0.014296716079115868
0.4661453664302826,0.22685973346233368,0.07877683639526367,0.9541369676589966,0.45054563879966736,0.20188024640083313,0.03573039919137955,0.9604971408843994,0.4433692395687103,0.2028219848871231,0.03526036813855171,0.9635353684425354,0.4360558092594147,0.20385205745697021,0.03540785610675812,0.971078634262085,0.4697369933128357,0.19718380272388458,0.02900042198598385,0.9767671823501587,0.47656121850013733,0.1950291246175766,0.028394732624292374,0.9843558073043823,0.4825417101383209,0.1924210637807846,0.028247278183698654,0.9900294542312622,0.42422276735305786,0.22837446630001068,-0.08740022778511047,0.9825639128684998,0.4920385777950287,0.20966583490371704,-0.117627814412117,0.9853931665420532,0.4637376666069031,0.26213961839675903,0.0537024661898613,0.9628843069076538,0.4794425070285797,0.253715842962265,0.0414246991276741,0.9713078737258911,0.37694892287254333,0.4263066053390503,-0.0661606639623642,0.9964622259140015,0.5856541395187378,0.36944788694381714,-0.1414913386106491,0.9977206587791443,0.33944422006607056,0.35679253935813904,0.1277606189250946,0.08575224131345749,0.6944699287414551,0.2965702414512634,-0.03015226125717163,0.3119611144065857,0.3586844205856323,0.213054358959198,0.29218292236328125,0.11291615664958954,0.6955243349075317,0.11381152272224426,0.10414846986532211,0.6291488409042358,0.35509878396987915,0.16583426296710968,0.2932914197444916,0.1697891354560852,0.7137627601623535,0.07227466255426407,0.07374221831560135,0.6840076446533203,0.3719661831855774,0.16946707665920258,0.2590905725955963,0.18980418145656586,0.691627025604248,0.07044429332017899,0.06058606505393982,0.7091230750083923,0.3739334046840668,0.19166526198387146,0.2817232012748718,0.16201071441173553,0.6794838309288025,0.08559257537126541,0.09747833013534546,0.5865254402160645,0.4865082800388336,0.9316496253013611,0.008634231984615326,0.9380643963813782,0.5821751952171326,0.9224082231521606,-0.009226696565747261,0.9624102115631104,0.531100869178772,0.9279530644416809,0.4662013053894043,0.011459625326097012,0.6161223649978638,0.9119546413421631,0.3768497407436371,0.021343205124139786,0.5757240056991577,1.0246163606643677,0.8491796255111694,0.004628084134310484,0.615744411945343,1.0293205976486206,0.7378826141357422,0.01330665685236454,0.5964933633804321,1.0594353675842285,0.8875848054885864,0.0110527528449893,0.6139513254165649,1.0761418342590332,0.7771201133728027,0.022126512601971626,0.555543065071106,0.9749624729156494,0.9096616506576538,0.005392793565988541,0.6211081147193909,0.9622917175292969,0.7954760789871216,0.012898346409201622
0.466230571269989,0.22656431794166565,0.0679183229804039,0.9581171870231628,0.45103853940963745,0.20184697210788727,0.02571471408009529,0.9640737771987915,0.4443466067314148,0.2025696039199829,0.025222355499863625,0.9668260216712952,0.43753018975257874,0.203402578830719,0.025360336527228355,0.9736654758453369,0.47012338042259216,0.197593554854393,0.017885269597172737,0.9788307547569275,0.4769078195095062,0.19554051756858826,0.017262671142816544,0.9857571125030518,0.4831886291503906,0.19307340681552887,0.017106374725699425,0.9909106492996216,0.4263073801994324,0.22701720893383026,-0.09257202595472336,0.9841915965080261,0.49312204122543335,0.21007657051086426,-0.1280115246772766,0.9867330193519592,0.4637674391269684,0.26125115156173706,0.044990647584199905,0.9659849405288696,0.4796963334083557,0.25358882546424866,0.031047513708472252,0.9735584855079651,0.37925928831100464,0.41671910881996155,-0.06651253253221512,0.9965224266052246,0.5846551656723022,0.35978469252586365,-0.1465892493724823,0.9976817965507507,0.3432966470718384,0.34300512075424194,0.1426502764225006,0.08309953659772873,0.6928857564926147,0.27474749088287354,-0.04832487925887108,0.3150465786457062,0.3626949191093445,0.20109789073467255,0.29913049936294556,0.11859983950853348,0.6943947076797485,0.09045141935348511,0.07858766615390778,0.628405749797821,0.36048489809036255,0.15088731050491333,0.3073539733886719,0.18366292119026184,0.7129193544387817,0.05307351052761078,0.048078056424856186,0.6826684474945068,0.37665706872940063,0.15556950867176056,0.2684480547904968,0.2057315707206726,0.6906629800796509,0.0508812814950943,0.03928988054394722,0.7087395787239075,0.3771558105945587,0.17808879911899567,0.28773555159568787,0.17396694421768188,0.6785343885421753,0.06504861265420914,0.07368701696395874,0.5814501047134399,0.4869621694087982,0.9321130514144897,0.010043266229331493,0.9387632608413696,0.5821287631988525,0.9228387475013733,-0.010630426928400993,0.9619962573051453,0.5422056913375854,0.9464807510375977,0.45694151520729065,0.01035824790596962,0.6222895383834839,0.9200493693351746,0.37100574374198914,0.019313933327794075,0.6031860709190369,1.0978589057922363,0.8316933512687683,0.004229133948683739,0.6380879878997803,1.08320951461792,0.7065045237541199,0.012067669071257114,0.6271554231643677,1.1339380741119385,0.8686941862106323,0.011042391881346703,0.640078067779541,1.133362054824829,0.7418946623802185,0.020596813410520554,0.5822180509567261,1.0561875104904175,0.8812198638916016,0.005010151769965887,0.6472052931785583,1.0240297317504883,0.7493200302124023,0.011773651465773582
0.4674761891365051,0.22693900763988495,0.08356600254774094,0.9606469869613647,0.45354390144348145,0.20118772983551025,0.041576750576496124,0.966718852519989,0.4472590982913971,0.20166774094104767,0.04107559472322464,0.969217836856842,0.44090142846107483,0.20231950283050537,0.041226815432310104,0.9755847454071045,0.4723254144191742,0.19765503704547882,0.03308669850230217,0.9802544713020325,0.4789901375770569,0.19587445259094238,0.03244972229003906,0.986717700958252,0.4855354428291321,0.1937699168920517,0.03231418877840042,0.991500973701477,0.4298621714115143,0.22474528849124908,-0.07735474407672882,0.9855085611343384,0.4949232041835785,0.2106180042028427,-0.11614134162664413,0.9877143502235413,0.46451807022094727,0.26130130887031555,0.0607105977833271,0.9678463935852051,0.48095518350601196,0.2543884515762329,0.04579785093665123,0.974480390548706,0.38066884875297546,0.40793588757514954,-0.062013380229473114,0.9965174794197083,0.5835772752761841,0.35116273164749146,-0.131516233086586,0.9974346160888672,0.34592297673225403,0.3338572084903717,0.13468977808952332,0.07943907380104065,0.6883498430252075,0.2569131851196289,-0.04418458044528961,0.30513596534729004,0.36568304896354675,0.18117190897464752,0.28718429803848267,0.12018980830907822,0.6944504976272583,0.07297999411821365,0.07839494198560715,0.6078890562057495,0.3623475432395935,0.13277506828308105,0.2902456820011139,0.18914197385311127,0.7133550643920898,0.03538038954138756,0.04678960517048836,0.663159966468811,0.3786209523677826,0.13841407001018524,0.2558918595314026,0.21225006878376007,0.6921484470367432,0.03201323375105858,0.03945160284638405,0.6904157400131226,0.3790518045425415,0.159427210688591,0.2771387994289398,0.17739559710025787,0.6792290806770325,0.04728693515062332,0.07384084165096283,0.5581764578819275,0.4871944785118103,0.9313821792602539,0.008006556890904903,0.9413825273513794,0.5818952322006226,0.9221447706222534,-0.008617421612143517,0.9628551006317139,0.5320298671722412,0.9463421106338501,0.4792311191558838,0.00935455784201622,0.6049107313156128,0.9159755110740662,0.389167457818985,0.017430171370506287,0.5615367889404297,1.0506514310836792,0.8683168292045593,0.003860937664285302,0.5792208909988403,1.0443205833435059,0.7423856258392334,0.010899870656430721,0.5786504745483398,1.086573600769043,0.9069674611091614,0.010866880416870117,0.5740537643432617,1.0940892696380615,0.780274510383606,0.018888156861066818,0.5394703149795532,0.9988594055175781,0.925634503364563,0.004642844200134277,0.5831276774406433,0.9748274683952332,0.7987357378005981,0.010679193772375584
0.46888232231140137,0.2251659631729126,0.08739719539880753,0.9636799693107605,0.45639729499816895,0.19771406054496765,0.04706927016377449,0.9695760011672974,0.45054587721824646,0.19794367253780365,0.0465618371963501,0.9718475341796875,0.44475847482681274,0.1983901709318161,0.046728573739528656,0.9776725172996521,0.4744431972503662,0.19523777067661285,0.037404388189315796,0.9818733334541321,0.4809092581272125,0.19377531111240387,0.0367731973528862,0.987811267375946,0.48751235008239746,0.1921159327030182,0.036660365760326385,0.9921804070472717,0.43390876054763794,0.21922528743743896,-0.0678093284368515,0.9868375062942505,0.4965863823890686,0.20904050767421722,-0.1120738536119461,0.9887632131576538,0.4649653434753418,0.2591012716293335,0.06575518846511841,0.9702945351600647,0.48188623785972595,0.25321224331855774,0.04924516752362251,0.9761325716972351,0.38234081864356995,0.40274176001548767,-0.05427597835659981,0.9966347217559814,0.5832176208496094,0.3423614203929901,-0.1255398839712143,0.9973300099372864,0.3461938202381134,0.3163268566131592,0.13137060403823853,0.07898793369531631,0.6826289892196655,0.24858073890209198,-0.04273857921361923,0.30793339014053345,0.36799412965774536,0.16384094953536987,0.2745349109172821,0.13259664177894592,0.6939259767532349,0.06110195443034172,0.07132168859243393,0.6077271103858948,0.36544138193130493,0.1116413027048111,0.2753795385360718,0.20852875709533691,0.7127771973609924,0.019630519673228264,0.03875238448381424,0.663777768611908,0.3826262950897217,0.1164361760020256,0.24217113852500916,0.2333482950925827,0.6913822293281555,0.01695282943546772,0.03225452080368996,0.6914197206497192,0.38309043645858765,0.1372682899236679,0.2646417021751404,0.19352783262729645,0.6787015199661255,0.0349489189684391,0.06686928868293762,0.554854154586792,0.48783808946609497,0.9304856061935425,0.008468871004879475,0.944524884223938,0.5797703862190247,0.9213404059410095,-0.009082121774554253,0.9641687870025635,0.5271512269973755,0.9348307251930237,0.4859161972999573,0.00847935676574707,0.5859576463699341,0.9154279232025146,0.39357802271842957,0.015806714072823524,0.5435795783996582,1.0227677822113037,0.8694095611572266,0.0036045450251549482,0.5494478344917297,0.9481871724128723,0.7316265106201172,0.009925538673996925,0.5576696395874023,1.0566883087158203,0.9071617126464844,0.011873218230903149,0.5432627201080322,1.0718543529510498,0.7678848505020142,0.017894765362143517,0.5204938650131226,0.9737540483474731,0.9204750061035156,0.004527626559138298,0.5540722608566284,0.9552832841873169,0.7794049382209778,0.009860525839030743
0.47064703702926636,0.22544002532958984,0.07751001417636871,0.966279923915863,0.45904994010925293,0.1975521296262741,0.03670062869787216,0.9719871282577515,0.4533628821372986,0.1978854537010193,0.03619411215186119,0.9741364121437073,0.4478473663330078,0.19848579168319702,0.03635437786579132,0.9794476628303528,0.47689658403396606,0.19489288330078125,0.0268902238458395,0.9831634163856506,0.48351508378982544,0.1934945285320282,0.0262505654245615,0.9887102246284485,0.4903795123100281,0.1920735090970993,0.026125092059373856,0.992694079875946,0.4371682107448578,0.2189122587442398,-0.07624337077140808,0.9880111813545227,0.4996638894081116,0.2083098143339157,-0.12126126140356064,0.9896280169487,0.46576809883117676,0.2590402066707611,0.056932322680950165,0.9722486138343811,0.48392271995544434,0.2536763846874237,0.04010548070073128,0.977193295955658,0.3876826763153076,0.39870765805244446,-0.05965548753738403,0.9967617988586426,0.5825890302658081,0.3356562554836273,-0.1283041387796402,0.9971838593482971,0.34830957651138306,0.3056589365005493,0.12590588629245758,0.07884944975376129,0.680182695388794,0.22435063123703003,-0.04763141646981239,0.2984566390514374,0.3702135682106018,0.15529774129390717,0.2687651813030243,0.1425304263830185,0.6938763856887817,0.045701414346694946,0.07031594961881638,0.5804715752601624,0.36810532212257385,0.10431206971406937,0.26854756474494934,0.22682902216911316,0.7126244306564331,0.0036552196834236383,0.03934900835156441,0.6383339762687683,0.3860650956630707,0.11058240383863449,0.23454932868480682,0.2535834014415741,0.6908708810806274,0.00013243623834569007,0.03322083503007889,0.6665298342704773,0.38687664270401,0.1297406107187271,0.25838351249694824,0.20972076058387756,0.6785503625869751,0.018670538440346718,0.06609494239091873,0.5284672975540161,0.4880363941192627,0.9309174418449402,0.00784199871122837,0.9476917386054993,0.5806125402450562,0.9210453629493713,-0.008461530320346355,0.9654841423034668,0.5229527354240417,0.9493231177330017,0.48272833228111267,0.007718932349234819,0.5943178534507751,0.9159174561500549,0.3847753405570984,0.014401362277567387,0.5535632371902466,1.0398660898208618,0.8509563207626343,0.003436122089624405,0.5725274682044983,1.0307891368865967,0.7098091244697571,0.009097433649003506,0.5712223052978516,1.0745835304260254,0.886788547039032,0.0133599191904068,0.5679326057434082,1.097083568572998,0.7443564534187317,0.017241736873984337,0.5292365550994873,0.9849124550819397,0.9022456407546997,0.004575957078486681,0.5756784081459045,0.9775688052177429,0.7561545968055725,0.009224245324730873
0.473690927028656,0.23020818829536438,0.06920710951089859,0.9678578972816467,0.46278029680252075,0.20019793510437012,0.029182210564613342,0.9736799597740173,0.4570971429347992,0.20031751692295074,0.02867698110640049,0.9758483171463013,0.451620876789093,0.20087085664272308,0.0288313589990139,0.9806898832321167,0.4804562032222748,0.19778577983379364,0.01918146386742592,0.983863115310669,0.48700252175331116,0.1960601806640625,0.018549401313066483,0.9892690181732178,0.49360984563827515,0.19424568116664886,0.018408790230751038,0.9928964972496033,0.44152116775512695,0.21973244845867157,-0.07904987037181854,0.9889698028564453,0.5017228126525879,0.20902763307094574,-0.12651661038398743,0.9901722073554993,0.46832162141799927,0.26175305247306824,0.04992436617612839,0.9731826782226562,0.4866875112056732,0.2568879723548889,0.032625313848257065,0.9768732190132141,0.3930779695510864,0.39700740575790405,-0.061445362865924835,0.9968103766441345,0.5821412801742554,0.3304729461669922,-0.13264137506484985,0.9968799352645874,0.3527092933654785,0.2992941439151764,0.1244962215423584,0.07915323227643967,0.6790856719017029,0.20163902640342712,-0.078557588160038,0.29175636172294617,0.37118151783943176,0.14638294279575348,0.24515371024608612,0.15330393612384796,0.6913602948188782,0.015823770314455032,0.006221326068043709,0.5588057041168213,0.3674858510494232,0.09624572098255157,0.2445073425769806,0.24611744284629822,0.710053026676178,-0.04120549187064171,-0.03033570945262909,0.6189386248588562,0.3858255445957184,0.09848082065582275,0.2105375975370407,0.27508363127708435,0.6875643134117126,-0.033880431205034256,-0.03208504244685173,0.6475985050201416,0.3871994614601135,0.11841944605112076,0.23453836143016815,0.2272924780845642,0.6754955649375916,-0.012972426600754261,0.002629065653309226,0.507260799407959,0.4880751669406891,0.9278963804244995,0.008071785792708397,0.9494801163673401,0.5807041525840759,0.9153916239738464,-0.008686110377311707,0.9655323028564453,0.5216702222824097,0.9483616352081299,0.4749904274940491,0.007037177216261625,0.5824050307273865,0.9105607867240906,0.3792273998260498,0.013166320510208607,0.5493290424346924,1.0259679555892944,0.8354827761650085,0.003300268668681383,0.550834059715271,0.9496334791183472,0.704399585723877,0.008367234840989113,0.566621720790863,1.0593700408935547,0.8705765604972839,0.014988422393798828,0.5530858039855957,1.0838395357131958,0.7389414310455322,0.01676676981151104,0.5235211849212646,0.9675776958465576,0.8830539584159851,0.0046812971122562885,0.5625395178794861,0.9648244976997375,0.7498509287834167,0.008685842156410217
0.4762343764305115,0.23033052682876587,0.06504958868026733,0.969749391078949,0.466533362865448,0.20071648061275482,0.025268644094467163,0.9753690361976624,0.46118760108947754,0.2008994221687317,0.024764971807599068,0.977613091468811,0.4559425413608551,0.20150260627269745,0.024914395064115524,0.9819408655166626,0.48330622911453247,0.19824163615703583,0.015275826677680016,0.9845508933067322,0.48976951837539673,0.196547269821167,0.014643932692706585,0.9898658990859985,0.49608150124549866,0.19474847614765167,0.014496291056275368,0.993087649345398,0.44609156250953674,0.22014355659484863,-0.08218048512935638,0.9898933172225952,0.5038183927536011,0.20923447608947754,-0.12848448753356934,0.990705132484436,0.47027787566185,0.26219961047172546,0.046342961490154266,0.974327802658081,0.48872804641723633,0.25726085901260376,0.02929021418094635,0.9767625331878662,0.3995739221572876,0.39580416679382324,-0.06257373094558716,0.9969382286071777,0.5822293162345886,0.3216231167316437,-0.1275603324174881,0.9967190623283386,0.35569828748703003,0.28400057554244995,0.12183906137943268,0.07870685309171677,0.6770706176757812,0.18380652368068695,-0.10679250955581665,0.28844738006591797,0.3734367787837982,0.1343865692615509,0.235080286860466,0.1658790409564972,0.6897892951965332,-0.023658575490117073,-0.05193948745727539,0.5412242412567139,0.3686602711677551,0.08573892712593079,0.2349916398525238,0.27053093910217285,0.7098585963249207,-0.08541474491357803,-0.09513832628726959,0.6031097769737244,0.38714277744293213,0.09020451456308365,0.19823230803012848,0.30128613114356995,0.6857463121414185,-0.09321554005146027,-0.08969271183013916,0.6315204501152039,0.388802707195282,0.10900144279003143,0.2236521989107132,0.24938493967056274,0.6732551455497742,-0.06573571264743805,-0.05373428389430046,0.4886278808116913,0.48819512128829956,0.9276311993598938,0.008274766616523266,0.9518423676490784,0.5807661414146423,0.9152127504348755,-0.008883710019290447,0.9662220478057861,0.5133603811264038,0.9421430230140686,0.4685606360435486,0.006453289650380611,0.588372528553009,0.8952382206916809,0.3742963671684265,0.012158725410699844,0.5479873418807983,1.0313057899475098,0.819826602935791,0.0033059383276849985,0.5641330480575562,0.9408234357833862,0.6967288851737976,0.007854834198951721,0.566352367401123,1.0678136348724365,0.8552645444869995,0.01803179271519184,0.5632373094558716,1.0867478847503662,0.7255169153213501,0.017109056934714317,0.5245053172111511,0.9718413352966309,0.8715968132019043,0.005196813028305769,0.57532799243927,0.9624007940292358,0.7265596389770508,0.008532778359949589
0.48056936264038086,0.23046272993087769,0.07061969488859177,0.9720517992973328,0.47131624817848206,0.20085865259170532,0.030470121651887894,0.9772554636001587,0.4660922586917877,0.201161190867424,0.029940690845251083,0.9794834852218628,0.4608491063117981,0.20217376947402954,0.030092235654592514,0.9833310842514038,0.4876940846443176,0.1985718458890915,0.021117929369211197,0.9855062961578369,0.4941548705101013,0.19691473245620728,0.02043658122420311,0.9905916452407837,0.5002346634864807,0.19513443112373352,0.020281536504626274,0.9934418797492981,0.45150813460350037,0.22094516456127167,-0.0752386823296547,0.9907960295677185,0.5078170895576477,0.20942607522010803,-0.12006412446498871,0.991348385810852,0.4739183485507965,0.26254019141197205,0.053557198494672775,0.9759490489959717,0.492953360080719,0.2575274407863617,0.03676404803991318,0.9775409698486328,0.40385812520980835,0.39074593782424927,-0.05222898721694946,0.997123658657074,0.5844171047210693,0.3154696226119995,-0.11202225834131241,0.9967589378356934,0.36053356528282166,0.27267760038375854,0.1394481658935547,0.08280160278081894,0.6752320528030396,0.16703850030899048,-0.09797976911067963,0.2945649325847626,0.37563303112983704,0.12385987490415573,0.24682030081748962,0.19237756729125977,0.6872807145118713,-0.03006962686777115,-0.021301528438925743,0.5356718897819519,0.37130308151245117,0.07525226473808289,0.2501903176307678,0.3088422119617462,0.7073103189468384,-0.09209351986646652,-0.060717321932315826,0.5971322655677795,0.38989073038101196,0.0791010633111,0.2091534435749054,0.34050559997558594,0.6853678822517395,-0.0978839099407196,-0.058741532266139984,0.6249891519546509,0.39159950613975525,0.0980791226029396,0.23435775935649872,0.28621551394462585,0.6731448173522949,-0.06905870139598846,-0.02369481697678566,0.480315238237381,0.4874725937843323,0.93071049451828,0.008431768976151943,0.954170286655426,0.5811116695404053,0.9167408347129822,-0.00904892385005951,0.967051088809967,0.511886477470398,0.9505034685134888,0.47583597898483276,0.005971947684884071,0.5975326299667358,0.8981901407241821,0.3703595697879791,0.011457123793661594,0.5532008409500122,1.0453553199768066,0.8140233755111694,0.003345949575304985,0.573067307472229,0.9546104669570923,0.6678317785263062,0.007519482634961605,0.5726765990257263,1.081723690032959,0.8478823900222778,0.02140923961997032,0.56949782371521,1.1083228588104248,0.6946889758110046,0.017985017970204353,0.5296176671981812,0.9973152279853821,0.8612344861030579,0.005797299090772867,0.5778446793556213,0.9903308153152466,0.6952059864997864,0.008631900884211063
0.4852083623409271,0.2305833399295807,0.08375130593776703,0.9738596081733704,0.47564929723739624,0.20123115181922913,0.042830005288124084,0.9787891507148743,0.4704519212245941,0.20157977938652039,0.04229006543755531,0.9810197353363037,0.46522265672683716,0.20252321660518646,0.04243239015340805,0.9844870567321777,0.49204277992248535,0.19884690642356873,0.03295029699802399,0.9861895442008972,0.49848395586013794,0.19720861315727234,0.03225715830922127,0.9911128878593445,0.504511833190918,0.19543151557445526,0.032107628881931305,0.9936526417732239,0.4566522538661957,0.22105687856674194,-0.06444550305604935,0.9915710091590881,0.512093186378479,0.20952416956424713,-0.11253122985363007,0.9917808771133423,0.4784250259399414,0.2625505030155182,0.06654230505228043,0.9770411252975464,0.49810323119163513,0.2575605809688568,0.048662230372428894,0.9776894450187683,0.4082085192203522,0.3860302269458771,-0.04423625022172928,0.9972808361053467,0.5864545106887817,0.3126757740974426,-0.1046905666589737,0.9967404007911682,0.3639223873615265,0.2500242590904236,0.1422484964132309,0.08342850208282471,0.6750019788742065,0.1467759758234024,-0.09646106511354446,0.2859642505645752,0.38016360998153687,0.09673508256673813,0.2561763823032379,0.2056894600391388,0.6870195269584656,-0.047399669885635376,-0.007231405470520258,0.5119456052780151,0.3761534094810486,0.04730905964970589,0.2600077688694,0.33121806383132935,0.7078938484191895,-0.10012087225914001,-0.04467739164829254,0.5741565823554993,0.39324137568473816,0.048811621963977814,0.22011761367321014,0.3638913333415985,0.6855008006095886,-0.10944491624832153,-0.04749685525894165,0.6010615825653076,0.39470478892326355,0.06907148659229279,0.2440815418958664,0.3065331280231476,0.6736748218536377,-0.0805240049958229,-0.010578013956546783,0.45764559507369995,0.48720359802246094,0.9336935877799988,0.00870555266737938,0.9568884372711182,0.5816277265548706,0.9201370477676392,-0.009338228031992912,0.9683948159217834,0.5116034746170044,0.9550492167472839,0.4753071665763855,0.00547137763351202,0.6020651459693909,0.9019147157669067,0.36808907985687256,0.010622923262417316,0.5571163892745972,1.053090214729309,0.803037166595459,0.0032848478294909,0.5829116702079773,1.0214810371398926,0.6398025751113892,0.007118839304894209,0.575650691986084,1.0889660120010376,0.8317031860351562,0.02340666577219963,0.5722717046737671,1.1197940111160278,0.6653774380683899,0.018205031752586365,0.5305740833282471,1.002112627029419,0.8402832746505737,0.006113321986049414,0.5869954824447632,1.0028831958770752,0.6599611639976501,0.008552413433790207
0.4866905212402344,0.2291128784418106,0.07805424928665161,0.9750186800956726,0.4771477282047272,0.19974581897258759,0.03774473816156387,0.9795936942100525,0.47190991044044495,0.20044967532157898,0.03722051531076431,0.982099711894989,0.4666290283203125,0.20171475410461426,0.03736606240272522,0.9850766062736511,0.49376192688941956,0.19693665206432343,0.02772924304008484,0.9862858653068542,0.5002644658088684,0.19545641541481018,0.0270577110350132,0.9914215803146362,0.5065680742263794,0.19383065402507782,0.0269082672894001,0.9936090111732483,0.4580659866333008,0.2187136560678482,-0.06790761649608612,0.992180347442627,0.5147095322608948,0.20744478702545166,-0.11665688455104828,0.9920558333396912,0.4800983965396881,0.26033690571784973,0.06040958687663078,0.977689266204834,0.4996767044067383,0.25560396909713745,0.042948100715875626,0.9773831367492676,0.4108358323574066,0.38097062706947327,-0.047981541603803635,0.9974072575569153,0.5873061418533325,0.3058672249317169,-0.11040113121271133,0.9967924356460571,0.36641472578048706,0.24021564424037933,0.15664233267307281,0.0831545740365982,0.6742905378341675,0.1392117440700531,-0.10124728828668594,0.3004324436187744,0.3837820589542389,0.08909400552511215,0.28039389848709106,0.2191827893257141,0.6907324194908142,-0.07375136762857437,-0.04058828204870224,0.5197872519493103,0.3806672990322113,0.04522586986422539,0.28862249851226807,0.3558831512928009,0.7120993137359619,-0.12978723645210266,-0.08351992070674896,0.5797827839851379,0.39803048968315125,0.049615442752838135,0.24483411014080048,0.3892970681190491,0.6896587610244751,-0.1356554478406906,-0.07378033548593521,0.605426549911499,0.39949312806129456,0.06795904040336609,0.267577588558197,0.3296741843223572,0.6771170496940613,-0.11339770257472992,-0.040129657834768295,0.4592694044113159,0.48713111877441406,0.9341959357261658,0.009961742907762527,0.9581262469291687,0.5822946429252625,0.9217657446861267,-0.010578365996479988,0.9684969782829285,0.5142067074775696,1.0171455144882202,0.470546156167984,0.005083780270069838,0.6077743768692017,0.9150420427322388,0.3698084354400635,0.010067163966596127,0.5573526620864868,1.1878314018249512,0.762424647808075,0.003339976305142045,0.5912721157073975,1.146306037902832,0.6343137621879578,0.006921560037881136,0.5797962546348572,1.2313154935836792,0.7878586053848267,0.02618587389588356,0.5789499878883362,1.2027723789215088,0.6587022542953491,0.018919406458735466,0.5340473055839539,1.1596722602844238,0.774365246295929,0.006660192273557186,0.6018103361129761,1.0988038778305054,0.6396071910858154,0.008729624561965466
0.49238377809524536,0.22912928462028503,0.08568038791418076,0.9762457609176636,0.4821745753288269,0.19994375109672546,0.04329421743750572,0.9804343581199646,0.47652968764305115,0.20054998993873596,0.042744193226099014,0.983210027217865,0.4709426462650299,0.20207419991493225,0.04286471754312515,0.9857558608055115,0.49964576959609985,0.19715772569179535,0.033915258944034576,0.9863315224647522,0.5058378577232361,0.19568467140197754,0.03319718688726425,0.9916868805885315,0.5117016434669495,0.1940504014492035,0.03300592303276062,0.9934779405593872,0.4631350636482239,0.21866165101528168,-0.06782395392656326,0.9927681684494019,0.5191085934638977,0.20732417702674866,-0.11492089927196503,0.9922159314155579,0.48512977361679077,0.2604747414588928,0.06702487170696259,0.9784183502197266,0.5053132772445679,0.2556561231613159,0.04967586323618889,0.976973295211792,0.41529756784439087,0.378395676612854,-0.04891805723309517,0.9975706934928894,0.5896649956703186,0.3028876483440399,-0.10692081600427628,0.9968327879905701,0.3715169429779053,0.242095485329628,0.14977917075157166,0.0849299356341362,0.6745070815086365,0.12187884747982025,-0.12659135460853577,0.31211623549461365,0.3849378228187561,0.08712611347436905,0.27885299921035767,0.24283941090106964,0.6900571584701538,-0.1163414716720581,-0.10243906080722809,0.5203849077224731,0.3816525638103485,0.044303178787231445,0.284000426530838,0.389883816242218,0.7121926546096802,-0.18711863458156586,-0.1530591994524002,0.5779886841773987,0.39793938398361206,0.04938125237822533,0.23617450892925262,0.4235669672489166,0.6893684267997742,-0.1907312422990799,-0.13807383179664612,0.6024343371391296,0.4000437259674072,0.06746494770050049,0.26247549057006836,0.36197617650032043,0.6769963502883911,-0.16379812359809875,-0.10178172588348389,0.45376843214035034,0.48663434386253357,0.9350935816764832,0.010331671684980392,0.9595520496368408,0.582789957523346,0.9227052330970764,-0.010950282216072083,0.9687603712081909,0.5092453360557556,1.0104680061340332,0.4673624634742737,0.004698446020483971,0.6030086278915405,0.913327693939209,0.37622421979904175,0.009526032954454422,0.5595568418502808,1.1681326627731323,0.7474389672279358,0.0033738138154149055,0.5942350625991821,1.1457148790359497,0.6332643032073975,0.006780587136745453,0.5802744030952454,1.210497498512268,0.7717517614364624,0.02878759428858757,0.5837310552597046,1.201905369758606,0.6562345623970032,0.01989668793976307,0.5335614681243896,1.132447361946106,0.7532256841659546,0.0072755045257508755,0.6047772169113159,1.095476508140564,0.6287344098091125,0.00906010065227747
0.49326738715171814,0.2339913696050644,0.08889918774366379,0.9765040874481201,0.48335742950439453,0.2053990662097931,0.043911390006542206,0.9802550077438354,0.4778435230255127,0.20660144090652466,0.043353594839572906,0.9837478995323181,0.47242432832717896,0.20810037851333618,0.04348583146929741,0.9856258630752563,0.5007092356681824,0.20090310275554657,0.0359632670879364,0.9855256080627441,0.5069124102592468,0.19914647936820984,0.03521547093987465,0.9916691780090332,0.5126753449440002,0.1973332315683365,0.0350031815469265,0.9929600954055786,0.4665440022945404,0.21945953369140625,-0.07014981657266617,0.9931656122207642,0.5201666951179504,0.2099798023700714,-0.11503765732049942,0.9922275543212891,0.48710617423057556,0.263722687959671,0.06835459172725677,0.9783040285110474,0.5066381692886353,0.2591637969017029,0.05285072326660156,0.9756671190261841,0.4189232885837555,0.37597906589508057,-0.0505424328148365,0.9976826906204224,0.5926071405410767,0.2983691990375519,-0.10168524086475372,0.9968722462654114,0.37499600648880005,0.23988211154937744,0.14782707393169403,0.08808299899101257,0.6741194128990173,0.12029362469911575,-0.11556871235370636,0.3251173198223114,0.3850710093975067,0.07878272980451584,0.2756806015968323,0.2675815522670746,0.6890443563461304,-0.09583313018083572,-0.06344722211360931,0.5279573202133179,0.3827926516532898,0.03571983799338341,0.28080523014068604,0.42436495423316956,0.7073431015014648,-0.17273947596549988,-0.1073252409696579,0.5837827920913696,0.39900460839271545,0.038601867854595184,0.23101742565631866,0.45815470814704895,0.6893252730369568,-0.17268747091293335,-0.09839288890361786,0.607431173324585,0.4010187089443207,0.05610179528594017,0.2577670216560364,0.3958161473274231,0.6769199371337891,-0.14522136747837067,-0.06378522515296936,0.4574660062789917,0.48713821172714233,0.9349575638771057,0.009798225946724415,0.9603357911109924,0.5833703875541687,0.9230843186378479,-0.010419610887765884,0.968512237071991,0.5108295679092407,1.0142379999160767,0.4650653004646301,0.004479035269469023,0.607627809047699,0.918607771396637,0.37628990411758423,0.009516207501292229,0.5680297613143921,1.1823731660842896,0.7444292902946472,0.0038084539119154215,0.5971001982688904,1.1648283004760742,0.6317328214645386,0.007141719572246075,0.5933029651641846,1.2259526252746582,0.7695410251617432,0.03442807123064995,0.5876405239105225,1.2186530828475952,0.6548234224319458,0.022607140243053436,0.5345765352249146,1.1515405178070068,0.7456880211830139,0.008912193588912487,0.6084184050559998,1.117480754852295,0.6249221563339233,0.01029960811138153
0.5007674694061279,0.23533831536769867,0.08860375732183456,0.9768531918525696,0.4902028441429138,0.2059662640094757,0.04149756580591202,0.9796379804611206,0.4848400056362152,0.2070320099592209,0.0408993698656559,0.9842103719711304,0.4795049726963043,0.20836226642131805,0.0410100594162941,0.9851477742195129,0.5066612362861633,0.20245380699634552,0.03206482529640198,0.9843431711196899,0.5119566321372986,0.20122697949409485,0.031237134709954262,0.9916547536849976,0.5169917345046997,0.19991904497146606,0.030966004356741905,0.9922501444816589,0.47232621908187866,0.2195117324590683,-0.07485141605138779,0.9935215711593628,0.5227395296096802,0.21312619745731354,-0.1264900118112564,0.9922165870666504,0.49374908208847046,0.2642551362514496,0.06704606860876083,0.9780310392379761,0.5118723511695862,0.2603989839553833,0.05100228637456894,0.9741614460945129,0.4194866716861725,0.3669445812702179,-0.05120091512799263,0.9978023767471313,0.5928052663803101,0.2975734770298004,-0.10610131919384003,0.9969205260276794,0.37799057364463806,0.22766225039958954,0.1499788463115692,0.09512234479188919,0.6731888055801392,0.11954689025878906,-0.13711419701576233,0.3548584580421448,0.38831937313079834,0.06208784133195877,0.2639322280883789,0.2988673448562622,0.6916278004646301,-0.11953345686197281,-0.10646112263202667,0.5483272671699524,0.3842342495918274,0.019236205145716667,0.27368152141571045,0.4635184109210968,0.7115694284439087,-0.1864769607782364,-0.1543363630771637,0.6001573801040649,0.4006683826446533,0.022112082690000534,0.22019577026367188,0.49640142917633057,0.6915828585624695,-0.1981123387813568,-0.1360436975955963,0.6223345994949341,0.40333542227745056,0.04085256904363632,0.24654516577720642,0.43523815274238586,0.6800767183303833,-0.17238712310791016,-0.10326174646615982,0.4724009037017822,0.4882543087005615,0.9342620968818665,0.01072670053690672,0.9616528153419495,0.584080159664154,0.9222534894943237,-0.011339617893099785,0.9688257575035095,0.5156674981117249,1.023857593536377,0.46439290046691895,0.0046808114275336266,0.6160433292388916,0.9322723150253296,0.3753586411476135,0.0109453946352005,0.5833420157432556,1.2039992809295654,0.7321943640708923,0.005579376593232155,0.6112489104270935,1.1822253465652466,0.6148158311843872,0.009355905465781689,0.6117149591445923,1.2492585182189941,0.7553714513778687,0.04991907626390457,0.6053641438484192,1.2365978956222534,0.6353316307067871,0.03078317642211914,0.5463346242904663,1.1758989095687866,0.7261590361595154,0.014200651086866856,0.6228216290473938,1.1345101594924927,0.5973182916641235,0.014544987119734287
0.49977850914001465,0.2378113865852356,0.08502652496099472,0.9741343855857849,0.4897061288356781,0.20860908925533295,0.040055014193058014,0.9751040935516357,0.48437923192977905,0.20932278037071228,0.03947412967681885,0.9825656414031982,0.4790579676628113,0.2102462202310562,0.039583541452884674,0.9813698530197144,0.5063841342926025,0.20570023357868195,0.03006780706346035,0.9798294305801392,0.5120474696159363,0.20455557107925415,0.029278185218572617,0.9905245900154114,0.5173576474189758,0.20327544212341309,0.029033686965703964,0.9900639057159424,0.47213634848594666,0.21972861886024475,-0.08052635192871094,0.9932032227516174,0.5237488150596619,0.2160426527261734,-0.12646090984344482,0.9914205074310303,0.49340909719467163,0.2654903531074524,0.06449087709188461,0.9737127423286438,0.5116262435913086,0.26226815581321716,0.048013556748628616,0.9676536917686462,0.4213268756866455,0.3623957335948944,-0.05481025576591492,0.9977269768714905,0.5948250889778137,0.294998437166214,-0.10403624922037125,0.9968594312667847,0.38050857186317444,0.21564030647277832,0.14875617623329163,0.09306582063436508,0.6716893315315247,0.11885509639978409,-0.12708690762519836,0.3725908696651459,0.3914916515350342,0.0532839410007,0.26302310824394226,0.29531726241111755,0.6919205188751221,-0.12217015027999878,-0.08133897930383682,0.5581560730934143,0.38688981533050537,0.009165799245238304,0.273363322019577,0.472517192363739,0.7118515372276306,-0.17866921424865723,-0.1254163533449173,0.607046365737915,0.4035550057888031,0.010139429941773415,0.22429144382476807,0.5063217878341675,0.691378653049469,-0.20224420726299286,-0.11016994714736938,0.6281391382217407,0.40630894899368286,0.029450824484229088,0.24749532341957092,0.44453173875808716,0.6801358461380005,-0.1662158966064453,-0.07859285175800323,0.47735193371772766,0.48844799399375916,0.9328154921531677,0.009985268115997314,0.9622572660446167,0.5840903520584106,0.9219065308570862,-0.010610425844788551,0.9689827561378479,0.5193973183631897,1.030899167060852,0.4631718099117279,0.004696885589510202,0.6200052499771118,0.9377985596656799,0.3773295283317566,0.011917048133909702,0.5891662836074829,1.2199594974517822,0.7329457402229309,0.006763384211808443,0.6144821047782898,1.1950867176055908,0.6115163564682007,0.010933774523437023,0.6170728206634521,1.2664568424224854,0.7562328577041626,0.060261983424425125,0.6092614531517029,1.2509483098983765,0.6317446231842041,0.03722546622157097,0.5515055060386658,1.1967082023620605,0.727767825126648,0.01725500077009201,0.6263641119003296,1.15315580368042,0.5972968935966492,0.017336051911115646
0.4984145164489746,0.23778308928012848,0.09074065089225769,0.9755975604057312,0.4881912171840668,0.20890018343925476,0.043457649648189545,0.9762502908706665,0.48281723260879517,0.20979760587215424,0.04287095367908478,0.9836985468864441,0.47745808959007263,0.21084001660346985,0.04300485923886299,0.9822330474853516,0.5050159096717834,0.20570573210716248,0.036865971982479095,0.9804573655128479,0.510934054851532,0.20454908907413483,0.03607754409313202,0.9910160899162292,0.5166001915931702,0.20325985550880432,0.03585340827703476,0.990304172039032,0.4705286920070648,0.21981459856033325,-0.08131930977106094,0.9936947822570801,0.5242739915847778,0.21607044339179993,-0.11953561007976532,0.9918280839920044,0.4921973645687103,0.2654743492603302,0.06724327802658081,0.974897563457489,0.5104941129684448,0.2621731162071228,0.05382516235113144,0.9685717225074768,0.42423635721206665,0.3611268699169159,-0.05733092501759529,0.9978639483451843,0.5951129794120789,0.2960251271724701,-0.0953889936208725,0.9969774484634399,0.3850634694099426,0.22171521186828613,0.14729145169258118,0.10770651698112488,0.6677287817001343,0.12368478626012802,-0.1021580845117569,0.39212241768836975,0.39099061489105225,0.054627254605293274,0.24860171973705292,0.3354003131389618,0.6918114423751831,-0.09841912239789963,-0.050199322402477264,0.5724655389785767,0.3868001401424408,0.009642389602959156,0.25883108377456665,0.5125027298927307,0.7116385698318481,-0.1585850864648819,-0.08898701518774033,0.6187302470207214,0.40283268690109253,0.00912416446954012,0.21050295233726501,0.5449396371841431,0.6913182139396667,-0.17986182868480682,-0.07478979974985123,0.6392897963523865,0.4055325388908386,0.027574211359024048,0.23432524502277374,0.4855135381221771,0.6796965599060059,-0.1413593888282776,-0.047114066779613495,0.4896622598171234,0.488638699054718,0.9317615032196045,0.00910741463303566,0.9628445506095886,0.5841904878616333,0.9210199117660522,-0.00974272657185793,0.9685832262039185,0.5208050608634949,1.0291404724121094,0.46505245566368103,0.004809005185961723,0.6271077394485474,0.938446044921875,0.37717342376708984,0.012742005288600922,0.5888791084289551,1.2176541090011597,0.7337852120399475,0.008064253255724907,0.6177786588668823,1.2055087089538574,0.6021566987037659,0.012243849225342274,0.6161434650421143,1.2652238607406616,0.7561699151992798,0.07279987633228302,0.6117125153541565,1.265087604522705,0.6208384037017822,0.043309640139341354,0.5527573823928833,1.1926969289779663,0.7268506288528442,0.021246153861284256,0.6298225522041321,1.1614930629730225,0.5838845372200012,0.020323511213064194
0.4983680248260498,0.23748943209648132,0.09465581923723221,0.9774418473243713,0.48859459161758423,0.20891164243221283,0.04811256378889084,0.9779046177864075,0.4833453595638275,0.20983731746673584,0.04752020537853241,0.9850099086761475,0.47815051674842834,0.21090225875377655,0.04765111953020096,0.9834755659103394,0.5055809617042542,0.20561084151268005,0.04089594632387161,0.9816282987594604,0.5118056535720825,0.20435941219329834,0.04010219871997833,0.9916605353355408,0.5178016424179077,0.20298507809638977,0.039878055453300476,0.9908416867256165,0.4719555377960205,0.21998466551303864,-0.07773948460817337,0.994227945804596,0.5264534950256348,0.21597690880298615,-0.11650784313678741,0.9923888444900513,0.4925069808959961,0.2651350200176239,0.07182469218969345,0.9766524434089661,0.510983407497406,0.26147162914276123,0.0570618212223053,0.9704681038856506,0.42687496542930603,0.35500672459602356,-0.04786442965269089,0.9980223178863525,0.5956079363822937,0.2933974266052246,-0.09502773731946945,0.997175395488739,0.38817960023880005,0.21833854913711548,0.1741010844707489,0.1239284873008728,0.6672202944755554,0.11509500443935394,-0.10149462521076202,0.42910364270210266,0.3923833966255188,0.04840727895498276,0.2639240622520447,0.3806234896183014,0.6909834742546082,-0.10177416354417801,-0.04905550554394722,0.6009233593940735,0.38844358921051025,0.001737234997563064,0.27807965874671936,0.5530787110328674,0.7073381543159485,-0.16610437631607056,-0.08667264878749847,0.6424485445022583,0.40362030267715454,0.0011367005063220859,0.22689256072044373,0.583561897277832,0.688583254814148,-0.18471838533878326,-0.07053948938846588,0.6615445613861084,0.4061506688594818,0.020854655653238297,0.24896982312202454,0.5275099873542786,0.6764652729034424,-0.1473303884267807,-0.044747211039066315,0.5172264575958252,0.48861780762672424,0.9295626878738403,0.012974989600479603,0.964713454246521,0.583088755607605,0.9209438562393188,-0.01361082773655653,0.9698527455329895,0.5360375642776489,1.0369325876235962,0.459175169467926,0.005234334617853165,0.6359828114509583,0.9470890760421753,0.3453497290611267,0.017921509221196175,0.6064762473106384,1.2418936491012573,0.6932133436203003,0.01010945811867714,0.6416353583335876,1.2422089576721191,0.5310248136520386,0.017816288396716118,0.6330882906913757,1.289839744567871,0.7116972208023071,0.08931531757116318,0.6353880763053894,1.302003264427185,0.5460638999938965,0.05999055132269859,0.5749112963676453,1.2251911163330078,0.6802354454994202,0.02711286023259163,0.6573328971862793,1.2062972784042358,0.503390371799469,0.02904527075588703
0.4993826746940613,0.23150350153446198,0.06250134855508804,0.9781684279441833,0.4901861548423767,0.20405961573123932,0.01759774051606655,0.9778042435646057,0.48483848571777344,0.20539161562919617,0.017043104395270348,0.9855428338050842,0.4794812798500061,0.20670081675052643,0.017175866290926933,0.983207643032074,0.5071988105773926,0.20047874748706818,0.008872448466718197,0.9813259840011597,0.5135917067527771,0.19964618980884552,0.008030199445784092,0.9919061660766602,0.5198190212249756,0.19861005246639252,0.007748390547931194,0.9906482696533203,0.47214269638061523,0.21797586977481842,-0.10196951776742935,0.9945016503334045,0.529010534286499,0.21354132890701294,-0.14742234349250793,0.9926603436470032,0.49335283041000366,0.26094987988471985,0.04302874952554703,0.9767602682113647,0.511904776096344,0.256852924823761,0.025695180520415306,0.9702697396278381,0.4279056489467621,0.3477201461791992,-0.07015343010425568,0.998000979423523,0.596448540687561,0.28934088349342346,-0.12867841124534607,0.9971972703933716,0.3874416947364807,0.18148621916770935,0.08713121712207794,0.1310501992702484,0.6672424674034119,0.09313055872917175,-0.1872767060995102,0.46656331419944763,0.39749839901924133,-0.037406422197818756,0.10369862616062164,0.40329694747924805,0.6907998323440552,-0.15434178709983826,-0.15708141028881073,0.6241248846054077,0.39130720496177673,-0.11798075586557388,0.10314299166202545,0.5834857225418091,0.7074304819107056,-0.2221861332654953,-0.20795738697052002,0.6609114408493042,0.4050830006599426,-0.12440863996744156,0.05872232839465141,0.6132100224494934,0.6882083415985107,-0.23289626836776733,-0.18263289332389832,0.6786043047904968,0.40827974677085876,-0.09807594865560532,0.08864881098270416,0.558833122253418,0.6759336590766907,-0.1976531744003296,-0.1509973108768463,0.5371536612510681,0.48813343048095703,0.9265804886817932,0.015355929732322693,0.9662968516349792,0.5810096263885498,0.9201387166976929,-0.01600581780076027,0.9710899591445923,0.5383478403091431,1.0334583520889282,0.4594367444515228,0.006069656927138567,0.6363844871520996,0.9457485675811768,0.3592892289161682,0.028988899663090706,0.6116563081741333,1.2249830961227417,0.716533362865448,0.01600765436887741,0.6486088037490845,1.221423864364624,0.559736430644989,0.03542091324925423,0.6385460495948792,1.2711758613586426,0.7352622747421265,0.11836858838796616,0.6473401784896851,1.2806949615478516,0.5846105217933655,0.09259827435016632,0.5805751085281372,1.2076858282089233,0.7126470804214478,0.040978629142045975,0.6648050546646118,1.1884621381759644,0.5544220209121704,0.050587739795446396
0.5003436803817749,0.2162921130657196,0.06303449720144272,0.9787353873252869,0.490683376789093,0.19015581905841827,0.01888701319694519,0.97765052318573,0.48514312505722046,0.1925594061613083,0.01831810548901558,0.9859981536865234,0.4796115458011627,0.1948406845331192,0.018447834998369217,0.9830317497253418,0.5081565976142883,0.185061514377594,0.010011082515120506,0.9806659817695618,0.5146380662918091,0.18425405025482178,0.009177799336612225,0.9919947981834412,0.5210355520248413,0.18330806493759155,0.008904870599508286,0.9902510643005371,0.4716957211494446,0.20859722793102264,-0.0998413935303688,0.9947596192359924,0.5303751230239868,0.20002692937850952,-0.14432916045188904,0.9927301406860352,0.4939354360103607,0.2493744045495987,0.04399025812745094,0.9767863750457764,0.5130718946456909,0.2438317835330963,0.02651178278028965,0.9696183800697327,0.42861026525497437,0.33734360337257385,-0.06463226675987244,0.9980525374412537,0.5978126525878906,0.2847784757614136,-0.12780998647212982,0.9972811937332153,0.3904803693294525,0.1844697743654251,0.13767117261886597,0.1306326985359192,0.6662400960922241,0.08928682655096054,-0.1698107272386551,0.4950929284095764,0.397659033536911,-0.0037479179445654154,0.17065905034542084,0.41429170966148376,0.6890989542007446,-0.16479678452014923,-0.12974992394447327,0.6423513889312744,0.3912021219730377,-0.07135073095560074,0.1928890496492386,0.6052236557006836,0.7050732374191284,-0.24134667217731476,-0.17643526196479797,0.6750710606575012,0.4056640565395355,-0.07462570071220398,0.1348317414522171,0.6348084211349487,0.6862810254096985,-0.24474455416202545,-0.15483613312244415,0.6916384696960449,0.4086712896823883,-0.04803461581468582,0.15271122753620148,0.5812981128692627,0.6737909317016602,-0.21059060096740723,-0.12516121566295624,0.5529931783676147,0.48757824301719666,0.9229824542999268,0.020731547847390175,0.9678317904472351,0.5803978443145752,0.9171903133392334,-0.021381637081503868,0.9723291993141174,0.547609806060791,1.0280011892318726,0.47384554147720337,0.006280063651502132,0.6488762497901917,0.9475222826004028,0.32692664861679077,0.03579987585544586,0.6303000450134277,1.2151802778244019,0.7204505801200867,0.01846260204911232,0.6611801981925964,1.207328200340271,0.5389441251754761,0.04427938163280487,0.6555436849594116,1.2604382038116455,0.7451877593994141,0.13338984549045563,0.6560436487197876,1.2686043977737427,0.5580433011054993,0.1134832352399826,0.6116828918457031,1.1940720081329346,0.7251756191253662,0.04798838496208191,0.6809107065200806,1.1729512214660645,0.5168663859367371,0.06332803517580032
0.5054216384887695,0.20696894824504852,0.060454465448856354,0.9798831939697266,0.49509793519973755,0.18170736730098724,0.017006564885377884,0.978306770324707,0.4896243214607239,0.18458794057369232,0.016408123075962067,0.9868265390396118,0.48426857590675354,0.18729805946350098,0.016532156616449356,0.9834844470024109,0.5123642683029175,0.17673662304878235,0.007817240431904793,0.9808804392814636,0.5187601447105408,0.17637459933757782,0.0069603039883077145,0.9923670887947083,0.5250719785690308,0.17566652595996857,0.006679392419755459,0.9903007745742798,0.47632426023483276,0.20394366979599,-0.09927993267774582,0.9951039552688599,0.5339581966400146,0.19596044719219208,-0.14559140801429749,0.9930276870727539,0.4988446831703186,0.24167843163013458,0.042312540113925934,0.9776216149330139,0.5177574157714844,0.23635438084602356,0.024247635155916214,0.9701269268989563,0.43092435598373413,0.3304594159126282,-0.06280083954334259,0.9981459379196167,0.6008895039558411,0.283649742603302,-0.12614011764526367,0.997417688369751,0.39383837580680847,0.18507827818393707,0.16712349653244019,0.13331644237041473,0.6664752960205078,0.07850674539804459,-0.18272154033184052,0.530584990978241,0.3995426893234253,0.004306180402636528,0.21648959815502167,0.44118884205818176,0.6879750490188599,-0.20318984985351562,-0.16432172060012817,0.6689895391464233,0.3925241529941559,-0.06168629229068756,0.2382112741470337,0.635012686252594,0.7028198838233948,-0.28163185715675354,-0.21957135200500488,0.6972993612289429,0.40744656324386597,-0.06808047741651535,0.17177824676036835,0.6632247567176819,0.6843295693397522,-0.2900434136390686,-0.19203093647956848,0.7125679850578308,0.41053834557533264,-0.041741952300071716,0.1954134851694107,0.612296998500824,0.6722025871276855,-0.2595154941082001,-0.1584658920764923,0.5797654986381531,0.48699766397476196,0.9216995239257812,0.023152219131588936,0.9690362215042114,0.5795669555664062,0.9158427119255066,-0.023788534104824066,0.9732384085655212,0.5453945398330688,1.0054504871368408,0.48123136162757874,0.0065239062532782555,0.6440907716751099,0.9368216395378113,0.3355455994606018,0.04131673648953438,0.620580792427063,1.212300419807434,0.737462043762207,0.02103716880083084,0.6510564684867859,1.199691891670227,0.5632445216178894,0.05191754177212715,0.6457976698875427,1.255728006362915,0.7588874101638794,0.15194453299045563,0.6462581157684326,1.263677954673767,0.5831595659255981,0.1353176385164261,0.5971555709838867,1.1867365837097168,0.7326465845108032,0.056623250246047974,0.6680537462234497,1.1665043830871582,0.5451259613037109,0.07674796879291534
0.5088053941726685,0.18255329132080078,0.05488291382789612,0.9808273911476135,0.498121440410614,0.1590312272310257,0.01308139692991972,0.9785966873168945,0.4925130307674408,0.16240039467811584,0.012451148591935635,0.9874109625816345,0.4870681166648865,0.16554003953933716,0.012575949542224407,0.9837289452552795,0.5155366063117981,0.15533064305782318,0.0019299883861094713,0.9809502363204956,0.5219974517822266,0.15609513223171234,0.0010720271384343505,0.9926408529281616,0.5284945368766785,0.15632441639900208,0.0008004537085071206,0.9903245568275452,0.477752149105072,0.1858358234167099,-0.09853272140026093,0.9953629970550537,0.5377691984176636,0.17967434227466583,-0.15202213823795319,0.9932087063789368,0.5017537474632263,0.22044147551059723,0.03890945389866829,0.978273868560791,0.5206523537635803,0.2162487804889679,0.01830010674893856,0.970622718334198,0.4325435757637024,0.31672215461730957,-0.05698401480913162,0.9982256293296814,0.6021368503570557,0.281650573015213,-0.1264963448047638,0.9975489974021912,0.3981487452983856,0.17391668260097504,0.19506077468395233,0.128249391913414,0.6665650606155396,0.06506039947271347,-0.1735406070947647,0.5443165302276611,0.39893588423728943,-0.004134959541261196,0.2794356942176819,0.44275224208831787,0.6837342977523804,-0.2000320851802826,-0.13517649471759796,0.6792996525764465,0.3921547532081604,-0.07104948908090591,0.2989056706428528,0.651046633720398,0.6973894238471985,-0.27177220582962036,-0.18403054773807526,0.705928385257721,0.40704673528671265,-0.07570946216583252,0.24275073409080505,0.6798055768013,0.6790928840637207,-0.28180643916130066,-0.16175414621829987,0.7204940319061279,0.41003233194351196,-0.05093473196029663,0.2631077170372009,0.6293409466743469,0.6671155691146851,-0.24807216227054596,-0.13050907850265503,0.5897265076637268,0.48670777678489685,0.9202708601951599,0.02955349162220955,0.9689028263092041,0.5796082019805908,0.9140287041664124,-0.030236849561333656,0.9731250405311584,0.5551085472106934,1.0526854991912842,0.4691888391971588,0.006195153575390577,0.6489929556846619,0.9580445289611816,0.32857996225357056,0.04141852632164955,0.6243672370910645,1.3114817142486572,0.7004901170730591,0.020141243934631348,0.6503413915634155,1.3631701469421387,0.5200794339179993,0.052611853927373886,0.6468496322631836,1.3663429021835327,0.7183288335800171,0.1495608687400818,0.636968731880188,1.4353967905044556,0.5345407724380493,0.13908334076404572,0.6005018949508667,1.300637125968933,0.6854633092880249,0.055068645626306534,0.6624352335929871,1.3460530042648315,0.48431307077407837,0.07768135517835617
0.5125151872634888,0.18607504665851593,0.05666979402303696,0.9792004823684692,0.5013021230697632,0.16264429688453674,0.015370702371001244,0.9749389886856079,0.49561166763305664,0.16514137387275696,0.014686566777527332,0.9861611723899841,0.49009984731674194,0.16761133074760437,0.014793559908866882,0.9808767437934875,0.5188585519790649,0.15985135734081268,0.004743233788758516,0.976941704750061,0.5251001119613647,0.1602163016796112,0.0038239918649196625,0.9916321635246277,0.5313479900360107,0.1600458323955536,0.0034984692465513945,0.988265335559845,0.48003625869750977,0.18740874528884888,-0.09548927843570709,0.9950653314590454,0.5401840209960938,0.1824917048215866,-0.14604727923870087,0.9922400116920471,0.5051796436309814,0.22019657492637634,0.04120546579360962,0.975505530834198,0.5235333442687988,0.21638628840446472,0.021146520972251892,0.966122031211853,0.434772253036499,0.31722432374954224,-0.05495326593518257,0.9982199668884277,0.6018708944320679,0.27934730052948,-0.11245433241128922,0.9975790977478027,0.3989439606666565,0.15981078147888184,0.19117456674575806,0.12297043204307556,0.6662873029708862,0.06151532754302025,-0.1644040048122406,0.5570627450942993,0.39847227931022644,-0.003823653794825077,0.2871915400028229,0.43389829993247986,0.6778414249420166,-0.2004246860742569,-0.12539485096931458,0.686333179473877,0.39146703481674194,-0.0686022937297821,0.30566877126693726,0.6542207598686218,0.6890872716903687,-0.2807196378707886,-0.17206433415412903,0.7097408771514893,0.40695419907569885,-0.07422231882810593,0.2546148896217346,0.6839000582695007,0.6709639430046082,-0.2823125720024109,-0.15068702399730682,0.7235361933708191,0.409679114818573,-0.048422712832689285,0.27316126227378845,0.6322630643844604,0.6616550087928772,-0.2517256736755371,-0.12108646333217621,0.5932666063308716,0.48669084906578064,0.9196170568466187,0.028515372425317764,0.9696633219718933,0.5793843269348145,0.9116769433021545,-0.029196258634328842,0.9738159775733948,0.5606271624565125,1.0534627437591553,0.46895283460617065,0.0060579655691981316,0.6604732871055603,0.9656015038490295,0.31536558270454407,0.042491499334573746,0.6412030458450317,1.29551362991333,0.6882978081703186,0.019930317997932434,0.6456809043884277,1.3259756565093994,0.5052725672721863,0.05258595570921898,0.6633913516998291,1.349476933479309,0.7048375606536865,0.14960172772407532,0.635299563407898,1.3928011655807495,0.5208857655525208,0.1415048986673355,0.6291826963424683,1.2818877696990967,0.6771643757820129,0.05416519567370415,0.6611751914024353,1.302638292312622,0.4847530722618103,0.07693738490343094
0.5112259387969971,0.1821996420621872,0.06815793365240097,0.9786578416824341,0.5001993775367737,0.1592789888381958,0.02475583925843239,0.9742903709411621,0.4945194125175476,0.1610892415046692,0.024065598845481873,0.985970139503479,0.4890046715736389,0.16303135454654694,0.024204475805163383,0.9803031086921692,0.5176570415496826,0.1571863740682602,0.016303496435284615,0.9758994579315186,0.5239402055740356,0.1573372781276703,0.015379885211586952,0.9913218021392822,0.5302882194519043,0.15687833726406097,0.015069575980305672,0.9877243041992188,0.4791956841945648,0.18393126130104065,-0.09128910303115845,0.9950839877128601,0.5396416783332825,0.18006214499473572,-0.1334865391254425,0.9920035600662231,0.5043174028396606,0.21488966047763824,0.05034628510475159,0.9744805693626404,0.5225802659988403,0.2116996794939041,0.033118028193712234,0.9648772478103638,0.43669071793556213,0.3155856728553772,-0.05129079148173332,0.9981741905212402,0.6019840240478516,0.27801084518432617,-0.10741408169269562,0.9975746870040894,0.3984948992729187,0.15015628933906555,0.18264439702033997,0.12628717720508575,0.66607666015625,0.058694083243608475,-0.14304636418819427,0.5669319033622742,0.3983389139175415,-0.016836127266287804,0.27927523851394653,0.4360617399215698,0.6767197251319885,-0.1834155172109604,-0.08253977447748184,0.6865255236625671,0.3882712125778198,-0.0944608598947525,0.29461994767189026,0.660673975944519,0.6871047019958496,-0.2774295210838318,-0.12050677835941315,0.708397388458252,0.4057748317718506,-0.10026788711547852,0.24236366152763367,0.6908018589019775,0.6699816584587097,-0.26390334963798523,-0.10375244915485382,0.7218446731567383,0.4094375669956207,-0.0745222270488739,0.263980895280838,0.6381843686103821,0.660831093788147,-0.23234423995018005,-0.07922236621379852,0.5921462774276733,0.4864092767238617,0.9184040427207947,0.028561050072312355,0.9708552360534668,0.576223611831665,0.9110637307167053,-0.029248347505927086,0.9748032093048096,0.5824460387229919,1.048468828201294,0.4679562449455261,0.006475826259702444,0.6632767915725708,0.9644981622695923,0.30059731006622314,0.04781389608979225,0.6640319228172302,1.267321228981018,0.6998850107192993,0.021675365045666695,0.6705123782157898,1.3190116882324219,0.4964296817779541,0.05824453756213188,0.6843075752258301,1.3124260902404785,0.7190909385681152,0.15964879095554352,0.6596185564994812,1.3823273181915283,0.5136398077011108,0.1543966382741928,0.6600779294967651,1.2483603954315186,0.6945618391036987,0.057222574949264526,0.6954597234725952,1.2864426374435425,0.4686756134033203,0.08255147933959961
0.5123957991600037,0.17867526412010193,0.034687284380197525,0.9801552891731262,0.5013984441757202,0.15607032179832458,-0.009277171455323696,0.975629448890686,0.4958752989768982,0.15725798904895782,-0.009961297735571861,0.9869399666786194,0.4905847907066345,0.15869607031345367,-0.009852288290858269,0.9812699556350708,0.5185979604721069,0.15499252080917358,-0.019073486328125,0.9770503044128418,0.5247277617454529,0.15498802065849304,-0.019991446286439896,0.9919024109840393,0.5308877825737,0.15427741408348083,-0.0203188918530941,0.988289475440979,0.4809347689151764,0.1805959939956665,-0.12312321364879608,0.9954395890235901,0.5397558212280273,0.17809250950813293,-0.17244534194469452,0.9925342798233032,0.5064669251441956,0.2094240039587021,0.018640892580151558,0.9759749174118042,0.5238479375839233,0.20690080523490906,-0.00039074866799637675,0.9668685793876648,0.4363248348236084,0.3118698298931122,-0.07804512977600098,0.9982649087905884,0.6018961071968079,0.27508100867271423,-0.14762409031391144,0.9977374076843262,0.3973308205604553,0.13098521530628204,0.13418446481227875,0.13279451429843903,0.665394127368927,0.04171428084373474,-0.26593902707099915,0.6014974117279053,0.39522427320480347,-0.048672087490558624,0.17660345137119293,0.4686749577522278,0.6758010983467102,-0.2660236060619354,-0.29403823614120483,0.7146224975585938,0.37864941358566284,-0.11873657256364822,0.18422475457191467,0.6884812116622925,0.687446653842926,-0.35448870062828064,-0.35777243971824646,0.7343637943267822,0.4003865122795105,-0.1292748898267746,0.12981727719306946,0.7168400883674622,0.6698875427246094,-0.35477152466773987,-0.32191842794418335,0.7465237975120544,0.4075582027435303,-0.09972523897886276,0.15973517298698425,0.6673641204833984,0.6605477929115295,-0.32280924916267395,-0.2867312729358673,0.6271492838859558,0.48617297410964966,0.916197657585144,0.03311886265873909,0.9717947244644165,0.5753427743911743,0.9098360538482666,-0.03376389294862747,0.975846529006958,0.5803528428077698,1.0456150770187378,0.4534427523612976,0.006693304982036352,0.6659296751022339,0.962727963924408,0.2735918462276459,0.06661553680896759,0.660263180732727,1.2465310096740723,0.7006040215492249,0.02349858544766903,0.6835867166519165,1.3083280324935913,0.48890241980552673,0.07726194709539413,0.6816893219947815,1.2953535318374634,0.7205951809883118,0.17186211049556732,0.6744891405105591,1.3701235055923462,0.5070533156394958,0.18644970655441284,0.6519670486450195,1.202457308769226,0.702396810054779,0.06363677233457565,0.7148477435112,1.2287089824676514,0.45146241784095764,0.1024136021733284
0.5104494094848633,0.18034593760967255,0.04026617854833603,0.981206476688385,0.49957147240638733,0.15805286169052124,-0.004092616960406303,0.9765880703926086,0.49452120065689087,0.15908759832382202,-0.004760937765240669,0.9876127243041992,0.4895097613334656,0.16038092970848083,-0.004635331686586142,0.9819471836090088,0.516094446182251,0.15734554827213287,-0.013351242057979107,0.9779151678085327,0.5225107073783875,0.15737693011760712,-0.014247996732592583,0.9922991991043091,0.5290852189064026,0.15661482512950897,-0.014555448666214943,0.9887065291404724,0.47955140471458435,0.18225029110908508,-0.12210086733102798,0.9956627488136292,0.5396103262901306,0.1791248470544815,-0.1676293909549713,0.9928709864616394,0.5063167214393616,0.21021637320518494,0.022964583709836006,0.9769936800003052,0.5229319930076599,0.20861570537090302,0.00474650040268898,0.9683177471160889,0.4358733296394348,0.3124253451824188,-0.07939858734607697,0.9983443021774292,0.601065993309021,0.2754020392894745,-0.14553020894527435,0.9978759288787842,0.3959941267967224,0.11056870222091675,0.10968329757452011,0.14196397364139557,0.6636042594909668,0.0507444366812706,-0.2212582379579544,0.6253154873847961,0.39026063680648804,-0.09277848154306412,0.12819980084896088,0.49754536151885986,0.6739794611930847,-0.23169244825839996,-0.2195522040128708,0.7347390651702881,0.37072643637657166,-0.17559990286827087,0.12899795174598694,0.7113190293312073,0.68535315990448,-0.3120068907737732,-0.27515745162963867,0.7522449493408203,0.39715999364852905,-0.17692847549915314,0.08027371019124985,0.7383796572685242,0.6688380837440491,-0.315745085477829,-0.24608778953552246,0.7635138034820557,0.4069540500640869,-0.14226588606834412,0.112395741045475,0.6908694505691528,0.6594680547714233,-0.28464487195014954,-0.21374726295471191,0.6499619483947754,0.4843814969062805,0.9162543416023254,0.03238871693611145,0.9726309180259705,0.5742992758750916,0.9110085964202881,-0.033046379685401917,0.9767294526100159,0.5727220773696899,1.0505483150482178,0.4538768231868744,0.006593829486519098,0.6642357110977173,0.9657026529312134,0.29124197363853455,0.06864460557699203,0.6459318399429321,1.2950793504714966,0.7037163972854614,0.02317969501018524,0.6797106862068176,1.367395281791687,0.47813719511032104,0.07953055948019028,0.6656197309494019,1.351385474205017,0.7229193449020386,0.17348942160606384,0.6652562618255615,1.4435123205184937,0.49201250076293945,0.19405238330364227,0.6373794674873352,1.275057077407837,0.6882069706916809,0.06323221325874329,0.6987258791923523,1.340041995048523,0.4303755760192871,0.10432437062263489
0.5099906921386719,0.1809188425540924,0.04210378974676132,0.9808585047721863,0.4992082118988037,0.15803466737270355,-0.00218028761446476,0.9755839705467224,0.49412378668785095,0.1586371511220932,-0.002855373080819845,0.9874856472015381,0.48909997940063477,0.15946635603904724,-0.0027282233349978924,0.9811711311340332,0.5158432722091675,0.1582414209842682,-0.011878789402544498,0.9764848351478577,0.5223337411880493,0.15855321288108826,-0.01277411449700594,0.9920222163200378,0.5289841294288635,0.1579945832490921,-0.013087945990264416,0.9877846837043762,0.479287326335907,0.18125919997692108,-0.11991003900766373,0.9956584572792053,0.5393376350402832,0.18034091591835022,-0.16849181056022644,0.9925484657287598,0.5058730244636536,0.2102927267551422,0.024587038904428482,0.9762482643127441,0.5224435925483704,0.20931154489517212,0.005804021377116442,0.9667633771896362,0.43539705872535706,0.3122137188911438,-0.08189257979393005,0.9983651041984558,0.599868893623352,0.27795907855033875,-0.1454092264175415,0.9978777170181274,0.395761638879776,0.10588951408863068,0.11176993697881699,0.14323115348815918,0.6634147763252258,0.04752339795231819,-0.2347707450389862,0.6423048377037048,0.39024561643600464,-0.06873393803834915,0.1510983407497406,0.5103532075881958,0.6740514636039734,-0.2410939782857895,-0.23155951499938965,0.7454989552497864,0.37137043476104736,-0.14880728721618652,0.15563997626304626,0.7263699769973755,0.6856974959373474,-0.2946116626262665,-0.2867896854877472,0.760957658290863,0.39721745252609253,-0.14738328754901886,0.1064547672867775,0.7530809044837952,0.6686282753944397,-0.3166011571884155,-0.258552223443985,0.7714598774909973,0.4073280394077301,-0.1123875230550766,0.1357906311750412,0.7059890627861023,0.6588364243507385,-0.28971970081329346,-0.22626939415931702,0.6595224142074585,0.48117923736572266,0.9164501428604126,0.03191657364368439,0.9732928276062012,0.5722648501396179,0.9128548502922058,-0.03256583958864212,0.9771939516067505,0.5534170269966125,1.0502533912658691,0.4539893567562103,0.006602603010833263,0.6618219614028931,0.9637347459793091,0.30354005098342896,0.07120726257562637,0.6336073279380798,1.293819546699524,0.7082074880599976,0.024291669949889183,0.6706370115280151,1.3248183727264404,0.49663233757019043,0.08573028445243835,0.6553049683570862,1.3481311798095703,0.7282233834266663,0.17999796569347382,0.658220648765564,1.3952971696853638,0.5139373540878296,0.20754477381706238,0.6224692463874817,1.2823123931884766,0.6847270727157593,0.0662398487329483,0.6910258531570435,1.2970361709594727,0.4604227542877197,0.11088116466999054
0.5107541680335999,0.18281349539756775,0.00912945531308651,0.9815749526023865,0.49894604086875916,0.1591566652059555,-0.03762629255652428,0.9759805798530579,0.49377426505088806,0.1589702069759369,-0.03829182684421539,0.9879350066184998,0.4886716902256012,0.16059066355228424,-0.03815069422125816,0.9813410639762878,0.5155447721481323,0.16241490840911865,-0.049458280205726624,0.9767938256263733,0.5220096707344055,0.16355128586292267,-0.05034198239445686,0.9922876954078674,0.5288668870925903,0.16375121474266052,-0.05067501217126846,0.9878380298614502,0.47897258400917053,0.18222223222255707,-0.16221970319747925,0.995816707611084,0.5386082530021667,0.18696022033691406,-0.22081157565116882,0.9927560091018677,0.5064120888710022,0.21102643013000488,-0.009829958900809288,0.9766319990158081,0.5223441123962402,0.21199463307857513,-0.031558819115161896,0.9672737717628479,0.43401575088500977,0.3139057159423828,-0.12980864942073822,0.9983361959457397,0.5947800278663635,0.28799968957901,-0.208931565284729,0.9978731274604797,0.39543789625167847,0.10132300853729248,0.024520516395568848,0.15308794379234314,0.6625398993492126,0.05057849362492561,-0.35417288541793823,0.6662729382514954,0.39027729630470276,-0.08333700150251389,0.036924686282873154,0.5253580808639526,0.6741557121276855,-0.23573489487171173,-0.3811153471469879,0.7595565319061279,0.37203115224838257,-0.1595941185951233,0.03429523855447769,0.7421431541442871,0.6860918402671814,-0.2941490709781647,-0.445629745721817,0.7732332944869995,0.3981765806674957,-0.15575677156448364,-0.013217851519584656,0.7684963941574097,0.6682027578353882,-0.3125000298023224,-0.4124875068664551,0.7830953001976013,0.40865081548690796,-0.1269044280052185,0.02102588675916195,0.7227044701576233,0.658329427242279,-0.28910091519355774,-0.3751533329486847,0.6752074956893921,0.47893962264060974,0.9140625596046448,0.033395491540431976,0.9737282395362854,0.5707015991210938,0.9135404825210571,-0.034045785665512085,0.9775148034095764,0.5341331958770752,1.0442759990692139,0.46125221252441406,0.0076084984466433525,0.6605514287948608,0.9620628356933594,0.30718061327934265,0.08596494048833847,0.6123706102371216,1.2860695123672485,0.7533378601074219,0.02960170805454254,0.6669961810112,1.2917578220367432,0.5112689137458801,0.10769914835691452,0.6345372796058655,1.3423254489898682,0.7763898968696594,0.19872437417507172,0.6574834585189819,1.3613978624343872,0.5302838087081909,0.23806123435497284,0.5983272194862366,1.269398808479309,0.726822018623352,0.076789990067482,0.6930919885635376,1.238072156906128,0.46839404106140137,0.13098952174186707
0.5105479955673218,0.18441517651081085,0.01787041872739792,0.9817811250686646,0.4981265068054199,0.1601622998714447,-0.027244091033935547,0.9761776328086853,0.4927741587162018,0.15922224521636963,-0.02790493331849575,0.9881495833396912,0.48749104142189026,0.16111835837364197,-0.027757277712225914,0.9815284609794617,0.514527440071106,0.16499236226081848,-0.03926200419664383,0.9767467975616455,0.5205487608909607,0.16653147339820862,-0.04013243317604065,0.9922853112220764,0.5268858671188354,0.16721904277801514,-0.04042598232626915,0.9876697063446045,0.4773927330970764,0.1829744279384613,-0.14745166897773743,0.9959032535552979,0.5360418558120728,0.19001369178295135,-0.2045484036207199,0.9926412105560303,0.5059157609939575,0.2126370519399643,0.00022438222367782146,0.9763926863670349,0.5215340852737427,0.21467630565166473,-0.021426424384117126,0.966712474822998,0.4301831126213074,0.31492358446121216,-0.11370531469583511,0.9983056783676147,0.5908089876174927,0.29467931389808655,-0.18574127554893494,0.99774169921875,0.39138516783714294,0.10507276654243469,0.06408164650201797,0.16315320134162903,0.6575303673744202,0.05709420144557953,-0.3015299141407013,0.6733782291412354,0.39020413160324097,-0.07685159146785736,0.10152890533208847,0.5312156677246094,0.6769026517868042,-0.15932977199554443,-0.17454899847507477,0.7439045906066895,0.37243586778640747,-0.1532496213912964,0.10257041454315186,0.7479375004768372,0.6899493336677551,-0.20407655835151672,-0.2134735882282257,0.755070686340332,0.39819180965423584,-0.15176989138126373,0.056358616799116135,0.7748490571975708,0.6690165400505066,-0.21074476838111877,-0.19712452590465546,0.765465497970581,0.4085642397403717,-0.11879914253950119,0.08673276007175446,0.7288119196891785,0.6576824188232422,-0.17017382383346558,-0.17122741043567657,0.6560004353523254,0.478659063577652,0.9137129187583923,0.034123897552490234,0.9740932583808899,0.5688033699989319,0.9140512347221375,-0.03479583188891411,0.9775761365890503,0.5318765044212341,1.0275068283081055,0.4896884560585022,0.008345193229615688,0.6601889729499817,0.9614679217338562,0.29429349303245544,0.09044139087200165,0.5924938917160034,1.2344602346420288,0.7816015481948853,0.0319410115480423,0.664836049079895,1.2420573234558105,0.5139578580856323,0.11177574843168259,0.6101856231689453,1.2879972457885742,0.8049586415290833,0.20945945382118225,0.6463713049888611,1.310652494430542,0.5334426760673523,0.24705703556537628,0.5809420943260193,1.198662281036377,0.7663182616233826,0.08097431063652039,0.6898026466369629,1.18449068069458,0.47784319519996643,0.13523182272911072
0.506415605545044,0.184214785695076,0.022882657125592232,0.9818012714385986,0.4943769872188568,0.16060012578964233,-0.022520940750837326,0.9760729074478149,0.489349901676178,0.1598411500453949,-0.023160049691796303,0.9883167743682861,0.4843482971191406,0.16114164888858795,-0.023027095943689346,0.9814864993095398,0.5100802183151245,0.16484113037586212,-0.03315914794802666,0.9762290716171265,0.516056478023529,0.16628709435462952,-0.034014903008937836,0.9922289252281189,0.5224569439888,0.16694220900535583,-0.0343056246638298,0.9872991442680359,0.4756139814853668,0.18148557841777802,-0.1451575607061386,0.9960168600082397,0.5320460200309753,0.18949277698993683,-0.195252925157547,0.9925284385681152,0.5029296875,0.2125844806432724,0.003771670162677765,0.9760705828666687,0.5183364152908325,0.2138378769159317,-0.015614807605743408,0.9657487869262695,0.42927998304367065,0.3160019814968109,-0.10373226553201675,0.9982715249061584,0.5895076990127563,0.29345703125,-0.17726120352745056,0.9976853132247925,0.38967978954315186,0.10829317569732666,0.12167014181613922,0.17007417976856232,0.6565677523612976,0.056394513696432114,-0.29552415013313293,0.6898450255393982,0.3901147246360779,-0.05644523352384567,0.2005791962146759,0.5362566709518433,0.6766375303268433,-0.18801668286323547,-0.17290212213993073,0.7458590269088745,0.37265846133232117,-0.13334111869335175,0.20924775302410126,0.7544676065444946,0.6900370121002197,-0.22358261048793793,-0.21788296103477478,0.7540403604507446,0.39820533990859985,-0.13835881650447845,0.15807338058948517,0.7817036509513855,0.6690177917480469,-0.2609485983848572,-0.1967763453722,0.7642912268638611,0.4082707464694977,-0.10544376075267792,0.18515989184379578,0.7359299659729004,0.6552575826644897,-0.1751563847064972,-0.168452650308609,0.6538557410240173,0.4782572388648987,0.9146726727485657,0.03486406058073044,0.9743265509605408,0.5682375431060791,0.9165591597557068,-0.03552990034222603,0.977633535861969,0.5329793691635132,1.020254135131836,0.5146812796592712,0.009186114184558392,0.6588720679283142,0.960726261138916,0.2998921275138855,0.09935468435287476,0.5867871642112732,1.2128921747207642,0.8134723901748657,0.03514677658677101,0.650170087814331,1.2244349718093872,0.5408995747566223,0.11944521218538284,0.6028243899345398,1.264562726020813,0.8377277255058289,0.22400888800621033,0.6298554539680481,1.2911062240600586,0.562714695930481,0.2623395621776581,0.5733837485313416,1.1746079921722412,0.8061315417289734,0.08725129812955856,0.679707407951355,1.1663804054260254,0.5196853876113892,0.14403295516967773
0.5063486695289612,0.18477408587932587,0.04343419522047043,0.9796739220619202,0.4943235516548157,0.1611841917037964,0.0018018216360360384,0.9733873009681702,0.4893062114715576,0.1604304164648056,0.0011125985765829682,0.9871965646743774,0.4843273162841797,0.16125497221946716,0.001254732720553875,0.9796897172927856,0.5100265741348267,0.16515181958675385,-0.01270374096930027,0.9727477431297302,0.5159662365913391,0.1664927452802658,-0.01359336543828249,0.9910056591033936,0.5223156809806824,0.16703571379184723,-0.01388133317232132,0.9851195812225342,0.47556251287460327,0.18013295531272888,-0.1079413890838623,0.9958159327507019,0.5315754413604736,0.18955330550670624,-0.17755073308944702,0.9912784099578857,0.5028076767921448,0.21281705796718597,0.02825496532022953,0.9732487797737122,0.5181046724319458,0.21418577432632446,0.0034883308690041304,0.9609137177467346,0.427802175283432,0.31639954447746277,-0.07645643502473831,0.9982253909111023,0.5867674946784973,0.2934242784976959,-0.15343210101127625,0.9974700808525085,0.3889061510562897,0.11153443902730942,0.15457165241241455,0.17216941714286804,0.6548007726669312,0.05767376720905304,-0.22698526084423065,0.6865639686584473,0.3900870382785797,-0.04191073030233383,0.25525444746017456,0.533805787563324,0.6753619909286499,-0.18925254046916962,-0.15218010544776917,0.7272040247917175,0.3743465542793274,-0.11674592643976212,0.2649434208869934,0.7535097599029541,0.6896770000457764,-0.22741743922233582,-0.1968672275543213,0.7348865866661072,0.39824673533439636,-0.12566906213760376,0.21714603900909424,0.7814456820487976,0.6686423420906067,-0.262993186712265,-0.17593806982040405,0.74504554271698,0.4079427123069763,-0.0881989374756813,0.24128131568431854,0.734856367111206,0.6522071957588196,-0.1851259469985962,-0.14818015694618225,0.632568895816803,0.4783007502555847,0.9191924929618835,0.034717757254838943,0.9744209051132202,0.5683272480964661,0.9204657673835754,-0.03539220243692398,0.9773738980293274,0.53172767162323,1.0155441761016846,0.5310482382774353,0.009458059445023537,0.663563072681427,0.9601798057556152,0.31357377767562866,0.09772681444883347,0.579145610332489,1.1944327354431152,0.8108817934989929,0.036046165972948074,0.6268011331558228,1.2176921367645264,0.549037516117096,0.11678900569677353,0.5947950482368469,1.2445769309997559,0.833464503288269,0.22860673069953918,0.6041808724403381,1.2844722270965576,0.5705528855323792,0.2599877715110779,0.5637786388397217,1.1532121896743774,0.8067472577095032,0.08800823986530304,0.6539860963821411,1.1637287139892578,0.5371671319007874,0.14105717837810516
0.5043022036552429,0.18507185578346252,0.054936595261096954,0.9793192148208618,0.4923476576805115,0.16139937937259674,0.01359102688729763,0.9729507565498352,0.4872966706752777,0.16082949936389923,0.01289753895252943,0.9871498942375183,0.48232483863830566,0.1616862565279007,0.013060526922345161,0.9793965816497803,0.5081421136856079,0.16562511026859283,-0.0013236262602731586,0.9720379710197449,0.5141016244888306,0.16714002192020416,-0.00222697202116251,0.9908310770988464,0.5204812288284302,0.16790153086185455,-0.0024964874610304832,0.9846482276916504,0.47324737906455994,0.1805175542831421,-0.09450815618038177,0.9958682060241699,0.5298346281051636,0.18992282450199127,-0.16599783301353455,0.9911454319953918,0.5004009008407593,0.2134762853384018,0.0406617671251297,0.9726178646087646,0.5164119005203247,0.2145376205444336,0.015285594388842583,0.9597338438034058,0.42422789335250854,0.31647220253944397,-0.06310372054576874,0.9982365369796753,0.586411714553833,0.29090097546577454,-0.1357676386833191,0.9974300265312195,0.3866616189479828,0.13368932902812958,0.17353974282741547,0.18250106275081635,0.6546257138252258,0.05821853131055832,-0.16680991649627686,0.6925937533378601,0.3896036446094513,-0.0356149896979332,0.272059828042984,0.5499053597450256,0.6733810901641846,-0.1880779266357422,-0.09169819951057434,0.7310255765914917,0.374559611082077,-0.10894516855478287,0.28232574462890625,0.7645795941352844,0.6838078498840332,-0.22938673198223114,-0.13169974088668823,0.737616240978241,0.3983672559261322,-0.11813502758741379,0.23286232352256775,0.7918500900268555,0.666188657283783,-0.2619873285293579,-0.11477385461330414,0.7475317716598511,0.407731831073761,-0.08102823048830032,0.25736841559410095,0.7463929057121277,0.6522569060325623,-0.20209893584251404,-0.08831670135259628,0.6349909901618958,0.4785310626029968,0.9237245917320251,0.03399241343140602,0.9748086333274841,0.5682940483093262,0.9260808229446411,-0.03468528017401695,0.9774211049079895,0.5343582034111023,1.0153391361236572,0.5237590074539185,0.010272465646266937,0.6622713804244995,0.959773600101471,0.3247658610343933,0.09939982742071152,0.5821369886398315,1.191596508026123,0.7981508374214172,0.03877267241477966,0.6245042085647583,1.2091742753982544,0.5612678527832031,0.11665432155132294,0.598508358001709,1.241241216659546,0.8204547762870789,0.24132534861564636,0.6049920916557312,1.2751437425613403,0.5835074782371521,0.2641271948814392,0.563008725643158,1.1506274938583374,0.795879602432251,0.09287302196025848,0.6487494111061096,1.1578062772750854,0.560243546962738,0.141787588596344
0.4962083399295807,0.17951838672161102,0.07676135003566742,0.9787400364875793,0.48511308431625366,0.15798573195934296,0.033757638186216354,0.9724294543266296,0.47992199659347534,0.15788394212722778,0.03306349366903305,0.9869401454925537,0.47494786977767944,0.15898025035858154,0.033251307904720306,0.9789765477180481,0.5012308955192566,0.1611359566450119,0.022869374603033066,0.9714196920394897,0.5075122117996216,0.1625591367483139,0.02197062410414219,0.9906225800514221,0.5143778324127197,0.1633356809616089,0.021711187437176704,0.984312117099762,0.46737128496170044,0.1787308156490326,-0.08145485818386078,0.9958676695823669,0.5259153842926025,0.18417400121688843,-0.1351739466190338,0.9910452961921692,0.4923763871192932,0.20685361325740814,0.059318553656339645,0.9719977974891663,0.5090293884277344,0.2068677693605423,0.03912506252527237,0.9587305188179016,0.42007631063461304,0.31211188435554504,-0.05581672862172127,0.9982399344444275,0.5865434408187866,0.27478766441345215,-0.10474149882793427,0.9974169135093689,0.38325610756874084,0.14338082075119019,0.18693594634532928,0.18643857538700104,0.6551800966262817,0.05166589468717575,-0.1143285408616066,0.6935485601425171,0.38769620656967163,-0.026598326861858368,0.30988380312919617,0.5579131245613098,0.6714104413986206,-0.19203852117061615,-0.045990489423274994,0.7389605045318604,0.37425488233566284,-0.09656723588705063,0.3237408697605133,0.7705365419387817,0.6810160875320435,-0.2380429357290268,-0.08562713116407394,0.7450471520423889,0.39753076434135437,-0.09886600822210312,0.2742157578468323,0.7976171374320984,0.6644235253334045,-0.26631343364715576,-0.07136733084917068,0.7548059225082397,0.4059104025363922,-0.0590951032936573,0.2960505783557892,0.7522252798080444,0.6523479223251343,-0.2270835041999817,-0.043878305703401566,0.6431216597557068,0.47880226373672485,0.9251683354377747,0.026195144280791283,0.9745345711708069,0.5683473944664001,0.9265896081924438,-0.026918992400169373,0.9768858551979065,0.5348644256591797,1.0210754871368408,0.5234250426292419,0.010167972184717655,0.6581010818481445,0.9594994187355042,0.354361355304718,0.09418059140443802,0.5853093862533569,1.1941783428192139,0.7930508852005005,0.03840496018528938,0.609632670879364,1.2053872346878052,0.5955520868301392,0.10986661165952682,0.6026560068130493,1.2453124523162842,0.8150362968444824,0.24150963127613068,0.5941205620765686,1.2674251794815063,0.6183371543884277,0.25469228625297546,0.561819851398468,1.1560802459716797,0.7907940149307251,0.09215640276670456,0.6248109936714172,1.1602091789245605,0.6015117168426514,0.13557729125022888
0.4964190423488617,0.184363454580307,0.0725480392575264,0.9787883758544922,0.4843011498451233,0.1612291932106018,0.0315653532743454,0.9733760356903076,0.47904548048973083,0.16052450239658356,0.030879158526659012,0.9871716499328613,0.47402071952819824,0.16083279252052307,0.031064817681908607,0.9797831177711487,0.4997107982635498,0.1648971438407898,0.01750977337360382,0.9722787141799927,0.5052059888839722,0.16616034507751465,0.01662648655474186,0.9906710982322693,0.5111871957778931,0.16688719391822815,0.016367550939321518,0.9847661256790161,0.46626925468444824,0.17886894941329956,-0.0677386224269867,0.995999813079834,0.5201340317726135,0.18610528111457825,-0.13936732709407806,0.9910840392112732,0.49244505167007446,0.21097177267074585,0.05899422615766525,0.9722552299499512,0.5086462497711182,0.21017447113990784,0.03407367318868637,0.9591739773750305,0.41683855652809143,0.31220880150794983,-0.030405497178435326,0.9981951117515564,0.5798443555831909,0.2754597067832947,-0.11481472104787827,0.9972656965255737,0.38166144490242004,0.15410278737545013,0.21193306148052216,0.1831090897321701,0.6553704142570496,0.05249326676130295,-0.1285758763551712,0.6815440058708191,0.38910794258117676,0.006109009962528944,0.3431839346885681,0.5404431819915771,0.6717122793197632,-0.17001381516456604,-0.021930396556854248,0.7181152701377869,0.3821500539779663,-0.04267542064189911,0.3572951853275299,0.7512351870536804,0.6811329126358032,-0.2102314829826355,-0.05449550598859787,0.7257524132728577,0.4033828377723694,-0.034871116280555725,0.31004709005355835,0.780163049697876,0.6648911237716675,-0.21971531212329865,-0.04464118555188179,0.7358554601669312,0.4096929430961609,-0.005521490704268217,0.3295029401779175,0.732463538646698,0.6514779925346375,-0.17468340694904327,-0.02070434018969536,0.622338056564331,0.4788508415222168,0.9272505044937134,0.03303486108779907,0.9740142822265625,0.5684541463851929,0.9299814105033875,-0.033801667392253876,0.9761711955070496,0.5596693754196167,1.0338937044143677,0.5181338787078857,0.00979563593864441,0.65546715259552,0.95923912525177,0.3485505282878876,0.08889693766832352,0.6073799133300781,1.2331795692443848,0.7782312631607056,0.03645016625523567,0.6321514248847961,1.2343114614486694,0.5839461088180542,0.10367144644260406,0.6216476559638977,1.2808637619018555,0.7992304563522339,0.2326865792274475,0.6207578182220459,1.2934151887893677,0.6051515340805054,0.2437010556459427,0.5925477147102356,1.224158763885498,0.7673212289810181,0.08758851140737534,0.6568278074264526,1.2157212495803833,0.5795753002166748,0.12823732197284698
0.49655118584632874,0.18677812814712524,0.07853779941797256,0.9778246283531189,0.4838142395019531,0.16367827355861664,0.0360502190887928,0.9732826948165894,0.47833991050720215,0.16292333602905273,0.0353730134665966,0.9866923689842224,0.47299879789352417,0.16303052008152008,0.035565294325351715,0.9797973036766052,0.4991840422153473,0.16666285693645477,0.02280977927148342,0.9722580909729004,0.5043677687644958,0.16743461787700653,0.02197822369635105,0.9902915954589844,0.5099256038665771,0.1677040010690689,0.021746095269918442,0.9848213195800781,0.4639899730682373,0.18100006878376007,-0.07100383937358856,0.995880663394928,0.5170334577560425,0.18628190457820892,-0.1357831507921219,0.9907939434051514,0.4924163818359375,0.21286606788635254,0.06344200670719147,0.971550464630127,0.5081416964530945,0.2111748307943344,0.040270861238241196,0.9586166143417358,0.4116995930671692,0.3216818571090698,-0.03947030007839203,0.998121976852417,0.5791494250297546,0.2760333716869354,-0.11199714988470078,0.9971059560775757,0.37191909551620483,0.17668399214744568,0.2010635882616043,0.17655113339424133,0.6557859778404236,0.056469228118658066,-0.09130151569843292,0.6584961414337158,0.38665851950645447,0.03471033275127411,0.35648834705352783,0.5174537301063538,0.6716883778572083,-0.14319004118442535,0.013015756383538246,0.6977924704551697,0.38208410143852234,0.002085648011416197,0.3709840774536133,0.7256358861923218,0.6813172101974487,-0.18701407313346863,-0.017669284716248512,0.7075443863868713,0.4027656018733978,0.009115850552916527,0.3247983753681183,0.7562317252159119,0.6650815606117249,-0.20052407681941986,-0.01465801615267992,0.7188048362731934,0.40680113434791565,0.028102373704314232,0.3440733551979065,0.7057352662086487,0.6538187265396118,-0.16217464208602905,0.0112057626247406,0.6035081744194031,0.4788735806941986,0.9303486943244934,0.026560604572296143,0.9714592695236206,0.5694347023963928,0.9314823746681213,-0.027351578697562218,0.9739775061607361,0.5580679178237915,1.0770713090896606,0.517708420753479,0.009142839349806309,0.6434742212295532,0.9611453413963318,0.3501558303833008,0.08115823566913605,0.6069778800010681,1.3067978620529175,0.7668012380599976,0.03362832963466644,0.6314870119094849,1.3109408617019653,0.5818901658058167,0.09465118497610092,0.6223968267440796,1.361910104751587,0.7871893644332886,0.21723784506320953,0.620521605014801,1.377223253250122,0.6030422449111938,0.2246650755405426,0.587974488735199,1.2880098819732666,0.7454939484596252,0.0809209942817688,0.6561535596847534,1.2877202033996582,0.5676373839378357,0.11754065752029419
0.493594229221344,0.1993301957845688,0.0797172337770462,0.9783820509910583,0.47960910201072693,0.17314963042736053,0.03521198034286499,0.9741683006286621,0.47375622391700745,0.1720891147851944,0.03453962877392769,0.987067699432373,0.4681326448917389,0.1717252880334854,0.03471652418375015,0.9804931282997131,0.4955117106437683,0.17542341351509094,0.02369830384850502,0.9732540845870972,0.5007046461105347,0.17527872323989868,0.022872447967529297,0.9905765056610107,0.5062487721443176,0.1744733452796936,0.022640788927674294,0.985408365726471,0.4595585763454437,0.18860484659671783,-0.07358793914318085,0.9960020184516907,0.5136725306510925,0.1900990754365921,-0.13761962950229645,0.9910739660263062,0.48883333802223206,0.2271644026041031,0.06185968592762947,0.9723607897758484,0.5048829913139343,0.2242880016565323,0.0408635176718235,0.9598258137702942,0.4063490927219391,0.33947086334228516,-0.0528097040951252,0.9981340765953064,0.5773335695266724,0.2875877916812897,-0.11049731075763702,0.9971017837524414,0.367526113986969,0.20194189250469208,0.19083097577095032,0.16885754466056824,0.655962347984314,0.07389410585165024,-0.10549010336399078,0.6496518850326538,0.38578352332115173,0.0592745766043663,0.3369639813899994,0.49701789021492004,0.6723886728286743,-0.14800535142421722,-0.02496933378279209,0.6898484230041504,0.38203948736190796,0.025658104568719864,0.3523620665073395,0.70857834815979,0.6825820803642273,-0.19758576154708862,-0.06156555563211441,0.6996877789497375,0.4020552635192871,0.03340456262230873,0.3029264211654663,0.7405495047569275,0.6693739295005798,-0.21255622804164886,-0.05174071714282036,0.7116360664367676,0.40488356351852417,0.05080980807542801,0.32365384697914124,0.6873713135719299,0.6585070490837097,-0.17795707285404205,-0.02470145747065544,0.5940074324607849,0.47944679856300354,0.9376981854438782,0.01844659261405468,0.9683600664138794,0.5714407563209534,0.9333997964859009,-0.01922895945608616,0.9715379476547241,0.5435302257537842,1.0930683612823486,0.5141407251358032,0.008600220084190369,0.6384848356246948,0.9692866206169128,0.3602970838546753,0.07461349666118622,0.6048394441604614,1.350327968597412,0.7529996633529663,0.031388092786073685,0.632178008556366,1.3534133434295654,0.5801237225532532,0.08709564805030823,0.6228082776069641,1.412777304649353,0.7712717056274414,0.2062516063451767,0.623306930065155,1.4248493909835815,0.5999444723129272,0.20997771620750427,0.5750506520271301,1.3213261365890503,0.7229209542274475,0.07584415376186371,0.6562079191207886,1.3231112957000732,0.5631275773048401,0.108894482254982
0.4809669554233551,0.20354507863521576,0.0807964950799942,0.9798032641410828,0.46719974279403687,0.17710837721824646,0.03387671709060669,0.9759403467178345,0.46144500374794006,0.1765337586402893,0.03321395069360733,0.9879215955734253,0.45597702264785767,0.1765006184577942,0.03339114040136337,0.9818097352981567,0.48392239212989807,0.17842327058315277,0.02408202737569809,0.9751642942428589,0.48974305391311646,0.17800475656986237,0.02326713688671589,0.9912323951721191,0.4958733916282654,0.1767575591802597,0.023059207946062088,0.9864798784255981,0.4485115110874176,0.19460447132587433,-0.08836056292057037,0.9962455034255981,0.5067743062973022,0.19100363552570343,-0.13943873345851898,0.991692066192627,0.476849228143692,0.2325202375650406,0.06006656214594841,0.9740557670593262,0.49359020590782166,0.22892561554908752,0.04128589853644371,0.9623833894729614,0.40275663137435913,0.3494027554988861,-0.06692478060722351,0.998165488243103,0.5726388096809387,0.29580628871917725,-0.11334353685379028,0.9972099661827087,0.35820716619491577,0.21518652141094208,0.18662741780281067,0.1650320142507553,0.6560500860214233,0.10521060228347778,-0.07544606178998947,0.6500570178031921,0.3848733603954315,0.07038316875696182,0.32047563791275024,0.484980970621109,0.6737295389175415,-0.10484547168016434,0.050502289086580276,0.6914182901382446,0.3820069432258606,0.030791345983743668,0.33624714612960815,0.6996704936027527,0.6861771941184998,-0.16082900762557983,0.02353765442967415,0.6998195052146912,0.4020305275917053,0.039111871272325516,0.28566163778305054,0.7330747842788696,0.6711354851722717,-0.16649611294269562,0.027109775692224503,0.7127021551132202,0.40351611375808716,0.06012853607535362,0.306636244058609,0.6778553128242493,0.6602965593338013,-0.13934272527694702,0.0504523441195488,0.5939835906028748,0.4801293909549713,0.9394822120666504,0.012616738677024841,0.9650663733482361,0.5723600387573242,0.9339991211891174,-0.013418324291706085,0.9690932631492615,0.5397933721542358,1.1093674898147583,0.48667415976524353,0.008126345463097095,0.6390644311904907,0.9753508567810059,0.3563811182975769,0.06882203370332718,0.6041468381881714,1.3954765796661377,0.7008376121520996,0.02926967479288578,0.6410544514656067,1.3842543363571167,0.5613085627555847,0.08013829588890076,0.6233277320861816,1.4604132175445557,0.7165623903274536,0.19668537378311157,0.6346608400344849,1.4586793184280396,0.5778685808181763,0.19707068800926208,0.5703164935112,1.375855565071106,0.6699344515800476,0.07095140963792801,0.6609343886375427,1.3582547903060913,0.5364273190498352,0.10089059174060822
0.4774647653102875,0.204054594039917,0.09540055692195892,0.9808818697929382,0.4646623134613037,0.17811065912246704,0.04689377546310425,0.9775588512420654,0.4590936601161957,0.17757083475589752,0.04627051204442978,0.9885596036911011,0.45375776290893555,0.17745698988437653,0.046477533876895905,0.9830489754676819,0.48094290494918823,0.1798321008682251,0.037016283720731735,0.976930558681488,0.48672670125961304,0.17976069450378418,0.03628137707710266,0.9917241334915161,0.49279308319091797,0.17877362668514252,0.036147285252809525,0.9874544739723206,0.44579586386680603,0.19624795019626617,-0.08386000990867615,0.9964296817779541,0.5032765865325928,0.19440487027168274,-0.13192437589168549,0.9921366572380066,0.4742862582206726,0.23324616253376007,0.07165049761533737,0.9754723906517029,0.48991483449935913,0.23049041628837585,0.053476668894290924,0.9646618962287903,0.39629295468330383,0.3554898202419281,-0.06660328805446625,0.9981884360313416,0.573039174079895,0.30166095495224,-0.1105976328253746,0.9971850514411926,0.3545169532299042,0.2197108119726181,0.17550472915172577,0.16432644426822662,0.6561525464057922,0.14310874044895172,-0.01094119343906641,0.6142293810844421,0.38313037157058716,0.08028680831193924,0.3125515282154083,0.46698758006095886,0.6735831499099731,0.013347117230296135,0.16218599677085876,0.6493948101997375,0.3811115324497223,0.04094596952199936,0.32469484210014343,0.6747128963470459,0.6854088306427002,-0.012876404449343681,0.1471446305513382,0.6603972315788269,0.39826229214668274,0.04963357746601105,0.2783956825733185,0.7096773386001587,0.6709574460983276,-0.021526983007788658,0.1358845978975296,0.6749780774116516,0.39874833822250366,0.0713094025850296,0.3000965118408203,0.6522903442382812,0.6613246202468872,-0.007758226711302996,0.15786433219909668,0.5579558610916138,0.4800403118133545,0.9398307204246521,0.009858790785074234,0.9619570374488831,0.5745324492454529,0.9358779191970825,-0.0106911426410079,0.965657114982605,0.5359163880348206,1.1032644510269165,0.47337597608566284,0.007530990522354841,0.6326740980148315,0.9680358171463013,0.37050822377204895,0.06226503476500511,0.5989874601364136,1.3977640867233276,0.7083703875541687,0.026745200157165527,0.6314802169799805,1.3733733892440796,0.5966063141822815,0.07251029461622238,0.6206638813018799,1.46134352684021,0.7268743515014648,0.18183262646198273,0.6218979358673096,1.4487040042877197,0.6170918941497803,0.1794039011001587,0.5672231316566467,1.3954603672027588,0.6840975284576416,0.06481390446424484,0.6515101194381714,1.351205825805664,0.5807704329490662,0.09145981073379517
0.4761536717414856,0.2035278081893921,0.04513343423604965,0.981370747089386,0.4629638195037842,0.17719601094722748,0.005055087152868509,0.9783312678337097,0.4572351574897766,0.17672577500343323,0.004439994227141142,0.9888060092926025,0.45174136757850647,0.17648740112781525,0.004644875880330801,0.9836598634719849,0.478729784488678,0.17937558889389038,-0.009749181568622589,0.9778476357460022,0.48409128189086914,0.17956654727458954,-0.010449163615703583,0.9919353127479553,0.4897027909755707,0.17869190871715546,-0.010558901354670525,0.9879558682441711,0.4435335695743561,0.1961204558610916,-0.09677113592624664,0.9964728951454163,0.49780145287513733,0.19474266469478607,-0.16349157691001892,0.992212176322937,0.4733034670352936,0.2329980581998825,0.032253511250019073,0.9756386876106262,0.4879221022129059,0.23040756583213806,0.008075195364654064,0.9649446606636047,0.3890286982059479,0.3590700328350067,-0.06980503350496292,0.9981006383895874,0.5736181735992432,0.30927059054374695,-0.13169656693935394,0.9969100952148438,0.35590705275535583,0.2163887470960617,0.17241990566253662,0.1546621024608612,0.6575191020965576,0.1862333118915558,-0.059463370591402054,0.5842941999435425,0.38743603229522705,0.09651053696870804,0.30842819809913635,0.4386918544769287,0.6720867156982422,0.013283039443194866,0.0775393471121788,0.612659752368927,0.3929455876350403,0.06540071964263916,0.32219213247299194,0.6441681385040283,0.6858386993408203,-0.03865496441721916,0.052793581038713455,0.6262968182563782,0.4052702486515045,0.06982327252626419,0.2747322916984558,0.6806592345237732,0.6699127554893494,-0.04915809631347656,0.04983185976743698,0.642299473285675,0.4036087095737457,0.08958379924297333,0.29593217372894287,0.6229067444801331,0.6606768369674683,-0.03029528632760048,0.07502306997776031,0.5265941023826599,0.48007217049598694,0.9395458698272705,0.011482380330562592,0.9582993388175964,0.5744448304176331,0.9366187453269958,-0.012293044477701187,0.9618049263954163,0.5390912890434265,1.1001256704330444,0.4755825102329254,0.0069712260738015175,0.6330172419548035,0.9644795060157776,0.366107702255249,0.05664244666695595,0.5975536704063416,1.3717670440673828,0.7419449687004089,0.024594103917479515,0.6316134333610535,1.3690215349197388,0.6022183299064636,0.06604570895433426,0.6171579360961914,1.431911587715149,0.7651073932647705,0.16949866712093353,0.6217906475067139,1.441993236541748,0.6256697177886963,0.16506923735141754,0.5678085088729858,1.360381841659546,0.733869731426239,0.059704966843128204,0.6535813212394714,1.3405150175094604,0.5953782796859741,0.08361014723777771
0.46560606360435486,0.20286159217357635,0.049803417176008224,0.9829511046409607,0.4516400694847107,0.17604337632656097,0.008278013207018375,0.9801768064498901,0.4451143741607666,0.17621064186096191,0.007649858482182026,0.9897408485412598,0.43867987394332886,0.17637239396572113,0.00784616731107235,0.9850242137908936,0.468222439289093,0.1761128157377243,-0.006797044537961483,0.9797974824905396,0.4739990830421448,0.17570985853672028,-0.007545493543148041,0.9926391839981079,0.48018088936805725,0.17440040409564972,-0.007710183970630169,0.9890287518501282,0.4298904836177826,0.19619059562683105,-0.0980229526758194,0.9967483878135681,0.4908137321472168,0.1902397722005844,-0.15561842918395996,0.9928848743438721,0.46108847856521606,0.232901468873024,0.03463144972920418,0.9776899814605713,0.4778164327144623,0.23030094802379608,0.011961718089878559,0.967989981174469,0.37926095724105835,0.36673980951309204,-0.07029056549072266,0.9982030987739563,0.573360025882721,0.31165722012519836,-0.12528318166732788,0.9971300363540649,0.3497007191181183,0.2601741552352905,0.17349746823310852,0.166564479470253,0.6624106764793396,0.2316322773694992,-0.02114623598754406,0.6046478748321533,0.3859826326370239,0.11476798355579376,0.307087242603302,0.46589213609695435,0.6750615835189819,0.04665086418390274,0.11423341184854507,0.6456689238548279,0.3926904797554016,0.07439995557069778,0.32053831219673157,0.6651661992073059,0.6934825778007507,-0.005258153658360243,0.08907962590456009,0.6580258011817932,0.40444833040237427,0.07950162142515182,0.26972025632858276,0.7004907131195068,0.6740413904190063,-0.013947756960988045,0.08126946538686752,0.6731195449829102,0.4012068212032318,0.09914892166852951,0.29476484656333923,0.6445814967155457,0.6647133231163025,0.0073480806313455105,0.11066985130310059,0.5642948150634766,0.47977668046951294,0.9411371946334839,0.008143694140017033,0.9557169079780579,0.5746115446090698,0.9375613927841187,-0.008892955258488655,0.9601049423217773,0.5579365491867065,1.1161166429519653,0.4394887089729309,0.006753656081855297,0.6350712776184082,0.9682275652885437,0.3574310541152954,0.05245001241564751,0.6372785568237305,1.361365795135498,0.6748318672180176,0.023072561249136925,0.6516686677932739,1.3499116897583008,0.5954142808914185,0.0608396902680397,0.6664174795150757,1.4182478189468384,0.6940106153488159,0.16358506679534912,0.6472653150558472,1.4211374521255493,0.6195546388626099,0.1554647535085678,0.6037842631340027,1.3426765203475952,0.6605883836746216,0.05623714625835419,0.6651177406311035,1.321403980255127,0.5854045152664185,0.07759177684783936
0.4592524468898773,0.2039036899805069,0.04819493368268013,0.9841302633285522,0.4460330009460449,0.17666025459766388,0.006393500603735447,0.9815930128097534,0.4394528269767761,0.17706990242004395,0.005798630882054567,0.9903678894042969,0.43301090598106384,0.1775180995464325,0.005989034194499254,0.9860271215438843,0.4631657004356384,0.17637820541858673,-0.0058781737461686134,0.9814204573631287,0.4693659245967865,0.17590658366680145,-0.006636575795710087,0.9931935667991638,0.4759032130241394,0.174528107047081,-0.0067979381419718266,0.9899420142173767,0.42550045251846313,0.19767814874649048,-0.10165683925151825,0.9968878626823425,0.48770132660865784,0.19031955301761627,-0.15554694831371307,0.9934164881706238,0.45428523421287537,0.23641133308410645,0.03147017955780029,0.9792161583900452,0.4713747501373291,0.23269511759281158,0.01192566379904747,0.9704756736755371,0.3707320988178253,0.378526896238327,-0.06894315034151077,0.9982268214225769,0.5723291635513306,0.3163951337337494,-0.12719665467739105,0.997320294380188,0.344069242477417,0.2802080810070038,0.17489838600158691,0.16188935935497284,0.6684771180152893,0.26107171177864075,-0.008627869188785553,0.6125048995018005,0.3861309587955475,0.1336597353219986,0.30391955375671387,0.45949214696884155,0.6778553128242493,0.0907806009054184,0.14597895741462708,0.6721229553222656,0.3916950225830078,0.08988872170448303,0.3165750503540039,0.6596221327781677,0.6951993107795715,0.048944734036922455,0.1251840740442276,0.6834009885787964,0.40435662865638733,0.0942593365907669,0.26661217212677,0.6961697936058044,0.6768231987953186,0.04341943934559822,0.11130273342132568,0.698111355304718,0.40109115839004517,0.11371424794197083,0.29100731015205383,0.6390190720558167,0.6697412729263306,0.0623437762260437,0.1408175677061081,0.5930752754211426,0.4797171950340271,0.9429553747177124,0.009193411096930504,0.9497235417366028,0.5761841535568237,0.9407872557640076,-0.009943964891135693,0.9569061398506165,0.5642129778862,1.1337378025054932,0.4097052216529846,0.006209513638168573,0.6359142065048218,0.972987174987793,0.33166003227233887,0.04759514704346657,0.6354399919509888,1.4078000783920288,0.6383727788925171,0.020948639139533043,0.6509596109390259,1.4380218982696533,0.5547318458557129,0.05510671064257622,0.6620725393295288,1.4657717943191528,0.6572579145431519,0.15019065141677856,0.6468976736068726,1.5158288478851318,0.5766576528549194,0.1418636441230774,0.6028560996055603,1.400646686553955,0.6415516138076782,0.051086120307445526,0.6639647483825684,1.4218833446502686,0.565276563167572,0.07037771493196487
0.452989399433136,0.21144689619541168,0.048209048807621,0.9851875305175781,0.4400448203086853,0.1845964789390564,0.004434559028595686,0.9829022288322449,0.43340548872947693,0.1858276128768921,0.0038632513023912907,0.9909443855285645,0.4268735349178314,0.18716807663440704,0.00405735382810235,0.9869452714920044,0.45731645822525024,0.18184740841388702,-0.004769301973283291,0.9829105138778687,0.4634787440299988,0.18048368394374847,-0.005527708679437637,0.9937034845352173,0.4699947237968445,0.1783064901828766,-0.005689145065844059,0.9907824993133545,0.4205963611602783,0.20857204496860504,-0.11238231509923935,0.9970150589942932,0.48248690366744995,0.1918843388557434,-0.15289545059204102,0.9939185380935669,0.4484580457210541,0.24444003403186798,0.028758307918906212,0.980609118938446,0.46539053320884705,0.24000583589076996,0.012997530400753021,0.9727780818939209,0.3679082691669464,0.3946788012981415,-0.07393740862607956,0.9982097744941711,0.5702254772186279,0.32469576597213745,-0.12686589360237122,0.9974789619445801,0.32786354422569275,0.313278466463089,0.1651860624551773,0.16254863142967224,0.6761325001716614,0.29058948159217834,0.010222984477877617,0.6246953010559082,0.3789827227592468,0.1578909307718277,0.2936461269855499,0.4635264277458191,0.6790043711662292,0.1166616752743721,0.15762169659137726,0.6984884738922119,0.3837706446647644,0.10333482176065445,0.30104175209999084,0.6619211435317993,0.6968299150466919,0.07749409228563309,0.13594220578670502,0.70879727602005,0.3988763093948364,0.10841584950685501,0.25057607889175415,0.6991634368896484,0.6780778765678406,0.06721875071525574,0.1206478625535965,0.7229436039924622,0.39498263597488403,0.1326887309551239,0.27896857261657715,0.640548050403595,0.6710504293441772,0.08793611824512482,0.15201137959957123,0.622934877872467,0.480635404586792,0.9439324140548706,0.0057898350059986115,0.9421888589859009,0.5799877643585205,0.9411647319793701,-0.006532246712595224,0.9527854919433594,0.5626029968261719,1.1253215074539185,0.40470805764198303,0.005779019091278315,0.6367233991622925,0.9726544618606567,0.335901141166687,0.043266959488391876,0.629658579826355,1.3978780508041382,0.6385971307754517,0.019167881458997726,0.6498197913169861,1.4106311798095703,0.560598611831665,0.05001448094844818,0.6554153561592102,1.4573495388031006,0.658056914806366,0.139786496758461,0.6441346406936646,1.4860374927520752,0.5833479762077332,0.1300482451915741,0.5992451906204224,1.3946250677108765,0.6346787214279175,0.04667365550994873,0.6658937335014343,1.3920360803604126,0.5700721740722656,0.06395917385816574
0.4514925479888916,0.2255396693944931,0.03938455134630203,0.9835688471794128,0.43751245737075806,0.19991707801818848,-0.004515521228313446,0.9822446703910828,0.43093857169151306,0.20191584527492523,-0.00507297832518816,0.9895949363708496,0.4243716597557068,0.20392188429832458,-0.004884946625679731,0.9862158298492432,0.45464739203453064,0.19486863911151886,-0.01217484101653099,0.9830564856529236,0.4606308341026306,0.19286109507083893,-0.012900757603347301,0.9933532476425171,0.4668053686618805,0.1900901347398758,-0.013086965307593346,0.9910194873809814,0.41934847831726074,0.22654683887958527,-0.11910007894039154,0.9963922500610352,0.4789426922798157,0.201274111866951,-0.1532958596944809,0.9937339425086975,0.4491878151893616,0.2596992254257202,0.01991775631904602,0.9796850681304932,0.46444645524024963,0.25453245639801025,0.006449646316468716,0.9729795455932617,0.36821460723876953,0.4131627380847931,-0.07842059433460236,0.9979159832000732,0.571233332157135,0.3430304527282715,-0.14044442772865295,0.9974051713943481,0.32452863454818726,0.3277932405471802,0.1452031433582306,0.15232987701892853,0.6851218938827515,0.3331836462020874,-0.010340997017920017,0.5962768197059631,0.3744503855705261,0.19219116866588593,0.2920503616333008,0.4325897693634033,0.6815216541290283,0.1450127214193344,0.12909246981143951,0.7042238712310791,0.37967050075531006,0.14305998384952545,0.2980087399482727,0.6220219731330872,0.700346827507019,0.10158459097146988,0.1058591827750206,0.7180051207542419,0.39001211524009705,0.14878429472446442,0.2504430413246155,0.6594629287719727,0.6800016164779663,0.0960315689444542,0.08963422477245331,0.7332905530929565,0.38720279932022095,0.17518126964569092,0.27816545963287354,0.6005480885505676,0.6729490160942078,0.11856214702129364,0.12213721126317978,0.6308023929595947,0.48092779517173767,0.9468070864677429,0.006124109961092472,0.9322328567504883,0.5813523530960083,0.941506028175354,-0.006851831916719675,0.9463377594947815,0.5618038177490234,1.138405442237854,0.3910948932170868,0.005271899979561567,0.636161208152771,0.9742584824562073,0.33625155687332153,0.039029013365507126,0.6292743682861328,1.40997314453125,0.6438837647438049,0.01734073832631111,0.6481858491897583,1.4018597602844238,0.5772303342819214,0.04510251060128212,0.6554301977157593,1.4656869173049927,0.6659758687019348,0.1271042674779892,0.6433621644973755,1.4749246835708618,0.6036422848701477,0.11761592328548431,0.5985795259475708,1.4115828275680542,0.6450175046920776,0.04217245802283287,0.6640926599502563,1.382855772972107,0.5942742228507996,0.057688239961862564
0.44988304376602173,0.23417577147483826,0.02947554551064968,0.9801809191703796,0.43599367141723633,0.20757900178432465,-0.016387436538934708,0.9800087809562683,0.42949342727661133,0.20971444249153137,-0.016928289085626602,0.9866176843643188,0.42285680770874023,0.21229107677936554,-0.016752971336245537,0.983844518661499,0.452949583530426,0.20185762643814087,-0.02185032144188881,0.9823755621910095,0.45883363485336304,0.19944053888320923,-0.02255384624004364,0.9925475120544434,0.464863121509552,0.19628360867500305,-0.02279919758439064,0.990963339805603,0.41735196113586426,0.23386237025260925,-0.13598421216011047,0.9950464963912964,0.47679105401039124,0.20561407506465912,-0.15816155076026917,0.9933921098709106,0.44836506247520447,0.26919177174568176,0.008152006193995476,0.9772695302963257,0.46289563179016113,0.2633408308029175,-0.0021918993443250656,0.9723384380340576,0.36607709527015686,0.42578405141830444,-0.0948704332113266,0.9974494576454163,0.5737976431846619,0.358903169631958,-0.15497760474681854,0.9973570108413696,0.31650111079216003,0.37628665566444397,0.12368513643741608,0.14210651814937592,0.6884984374046326,0.36101001501083374,-0.01715833880007267,0.567635715007782,0.3652917742729187,0.24565090239048004,0.29184550046920776,0.3998039960861206,0.6872756481170654,0.19064116477966309,0.12036482244729996,0.7172271609306335,0.3689829111099243,0.20505213737487793,0.2978711724281311,0.5794786214828491,0.7020649909973145,0.1405775249004364,0.09760948270559311,0.7338628172874451,0.3781208097934723,0.20628729462623596,0.25141647458076477,0.6166719198226929,0.6807300448417664,0.1395401954650879,0.07887499779462814,0.7494764924049377,0.37602701783180237,0.23129971325397491,0.27803224325180054,0.5586365461349487,0.6747344732284546,0.1643712967634201,0.11244704574346542,0.6482226252555847,0.4814751148223877,0.9488093852996826,0.0036024339497089386,0.921570897102356,0.58400958776474,0.9415343999862671,-0.004308025818318129,0.9408503770828247,0.5608023405075073,1.1556825637817383,0.38334983587265015,0.00481967581436038,0.6360539197921753,0.9766608476638794,0.33572816848754883,0.03520079329609871,0.6339563131332397,1.4319990873336792,0.6374366879463196,0.015705300495028496,0.6489125490188599,1.4009336233139038,0.5887205004692078,0.04066525772213936,0.663355827331543,1.4884604215621948,0.6604739427566528,0.11581943184137344,0.6439251899719238,1.4724876880645752,0.6170868873596191,0.10638702660799026,0.6017715334892273,1.4325205087661743,0.6429488658905029,0.038097403943538666,0.6656847596168518,1.380489468574524,0.611190915107727,0.0520041398704052
0.450104296207428,0.23214466869831085,0.029758114367723465,0.9788867235183716,0.43580198287963867,0.20510558784008026,-0.015597289428114891,0.9792355895042419,0.42890673875808716,0.20676688849925995,-0.01613304391503334,0.9852318167686462,0.42208003997802734,0.2088567465543747,-0.01595913991332054,0.9828168749809265,0.45359688997268677,0.20038680732250214,-0.021845048293471336,0.9826709032058716,0.45961570739746094,0.19811540842056274,-0.02252465859055519,0.9924391508102417,0.46586886048316956,0.19515350461006165,-0.022768530994653702,0.9913122057914734,0.4152624011039734,0.2308027744293213,-0.1371162235736847,0.994326114654541,0.477780818939209,0.20588292181491852,-0.16202926635742188,0.9935187101364136,0.4463382661342621,0.2657974362373352,0.007385700009763241,0.9764440655708313,0.46333765983581543,0.2604217529296875,-0.003897571936249733,0.9730069637298584,0.36170047521591187,0.4343644976615906,-0.10121063143014908,0.996988832950592,0.5746511816978455,0.37319979071617126,-0.16467511653900146,0.9973467588424683,0.3145466148853302,0.4072791635990143,0.11228017508983612,0.13140138983726501,0.6961370706558228,0.39555126428604126,-0.02222321555018425,0.5402155518531799,0.3618496060371399,0.27365660667419434,0.2843472957611084,0.3679508864879608,0.6888289451599121,0.20134417712688446,0.11466492712497711,0.7333020567893982,0.36523059010505676,0.2366838902235031,0.29042720794677734,0.53968745470047,0.703053891658783,0.15270578861236572,0.08974218368530273,0.7522191405296326,0.3743879199028015,0.2363201081752777,0.24608099460601807,0.5767838358879089,0.6812068819999695,0.1531473845243454,0.05714036896824837,0.7675914168357849,0.3731294870376587,0.25839316844940186,0.2709795832633972,0.5201143622398376,0.6753395795822144,0.17409172654151917,0.09933920949697495,0.670151948928833,0.4815642237663269,0.9496692419052124,0.00221838871948421,0.9071890115737915,0.5860868096351624,0.9415066838264465,-0.0029114799108356237,0.9335427284240723,0.5601579546928406,1.168209433555603,0.378092885017395,0.004393472336232662,0.6346575021743774,0.9779317378997803,0.33744803071022034,0.0317336767911911,0.6314712762832642,1.4489067792892456,0.6452299356460571,0.014210333116352558,0.651300847530365,1.3956273794174194,0.6229537725448608,0.03665914013981819,0.6607046723365784,1.5074656009674072,0.6691468358039856,0.10540840774774551,0.6474988460540771,1.467072606086731,0.6536110639572144,0.09624774754047394,0.5963049530982971,1.4428558349609375,0.6476022005081177,0.03440035134553909,0.6677648425102234,1.3704702854156494,0.6445335149765015,0.04687271639704704
0.4496382176876068,0.23682159185409546,0.030067021027207375,0.9747881293296814,0.43541425466537476,0.21160456538200378,-0.013186183758080006,0.9761793613433838,0.42852121591567993,0.2135917842388153,-0.013749663718044758,0.9817299842834473,0.42162537574768066,0.2161571979522705,-0.013570303097367287,0.9796119332313538,0.4530818462371826,0.20622991025447845,-0.020181145519018173,0.9816521406173706,0.45901498198509216,0.20392251014709473,-0.020928923040628433,0.9916461706161499,0.4651455879211426,0.20106294751167297,-0.021142002195119858,0.9911727905273438,0.41373705863952637,0.2380000799894333,-0.13469436764717102,0.9927741289138794,0.47697916626930237,0.2142591029405594,-0.16374191641807556,0.9932927489280701,0.44585657119750977,0.27310431003570557,0.011385337449610233,0.9731565117835999,0.46287107467651367,0.26472094655036926,-0.0014239398296922445,0.9719279408454895,0.35844677686691284,0.44879862666130066,-0.1017526164650917,0.9965023994445801,0.5747107267379761,0.3850938081741333,-0.17387975752353668,0.9973171949386597,0.3149982690811157,0.4319888949394226,0.10901101678609848,0.12083181738853455,0.6972845792770386,0.4391342103481293,-0.040121905505657196,0.5122746825218201,0.35941314697265625,0.29615992307662964,0.28143683075904846,0.33775416016578674,0.6891132593154907,0.24144941568374634,0.09166943281888962,0.7487797141075134,0.35952723026275635,0.25978347659111023,0.28818053007125854,0.501651406288147,0.7057314515113831,0.19850395619869232,0.06689818203449249,0.7698829174041748,0.3702448308467865,0.25601083040237427,0.24589741230010986,0.5381217002868652,0.6830493807792664,0.19471079111099243,0.040283676236867905,0.7848728895187378,0.3712836802005768,0.27898237109184265,0.2689107358455658,0.48299670219421387,0.6761845946311951,0.21424710750579834,0.07954531162977219,0.6914807558059692,0.4816563129425049,0.950201690196991,0.0023271830286830664,0.8960119485855103,0.5871473550796509,0.9414756894111633,-0.0030166672077029943,0.9274334907531738,0.5596174001693726,1.1619393825531006,0.381009966135025,0.004008922725915909,0.6284573674201965,0.973334014415741,0.34890216588974,0.028600620105862617,0.6331809759140015,1.436510682106018,0.6487683057785034,0.012875999324023724,0.6594056487083435,1.341506004333496,0.6541052460670471,0.033043306320905685,0.6628971695899963,1.4942293167114258,0.6734800338745117,0.09625522792339325,0.6576368808746338,1.407806396484375,0.6873012185096741,0.08711525052785873,0.5973637700080872,1.4304540157318115,0.6529667377471924,0.03108157590031624,0.6814138293266296,1.3085895776748657,0.6937664747238159,0.042241599410772324
0.44549766182899475,0.23689532279968262,0.027006452903151512,0.9667815566062927,0.43215808272361755,0.21094650030136108,-0.015580356121063232,0.9699370265007019,0.4258221685886383,0.21318741142749786,-0.016148429363965988,0.9753201007843018,0.41944336891174316,0.2159740924835205,-0.015993544831871986,0.9736298322677612,0.44916653633117676,0.20585836470127106,-0.02557963691651821,0.9786084294319153,0.45520344376564026,0.20408198237419128,-0.026258641853928566,0.9897427558898926,0.4615899920463562,0.20175892114639282,-0.026509393006563187,0.9902517795562744,0.41073504090309143,0.2396952360868454,-0.1335207223892212,0.9903726577758789,0.4739863872528076,0.21822598576545715,-0.1760096251964569,0.9923604130744934,0.44287458062171936,0.27542439103126526,0.00697673112154007,0.9677732586860657,0.45962604880332947,0.26742053031921387,-0.009575367905199528,0.9691015481948853,0.35259321331977844,0.4609762728214264,-0.0995694175362587,0.9960935115814209,0.5737982988357544,0.3956761360168457,-0.1864393651485443,0.997265636920929,0.3185428977012634,0.47754496335983276,0.11138464510440826,0.11090324074029922,0.6988653540611267,0.4765145480632782,-0.08047112822532654,0.4834475517272949,0.35615020990371704,0.3492717742919922,0.27848607301712036,0.3092391788959503,0.6889593601226807,0.27336665987968445,0.018795926123857498,0.7609575986862183,0.3545699417591095,0.317055881023407,0.28616225719451904,0.46419593691825867,0.7050513625144958,0.22512687742710114,-0.00980431493371725,0.784990668296814,0.36224719882011414,0.3084799349308014,0.24562565982341766,0.49951818585395813,0.6814442276954651,0.22876720130443573,-0.025695106014609337,0.7996656894683838,0.36700019240379333,0.32411983609199524,0.2667694687843323,0.4465380609035492,0.6758548617362976,0.251825213432312,0.011051738634705544,0.7090154886245728,0.48295968770980835,0.9487854838371277,0.004984679631888866,0.8855872750282288,0.5870528817176819,0.9389681220054626,-0.00563216395676136,0.9207659363746643,0.5785230398178101,1.1593608856201172,0.3569558262825012,0.0036656700540333986,0.6266076564788818,0.9738101363182068,0.340928316116333,0.02578675001859665,0.6519970893859863,1.440128207206726,0.6013213396072388,0.011661330237984657,0.6575263738632202,1.3334590196609497,0.6327096223831177,0.029788736253976822,0.6780520081520081,1.4978249073028564,0.6246932744979858,0.08772265911102295,0.6543001532554626,1.3987140655517578,0.6624600887298584,0.0788424089550972,0.6239659786224365,1.442136287689209,0.6128939986228943,0.028073694556951523,0.6802540421485901,1.2975833415985107,0.6653326749801636,0.03806692734360695
0.4445560574531555,0.24054132401943207,0.02043735608458519,0.9645212292671204,0.4310177266597748,0.21563038229942322,-0.02165725640952587,0.9681270122528076,0.4246109127998352,0.21801164746284485,-0.022204425185918808,0.9729475378990173,0.41830992698669434,0.22078989446163177,-0.022055964916944504,0.9715529680252075,0.4482347369194031,0.21044795215129852,-0.03207099810242653,0.9782087802886963,0.45430880784988403,0.20900696516036987,-0.03274355083703995,0.9892886877059937,0.460822731256485,0.20712536573410034,-0.03300517797470093,0.9903064370155334,0.4084720015525818,0.24401065707206726,-0.1364382654428482,0.9890658259391785,0.47238889336586,0.22444374859333038,-0.18038365244865417,0.992155909538269,0.4413900375366211,0.28165534138679504,0.0002558282285463065,0.9658280611038208,0.45806020498275757,0.27239498496055603,-0.01643630489706993,0.9689697027206421,0.35146674513816833,0.46424055099487305,-0.1030520647764206,0.995810329914093,0.5730843544006348,0.4143047630786896,-0.18483224511146545,0.9973488450050354,0.31582358479499817,0.5188354849815369,0.10673868656158447,0.10257428884506226,0.7011732459068298,0.5105059742927551,-0.07610152661800385,0.46872738003730774,0.3526929020881653,0.40073126554489136,0.27335619926452637,0.28173989057540894,0.6886041760444641,0.3093245327472687,0.023574670776724815,0.7716582417488098,0.3538331985473633,0.36366260051727295,0.2800869941711426,0.42583799362182617,0.705305814743042,0.2661161422729492,-0.004412004258483648,0.7971852421760559,0.3606387674808502,0.3543946146965027,0.24084845185279846,0.4591900408267975,0.6828271150588989,0.26068350672721863,-0.012434955686330795,0.8117445111274719,0.36638063192367554,0.36389920115470886,0.26186418533325195,0.4094659686088562,0.6757039427757263,0.2820778787136078,0.019750963896512985,0.7226914167404175,0.48296141624450684,0.9482462406158447,0.004863436799496412,0.8816521167755127,0.5868242979049683,0.9364510178565979,-0.0055193351581692696,0.9199376106262207,0.5801535248756409,1.169104814529419,0.3297973871231079,0.003393706399947405,0.6244897246360779,1.0592944622039795,0.3343384265899658,0.023273738101124763,0.6546431183815002,1.4631410837173462,0.568466305732727,0.010574564337730408,0.6581037044525146,1.3407286405563354,0.6239233613014221,0.026869159191846848,0.6801494359970093,1.5213292837142944,0.5917574763298035,0.08010461926460266,0.654988169670105,1.406945824623108,0.6530784964561462,0.0714503675699234,0.6284559965133667,1.4695606231689453,0.5934776067733765,0.025351176038384438,0.6813777089118958,1.3032755851745605,0.6649536490440369,0.03430747613310814
0.44534391164779663,0.24651643633842468,-0.03451859578490257,0.9666603803634644,0.43189606070518494,0.2215844839811325,-0.07023533433675766,0.9697186350822449,0.42557692527770996,0.22359541058540344,-0.07077844440937042,0.9743362069129944,0.41930675506591797,0.22586575150489807,-0.07063623517751694,0.9729991555213928,0.4486585557460785,0.2167125642299652,-0.08654924482107162,0.9795064926147461,0.4544540345668793,0.2152823507785797,-0.08716791868209839,0.989900529384613,0.4605496823787689,0.21318787336349487,-0.08738167583942413,0.9909108877182007,0.4096263349056244,0.24875114858150482,-0.15665195882320404,0.9896164536476135,0.46975603699684143,0.22967267036437988,-0.22643157839775085,0.9925711154937744,0.44232481718063354,0.28847333788871765,-0.044828347861766815,0.9678467512130737,0.45665591955184937,0.28028008341789246,-0.06899763643741608,0.9710487723350525,0.34929028153419495,0.4658331573009491,-0.1084793359041214,0.9960532784461975,0.5715130567550659,0.42402780055999756,-0.2095448225736618,0.9974878430366516,0.33249953389167786,0.5994441509246826,0.08552674949169159,0.09614485502243042,0.6992002725601196,0.541683554649353,-0.140093594789505,0.4368995130062103,0.3527985215187073,0.4465961754322052,0.21525612473487854,0.26219549775123596,0.6839095950126648,0.3386249840259552,-0.06483489274978638,0.7795203924179077,0.35142213106155396,0.4140757620334625,0.22057124972343445,0.40482428669929504,0.6652191281318665,0.3133018910884857,-0.09605834633111954,0.8093987703323364,0.35973066091537476,0.3984759449958801,0.18664470314979553,0.43873345851898193,0.6557487845420837,0.30485641956329346,-0.10340163856744766,0.8234769105911255,0.3645568788051605,0.4141097664833069,0.20616574585437775,0.3883028030395508,0.6536573767662048,0.32192325592041016,-0.0701824352145195,0.737900972366333,0.48608508706092834,0.9454615116119385,0.015949033200740814,0.8777360916137695,0.5695220232009888,0.9416634440422058,-0.016538871452212334,0.9163894057273865,0.5943758487701416,1.2595242261886597,0.24811145663261414,0.003189855720847845,0.6014710664749146,1.2081878185272217,0.24421310424804688,0.021046232432127,0.6616138219833374,1.5850341320037842,0.44329753518104553,0.00959236454218626,0.6163250803947449,1.5674299001693726,0.4843800663948059,0.024292733520269394,0.6840928792953491,1.6453872919082642,0.46002569794654846,0.07280389219522476,0.6123620271682739,1.6517937183380127,0.5082354545593262,0.0648050308227539,0.6346070766448975,1.6133190393447876,0.4450301229953766,0.022927112877368927,0.6241055727005005,1.5542995929718018,0.5008012652397156,0.03096947818994522
0.4463050365447998,0.25066524744033813,-0.04934738203883171,0.9698655605316162,0.4326975345611572,0.22454383969306946,-0.08319591730833054,0.9725636839866638,0.426395982503891,0.2263258546590805,-0.08370097726583481,0.9767640829086304,0.42009249329566956,0.22839675843715668,-0.08354870975017548,0.9755460023880005,0.44936123490333557,0.22050847113132477,-0.0995931476354599,0.9814555048942566,0.4550701081752777,0.21926797926425934,-0.10014168918132782,0.9908595681190491,0.46104946732521057,0.21711565554141998,-0.10029114782810211,0.9917685389518738,0.410544216632843,0.25143343210220337,-0.1568717360496521,0.9906086325645447,0.469644159078598,0.23358654975891113,-0.22862663865089417,0.9932644367218018,0.443175733089447,0.2941347062587738,-0.05530986934900284,0.9709466099739075,0.45705270767211914,0.28509923815727234,-0.08013106137514114,0.9738438725471497,0.34686508774757385,0.4782080352306366,-0.1137450709939003,0.9964092969894409,0.5708326101303101,0.43459010124206543,-0.19594046473503113,0.9976574778556824,0.3456416130065918,0.6180499792098999,0.05071278661489487,0.1075231060385704,0.6858731508255005,0.5576180815696716,-0.15635016560554504,0.4035745859146118,0.35340720415115356,0.4911203980445862,0.1514805257320404,0.26432740688323975,0.5279597640037537,0.4443890154361725,-0.11660332977771759,0.7447959184646606,0.3489941358566284,0.4514573812484741,0.15188667178153992,0.41344624757766724,0.48846864700317383,0.3953743278980255,-0.14263916015625,0.7926591634750366,0.35465747117996216,0.43692338466644287,0.13109153509140015,0.44980964064598083,0.4783947467803955,0.4029057025909424,-0.15804144740104675,0.8088735342025757,0.36332201957702637,0.4574161171913147,0.14771422743797302,0.3944631516933441,0.4905262589454651,0.426739364862442,-0.12613485753536224,0.7247043251991272,0.4933870732784271,0.9457637071609497,0.01774700917303562,0.8710134029388428,0.5659176707267761,0.9531397223472595,-0.018361739814281464,0.9057338833808899,0.6071538925170898,1.29935884475708,0.20365603268146515,0.0031756069511175156,0.5991941690444946,1.248907208442688,0.22709915041923523,0.019111227244138718,0.6654483079910278,1.6292649507522583,0.39313220977783203,0.0088196424767375,0.615115225315094,1.6278260946273804,0.47062698006629944,0.02211744152009487,0.6871315240859985,1.6909801959991455,0.4085264205932617,0.06683510541915894,0.6122603416442871,1.7173407077789307,0.494030237197876,0.05925676226615906,0.6325820088386536,1.658721923828125,0.3718388080596924,0.02098250761628151,0.618838906288147,1.616363525390625,0.4716574251651764,0.02812787890434265
0.44604596495628357,0.24898071587085724,-0.10098826885223389,0.9728441834449768,0.4312461018562317,0.2228984385728836,-0.136018306016922,0.9752491116523743,0.42512473464012146,0.22462855279445648,-0.1365119218826294,0.9790475368499756,0.418803870677948,0.22670739889144897,-0.13634321093559265,0.9779454469680786,0.447582483291626,0.21976535022258759,-0.15006020665168762,0.9832764267921448,0.45344990491867065,0.21894074976444244,-0.15058407187461853,0.9917571544647217,0.4597190022468567,0.2168535590171814,-0.15068957209587097,0.9925732016563416,0.40824398398399353,0.25139668583869934,-0.20357604324817657,0.99153733253479,0.46827593445777893,0.2337290197610855,-0.2671085596084595,0.9939227104187012,0.44352278113365173,0.2933795154094696,-0.1053478866815567,0.9738284349441528,0.45542556047439575,0.2835681736469269,-0.12746456265449524,0.9764362573623657,0.34424033761024475,0.48642870783805847,-0.15495960414409637,0.9967555403709412,0.5702077150344849,0.4397966265678406,-0.1987609714269638,0.9978558421134949,0.4234180450439453,0.6863287687301636,-0.014321411028504372,0.12883993983268738,0.5617136359214783,0.6216283440589905,-0.1788315623998642,0.36712250113487244,0.35730165243148804,0.5379970073699951,0.07531093060970306,0.2898082435131073,0.4027109742164612,0.5098155736923218,-0.1698201596736908,0.7215333580970764,0.347714364528656,0.47725316882133484,0.07130725681781769,0.44526389241218567,0.3859228491783142,0.4556501507759094,-0.19891759753227234,0.790578305721283,0.3527189791202545,0.4594343900680542,0.05632290989160538,0.4825563430786133,0.3788573443889618,0.47049710154533386,-0.21246421337127686,0.8079112768173218,0.36343178153038025,0.48089170455932617,0.07410706579685211,0.42423874139785767,0.39129942655563354,0.4876430034637451,-0.1801130473613739,0.728148341178894,0.501941442489624,0.9619148373603821,0.020939340814948082,0.8674220442771912,0.5526583790779114,0.9611140489578247,-0.021479953080415726,0.897639274597168,0.6103571653366089,1.3156204223632812,0.1962505280971527,0.003184329252690077,0.5846694707870483,1.2603497505187988,0.21952995657920837,0.017467889934778214,0.6604329943656921,1.6413609981536865,0.4151232838630676,0.008152120746672153,0.5995718240737915,1.6525229215621948,0.47840404510498047,0.020410357043147087,0.6854888796806335,1.702748417854309,0.4330560564994812,0.06133536621928215,0.5970670580863953,1.746863842010498,0.5035284757614136,0.05476481840014458,0.6323627233505249,1.672582983970642,0.38624343276023865,0.01942715048789978,0.6034634113311768,1.637574315071106,0.4697738289833069,0.02590877003967762
0.4462927281856537,0.25431081652641296,-0.06593620032072067,0.9742358326911926,0.4314054846763611,0.22829055786132812,-0.104983851313591,0.9758616089820862,0.42528027296066284,0.22976453602313995,-0.1055019348859787,0.9798155426979065,0.41917937994003296,0.23136480152606964,-0.10536545515060425,0.9784514307975769,0.4477553963661194,0.22564436495304108,-0.11917289346456528,0.9839805960655212,0.45380735397338867,0.2247549444437027,-0.1197739690542221,0.9921554923057556,0.4602500796318054,0.22269466519355774,-0.1199682354927063,0.9929296374320984,0.40863338112831116,0.2557315230369568,-0.19498354196548462,0.9918637871742249,0.4684875011444092,0.23911067843437195,-0.2580947279930115,0.9942499995231628,0.4439707398414612,0.29919877648353577,-0.07751137763261795,0.975193440914154,0.4560505747795105,0.28894785046577454,-0.09915675222873688,0.9779526591300964,0.34423747658729553,0.48575130105018616,-0.14463132619857788,0.99695885181427,0.5687960386276245,0.4474274814128876,-0.22201120853424072,0.9979971051216125,0.3465708792209625,0.6913499236106873,0.02986481785774231,0.12075070291757584,0.6506432294845581,0.6271123886108398,-0.1712147444486618,0.34185975790023804,0.3537915050983429,0.5303043127059937,0.15018482506275177,0.27232471108436584,0.64549720287323,0.4321818947792053,-0.124488964676857,0.7399005889892578,0.3469502627849579,0.489462673664093,0.15232400596141815,0.4326178729534149,0.659333348274231,0.387574166059494,-0.15802326798439026,0.8076708316802979,0.3551236689090729,0.48434025049209595,0.12281537055969238,0.4710959196090698,0.6386395692825317,0.3825860321521759,-0.16080789268016815,0.8237774968147278,0.3626498579978943,0.49546563625335693,0.1431426852941513,0.410454124212265,0.6324819922447205,0.4023762047290802,-0.12829604744911194,0.7492380738258362,0.49492788314819336,0.9605534672737122,0.02114327810704708,0.8541425466537476,0.5562833547592163,0.9631494879722595,-0.021690167486667633,0.8879667520523071,0.6055949926376343,1.3180538415908813,0.20894965529441833,0.0030319138895720243,0.5842186212539673,1.2610571384429932,0.20545995235443115,0.015820343047380447,0.6600712537765503,1.6662205457687378,0.38576871156692505,0.007434566970914602,0.5959365963935852,1.6595208644866943,0.4445357918739319,0.018483314663171768,0.6841363906860352,1.730485200881958,0.40083765983581543,0.05597689747810364,0.5922926664352417,1.7510536909103394,0.4689234793186188,0.049783021211624146,0.6255672574043274,1.6981836557388306,0.3877243995666504,0.017611777409911156,0.6025591492652893,1.647445797920227,0.46442389488220215,0.023401951417326927
0.44667601585388184,0.25340157747268677,-0.057562001049518585,0.9717037677764893,0.4319690763950348,0.22745859622955322,-0.09928031265735626,0.9716753363609314,0.4258243441581726,0.22879409790039062,-0.09981676191091537,0.9770793318748474,0.4195992946624756,0.2302432656288147,-0.09970635920763016,0.974933385848999,0.4482625126838684,0.22512607276439667,-0.11280164867639542,0.9818214774131775,0.4542500078678131,0.22424766421318054,-0.11342577636241913,0.9912078380584717,0.4606930613517761,0.22215662896633148,-0.11366021633148193,0.9921491742134094,0.40720829367637634,0.2547833323478699,-0.2015388458967209,0.9908257126808167,0.4685887396335602,0.23895901441574097,-0.26066213846206665,0.9936923980712891,0.4442927837371826,0.29850494861602783,-0.07296974956989288,0.973900556564331,0.45644521713256836,0.28811028599739075,-0.09364694356918335,0.9776180386543274,0.34164050221443176,0.4890226721763611,-0.1510719656944275,0.9970924258232117,0.5684853792190552,0.45275387167930603,-0.2363359034061432,0.9980948567390442,0.32119283080101013,0.7157699465751648,0.025372033938765526,0.11229406297206879,0.6792659759521484,0.6501827836036682,-0.18638935685157776,0.3181086778640747,0.3524944484233856,0.5476465821266174,0.15069767832756042,0.25188976526260376,0.6859451532363892,0.4290245771408081,-0.14744749665260315,0.746484637260437,0.34709444642066956,0.5091676712036133,0.15092667937278748,0.4089944064617157,0.6978895664215088,0.38545507192611694,-0.18656760454177856,0.817912757396698,0.3565305471420288,0.49723196029663086,0.1163632720708847,0.44702014327049255,0.6775628924369812,0.3781943917274475,-0.18640807271003723,0.8335418701171875,0.3631870746612549,0.5188531875610352,0.14134162664413452,0.3862415552139282,0.6708294153213501,0.3980754315853119,-0.15021240711212158,0.759951114654541,0.485280841588974,0.9488711953163147,0.021846331655979156,0.8477360606193542,0.5574665069580078,0.9401102066040039,-0.02237839438021183,0.8838358521461487,0.5916396975517273,1.2976248264312744,0.23765809834003448,0.0028617072384804487,0.5883809328079224,1.2357996702194214,0.21308143436908722,0.014328432269394398,0.6590690016746521,1.6432178020477295,0.4256320595741272,0.006785004865378141,0.6027704477310181,1.624252438545227,0.45444241166114807,0.016741709783673286,0.6832877993583679,1.7104860544204712,0.4414392113685608,0.051098812371492386,0.5990261435508728,1.7141050100326538,0.4788380563259125,0.045250605791807175,0.6236058473587036,1.658748745918274,0.42515477538108826,0.015953296795487404,0.6124433279037476,1.5996171236038208,0.46985095739364624,0.021129585802555084
0.44712620973587036,0.257543683052063,-0.05208661034703255,0.9652032852172852,0.43217405676841736,0.23188863694667816,-0.09554757177829742,0.9630454182624817,0.42596665024757385,0.2330247014760971,-0.09609321504831314,0.9709401726722717,0.4198743402957916,0.23410233855247498,-0.09599418938159943,0.9680253267288208,0.4487258791923523,0.23011915385723114,-0.10830016434192657,0.976540744304657,0.4544892907142639,0.22941504418849945,-0.1089143306016922,0.9885721802711487,0.4609014391899109,0.22761544585227966,-0.10915714502334595,0.9899724125862122,0.40750184655189514,0.2586115300655365,-0.20598511397838593,0.9886307120323181,0.4681975245475769,0.24487389624118805,-0.2609402537345886,0.9919580817222595,0.4445284307003021,0.3025341331958771,-0.06995759904384613,0.9701961874961853,0.45676642656326294,0.2925723195075989,-0.08961416780948639,0.9752596616744995,0.34030383825302124,0.4953662157058716,-0.16277705132961273,0.9971945881843567,0.5683156251907349,0.4586798846721649,-0.23602505028247833,0.9981259107589722,0.31378310918807983,0.7383455634117126,0.010125327855348587,0.10362526029348373,0.6845601201057434,0.6790558695793152,-0.1874990165233612,0.29222699999809265,0.3516315221786499,0.5693454146385193,0.14403212070465088,0.23070809245109558,0.6924771070480347,0.4576563239097595,-0.1429896056652069,0.7290672659873962,0.34626203775405884,0.5281974673271179,0.14386530220508575,0.38009944558143616,0.7046040296554565,0.4188017249107361,-0.18105390667915344,0.8125606775283813,0.3568131923675537,0.5178056359291077,0.11134934425354004,0.4163109064102173,0.6844804883003235,0.4031616747379303,-0.17990556359291077,0.8290748000144958,0.3634134829044342,0.5405378937721252,0.13572175800800323,0.3575984835624695,0.6751686930656433,0.42150595784187317,-0.14534492790699005,0.7502559423446655,0.4744378626346588,0.9446591734886169,0.021437425166368484,0.843278706073761,0.5577879548072815,0.9358189105987549,-0.02197822742164135,0.8806547522544861,0.5675293207168579,1.2831358909606934,0.25434410572052,0.002686124062165618,0.5893549919128418,1.2195162773132324,0.22787721455097198,0.012961342930793762,0.6405196785926819,1.6185853481292725,0.4567672312259674,0.006191176827996969,0.6059302091598511,1.6051610708236694,0.4694962501525879,0.015164684504270554,0.6643677353858948,1.6847200393676758,0.4742065966129303,0.04663710668683052,0.6023047566413879,1.6942189931869507,0.4938044548034668,0.04114574193954468,0.6084059476852417,1.6299307346343994,0.4484843611717224,0.014444828033447266,0.6168502569198608,1.578997254371643,0.4857276976108551,0.019077422097325325
0.44739022850990295,0.2569645941257477,-0.06846512854099274,0.94273841381073,0.4322884976863861,0.23121300339698792,-0.11499069631099701,0.9371905326843262,0.42574864625930786,0.23235401511192322,-0.11557513475418091,0.9510630965232849,0.4191024899482727,0.233468160033226,-0.115500308573246,0.9473188519477844,0.44916215538978577,0.2296978235244751,-0.1259644329547882,0.9586020708084106,0.454812616109848,0.22895662486553192,-0.12657161056995392,0.9787402153015137,0.461141437292099,0.22700846195220947,-0.12685993313789368,0.9820737242698669,0.40524807572364807,0.25840023159980774,-0.23417825996875763,0.9811557531356812,0.46833643317222595,0.24484100937843323,-0.2808629274368286,0.9857616424560547,0.4445590376853943,0.30127355456352234,-0.08977915346622467,0.9594161510467529,0.4570046067237854,0.2918914258480072,-0.10697271674871445,0.9672489166259766,0.33935675024986267,0.49977603554725647,-0.19308730959892273,0.9972288012504578,0.568315863609314,0.4615831673145294,-0.2529655694961548,0.9980827569961548,0.3084789514541626,0.7467852234840393,-0.01212887279689312,0.09519017487764359,0.6853089332580566,0.6949239373207092,-0.19589963555335999,0.2676745653152466,0.35068586468696594,0.5620952248573303,0.13180910050868988,0.21044430136680603,0.6853002309799194,0.4721228778362274,-0.1480514109134674,0.6986958980560303,0.345145046710968,0.5260308384895325,0.13014790415763855,0.3509186804294586,0.704156756401062,0.4325765073299408,-0.18742364645004272,0.7955820560455322,0.3568815588951111,0.5169175267219543,0.09534374624490738,0.3850426971912384,0.6837530136108398,0.41540178656578064,-0.18790903687477112,0.8137890100479126,0.36386245489120483,0.5358346104621887,0.12265553325414658,0.3292258381843567,0.6708970665931702,0.4345576763153076,-0.15121784806251526,0.7281009554862976,0.4681738317012787,0.9383271932601929,0.0212857648730278,0.8451034426689148,0.5605980753898621,0.928469181060791,-0.02185000479221344,0.8826978802680969,0.5407816767692566,1.234778642654419,0.30702096223831177,0.0025041690096259117,0.5921412706375122,1.2134926319122314,0.2520979046821594,0.011742007918655872,0.6065837144851685,1.5484727621078491,0.5548332929611206,0.0056655206717550755,0.620850682258606,1.5304906368255615,0.527608335018158,0.0137671222910285,0.6292612552642822,1.6165205240249634,0.5779872536659241,0.042684156447649,0.6187788248062134,1.614286184310913,0.5568262338638306,0.03759817034006119,0.5748394727706909,1.5345538854599,0.5764170289039612,0.013084502890706062,0.635824978351593,1.4843608140945435,0.558885931968689,0.017234522849321365
0.44695544242858887,0.25668448209762573,-0.06645926833152771,0.9410277605056763,0.4310256838798523,0.23101520538330078,-0.11588799953460693,0.9364160895347595,0.4239896237850189,0.2320859134197235,-0.11649014800786972,0.9511190056800842,0.41697660088539124,0.23312653601169586,-0.11639009416103363,0.947101891040802,0.4493037760257721,0.2292323261499405,-0.12445807456970215,0.9585346579551697,0.455157995223999,0.228190615773201,-0.125058114528656,0.9789356589317322,0.4614148736000061,0.2260029911994934,-0.12532755732536316,0.9822297096252441,0.4027015268802643,0.25801658630371094,-0.24773836135864258,0.9814879298210144,0.4683946967124939,0.2443346083164215,-0.2821933627128601,0.9860631823539734,0.4433598518371582,0.3009446859359741,-0.0914846882224083,0.9606868028640747,0.4571359157562256,0.2916375994682312,-0.10553518682718277,0.9685235619544983,0.3389509618282318,0.5031312108039856,-0.2188044786453247,0.9973759651184082,0.5678456425666809,0.4629315137863159,-0.2578243315219879,0.9981704354286194,0.3037894368171692,0.7476953864097595,-0.03396269306540489,0.09134781360626221,0.6845325231552124,0.6992448568344116,-0.1818661391735077,0.2556961178779602,0.3488474488258362,0.5628944635391235,0.10966113954782486,0.19766055047512054,0.6915064454078674,0.49147889018058777,-0.12668830156326294,0.6954318881034851,0.34265753626823425,0.526357889175415,0.10333476215600967,0.3391333222389221,0.7069270014762878,0.4515687823295593,-0.16579335927963257,0.799393892288208,0.35517844557762146,0.5170759558677673,0.06847506016492844,0.3728958070278168,0.6841740608215332,0.43221232295036316,-0.16997012495994568,0.8178874254226685,0.3614744544029236,0.537179708480835,0.10030984878540039,0.31512078642845154,0.6729460954666138,0.4466959238052368,-0.13086801767349243,0.7304781675338745,0.46425896883010864,0.9348106980323792,0.014247240498661995,0.8549605011940002,0.563430905342102,0.925320029258728,-0.014707197435200214,0.8908789157867432,0.5155971646308899,1.138663411140442,0.38517433404922485,0.0025186981074512005,0.6145077347755432,1.1176201105117798,0.3304848372936249,0.010820810683071613,0.5544776916503906,1.3870186805725098,0.7110985517501831,0.0054952832870185375,0.6587549448013306,1.3576617240905762,0.6828210353851318,0.012833335436880589,0.5748053789138794,1.447500228881836,0.7448636293411255,0.04172390326857567,0.6577572226524353,1.4266173839569092,0.7230486273765564,0.03651760146021843,0.5166286826133728,1.3501081466674805,0.7717795968055725,0.01197325624525547,0.6827170252799988,1.2926852703094482,0.7543073892593384,0.01566230319440365
0.44703587889671326,0.2559750974178314,-0.06986291706562042,0.9338627457618713,0.4312325417995453,0.2303004413843155,-0.11874483525753021,0.9281587600708008,0.4240514636039734,0.231423482298851,-0.1193515807390213,0.9461784958839417,0.41684699058532715,0.2325619012117386,-0.11927331984043121,0.9414578080177307,0.44945740699768066,0.22857451438903809,-0.12713071703910828,0.953464925289154,0.45555439591407776,0.22770707309246063,-0.12771257758140564,0.9766317009925842,0.46178340911865234,0.2257041484117508,-0.12799018621444702,0.9802145957946777,0.40222740173339844,0.2573454976081848,-0.24902372062206268,0.9800726771354675,0.46853119134902954,0.24354735016822815,-0.28383389115333557,0.9848260879516602,0.443464457988739,0.3001991808414459,-0.09550483524799347,0.9593997001647949,0.4581039547920227,0.2909979820251465,-0.10909292846918106,0.9677646160125732,0.33931615948677063,0.5060674548149109,-0.21904686093330383,0.9975116848945618,0.5674518346786499,0.4652447998523712,-0.25827285647392273,0.998203456401825,0.3016701936721802,0.7527616620063782,-0.03936273604631424,0.08667013049125671,0.6840407252311707,0.706700325012207,-0.1836986392736435,0.23731999099254608,0.34772568941116333,0.5701006650924683,0.09806903451681137,0.18604129552841187,0.6930283308029175,0.4944765865802765,-0.13536465167999268,0.6827892065048218,0.3417276442050934,0.5290101766586304,0.09065666049718857,0.3292466700077057,0.7088779211044312,0.4522404074668884,-0.17717604339122772,0.797041118144989,0.35426896810531616,0.5188920497894287,0.05522814393043518,0.3629346191883087,0.683093786239624,0.43323636054992676,-0.1801130324602127,0.8163720965385437,0.36028069257736206,0.5390010476112366,0.08828022330999374,0.30346179008483887,0.6718527674674988,0.4485418200492859,-0.13947483897209167,0.7266186475753784,0.4615372121334076,0.9347214698791504,0.013001278042793274,0.8600965142250061,0.5640614032745361,0.9258210062980652,-0.013440062291920185,0.8949304819107056,0.5086719393730164,1.169707179069519,0.356821745634079,0.0024506442714482546,0.6127201318740845,1.1262848377227783,0.3170742392539978,0.009855639189481735,0.5505664348602295,1.4482345581054688,0.6436322331428528,0.0051611620001494884,0.6548020243644714,1.4234226942062378,0.6469012498855591,0.011731755919754505,0.5720123648643494,1.5103933811187744,0.6720963716506958,0.03909178078174591,0.6527379751205444,1.499229907989502,0.6832085847854614,0.03385641798377037,0.5089863538742065,1.4288557767868042,0.683331310749054,0.010913621634244919,0.6777290105819702,1.3735785484313965,0.7010113000869751,0.014177159406244755
0.44642606377601624,0.2559029757976532,-0.06923140585422516,0.9375039339065552,0.43008238077163696,0.22963373363018036,-0.1184849739074707,0.9317044615745544,0.4225885272026062,0.23069161176681519,-0.11906467378139496,0.9491603970527649,0.4151919484138489,0.23174899816513062,-0.11899570375680923,0.944400429725647,0.44951263070106506,0.22777192294597626,-0.12604589760303497,0.9560257196426392,0.45577263832092285,0.22676032781600952,-0.12663619220256805,0.9780111908912659,0.46196073293685913,0.22470222413539886,-0.1269061267375946,0.9813500046730042,0.4007382392883301,0.25692203640937805,-0.2516777515411377,0.9812692403793335,0.46865034103393555,0.24324046075344086,-0.2826709449291229,0.985795795917511,0.44239258766174316,0.29962509870529175,-0.09623199701309204,0.9620451927185059,0.4581582546234131,0.29089266061782837,-0.10871586948633194,0.9699934124946594,0.3393351435661316,0.5079695582389832,-0.21747271716594696,0.9976889491081238,0.5673380494117737,0.46652233600616455,-0.2557755708694458,0.9983208775520325,0.30235913395881653,0.7581570148468018,-0.03994227573275566,0.0845552533864975,0.6839581727981567,0.7109447717666626,-0.18725785613059998,0.22250443696975708,0.3464970290660858,0.5698524713516235,0.1018809825181961,0.17937758564949036,0.69093257188797,0.49735894799232483,-0.1451776921749115,0.6890641450881958,0.34104254841804504,0.5295058488845825,0.09735167771577835,0.3290848433971405,0.7100539803504944,0.4593788981437683,-0.18697457015514374,0.8055365681648254,0.3535059690475464,0.5189980268478394,0.06222834065556526,0.3633102476596832,0.6842823028564453,0.43584293127059937,-0.1870477944612503,0.8243809938430786,0.35868504643440247,0.5377762317657471,0.09256978332996368,0.3011070489883423,0.6719416975975037,0.45119062066078186,-0.14830709993839264,0.7369411587715149,0.4607061743736267,0.9347842931747437,0.012680414132773876,0.8644238114356995,0.5671666264533997,0.9251202940940857,-0.013119387440383434,0.8987146019935608,0.5127097368240356,1.2077698707580566,0.35430747270584106,0.0025579934008419514,0.6092860102653503,1.176858901977539,0.2875845730304718,0.00908360444009304,0.5671446919441223,1.508284330368042,0.6218224167823792,0.004917881917208433,0.6361666917800903,1.5133049488067627,0.6311968564987183,0.010798555798828602,0.5900705456733704,1.5749861001968384,0.6459153890609741,0.036878909915685654,0.632757306098938,1.5970985889434814,0.6579412817955017,0.031544849276542664,0.5292209386825562,1.4954192638397217,0.6281046867370605,0.010048363357782364,0.6495143175125122,1.4752137660980225,0.6455138921737671,0.012891530059278011
