x1,y1,z1,v1,x2,y2,z2,v2,x3,y3,z3,v3,x4,y4,z4,v4,x5,y5,z5,v5,x6,y6,z6,v6,x7,y7,z7,v7,x8,y8,z8,v8,x9,y9,z9,v9,x10,y10,z10,v10,x11,y11,z11,v11,x12,y12,z12,v12,x13,y13,z13,v13,x14,y14,z14,v14,x15,y15,z15,v15,x16,y16,z16,v16,x17,y17,z17,v17,x18,y18,z18,v18,x19,y19,z19,v19,x20,y20,z20,v20,x21,y21,z21,v21,x22,y22,z22,v22,x23,y23,z23,v23,x24,y24,z24,v24,x25,y25,z25,v25,x26,y26,z26,v26,x27,y27,z27,v27,x28,y28,z28,v28,x29,y29,z29,v29,x30,y30,z30,v30,x31,y31,z31,v31,x32,y32,z32,v32,x33,y33,z33,v33
0.497421532869339,0.184969961643219,-0.06491343677043915,0.9999853372573853,0.5014500617980957,0.16667932271957397,-0.06072986498475075,0.999966561794281,0.5040097236633301,0.16534319519996643,-0.060918983072042465,0.9999623894691467,0.5069153308868408,0.16435441374778748,-0.06086330860853195,0.9999706745147705,0.4967453181743622,0.16829058527946472,-0.04304388910531998,0.9999748468399048,0.49541276693344116,0.16763010621070862,-0.0432828888297081,0.9999767541885376,0.4939856231212616,0.16680815815925598,-0.04335341602563858,0.9999790787696838,0.5221563577651978,0.16451936960220337,-0.016088256612420082,0.9999681115150452,0.5024778246879578,0.1676802933216095,0.06622985005378723,0.9999250769615173,0.5051873922348022,0.19912678003311157,-0.04498090222477913,0.9999669194221497,0.49810361862182617,0.20216944813728333,-0.023014474660158157,0.9999415278434753,0.5571485161781311,0.25508952140808105,-0.03606646880507469,0.9999919533729553,0.48295387625694275,0.2613420784473419,0.16115401685237885,0.9999189972877502,0.5732370615005493,0.3835928738117218,-0.15397964417934418,0.94798344373703,0.45878204703330994,0.37473535537719727,0.15366022288799286,0.29406410455703735,0.528072714805603,0.368287593126297,-0.3220536410808563,0.921763002872467,0.40618830919265747,0.3680749237537384,-0.011499417945742607,0.2940741181373596,0.5135485529899597,0.36621204018592834,-0.366169273853302,0.8988258242607117,0.38976094126701355,0.3659076988697052,-0.037879347801208496,0.29796719551086426,0.5123216509819031,0.34625768661499023,-0.36523038148880005,0.9093165397644043,0.39129066467285156,0.34771081805229187,-0.06432738155126572,0.3029412627220154,0.5138329863548279,0.34937748312950134,-0.3235788941383362,0.8852964639663696,0.39779871702194214,0.34971100091934204,-0.02820987068116665,0.29464811086654663,0.5290878415107727,0.4934863746166229,-0.0629253014922142,0.9998801946640015,0.48748600482940674,0.4854830205440521,0.06277120858430862,0.9998117685317993,0.483187198638916,0.6124979257583618,-0.20724494755268097,0.7939537763595581,0.4477017819881439,0.575126588344574,-0.11497481912374496,0.6460959911346436,0.42298179864883423,0.7719975709915161,-0.2171000987291336,0.5981844663619995,0.42627933621406555,0.7725811004638672,-0.08544157445430756,0.4835136830806732,0.4426354765892029,0.8286796808242798,-0.22390055656433105,0.5378797054290771,0.4313616454601288,0.8065584301948547,-0.08619361370801926,0.4961239993572235,0.3957412838935852,0.8297381401062012,-0.3361298441886902,0.6447274088859558,0.3952386975288391,0.814522385597229,-0.1709311604499817,0.5026383399963379
0.49730396270751953,0.18476668000221252,-0.0883471816778183,0.9999867677688599,0.5014475584030151,0.16657941043376923,-0.08259142935276031,0.9999698400497437,0.5040801763534546,0.1652294546365738,-0.08273525536060333,0.999966025352478,0.5070482492446899,0.16419023275375366,-0.08265256881713867,0.9999735355377197,0.4967246949672699,0.16810965538024902,-0.06365901976823807,0.9999772906303406,0.4954446852207184,0.16754469275474548,-0.06388352811336517,0.9999790191650391,0.4941612184047699,0.1667657047510147,-0.06393298506736755,0.9999811053276062,0.5219812989234924,0.16450008749961853,-0.02486172318458557,0.9999712109565735,0.5024681687355042,0.1675371676683426,0.06198640167713165,0.9999322891235352,0.5050418376922607,0.1983535885810852,-0.06292298436164856,0.9999701380729675,0.4981025159358978,0.20117980241775513,-0.039567068219184875,0.9999471306800842,0.5557352304458618,0.2548469007015228,-0.0432133749127388,0.9999924898147583,0.48331817984580994,0.2613462209701538,0.17576661705970764,0.9999251365661621,0.5733562111854553,0.3806074559688568,-0.1624169647693634,0.9529290795326233,0.45863214135169983,0.37452206015586853,0.19302397966384888,0.3354700803756714,0.5277477502822876,0.36830928921699524,-0.3365684449672699,0.9294816851615906,0.4060991406440735,0.36760595440864563,0.045727118849754333,0.3629682958126068,0.5131903886795044,0.36620256304740906,-0.38193294405937195,0.9087362289428711,0.3898058831691742,0.36684489250183105,0.02402995154261589,0.3664349913597107,0.5125765204429626,0.3457660973072052,-0.38180863857269287,0.9181936979293823,0.3910546600818634,0.3490442633628845,-0.0038695367984473705,0.3710640072822571,0.5144028067588806,0.34854426980018616,-0.3382822573184967,0.8963409066200256,0.39754718542099,0.3498968183994293,0.029339183121919632,0.362929105758667,0.5290911793708801,0.49159979820251465,-0.07798359543085098,0.9998474717140198,0.49007001519203186,0.4851844608783722,0.0778142437338829,0.9997759461402893,0.4649558663368225,0.6053472757339478,-0.26142027974128723,0.7924778461456299,0.42827048897743225,0.5693587064743042,-0.11203328520059586,0.6157909035682678,0.4146849513053894,0.7892411947250366,-0.3140903115272522,0.6144285798072815,0.45074328780174255,0.7903867959976196,-0.08228170871734619,0.45262882113456726,0.4210831820964813,0.8416949510574341,-0.3251129388809204,0.5554790496826172,0.4657006859779358,0.8307583928108215,-0.08291260153055191,0.485980361700058,0.35827359557151794,0.8207181692123413,-0.4476185441017151,0.6652068495750427,0.41355371475219727,0.8282349109649658,-0.16219240427017212,0.484707772731781
0.4972790479660034,0.18470852077007294,-0.08416775614023209,0.9999880194664001,0.5016595125198364,0.16650210320949554,-0.07866916060447693,0.9999727606773376,0.5043911933898926,0.1651645302772522,-0.07881719619035721,0.9999693036079407,0.5076226592063904,0.1641150265932083,-0.07874695211648941,0.9999760985374451,0.49672868847846985,0.167931467294693,-0.059796854853630066,0.9999794960021973,0.49550920724868774,0.16743740439414978,-0.060020528733730316,0.9999810457229614,0.4943176209926605,0.16668656468391418,-0.06005651131272316,0.9999828934669495,0.5221238136291504,0.16452251374721527,-0.0234389528632164,0.9999740123748779,0.5024521350860596,0.16732379794120789,0.0637301579117775,0.9999387860298157,0.5050271153450012,0.19813130795955658,-0.059645213186740875,0.9999729990959167,0.49807941913604736,0.20087683200836182,-0.03637628257274628,0.9999521970748901,0.5551337599754333,0.2547592520713806,-0.042353976517915726,0.999993085861206,0.4835367798805237,0.26132917404174805,0.18129730224609375,0.999931275844574,0.5733775496482849,0.3789607584476471,-0.1761038899421692,0.9573996067047119,0.45860758423805237,0.3743332326412201,0.17992140352725983,0.37117525935173035,0.5276278257369995,0.3683178424835205,-0.3640140891075134,0.9364296197891235,0.4060673117637634,0.3672105371952057,0.02188655361533165,0.4247433543205261,0.5131170749664307,0.3660871088504791,-0.41185978055000305,0.9176552891731262,0.38983336091041565,0.3670962452888489,-0.002285787370055914,0.42804235219955444,0.5128577947616577,0.3453534245491028,-0.4111402928829193,0.9261807799339294,0.39088112115859985,0.34980425238609314,-0.029932435601949692,0.43234172463417053,0.514840841293335,0.34803345799446106,-0.36601802706718445,0.906283974647522,0.3973889648914337,0.3501535952091217,0.005280410870909691,0.4242781400680542,0.5289653539657593,0.49126073718070984,-0.0776408240199089,0.9998363256454468,0.4902111291885376,0.4851963222026825,0.07745969295501709,0.9997673630714417,0.4596766531467438,0.6095117330551147,-0.24735014140605927,0.802811861038208,0.4214063882827759,0.5745480060577393,-0.08083152025938034,0.6152222752571106,0.4140312075614929,0.8211410641670227,-0.28457051515579224,0.637759268283844,0.4017902612686157,0.8122938275337219,-0.10630083084106445,0.4688197076320648,0.41903525590896606,0.8685211539268494,-0.29446035623550415,0.5752464532852173,0.40981829166412354,0.8615350127220154,-0.11496318876743317,0.5025348663330078,0.3590346872806549,0.8480347990989685,-0.41817304491996765,0.6890818476676941,0.3587905764579773,0.8488272428512573,-0.21554040908813477,0.509304940700531
0.4972706437110901,0.18470773100852966,-0.10576953738927841,0.9999890923500061,0.5017454028129578,0.16650760173797607,-0.10061416029930115,0.9999752640724182,0.5044969320297241,0.16516552865505219,-0.1007671132683754,0.9999721050262451,0.5077808499336243,0.16411086916923523,-0.1007058247923851,0.9999783039093018,0.4967673718929291,0.16788513958454132,-0.08184967190027237,0.9999814033508301,0.49568289518356323,0.16738973557949066,-0.08209597319364548,0.9999827742576599,0.4946882128715515,0.16662374138832092,-0.08214358985424042,0.9999844431877136,0.5221917629241943,0.16456525027751923,-0.04350366070866585,0.999976396560669,0.5025042295455933,0.1671503633260727,0.043144598603248596,0.999944269657135,0.5049817562103271,0.19804321229457855,-0.08070847392082214,0.9999755024909973,0.4980868697166443,0.20079606771469116,-0.05760578438639641,0.9999565482139587,0.5549830794334412,0.2549611032009125,-0.056122757494449615,0.9999935626983643,0.48384159803390503,0.26145899295806885,0.165110781788826,0.9999368786811829,0.5733861923217773,0.3788124620914459,-0.18346260488033295,0.9613996744155884,0.45859500765800476,0.3742787539958954,0.1746269315481186,0.40582141280174255,0.5274798274040222,0.3684347867965698,-0.36652252078056335,0.9426885843276978,0.4060651659965515,0.3668711483478546,0.013666876591742039,0.4806740880012512,0.5131824016571045,0.36603885889053345,-0.41387590765953064,0.9256981015205383,0.38995659351348877,0.3672885596752167,-0.011018594726920128,0.48369884490966797,0.5131744742393494,0.34533029794692993,-0.4139467477798462,0.9333876967430115,0.3908432722091675,0.34994009137153625,-0.038554128259420395,0.4877292513847351,0.5150143504142761,0.3480393588542938,-0.36874228715896606,0.915260374546051,0.39731231331825256,0.3501739203929901,-0.0031234880443662405,0.4798904061317444,0.5286657214164734,0.49153780937194824,-0.07517175376415253,0.9998345375061035,0.49011075496673584,0.485843300819397,0.07500027120113373,0.9997710585594177,0.4635017514228821,0.6207624673843384,-0.20412439107894897,0.7991594672203064,0.4275698959827423,0.5891360640525818,-0.0869123563170433,0.6197916865348816,0.434263676404953,0.8305224776268005,-0.202400341629982,0.643988847732544,0.4067694842815399,0.8225159049034119,-0.11913688480854034,0.4825614094734192,0.43987199664115906,0.870402455329895,-0.208723783493042,0.5659800171852112,0.41625919938087463,0.866549551486969,-0.12602095305919647,0.5093988180160522,0.3794173300266266,0.8702229261398315,-0.32623106241226196,0.7002630233764648,0.3671293258666992,0.8717188239097595,-0.226006418466568,0.5312969088554382
0.49726781249046326,0.1845143735408783,-0.11195739358663559,0.9999901056289673,0.5018277764320374,0.16646847128868103,-0.10584224760532379,0.9999775290489197,0.5045962929725647,0.16513551771640778,-0.10600074380636215,0.9999746680259705,0.5079268217086792,0.1640663594007492,-0.10594834387302399,0.9999803304672241,0.4968135952949524,0.1676863729953766,-0.08768219500780106,0.9999831318855286,0.49582523107528687,0.16722436249256134,-0.0879344642162323,0.9999843835830688,0.49493950605392456,0.16647417843341827,-0.08798868954181671,0.9999858736991882,0.5222592949867249,0.16456647217273712,-0.046392858028411865,0.9999786019325256,0.5025917291641235,0.16703316569328308,0.03753597289323807,0.9999493360519409,0.5049415826797485,0.1976824402809143,-0.08627220243215561,0.9999777674674988,0.49811622500419617,0.20046372711658478,-0.06402347981929779,0.9999606013298035,0.5548702478408813,0.25506463646888733,-0.05772923305630684,0.9999940395355225,0.484002947807312,0.2619610130786896,0.15527313947677612,0.9999421238899231,0.573371171951294,0.3782176375389099,-0.1824604719877243,0.9651170372962952,0.4585377275943756,0.3742848038673401,0.1636601984500885,0.4415959119796753,0.5274948477745056,0.36843642592430115,-0.36709272861480713,0.9483635425567627,0.40605705976486206,0.36685115098953247,0.0054786307737231255,0.5313082337379456,0.5134080052375793,0.36596158146858215,-0.4143027067184448,0.9330171346664429,0.39003318548202515,0.3680301606655121,-0.020019536837935448,0.5341162085533142,0.5134398341178894,0.3452785313129425,-0.41509896516799927,0.9399464130401611,0.3908095061779022,0.35036513209342957,-0.04801345616579056,0.5378579497337341,0.5151646137237549,0.3480168282985687,-0.36958423256874084,0.9235059022903442,0.39727121591567993,0.3504398465156555,-0.011484519578516483,0.5303565263748169,0.5249536633491516,0.4971776306629181,-0.07396633923053741,0.9998430609703064,0.4867827594280243,0.4909041225910187,0.07379582524299622,0.9997847676277161,0.4664076566696167,0.6382086873054504,-0.2017565816640854,0.8088767528533936,0.4303194582462311,0.6088882088661194,-0.09179095178842545,0.6420769095420837,0.4540209472179413,0.8460395336151123,-0.17067423462867737,0.6607562303543091,0.4084002375602722,0.8432438373565674,-0.11894910037517548,0.5145493745803833,0.46216580271720886,0.8815413117408752,-0.17346817255020142,0.5698061585426331,0.42177537083625793,0.8819073438644409,-0.12477752566337585,0.5321622490882874,0.408882737159729,0.8930268287658691,-0.2825644612312317,0.7175273299217224,0.3726901710033417,0.8956850171089172,-0.2227565348148346,0.5646563768386841
0.4971366226673126,0.18445448577404022,-0.11671636253595352,0.9999908208847046,0.5018152594566345,0.16648170351982117,-0.11250899732112885,0.9999793171882629,0.5045822262763977,0.16516681015491486,-0.11268427968025208,0.9999767541885376,0.5078974962234497,0.16408467292785645,-0.11264722049236298,0.9999819397926331,0.496814101934433,0.16759532690048218,-0.09358017891645432,0.9999844431877136,0.4958900213241577,0.16710980236530304,-0.09383819997310638,0.9999855756759644,0.4951234757900238,0.1663275510072708,-0.093898244202137,0.9999868869781494,0.5222921967506409,0.16469943523406982,-0.059069711714982986,0.9999805092811584,0.5028864741325378,0.16696812212467194,0.02794823609292507,0.9999531507492065,0.5046280026435852,0.19752244651317596,-0.09310196340084076,0.9999796748161316,0.4981108009815216,0.20018716156482697,-0.06995554268360138,0.9999639391899109,0.5548429489135742,0.2552655339241028,-0.07232905924320221,0.9999944567680359,0.48417842388153076,0.26201027631759644,0.14426372945308685,0.9999462962150574,0.5734385848045349,0.37794065475463867,-0.1997913420200348,0.9684702754020691,0.45849213004112244,0.3741278052330017,0.14522789418697357,0.4623830020427704,0.5275194048881531,0.36842381954193115,-0.3841020464897156,0.9534724950790405,0.4060414731502533,0.36529943346977234,-0.022007189691066742,0.5760625004768372,0.513950765132904,0.36548513174057007,-0.43172746896743774,0.9396098852157593,0.3900800049304962,0.36719322204589844,-0.04894731938838959,0.5789942145347595,0.5134738087654114,0.3452652394771576,-0.4320169687271118,0.9458543658256531,0.39081791043281555,0.35027918219566345,-0.07650203257799149,0.5825465321540833,0.5151382088661194,0.3481277823448181,-0.38642212748527527,0.9309380650520325,0.3972514271736145,0.35020482540130615,-0.03930121287703514,0.5751824378967285,0.5212490558624268,0.5015770792961121,-0.07313809543848038,0.9998520612716675,0.4821062386035919,0.4946896731853485,0.0729728415608406,0.9997976422309875,0.4678599536418915,0.6526451110839844,-0.20388054847717285,0.8193610310554504,0.4308184087276459,0.6288010478019714,-0.09639707952737808,0.6614705324172974,0.460733026266098,0.8605993390083313,-0.16733106970787048,0.6794947981834412,0.4247332811355591,0.8552473187446594,-0.11231592297554016,0.542050302028656,0.4688979983329773,0.8976550698280334,-0.1689409762620926,0.5806546807289124,0.43939608335494995,0.8909425139427185,-0.11711185425519943,0.5512120127677917,0.41876688599586487,0.9232706427574158,-0.2737552225589752,0.7355605363845825,0.3858601748943329,0.9265460968017578,-0.21190539002418518,0.5939822196960449
0.4969223141670227,0.18416589498519897,-0.10917677730321884,0.9999912977218628,0.5018180012702942,0.166484534740448,-0.10464206337928772,0.9999808073043823,0.5045750737190247,0.165167436003685,-0.1048361286520958,0.9999784827232361,0.5078895092010498,0.16407491266727448,-0.10480217635631561,0.9999833106994629,0.49681463837623596,0.16757787764072418,-0.08569575101137161,0.9999854564666748,0.49593332409858704,0.1670808345079422,-0.0859471932053566,0.999986469745636,0.4952523112297058,0.1662691980600357,-0.08601055294275284,0.9999876618385315,0.5224425792694092,0.165001779794693,-0.05175584554672241,0.9999821186065674,0.5032466053962708,0.16696806252002716,0.0354502908885479,0.9999558925628662,0.5041780471801758,0.1970919966697693,-0.0859542265534401,0.9999813437461853,0.49795714020729065,0.19994370639324188,-0.06272278726100922,0.9999667406082153,0.5548142194747925,0.2560317814350128,-0.06768245995044708,0.9999948143959045,0.48415523767471313,0.2625691592693329,0.14883652329444885,0.9999494552612305,0.5735335946083069,0.37802329659461975,-0.19362659752368927,0.9714595675468445,0.45841094851493835,0.3741278350353241,0.14154323935508728,0.4826798439025879,0.5275542140007019,0.36843693256378174,-0.37874290347099304,0.9580788612365723,0.4060872495174408,0.3653194308280945,-0.04104901850223541,0.6165000200271606,0.5141264796257019,0.3653716742992401,-0.42767730355262756,0.9455628395080566,0.3903808891773224,0.36712029576301575,-0.0716177374124527,0.6195207238197327,0.5136080384254456,0.34529173374176025,-0.42905890941619873,0.9511889219284058,0.39091894030570984,0.350400447845459,-0.09954424947500229,0.6228918433189392,0.5151388645172119,0.3483628034591675,-0.3815898299217224,0.937658965587616,0.397341787815094,0.35067835450172424,-0.05923290550708771,0.6156965494155884,0.5202475786209106,0.5050273537635803,-0.07341185212135315,0.9998621344566345,0.48024022579193115,0.4992004334926605,0.07324478030204773,0.999811589717865,0.4739794135093689,0.6692177653312683,-0.16739055514335632,0.8285592198371887,0.4370703101158142,0.6538058519363403,-0.04938571900129318,0.6772865653038025,0.47043758630752563,0.8645814061164856,-0.12307082861661911,0.6999735236167908,0.44428205490112305,0.8734557628631592,-0.05436587706208229,0.5723612308502197,0.47903886437416077,0.8940199017524719,-0.1246335580945015,0.5907431244850159,0.4568793475627899,0.9050158262252808,-0.05947239696979523,0.57390296459198,0.4387395977973938,0.926971971988678,-0.23059764504432678,0.75380539894104,0.4057292342185974,0.9456400275230408,-0.15430831909179688,0.6239945292472839
0.4969039559364319,0.18381865322589874,-0.13064484298229218,0.9999914169311523,0.5019010901451111,0.16647441685199738,-0.12764480710029602,0.9999817609786987,0.5046301484107971,0.16515898704528809,-0.12786029279232025,0.9999796152114868,0.5080956220626831,0.1640525609254837,-0.12782493233680725,0.9999842643737793,0.496919184923172,0.16743166744709015,-0.10861393064260483,0.999985933303833,0.4960564374923706,0.16685792803764343,-0.10886968672275543,0.9999867677688599,0.495394229888916,0.1658962219953537,-0.10894317179918289,0.9999879002571106,0.5230087637901306,0.1652717888355255,-0.07754280418157578,0.9999833703041077,0.5034958720207214,0.16689367592334747,0.010057313367724419,0.9999569654464722,0.504101037979126,0.19684913754463196,-0.108065165579319,0.9999825954437256,0.49795645475387573,0.1993652731180191,-0.08481299877166748,0.9999687671661377,0.5548152327537537,0.2570735812187195,-0.08855494111776352,0.9999951124191284,0.4840768575668335,0.26287171244621277,0.12958137691020966,0.9999514818191528,0.5739085078239441,0.3802051246166229,-0.2058277130126953,0.974105954170227,0.45840826630592346,0.37419232726097107,0.13310804963111877,0.49831974506378174,0.5272433161735535,0.3692905306816101,-0.38718611001968384,0.962208092212677,0.4060840904712677,0.36533671617507935,-0.03759057819843292,0.6519518494606018,0.5142506957054138,0.365273118019104,-0.435603529214859,0.9508904814720154,0.3904169797897339,0.36684849858283997,-0.0660790205001831,0.655150830745697,0.5136193633079529,0.34567198157310486,-0.4370976984500885,0.9559608697891235,0.39091888070106506,0.35040175914764404,-0.09457462280988693,0.6584802865982056,0.5150033831596375,0.3493528962135315,-0.3899206221103668,0.9436411261558533,0.3973413109779358,0.35081928968429565,-0.055686745792627335,0.6512332558631897,0.5203514099121094,0.5054929256439209,-0.07301273941993713,0.9998716115951538,0.479426771402359,0.5013188719749451,0.07284684479236603,0.9998244047164917,0.47727328538894653,0.6746354699134827,-0.15038719773292542,0.8380341529846191,0.4424304664134979,0.6646174192428589,-0.02940165437757969,0.6949553489685059,0.48653581738471985,0.861339271068573,-0.07412547618150711,0.7204011678695679,0.45647886395454407,0.8712927103042603,0.0035679717548191547,0.6011108756065369,0.4974554777145386,0.8873968124389648,-0.07179643213748932,0.6008114218711853,0.469107449054718,0.8969739675521851,0.002810417441651225,0.5918222069740295,0.45359665155410767,0.9333224296569824,-0.17251305282115936,0.7712813019752502,0.42716872692108154,0.9402607083320618,-0.08716204762458801,0.6512768864631653
0.4968956410884857,0.18278054893016815,-0.13718082010746002,0.9999909996986389,0.5020468235015869,0.16612467169761658,-0.13292871415615082,0.9999819397926331,0.5047417879104614,0.1648138463497162,-0.13315880298614502,0.9999799132347107,0.5083509683609009,0.16376246511936188,-0.1331259310245514,0.999984622001648,0.4970395267009735,0.1668863296508789,-0.11447648704051971,0.9999857544898987,0.4961588978767395,0.1662377268075943,-0.11472172290086746,0.9999864101409912,0.4954845607280731,0.16517162322998047,-0.11479146778583527,0.9999875426292419,0.5233611464500427,0.16549910604953766,-0.07933034002780914,0.999984085559845,0.5035971403121948,0.1667029708623886,0.005804609041661024,0.999955415725708,0.5040366649627686,0.1959785670042038,-0.1136438325047493,0.9999834299087524,0.4979548752307892,0.19820669293403625,-0.09112341701984406,0.9999700784683228,0.5547340512275696,0.2573782503604889,-0.0888172835111618,0.9999952912330627,0.4840335249900818,0.26289257407188416,0.12364532798528671,0.99995356798172,0.573992908000946,0.38030725717544556,-0.2067701369524002,0.9763402938842773,0.4583965241909027,0.3741965591907501,0.12006533145904541,0.5185345411300659,0.5270171165466309,0.3699488341808319,-0.39392682909965515,0.9659038782119751,0.4059945046901703,0.3648032248020172,-0.06191606819629669,0.6850748062133789,0.5144153833389282,0.3649734556674957,-0.4446163475513458,0.9556604027748108,0.39046919345855713,0.3654513657093048,-0.09323880076408386,0.6882344484329224,0.5136758089065552,0.34571462869644165,-0.44629329442977905,0.9602305889129639,0.3909125328063965,0.3503556251525879,-0.12260841578245163,0.691402792930603,0.5149693489074707,0.34960320591926575,-0.3970114588737488,0.9489611983299255,0.39725953340530396,0.3508444130420685,-0.08068622648715973,0.68435138463974,0.520828127861023,0.5047890543937683,-0.07168502360582352,0.9998812675476074,0.480062872171402,0.5015933513641357,0.07149995118379593,0.9998378753662109,0.48487958312034607,0.6759088635444641,-0.13493779301643372,0.8456711769104004,0.45075708627700806,0.6732376217842102,-0.008065230213105679,0.7115380764007568,0.4950579106807709,0.8514612317085266,-0.02347923256456852,0.7378026843070984,0.46739301085472107,0.8695346117019653,0.06206909567117691,0.6298292279243469,0.5088198781013489,0.8835752606391907,-0.017611732706427574,0.6063733100891113,0.48417848348617554,0.8922871947288513,0.06517516076564789,0.6097223162651062,0.4747500717639923,0.9226784110069275,-0.11334005743265152,0.7864702343940735,0.4437352120876312,0.940021812915802,-0.02110474929213524,0.6772883534431458
0.49685344099998474,0.18165653944015503,-0.1445198804140091,0.9999896287918091,0.5020890831947327,0.1655259132385254,-0.14066436886787415,0.9999809861183167,0.5047494769096375,0.16425515711307526,-0.14090260863304138,0.9999790191650391,0.5083627104759216,0.16323621571063995,-0.14087142050266266,0.999984085559845,0.49711036682128906,0.16598668694496155,-0.12244496494531631,0.9999845027923584,0.4962379038333893,0.16526012122631073,-0.1226908415555954,0.9999849796295166,0.4955577254295349,0.1641109138727188,-0.12277105450630188,0.9999862909317017,0.5234719514846802,0.1655004620552063,-0.08824668079614639,0.999984085559845,0.5038081407546997,0.16640540957450867,-0.004477095324546099,0.9999510049819946,0.5038924813270569,0.19506973028182983,-0.12153765559196472,0.9999836087226868,0.49795496463775635,0.19737550616264343,-0.0993913933634758,0.9999703168869019,0.5547139644622803,0.2576913833618164,-0.09550506621599197,0.9999952912330627,0.48393309116363525,0.2630496323108673,0.10941806435585022,0.9999546408653259,0.5739936232566833,0.380470871925354,-0.21002833545207977,0.9783321022987366,0.45839789509773254,0.37435147166252136,0.10032040625810623,0.538617730140686,0.5267693996429443,0.37029552459716797,-0.39421546459198,0.9692192673683167,0.4059389531612396,0.36392372846603394,-0.08798938244581223,0.7150483727455139,0.514696478843689,0.3647121787071228,-0.4434654414653778,0.9599412083625793,0.3904708921909332,0.3637263774871826,-0.12094549089670181,0.7181710600852966,0.513688325881958,0.34581634402275085,-0.44574689865112305,0.9640612602233887,0.3909056484699249,0.3500518798828125,-0.14980235695838928,0.7211752533912659,0.5148968696594238,0.34995031356811523,-0.39737409353256226,0.9537315964698792,0.3971876800060272,0.3508073389530182,-0.10679664462804794,0.7143573760986328,0.5213635563850403,0.5044787526130676,-0.06638859957456589,0.9998899102210999,0.48012620210647583,0.5029104948043823,0.0662236139178276,0.9998502731323242,0.4972190260887146,0.6749287247657776,-0.1101684719324112,0.8534680008888245,0.45417168736457825,0.6740202903747559,-0.024905109778046608,0.7328041791915894,0.506783127784729,0.8458265066146851,0.017471816390752792,0.7552687525749207,0.4791471064090729,0.8656472563743591,0.04029848054051399,0.659634530544281,0.5171710252761841,0.8661739826202393,0.02518179640173912,0.6146174073219299,0.494022935628891,0.8863320350646973,0.04324493557214737,0.6305385231971741,0.4896281361579895,0.913884162902832,-0.06563443690538406,0.8009650707244873,0.46143996715545654,0.9361897110939026,-0.04385906085371971,0.7032001614570618
0.49666643142700195,0.18018631637096405,-0.14089828729629517,0.999988853931427,0.5021437406539917,0.1646604835987091,-0.13742099702358246,0.9999805688858032,0.5047584772109985,0.1634373515844345,-0.13765965402126312,0.9999786615371704,0.5083714723587036,0.16259834170341492,-0.1376325786113739,0.9999839067459106,0.4971654713153839,0.16482017934322357,-0.11889611929655075,0.9999837279319763,0.49632036685943604,0.16403275728225708,-0.11913614720106125,0.999984085559845,0.49565255641937256,0.16284087300300598,-0.11921153962612152,0.99998539686203,0.5236886143684387,0.1655154526233673,-0.08740156143903732,0.9999842643737793,0.5041106939315796,0.16603951156139374,-0.0019901818595826626,0.9999477863311768,0.503609836101532,0.1941274255514145,-0.11878672242164612,0.9999838471412659,0.4978519082069397,0.1962500959634781,-0.09618312865495682,0.9999706149101257,0.5546672344207764,0.2580276429653168,-0.09947327524423599,0.9999952912330627,0.4839281737804413,0.26306384801864624,0.11282217502593994,0.9999555945396423,0.5736862421035767,0.38040730357170105,-0.2188100963830948,0.9799950122833252,0.458365797996521,0.3743993937969208,0.09639061242341995,0.5478615164756775,0.5266897082328796,0.3706991672515869,-0.4044601321220398,0.9721676111221313,0.405876487493515,0.3638499081134796,-0.09723655879497528,0.7413551807403564,0.5148823857307434,0.3646516799926758,-0.45523616671562195,0.9637445211410522,0.39044877886772156,0.36317622661590576,-0.13055744767189026,0.7446997165679932,0.5137686133384705,0.3459053635597229,-0.4575013816356659,0.967463493347168,0.39087149500846863,0.3499014377593994,-0.1591663956642151,0.7476107478141785,0.5148885250091553,0.3501850366592407,-0.4078471064567566,0.9579141139984131,0.3971296548843384,0.35080936551094055,-0.11608301103115082,0.7408118844032288,0.5214064121246338,0.5041663646697998,-0.06729625165462494,0.9998974800109863,0.4807083308696747,0.5035726428031921,0.0671200379729271,0.9998608231544495,0.4939780831336975,0.6763396263122559,-0.1358361691236496,0.8574025630950928,0.4573821723461151,0.6772127747535706,-0.004790256265550852,0.7395957708358765,0.5135422945022583,0.8475743532180786,-0.035290442407131195,0.7669951319694519,0.48669955134391785,0.8685842752456665,0.06441326439380646,0.6780306100845337,0.5274432301521301,0.8648796081542969,-0.030468523502349854,0.616494357585907,0.49968722462654114,0.8876604437828064,0.06749595701694489,0.6414826512336731,0.4957283139228821,0.9193080067634583,-0.1225196048617363,0.8116585612297058,0.4611797630786896,0.9406691193580627,-0.011940364725887775,0.720722496509552
0.4966610074043274,0.17759090662002563,-0.13963201642036438,0.9999890923500061,0.5023940205574036,0.16271114349365234,-0.13593383133411407,0.9999814629554749,0.5049615502357483,0.1618334800004959,-0.13617680966854095,0.9999797344207764,0.5086144208908081,0.16145005822181702,-0.13614487648010254,0.9999847412109375,0.4974577724933624,0.1625637263059616,-0.11704657226800919,0.9999843239784241,0.49658647179603577,0.16189636290073395,-0.11727862805128098,0.9999845623970032,0.4958595037460327,0.1608884334564209,-0.11734136193990707,0.9999858140945435,0.5239862203598022,0.16553978621959686,-0.08571366965770721,0.9999852180480957,0.5042802095413208,0.16545391082763672,0.0013100262731313705,0.9999490976333618,0.5035622715950012,0.19245055317878723,-0.11763404309749603,0.999984860420227,0.4978128969669342,0.19401399791240692,-0.09455583244562149,0.9999723434448242,0.5544582605361938,0.2580385208129883,-0.100212961435318,0.9999954700469971,0.48392337560653687,0.263155996799469,0.11824565380811691,0.999957263469696,0.5732361674308777,0.37958964705467224,-0.22095085680484772,0.9815927743911743,0.4583517014980316,0.37440383434295654,0.10172095894813538,0.5568399429321289,0.5266410112380981,0.3706994950771332,-0.40992090106010437,0.9748544692993164,0.4058746099472046,0.3639611601829529,-0.09595134854316711,0.7648483514785767,0.5149266719818115,0.36457523703575134,-0.46255555748939514,0.9672144651412964,0.39046892523765564,0.36293327808380127,-0.12999233603477478,0.7684551477432251,0.5138139128684998,0.34590810537338257,-0.46404507756233215,0.9705687165260315,0.3908725678920746,0.34981560707092285,-0.15884165465831757,0.7712937593460083,0.5148829221725464,0.3501923680305481,-0.41313058137893677,0.9617679715156555,0.39712756872177124,0.3508914113044739,-0.11507579684257507,0.7644945979118347,0.5219699740409851,0.5040249824523926,-0.06866739690303802,0.9999056458473206,0.48309561610221863,0.5035296678543091,0.06848330795764923,0.9998719096183777,0.4934251606464386,0.6786890029907227,-0.13315211236476898,0.8646726608276367,0.4598625600337982,0.6797385215759277,0.011633387766778469,0.7498270869255066,0.5159550309181213,0.8485772013664246,-0.007036368828266859,0.7820075154304504,0.48914065957069397,0.8670003414154053,0.11602342128753662,0.6984338164329529,0.5303270816802979,0.8633385896682739,0.0004895679885521531,0.6254202127456665,0.5012792944908142,0.8854430913925171,0.12283708900213242,0.6552456021308899,0.4944601058959961,0.926358163356781,-0.09325338900089264,0.824771523475647,0.46422117948532104,0.9421331882476807,0.04456505924463272,0.7398526668548584
0.4966966211795807,0.17684176564216614,-0.14744694530963898,0.9999896287918091,0.5027086734771729,0.1618388444185257,-0.14203305542469025,0.9999826550483704,0.5053596496582031,0.16120189428329468,-0.14227533340454102,0.9999810457229614,0.5091235041618347,0.16106201708316803,-0.14224249124526978,0.9999857544898987,0.4979138970375061,0.16166745126247406,-0.12366913259029388,0.9999852180480957,0.49693766236305237,0.16105474531650543,-0.12389848381280899,0.99998539686203,0.496078222990036,0.16011583805084229,-0.12395734339952469,0.9999865293502808,0.5245971083641052,0.16586098074913025,-0.0847143903374672,0.9999862909317017,0.504326343536377,0.16525200009346008,-9.543923624732997e-06,0.9999514818191528,0.5035616159439087,0.19176335632801056,-0.1227719709277153,0.999985933303833,0.49778956174850464,0.19311201572418213,-0.10045366734266281,0.9999741911888123,0.554197371006012,0.25805002450942993,-0.09876365959644318,0.9999956488609314,0.48393958806991577,0.26328450441360474,0.12107239663600922,0.9999589323997498,0.5733934044837952,0.3795996308326721,-0.21975170075893402,0.9830798506736755,0.45830976963043213,0.37441879510879517,0.10152412205934525,0.5657312870025635,0.5266426801681519,0.37074175477027893,-0.40758153796195984,0.977271318435669,0.4059374928474426,0.3640068471431732,-0.10092793405056,0.7862188220024109,0.5150211453437805,0.36457034945487976,-0.459660142660141,0.970332145690918,0.39058759808540344,0.36275410652160645,-0.13552908599376678,0.7900286316871643,0.5138692855834961,0.345946341753006,-0.46101051568984985,0.973359227180481,0.3909232020378113,0.3498055636882782,-0.16390392184257507,0.7927685379981995,0.514880359172821,0.35021305084228516,-0.41061657667160034,0.965234637260437,0.3971473276615143,0.3510013818740845,-0.1199650838971138,0.7860472798347473,0.5227189660072327,0.503889262676239,-0.07130040228366852,0.999912679195404,0.4847818911075592,0.5037283897399902,0.07110767811536789,0.9998816251754761,0.4931665360927582,0.6811803579330444,-0.13859295845031738,0.8724732995033264,0.4597040116786957,0.682465136051178,0.0053457277826964855,0.760962963104248,0.516032874584198,0.8515358567237854,-0.018369654193520546,0.7963467240333557,0.48694953322410583,0.8719203472137451,0.09776286780834198,0.7187800407409668,0.5308744311332703,0.8634892702102661,-0.011429554782807827,0.6360459923744202,0.4994148313999176,0.8881889581680298,0.10320957005023956,0.6710535287857056,0.4932290315628052,0.9308651089668274,-0.10554544627666473,0.8370550274848938,0.4614451825618744,0.9470506906509399,0.02297395095229149,0.7583473920822144
0.4968298077583313,0.17531035840511322,-0.15378467738628387,0.9999902844429016,0.5030596256256104,0.1603112816810608,-0.1479034125804901,0.9999839067459106,0.5058128833770752,0.15990126132965088,-0.14813964068889618,0.9999824166297913,0.5096426606178284,0.16003932058811188,-0.14809951186180115,0.9999867677688599,0.49845650792121887,0.16013838350772858,-0.12993519008159637,0.9999862313270569,0.4974353611469269,0.15959566831588745,-0.13016192615032196,0.9999863505363464,0.4964788258075714,0.15870869159698486,-0.1302165985107422,0.9999873638153076,0.5250764489173889,0.16586393117904663,-0.08785875141620636,0.9999873042106628,0.5044639706611633,0.16445589065551758,-0.0048848893493413925,0.9999542236328125,0.5036613941192627,0.1908324509859085,-0.12805689871311188,0.9999869465827942,0.49782583117485046,0.19186516106128693,-0.10623738914728165,0.9999759793281555,0.5539377927780151,0.2579859495162964,-0.10094451159238815,0.9999958276748657,0.4839133322238922,0.2633412778377533,0.11867343634366989,0.9999604821205139,0.5737084746360779,0.3793444335460663,-0.22056590020656586,0.9844821691513062,0.45822203159332275,0.3745293617248535,0.10248895734548569,0.5748404860496521,0.526656985282898,0.370743989944458,-0.4072309732437134,0.9794533848762512,0.4059368073940277,0.3640122711658478,-0.09367748349905014,0.8054685592651367,0.5150665640830994,0.36455509066581726,-0.45852339267730713,0.9731459021568298,0.3905891180038452,0.3626057803630829,-0.1274316906929016,0.8094255924224854,0.5139003992080688,0.3459531366825104,-0.46013718843460083,0.9758793115615845,0.3909241855144501,0.34973934292793274,-0.15577054023742676,0.8120824098587036,0.5148807168006897,0.35021549463272095,-0.4102223217487335,0.9683793187141418,0.397146612405777,0.350998193025589,-0.11248975247144699,0.8054408431053162,0.5228560566902161,0.5039594769477844,-0.07266180962324142,0.9999184608459473,0.48479509353637695,0.5047512054443359,0.07247684895992279,0.9998895525932312,0.49431172013282776,0.681708812713623,-0.1385723203420639,0.8792804479598999,0.4591338336467743,0.6811031103134155,0.007478560321033001,0.7693337798118591,0.5146100521087646,0.8536859154701233,-0.024155456572771072,0.8088377714157104,0.4864884912967682,0.871532678604126,0.10006890445947647,0.7352140545845032,0.5292418003082275,0.8658313155174255,-0.01801144890487194,0.645429790019989,0.5001522302627563,0.8887670040130615,0.10550718754529953,0.6840841770172119,0.49201837182044983,0.9309248924255371,-0.1140248253941536,0.8479375243186951,0.45967453718185425,0.9439697265625,0.025624239817261696,0.7740297913551331
0.49682608246803284,0.17260156571865082,-0.16063210368156433,0.9999903440475464,0.5032332539558411,0.1578381061553955,-0.15529140830039978,0.9999843239784241,0.5059754252433777,0.1577923744916916,-0.1555355042219162,0.9999828934669495,0.5098001956939697,0.1581587940454483,-0.15549466013908386,0.9999871850013733,0.49871882796287537,0.15703833103179932,-0.13701926171779633,0.9999864101409912,0.49777647852897644,0.15657129883766174,-0.1372518092393875,0.999986469745636,0.4968722462654114,0.15573294460773468,-0.13730987906455994,0.9999874234199524,0.5251752734184265,0.16553625464439392,-0.09692028909921646,0.999987781047821,0.5047064423561096,0.16224172711372375,-0.012707778252661228,0.9999539256095886,0.503646731376648,0.18944916129112244,-0.13564346730709076,0.9999874830245972,0.49781832098960876,0.189612478017807,-0.11341419070959091,0.9999768137931824,0.5536273121833801,0.25795987248420715,-0.10714075714349747,0.9999958872795105,0.48353201150894165,0.26341310143470764,0.11066927015781403,0.9999610781669617,0.5737492442131042,0.37859010696411133,-0.22630490362644196,0.9856180548667908,0.458137571811676,0.37462925910949707,0.10350172221660614,0.5828977823257446,0.5266977548599243,0.3706986606121063,-0.41712239384651184,0.9813839793205261,0.4059661328792572,0.3640240728855133,-0.08577222377061844,0.822583019733429,0.5151000618934631,0.3644932806491852,-0.46954450011253357,0.975630521774292,0.3905906081199646,0.36255350708961487,-0.11838699132204056,0.8266805410385132,0.5139180421829224,0.34595584869384766,-0.47073715925216675,0.9781005382537842,0.39093244075775146,0.3497076630592346,-0.1475813090801239,0.8292994499206543,0.5148778557777405,0.35021737217903137,-0.4201144874095917,0.9710986614227295,0.3971554636955261,0.35099953413009644,-0.10469330847263336,0.8226569890975952,0.523585855960846,0.5038678050041199,-0.07181103527545929,0.9999237656593323,0.48482200503349304,0.5051485300064087,0.07162173092365265,0.9998968839645386,0.49375754594802856,0.6798555254936218,-0.1349303424358368,0.8835621476173401,0.4587031602859497,0.6789292693138123,0.003257069271057844,0.7781168818473816,0.5124238133430481,0.8524258136749268,0.005375920794904232,0.8173003196716309,0.4840153455734253,0.8683691620826721,0.11132992058992386,0.750032901763916,0.5252874493598938,0.8600245118141174,0.014661150984466076,0.6469628810882568,0.4968009293079376,0.887494683265686,0.11867017298936844,0.6913366317749023,0.4955720007419586,0.926316499710083,-0.0769546777009964,0.8557155132293701,0.4601195752620697,0.9424446225166321,0.03822896257042885,0.7872452735900879
0.49698227643966675,0.17156891524791718,-0.15446288883686066,0.9999895691871643,0.5035711526870728,0.15653923153877258,-0.1491776555776596,0.999983549118042,0.5065245032310486,0.15650150179862976,-0.14941628277301788,0.9999821186065674,0.5103110671043396,0.15690599381923676,-0.14938907325267792,0.9999867677688599,0.49917322397232056,0.1557243913412094,-0.13063086569309235,0.99998539686203,0.49822691082954407,0.15537996590137482,-0.13086315989494324,0.9999853372573853,0.4972899258136749,0.1546742469072342,-0.13092492520809174,0.9999863505363464,0.5253661870956421,0.1650068312883377,-0.09222114086151123,0.9999876022338867,0.5048215985298157,0.1609908938407898,-0.006664997432380915,0.9999491572380066,0.5037580728530884,0.1888432800769806,-0.130052849650383,0.9999874830245972,0.49783971905708313,0.1887039989233017,-0.10739509016275406,0.9999765157699585,0.5534645915031433,0.2579832971096039,-0.1050301119685173,0.9999958276748657,0.4829099476337433,0.2635405361652374,0.11453785747289658,0.9999608397483826,0.5739973187446594,0.37856045365333557,-0.22951854765415192,0.9865621328353882,0.45809701085090637,0.3750112056732178,0.10574103146791458,0.5897102355957031,0.5268690586090088,0.3707229197025299,-0.4241117835044861,0.983066737651825,0.40615853667259216,0.3642195463180542,-0.08235945552587509,0.837212860584259,0.5153084993362427,0.36447757482528687,-0.47747623920440674,0.977778971195221,0.3906274735927582,0.3626363277435303,-0.11448109894990921,0.8415918350219727,0.5139859318733215,0.34598180651664734,-0.4783363938331604,0.9800148606300354,0.39097583293914795,0.3498120605945587,-0.14367441833019257,0.8442269563674927,0.514879584312439,0.3503202199935913,-0.42717403173446655,0.9733601808547974,0.39724788069725037,0.35129743814468384,-0.10125630348920822,0.8373962044715881,0.5236281156539917,0.5039957761764526,-0.07182123512029648,0.9999284744262695,0.4842906892299652,0.5053370594978333,0.07162908464670181,0.9999033212661743,0.4864484667778015,0.6780571937561035,-0.18400344252586365,0.8890181183815002,0.4577402174472809,0.6782746315002441,-0.0036664423532783985,0.7865739464759827,0.5071040391921997,0.8512772917747498,-0.018355417996644974,0.8231374621391296,0.4779016375541687,0.8722265958786011,0.08376215398311615,0.7649334669113159,0.5205597281455994,0.8594760298728943,0.00542663037776947,0.645724356174469,0.49604517221450806,0.8905784487724304,0.08845829218626022,0.7004874348640442,0.48645827174186707,0.937456488609314,-0.109002985060215,0.8608618974685669,0.45659810304641724,0.9458072185516357,0.0037234174087643623,0.7992892861366272
0.49714261293411255,0.17057709395885468,-0.14992257952690125,0.9999896883964539,0.5038864016532898,0.15557460486888885,-0.14476405084133148,0.9999837279319763,0.5070903301239014,0.15560439229011536,-0.14500202238559723,0.9999824166297913,0.5107776522636414,0.15614935755729675,-0.1449674516916275,0.999987006187439,0.4996360242366791,0.1544906049966812,-0.12620267271995544,0.9999855756759644,0.49872082471847534,0.1541050374507904,-0.12643663585186005,0.9999855160713196,0.4977940320968628,0.15335716307163239,-0.12650084495544434,0.999986469745636,0.525597870349884,0.1647537499666214,-0.08857044577598572,0.9999880194664001,0.505175769329071,0.1598513126373291,-0.003323513548821211,0.9999497532844543,0.5038082003593445,0.18828479945659637,-0.12565140426158905,0.9999880194664001,0.49786996841430664,0.18770354986190796,-0.10299836099147797,0.9999774694442749,0.5529564619064331,0.25798299908638,-0.10155895352363586,0.9999958872795105,0.48266732692718506,0.26367655396461487,0.11651954054832458,0.9999622702598572,0.5741969347000122,0.3778975009918213,-0.2254815399646759,0.9875890016555786,0.45796021819114685,0.3750436007976532,0.11185454577207565,0.6050540804862976,0.5269815325737,0.3706916868686676,-0.4192166328430176,0.9846247434616089,0.4063825011253357,0.36422574520111084,-0.05392501503229141,0.851435661315918,0.5155060887336731,0.3643573820590973,-0.4713127017021179,0.9797618985176086,0.39072465896606445,0.36259642243385315,-0.08195241540670395,0.8556628823280334,0.5140075087547302,0.3459864556789398,-0.472277969121933,0.9817841053009033,0.39104416966438293,0.34984883666038513,-0.11059654504060745,0.8582180142402649,0.5148745179176331,0.3503555357456207,-0.4222503900527954,0.9755153059959412,0.3974277377128601,0.35150885581970215,-0.07184336334466934,0.8513867259025574,0.5236566662788391,0.5039308071136475,-0.0718022882938385,0.9999315142631531,0.4838126003742218,0.5051602125167847,0.07161212712526321,0.9999076128005981,0.4787791669368744,0.6765465140342712,-0.2226160317659378,0.8961455821990967,0.4529162645339966,0.6781051754951477,-0.008421997539699078,0.7966473698616028,0.49685361981391907,0.8511788249015808,-0.09960654377937317,0.8276835680007935,0.45814111828804016,0.8742824196815491,0.03608616068959236,0.7798264026641846,0.510823667049408,0.8633418083190918,-0.09090141952037811,0.6448186039924622,0.46857520937919617,0.8975569605827332,0.03584973141551018,0.7106862664222717,0.4680938720703125,0.9334343671798706,-0.18824070692062378,0.8648311495780945,0.42112305760383606,0.9465314745903015,-0.05836690962314606,0.8113292455673218
0.4974425137042999,0.1696927398443222,-0.15100646018981934,0.9999901056289673,0.5043557286262512,0.15482935309410095,-0.14511209726333618,0.9999843835830688,0.5079601407051086,0.15494781732559204,-0.145341157913208,0.9999831318855286,0.5114443898200989,0.15567776560783386,-0.14531628787517548,0.9999875426292419,0.5001745223999023,0.15358155965805054,-0.12766586244106293,0.9999861717224121,0.49925824999809265,0.1531575322151184,-0.1279023140668869,0.9999860525131226,0.4982863962650299,0.1523885428905487,-0.12796099483966827,0.9999868869781494,0.525925874710083,0.1647365689277649,-0.08755045384168625,0.9999885559082031,0.5053051710128784,0.15917328000068665,-0.006726035848259926,0.9999512434005737,0.5039786696434021,0.187843456864357,-0.12623542547225952,0.9999884963035583,0.497950941324234,0.18680886924266815,-0.1050531342625618,0.9999783039093018,0.5524365901947021,0.25798144936561584,-0.10201691091060638,0.9999959468841553,0.4825543761253357,0.26371750235557556,0.11377537995576859,0.999962568283081,0.5742101073265076,0.37757351994514465,-0.2262740135192871,0.9885096549987793,0.45787957310676575,0.37505555152893066,0.11484721302986145,0.6102159023284912,0.5269832015037537,0.37067005038261414,-0.4160653054714203,0.9860216975212097,0.40635645389556885,0.364236056804657,-0.04133303835988045,0.8636969923973083,0.5155484676361084,0.36423513293266296,-0.46690407395362854,0.9815393686294556,0.3906925320625305,0.3626141846179962,-0.06752435117959976,0.8679073452949524,0.5140101909637451,0.34599003195762634,-0.4677891433238983,0.9833768010139465,0.39098721742630005,0.34995296597480774,-0.09738937765359879,0.8704813718795776,0.5148198008537292,0.3503612279891968,-0.4189397394657135,0.9774700403213501,0.39740750193595886,0.3516005873680115,-0.059436507523059845,0.8635692000389099,0.5233955979347229,0.504524290561676,-0.07257355749607086,0.9999290704727173,0.48300841450691223,0.5050225257873535,0.07238548249006271,0.9999040961265564,0.47369298338890076,0.6745436191558838,-0.19656409323215485,0.887670636177063,0.4475693702697754,0.6704462766647339,-0.021645817905664444,0.7752518653869629,0.480441689491272,0.8552785515785217,-0.11629623919725418,0.8122730255126953,0.44844016432762146,0.8744560480117798,0.0031848428770899773,0.7651408314704895,0.49153587222099304,0.8784096837043762,-0.11378134787082672,0.627539873123169,0.4596371650695801,0.8982647657394409,0.0013657486997544765,0.6963310241699219,0.44958505034446716,0.9326550364494324,-0.20724986493587494,0.8543279767036438,0.4102087914943695,0.9455966949462891,-0.08408079296350479,0.8010733127593994
0.49780547618865967,0.1687043011188507,-0.15559598803520203,0.9999909400939941,0.5048282146453857,0.15424886345863342,-0.14813737571239471,0.9999856948852539,0.5086778998374939,0.15442611277103424,-0.1483362764120102,0.9999845623970032,0.5119597911834717,0.1552705019712448,-0.1483042687177658,0.9999885559082031,0.5006415843963623,0.1530066728591919,-0.13126139342784882,0.9999873638153076,0.49974796175956726,0.15260198712348938,-0.1315012276172638,0.9999872446060181,0.4987560510635376,0.151878222823143,-0.13155750930309296,0.9999880194664001,0.5262043476104736,0.1647249460220337,-0.08670980483293533,0.9999895095825195,0.5055091977119446,0.15885013341903687,-0.007662757765501738,0.999955415725708,0.5043365359306335,0.18741337954998016,-0.1292434185743332,0.9999894499778748,0.49814802408218384,0.1860380470752716,-0.1088486984372139,0.9999801516532898,0.5520895719528198,0.25797247886657715,-0.10092582553625107,0.9999961256980896,0.48242148756980896,0.2637448012828827,0.11382999271154404,0.9999645948410034,0.5742211937904358,0.37755444645881653,-0.22615395486354828,0.9895392060279846,0.4578469693660736,0.3750685453414917,0.11516375094652176,0.6296371817588806,0.5268833637237549,0.3706669509410858,-0.4066944420337677,0.9873558282852173,0.4062172770500183,0.36424940824508667,-0.04522959142923355,0.8761143684387207,0.5155485272407532,0.3642273545265198,-0.45343050360679626,0.9832606911659241,0.39055687189102173,0.3628009557723999,-0.0719129741191864,0.8800272941589355,0.5140044093132019,0.34600529074668884,-0.45541253685951233,0.9849239587783813,0.39082422852516174,0.3500462472438812,-0.10063362866640091,0.882455050945282,0.5147666931152344,0.3503618836402893,-0.4094451367855072,0.9794812798500061,0.39729803800582886,0.35164737701416016,-0.06284875422716141,0.8758184909820557,0.5234267115592957,0.5046568512916565,-0.07291316986083984,0.999927818775177,0.4830460846424103,0.5044960379600525,0.07273932546377182,0.9999035596847534,0.4664890468120575,0.6576091051101685,-0.24139897525310516,0.8953065872192383,0.43491190671920776,0.6331591010093689,-0.10377731174230576,0.7883564829826355,0.4587450325489044,0.8510009050369263,-0.16087211668491364,0.8203834295272827,0.4269089102745056,0.8599206209182739,-0.09394878894090652,0.7787682414054871,0.46999073028564453,0.8765819072723389,-0.1581089049577713,0.6400110125541687,0.4399886131286621,0.8923609852790833,-0.09765984863042831,0.7108412384986877,0.4085808992385864,0.9141547083854675,-0.26218175888061523,0.8615685701370239,0.3874164819717407,0.9181763529777527,-0.19728395342826843,0.8135035634040833
0.4984152615070343,0.16792359948158264,-0.16558654606342316,0.9999916553497314,0.5052620768547058,0.15380199253559113,-0.1578003317117691,0.9999868273735046,0.5091546773910522,0.1541118621826172,-0.1579897105693817,0.9999857544898987,0.5123507976531982,0.15498784184455872,-0.15795087814331055,0.9999894499778748,0.5011454820632935,0.15237432718276978,-0.14115290343761444,0.9999884366989136,0.5003471970558167,0.1518431454896927,-0.14139719307422638,0.999988317489624,0.49942636489868164,0.15099036693572998,-0.1414567530155182,0.9999890327453613,0.5264450311660767,0.16472512483596802,-0.09371773153543472,0.9999903440475464,0.5058414340019226,0.15810750424861908,-0.01697349362075329,0.9999591112136841,0.5045750737190247,0.18726599216461182,-0.13874363899230957,0.9999902844429016,0.4984085261821747,0.18519549071788788,-0.11865338683128357,0.9999817609786987,0.5517486333847046,0.25811004638671875,-0.10543099790811539,0.9999962449073792,0.48223352432250977,0.26375612616539,0.10834077000617981,0.9999658465385437,0.574223518371582,0.3775651454925537,-0.22482427954673767,0.9904516935348511,0.45753586292266846,0.3750934898853302,0.1191825345158577,0.6449047327041626,0.5268744826316833,0.3704875707626343,-0.4064137041568756,0.9885413646697998,0.40614157915115356,0.364282488822937,-0.028603892773389816,0.8867571353912354,0.515365719795227,0.3642582297325134,-0.45277056097984314,0.9847754836082458,0.3905566334724426,0.36280548572540283,-0.05278098210692406,0.8903517723083496,0.5138997435569763,0.3460078835487366,-0.45434483885765076,0.9862828850746155,0.39073169231414795,0.3501318395137787,-0.08181098848581314,0.8927098512649536,0.5146589279174805,0.3502897620201111,-0.4089754521846771,0.9812176823616028,0.39718806743621826,0.3518698215484619,-0.045736826956272125,0.8861533999443054,0.5242229700088501,0.50420081615448,-0.07290155440568924,0.9999240040779114,0.48534727096557617,0.501197874546051,0.07272420078516006,0.9998998045921326,0.46218785643577576,0.6409509181976318,-0.22704872488975525,0.9005184173583984,0.4309477210044861,0.6077677011489868,-0.13097542524337769,0.7974006533622742,0.44376784563064575,0.8378865718841553,-0.1580062210559845,0.8282299637794495,0.4091879427433014,0.8359323740005493,-0.12111690640449524,0.7892431020736694,0.45255187153816223,0.874918520450592,-0.15702702105045319,0.653928279876709,0.41738244891166687,0.8735356330871582,-0.12499306350946426,0.7232490181922913,0.38709577918052673,0.888786792755127,-0.27100369334220886,0.8684018850326538,0.36453089118003845,0.8941405415534973,-0.2316487431526184,0.8237418532371521
0.4987553358078003,0.16755355894565582,-0.16533873975276947,0.9999924898147583,0.50588059425354,0.15364496409893036,-0.15528883039951324,0.9999880790710449,0.5098493099212646,0.15398302674293518,-0.15543387830257416,0.9999871253967285,0.5129799842834473,0.1548391431570053,-0.15531274676322937,0.9999904632568359,0.5013206005096436,0.1522565484046936,-0.13929380476474762,0.9999895691871643,0.5004993677139282,0.1517162322998047,-0.13943296670913696,0.9999894499778748,0.4995459318161011,0.1508670598268509,-0.13943806290626526,0.9999901056289673,0.5266761779785156,0.16475866734981537,-0.09014301002025604,0.9999912977218628,0.5058361291885376,0.15803323686122894,-0.013831880874931812,0.9999630451202393,0.5051308274269104,0.18726269900798798,-0.13780201971530914,0.999991238117218,0.4984751045703888,0.18455764651298523,-0.11819758266210556,0.9999834895133972,0.5517446398735046,0.25806868076324463,-0.10546794533729553,0.9999963641166687,0.48222965002059937,0.2639549672603607,0.11046770215034485,0.9999662041664124,0.5742053985595703,0.3777833580970764,-0.23306435346603394,0.9908553957939148,0.45743221044540405,0.3748159110546112,0.1167164221405983,0.6348877549171448,0.5268572568893433,0.3701380491256714,-0.42328521609306335,0.9894506931304932,0.4059153199195862,0.36424580216407776,-0.03871497884392738,0.8925038576126099,0.5152120590209961,0.3642520010471344,-0.47386032342910767,0.9859256148338318,0.3905501663684845,0.36289483308792114,-0.06539599597454071,0.8966158628463745,0.5136957764625549,0.34598949551582336,-0.47542232275009155,0.9873165488243103,0.3907153010368347,0.3500382900238037,-0.09412380307912827,0.8991839289665222,0.514405369758606,0.35021498799324036,-0.4263589084148407,0.9823827147483826,0.39716148376464844,0.3515041470527649,-0.056392546743154526,0.891581654548645,0.5251105427742004,0.5014445185661316,-0.08197255432605743,0.9998987913131714,0.490671306848526,0.4987572431564331,0.08173275738954544,0.9998494386672974,0.44783517718315125,0.6073084473609924,-0.27543962001800537,0.8970634937286377,0.43616387248039246,0.6064885258674622,0.004211309365928173,0.7303599715232849,0.4119682013988495,0.8232783079147339,-0.3212026357650757,0.8356117606163025,0.46988147497177124,0.8173658847808838,0.12486040592193604,0.7234817743301392,0.41638273000717163,0.8741363286972046,-0.33170926570892334,0.6721334457397461,0.4849608838558197,0.8534932732582092,0.13315191864967346,0.6796212196350098,0.3416030704975128,0.8374799489974976,-0.46478694677352905,0.8758710026741028,0.43562284111976624,0.85610032081604,0.06726136803627014,0.766498327255249
0.4990091621875763,0.16717129945755005,-0.13377265632152557,0.9999932050704956,0.5060139298439026,0.1533990502357483,-0.12906786799430847,0.9999892711639404,0.5099877715110779,0.15381109714508057,-0.1292426437139511,0.9999883770942688,0.513091504573822,0.1546277552843094,-0.1291421800851822,0.9999914169311523,0.5014351606369019,0.1519145667552948,-0.11074753105640411,0.9999905824661255,0.5006613731384277,0.15127524733543396,-0.11092564463615417,0.9999904632568359,0.49976566433906555,0.15033268928527832,-0.11094453930854797,0.9999910593032837,0.5267342925071716,0.1646554321050644,-0.08097705990076065,0.9999921321868896,0.5060245394706726,0.15768484771251678,0.0039151753298938274,0.9999666810035706,0.5056235790252686,0.1871761828660965,-0.11295416951179504,0.9999920725822449,0.4988032579421997,0.18392761051654816,-0.09016232192516327,0.9999850392341614,0.5517516732215881,0.2580583691596985,-0.1043773740530014,0.999996542930603,0.4823622405529022,0.26385727524757385,0.12015333026647568,0.9999679327011108,0.5745772123336792,0.3786916136741638,-0.23211155831813812,0.991185188293457,0.4574447274208069,0.37351110577583313,0.12892165780067444,0.6319265365600586,0.5268726348876953,0.3694140911102295,-0.42055225372314453,0.990135669708252,0.40566492080688477,0.3642641603946686,-0.009332472458481789,0.8999010920524597,0.5151277184486389,0.3642573952674866,-0.4733724892139435,0.9867370128631592,0.39050039649009705,0.363335520029068,-0.030535733327269554,0.9036375880241394,0.5134512186050415,0.345996618270874,-0.4681340754032135,0.9880247116088867,0.39052480459213257,0.3500199615955353,-0.0588923841714859,0.906268298625946,0.5143271088600159,0.35014012455940247,-0.42566829919815063,0.9829460382461548,0.39697378873825073,0.35147222876548767,-0.025858422741293907,0.8981181979179382,0.5273908972740173,0.49815550446510315,-0.08499538898468018,0.9998764395713806,0.4941640794277191,0.49248695373535156,0.0847383588552475,0.9998122453689575,0.44799545407295227,0.5805913805961609,-0.27670982480049133,0.8786123991012573,0.458525687456131,0.6040865182876587,0.026646027341485023,0.662453293800354,0.3977174758911133,0.7870272994041443,-0.3612303137779236,0.8369221091270447,0.49434125423431396,0.8075825572013855,0.16163425147533417,0.6557786464691162,0.39855945110321045,0.8357580900192261,-0.37592506408691406,0.6882709860801697,0.5085843205451965,0.8411282300949097,0.17169374227523804,0.6306741237640381,0.33914411067962646,0.8067777752876282,-0.5074622631072998,0.8805421590805054,0.4627295434474945,0.8475539684295654,0.11486987769603729,0.7017167210578918
0.4990726113319397,0.16678142547607422,-0.1386338621377945,0.9999938607215881,0.5061872005462646,0.15308067202568054,-0.13151215016841888,0.9999903440475464,0.5102399587631226,0.1536445915699005,-0.1316957026720047,0.9999895095825195,0.5133735537528992,0.15455341339111328,-0.13158980011940002,0.9999922513961792,0.5014784336090088,0.1516955941915512,-0.11554513871669769,0.9999915361404419,0.500681459903717,0.15111936628818512,-0.11572111397981644,0.9999914169311523,0.4997655749320984,0.1502477079629898,-0.1157400980591774,0.9999919533729553,0.5269115567207336,0.16473254561424255,-0.08094394207000732,0.9999929070472717,0.5059271454811096,0.15770572423934937,-0.0001543247781228274,0.9999699592590332,0.5057446956634521,0.18681970238685608,-0.11594341695308685,0.999992847442627,0.4988062083721161,0.18348965048789978,-0.09543813765048981,0.999986469745636,0.5516974925994873,0.2580525875091553,-0.10166843235492706,0.9999967813491821,0.4824185073375702,0.26420456171035767,0.11190499365329742,0.9999700784683228,0.5743402242660522,0.3797461688518524,-0.22292348742485046,0.9914059042930603,0.4573744535446167,0.3733902871608734,0.12362690269947052,0.6354324817657471,0.5266400575637817,0.3689163029193878,-0.3972461521625519,0.9908447861671448,0.40625250339508057,0.36436736583709717,-0.023106463253498077,0.9076348543167114,0.5148485898971558,0.3642771542072296,-0.4452843964099884,0.9876263737678528,0.39124682545661926,0.3633168637752533,-0.04494396969676018,0.9110506772994995,0.5130966305732727,0.34591424465179443,-0.4428548812866211,0.9888231754302979,0.3913160264492035,0.3498993515968323,-0.07429005950689316,0.9136640429496765,0.5141234397888184,0.3498556315898895,-0.3995874226093292,0.9838739037513733,0.39773598313331604,0.3514702320098877,-0.039990369230508804,0.9055536389350891,0.5284976959228516,0.494192510843277,-0.08333823084831238,0.999865710735321,0.4967556595802307,0.4871758222579956,0.08314250409603119,0.9998008608818054,0.449934184551239,0.589968740940094,-0.24757671356201172,0.861821174621582,0.4607081115245819,0.6033758521080017,0.037544865161180496,0.6031603813171387,0.36536353826522827,0.7343975901603699,-0.3160550892353058,0.8407682180404663,0.48051828145980835,0.7845810651779175,0.1488092839717865,0.601128876209259,0.3690679669380188,0.7710557579994202,-0.32969436049461365,0.7085819244384766,0.49218079447746277,0.8228762149810791,0.1568138301372528,0.5965477824211121,0.30275532603263855,0.7214117050170898,-0.4528742730617523,0.8869502544403076,0.44787153601646423,0.8417754769325256,0.09544526040554047,0.6551413536071777
0.4991229772567749,0.1666271984577179,-0.13672596216201782,0.9999944567680359,0.5062484741210938,0.15283653140068054,-0.12903161346912384,0.9999912977218628,0.5103001594543457,0.15352219343185425,-0.12923535704612732,0.9999905228614807,0.5134360790252686,0.15449988842010498,-0.12916460633277893,0.9999930262565613,0.5015224814414978,0.15149080753326416,-0.11345699429512024,0.9999923706054688,0.5007184743881226,0.1509886384010315,-0.11364270001649857,0.9999922513961792,0.49979168176651,0.15019913017749786,-0.1136777400970459,0.9999927282333374,0.5269498229026794,0.16476577520370483,-0.07132336497306824,0.999993622303009,0.5059217214584351,0.15773247182369232,0.003106261370703578,0.9999728798866272,0.5057876706123352,0.18672442436218262,-0.11259172111749649,0.9999935030937195,0.4988158643245697,0.18338832259178162,-0.09293998777866364,0.999987781047821,0.551465630531311,0.25804102420806885,-0.09137450158596039,0.9999969005584717,0.4824516177177429,0.2643949091434479,0.11095283180475235,0.9999715089797974,0.5736242532730103,0.3790998160839081,-0.22058804333209991,0.99067622423172,0.45705968141555786,0.37340429425239563,0.10287538170814514,0.6194466352462769,0.5264633893966675,0.36865440011024475,-0.3991736173629761,0.9905839562416077,0.40636834502220154,0.36506062746047974,-0.045211467891931534,0.9102466106414795,0.5146583914756775,0.3645085394382477,-0.4507467448711395,0.9873275756835938,0.391358345746994,0.36344313621520996,-0.06818914413452148,0.9138206839561462,0.5126821398735046,0.3460213840007782,-0.4468209445476532,0.9885326623916626,0.391380250453949,0.3498598337173462,-0.0969965010881424,0.9167662858963013,0.5138046145439148,0.34985262155532837,-0.4018697142601013,0.9826391339302063,0.39779606461524963,0.3514719009399414,-0.061755772680044174,0.9069333672523499,0.52838534116745,0.4931392967700958,-0.08224394917488098,0.9998529553413391,0.4958256483078003,0.4876739978790283,0.08209257572889328,0.9997857213020325,0.43115097284317017,0.5174403190612793,-0.28412479162216187,0.8449209332466125,0.4753492474555969,0.6086282730102539,0.09848739206790924,0.5477589964866638,0.3467772901058197,0.6744669675827026,-0.3937857747077942,0.8447040319442749,0.4878205358982086,0.7937147617340088,0.23965497314929962,0.5483700633049011,0.3420235216617584,0.7200544476509094,-0.4103417992591858,0.7278769016265869,0.4965047240257263,0.8256062269210815,0.2505069375038147,0.5622756481170654,0.28704091906547546,0.6387338042259216,-0.542120635509491,0.8938354253768921,0.45818808674812317,0.8399924635887146,0.18723826110363007,0.6068047285079956
0.49917492270469666,0.16631953418254852,-0.11712052673101425,0.9999949932098389,0.5062846541404724,0.15258461236953735,-0.10601356625556946,0.9999920725822449,0.5103091597557068,0.15328992903232574,-0.10618294030427933,0.9999914169311523,0.5134475827217102,0.15429222583770752,-0.10612861812114716,0.9999936819076538,0.5015701055526733,0.15131768584251404,-0.08932902663946152,0.999993085861206,0.5007790923118591,0.15082743763923645,-0.08959048241376877,0.9999929666519165,0.4998684525489807,0.1500747948884964,-0.08961854130029678,0.9999934434890747,0.5269759893417358,0.16470259428024292,-0.03772839531302452,0.999994158744812,0.5059643387794495,0.1577061116695404,0.039389051496982574,0.9999752640724182,0.5058622360229492,0.18634870648384094,-0.09023130685091019,0.9999940395355225,0.4988499581813812,0.18300451338291168,-0.06972106546163559,0.9999887943267822,0.5514161586761475,0.2579171359539032,-0.04971533268690109,0.999997079372406,0.48234954476356506,0.2643985152244568,0.16000714898109436,0.9999732375144958,0.5731541514396667,0.37909001111984253,-0.1661471426486969,0.9856991767883301,0.4566810429096222,0.3739297688007355,0.1720529943704605,0.5710580348968506,0.5264412760734558,0.36812835931777954,-0.3151938319206238,0.9889760613441467,0.40647974610328674,0.3652936518192291,0.022305412217974663,0.9043653011322021,0.5145792365074158,0.3646131157875061,-0.35387495160102844,0.9858151078224182,0.39140260219573975,0.3639177083969116,0.00610005296766758,0.9133580327033997,0.5125348567962646,0.34600892663002014,-0.35430794954299927,0.9870158433914185,0.3914618194103241,0.3498336970806122,-0.024677790701389313,0.9167140126228333,0.5136703252792358,0.34959837794303894,-0.3165563642978668,0.9790800213813782,0.39784541726112366,0.3514070510864258,0.005741850007325411,0.9025186896324158,0.5282191038131714,0.48953455686569214,-0.07687439024448395,0.9997971653938293,0.49344539642333984,0.47172755002975464,0.07665165513753891,0.9997020959854126,0.44205206632614136,0.5266769528388977,-0.34240636229515076,0.8307077288627625,0.41740724444389343,0.5019552111625671,-0.2442355453968048,0.5109542012214661,0.3527323305606842,0.6288368701934814,-0.5597721934318542,0.8199223279953003,0.33142712712287903,0.6051143407821655,-0.4308890402317047,0.5013366341590881,0.34133338928222656,0.6774994730949402,-0.5880119800567627,0.7398418188095093,0.31224435567855835,0.640626847743988,-0.4537803828716278,0.5410239100456238,0.30135104060173035,0.589967668056488,-0.712799072265625,0.8918859958648682,0.28002694249153137,0.5382798910140991,-0.5473325848579407,0.5787148475646973
0.4993591904640198,0.16601943969726562,-0.15022407472133636,0.9999954700469971,0.5063892006874084,0.15236327052116394,-0.13974131643772125,0.999992847442627,0.5103875994682312,0.15307776629924774,-0.1399308145046234,0.9999922513961792,0.5135151147842407,0.1540953367948532,-0.13988424837589264,0.9999942779541016,0.5016187429428101,0.15105772018432617,-0.12375377118587494,0.9999937415122986,0.5008319616317749,0.1505552977323532,-0.12404017895460129,0.999993622303009,0.49992236495018005,0.1497969627380371,-0.1240759938955307,0.9999940991401672,0.5270447134971619,0.16464576125144958,-0.07263829559087753,0.999994695186615,0.5059599280357361,0.1576104313135147,0.0004525748663581908,0.9999775886535645,0.5060413479804993,0.18617349863052368,-0.12417487055063248,0.9999945759773254,0.4989687502384186,0.18255940079689026,-0.10443321615457535,0.9999898076057434,0.5514325499534607,0.2579098343849182,-0.0732095018029213,0.9999972581863403,0.4822193682193756,0.2646699845790863,0.11712753772735596,0.9999749064445496,0.5727955102920532,0.37926995754241943,-0.17765583097934723,0.9852128624916077,0.45664650201797485,0.37513992190361023,0.12329673022031784,0.5453996062278748,0.5266714096069336,0.3681959807872772,-0.3549751043319702,0.9894759058952332,0.4059648811817169,0.36886805295944214,-0.02930079586803913,0.9083609580993652,0.5145742893218994,0.36576521396636963,-0.39759403467178345,0.9865085482597351,0.39122599363327026,0.36631762981414795,-0.04370966926217079,0.9184197783470154,0.5125553011894226,0.34630462527275085,-0.39895543456077576,0.9876206517219543,0.391243577003479,0.35029181838035583,-0.07861514389514923,0.9217770099639893,0.5137274265289307,0.34966841340065,-0.3572078049182892,0.9798000454902649,0.39750340580940247,0.3519856631755829,-0.046665746718645096,0.9069318771362305,0.5280970931053162,0.4870646297931671,-0.07058640569448471,0.9997801184654236,0.49075978994369507,0.46868833899497986,0.07033824175596237,0.9996787309646606,0.4439750909805298,0.507480800151825,-0.2930181622505188,0.8363543152809143,0.4158792793750763,0.4645824432373047,-0.1972627341747284,0.5030550360679626,0.34598132967948914,0.5600493550300598,-0.43955183029174805,0.8180781006813049,0.3268355429172516,0.5405517220497131,-0.35567811131477356,0.47599852085113525,0.3310026228427887,0.6078940629959106,-0.46000418066978455,0.7591089010238647,0.31519678235054016,0.5830911993980408,-0.3750259280204773,0.5486769676208496,0.28708305954933167,0.47854065895080566,-0.5632650852203369,0.8970651030540466,0.28158408403396606,0.46439868211746216,-0.4545370042324066,0.5828932523727417
0.49940550327301025,0.16488763689994812,-0.17559781670570374,0.999995768070221,0.5064170360565186,0.15158048272132874,-0.16587454080581665,0.9999933838844299,0.5104104280471802,0.15242449939250946,-0.16608065366744995,0.999992847442627,0.5135377645492554,0.15359731018543243,-0.16603928804397583,0.999994695186615,0.5016613602638245,0.1502198874950409,-0.15106286108493805,0.9999942779541016,0.5008839964866638,0.14972101151943207,-0.15134285390377045,0.999994158744812,0.4999886751174927,0.14897499978542328,-0.15139727294445038,0.9999945759773254,0.5270553827285767,0.16464021801948547,-0.0988340675830841,0.9999950528144836,0.5059645771980286,0.15726549923419952,-0.03067651204764843,0.9999791383743286,0.5060400366783142,0.18486854434013367,-0.14889754354953766,0.999994695186615,0.49900296330451965,0.181174173951149,-0.13077887892723083,0.9999900460243225,0.5515305995941162,0.2585126757621765,-0.09595309942960739,0.9999972581863403,0.48184001445770264,0.26465848088264465,0.0853181928396225,0.9999750256538391,0.5727235674858093,0.37981846928596497,-0.18896697461605072,0.9807124733924866,0.456181138753891,0.3750946819782257,0.09485484659671783,0.5024230480194092,0.526670515537262,0.36814525723457336,-0.3465538024902344,0.9878451228141785,0.4054303765296936,0.36884674429893494,-0.04365549236536026,0.894753098487854,0.5143930315971375,0.3657809793949127,-0.3833184838294983,0.9851773977279663,0.39073124527931213,0.36652418971061707,-0.056737206876277924,0.9133288860321045,0.5125393271446228,0.3462119400501251,-0.3861771523952484,0.9863036274909973,0.39087969064712524,0.350185751914978,-0.08900220692157745,0.9174445271492004,0.5137336254119873,0.3494720458984375,-0.3489754796028137,0.9772056937217712,0.3970285952091217,0.35097646713256836,-0.059868525713682175,0.8983311057090759,0.525664746761322,0.4846896827220917,-0.06491617858409882,0.9997255206108093,0.4870404601097107,0.4628024995326996,0.06468137353658676,0.9995989203453064,0.44735607504844666,0.4628583490848541,-0.2787476181983948,0.8393923044204712,0.41675710678100586,0.44676071405410767,-0.16805298626422882,0.48450836539268494,0.3492729961872101,0.5255312919616699,-0.46353596448898315,0.8152245283126831,0.32862186431884766,0.4967898428440094,-0.364290714263916,0.44851577281951904,0.3333820104598999,0.5749625563621521,-0.48776403069496155,0.776827871799469,0.31319883465766907,0.5412184000015259,-0.38746118545532227,0.5500602722167969,0.3051740825176239,0.47985953092575073,-0.5908204317092896,0.9015748500823975,0.281560480594635,0.4161592125892639,-0.4686562120914459,0.5800028443336487
0.49925172328948975,0.16439956426620483,-0.1765296310186386,0.9999955296516418,0.5063019394874573,0.1511286348104477,-0.16817840933799744,0.9999932050704956,0.5102740526199341,0.15204498171806335,-0.16840340197086334,0.9999926686286926,0.5133901834487915,0.15324750542640686,-0.16837476193904877,0.9999946355819702,0.5016030669212341,0.14985406398773193,-0.15335983037948608,0.9999942779541016,0.5008283257484436,0.14936406910419464,-0.15363851189613342,0.9999942183494568,0.49993646144866943,0.1486080139875412,-0.15371251106262207,0.9999945163726807,0.5269001126289368,0.16455772519111633,-0.10628802329301834,0.999994695186615,0.505955159664154,0.15698467195034027,-0.0375334769487381,0.9999769330024719,0.5056778192520142,0.1846514344215393,-0.15159843862056732,0.9999935030937195,0.49885478615760803,0.18092797696590424,-0.13328132033348083,0.9999876022338867,0.5514942407608032,0.25851312279701233,-0.10851581394672394,0.9999971389770508,0.48102501034736633,0.26478832960128784,0.0717015191912651,0.9999727010726929,0.5720922350883484,0.379966676235199,-0.22022706270217896,0.9711208939552307,0.4556724429130554,0.3751582205295563,0.06894098222255707,0.45984184741973877,0.5266414284706116,0.3680570423603058,-0.3838856816291809,0.9848348498344421,0.40574249625205994,0.3688527047634125,-0.07931766659021378,0.8622192740440369,0.5143311023712158,0.36604562401771545,-0.42491114139556885,0.9828086495399475,0.3907376229763031,0.36653876304626465,-0.09832350164651871,0.8934681415557861,0.5125254988670349,0.34609413146972656,-0.4286714494228363,0.9840560555458069,0.39128217101097107,0.35002124309539795,-0.1295110136270523,0.8993457555770874,0.5137330293655396,0.34929028153419495,-0.3877524733543396,0.9729933142662048,0.397432804107666,0.35024505853652954,-0.09615244716405869,0.8738930225372314,0.520114541053772,0.48085570335388184,-0.06344883888959885,0.9996313452720642,0.48323050141334534,0.45504680275917053,0.06317606568336487,0.9994586110115051,0.4458713233470917,0.4287053048610687,-0.2575491964817047,0.8220852017402649,0.4111008644104004,0.41220858693122864,-0.12194296717643738,0.4491460919380188,0.3393576443195343,0.46703436970710754,-0.42988866567611694,0.7898008823394775,0.325195848941803,0.45193013548851013,-0.2860140800476074,0.41258856654167175,0.32601529359817505,0.5095695853233337,-0.45243316888809204,0.7822375893592834,0.31463494896888733,0.5245123505592346,-0.3062332570552826,0.5288975834846497,0.28887128829956055,0.38305142521858215,-0.5482982993125916,0.8941665291786194,0.27349910140037537,0.40731799602508545,-0.37744084000587463,0.5495058298110962
0.49910369515419006,0.16443903744220734,-0.14393185079097748,0.9999953508377075,0.5062242746353149,0.15115153789520264,-0.13667741417884827,0.9999932646751404,0.5101732611656189,0.15204553306102753,-0.1368924081325531,0.9999927282333374,0.5132681727409363,0.15322096645832062,-0.13688181340694427,0.9999948143959045,0.5015336275100708,0.14988493919372559,-0.12138324230909348,0.9999942779541016,0.5007537007331848,0.14939428865909576,-0.12167000770568848,0.9999940991401672,0.49985331296920776,0.14863525331020355,-0.1217547357082367,0.9999942779541016,0.5268301367759705,0.16418032348155975,-0.08604475855827332,0.9999945759773254,0.5059559345245361,0.15682858228683472,-0.01720293238759041,0.999971866607666,0.5054881572723389,0.1847154051065445,-0.12334389239549637,0.9999921917915344,0.49852317571640015,0.18107947707176208,-0.10434098541736603,0.9999826550483704,0.5514997839927673,0.25890815258026123,-0.09371604025363922,0.9999969601631165,0.4807703197002411,0.2648027837276459,0.08420795947313309,0.9999604225158691,0.5715219378471375,0.3797522783279419,-0.20715001225471497,0.9572323560714722,0.4550431966781616,0.36970382928848267,0.058976445347070694,0.41528576612472534,0.5266309976577759,0.36803752183914185,-0.3596166968345642,0.9718689322471619,0.42367807030677795,0.38426893949508667,-0.09466715157032013,0.7773950695991516,0.5135298371315002,0.368268221616745,-0.40213724970817566,0.9706343412399292,0.4145541787147522,0.3992108106613159,-0.11524996161460876,0.8068264126777649,0.5119052529335022,0.34611406922340393,-0.4018271267414093,0.97273188829422,0.4151945114135742,0.3890759348869324,-0.1437758356332779,0.8122827410697937,0.513645350933075,0.34930285811424255,-0.3619704246520996,0.9545214772224426,0.420282781124115,0.3874783217906952,-0.11069737374782562,0.7889901995658875,0.5195280909538269,0.47671785950660706,-0.06285212188959122,0.99958735704422,0.4837303161621094,0.4550349712371826,0.06255719065666199,0.999330461025238,0.44697266817092896,0.43553611636161804,-0.2719247043132782,0.7966489791870117,0.40733757615089417,0.41380536556243896,-0.10245034843683243,0.4083576202392578,0.3442601263523102,0.439627468585968,-0.5268920660018921,0.7679891586303711,0.32387253642082214,0.4350254535675049,-0.20195432007312775,0.37393778562545776,0.3303774297237396,0.4783531427383423,-0.5578108429908752,0.7910187840461731,0.31613340973854065,0.46981245279312134,-0.21485145390033722,0.49309974908828735,0.30586397647857666,0.33146151900291443,-0.6734086871147156,0.892850935459137,0.28722622990608215,0.36016198992729187,-0.2851799428462982,0.5052294731140137
0.49910253286361694,0.16449540853500366,-0.13617970049381256,0.9999955892562866,0.5062492489814758,0.1511382758617401,-0.12854988873004913,0.9999936819076538,0.5101797580718994,0.1520143300294876,-0.12874549627304077,0.9999931454658508,0.5132614970207214,0.1531582772731781,-0.1287412792444229,0.9999951720237732,0.5015289187431335,0.14987541735172272,-0.11291594058275223,0.9999945759773254,0.5007386803627014,0.14938870072364807,-0.11319062858819962,0.9999944567680359,0.4998187720775604,0.1486307978630066,-0.11325819790363312,0.9999945163726807,0.5268176198005676,0.16389219462871552,-0.0755193755030632,0.9999948143959045,0.505898118019104,0.15663602948188782,-0.005421752110123634,0.9999719262123108,0.5054895281791687,0.18470613658428192,-0.11472120136022568,0.9999921321868896,0.49850529432296753,0.18114939332008362,-0.0955633595585823,0.9999820590019226,0.5515092611312866,0.2587876319885254,-0.08379902690649033,0.999997079372406,0.48073771595954895,0.2643168568611145,0.08300848305225372,0.9999597072601318,0.5711830854415894,0.378084659576416,-0.20089760422706604,0.9522210955619812,0.4545227885246277,0.3628193438053131,0.028904594480991364,0.37807294726371765,0.5263221263885498,0.36934635043144226,-0.3527064621448517,0.9670816659927368,0.43798962235450745,0.3897809684276581,-0.153498575091362,0.7032136917114258,0.5135341286659241,0.3731991648674011,-0.3970845639705658,0.9664707183837891,0.4359317123889923,0.40922582149505615,-0.18218763172626495,0.7332253456115723,0.5117867588996887,0.348084419965744,-0.39721792936325073,0.9688050746917725,0.44009387493133545,0.3977098762989044,-0.20531384646892548,0.7384910583496094,0.5136443376541138,0.35105466842651367,-0.35522645711898804,0.9475115537643433,0.4432357847690582,0.3951864540576935,-0.1680058091878891,0.7157737612724304,0.5155403017997742,0.4738292694091797,-0.060707807540893555,0.999599814414978,0.4823746085166931,0.45091983675956726,0.06044432148337364,0.9993355870246887,0.44317278265953064,0.39736369252204895,-0.2587304413318634,0.7914161682128906,0.3961690068244934,0.4012783467769623,-0.10532327741384506,0.37801769375801086,0.3411283791065216,0.38456401228904724,-0.45250824093818665,0.7651230692863464,0.3072490692138672,0.3827716112136841,-0.23492945730686188,0.34445497393608093,0.32334625720977783,0.4154438078403473,-0.4771973192691803,0.8041210770606995,0.2972184121608734,0.376168429851532,-0.2508963346481323,0.47847792506217957,0.30888527631759644,0.2617441415786743,-0.5892887115478516,0.8977808952331543,0.2944203317165375,0.24925626814365387,-0.325874388217926,0.4869990050792694
0.49909165501594543,0.16452810168266296,-0.1474064290523529,0.9999956488609314,0.5062602162361145,0.15114979445934296,-0.13789691030979156,0.9999938607215881,0.5101858377456665,0.15201854705810547,-0.13808663189411163,0.9999933242797852,0.5132724046707153,0.1531573385000229,-0.13809221982955933,0.9999953508377075,0.5015186667442322,0.14989151060581207,-0.12459241598844528,0.999994695186615,0.5006772875785828,0.14940792322158813,-0.12486420571804047,0.9999945163726807,0.49964791536331177,0.14864607155323029,-0.12494277954101562,0.9999945759773254,0.526816725730896,0.16387157142162323,-0.07789812237024307,0.9999947547912598,0.5056261420249939,0.1566314548254013,-0.015125387348234653,0.9999696016311646,0.5054569840431213,0.18465088307857513,-0.12303848564624786,0.9999914169311523,0.49841034412384033,0.18120355904102325,-0.10663953423500061,0.9999796152114868,0.5516038537025452,0.2584548890590668,-0.08308526128530502,0.999997079372406,0.4800567924976349,0.26347628235816956,0.06941572576761246,0.9999563097953796,0.5707404017448425,0.3768866956233978,-0.19924655556678772,0.9417224526405334,0.4543185234069824,0.3612883388996124,0.03854203224182129,0.34405773878097534,0.5258989930152893,0.3693365752696991,-0.35521286725997925,0.9589689373970032,0.42960086464881897,0.40680626034736633,-0.1109095886349678,0.6352241635322571,0.5131977796554565,0.3734327256679535,-0.39911124110221863,0.9582710862159729,0.42194825410842896,0.4260643422603607,-0.1341683566570282,0.663754940032959,0.5109790563583374,0.3488582670688629,-0.3989515006542206,0.9609756469726562,0.4243406653404236,0.4186265170574188,-0.1609453409910202,0.6687082648277283,0.5128698945045471,0.3515167534351349,-0.357742577791214,0.9343037605285645,0.42898353934288025,0.41589513421058655,-0.12618185579776764,0.6475085616111755,0.514262318611145,0.4679082930088043,-0.05805489793419838,0.9995930790901184,0.48107150197029114,0.4507058560848236,0.05779065191745758,0.9993141889572144,0.44145816564559937,0.36658167839050293,-0.23622305691242218,0.7730105519294739,0.39697206020355225,0.3966045081615448,-0.1024666577577591,0.3471430242061615,0.3399156928062439,0.3408832848072052,-0.4136563539505005,0.7448775768280029,0.30584004521369934,0.35478848218917847,-0.21572495996952057,0.31592974066734314,0.3225957453250885,0.3723362982273102,-0.4391579329967499,0.8082463145256042,0.2977987229824066,0.3483911454677582,-0.23051008582115173,0.45952069759368896,0.31352823972702026,0.22787311673164368,-0.5378488898277283,0.8948318362236023,0.2952207922935486,0.22183862328529358,-0.30542558431625366,0.46195268630981445
0.4990914463996887,0.16473165154457092,-0.14303849637508392,0.9999956488609314,0.5062892436981201,0.151242196559906,-0.13298864662647247,0.9999939203262329,0.5101854801177979,0.15204498171806335,-0.1331660896539688,0.9999933242797852,0.513282060623169,0.1531628519296646,-0.13316534459590912,0.9999954700469971,0.5015139579772949,0.15006347000598907,-0.11889515072107315,0.9999948143959045,0.5006483197212219,0.14966145157814026,-0.11915862560272217,0.9999945759773254,0.4995754361152649,0.1489855945110321,-0.11922448128461838,0.9999946355819702,0.5268167853355408,0.1638135462999344,-0.06965139508247375,0.9999944567680359,0.5054768919944763,0.15670742094516754,-0.0044245305471122265,0.999967098236084,0.5054615139961243,0.184629425406456,-0.11784932762384415,0.9999902844429016,0.4983864426612854,0.18138377368450165,-0.10067246854305267,0.9999764561653137,0.5515987873077393,0.2580377459526062,-0.07597401738166809,0.9999970197677612,0.48006120324134827,0.2630756199359894,0.07121840864419937,0.9999539852142334,0.5707002282142639,0.3752236068248749,-0.1931140422821045,0.925964891910553,0.4529813826084137,0.361758828163147,0.05766413360834122,0.3110637366771698,0.5259413123130798,0.36919552087783813,-0.34107333421707153,0.9404786229133606,0.4284973740577698,0.4083339273929596,-0.10685764998197556,0.5728924870491028,0.5129393935203552,0.37416911125183105,-0.38214439153671265,0.9398340582847595,0.4202183485031128,0.4354126751422882,-0.12339233607053757,0.5996173024177551,0.5105589032173157,0.34973016381263733,-0.3800029456615448,0.9431190490722656,0.42184245586395264,0.4285787045955658,-0.14908061921596527,0.6041693091392517,0.5128033757209778,0.3515855371952057,-0.3424188792705536,0.9075196385383606,0.4268324077129364,0.42565175890922546,-0.12430677562952042,0.5846714377403259,0.5113190412521362,0.46908992528915405,-0.05902640148997307,0.9995828866958618,0.4778040647506714,0.4538125991821289,0.05876449868083,0.9992977380752563,0.438467413187027,0.3651723563671112,-0.23901131749153137,0.7464806437492371,0.3967275619506836,0.3857840299606323,-0.11424902826547623,0.31794309616088867,0.34114691615104675,0.32811951637268066,-0.419942170381546,0.7167972922325134,0.30995801091194153,0.3542829155921936,-0.26464784145355225,0.2887022793292999,0.3259315490722656,0.3812623620033264,-0.444221556186676,0.8062867522239685,0.3003762364387512,0.3844448924064636,-0.2827908396720886,0.43748778104782104,0.31481197476387024,0.2160165160894394,-0.5450355410575867,0.8880491256713867,0.2949061989784241,0.2239759862422943,-0.3578599989414215,0.43517306447029114
0.4991140365600586,0.16508905589580536,-0.12563708424568176,0.9999955296516418,0.5063445568084717,0.15150249004364014,-0.11704400181770325,0.9999939203262329,0.5102010369300842,0.15222452580928802,-0.11722269654273987,0.9999932646751404,0.5133243799209595,0.1532861441373825,-0.11721561849117279,0.9999955296516418,0.5015422105789185,0.1503225415945053,-0.10112175345420837,0.9999947547912598,0.5006744861602783,0.1499248445034027,-0.10136962682008743,0.9999944567680359,0.4995986223220825,0.14923687279224396,-0.10142509639263153,0.9999944567680359,0.526935875415802,0.1638152152299881,-0.059467557817697525,0.999994158744812,0.5054881572723389,0.156720831990242,0.013415082357823849,0.9999626874923706,0.5054884552955627,0.18467552959918976,-0.10270459204912186,0.9999890923500061,0.49838587641716003,0.18173743784427643,-0.08316086232662201,0.9999724626541138,0.5515960454940796,0.2580380439758301,-0.07397866249084473,0.9999970197677612,0.47999775409698486,0.2628377377986908,0.10641661286354065,0.999950110912323,0.5698724985122681,0.37531521916389465,-0.19322258234024048,0.9154458045959473,0.45405158400535583,0.3624889552593231,0.09106102585792542,0.280641108751297,0.5256787538528442,0.3692294955253601,-0.3379606604576111,0.9302962422370911,0.4275159239768982,0.41513416171073914,-0.04319818690419197,0.5162962675094604,0.5121749043464661,0.3766421377658844,-0.3788011372089386,0.9286254644393921,0.41735517978668213,0.43772459030151367,-0.057956743985414505,0.5410254001617432,0.5094702243804932,0.35237666964530945,-0.3747655153274536,0.932247519493103,0.4191349148750305,0.42629221081733704,-0.08693218976259232,0.5451940894126892,0.5121436715126038,0.3521188795566559,-0.33841389417648315,0.8900587558746338,0.42359405755996704,0.4249210059642792,-0.05899982899427414,0.5274534821510315,0.5088266134262085,0.464473158121109,-0.06392797827720642,0.999581515789032,0.47574567794799805,0.4551301598548889,0.06365469098091125,0.9992818832397461,0.43533024191856384,0.3506470322608948,-0.24076257646083832,0.7346782088279724,0.4007396697998047,0.3756045997142792,-0.09484858810901642,0.2925471365451813,0.3420824706554413,0.31098026037216187,-0.4171859920024872,0.7071658372879028,0.3214527368545532,0.3224230110645294,-0.22586151957511902,0.265898197889328,0.3275165259838104,0.3705316185951233,-0.4402080178260803,0.8102548718452454,0.30829113721847534,0.3456716537475586,-0.24113541841506958,0.421700119972229,0.3152390122413635,0.20968712866306305,-0.5429480671882629,0.8873644471168518,0.2942104637622833,0.22852228581905365,-0.31460466980934143,0.41392555832862854
0.4992145001888275,0.16544628143310547,-0.12769529223442078,0.9999953508377075,0.5064051747322083,0.15186244249343872,-0.11824195086956024,0.9999938011169434,0.5102295279502869,0.15241293609142303,-0.11842182278633118,0.9999930262565613,0.5133837461471558,0.1533510535955429,-0.11841389536857605,0.9999954700469971,0.5015740990638733,0.15087249875068665,-0.10319002717733383,0.9999946355819702,0.5006970763206482,0.15059074759483337,-0.10344158113002777,0.9999942779541016,0.4996151328086853,0.15001873672008514,-0.10350557416677475,0.9999942183494568,0.5269957780838013,0.16378553211688995,-0.05618977174162865,0.9999938011169434,0.5055451393127441,0.15691618621349335,0.012637020088732243,0.9999585151672363,0.5055285692214966,0.18468233942985535,-0.10325293987989426,0.999987781047821,0.4984968602657318,0.18198631703853607,-0.08480265736579895,0.9999681115150452,0.5517009496688843,0.25809356570243835,-0.06573663651943207,0.9999970197677612,0.48013097047805786,0.262740820646286,0.10459596663713455,0.9999459385871887,0.5696346163749695,0.37580791115760803,-0.18066813051700592,0.9038668870925903,0.4540601968765259,0.3622635006904602,0.08033177256584167,0.25359970331192017,0.525681734085083,0.36904826760292053,-0.32532352209091187,0.9206930994987488,0.42600777745246887,0.4081730246543884,-0.05957268923521042,0.4656746983528137,0.5118134617805481,0.3767026662826538,-0.36490121483802795,0.9183349609375,0.41563716530799866,0.42810484766960144,-0.07435082644224167,0.48886051774024963,0.5092976093292236,0.3524470925331116,-0.3629617989063263,0.9224237203598022,0.4168536365032196,0.4196111857891083,-0.09976597130298615,0.4927218556404114,0.5119829773902893,0.35213184356689453,-0.32654067873954773,0.8744811415672302,0.4218314588069916,0.4180339276790619,-0.07412801682949066,0.4764353930950165,0.5102041363716125,0.46494725346565247,-0.0637265220284462,0.9995740652084351,0.47585630416870117,0.45577895641326904,0.06345124542713165,0.9992614388465881,0.4332367777824402,0.34877803921699524,-0.2382051795721054,0.7199965119361877,0.40108317136764526,0.3688647150993347,-0.10152523964643478,0.2704606354236603,0.3427497446537018,0.32056641578674316,-0.40907156467437744,0.6899062395095825,0.32563334703445435,0.32642194628715515,-0.23789484798908234,0.2441566437482834,0.3270546793937683,0.38195061683654785,-0.43131664395332336,0.8091079592704773,0.30482083559036255,0.37754273414611816,-0.25396084785461426,0.4036288559436798,0.3150385320186615,0.22024132311344147,-0.5276756882667542,0.8830447196960449,0.28303706645965576,0.2567945122718811,-0.32482704520225525,0.3921787142753601
0.49970099329948425,0.16589611768722534,-0.12527041137218475,0.9999951720237732,0.5068185925483704,0.15232081711292267,-0.11468103528022766,0.999993622303009,0.510540246963501,0.15271835029125214,-0.11485607177019119,0.9999926686286926,0.5136796832084656,0.1535787582397461,-0.11484929919242859,0.9999954104423523,0.5018977522850037,0.15148106217384338,-0.1009892076253891,0.9999945759773254,0.5009775757789612,0.15133036673069,-0.10125184804201126,0.9999940991401672,0.49984845519065857,0.15095679461956024,-0.10132438689470291,0.9999940395355225,0.5270834565162659,0.16381733119487762,-0.04864021763205528,0.9999932646751404,0.5057483315467834,0.15775136649608612,0.014070829376578331,0.9999542236328125,0.5059702396392822,0.18470972776412964,-0.09945012629032135,0.9999859929084778,0.4990769624710083,0.18251441419124603,-0.08272020518779755,0.9999628067016602,0.5519988536834717,0.2584991753101349,-0.05291074141860008,0.9999969005584717,0.48013585805892944,0.2625388503074646,0.10127856582403183,0.99994295835495,0.5694016814231873,0.37610483169555664,-0.16858887672424316,0.8710538148880005,0.45196351408958435,0.3594159483909607,0.04951958730816841,0.2290996015071869,0.525775134563446,0.36849310994148254,-0.3189140558242798,0.885969340801239,0.4222080111503601,0.40576857328414917,-0.1176353394985199,0.41975662112236023,0.5117266774177551,0.376353919506073,-0.3587821424007416,0.8862264156341553,0.4108513295650482,0.41787445545196533,-0.14190350472927094,0.44126754999160767,0.5092939138412476,0.35230520367622375,-0.3588671088218689,0.8918655514717102,0.41328921914100647,0.4147246479988098,-0.16676972806453705,0.4448184072971344,0.5119932889938354,0.35205280780792236,-0.32129809260368347,0.8353149890899658,0.41881436109542847,0.4146668314933777,-0.13250769674777985,0.4298971891403198,0.5086969137191772,0.46658411622047424,-0.05988661199808121,0.999565601348877,0.4740576446056366,0.45446333289146423,0.05959320068359375,0.9992482662200928,0.43285825848579407,0.3545607328414917,-0.23920561373233795,0.6752743124961853,0.39478880167007446,0.36981281638145447,-0.11348770558834076,0.24574579298496246,0.3409461975097656,0.3254742920398712,-0.42366063594818115,0.6457207798957825,0.3145013451576233,0.3346914052963257,-0.2569771707057953,0.22111068665981293,0.32218340039253235,0.3595728874206543,-0.4475058615207672,0.7906901836395264,0.30342796444892883,0.36731016635894775,-0.2738615572452545,0.37359529733657837,0.3131379187107086,0.209770068526268,-0.5470402240753174,0.8611240386962891,0.29319655895233154,0.21117369830608368,-0.3446383774280548,0.3604082763195038
0.49974313378334045,0.16616909205913544,-0.1385994851589203,0.9999944567680359,0.5068777799606323,0.15255875885486603,-0.13041047751903534,0.999992847442627,0.5105237364768982,0.15289044380187988,-0.13059106469154358,0.9999919533729553,0.513677179813385,0.15365956723690033,-0.13058887422084808,0.9999949932098389,0.5020197629928589,0.15189991891384125,-0.11493835598230362,0.9999939203262329,0.5011162757873535,0.1518535614013672,-0.11520292609930038,0.9999934434890747,0.500029444694519,0.15159544348716736,-0.11528056114912033,0.9999932050704956,0.5270834565162659,0.16386306285858154,-0.07047965377569199,0.9999927282333374,0.5061953663825989,0.1585160195827484,0.0008252951083704829,0.9999483227729797,0.5059691667556763,0.18472351133823395,-0.11426988244056702,0.9999843239784241,0.4992538094520569,0.18288356065750122,-0.09521560370922089,0.9999577403068542,0.552000105381012,0.2594674825668335,-0.07452645152807236,0.9999969005584717,0.48014190793037415,0.2624209225177765,0.09734849631786346,0.999940812587738,0.5689836740493774,0.3770858347415924,-0.18882809579372406,0.8699123859405518,0.45208120346069336,0.3594830632209778,0.08169639110565186,0.20781464874744415,0.5256019234657288,0.3685699701309204,-0.32726559042930603,0.8849490880966187,0.42401230335235596,0.4032774269580841,-0.04195797070860863,0.3797931671142578,0.5117350816726685,0.37622326612472534,-0.37078529596328735,0.8850151896476746,0.41355353593826294,0.41831669211387634,-0.05765074864029884,0.4013211131095886,0.5093211531639099,0.3524914085865021,-0.37117111682891846,0.8908613324165344,0.41511794924736023,0.41182953119277954,-0.08514169603586197,0.40479302406311035,0.5120005011558533,0.35226571559906006,-0.33060118556022644,0.8318501710891724,0.4203241765499115,0.41100069880485535,-0.05649075284600258,0.3904185891151428,0.5072068572044373,0.4670930504798889,-0.06006218120455742,0.999549150466919,0.47341108322143555,0.45413023233413696,0.059732094407081604,0.999208927154541,0.43477898836135864,0.36191532015800476,-0.2620137929916382,0.6881877183914185,0.3912613093852997,0.3743049204349518,-0.11692508310079575,0.23758253455162048,0.3420739769935608,0.3426405191421509,-0.44476020336151123,0.6564764380455017,0.3056198060512543,0.34595412015914917,-0.2662035822868347,0.21074095368385315,0.32547426223754883,0.3974490761756897,-0.4678054451942444,0.8038598299026489,0.2958621084690094,0.34196633100509644,-0.28390684723854065,0.3773735463619232,0.3139375150203705,0.23906518518924713,-0.5731163024902344,0.8689684271812439,0.29216301441192627,0.22569215297698975,-0.3618699312210083,0.36306625604629517
0.4998592138290405,0.16651667654514313,-0.14709243178367615,0.9999939799308777,0.5071479678153992,0.1530301719903946,-0.13778236508369446,0.9999923706054688,0.5106238722801208,0.1533716320991516,-0.1379580944776535,0.9999913573265076,0.5138689279556274,0.15407685935497284,-0.13794611394405365,0.999994695186615,0.5023072957992554,0.15245923399925232,-0.12244929373264313,0.9999935626983643,0.5014201402664185,0.15251776576042175,-0.12271968275308609,0.9999930262565613,0.5003880262374878,0.15237849950790405,-0.12279463559389114,0.9999927878379822,0.5271301865577698,0.1642688810825348,-0.0729825496673584,0.9999920725822449,0.5067027807235718,0.15968947112560272,-0.0024448272306472063,0.9999430775642395,0.5060074329376221,0.1848481446504593,-0.1209774762392044,0.9999821782112122,0.4994813799858093,0.18320415914058685,-0.10213544964790344,0.9999518394470215,0.5520059466362,0.26104220747947693,-0.07595367729663849,0.9999968409538269,0.48007211089134216,0.2626725733280182,0.096297487616539,0.9999390840530396,0.568713903427124,0.37792307138442993,-0.19296234846115112,0.8582937121391296,0.4521283805370331,0.3598918914794922,0.08493164926767349,0.18802966177463531,0.5255110263824463,0.36930540204048157,-0.3314133882522583,0.8692547082901001,0.4300098419189453,0.4031042456626892,-0.04646007716655731,0.34298479557037354,0.5117467045783997,0.3760526180267334,-0.3761969208717346,0.8698156476020813,0.4221388101577759,0.41722220182418823,-0.06416419893503189,0.3637400269508362,0.5096561312675476,0.35246482491493225,-0.37634238600730896,0.8764958381652832,0.42420950531959534,0.40902507305145264,-0.08983738720417023,0.3670364320278168,0.5121850371360779,0.35223329067230225,-0.3351675868034363,0.8104847073554993,0.4287669062614441,0.4079051613807678,-0.060433488339185715,0.3534775674343109,0.5060198307037354,0.4675479829311371,-0.060489244759082794,0.9995377659797668,0.47336190938949585,0.45298221707344055,0.06019068881869316,0.9991885423660278,0.43520882725715637,0.37203410267829895,-0.2716367542743683,0.6724792122840881,0.38827064633369446,0.3804945945739746,-0.15197648108005524,0.22448046505451202,0.3412850499153137,0.36489903926849365,-0.46040165424346924,0.637508749961853,0.30396026372909546,0.35998785495758057,-0.317208856344223,0.1950870156288147,0.3253020942211151,0.4166257381439209,-0.484070748090744,0.8010897636413574,0.2953527569770813,0.3650953769683838,-0.3366861045360565,0.36320173740386963,0.3115321397781372,0.2586076557636261,-0.5949482321739197,0.8653525114059448,0.2926797866821289,0.234759122133255,-0.4237006902694702,0.3500637710094452
0.500050961971283,0.1668708473443985,-0.13834302127361298,0.9999939203262329,0.5073860287666321,0.15341557562351227,-0.1298472136259079,0.9999924898147583,0.5107018947601318,0.15376316010951996,-0.13005736470222473,0.9999915361404419,0.5140232443809509,0.15432994067668915,-0.13004876673221588,0.9999948740005493,0.5026534199714661,0.15306401252746582,-0.1147141233086586,0.9999936819076538,0.5018245577812195,0.15318100154399872,-0.11497914791107178,0.999993085861206,0.5008777976036072,0.1530960351228714,-0.11506649851799011,0.999992847442627,0.5272719264030457,0.1643420308828354,-0.06631777435541153,0.9999921917915344,0.5075190663337708,0.16012971103191376,0.0036538615822792053,0.9999415278434753,0.5061510801315308,0.18504659831523895,-0.11288554966449738,0.9999822378158569,0.5000313520431519,0.1837623566389084,-0.09407354891300201,0.999950647354126,0.5521115064620972,0.26207417249679565,-0.06847752630710602,0.9999967813491821,0.4802562892436981,0.2641645669937134,0.09817421436309814,0.9999346733093262,0.5687209963798523,0.37916091084480286,-0.17351005971431732,0.8476358652114868,0.4522453248500824,0.3611719012260437,0.07797382026910782,0.17054569721221924,0.5255300402641296,0.3691251575946808,-0.3233240842819214,0.8570806980133057,0.42022573947906494,0.3748806118965149,-0.09083868563175201,0.3115394413471222,0.5118235349655151,0.37592384219169617,-0.3633609414100647,0.8580709099769592,0.4081667959690094,0.3728509545326233,-0.11469315737485886,0.33343273401260376,0.5099003911018372,0.3524417579174042,-0.3653735816478729,0.8655747175216675,0.4035642445087433,0.3649790585041046,-0.14142200350761414,0.3368646800518036,0.5122372508049011,0.3521306812763214,-0.32629823684692383,0.7949107885360718,0.41055673360824585,0.3685583472251892,-0.10655517131090164,0.3232839107513428,0.5066294074058533,0.47379258275032043,-0.06069463863968849,0.9995076060295105,0.4739251732826233,0.4534372091293335,0.06043577194213867,0.9991384148597717,0.43450480699539185,0.38566258549690247,-0.2491401582956314,0.6413550972938538,0.39171239733695984,0.3884371221065521,-0.07394185662269592,0.20595398545265198,0.3313054144382477,0.37431222200393677,-0.46206292510032654,0.6107736229896545,0.3455051779747009,0.4399782121181488,-0.21240320801734924,0.17717225849628448,0.31320515275001526,0.42443031072616577,-0.4879477322101593,0.7946789264678955,0.34477919340133667,0.4759375751018524,-0.22864650189876556,0.33790284395217896,0.2965564429759979,0.29026758670806885,-0.5894472002983093,0.8511685729026794,0.319053053855896,0.3795499801635742,-0.2918718755245209,0.3212242126464844
0.5001782774925232,0.1670175939798355,-0.142996683716774,0.9999942183494568,0.5076864957809448,0.15352042019367218,-0.13380971550941467,0.9999927878379822,0.5109061598777771,0.15387068688869476,-0.13400976359844208,0.9999918341636658,0.514355480670929,0.1544075310230255,-0.13399742543697357,0.9999950528144836,0.5029362440109253,0.15331125259399414,-0.11966285109519958,0.9999940395355225,0.5020973086357117,0.15344884991645813,-0.1199290007352829,0.9999935030937195,0.5011540055274963,0.15337440371513367,-0.12001533806324005,0.9999932646751404,0.5276016592979431,0.16445261240005493,-0.06644095480442047,0.9999924302101135,0.5077674388885498,0.1603807657957077,0.00027322268579155207,0.9999446868896484,0.5062453150749207,0.185127392411232,-0.11571869999170303,0.9999830722808838,0.5002209544181824,0.18392246961593628,-0.09807853400707245,0.9999532699584961,0.5523404479026794,0.26266342401504517,-0.06795844435691833,0.9999968409538269,0.4802601635456085,0.2655608654022217,0.09759731590747833,0.9999369978904724,0.5687347650527954,0.3803689181804657,-0.17560909688472748,0.8480692505836487,0.45232293009757996,0.36842143535614014,0.06904208660125732,0.159039705991745,0.5256600975990295,0.36911720037460327,-0.3298598527908325,0.8585544228553772,0.41215938329696655,0.37163999676704407,-0.11261953413486481,0.30390268564224243,0.5119220018386841,0.3758459687232971,-0.37016889452934265,0.8597612977027893,0.39609116315841675,0.36733344197273254,-0.13865824043750763,0.3392907977104187,0.5103996396064758,0.35231199860572815,-0.37120455503463745,0.8673650026321411,0.3960531949996948,0.35509082674980164,-0.1662808209657669,0.34420740604400635,0.512623131275177,0.35198038816452026,-0.332469642162323,0.7966209053993225,0.4025765657424927,0.3586216866970062,-0.12895624339580536,0.3239326775074005,0.507179856300354,0.4758085608482361,-0.060778941959142685,0.9994779825210571,0.47426655888557434,0.45334601402282715,0.06050775945186615,0.9991150498390198,0.4353331923484802,0.41147685050964355,-0.26317909359931946,0.6394104957580566,0.3923470377922058,0.41400888562202454,-0.12369110435247421,0.1997678130865097,0.33340683579444885,0.43615180253982544,-0.476470410823822,0.6015146374702454,0.31606152653694153,0.4767509698867798,-0.29447999596595764,0.16528847813606262,0.31779903173446655,0.4791121780872345,-0.5024439692497253,0.7951956987380981,0.31333333253860474,0.5224132537841797,-0.3144858181476593,0.33176037669181824,0.2868276834487915,0.33868175745010376,-0.604685366153717,0.8488948345184326,0.2719651162624359,0.40561777353286743,-0.387817919254303,0.31076520681381226
0.5004705786705017,0.16710910201072693,-0.1715209037065506,0.999994695186615,0.5080450177192688,0.1535898894071579,-0.16183792054653168,0.9999933838844299,0.5112611055374146,0.15393778681755066,-0.16201843321323395,0.9999924898147583,0.5148139595985413,0.15445849299430847,-0.16196541488170624,0.9999954700469971,0.5032309889793396,0.15345269441604614,-0.14663629233837128,0.9999945759773254,0.5023309588432312,0.15360824763774872,-0.1468920260667801,0.9999940991401672,0.5013546943664551,0.15353769063949585,-0.14694935083389282,0.9999938607215881,0.5277187824249268,0.16447433829307556,-0.091583751142025,0.9999930262565613,0.5078696012496948,0.16048045456409454,-0.020178087055683136,0.9999498128890991,0.506386935710907,0.18513770401477814,-0.14333787560462952,0.9999845623970032,0.5004385113716125,0.18393321335315704,-0.12421324849128723,0.9999575614929199,0.5524770617485046,0.26300349831581116,-0.08434660732746124,0.9999969005584717,0.48026296496391296,0.2659105062484741,0.09597783535718918,0.9999416470527649,0.568962812423706,0.383067786693573,-0.19246689975261688,0.8574162125587463,0.45283398032188416,0.37270012497901917,0.09999644756317139,0.17246559262275696,0.5256621241569519,0.3694332242012024,-0.35427621006965637,0.8702060580253601,0.40749040246009827,0.37073904275894165,-0.0522567480802536,0.3663744330406189,0.5119279026985168,0.3754960596561432,-0.3950963020324707,0.8710733652114868,0.3916385769844055,0.37093573808670044,-0.07263999432325363,0.4007510244846344,0.510657787322998,0.3520907461643219,-0.39809688925743103,0.8780813217163086,0.3926832377910614,0.35658785700798035,-0.105136938393116,0.40551233291625977,0.5128016471862793,0.351689875125885,-0.3573528528213501,0.8120372295379639,0.398418128490448,0.35695236921310425,-0.06943715363740921,0.3845725357532501,0.5109699964523315,0.47663941979408264,-0.06590486317873001,0.9993860721588135,0.47705286741256714,0.4521481692790985,0.06563378870487213,0.9990404844284058,0.4434300363063812,0.462638258934021,-0.30262720584869385,0.6618872284889221,0.3974030315876007,0.4272029399871826,-0.14695364236831665,0.21086466312408447,0.3375898003578186,0.4962801933288574,-0.5113196969032288,0.6268954873085022,0.31812283396720886,0.5009347796440125,-0.2938077747821808,0.16750037670135498,0.3245881199836731,0.5432831645011902,-0.5377589464187622,0.8094282150268555,0.31278932094573975,0.5738682746887207,-0.3121441900730133,0.3502546548843384,0.2880496680736542,0.44784876704216003,-0.652687132358551,0.8597745895385742,0.27897128462791443,0.46906742453575134,-0.3918527364730835,0.3275854289531708
0.5006435513496399,0.16711966693401337,-0.17460452020168304,0.999995231628418,0.5082240104675293,0.1536046713590622,-0.1650346964597702,0.9999939799308777,0.5113939046859741,0.15395906567573547,-0.16518698632717133,0.9999932050704956,0.5149975419044495,0.15448635816574097,-0.16513364017009735,0.9999958872795105,0.5033702850341797,0.1534905582666397,-0.1485424041748047,0.9999951124191284,0.5024373531341553,0.1536441594362259,-0.14879842102527618,0.999994695186615,0.5014473795890808,0.15356002748012543,-0.1488431990146637,0.9999944567680359,0.5277523398399353,0.16452407836914062,-0.0945831835269928,0.9999936819076538,0.5078784227371216,0.16051366925239563,-0.018932299688458443,0.9999547004699707,0.5064519643783569,0.185141459107399,-0.1462751030921936,0.9999860525131226,0.5005285143852234,0.18389356136322021,-0.125905379652977,0.9999616742134094,0.5525833368301392,0.2635483145713806,-0.09128949791193008,0.999997079372406,0.48023855686187744,0.26588010787963867,0.1058880090713501,0.9999467730522156,0.5694186091423035,0.3844217360019684,-0.1981588751077652,0.8702996969223022,0.4536735415458679,0.37461456656455994,0.11592008918523788,0.17993491888046265,0.5256370306015015,0.370710551738739,-0.35213547945022583,0.8820826411247253,0.4060359299182892,0.37193161249160767,-0.041957560926675797,0.42160364985466003,0.511796236038208,0.3755108714103699,-0.3904730975627899,0.8824618458747864,0.3913719058036804,0.37440192699432373,-0.06255071610212326,0.45568177103996277,0.5109975934028625,0.3520306944847107,-0.39465034008026123,0.8888691067695618,0.3918282091617584,0.3583601117134094,-0.09334591776132584,0.4603314995765686,0.5130251049995422,0.3517012596130371,-0.3545302152633667,0.8281142711639404,0.3974299430847168,0.35760170221328735,-0.05872706323862076,0.4382532238960266,0.5117304921150208,0.47662392258644104,-0.06985925883054733,0.9994044303894043,0.4770810306072235,0.4467913508415222,0.06964254379272461,0.9990876913070679,0.4433225095272064,0.46034446358680725,-0.30127498507499695,0.6914079785346985,0.4090665280818939,0.4270027279853821,-0.20080217719078064,0.25298944115638733,0.3385237455368042,0.5458462238311768,-0.4782537519931793,0.6582980751991272,0.31952428817749023,0.5271837711334229,-0.3831670582294464,0.1991582065820694,0.32479754090309143,0.589522123336792,-0.5030254125595093,0.8260480165481567,0.3116087317466736,0.5621187686920166,-0.4061177372932434,0.3903414011001587,0.29453712701797485,0.5041635036468506,-0.6123839020729065,0.8721647262573242,0.2801090180873871,0.45601242780685425,-0.5033041834831238,0.37570682168006897
0.5007846355438232,0.16717354953289032,-0.17698661983013153,0.9999957084655762,0.5084043145179749,0.1537095606327057,-0.1671420782804489,0.9999945759773254,0.5115750432014465,0.15407390892505646,-0.167296901345253,0.9999938607215881,0.5151968598365784,0.15459942817687988,-0.1672513484954834,0.9999963045120239,0.5034829378128052,0.1535927951335907,-0.1509278565645218,0.9999955892562866,0.5025167465209961,0.15376119315624237,-0.15117105841636658,0.999995231628418,0.5015068054199219,0.15368475019931793,-0.15120595693588257,0.9999949932098389,0.5278143882751465,0.1646653711795807,-0.09765103459358215,0.9999942779541016,0.5078675746917725,0.16077721118927002,-0.02251688949763775,0.9999591708183289,0.5065365433692932,0.18516476452350616,-0.1492224633693695,0.9999874234199524,0.5005824565887451,0.18389792740345,-0.12909144163131714,0.9999654293060303,0.5526605248451233,0.2639116048812866,-0.09697161614894867,0.9999972581863403,0.4802398383617401,0.26667454838752747,0.10483001917600632,0.9999514818191528,0.5696719288825989,0.38485854864120483,-0.20582914352416992,0.8824664950370789,0.45455923676490784,0.3776082396507263,0.10303663462400436,0.2180883288383484,0.5262475609779358,0.3706887364387512,-0.35701993107795715,0.893271267414093,0.4055505692958832,0.37360596656799316,-0.056531257927417755,0.4768983721733093,0.5125054121017456,0.3756422698497772,-0.39683103561401367,0.8932938575744629,0.3914782702922821,0.3759095370769501,-0.0824795588850975,0.5083043575286865,0.5115724802017212,0.35198602080345154,-0.3997567296028137,0.8991060853004456,0.39177578687667847,0.35897672176361084,-0.11533813923597336,0.5126133561134338,0.5133605599403381,0.351570188999176,-0.3593410551548004,0.8436073064804077,0.39728614687919617,0.3592693507671356,-0.07532429695129395,0.49156880378723145,0.5140437483787537,0.4797353148460388,-0.07149580866098404,0.9994243383407593,0.47792181372642517,0.453227698802948,0.07129692286252975,0.9991335868835449,0.43955197930336,0.47255152463912964,-0.3152448236942291,0.7168847322463989,0.4106827676296234,0.4710407555103302,-0.20887906849384308,0.2868352234363556,0.34175971150398254,0.5978447198867798,-0.46903207898139954,0.6848663091659546,0.3251994550228119,0.5959699749946594,-0.33768507838249207,0.22632920742034912,0.3349153399467468,0.6421920657157898,-0.49646615982055664,0.8398745059967041,0.3218775689601898,0.6462929248809814,-0.35542967915534973,0.42767712473869324,0.2962876856327057,0.5600041151046753,-0.602728545665741,0.8828790187835693,0.2792201638221741,0.5461808443069458,-0.44987133145332336,0.4177979528903961
0.5007970929145813,0.1674785614013672,-0.13595625758171082,0.9999961256980896,0.5084896683692932,0.15408514440059662,-0.12324689328670502,0.9999951124191284,0.5116896033287048,0.1545073390007019,-0.12337327003479004,0.9999944567680359,0.5153537392616272,0.15511253476142883,-0.12331404536962509,0.9999966621398926,0.5035151243209839,0.15392591059207916,-0.1062219887971878,0.9999960064888,0.5025339722633362,0.15405672788619995,-0.10646408051252365,0.9999957084655762,0.5015183687210083,0.15392613410949707,-0.10649394243955612,0.9999954700469971,0.5278796553611755,0.16532167792320251,-0.046918533742427826,0.9999948143959045,0.5078334212303162,0.16107426583766937,0.031363774091005325,0.9999632239341736,0.5065702199935913,0.18546992540359497,-0.10612006485462189,0.9999886751174927,0.5005766153335571,0.18398579955101013,-0.08503542840480804,0.9999688863754272,0.5530259609222412,0.2651662826538086,-0.04643459618091583,0.9999974370002747,0.48024117946624756,0.26745784282684326,0.15003833174705505,0.999955952167511,0.570337176322937,0.38601061701774597,-0.15091659128665924,0.8936424255371094,0.4550849497318268,0.3788452744483948,0.1666298508644104,0.2694009244441986,0.5267921090126038,0.37140440940856934,-0.3013322949409485,0.9034807682037354,0.40657463669776917,0.37405383586883545,0.015557310543954372,0.5280970335006714,0.5126233100891113,0.37625399231910706,-0.3397802412509918,0.9031264185905457,0.39220133423805237,0.37470120191574097,-0.005711291916668415,0.5564773678779602,0.512062132358551,0.35214313864707947,-0.3405899107456207,0.9083896279335022,0.392581045627594,0.35936087369918823,-0.035212401300668716,0.5604209303855896,0.5139082074165344,0.3519650399684906,-0.302608847618103,0.8575925230979919,0.39828330278396606,0.3611699938774109,-0.0006329703610390425,0.5407604575157166,0.5167311429977417,0.4900839924812317,-0.07090325653553009,0.9994164109230042,0.4794960021972656,0.4692419171333313,0.07069037854671478,0.9991580843925476,0.4407943785190582,0.5412777066230774,-0.3362303376197815,0.7317788600921631,0.4127452075481415,0.49676740169525146,-0.2433457374572754,0.30397918820381165,0.34932753443717957,0.6510131359100342,-0.4652271866798401,0.6904615163803101,0.33756959438323975,0.668275773525238,-0.3323211371898651,0.22456732392311096,0.33785536885261536,0.6937228441238403,-0.4919394850730896,0.8427493572235107,0.33530476689338684,0.717430055141449,-0.34621337056159973,0.4310007095336914,0.29617491364479065,0.6267449855804443,-0.6042947173118591,0.8857958316802979,0.28706827759742737,0.6455143690109253,-0.4457874000072479,0.4254041016101837
0.5010292530059814,0.16805027425289154,-0.09124741703271866,0.9999964833259583,0.5087064504623413,0.15468232333660126,-0.078214630484581,0.9999955296516418,0.512067973613739,0.15517351031303406,-0.07834278047084808,0.9999948740005493,0.5158146023750305,0.15594865381717682,-0.07828749716281891,0.9999969005584717,0.503649890422821,0.1545124351978302,-0.06328918784856796,0.9999963641166687,0.5026482343673706,0.15451379120349884,-0.063511423766613,0.9999961256980896,0.5016040205955505,0.1542527675628662,-0.06356548517942429,0.9999958872795105,0.5280668139457703,0.16652490198612213,-0.002886190777644515,0.9999951720237732,0.5078014731407166,0.16134925186634064,0.06597641110420227,0.9999666810035706,0.5067781805992126,0.1866033375263214,-0.061893317848443985,0.9999897480010986,0.5006271004676819,0.18445929884910583,-0.04363063722848892,0.999971866607666,0.5533427000045776,0.2657671570777893,-0.0121782710775733,0.9999974966049194,0.4803229570388794,0.2681795358657837,0.16561461985111237,0.9999597072601318,0.5708582401275635,0.39288702607154846,-0.12947341799736023,0.9036144614219666,0.4558921456336975,0.3804650902748108,0.16665856540203094,0.31778231263160706,0.5273006558418274,0.37270331382751465,-0.3060971796512604,0.9126508831977844,0.40608373284339905,0.3745288848876953,0.0011665562633424997,0.5743966102600098,0.5128482580184937,0.3767954707145691,-0.34947076439857483,0.9119147658348083,0.3924572765827179,0.3738894760608673,-0.025792909786105156,0.5999380946159363,0.5127540826797485,0.35229337215423584,-0.34963810443878174,0.916732132434845,0.39261993765830994,0.35882121324539185,-0.05340217053890228,0.603562593460083,0.5144268870353699,0.3522961139678955,-0.3082740008831024,0.8701947927474976,0.39795830845832825,0.36172524094581604,-0.015116674825549126,0.5853316187858582,0.5201672911643982,0.49860844016075134,-0.0688437893986702,0.9994285106658936,0.48046037554740906,0.48142653703689575,0.06867161393165588,0.9992068409919739,0.4407941699028015,0.5844131112098694,-0.2504972815513611,0.7074155807495117,0.416096568107605,0.5296924114227295,-0.1931809037923813,0.29690903425216675,0.3545546233654022,0.7156898379325867,-0.26385971903800964,0.6503379940986633,0.35616397857666016,0.7259482145309448,-0.183762788772583,0.21212352812290192,0.35367944836616516,0.7626878023147583,-0.2704615294933319,0.8005474805831909,0.3562517464160919,0.7678101062774658,-0.18736746907234192,0.409381628036499,0.297640860080719,0.7274266481399536,-0.3795493543148041,0.8487215638160706,0.3119327127933502,0.7448564171791077,-0.28074178099632263,0.40434080362319946
0.5011106133460999,0.1685737669467926,-0.1796271800994873,0.9999967217445374,0.508909285068512,0.1549345701932907,-0.1719021052122116,0.9999957084655762,0.5124128460884094,0.15546943247318268,-0.17208729684352875,0.9999949932098389,0.5162592530250549,0.15648184716701508,-0.17204031348228455,0.9999969005584717,0.5036612153053284,0.1548442393541336,-0.15530948340892792,0.999996542930603,0.5026479959487915,0.15476639568805695,-0.15554021298885345,0.9999963641166687,0.5016022324562073,0.15442562103271484,-0.15560002624988556,0.9999961853027344,0.5284183025360107,0.1679963916540146,-0.10434398800134659,0.9999953508377075,0.507681667804718,0.1616681069135666,-0.02755231224000454,0.9999693632125854,0.506913423538208,0.18744182586669922,-0.1515490859746933,0.9999905824661255,0.5006216764450073,0.1846984326839447,-0.13114477694034576,0.9999744296073914,0.5534994602203369,0.2659568786621094,-0.09900333732366562,0.9999974370002747,0.480612576007843,0.2686302065849304,0.09832863509654999,0.9999626874923706,0.5712600946426392,0.39206576347351074,-0.2026204615831375,0.9129624962806702,0.4563450217247009,0.3805978298187256,0.13746611773967743,0.37052127718925476,0.528434693813324,0.37386807799339294,-0.37930697202682495,0.9212271571159363,0.4065248370170593,0.3749801814556122,-0.03385929763317108,0.6163739562034607,0.5140670537948608,0.3792572319507599,-0.42797547578811646,0.9204060435295105,0.39271846413612366,0.3737029433250427,-0.06747972965240479,0.6393512487411499,0.5136192440986633,0.3532470464706421,-0.4299560785293579,0.9247660636901855,0.3928340673446655,0.35929346084594727,-0.10110574215650558,0.6426848769187927,0.5152412056922913,0.35307589173316956,-0.3823975622653961,0.8825242519378662,0.39825886487960815,0.3626372218132019,-0.05460169538855553,0.6259956955909729,0.5249001383781433,0.5005626678466797,-0.06791336834430695,0.9994608163833618,0.4840201437473297,0.4850291609764099,0.0677897036075592,0.9992661476135254,0.46449926495552063,0.6204315423965454,-0.1646006852388382,0.6834707260131836,0.4162631332874298,0.5477547645568848,-0.13551384210586548,0.31614160537719727,0.4318059980869293,0.797406792640686,-0.08133216947317123,0.6089504957199097,0.35769128799438477,0.7487772703170776,-0.1057363748550415,0.2309606820344925,0.4361121952533722,0.8267377018928528,-0.07915643602609634,0.7398685812950134,0.35697129368782043,0.7889254093170166,-0.10804478824138641,0.4094356596469879,0.3907788097858429,0.8334233164787292,-0.18070867657661438,0.8023005127906799,0.3128984868526459,0.7723996639251709,-0.20634882152080536,0.41725170612335205
0.5014669299125671,0.16910961270332336,-0.1654721200466156,0.9999969601631165,0.509416401386261,0.15529073774814606,-0.15637041628360748,0.9999959468841553,0.5132119655609131,0.15591704845428467,-0.15654443204402924,0.999995231628418,0.5169821977615356,0.15718390047550201,-0.15650148689746857,0.9999970197677612,0.5038366317749023,0.15517988801002502,-0.14033688604831696,0.9999967813491821,0.502734899520874,0.15509316325187683,-0.1405753791332245,0.9999966025352478,0.501632571220398,0.15477894246578217,-0.1406332105398178,0.9999964833259583,0.5286968946456909,0.16889411211013794,-0.08872542530298233,0.9999955892562866,0.5076757073402405,0.16234371066093445,-0.014709988608956337,0.9999720454216003,0.507331371307373,0.18822632730007172,-0.13777440786361694,0.9999914169311523,0.5006688237190247,0.185145765542984,-0.11799947172403336,0.9999768137931824,0.5537801384925842,0.26606184244155884,-0.09099869430065155,0.9999973773956299,0.48076045513153076,0.27001315355300903,0.10308606922626495,0.9999650716781616,0.5719108581542969,0.3914276957511902,-0.20144228637218475,0.9212884306907654,0.456503689289093,0.3812501132488251,0.1275988668203354,0.40861910581588745,0.5292443633079529,0.3741099536418915,-0.3788704574108124,0.9289290904998779,0.4068564772605896,0.3751600682735443,-0.03658870607614517,0.6537946462631226,0.5158036351203918,0.37911030650138855,-0.4264199435710907,0.9280357956886292,0.39274758100509644,0.3747929036617279,-0.0702696368098259,0.6745396256446838,0.5144311189651489,0.35379111766815186,-0.42838871479034424,0.9319852590560913,0.39261770248413086,0.3599526584148407,-0.10194771736860275,0.6776256561279297,0.515882134437561,0.35412073135375977,-0.381820946931839,0.8935825228691101,0.3983392119407654,0.36309370398521423,-0.055719710886478424,0.6621782183647156,0.5265052318572998,0.5025262236595154,-0.06872040778398514,0.999480664730072,0.48877206444740295,0.49081307649612427,0.06859799474477768,0.9993084669113159,0.4718223214149475,0.6335977911949158,-0.14370819926261902,0.6561371088027954,0.4210495948791504,0.5666389465332031,-0.09034125506877899,0.31352999806404114,0.4490480422973633,0.8191440105438232,-0.08366134762763977,0.5809258222579956,0.4073229134082794,0.7874892950057983,-0.04084314405918121,0.23044949769973755,0.45699816942214966,0.8547413945198059,-0.08374477922916412,0.6908164620399475,0.41529086232185364,0.8285773396492004,-0.04018847271800041,0.40050801634788513,0.4027451276779175,0.8416100740432739,-0.18710477650165558,0.7710736989974976,0.36451080441474915,0.8179363012313843,-0.12487234175205231,0.4122076630592346
0.5021457672119141,0.1697641909122467,-0.11931086331605911,0.9999971985816956,0.510137140750885,0.1559866964817047,-0.10926102101802826,0.9999963045120239,0.5140802264213562,0.1567581444978714,-0.10942042618989944,0.9999956488609314,0.517707109451294,0.15819963812828064,-0.10937746614217758,0.9999972581863403,0.5043503046035767,0.1556781679391861,-0.09350281208753586,0.999997079372406,0.5031474232673645,0.15559206902980804,-0.09369812905788422,0.9999969005584717,0.5019286274909973,0.15529821813106537,-0.09374535083770752,0.9999967813491821,0.5292335152626038,0.170058473944664,-0.04298174008727074,0.9999959468841553,0.5077564716339111,0.1629788726568222,0.03015732392668724,0.9999746680259705,0.508199155330658,0.18881939351558685,-0.09279558062553406,0.9999922513961792,0.5010136365890503,0.18578684329986572,-0.0734744742512703,0.9999790191650391,0.5541942715644836,0.2660878598690033,-0.06386352330446243,0.9999974370002747,0.4814268946647644,0.27242743968963623,0.13928529620170593,0.9999672770500183,0.5729439854621887,0.3905828893184662,-0.19838593900203705,0.9287468791007996,0.45669230818748474,0.3832344114780426,0.13658316433429718,0.4369172155857086,0.5306222438812256,0.3746505379676819,-0.3700205087661743,0.9357797503471375,0.40707919001579285,0.3752172291278839,-0.032930780202150345,0.6869593262672424,0.5164459347724915,0.3798997402191162,-0.4171272814273834,0.9347493648529053,0.3927774727344513,0.37545648217201233,-0.06386692076921463,0.7057738304138184,0.5154092311859131,0.3545222580432892,-0.41802552342414856,0.9383437037467957,0.3924034535884857,0.35997194051742554,-0.09230665862560272,0.7086591124534607,0.5171563029289246,0.3548283278942108,-0.3726664185523987,0.9032809734344482,0.39818379282951355,0.362771213054657,-0.050522804260253906,0.6941134333610535,0.5268689393997192,0.5030928254127502,-0.07379473000764847,0.9994831681251526,0.4901503622531891,0.49411705136299133,0.07363338768482208,0.9993270039558411,0.46384090185165405,0.617249071598053,-0.18705500662326813,0.6242277026176453,0.42320260405540466,0.5804709196090698,-0.0837913304567337,0.29242199659347534,0.4142058193683624,0.8167457580566406,-0.20843252539634705,0.5537025332450867,0.404729962348938,0.8077160716056824,-0.06840293109416962,0.2155541181564331,0.420202374458313,0.8606249094009399,-0.21635623276233673,0.6529636979103088,0.4138258993625641,0.8421231508255005,-0.070999875664711,0.38147595524787903,0.36280718445777893,0.8295255899429321,-0.3256935477256775,0.7444702982902527,0.3567313253879547,0.8233776092529297,-0.1497492790222168,0.3887219727039337
0.5024012327194214,0.17077480256557465,-0.1609240472316742,0.9999973773956299,0.5105403065681458,0.1569851040840149,-0.15293723344802856,0.9999964833259583,0.5144997835159302,0.15785348415374756,-0.1531216949224472,0.9999958872795105,0.5180370807647705,0.15929879248142242,-0.15310168266296387,0.9999973773956299,0.5047433972358704,0.15639424324035645,-0.13677366077899933,0.9999972581863403,0.5035385489463806,0.15624140202999115,-0.13698215782642365,0.999997079372406,0.5023074746131897,0.15587939321994781,-0.13703233003616333,0.9999969601631165,0.5297940373420715,0.17111974954605103,-0.0878017470240593,0.9999962449073792,0.5080878734588623,0.16373783349990845,-0.012565475888550282,0.9999766945838928,0.5085890293121338,0.18994620442390442,-0.1340893656015396,0.9999929070472717,0.501152515411377,0.1867750883102417,-0.11426537483930588,0.9999809265136719,0.5545855760574341,0.26648953557014465,-0.09725198149681091,0.9999974966049194,0.48186299204826355,0.274103581905365,0.10332264006137848,0.9999687075614929,0.5736176371574402,0.39032936096191406,-0.22428686916828156,0.9356638789176941,0.4567325711250305,0.38417837023735046,0.09390714019536972,0.4608646035194397,0.5309562087059021,0.3746383488178253,-0.41309744119644165,0.9420652985572815,0.40723133087158203,0.3740155100822449,-0.08246857672929764,0.7153025269508362,0.5171356797218323,0.3795278072357178,-0.4636276662349701,0.9410054087638855,0.39199647307395935,0.37344714999198914,-0.11350235342979431,0.7328223586082458,0.5157574415206909,0.35485589504241943,-0.465560644865036,0.9442654252052307,0.3923114836215973,0.35857462882995605,-0.14115943014621735,0.7356600165367126,0.517559826374054,0.355845183134079,-0.4166480600833893,0.912440299987793,0.3983974754810333,0.36064398288726807,-0.09994160383939743,0.7215525507926941,0.525532066822052,0.5057478547096252,-0.07297908514738083,0.9995172023773193,0.48881834745407104,0.498141884803772,0.07280104607343674,0.9993718266487122,0.4631510376930237,0.6365492939949036,-0.209413081407547,0.6404950618743896,0.42833173274993896,0.6096115112304688,-0.05149353668093681,0.30171626806259155,0.4257551431655884,0.8398726582527161,-0.19829025864601135,0.5643327236175537,0.40409359335899353,0.8243936896324158,-0.04652925953269005,0.24254561960697174,0.4312933385372162,0.8773732781410217,-0.2025444507598877,0.6438537836074829,0.41143178939819336,0.8668965101242065,-0.051487624645233154,0.39316123723983765,0.3743712306022644,0.879072368144989,-0.32129958271980286,0.7492258548736572,0.36306941509246826,0.8711791634559631,-0.15401969850063324,0.4115349054336548
0.5027117133140564,0.1713833063840866,-0.15702177584171295,0.9999975562095642,0.5109226107597351,0.157706618309021,-0.1486365795135498,0.9999966621398926,0.5148656964302063,0.15863920748233795,-0.14882032573223114,0.9999961256980896,0.5183142423629761,0.16004756093025208,-0.1487916260957718,0.9999974966049194,0.5051241517066956,0.1569368988275528,-0.1324855089187622,0.9999974370002747,0.503943681716919,0.15677578747272491,-0.13270527124404907,0.9999972581863403,0.50273197889328,0.15642063319683075,-0.1327580213546753,0.9999971389770508,0.5303118824958801,0.17194661498069763,-0.08405806869268417,0.999996542930603,0.5086198449134827,0.1645914614200592,-0.00844283401966095,0.9999786019325256,0.5090656876564026,0.19034519791603088,-0.1302533894777298,0.9999935030937195,0.5014891028404236,0.18732358515262604,-0.11043690145015717,0.9999826550483704,0.554850161075592,0.26718348264694214,-0.09252471476793289,0.9999975562095642,0.4822920262813568,0.2750169634819031,0.10580656677484512,0.9999701380729675,0.5742050409317017,0.38977867364883423,-0.21418720483779907,0.9419370889663696,0.45708325505256653,0.3845091760158539,0.10058192163705826,0.48640361428260803,0.531967043876648,0.3750295341014862,-0.39984220266342163,0.9477762579917908,0.4074023962020874,0.37421995401382446,-0.06817330420017242,0.7418645024299622,0.5182957649230957,0.37931758165359497,-0.44967424869537354,0.9467399716377258,0.3921348750591278,0.37405091524124146,-0.09688161313533783,0.7579099535942078,0.5164068937301636,0.3558884561061859,-0.4519801437854767,0.9496870636940002,0.39249590039253235,0.35914015769958496,-0.12533552944660187,0.7606448531150818,0.5180861949920654,0.3579752743244171,-0.4034334123134613,0.9208632707595825,0.3986624777317047,0.3611873984336853,-0.08541111648082733,0.747279167175293,0.5247743129730225,0.5122865438461304,-0.07271137833595276,0.9995561838150024,0.48742201924324036,0.5054694414138794,0.07250773161649704,0.999422013759613,0.471443772315979,0.6611133813858032,-0.16087055206298828,0.6629371643066406,0.43430694937705994,0.6384462118148804,-0.031540460884571075,0.3294958770275116,0.4375080168247223,0.8601982593536377,-0.14553585648536682,0.5937846302986145,0.41035720705986023,0.8507856726646423,-0.02738104574382305,0.289206326007843,0.44430387020111084,0.8964720368385315,-0.15103937685489655,0.6500188708305359,0.41680046916007996,0.8925050497055054,-0.032541561871767044,0.4222152531147003,0.38970470428466797,0.9059642553329468,-0.2770152986049652,0.7653559446334839,0.3669883906841278,0.9033742547035217,-0.13822169601917267,0.45169201493263245
0.5034682750701904,0.1719076931476593,-0.13903078436851501,0.9999974966049194,0.5115450620651245,0.15845896303653717,-0.13188055157661438,0.9999966025352478,0.5153532028198242,0.15952228009700775,-0.13209174573421478,0.9999960660934448,0.5186812281608582,0.16088217496871948,-0.13206513226032257,0.9999974370002747,0.5058980584144592,0.1574152708053589,-0.11618559807538986,0.9999973773956299,0.5048350691795349,0.15716217458248138,-0.11641059070825577,0.9999971985816956,0.5036940574645996,0.15671978890895844,-0.11647764593362808,0.999997079372406,0.5308938026428223,0.17268306016921997,-0.07464098930358887,0.9999966621398926,0.5093728303909302,0.16482560336589813,-0.0010516165057197213,0.9999796748161316,0.5098826885223389,0.19082485139369965,-0.11470524966716766,0.9999939203262329,0.5023941397666931,0.187856987118721,-0.09554386138916016,0.9999838471412659,0.5554407238960266,0.26732033491134644,-0.08840490877628326,0.9999974966049194,0.48321282863616943,0.2751311957836151,0.1069222167134285,0.9999697804450989,0.5746904015541077,0.38747313618659973,-0.20999130606651306,0.9474518895149231,0.4574756324291229,0.3842658996582031,0.09902896732091904,0.5006227493286133,0.5318536162376404,0.3755795955657959,-0.3960327208042145,0.9528837203979492,0.40747401118278503,0.37437331676483154,-0.07016710191965103,0.7649950981140137,0.5181806087493896,0.3791084587574005,-0.4457184076309204,0.9518731236457825,0.3922983705997467,0.3739607036113739,-0.10072147846221924,0.7800580859184265,0.5163885951042175,0.35627222061157227,-0.4483126997947693,0.9545440673828125,0.39273861050605774,0.3590746223926544,-0.12791325151920319,0.782766580581665,0.5180644392967224,0.3587137758731842,-0.3999580442905426,0.928405225276947,0.3988606035709381,0.36129528284072876,-0.08750181645154953,0.7699045538902283,0.5242500901222229,0.5132918357849121,-0.07224688678979874,0.9995909333229065,0.48714274168014526,0.5059142112731934,0.0720428079366684,0.9994650483131409,0.47671979665756226,0.6703512072563171,-0.15259547531604767,0.6846370100975037,0.44406890869140625,0.6541262269020081,-0.000752213061787188,0.3445822298526764,0.4506530165672302,0.8710778951644897,-0.14257192611694336,0.6241759657859802,0.428529292345047,0.8617491722106934,0.021729784086346626,0.32326874136924744,0.45918843150138855,0.9113295674324036,-0.14793382585048676,0.6606642603874207,0.4371680021286011,0.8972963690757751,0.019147878512740135,0.4422304332256317,0.40166276693344116,0.9278174042701721,-0.2653789222240448,0.7820020318031311,0.38448935747146606,0.9215038418769836,-0.07161284238100052,0.4819400906562805
0.5035760998725891,0.17342762649059296,-0.10764367133378983,0.9999972581863403,0.5115887522697449,0.15987028181552887,-0.10284624248743057,0.9999961853027344,0.5153411626815796,0.16084234416484833,-0.10306133329868317,0.9999956488609314,0.5186368823051453,0.16201649606227875,-0.1030314713716507,0.9999971389770508,0.5062605142593384,0.15857689082622528,-0.08518790453672409,0.999997079372406,0.5054017305374146,0.15818820893764496,-0.0854157879948616,0.9999969005584717,0.5044757127761841,0.15756849944591522,-0.0854814350605011,0.9999968409538269,0.5310798287391663,0.17334726452827454,-0.05512312427163124,0.9999966621398926,0.5107371211051941,0.16567447781562805,0.026780521497130394,0.9999802112579346,0.5100426077842712,0.19304512441158295,-0.08674082159996033,0.9999942183494568,0.5027680993080139,0.1899058073759079,-0.06512530893087387,0.999984860420227,0.5562375783920288,0.2673170566558838,-0.07702726870775223,0.9999974966049194,0.48444950580596924,0.2757323086261749,0.13018053770065308,0.9999704360961914,0.5760795474052429,0.3858796954154968,-0.20333044230937958,0.9525041580200195,0.4577876627445221,0.3842950165271759,0.11100880056619644,0.5185263156890869,0.5326101183891296,0.37623506784439087,-0.3865585923194885,0.9575293660163879,0.40755245089530945,0.37448814511299133,-0.0675879418849945,0.7870069146156311,0.5191484093666077,0.3785170018672943,-0.4334796667098999,0.9565685391426086,0.3924270272254944,0.37427324056625366,-0.10026815533638,0.8009508848190308,0.5174798369407654,0.3564539849758148,-0.4356590211391449,0.9589799642562866,0.3929082155227661,0.3593803644180298,-0.12736143171787262,0.8035119771957397,0.5189531445503235,0.359322190284729,-0.38958582282066345,0.9353163242340088,0.3989824950695038,0.36158430576324463,-0.08524993062019348,0.7914432287216187,0.5244806408882141,0.5184751749038696,-0.07197254151105881,0.9996256828308105,0.48703745007514954,0.5130431056022644,0.07177703827619553,0.9995090365409851,0.48562687635421753,0.6950252056121826,-0.1296626627445221,0.7091229557991028,0.45304781198501587,0.6847245693206787,0.014984723180532455,0.3729133605957031,0.46626150608062744,0.8955009579658508,-0.08521631360054016,0.6551283001899719,0.44154325127601624,0.8828703165054321,0.06735444068908691,0.36456745862960815,0.47425684332847595,0.93446946144104,-0.08745608478784561,0.6742050051689148,0.45043715834617615,0.9195557236671448,0.06786823272705078,0.4688900411128998,0.41970768570899963,0.9427313208580017,-0.20447996258735657,0.7991201877593994,0.3969472646713257,0.9360340237617493,-0.021035607904195786,0.5174031853675842
0.5040679574012756,0.17422263324260712,-0.1335069090127945,0.9999967813491821,0.5120783448219299,0.16039271652698517,-0.13072408735752106,0.9999954700469971,0.5155748724937439,0.1612977534532547,-0.1309884935617447,0.9999948740005493,0.5187395811080933,0.16245216131210327,-0.13097478449344635,0.9999966025352478,0.507180392742157,0.15888965129852295,-0.11369766294956207,0.9999964237213135,0.5065323710441589,0.15847206115722656,-0.11392553150653839,0.9999961853027344,0.5057811141014099,0.15782956779003143,-0.11400887370109558,0.9999961853027344,0.5314218401908875,0.17391642928123474,-0.08155928552150726,0.9999964833259583,0.5124847888946533,0.16630876064300537,-0.0035746735520660877,0.9999790787696838,0.5104109048843384,0.19400398433208466,-0.11280041188001633,0.9999943375587463,0.5034360289573669,0.1907109022140503,-0.09212639927864075,0.9999854564666748,0.5567426085472107,0.26734939217567444,-0.0936332643032074,0.9999974370002747,0.48504817485809326,0.27587997913360596,0.10482378304004669,0.9999701380729675,0.5769398808479309,0.3858250081539154,-0.2090282440185547,0.957037091255188,0.4587101936340332,0.3847324848175049,0.08944717794656754,0.5363433957099915,0.5331485867500305,0.3779793381690979,-0.39580419659614563,0.961710512638092,0.4077773094177246,0.37497055530548096,-0.09594559669494629,0.8055511116981506,0.5191398859024048,0.37880679965019226,-0.4473813772201538,0.9607932567596436,0.39252033829689026,0.3744434118270874,-0.13062743842601776,0.818709135055542,0.5180978775024414,0.35650530457496643,-0.45095720887184143,0.962971031665802,0.39303824305534363,0.3595671057701111,-0.15887565910816193,0.8212724328041077,0.5199242234230042,0.3595978915691376,-0.3999423682689667,0.9415271878242493,0.39946725964546204,0.3618065416812897,-0.11438773572444916,0.8096502423286438,0.5271903276443481,0.5193575620651245,-0.06863574683666229,0.9996585845947266,0.48744916915893555,0.5133029818534851,0.06846234202384949,0.9995514154434204,0.4945262670516968,0.6939776539802551,-0.1251884400844574,0.7291478514671326,0.4561392664909363,0.6845403909683228,0.012614277191460133,0.40905359387397766,0.4865737855434418,0.8841645121574402,-0.026587534695863724,0.6774797439575195,0.4515402615070343,0.8915846943855286,0.09080466628074646,0.4094196856021881,0.4963732063770294,0.9131238460540771,-0.022745568305253983,0.6721084117889404,0.458018958568573,0.9192067980766296,0.09406597167253494,0.49292564392089844,0.45098796486854553,0.9475878477096558,-0.13361893594264984,0.8106725811958313,0.41166603565216064,0.9515554904937744,0.00042483065044507384,0.551846444606781
0.5047895908355713,0.17531491816043854,-0.147488534450531,0.9999961256980896,0.5127766728401184,0.16105426847934723,-0.14314690232276917,0.9999945163726807,0.5160261392593384,0.16181348264217377,-0.14341089129447937,0.9999939203262329,0.5191227197647095,0.162942573428154,-0.1433996707201004,0.9999959468841553,0.5080409049987793,0.15949971973896027,-0.12675918638706207,0.9999954700469971,0.5074144005775452,0.1590818613767624,-0.12698623538017273,0.9999951720237732,0.5066744089126587,0.15847031772136688,-0.12707193195819855,0.999995231628418,0.5321179628372192,0.17443156242370605,-0.08982802927494049,0.9999961256980896,0.5132578611373901,0.1670665740966797,-0.014083913527429104,0.9999764561653137,0.5111841559410095,0.1952524185180664,-0.12512238323688507,0.999994158744812,0.5042173862457275,0.1919235736131668,-0.10522446036338806,0.9999854564666748,0.5574139356613159,0.26760172843933105,-0.1008937880396843,0.9999973177909851,0.4857083261013031,0.277052104473114,0.09423965960741043,0.9999685883522034,0.577011227607727,0.3858012855052948,-0.21755938231945038,0.96097332239151,0.4597264230251312,0.38560253381729126,0.07218033820390701,0.5434526801109314,0.5339910984039307,0.37848910689353943,-0.40760108828544617,0.9654432535171509,0.4078335762023926,0.37556204199790955,-0.11691161245107651,0.820813775062561,0.5196630954742432,0.3787846267223358,-0.45990994572639465,0.9645615816116333,0.39265313744544983,0.37465977668762207,-0.152078777551651,0.833736777305603,0.5189912915229797,0.3566237688064575,-0.4642471373081207,0.9665321707725525,0.39313486218452454,0.3596307337284088,-0.1801077425479889,0.8364503979682922,0.5208399295806885,0.35979562997817993,-0.41230854392051697,0.9470474720001221,0.39951401948928833,0.3617936074733734,-0.13552121818065643,0.8249664902687073,0.5277947187423706,0.519490122795105,-0.06678488850593567,0.9996885061264038,0.48737412691116333,0.5165361166000366,0.06661754101514816,0.9995898008346558,0.502656877040863,0.6928524374961853,-0.12824437022209167,0.7444859743118286,0.459475576877594,0.6885228753089905,0.015092579647898674,0.43676650524139404,0.5070235133171082,0.8711724877357483,-0.03571318835020065,0.6940127015113831,0.469026654958725,0.8902212381362915,0.08410852402448654,0.4465458393096924,0.5192064642906189,0.8931460976600647,-0.03232211992144585,0.6631373167037964,0.47902950644493103,0.9163509607315063,0.0866149440407753,0.5111275315284729,0.4794975519180298,0.9375336170196533,-0.13469846546649933,0.8182082772254944,0.43206921219825745,0.953208327293396,0.00012165876978542656,0.5798664689064026
0.5053951144218445,0.1766342967748642,-0.1498754769563675,0.9999955296516418,0.5132609009742737,0.16223053634166718,-0.14572766423225403,0.9999938011169434,0.5162868499755859,0.1628459095954895,-0.14599214494228363,0.9999932050704956,0.5193095207214355,0.16388314962387085,-0.14597462117671967,0.9999954700469971,0.5086560845375061,0.16038964688777924,-0.12816570699214935,0.999994695186615,0.5080295205116272,0.1598217785358429,-0.12839137017726898,0.9999942779541016,0.5072848200798035,0.15908074378967285,-0.12846793234348297,0.9999944567680359,0.5324791669845581,0.17489264905452728,-0.09498729556798935,0.9999958872795105,0.5140300393104553,0.16756582260131836,-0.013183807022869587,0.9999746084213257,0.5118402242660522,0.19690467417240143,-0.1281164586544037,0.9999940991401672,0.5047603845596313,0.19343867897987366,-0.10662879049777985,0.9999856352806091,0.5580416321754456,0.26789799332618713,-0.10760243237018585,0.9999972581863403,0.486817330121994,0.2779349088668823,0.09614888578653336,0.9999679327011108,0.5774849057197571,0.3850005865097046,-0.22821921110153198,0.9644907116889954,0.45994970202445984,0.38600271940231323,0.08095286041498184,0.5529859066009521,0.5358148217201233,0.37866726517677307,-0.42312392592430115,0.9688044786453247,0.40819743275642395,0.3758855164051056,-0.1028929054737091,0.8354702591896057,0.5221651196479797,0.3784273862838745,-0.47756144404411316,0.9679567217826843,0.3933495283126831,0.37479931116104126,-0.13736578822135925,0.8478988409042358,0.5201349854469299,0.3572644889354706,-0.48127323389053345,0.9697371125221252,0.39388105273246765,0.3597809076309204,-0.1657949835062027,0.8506648540496826,0.5215936899185181,0.3610931932926178,-0.42775827646255493,0.9520057439804077,0.4001113474369049,0.3619143068790436,-0.12151437252759933,0.839439868927002,0.5286062955856323,0.5242940783500671,-0.06639991700649261,0.9997165203094482,0.4876466989517212,0.5240726470947266,0.06622876226902008,0.9996258616447449,0.5104615092277527,0.7036844491958618,-0.11770357191562653,0.7593788504600525,0.4663406312465668,0.701729416847229,0.04153547063469887,0.45999953150749207,0.515669584274292,0.8707161545753479,0.01051838044077158,0.7097837328910828,0.48154252767562866,0.8895627856254578,0.15325422585010529,0.47819575667381287,0.5281832814216614,0.8892732262611389,0.017765648663043976,0.6568492650985718,0.4924243688583374,0.9116135239601135,0.16043728590011597,0.5258471965789795,0.49171191453933716,0.9402678608894348,-0.08042523264884949,0.8256840109825134,0.4450182616710663,0.9554694294929504,0.08098645508289337,0.6043286919593811
0.5062689185142517,0.17707279324531555,-0.15590718388557434,0.9999949932098389,0.5141376256942749,0.1624986082315445,-0.15017704665660858,0.9999932050704956,0.5170420408248901,0.1630631536245346,-0.15044333040714264,0.9999926090240479,0.5201764702796936,0.1640915721654892,-0.15042270720005035,0.9999949932098389,0.5092301368713379,0.16078366339206696,-0.13292978703975677,0.9999940395355225,0.5084348917007446,0.16026270389556885,-0.13314855098724365,0.9999935626983643,0.5075603723526001,0.1595926433801651,-0.13322140276432037,0.9999937415122986,0.5333734154701233,0.17510786652565002,-0.09433284401893616,0.9999956488609314,0.514019250869751,0.16803887486457825,-0.014493237249553204,0.9999727010726929,0.5127897262573242,0.19695726037025452,-0.1324763298034668,0.9999939799308777,0.5053583383560181,0.19383502006530762,-0.11145878583192825,0.9999855756759644,0.5582230687141418,0.26801106333732605,-0.10827947407960892,0.999997079372406,0.487521767616272,0.27893170714378357,0.09648484736680984,0.9999656677246094,0.577700674533844,0.38453930616378784,-0.2323075383901596,0.9675896763801575,0.460370272397995,0.38694044947624207,0.07201804220676422,0.5529376864433289,0.5369393825531006,0.3783579468727112,-0.42851924896240234,0.9717828631401062,0.4084230661392212,0.3773742914199829,-0.1269003003835678,0.8473660945892334,0.5235233902931213,0.3777851462364197,-0.4825548231601715,0.9709467887878418,0.3934369385242462,0.37484920024871826,-0.1638004183769226,0.8599357604980469,0.5207293033599854,0.3572380840778351,-0.4859843850135803,0.972561776638031,0.39445123076438904,0.35980427265167236,-0.1918105036020279,0.8628444671630859,0.5222290754318237,0.3609865605831146,-0.4330125153064728,0.9563495516777039,0.4010206162929535,0.36221858859062195,-0.1459154188632965,0.8516680598258972,0.5291392803192139,0.5237447023391724,-0.06642168015241623,0.9997409582138062,0.48912522196769714,0.5242364406585693,0.06624983996152878,0.9996569752693176,0.5093153715133667,0.7062438130378723,-0.12183807790279388,0.7748295664787292,0.4722149074077606,0.7004888653755188,0.0387004092335701,0.4827432334423065,0.516579270362854,0.8825472593307495,-0.00522626843303442,0.7280943393707275,0.49062106013298035,0.8865158557891846,0.15296435356140137,0.5097038149833679,0.530575156211853,0.8984293341636658,0.000787553726695478,0.6571776866912842,0.5018070936203003,0.9041454195976257,0.16042855381965637,0.5424818992614746,0.4860761761665344,0.9558622241020203,-0.10208531469106674,0.8351965546607971,0.46392127871513367,0.9578266143798828,0.080018050968647,0.6283968687057495
0.5069164633750916,0.17706142365932465,-0.1536402553319931,0.9999940991401672,0.5147038102149963,0.16245849430561066,-0.14763495326042175,0.9999922513961792,0.5175057053565979,0.16302300989627838,-0.14788994193077087,0.9999916553497314,0.5206125974655151,0.16405190527439117,-0.14786751568317413,0.9999942779541016,0.5099762678146362,0.16078388690948486,-0.13052500784397125,0.9999930262565613,0.5092064142227173,0.16027893126010895,-0.1307455152273178,0.9999924898147583,0.5082903504371643,0.15963444113731384,-0.1308162659406662,0.9999927282333374,0.533925473690033,0.17513254284858704,-0.09229163080453873,0.9999953508377075,0.5145570635795593,0.16818389296531677,-0.012374741025269032,0.999970018863678,0.5132573843002319,0.19687864184379578,-0.13006669282913208,0.9999937415122986,0.5060973763465881,0.1937723308801651,-0.10915793478488922,0.9999853372573853,0.5587390065193176,0.2680445909500122,-0.10785171389579773,0.9999969601631165,0.48805221915245056,0.27973228693008423,0.09639613330364227,0.9999639987945557,0.5778709053993225,0.3843523859977722,-0.23106317222118378,0.9703700542449951,0.46139851212501526,0.38775527477264404,0.05208873376250267,0.5576642155647278,0.5377283692359924,0.3781081736087799,-0.42271506786346436,0.9744849801063538,0.40975096821784973,0.3816760182380676,-0.17424185574054718,0.8593066334724426,0.5246003270149231,0.37776026129722595,-0.4766807556152344,0.9736735820770264,0.3945794701576233,0.37779855728149414,-0.21568650007247925,0.8716910481452942,0.5214146971702576,0.35722967982292175,-0.4800184667110443,0.9751378893852234,0.39618930220603943,0.3609277009963989,-0.24296805262565613,0.8746299147605896,0.523009717464447,0.3609115183353424,-0.42706039547920227,0.9603241086006165,0.4028721749782562,0.3640337586402893,-0.1937388926744461,0.8636825680732727,0.5315326452255249,0.5238499045372009,-0.06611976772546768,0.9997630715370178,0.49235591292381287,0.5236415863037109,0.06594919413328171,0.9996851086616516,0.5129576921463013,0.7042924165725708,-0.11776440590620041,0.7874370217323303,0.47508567571640015,0.6993846297264099,0.036713942885398865,0.5021318197250366,0.5214093327522278,0.8807088732719421,0.01150154136121273,0.7430737614631653,0.49729791283607483,0.8794324398040771,0.17377325892448425,0.5344903469085693,0.5341764092445374,0.8978079557418823,0.018937546759843826,0.6528124213218689,0.508651852607727,0.8973364233970642,0.1839020550251007,0.5527234077453613,0.49147409200668335,0.9557009339332581,-0.08345019817352295,0.8429620265960693,0.47536787390708923,0.9543914794921875,0.10614588856697083,0.6476834416389465
0.5075406432151794,0.17723692953586578,-0.15291549265384674,0.9999929070472717,0.515346109867096,0.16247637569904327,-0.1472454071044922,0.9999909996986389,0.5181437730789185,0.16303937137126923,-0.1475047469139099,0.9999904632568359,0.5213660597801208,0.1640753298997879,-0.14748169481754303,0.9999933838844299,0.5105845928192139,0.16086557507514954,-0.13012643158435822,0.9999916553497314,0.5097630023956299,0.16037073731422424,-0.13034842908382416,0.9999909996986389,0.5087881684303284,0.15975379943847656,-0.13041843473911285,0.999991238117218,0.5346456170082092,0.17523078620433807,-0.09295735508203506,0.9999948740005493,0.5147040486335754,0.16831658780574799,-0.01336033083498478,0.9999659657478333,0.5138652920722961,0.1969698816537857,-0.12964622676372528,0.9999931454658508,0.5066630244255066,0.1938859522342682,-0.1087813749909401,0.9999843835830688,0.558948278427124,0.26804590225219727,-0.10920078307390213,0.9999967813491821,0.48844414949417114,0.280213862657547,0.09762616455554962,0.9999611377716064,0.5779914259910583,0.3840097486972809,-0.23149147629737854,0.9728933572769165,0.4617743194103241,0.38893330097198486,0.05613674968481064,0.5551827549934387,0.5385587215423584,0.37805241346359253,-0.421965628862381,0.9769254922866821,0.4097472131252289,0.3821978271007538,-0.1418670117855072,0.8689272403717041,0.525816798210144,0.37773397564888,-0.4742085337638855,0.9761403799057007,0.39458566904067993,0.37786513566970825,-0.17371754348278046,0.8814379572868347,0.5222187638282776,0.3572251796722412,-0.4765200614929199,0.9774669408798218,0.3964420258998871,0.3609893023967743,-0.20475535094738007,0.8844886422157288,0.5238741636276245,0.36085638403892517,-0.4257218539714813,0.9639365077018738,0.4030561149120331,0.36425092816352844,-0.1634337306022644,0.8737099766731262,0.5320538878440857,0.5247063636779785,-0.06614454090595245,0.9997838735580444,0.4929741621017456,0.5248897075653076,0.06597361713647842,0.9997117519378662,0.5127550959587097,0.7064347267150879,-0.11106690764427185,0.8022643327713013,0.47636905312538147,0.7018386721611023,0.03019867278635502,0.5322040915489197,0.5253399014472961,0.8762088418006897,0.02466784603893757,0.7614337801933289,0.5014270544052124,0.8780897259712219,0.1648794561624527,0.5669388771057129,0.5382143259048462,0.892612099647522,0.03322919085621834,0.6607813835144043,0.5138921141624451,0.896544873714447,0.1753220111131668,0.5739108324050903,0.49369490146636963,0.9538323283195496,-0.05982160195708275,0.8531608581542969,0.47670814394950867,0.955403745174408,0.10518468171358109,0.6720568537712097
0.5086579918861389,0.17729714512825012,-0.15355651080608368,0.999992311000824,0.5164251923561096,0.16255119442939758,-0.14726267755031586,0.9999903440475464,0.5192996263504028,0.16316308081150055,-0.14752551913261414,0.9999897480010986,0.5226147174835205,0.1642194390296936,-0.1475047618150711,0.9999929070472717,0.5116385817527771,0.16093768179416656,-0.1303378939628601,0.9999909400939941,0.5107089877128601,0.16041728854179382,-0.13056030869483948,0.9999901652336121,0.509588897228241,0.1597873717546463,-0.1306305080652237,0.9999904036521912,0.5355268120765686,0.17544855177402496,-0.09120983630418777,0.9999945759773254,0.5150981545448303,0.1683035045862198,-0.01219936367124319,0.9999632835388184,0.514552891254425,0.19689764082431793,-0.12947772443294525,0.999992847442627,0.507378339767456,0.19386973977088928,-0.10895983874797821,0.9999840259552002,0.5589786171913147,0.2680438756942749,-0.10704626142978668,0.9999966025352478,0.4891170859336853,0.2801865041255951,0.09937723726034164,0.9999589920043945,0.5780187845230103,0.3826720416545868,-0.23078444600105286,0.9750779867172241,0.4624689519405365,0.38927748799324036,0.06748692691326141,0.5471823215484619,0.5402434468269348,0.37746021151542664,-0.4241448938846588,0.9790887236595154,0.41094139218330383,0.382974773645401,-0.13360513746738434,0.8761408925056458,0.5272858738899231,0.37797072529792786,-0.4775868356227875,0.9783172607421875,0.3955841064453125,0.3779311180114746,-0.16912841796875,0.8894752860069275,0.5236721634864807,0.3570297658443451,-0.48015445470809937,0.9795234203338623,0.39777371287345886,0.3610415458679199,-0.1976257860660553,0.8926857709884644,0.5253357291221619,0.3602088689804077,-0.42817527055740356,0.9670998454093933,0.4043812155723572,0.3643532395362854,-0.15308110415935516,0.8817532062530518,0.5327199101448059,0.5237442851066589,-0.0670403465628624,0.999802827835083,0.4944314956665039,0.52363520860672,0.06686460226774216,0.9997365474700928,0.5108250379562378,0.7047109007835388,-0.11474107205867767,0.8141049742698669,0.47544047236442566,0.7012226581573486,0.01906607486307621,0.5582782626152039,0.5269873738288879,0.8699750304222107,0.02648652158677578,0.7744099497795105,0.502099871635437,0.8849658370018005,0.1319437325000763,0.5962374806404114,0.5402346849441528,0.8866946697235107,0.03563271462917328,0.660392701625824,0.5133954286575317,0.903714656829834,0.13978585600852966,0.5923974514007568,0.49985271692276,0.9468222856521606,-0.054259754717350006,0.859687864780426,0.4763970673084259,0.9602382183074951,0.06497113406658173,0.6935654282569885
0.5100669264793396,0.17745882272720337,-0.15796610713005066,0.9999921321868896,0.5176555514335632,0.16269567608833313,-0.15030328929424286,0.9999902248382568,0.5207002758979797,0.16339509189128876,-0.1505775898694992,0.9999895691871643,0.5241124629974365,0.16451077163219452,-0.15056069195270538,0.9999927878379822,0.5127732157707214,0.16111114621162415,-0.13361528515815735,0.9999907612800598,0.5117208957672119,0.16059163212776184,-0.13382942974567413,0.9999898672103882,0.5104193091392517,0.15998108685016632,-0.13389897346496582,0.9999900460243225,0.5366683602333069,0.1759389340877533,-0.09017092734575272,0.9999945163726807,0.5153952240943909,0.16844917833805084,-0.011999731883406639,0.9999619722366333,0.5155118107795715,0.19698837399482727,-0.13239425420761108,0.9999927878379822,0.5083420872688293,0.1940019279718399,-0.11227443069219589,0.9999840259552002,0.5592507123947144,0.268085777759552,-0.10776984691619873,0.9999964237213135,0.48958855867385864,0.28068652749061584,0.09986303001642227,0.9999555945396423,0.5780263543128967,0.38280802965164185,-0.23701588809490204,0.9769483208656311,0.46239975094795227,0.389909565448761,0.04828536882996559,0.5347821712493896,0.5412769317626953,0.37717205286026,-0.43566378951072693,0.9810051918029785,0.4113713204860687,0.38288289308547974,-0.1861923336982727,0.8804386854171753,0.5282337665557861,0.3779906928539276,-0.4915461242198944,0.9802430868148804,0.39626559615135193,0.37776318192481995,-0.22865112125873566,0.8955531120300293,0.5247132778167725,0.35681307315826416,-0.49486908316612244,0.981344997882843,0.39871886372566223,0.36090174317359924,-0.25538140535354614,0.8990796208381653,0.5263779759407043,0.3598266541957855,-0.4403248429298401,0.9698703289031982,0.40528470277786255,0.3642828166484833,-0.20584651827812195,0.8874930143356323,0.5333663821220398,0.5232657790184021,-0.06845749914646149,0.9998190402984619,0.49453678727149963,0.5244173407554626,0.06828156858682632,0.9997570514678955,0.5114871263504028,0.7049103379249573,-0.1227184534072876,0.8218078017234802,0.47436365485191345,0.7004016041755676,0.019936885684728622,0.5684311389923096,0.5250973105430603,0.8723958730697632,0.0054702539928257465,0.7821804881095886,0.5006054639816284,0.8861744999885559,0.14050987362861633,0.6124678254127502,0.5386160612106323,0.8891381621360779,0.013094210997223854,0.6535296440124512,0.5118586421012878,0.9062781929969788,0.14887575805187225,0.6005514860153198,0.4984801113605499,0.9516265988349915,-0.0823972076177597,0.8626471161842346,0.47251182794570923,0.9638374447822571,0.07327788323163986,0.705368161201477
0.5114365220069885,0.17822225391864777,-0.1566070169210434,0.999991774559021,0.5184714198112488,0.1633792668581009,-0.14937567710876465,0.9999896883964539,0.5213547348976135,0.1641007512807846,-0.14963769912719727,0.9999890327453613,0.5246555805206299,0.165171816945076,-0.14961928129196167,0.9999923706054688,0.5139046907424927,0.16182559728622437,-0.13255375623703003,0.9999901652336121,0.5129149556159973,0.16128765046596527,-0.1327710896730423,0.9999891519546509,0.5115761756896973,0.16066040098667145,-0.13284093141555786,0.99998939037323,0.537422239780426,0.17654477059841156,-0.08940085768699646,0.999994158744812,0.5164018273353577,0.16918212175369263,-0.011522555723786354,0.9999591112136841,0.5163745284080505,0.19752082228660583,-0.13144102692604065,0.9999924898147583,0.5094184279441833,0.19484370946884155,-0.11118747293949127,0.999983549118042,0.5596662759780884,0.2683415710926056,-0.10631862282752991,0.9999962449073792,0.4899204969406128,0.2809378206729889,0.10017339140176773,0.9999538064002991,0.5783116221427917,0.38282695412635803,-0.23610182106494904,0.9786286950111389,0.4623476266860962,0.39032718539237976,0.0560736246407032,0.5308991074562073,0.5425253510475159,0.37712934613227844,-0.440310537815094,0.9827398061752319,0.4116274118423462,0.38236314058303833,-0.15975357592105865,0.8868312835693359,0.529239296913147,0.3780018985271454,-0.49692997336387634,0.9819849133491516,0.3968909978866577,0.37644293904304504,-0.19926469027996063,0.9023169279098511,0.5259024500846863,0.3567531406879425,-0.500338613986969,0.9829924702644348,0.3995108902454376,0.3597142696380615,-0.2264174371957779,0.9059755802154541,0.5275223851203918,0.35975438356399536,-0.44521859288215637,0.9723845720291138,0.4060112535953522,0.3635103106498718,-0.1788739114999771,0.8941413164138794,0.5331968069076538,0.5233821272850037,-0.06845241039991379,0.9998325705528259,0.49406635761260986,0.5249878764152527,0.06827614456415176,0.9997736811637878,0.5108473896980286,0.7054303884506226,-0.12592782080173492,0.821263313293457,0.4748024642467499,0.7005447149276733,0.03532903268933296,0.5602105855941772,0.5274751782417297,0.8843541741371155,-0.0022626963909715414,0.7778119444847107,0.500888466835022,0.8866615295410156,0.157338485121727,0.6126535534858704,0.5384758710861206,0.8877087235450745,0.004698298405855894,0.6346929669380188,0.509709358215332,0.9082111716270447,0.1655309945344925,0.5943348407745361,0.5013924837112427,0.9478704929351807,-0.0890265479683876,0.8576546311378479,0.4708390533924103,0.956148624420166,0.09268930554389954,0.7049731612205505
0.5126593708992004,0.17909060418605804,-0.16261860728263855,0.9999909400939941,0.519379734992981,0.16416619718074799,-0.154619038105011,0.999988317489624,0.5220843553543091,0.1648622453212738,-0.15487749874591827,0.9999876022338867,0.5253276228904724,0.16587625443935394,-0.15486398339271545,0.9999912977218628,0.5149233937263489,0.16240932047367096,-0.13850723206996918,0.999988853931427,0.5139667391777039,0.16175734996795654,-0.13873375952243805,0.9999877214431763,0.5126016736030579,0.1610288918018341,-0.13881567120552063,0.9999880194664001,0.5381842255592346,0.1768324375152588,-0.09101568907499313,0.9999932646751404,0.5175691246986389,0.16941983997821808,-0.016110369935631752,0.9999542236328125,0.5173836350440979,0.198017880320549,-0.13618111610412598,0.9999917149543762,0.5103966593742371,0.19558973610401154,-0.11681642383337021,0.9999823570251465,0.5601984858512878,0.2685456871986389,-0.10695800930261612,0.9999958872795105,0.4906485676765442,0.2809029519557953,0.0996880903840065,0.9999516606330872,0.5790172219276428,0.3835378587245941,-0.23736591637134552,0.9802168607711792,0.46269264817237854,0.3905165195465088,0.061850786209106445,0.5330685377120972,0.5431501269340515,0.3770981431007385,-0.440432071685791,0.9842961430549622,0.4116373360157013,0.38216856122016907,-0.14557114243507385,0.8939020037651062,0.5291702151298523,0.37814444303512573,-0.4955606162548065,0.9835309982299805,0.3969365060329437,0.3754253089427948,-0.18306225538253784,0.9090583920478821,0.5264598727226257,0.3565270006656647,-0.49874210357666016,0.9844549298286438,0.3996482491493225,0.35867154598236084,-0.21074296534061432,0.9127183556556702,0.5283365845680237,0.3594678044319153,-0.44505879282951355,0.9746116399765015,0.4061707854270935,0.3629745841026306,-0.16452431678771973,0.9009186625480652,0.533699631690979,0.5230513215065002,-0.07035815715789795,0.9998400807380676,0.4938780963420868,0.524670422077179,0.07017037272453308,0.9997830986976624,0.508915364742279,0.7008789777755737,-0.1455877423286438,0.8186206221580505,0.47244176268577576,0.6955203413963318,0.02676694467663765,0.5560221076011658,0.5208379626274109,0.8759790062904358,-0.035307202488183975,0.7660761475563049,0.49327659606933594,0.8942213654518127,0.11528298258781433,0.6128126382827759,0.5355759859085083,0.9069457650184631,-0.02945804037153721,0.6120108366012573,0.5025352835655212,0.9206916689872742,0.11828877776861191,0.5906552076339722,0.495507150888443,0.9532541632652283,-0.10825492441654205,0.8454251885414124,0.4611961543560028,0.9615371227264404,0.049103155732154846,0.7019006609916687
0.513786256313324,0.18030977249145508,-0.15993288159370422,0.999987006187439,0.5204640030860901,0.1651168018579483,-0.14932025969028473,0.9999818801879883,0.5231396555900574,0.16573411226272583,-0.1495739072561264,0.9999808073043823,0.5265809893608093,0.1666351705789566,-0.14958591759204865,0.9999863505363464,0.515748143196106,0.16333864629268646,-0.134561225771904,0.9999828338623047,0.5147547721862793,0.1625923216342926,-0.1348126232624054,0.9999812245368958,0.5133814215660095,0.1617412567138672,-0.13492639362812042,0.9999817609786987,0.5394708514213562,0.17718063294887543,-0.07931413501501083,0.99998939037323,0.518263041973114,0.16975551843643188,-0.008949467912316322,0.999931275844574,0.5186376571655273,0.19877871870994568,-0.13071754574775696,0.9999880790710449,0.5114878416061401,0.19657935202121735,-0.11294592916965485,0.9999758005142212,0.5607041716575623,0.26871249079704285,-0.0932217463850975,0.9999947547912598,0.490875244140625,0.28086695075035095,0.10332778841257095,0.9999445080757141,0.5797423124313354,0.38356876373291016,-0.22804443538188934,0.9814435243606567,0.4627898335456848,0.3907039165496826,0.07026613503694534,0.5386051535606384,0.5439881086349487,0.37695685029029846,-0.43385326862335205,0.9855445027351379,0.4116974174976349,0.3821443021297455,-0.12767502665519714,0.8994742035865784,0.5297282934188843,0.3781360387802124,-0.4881185293197632,0.9847059845924377,0.39704036712646484,0.3751726746559143,-0.16377636790275574,0.9142047166824341,0.5271869897842407,0.3562663793563843,-0.4912550151348114,0.9855714440345764,0.39984187483787537,0.3583589792251587,-0.19110974669456482,0.9179905652999878,0.5289918184280396,0.3591654598712921,-0.43832680583000183,0.9762265086174011,0.4064289629459381,0.3628506660461426,-0.14607356488704681,0.9059892296791077,0.5336099863052368,0.5239065289497375,-0.06967706978321075,0.9998369812965393,0.4928198754787445,0.5254791975021362,0.06948177516460419,0.9997789859771729,0.5077928304672241,0.6992914080619812,-0.16589100658893585,0.8063711524009705,0.47203904390335083,0.6945738196372986,0.0034894675482064486,0.5443936586380005,0.5159319639205933,0.8726732730865479,-0.08426635712385178,0.7347218990325928,0.4923507869243622,0.8981884717941284,0.05281295254826546,0.5974694490432739,0.5290913581848145,0.8990712761878967,-0.08164408057928085,0.5756625533103943,0.49846526980400085,0.9259434342384338,0.053145263344049454,0.5716652870178223,0.4904986619949341,0.9547215104103088,-0.17281733453273773,0.8110172152519226,0.45068851113319397,0.9640583395957947,-0.02790612354874611,0.6795116662979126
0.5145706534385681,0.18123312294483185,-0.12540528178215027,0.999987006187439,0.5214284062385559,0.16584962606430054,-0.11584563553333282,0.9999818801879883,0.5241597890853882,0.16645194590091705,-0.11607225239276886,0.9999808073043823,0.5276854038238525,0.16730521619319916,-0.1160726398229599,0.9999862909317017,0.5164993405342102,0.1642002910375595,-0.10101000964641571,0.999983012676239,0.5154582262039185,0.16340762376785278,-0.10127024352550507,0.9999814033508301,0.5140795707702637,0.16247256100177765,-0.10136691480875015,0.9999818801879883,0.5406131744384766,0.17778293788433075,-0.04994649067521095,0.9999895095825195,0.5190355181694031,0.17019468545913696,0.0195337925106287,0.9999330043792725,0.5195178389549255,0.19954536855220795,-0.09825154393911362,0.9999879598617554,0.5122715830802917,0.19746004045009613,-0.08037261664867401,0.9999758005142212,0.5613458156585693,0.2687271535396576,-0.06906460970640182,0.9999945759773254,0.49129122495651245,0.28084319829940796,0.12654896080493927,0.9999426603317261,0.5804174542427063,0.3835664987564087,-0.2026636004447937,0.9829098582267761,0.46299636363983154,0.3908960223197937,0.10418788343667984,0.5453276634216309,0.544825553894043,0.37669649720191956,-0.40583881735801697,0.9868372082710266,0.4120282828807831,0.3820951282978058,-0.07775341719388962,0.905616044998169,0.5309645533561707,0.37801945209503174,-0.4579038619995117,0.9859969019889832,0.3971976339817047,0.37501540780067444,-0.11040809750556946,0.9197347164154053,0.5278099775314331,0.35606762766838074,-0.46168196201324463,0.9867974519729614,0.40002068877220154,0.3582724630832672,-0.13712503015995026,0.9235088229179382,0.5294612646102905,0.35907140374183655,-0.41078147292137146,0.9781618714332581,0.40677371621131897,0.36284589767456055,-0.09543081372976303,0.9116658568382263,0.5329998135566711,0.5258145928382874,-0.07039565593004227,0.999837338924408,0.48995569348335266,0.5256870985031128,0.07020492851734161,0.9997760653495789,0.4976107180118561,0.6989823579788208,-0.1673751175403595,0.8113111257553101,0.46973177790641785,0.6995120048522949,-0.0011914620408788323,0.5404305458068848,0.48426538705825806,0.8983173966407776,-0.14491301774978638,0.739682137966156,0.4600848853588104,0.9130207300186157,0.01663150079548359,0.5944346189498901,0.49789005517959595,0.9306493401527405,-0.1489432007074356,0.5730555057525635,0.4700537919998169,0.941318929195404,0.013719161972403526,0.5687719583511353,0.4414185881614685,0.9606251120567322,-0.25703108310699463,0.8118207454681396,0.4152776300907135,0.976570725440979,-0.07225213944911957,0.6759203672409058
0.5154097676277161,0.18129590153694153,-0.09851633012294769,0.9999874830245972,0.5220745205879211,0.16603925824165344,-0.08976124227046967,0.9999825358390808,0.5248260498046875,0.16661009192466736,-0.08997930586338043,0.9999814629554749,0.5281856656074524,0.16741374135017395,-0.08994268625974655,0.9999867677688599,0.5172051191329956,0.16458694636821747,-0.07433023303747177,0.9999837875366211,0.5161179304122925,0.16383808851242065,-0.07458103448152542,0.9999822974205017,0.5147411227226257,0.16293521225452423,-0.07465027272701263,0.9999827742576599,0.5410323739051819,0.1779029667377472,-0.028852662071585655,0.9999898076057434,0.5197117924690247,0.17039427161216736,0.04269144684076309,0.9999365210533142,0.5202519297599792,0.19962874054908752,-0.07337866723537445,0.9999883770942688,0.5133484601974487,0.1978013962507248,-0.05480971559882164,0.9999768733978271,0.561754584312439,0.2692902088165283,-0.04926711693406105,0.9999946355819702,0.4916817545890808,0.2809140086174011,0.1471705287694931,0.9999435544013977,0.5813554525375366,0.3838531970977783,-0.1729908436536789,0.984157383441925,0.463072806596756,0.3908570408821106,0.13146214187145233,0.5532772541046143,0.5447045564651489,0.3766796886920929,-0.3666963279247284,0.988018810749054,0.41214320063591003,0.38205310702323914,-0.051205579191446304,0.912401556968689,0.5316337943077087,0.37776854634284973,-0.41698136925697327,0.9871798157691956,0.397574245929718,0.37439674139022827,-0.08418280631303787,0.9255828857421875,0.5281371474266052,0.3560889661312103,-0.4202520549297333,0.9879164695739746,0.4001099765300751,0.3578229248523712,-0.11165612190961838,0.9292368292808533,0.5295249819755554,0.359253853559494,-0.3709261119365692,0.9799203276634216,0.40672001242637634,0.36259007453918457,-0.06928559392690659,0.917741060256958,0.5324834585189819,0.5255665183067322,-0.07012966275215149,0.999840259552002,0.48932144045829773,0.5242138504981995,0.06994231790304184,0.9997780323028564,0.491820365190506,0.6978434324264526,-0.1319582164287567,0.8116596341133118,0.4653777778148651,0.6987462639808655,-0.0002014704077737406,0.5324636697769165,0.47270137071609497,0.9010279178619385,-0.10048212110996246,0.7477746605873108,0.45250818133354187,0.9023913741111755,0.04775410518050194,0.5881356596946716,0.47943323850631714,0.9389911890029907,-0.10196039080619812,0.5730785727500916,0.4592008888721466,0.9330258965492249,0.04832601174712181,0.5604473948478699,0.4281875193119049,0.9558535218238831,-0.21503446996212006,0.8167978525161743,0.41332510113716125,0.9719542264938354,-0.03849692642688751,0.6728877425193787
0.5160285234451294,0.18127299845218658,-0.11545361578464508,0.9999881386756897,0.5227183103561401,0.16610242426395416,-0.10735930502414703,0.9999833703041077,0.5254806876182556,0.1666584014892578,-0.10760197043418884,0.9999822974205017,0.5286800265312195,0.16744962334632874,-0.10758429020643234,0.9999873638153076,0.5177865624427795,0.16475604474544525,-0.0915849581360817,0.9999847412109375,0.5166458487510681,0.1640688180923462,-0.0918184444308281,0.9999833703041077,0.5152135491371155,0.16323284804821014,-0.0918976441025734,0.9999837875366211,0.5413023233413696,0.17799316346645355,-0.04608273506164551,0.9999901652336121,0.5199553370475769,0.17050273716449738,0.026970965787768364,0.9999402761459351,0.5207927227020264,0.19964821636676788,-0.09004843980073929,0.9999887347221375,0.5140314698219299,0.1979205310344696,-0.07107634842395782,0.9999777674674988,0.5619839429855347,0.2694896161556244,-0.06434688717126846,0.9999946355819702,0.49260038137435913,0.2809525728225708,0.13507351279258728,0.9999445676803589,0.581942617893219,0.38409504294395447,-0.1867690533399582,0.9851097464561462,0.46359750628471375,0.39082711935043335,0.11685250699520111,0.5551090836524963,0.5446867346763611,0.37666037678718567,-0.38550323247909546,0.9889708161354065,0.41269782185554504,0.38203129172325134,-0.06070023030042648,0.9174323081970215,0.5318048596382141,0.3774999976158142,-0.43748217821121216,0.9880795478820801,0.39838987588882446,0.3741518557071686,-0.09105893224477768,0.9298847317695618,0.5284342169761658,0.35608235001564026,-0.4405270516872406,0.9887752532958984,0.4005376100540161,0.3576982915401459,-0.11950983107089996,0.9335864782333374,0.5297013521194458,0.3593028783798218,-0.3899906277656555,0.9812235832214355,0.40698498487472534,0.36258000135421753,-0.07883571088314056,0.9221900701522827,0.5320050120353699,0.5251805186271667,-0.0693524107336998,0.9998385310173035,0.4894067049026489,0.5212598443031311,0.06917617470026016,0.999775767326355,0.48260894417762756,0.6809514164924622,-0.15282246470451355,0.8082576394081116,0.44915279746055603,0.6629160046577454,-0.04584605619311333,0.5252784490585327,0.44788768887519836,0.8791828751564026,-0.14186665415763855,0.7526053190231323,0.42335814237594604,0.8766767978668213,-0.02118571661412716,0.584151029586792,0.452341228723526,0.9297482371330261,-0.14664937555789948,0.5755417346954346,0.433148056268692,0.9114567637443542,-0.02316724881529808,0.5539684295654297,0.39306640625,0.9325264096260071,-0.26462605595588684,0.8208576440811157,0.37960001826286316,0.9345355033874512,-0.11768824607133865,0.6724511981010437
0.5166502594947815,0.18130096793174744,-0.10222960263490677,0.9999891519546509,0.5232502222061157,0.16620485484600067,-0.09301474690437317,0.9999847412109375,0.5260481238365173,0.1667509227991104,-0.09320972859859467,0.9999837279319763,0.5292578339576721,0.16754697263240814,-0.09317005425691605,0.9999883770942688,0.5182152986526489,0.1649618297815323,-0.07727589458227158,0.9999860525131226,0.5170404314994812,0.16432248055934906,-0.07752134650945663,0.9999848008155823,0.5155618190765381,0.16354693472385406,-0.07757000625133514,0.9999852180480957,0.5417572259902954,0.17806939780712128,-0.03153521567583084,0.9999908804893494,0.5201579332351685,0.17056290805339813,0.04158717766404152,0.9999452829360962,0.5215588212013245,0.1997118592262268,-0.07723906636238098,0.9999895691871643,0.5147944688796997,0.19812853634357452,-0.058099765330553055,0.9999794363975525,0.5622420907020569,0.26951947808265686,-0.05267356336116791,0.9999948740005493,0.4930587708950043,0.28096848726272583,0.14507129788398743,0.9999473690986633,0.5822658538818359,0.3840784728527069,-0.18119868636131287,0.9860966205596924,0.46392640471458435,0.39079535007476807,0.13750594854354858,0.5625893473625183,0.5449205040931702,0.37661564350128174,-0.3736940324306488,0.9898360967636108,0.4129216969013214,0.3820040822029114,-0.024936947971582413,0.9216296672821045,0.5324212312698364,0.37753644585609436,-0.42207521200180054,0.988882839679718,0.3986924886703491,0.37416163086891174,-0.05191424861550331,0.933211088180542,0.5287407636642456,0.35624945163726807,-0.42442789673805237,0.9895361065864563,0.4009414613246918,0.3577176332473755,-0.07976000756025314,0.9369356036186218,0.529914140701294,0.35949498414993286,-0.3773628771305084,0.9823854565620422,0.4072889983654022,0.3626057505607605,-0.042267169803380966,0.9255430698394775,0.5319728851318359,0.5233380198478699,-0.06810329109430313,0.9998319745063782,0.4903905987739563,0.5185289978981018,0.06793391704559326,0.9997669458389282,0.4780716598033905,0.6644783020019531,-0.20973269641399384,0.808066189289093,0.44329532980918884,0.6381480097770691,-0.10502851754426956,0.5203465223312378,0.43610304594039917,0.8608354330062866,-0.23592451214790344,0.7452968955039978,0.4035167992115021,0.8492612838745117,-0.12207187712192535,0.5670022368431091,0.4349106550216675,0.915794849395752,-0.24502427875995636,0.5706192851066589,0.4069613814353943,0.9094973802566528,-0.12860456109046936,0.542837917804718,0.37820616364479065,0.8962969779968262,-0.3643670082092285,0.8167691230773926,0.35848569869995117,0.8974398970603943,-0.22403866052627563,0.6610898971557617
0.5169758200645447,0.18183770775794983,-0.1198897436261177,0.9999898672103882,0.5235583782196045,0.16652911901474,-0.11150752753019333,0.9999856352806091,0.5263992547988892,0.16709937155246735,-0.11170408129692078,0.9999845623970032,0.5296541452407837,0.16795141994953156,-0.11161961406469345,0.9999890327453613,0.5184781551361084,0.16536715626716614,-0.09669659286737442,0.999987006187439,0.5172775387763977,0.16473858058452606,-0.09694014489650726,0.9999858140945435,0.515791654586792,0.163986474275589,-0.09699009358882904,0.9999862313270569,0.5419999957084656,0.17837554216384888,-0.04841276630759239,0.9999909996986389,0.5203220248222351,0.170622318983078,0.02158994786441326,0.999948263168335,0.5220019817352295,0.20015019178390503,-0.0937531366944313,0.9999896883964539,0.5151442885398865,0.19874700903892517,-0.07525031268596649,0.9999797940254211,0.5625088810920715,0.26955923438072205,-0.060403164476156235,0.9999944567680359,0.4934473931789398,0.28092387318611145,0.13421034812927246,0.9999433755874634,0.582433819770813,0.3841209411621094,-0.18907372653484344,0.9855298399925232,0.463967889547348,0.39078012108802795,0.12373863905668259,0.5501829385757446,0.5449544191360474,0.3766538202762604,-0.3867119550704956,0.9901514053344727,0.4132889211177826,0.38216501474380493,-0.039548613131046295,0.9215114712715149,0.5326454639434814,0.3783550262451172,-0.4345109760761261,0.9889627695083618,0.3995549976825714,0.3742263615131378,-0.06645629554986954,0.9326255917549133,0.5290586352348328,0.3566112816333771,-0.43518751859664917,0.9896385073661804,0.40152251720428467,0.3578030467033386,-0.09559215605258942,0.9368685483932495,0.5302506685256958,0.35958707332611084,-0.390113890171051,0.9822404384613037,0.4076772928237915,0.3627378046512604,-0.057173486799001694,0.9242848753929138,0.5324742794036865,0.5220757722854614,-0.06973344832658768,0.9997509717941284,0.4931836426258087,0.5150613188743591,0.06954214721918106,0.999640941619873,0.4743958115577698,0.6516010761260986,-0.19802913069725037,0.7679837942123413,0.43670713901519775,0.6084766983985901,-0.06681836396455765,0.47372928261756897,0.42196857929229736,0.823482096195221,-0.259782999753952,0.7190148830413818,0.4005320966243744,0.8007212281227112,-0.05161607265472412,0.5159770846366882,0.4212934374809265,0.8767536878585815,-0.2730088233947754,0.5527918338775635,0.4110378623008728,0.8496330976486206,-0.055004578083753586,0.5021175146102905,0.3578767776489258,0.8288007974624634,-0.40117040276527405,0.7971100807189941,0.3541121184825897,0.8273661136627197,-0.17131242156028748,0.6065785884857178
0.5174882411956787,0.18263664841651917,-0.08822999149560928,0.9999908208847046,0.5238301753997803,0.16712847352027893,-0.07908055931329727,0.999987006187439,0.5266274809837341,0.1675931215286255,-0.07926050573587418,0.9999860525131226,0.5298913717269897,0.16832388937473297,-0.07919799536466599,0.9999901056289673,0.5188075304031372,0.16600346565246582,-0.06398005038499832,0.9999882578849792,0.5175985097885132,0.16531319916248322,-0.064222052693367,0.9999871850013733,0.5160924196243286,0.16448287665843964,-0.06427150964736938,0.9999875426292419,0.5423974990844727,0.17838925123214722,-0.01582297869026661,0.999991774559021,0.5208140015602112,0.170844167470932,0.05495069548487663,0.9999531507492065,0.5226170420646667,0.20050126314163208,-0.06232859939336777,0.9999905824661255,0.5157141089439392,0.199229434132576,-0.04363678768277168,0.9999815821647644,0.5628167390823364,0.2688767910003662,-0.031169677153229713,0.999994695186615,0.4937852919101715,0.2805941700935364,0.15639714896678925,0.9999458193778992,0.5824608206748962,0.38396868109703064,-0.1448170691728592,0.9853740930557251,0.46417757868766785,0.3901948928833008,0.16262933611869812,0.5409926772117615,0.5450528860092163,0.37671077251434326,-0.3239181637763977,0.9903087019920349,0.4140636622905731,0.3821544647216797,0.0213815588504076,0.9194146990776062,0.5324930548667908,0.3794967532157898,-0.36824846267700195,0.9888153672218323,0.4001975655555725,0.3742465376853943,0.0009417055989615619,0.9295523166656494,0.529258668422699,0.3566472828388214,-0.3685999810695648,0.9895103573799133,0.40212759375572205,0.35788488388061523,-0.02846236154437065,0.9343587756156921,0.5306422114372253,0.3595845401287079,-0.3263791501522064,0.981814444065094,0.40833890438079834,0.36276042461395264,0.004712882451713085,0.9204660058021545,0.5335052013397217,0.5168161988258362,-0.06944748759269714,0.9997209310531616,0.49518075585365295,0.5088498592376709,0.06922630220651627,0.9995926022529602,0.47702449560165405,0.6466926336288452,-0.2623694837093353,0.7471003532409668,0.449510395526886,0.6073867082595825,-0.07580135017633438,0.431501179933548,0.3988940417766571,0.7828659415245056,-0.409511536359787,0.71366947889328,0.4359157383441925,0.8023141026496887,-0.031753379851579666,0.46728888154029846,0.39487114548683167,0.8287602066993713,-0.4304952025413513,0.5687151551246643,0.44161415100097656,0.8385303020477295,-0.03093920834362507,0.463421493768692,0.3316381275653839,0.7681277990341187,-0.5706122517585754,0.7981281280517578,0.40809106826782227,0.8383969664573669,-0.11149551719427109,0.5531583428382874
0.5182157158851624,0.18358096480369568,-0.1031339094042778,0.9999917149543762,0.524325430393219,0.16761720180511475,-0.0946047231554985,0.9999881982803345,0.5271474719047546,0.16804493963718414,-0.09480821341276169,0.9999873042106628,0.53056800365448,0.16869443655014038,-0.09476085007190704,0.9999909996986389,0.5192996263504028,0.166509211063385,-0.07915256172418594,0.99998939037323,0.5181081891059875,0.16572919487953186,-0.07939401268959045,0.9999883770942688,0.516618013381958,0.1647951304912567,-0.07945135235786438,0.9999887347221375,0.5429158806800842,0.17842356860637665,-0.03200862184166908,0.9999924302101135,0.5211178660392761,0.17096036672592163,0.040889717638492584,0.9999573230743408,0.5235347151756287,0.20090489089488983,-0.07770860940217972,0.999991238117218,0.5164076685905457,0.1997813880443573,-0.05873303860425949,0.999983012676239,0.5631872415542603,0.2685478925704956,-0.04846205562353134,0.9999948740005493,0.49419504404067993,0.2795654535293579,0.1451493352651596,0.9999495148658752,0.5824505686759949,0.38347455859184265,-0.16163641214370728,0.9828729629516602,0.4642553925514221,0.3878316581249237,0.14313837885856628,0.5369768142700195,0.5454129576683044,0.37674781680107117,-0.336880087852478,0.9896091222763062,0.4143734872341156,0.38090452551841736,-0.0036714544985443354,0.9219385385513306,0.5327675342559814,0.3797565996646881,-0.38349565863609314,0.9877365827560425,0.40029624104499817,0.3739474415779114,-0.026390952989459038,0.9312262535095215,0.5298060178756714,0.35667023062705994,-0.3850991129875183,0.9885869026184082,0.4020812213420868,0.3578856289386749,-0.05878758430480957,0.9362907409667969,0.5311865210533142,0.3596253991127014,-0.34024327993392944,0.9798155426979065,0.4083369970321655,0.3623916208744049,-0.021880770102143288,0.9221330881118774,0.5336793065071106,0.5135307312011719,-0.06706373393535614,0.999714195728302,0.4960384964942932,0.5029183030128479,0.06680372357368469,0.999585747718811,0.5036927461624146,0.6399951577186584,-0.21626880764961243,0.6853150129318237,0.46196043491363525,0.6099395751953125,-0.023588554933667183,0.3896365463733673,0.45685482025146484,0.7986067533493042,-0.31970274448394775,0.656213641166687,0.44721463322639465,0.7789953351020813,0.05231295898556709,0.4212538003921509,0.4542313516139984,0.834193229675293,-0.3372604548931122,0.5293174982070923,0.45025017857551575,0.8084641098976135,0.05634830892086029,0.41983720660209656,0.4264339804649353,0.813975989818573,-0.4619685411453247,0.7468734979629517,0.4239136278629303,0.8153490424156189,-0.007812737487256527,0.4997411370277405
0.5186424255371094,0.1844942271709442,-0.13190314173698425,0.9999924898147583,0.5246918201446533,0.16821739077568054,-0.12333540618419647,0.9999893307685852,0.5275286436080933,0.16862112283706665,-0.12354777008295059,0.9999884963035583,0.5309916734695435,0.16918803751468658,-0.12347763031721115,0.9999918341636658,0.5196589827537537,0.16715377569198608,-0.10901782661676407,0.9999904036521912,0.5184820294380188,0.16626857221126556,-0.10926005989313126,0.9999895095825195,0.5170139074325562,0.1652091145515442,-0.10931865870952606,0.9999898076057434,0.5431795120239258,0.1784657984972,-0.058777470141649246,0.999993085861206,0.5214733481407166,0.17105402052402496,0.011049791239202023,0.9999609589576721,0.5240873694419861,0.2012205272912979,-0.10456576943397522,0.9999918341636658,0.5168806314468384,0.2003791332244873,-0.08629366010427475,0.9999842643737793,0.5637151598930359,0.2685514986515045,-0.0693272203207016,0.9999948740005493,0.49463748931884766,0.2785140573978424,0.11172791570425034,0.9999516010284424,0.5824610590934753,0.38256943225860596,-0.18239225447177887,0.9842942953109741,0.4643443822860718,0.3864845633506775,0.09037391096353531,0.5577958226203918,0.5456812977790833,0.37659576535224915,-0.3495415449142456,0.9900990128517151,0.4148537814617157,0.379435658454895,-0.08439759910106659,0.9280934929847717,0.5329205989837646,0.37974125146865845,-0.39749616384506226,0.9881913065910339,0.4004710614681244,0.37282946705818176,-0.11471133679151535,0.9363752007484436,0.530042827129364,0.3566693961620331,-0.39848288893699646,0.989121675491333,0.4021224081516266,0.3570818603038788,-0.14742444455623627,0.9411710500717163,0.5313402414321899,0.35961833596229553,-0.35233932733535767,0.9806529879570007,0.40833088755607605,0.3610977828502655,-0.1036151796579361,0.9276454448699951,0.5336058139801025,0.5105138421058655,-0.06672501564025879,0.9997054934501648,0.4969034194946289,0.49735310673713684,0.06647281348705292,0.9995734095573425,0.5082502365112305,0.6156695485115051,-0.2703341245651245,0.6936815977096558,0.4696785807609558,0.6014279723167419,0.119258351624012,0.37186795473098755,0.45813798904418945,0.7669466137886047,-0.4655279219150543,0.6681802868843079,0.47296836972236633,0.7451433539390564,0.2995925545692444,0.3903453052043915,0.45497825741767883,0.8104188442230225,-0.491584837436676,0.5706987977027893,0.47891294956207275,0.7654968500137329,0.31420448422431946,0.40421780943870544,0.4341970384120941,0.7558631896972656,-0.6206653118133545,0.768455445766449,0.4534513056278229,0.7948904037475586,0.25416427850723267,0.46942827105522156
0.5185245871543884,0.1848076432943344,-0.14577974379062653,0.9999932050704956,0.524615466594696,0.1684820055961609,-0.1348494589328766,0.9999904036521912,0.5274432301521301,0.16877147555351257,-0.13504475355148315,0.9999896287918091,0.5308716297149658,0.16928304731845856,-0.13498800992965698,0.9999926090240479,0.5195637941360474,0.16740693151950836,-0.12209394574165344,0.9999913573265076,0.518385648727417,0.16651752591133118,-0.12235153466463089,0.9999905228614807,0.5169175267219543,0.16540274024009705,-0.12243833392858505,0.9999908208847046,0.5431682467460632,0.1784246414899826,-0.060239799320697784,0.9999937415122986,0.5216041803359985,0.17106015980243683,0.0030271371360868216,0.9999647736549377,0.5240107178688049,0.20140302181243896,-0.11455454677343369,0.9999926090240479,0.5167446732521057,0.20074546337127686,-0.09831824153661728,0.9999857544898987,0.5649617314338684,0.26879772543907166,-0.0570555217564106,0.999995231628418,0.4948258101940155,0.2784975469112396,0.10647936910390854,0.9999551177024841,0.5829373598098755,0.3841575086116791,-0.18297834694385529,0.9855347275733948,0.46441906690597534,0.3864303529262543,0.09971754252910614,0.5849155783653259,0.5463404059410095,0.37680456042289734,-0.3813111186027527,0.990704357624054,0.4148777425289154,0.3782607614994049,-0.037490781396627426,0.9341722130775452,0.533168613910675,0.37972450256347656,-0.43083375692367554,0.9888805150985718,0.400089293718338,0.37285205721855164,-0.06041833385825157,0.9415799975395203,0.5303917527198792,0.3566683828830719,-0.43501365184783936,0.9897899031639099,0.4017055332660675,0.3569193482398987,-0.09721322357654572,0.9459415078163147,0.5316513776779175,0.35962480306625366,-0.3864806294441223,0.9818446040153503,0.4081588089466095,0.3604642450809479,-0.056216947734355927,0.9332175850868225,0.5354215502738953,0.5036472678184509,-0.0643899217247963,0.9996069669723511,0.5000265836715698,0.4849512279033661,0.06399853527545929,0.9994696974754333,0.4574197232723236,0.525687575340271,-0.3320910632610321,0.7195664644241333,0.44855251908302307,0.5634883642196655,0.07108767330646515,0.39208415150642395,0.35345304012298584,0.6149048209190369,-0.6463502049446106,0.6941555738449097,0.40950262546539307,0.7100987434387207,0.15581560134887695,0.3782580494880676,0.33650368452072144,0.6628674268722534,-0.6847116351127625,0.6131094694137573,0.4113381803035736,0.7510721683502197,0.16208744049072266,0.4329162538051605,0.29830190539360046,0.5108434557914734,-0.8141117691993713,0.7911186218261719,0.3699183166027069,0.7031940221786499,0.0856727883219719,0.4810885787010193
0.518476128578186,0.1847466677427292,-0.16640613973140717,0.9999938607215881,0.5246577858924866,0.16842615604400635,-0.15590164065361023,0.9999912977218628,0.5275353789329529,0.16865508258342743,-0.1560892015695572,0.9999906420707703,0.5309829115867615,0.1691630482673645,-0.1560327410697937,0.9999933242797852,0.5194881558418274,0.1673952043056488,-0.14047913253307343,0.9999921917915344,0.518312394618988,0.1665225774049759,-0.14076675474643707,0.9999914765357971,0.5168786644935608,0.16543567180633545,-0.14081314206123352,0.9999917149543762,0.5433686971664429,0.17841178178787231,-0.08233055472373962,0.9999942779541016,0.5215726494789124,0.17100803554058075,-0.01096415426582098,0.9999680519104004,0.5241168141365051,0.20139248669147491,-0.13669243454933167,0.9999932050704956,0.5166670680046082,0.20073431730270386,-0.11775766313076019,0.9999868869781494,0.5657272338867188,0.2695508599281311,-0.08081964403390884,0.9999955296516418,0.4947996139526367,0.27847030758857727,0.1103343814611435,0.9999583959579468,0.5848975777626038,0.3861650228500366,-0.19830197095870972,0.97793048620224,0.4645812213420868,0.3864528238773346,0.13160109519958496,0.536670982837677,0.5463759303092957,0.37750422954559326,-0.35562899708747864,0.9871562719345093,0.4148167371749878,0.37827786803245544,0.009034424088895321,0.9190086722373962,0.5331339240074158,0.3796643316745758,-0.39218297600746155,0.9856793880462646,0.39918282628059387,0.3731679618358612,-0.0017832363955676556,0.9342541098594666,0.5304993987083435,0.35708120465278625,-0.39376839995384216,0.9866592288017273,0.40109509229660034,0.35687267780303955,-0.034834813326597214,0.9391810297966003,0.5316646099090576,0.36044612526893616,-0.3575882613658905,0.9761874675750732,0.4078752100467682,0.3599833846092224,-0.007508599665015936,0.9216364622116089,0.5360314249992371,0.49897462129592896,-0.06487318873405457,0.9995684623718262,0.5015354752540588,0.4816198945045471,0.06449618935585022,0.9994226098060608,0.45638084411621094,0.498734712600708,-0.2996746897697449,0.7245560884475708,0.4266898036003113,0.49789196252822876,-0.20730715990066528,0.3817039430141449,0.35149085521698,0.5526771545410156,-0.5566262602806091,0.6994292736053467,0.33127060532569885,0.5381860136985779,-0.4421486556529999,0.3560422658920288,0.3366815149784088,0.6003327369689941,-0.5886491537094116,0.6449049711227417,0.3179222643375397,0.5839168429374695,-0.46937888860702515,0.443230003118515,0.2945604920387268,0.4539746642112732,-0.7081507444381714,0.8060290217399597,0.2862642705440521,0.44870343804359436,-0.560554563999176,0.484818696975708
0.5184276700019836,0.1847260594367981,-0.1634032130241394,0.9999944567680359,0.5246248841285706,0.16841979324817657,-0.1529315859079361,0.9999921321868896,0.527532696723938,0.168647900223732,-0.15313023328781128,0.9999915361404419,0.5309448838233948,0.16914992034435272,-0.1530805379152298,0.9999939799308777,0.5194297432899475,0.1674259603023529,-0.1387474238872528,0.9999929666519165,0.5182788372039795,0.16663068532943726,-0.13902539014816284,0.999992311000824,0.5168277621269226,0.16558876633644104,-0.1390712559223175,0.9999925494194031,0.5433488488197327,0.17827913165092468,-0.08235608041286469,0.9999948143959045,0.5215489268302917,0.17099855840206146,-0.016749588772654533,0.9999710917472839,0.5240310430526733,0.20137232542037964,-0.1350293904542923,0.9999938011169434,0.5165969133377075,0.20071835815906525,-0.1177610456943512,0.9999880194664001,0.5662750601768494,0.27001678943634033,-0.08541171997785568,0.9999958872795105,0.49477168917655945,0.2782905399799347,0.1057705208659172,0.999961256980896,0.5864283442497253,0.38840654492378235,-0.19688861072063446,0.9753280878067017,0.4647441506385803,0.3854092061519623,0.14129164814949036,0.5008618235588074,0.5463377833366394,0.3784841001033783,-0.33796003460884094,0.9867498874664307,0.4145053029060364,0.37760117650032043,0.04188927263021469,0.9102874398231506,0.532900869846344,0.3795318603515625,-0.3747308850288391,0.9853423237800598,0.3985360860824585,0.3731768727302551,0.03394714742898941,0.9296466708183289,0.5305428504943848,0.3570799231529236,-0.37593525648117065,0.9863339066505432,0.4006575047969818,0.35657426714897156,0.0008257251465693116,0.9349735975265503,0.5317361354827881,0.36048123240470886,-0.33991968631744385,0.975554347038269,0.4073852002620697,0.35874494910240173,0.025626281276345253,0.9144715070724487,0.537004828453064,0.49215781688690186,-0.06493206322193146,0.9995225071907043,0.5013986229896545,0.4712373614311218,0.06458783894777298,0.9993629455566406,0.4628011882305145,0.47840315103530884,-0.2648502588272095,0.736864447593689,0.418256551027298,0.4469694495201111,-0.14695550501346588,0.37424054741859436,0.35030287504196167,0.5120659470558167,-0.4604421854019165,0.704007625579834,0.329658180475235,0.4892076253890991,-0.34797829389572144,0.3388417065143585,0.332985520362854,0.5510482788085938,-0.48563098907470703,0.6732954382896423,0.3151495158672333,0.544477105140686,-0.37133416533470154,0.4520716369152069,0.31136223673820496,0.45238620042800903,-0.58338862657547,0.8181858658790588,0.27712953090667725,0.41571512818336487,-0.44465821981430054,0.48678505420684814
0.5184525847434998,0.1846805363893509,-0.15487833321094513,0.9999945759773254,0.5246685743331909,0.16840286552906036,-0.14429539442062378,0.9999924302101135,0.5275385975837708,0.16864168643951416,-0.1445014476776123,0.9999918341636658,0.5309051275253296,0.16914351284503937,-0.144454687833786,0.9999942183494568,0.5194312930107117,0.16740243136882782,-0.1308085024356842,0.9999933242797852,0.518239438533783,0.1666184514760971,-0.13108602166175842,0.9999927878379822,0.516765832901001,0.16558678448200226,-0.1311521679162979,0.9999929070472717,0.5433220267295837,0.17824697494506836,-0.08170916140079498,0.9999947547912598,0.5215165019035339,0.17099405825138092,-0.01204465702176094,0.9999716281890869,0.5239635109901428,0.20134058594703674,-0.12648747861385345,0.9999929666519165,0.5166198015213013,0.20058514177799225,-0.11033711582422256,0.9999863505363464,0.5669803023338318,0.2700633108615875,-0.06881468743085861,0.9999957084655762,0.4946073293685913,0.2776068150997162,0.0933242067694664,0.9999600648880005,0.5861979722976685,0.38868477940559387,-0.17859745025634766,0.9591594338417053,0.4647420048713684,0.3840707242488861,0.11453130841255188,0.46813106536865234,0.5464338660240173,0.37846580147743225,-0.3415478467941284,0.9828399419784546,0.41475099325180054,0.37550535798072815,0.004131338559091091,0.8973121643066406,0.5333948731422424,0.379729300737381,-0.3811778128147125,0.9824333190917969,0.3988996744155884,0.3711787164211273,-0.01312844455242157,0.922308623790741,0.5305328965187073,0.3572041392326355,-0.38409295678138733,0.9836182594299316,0.4011605381965637,0.35455870628356934,-0.044803597033023834,0.9282482266426086,0.5317041277885437,0.360476016998291,-0.3450845181941986,0.9709552526473999,0.4075590968132019,0.35615208745002747,-0.013084976933896542,0.9042147994041443,0.5368130803108215,0.4888530671596527,-0.06043742597103119,0.9993279576301575,0.4996037185192108,0.4672129452228546,0.060098033398389816,0.9990891814231873,0.4669147729873657,0.45085689425468445,-0.2567981779575348,0.7370070815086365,0.41811639070510864,0.4434913992881775,-0.09790437668561935,0.3506208062171936,0.34938541054725647,0.45363473892211914,-0.4670710861682892,0.698133647441864,0.338354229927063,0.43128809332847595,-0.24606403708457947,0.31230083107948303,0.3271644711494446,0.4888851046562195,-0.4938054084777832,0.6945825219154358,0.3308138847351074,0.5023745894432068,-0.2635793387889862,0.4404398500919342,0.30194947123527527,0.35043200850486755,-0.5857334733009338,0.8250479698181152,0.29649773240089417,0.3295823335647583,-0.32005244493484497,0.4629875123500824
0.5183524489402771,0.18470977246761322,-0.17724448442459106,0.9999949932098389,0.5246433615684509,0.1684706211090088,-0.16774912178516388,0.999993085861206,0.5275126099586487,0.16872422397136688,-0.16798384487628937,0.9999924898147583,0.5308931469917297,0.169223815202713,-0.16795749962329865,0.999994695186615,0.5193254351615906,0.1675499677658081,-0.1555943489074707,0.9999938607215881,0.5180571675300598,0.16680125892162323,-0.15586990118026733,0.9999933838844299,0.5165508389472961,0.1657901555299759,-0.15596184134483337,0.9999934434890747,0.5433070063591003,0.1782633662223816,-0.0942312479019165,0.9999951124191284,0.5214771032333374,0.17119352519512177,-0.034944020211696625,0.9999731183052063,0.5237305760383606,0.20148678123950958,-0.1464066505432129,0.9999933242797852,0.5165791511535645,0.200791135430336,-0.1311076283454895,0.9999866485595703,0.5674223303794861,0.27120476961135864,-0.0803544670343399,0.9999956488609314,0.49458184838294983,0.2776090204715729,0.07102257758378983,0.9999549388885498,0.586650550365448,0.3928515613079071,-0.19449369609355927,0.944395124912262,0.4649159610271454,0.3839070498943329,0.07128127664327621,0.43180984258651733,0.546416163444519,0.3779833912849426,-0.3884178102016449,0.9748309850692749,0.41674575209617615,0.37555161118507385,-0.05749945342540741,0.8415750861167908,0.5334838628768921,0.38004621863365173,-0.4352647364139557,0.9766089916229248,0.40047115087509155,0.37012091279029846,-0.07552292943000793,0.870467483997345,0.5306914448738098,0.3573606014251709,-0.4366719126701355,0.978538453578949,0.4016941487789154,0.3544853925704956,-0.10937792807817459,0.8777464032173157,0.531932532787323,0.3604869246482849,-0.3925535976886749,0.9622371792793274,0.40817520022392273,0.3563118875026703,-0.07463754713535309,0.8491498231887817,0.5337905287742615,0.4915398359298706,-0.06757073104381561,0.9989376068115234,0.49623316526412964,0.4704882800579071,0.06712228804826736,0.9984312653541565,0.45674365758895874,0.4768800437450409,-0.2850149869918823,0.6998787522315979,0.403849720954895,0.4391654133796692,0.0346987284719944,0.3160563111305237,0.34685617685317993,0.43704649806022644,-0.5172621011734009,0.6673815846443176,0.35969993472099304,0.4905471205711365,0.10383062064647675,0.2812466025352478,0.33184614777565,0.4656836986541748,-0.5447976589202881,0.7028335928916931,0.3580654561519623,0.5199506282806396,0.11046437919139862,0.3989839553833008,0.2990816831588745,0.27461913228034973,-0.6475218534469604,0.8174239993095398,0.32455164194107056,0.4411522150039673,0.0929332822561264,0.4173445403575897
0.5183596014976501,0.18469125032424927,-0.16507485508918762,0.9999948740005493,0.5248255729675293,0.1684650033712387,-0.15546974539756775,0.9999929666519165,0.527751088142395,0.16871969401836395,-0.1556917130947113,0.999992311000824,0.5310510993003845,0.16921626031398773,-0.1556568741798401,0.999994695186615,0.5192951560020447,0.16757771372795105,-0.14222314953804016,0.9999937415122986,0.5180469155311584,0.16685156524181366,-0.14249147474765778,0.9999931454658508,0.5165162682533264,0.16587132215499878,-0.1425691694021225,0.9999931454658508,0.5433433055877686,0.17812851071357727,-0.08713230490684509,0.9999943375587463,0.5212453007698059,0.17120124399662018,-0.022428691387176514,0.9999669194221497,0.5237735509872437,0.2014925479888916,-0.13607582449913025,0.9999901056289673,0.5165814757347107,0.2008405476808548,-0.11944637447595596,0.999977171421051,0.567689836025238,0.27199673652648926,-0.08457856625318527,0.9999951124191284,0.4944668114185333,0.2766300141811371,0.08451367169618607,0.9999417662620544,0.5866604447364807,0.3933500051498413,-0.21420706808567047,0.9059378504753113,0.4649215340614319,0.38041216135025024,0.08912365883588791,0.389930784702301,0.5461294651031494,0.3779507577419281,-0.38380831480026245,0.9427172541618347,0.41664254665374756,0.3820403218269348,-0.021902430802583694,0.7598538398742676,0.5331816077232361,0.38089320063591003,-0.42761000990867615,0.9470036625862122,0.4016586244106293,0.3755035996437073,-0.03089183196425438,0.7877665162086487,0.5302790999412537,0.35841572284698486,-0.4298257529735565,0.9502442479133606,0.40170520544052124,0.36547765135765076,-0.06108308956027031,0.7946216464042664,0.5316315293312073,0.3611876666545868,-0.38630467653274536,0.922379195690155,0.40804338455200195,0.36775779724121094,-0.036722324788570404,0.7680923342704773,0.5286079049110413,0.49187368154525757,-0.06789463013410568,0.9987635612487793,0.4911867380142212,0.4716241657733917,0.06749339401721954,0.9981133937835693,0.44941991567611694,0.42314067482948303,-0.2702953517436981,0.6607579588890076,0.40548181533813477,0.4088840186595917,-0.059322431683540344,0.28593093156814575,0.344122052192688,0.36520686745643616,-0.4911147356033325,0.641670823097229,0.33150774240493774,0.3589138090610504,-0.1615956723690033,0.25431689620018005,0.3266635239124298,0.38878870010375977,-0.5207862854003906,0.7103718519210815,0.31295809149742126,0.4133535325527191,-0.17373700439929962,0.3692006468772888,0.3163522481918335,0.23396265506744385,-0.6264913082122803,0.8129598498344421,0.3013900816440582,0.2525850236415863,-0.22480884194374084,0.38076743483543396
0.5182301998138428,0.18467368185520172,-0.1523997187614441,0.9999949336051941,0.5248068571090698,0.16848772764205933,-0.14633981883525848,0.999993085861206,0.5277488827705383,0.16872096061706543,-0.14657416939735413,0.9999924302101135,0.531022310256958,0.16921362280845642,-0.14656107127666473,0.9999948740005493,0.5192518830299377,0.1677059531211853,-0.1311301290988922,0.9999938011169434,0.517985999584198,0.16708490252494812,-0.13138389587402344,0.9999931454658508,0.516494631767273,0.16616302728652954,-0.13145793974399567,0.9999930262565613,0.5433599948883057,0.17810001969337463,-0.08451362699270248,0.999994158744812,0.5214303135871887,0.1712854951620102,-0.017330331727862358,0.9999626874923706,0.5237438082695007,0.20150989294052124,-0.13340575993061066,0.9999886155128479,0.5165641903877258,0.2009841352701187,-0.1137135699391365,0.9999712109565735,0.5677506327629089,0.27233442664146423,-0.0910605937242508,0.9999949336051941,0.4945765733718872,0.27664434909820557,0.08335351198911667,0.9999212026596069,0.5866433382034302,0.3926642835140228,-0.21933797001838684,0.8840751051902771,0.46517160534858704,0.3771250247955322,0.07351313531398773,0.3524317145347595,0.5459402203559875,0.37788453698158264,-0.38057443499565125,0.9297714829444885,0.41360607743263245,0.38177675008773804,-0.039560072124004364,0.6854771971702576,0.532663881778717,0.3816814720630646,-0.42410579323768616,0.9331130981445312,0.40145164728164673,0.37541958689689636,-0.04904699698090553,0.7115254402160645,0.5299667716026306,0.35898149013519287,-0.42643308639526367,0.9367644190788269,0.39673736691474915,0.3646278381347656,-0.07751773297786713,0.7178629636764526,0.5313738584518433,0.36163249611854553,-0.38287651538848877,0.9012138247489929,0.4030340909957886,0.36752158403396606,-0.05484195798635483,0.6937679052352905,0.529106080532074,0.4891412854194641,-0.06788113713264465,0.9986377358436584,0.49152711033821106,0.471887469291687,0.06749507039785385,0.9978170990943909,0.44281384348869324,0.40296584367752075,-0.21963876485824585,0.6259340643882751,0.4120517075061798,0.3974742889404297,-0.04420573264360428,0.2586367726325989,0.3509264290332794,0.35060086846351624,-0.43851518630981445,0.615437388420105,0.33375921845436096,0.33931851387023926,-0.12063168734312057,0.23024311661720276,0.3360423147678375,0.3783360421657562,-0.46860751509666443,0.7105562090873718,0.314552366733551,0.3699813187122345,-0.13010002672672272,0.34286412596702576,0.32017841935157776,0.21528282761573792,-0.5546244382858276,0.8033013343811035,0.3037974536418915,0.22933490574359894,-0.1819389909505844,0.34792017936706543
0.5181715488433838,0.18465952575206757,-0.16103626787662506,0.9999943375587463,0.5247935652732849,0.16854700446128845,-0.15145155787467957,0.9999922513961792,0.5277490019798279,0.1687433272600174,-0.15166905522346497,0.9999913573265076,0.531002402305603,0.16922110319137573,-0.15165077149868011,0.9999943971633911,0.519075334072113,0.167960062623024,-0.13847945630550385,0.9999930262565613,0.5178226232528687,0.1674865037202835,-0.1387534737586975,0.9999920725822449,0.516371488571167,0.16665366291999817,-0.1388474851846695,0.999991774559021,0.5433841347694397,0.1780632734298706,-0.08342849463224411,0.999992311000824,0.5213282108306885,0.17151273787021637,-0.02240266650915146,0.9999475479125977,0.5238609910011292,0.20147612690925598,-0.13495628535747528,0.9999827742576599,0.5165359377861023,0.20104709267616272,-0.11847241967916489,0.9999510645866394,0.5677271485328674,0.2725457549095154,-0.08742423355579376,0.9999942779541016,0.49456706643104553,0.275850385427475,0.07195912301540375,0.9999035000801086,0.5865761637687683,0.392507404088974,-0.21202217042446136,0.8194692134857178,0.4651713967323303,0.3739544749259949,0.05887061730027199,0.31786248087882996,0.5457975268363953,0.3781162202358246,-0.3792535662651062,0.8647670149803162,0.4129440188407898,0.38604941964149475,-0.05365468189120293,0.6174067258834839,0.5325509905815125,0.38273778557777405,-0.4214225709438324,0.8725692629814148,0.40137729048728943,0.3818347156047821,-0.06530708819627762,0.6412042379379272,0.5299476981163025,0.35963431000709534,-0.4188078045845032,0.8775918483734131,0.39556410908699036,0.37333735823631287,-0.09313666075468063,0.6469519138336182,0.5313640832901001,0.3619667887687683,-0.3826759159564972,0.8347935676574707,0.40197840332984924,0.381316214799881,-0.06826438754796982,0.6251955628395081,0.5267537832260132,0.4879920184612274,-0.06597883999347687,0.9985157251358032,0.4909072518348694,0.46882757544517517,0.06556861102581024,0.9975972771644592,0.4385772943496704,0.3989368975162506,-0.25559762120246887,0.5821555852890015,0.4090021550655365,0.40144598484039307,-0.04457222670316696,0.23345674574375153,0.34392407536506653,0.33469271659851074,-0.5088591575622559,0.5804614424705505,0.3175069987773895,0.359891414642334,-0.11128410696983337,0.20783376693725586,0.3368440568447113,0.38038232922554016,-0.5390713214874268,0.7008633017539978,0.30469703674316406,0.3865528404712677,-0.11963019520044327,0.3139685094356537,0.320016086101532,0.21549499034881592,-0.6461220383644104,0.7876753211021423,0.29665642976760864,0.24116761982440948,-0.17079974710941315,0.31577369570732117
0.5176060199737549,0.1848558783531189,-0.16058678925037384,0.9999929666519165,0.5241450667381287,0.16888508200645447,-0.15094105899333954,0.9999902844429016,0.5272938013076782,0.16901446878910065,-0.15115877985954285,0.9999892115592957,0.5306256413459778,0.16936911642551422,-0.15118201076984406,0.9999933242797852,0.5185799598693848,0.1686486154794693,-0.13701193034648895,0.9999914765357971,0.5174223780632019,0.16820430755615234,-0.13727611303329468,0.9999901652336121,0.5159891247749329,0.1673566699028015,-0.13735264539718628,0.9999895095825195,0.5433752536773682,0.17805549502372742,-0.08221443742513657,0.9999895095825195,0.5212783217430115,0.1718130111694336,-0.01948690228164196,0.9999223351478577,0.5238398909568787,0.2015765756368637,-0.13344575464725494,0.9999727010726929,0.5164173245429993,0.2015949785709381,-0.11575519293546677,0.9999192357063293,0.5679387450218201,0.27288246154785156,-0.08135509490966797,0.9999933838844299,0.4945708215236664,0.27515149116516113,0.07462595403194427,0.9998737573623657,0.5865328907966614,0.392784982919693,-0.1957121193408966,0.770900309085846,0.4651950001716614,0.373612642288208,0.06544285267591476,0.28665825724601746,0.5455114245414734,0.3782254159450531,-0.33930882811546326,0.8158061504364014,0.4124397039413452,0.38926181197166443,-0.04712482541799545,0.556056559085846,0.5322269201278687,0.38384950160980225,-0.3756464421749115,0.8277348279953003,0.4018288850784302,0.3896006643772125,-0.06160277873277664,0.5778237581253052,0.5298386216163635,0.35965633392333984,-0.3729364573955536,0.8340795040130615,0.39763888716697693,0.38382360339164734,-0.08833871781826019,0.5830461382865906,0.531334638595581,0.36196109652519226,-0.3406822085380554,0.783189594745636,0.40502774715423584,0.3872181177139282,-0.0631525069475174,0.5634241104125977,0.5272315144538879,0.4880388677120209,-0.06345739215612411,0.9982744455337524,0.4912222623825073,0.4692513346672058,0.06308763474225998,0.9971508979797363,0.44515788555145264,0.4259464144706726,-0.260122686624527,0.5368529558181763,0.4132819175720215,0.39504486322402954,-0.08451832085847855,0.2106541395187378,0.3554452359676361,0.3561962842941284,-0.533673882484436,0.5395559072494507,0.329398512840271,0.3629796504974365,-0.20913483202457428,0.1874912530183792,0.34519776701927185,0.3854442536830902,-0.5664597749710083,0.68623286485672,0.3178216814994812,0.394077867269516,-0.2238936424255371,0.2875959575176239,0.32949501276016235,0.2263910472393036,-0.6758710145950317,0.7644789218902588,0.3000339865684509,0.26795879006385803,-0.27893054485321045,0.28648069500923157
0.5175398588180542,0.1853354424238205,-0.1586984097957611,0.9999933838844299,0.523870050907135,0.16963911056518555,-0.1495780050754547,0.9999909400939941,0.5271037220954895,0.1696331948041916,-0.14977076649665833,0.9999898672103882,0.5305343270301819,0.16978414356708527,-0.14978735148906708,0.9999937415122986,0.5184245109558105,0.1695900857448578,-0.13547320663928986,0.9999920129776001,0.5173028707504272,0.1691407561302185,-0.13574522733688354,0.9999907612800598,0.5158504843711853,0.16827476024627686,-0.13581618666648865,0.9999901652336121,0.543394148349762,0.1780552715063095,-0.08085744827985764,0.9999900460243225,0.5212634205818176,0.17230355739593506,-0.01833946444094181,0.9999257326126099,0.5238617658615112,0.20170162618160248,-0.13123321533203125,0.9999738931655884,0.5164036154747009,0.2024921327829361,-0.11372558772563934,0.9999224543571472,0.5680415630340576,0.2730224132537842,-0.07691909372806549,0.9999936819076538,0.49456802010536194,0.2745722532272339,0.07494516670703888,0.9998753070831299,0.5864773392677307,0.3925973176956177,-0.19016052782535553,0.7670304775238037,0.465413898229599,0.37195685505867004,0.07390093803405762,0.25937172770500183,0.545235276222229,0.3765901029109955,-0.33666735887527466,0.8135079741477966,0.41513222455978394,0.38843730092048645,-0.05256633087992668,0.5022600889205933,0.5321187376976013,0.38325035572052,-0.3748791813850403,0.8244122862815857,0.4030373692512512,0.3876476287841797,-0.06742558628320694,0.5234148502349854,0.5295430421829224,0.3593064546585083,-0.37281015515327454,0.8312376737594604,0.3989567756652832,0.37967756390571594,-0.09633082896471024,0.5283307433128357,0.5310638546943665,0.3611324429512024,-0.33800143003463745,0.7747179865837097,0.4063365161418915,0.3830832242965698,-0.06834316998720169,0.5101474523544312,0.527679979801178,0.48581063747406006,-0.06314879655838013,0.9982879161834717,0.4915255308151245,0.4676598608493805,0.06281100958585739,0.9971560835838318,0.44984471797943115,0.40174999833106995,-0.24705462157726288,0.5231923460960388,0.4138927161693573,0.3922424614429474,-0.11416605859994888,0.19262699782848358,0.34726276993751526,0.3410804271697998,-0.49937155842781067,0.5297685861587524,0.33316147327423096,0.3298691511154175,-0.2354140281677246,0.17065472900867462,0.3271210789680481,0.3691287636756897,-0.525316059589386,0.69775390625,0.3139619827270508,0.38784387707710266,-0.24991481006145477,0.27339503169059753,0.32173842191696167,0.21244604885578156,-0.6550785899162292,0.7696434855461121,0.3051537275314331,0.21875575184822083,-0.3106835186481476,0.26724478602409363
0.5174788236618042,0.18592864274978638,-0.18873780965805054,0.9999939799308777,0.5236831307411194,0.17037269473075867,-0.17707692086696625,0.999991774559021,0.5270606279373169,0.17028768360614777,-0.17728818953037262,0.9999907612800598,0.5305294394493103,0.17027077078819275,-0.17726127803325653,0.9999943375587463,0.5182403326034546,0.17040947079658508,-0.16623596847057343,0.9999927282333374,0.517015814781189,0.17004430294036865,-0.16651183366775513,0.9999915957450867,0.515411913394928,0.1693030297756195,-0.16661597788333893,0.9999909996986389,0.5434110760688782,0.17807377874851227,-0.09505410492420197,0.9999908804893494,0.5208817720413208,0.17313191294670105,-0.04199434816837311,0.9999314546585083,0.523888349533081,0.20181579887866974,-0.1549759954214096,0.9999760389328003,0.516386091709137,0.20325668156147003,-0.14114990830421448,0.99992835521698,0.568051278591156,0.27318471670150757,-0.07689549028873444,0.9999938011169434,0.49459558725357056,0.27451586723327637,0.055611588060855865,0.9998722076416016,0.5864134430885315,0.3924643099308014,-0.17629748582839966,0.785425066947937,0.4660033881664276,0.3718916177749634,0.03435046598315239,0.24130235612392426,0.544859766960144,0.37652167677879333,-0.3392154276371002,0.8240289688110352,0.4156199097633362,0.3855115473270416,-0.09890735149383545,0.46186062693595886,0.5319136381149292,0.38308170437812805,-0.3793613314628601,0.8352712392807007,0.40291085839271545,0.3807353973388672,-0.11893541365861893,0.4830563962459564,0.5295242667198181,0.35882633924484253,-0.3804472088813782,0.8427690863609314,0.39896199107170105,0.3735281527042389,-0.14980071783065796,0.4881289303302765,0.5310114622116089,0.36055558919906616,-0.3420625925064087,0.7884857654571533,0.40632981061935425,0.3769133985042572,-0.11510021239519119,0.4707111120223999,0.5280162692070007,0.48674044013023376,-0.06189613416790962,0.9982486367225647,0.49166783690452576,0.4684063792228699,0.061500392854213715,0.9970936179161072,0.4520689845085144,0.4185411036014557,-0.3040369749069214,0.5369770526885986,0.41213691234588623,0.4562419354915619,0.0281380582600832,0.17980758845806122,0.35389286279678345,0.3954312205314636,-0.5975112915039062,0.5407638549804688,0.37883424758911133,0.5066952705383301,0.12323245406150818,0.15559490025043488,0.33772996068000793,0.43038472533226013,-0.6305790543556213,0.7251924276351929,0.3819679021835327,0.5359681248664856,0.13221539556980133,0.263345867395401,0.319945365190506,0.23749829828739166,-0.7333464026451111,0.7889193296432495,0.34420153498649597,0.4748914837837219,0.10585510730743408,0.24657201766967773
0.5174374580383301,0.18604576587677002,-0.17589905858039856,0.9999945163726807,0.5235649943351746,0.17051781713962555,-0.16104085743427277,0.9999925494194031,0.5270493626594543,0.17041999101638794,-0.16126862168312073,0.9999916553497314,0.5305187702178955,0.1703481674194336,-0.16123242676258087,0.9999948740005493,0.5181527137756348,0.17066790163516998,-0.14971372485160828,0.9999933838844299,0.5168448090553284,0.17031747102737427,-0.14999037981033325,0.9999923706054688,0.5151496529579163,0.16957707703113556,-0.1500677466392517,0.9999918341636658,0.543409526348114,0.17806072533130646,-0.07408668845891953,0.9999917149543762,0.5206205248832703,0.17332521080970764,-0.016238737851381302,0.9999375343322754,0.5239032506942749,0.20182150602340698,-0.13782328367233276,0.9999781847000122,0.516373336315155,0.20336410403251648,-0.12334801256656647,0.9999346733093262,0.5680705308914185,0.2731924057006836,-0.05707789212465286,0.999994158744812,0.49441879987716675,0.27451661229133606,0.07763862609863281,0.9998775720596313,0.5864297747612,0.3923625946044922,-0.1544356495141983,0.8061200380325317,0.4659692049026489,0.37272539734840393,0.05486131086945534,0.24186795949935913,0.5445743799209595,0.37629833817481995,-0.3199772238731384,0.8404854536056519,0.4182818531990051,0.3851388096809387,-0.08303883671760559,0.4507414996623993,0.531823992729187,0.3822312653064728,-0.359037846326828,0.8507711291313171,0.40464603900909424,0.37780994176864624,-0.10293751209974289,0.47604578733444214,0.5295137166976929,0.3577911853790283,-0.36144715547561646,0.8577457666397095,0.4011911451816559,0.3699287176132202,-0.13365104794502258,0.48282569646835327,0.5309048891067505,0.3593362867832184,-0.32300612330436707,0.8084192872047424,0.40774351358413696,0.37299638986587524,-0.09929719567298889,0.46539732813835144,0.5279965996742249,0.48728689551353455,-0.06030662730336189,0.998291552066803,0.4909316897392273,0.4685443043708801,0.05988026037812233,0.997162938117981,0.45327335596084595,0.4168718457221985,-0.30634936690330505,0.5812430381774902,0.40998780727386475,0.41672271490097046,-0.014453406445682049,0.2039790153503418,0.34542739391326904,0.3816307485103607,-0.6609007120132446,0.5828830003738403,0.4152092933654785,0.4960344731807709,-0.020307311788201332,0.15270039439201355,0.33997005224227905,0.43663638830184937,-0.6993975043296814,0.7525243163108826,0.4224259555339813,0.5271695852279663,-0.021987970918416977,0.28848278522491455,0.31694939732551575,0.2402830570936203,-0.7985584735870361,0.8097631931304932,0.39630046486854553,0.45916080474853516,-0.05825294181704521,0.2514691948890686
0.5172179341316223,0.18608441948890686,-0.17532797157764435,0.9999935626983643,0.5232474207878113,0.17055152356624603,-0.16375167667865753,0.9999920129776001,0.5268925428390503,0.17045560479164124,-0.1639815866947174,0.9999909996986389,0.5304138660430908,0.17036743462085724,-0.16391734778881073,0.9999945163726807,0.5179449915885925,0.17074188590049744,-0.15207578241825104,0.9999930262565613,0.5165699124336243,0.17039331793785095,-0.15231795608997345,0.9999918937683105,0.5148604512214661,0.16965116560459137,-0.15240934491157532,0.9999914169311523,0.5434010028839111,0.17800605297088623,-0.08363219350576401,0.9999900460243225,0.5204920172691345,0.17340485751628876,-0.029170000925660133,0.9999325275421143,0.5238779783248901,0.2018197476863861,-0.1425209641456604,0.999976396560669,0.5163297653198242,0.20336905121803284,-0.12822256982326508,0.9999304413795471,0.5681836009025574,0.27322250604629517,-0.07370595633983612,0.9999917149543762,0.494131475687027,0.2744831144809723,0.06778117269277573,0.9998506903648376,0.5869007706642151,0.39279988408088684,-0.16304369270801544,0.7776727080345154,0.46547678112983704,0.373544305562973,0.06002052500844002,0.22179372608661652,0.5444589257240295,0.3762580156326294,-0.3522951304912567,0.8308099508285522,0.41781091690063477,0.38092032074928284,-0.08553861826658249,0.43300437927246094,0.5318193435668945,0.3810678720474243,-0.3925008773803711,0.8432981371879578,0.40280136466026306,0.3764464855194092,-0.10710348933935165,0.4671253561973572,0.5295583009719849,0.35674431920051575,-0.39456555247306824,0.8513798117637634,0.4011440575122833,0.36414799094200134,-0.1369733363389969,0.4759615361690521,0.5308985114097595,0.35829174518585205,-0.35507628321647644,0.794710636138916,0.40772566199302673,0.36544641852378845,-0.10173464566469193,0.45269572734832764,0.528087317943573,0.48821333050727844,-0.06049520894885063,0.9977164268493652,0.491098016500473,0.46875983476638794,0.06008708104491234,0.9964107275009155,0.4616144895553589,0.48481321334838867,-0.23814153671264648,0.5305269360542297,0.4089575707912445,0.4235142171382904,0.011128101497888565,0.1839822232723236,0.37755969166755676,0.4479285776615143,-0.405990868806839,0.5330840945243835,0.46410590410232544,0.49729156494140625,0.0864187628030777,0.13748054206371307,0.37592044472694397,0.4689517021179199,-0.42399832606315613,0.704559326171875,0.47597506642341614,0.5260055065155029,0.09491971880197525,0.26030564308166504,0.32259178161621094,0.3123265206813812,-0.5178583264350891,0.7550227046012878,0.4676247239112854,0.49021950364112854,0.071487657725811,0.22649817168712616
0.5171211957931519,0.18519291281700134,-0.17618927359580994,0.9999940991401672,0.5229028463363647,0.17016924917697906,-0.16537179052829742,0.9999926090240479,0.5264185667037964,0.17010965943336487,-0.1655770242214203,0.9999916553497314,0.5300480127334595,0.17009754478931427,-0.16553695499897003,0.9999949336051941,0.5178094506263733,0.17041116952896118,-0.1523444950580597,0.999993622303009,0.5164530873298645,0.17009955644607544,-0.15261544287204742,0.9999926090240479,0.5147884488105774,0.16941450536251068,-0.15268830955028534,0.9999921321868896,0.5433223247528076,0.1777951568365097,-0.08761636167764664,0.9999908208847046,0.5204386711120605,0.17340078949928284,-0.027808137238025665,0.9999381899833679,0.5237656831741333,0.2007429301738739,-0.1446709781885147,0.9999781847000122,0.5163155794143677,0.20249593257904053,-0.12876398861408234,0.9999362230300903,0.5681731700897217,0.27304306626319885,-0.0791916772723198,0.999992311000824,0.4937533140182495,0.2742602527141571,0.08612091094255447,0.9998632669448853,0.5869598388671875,0.39276665449142456,-0.181613489985466,0.7847350239753723,0.46477174758911133,0.37465497851371765,0.11001791805028915,0.20637592673301697,0.5444214344024658,0.3763471841812134,-0.3494116961956024,0.8387640714645386,0.41728952527046204,0.37713631987571716,-0.023384636268019676,0.44434189796447754,0.5318034291267395,0.38092389702796936,-0.3877822458744049,0.8503634929656982,0.4007219970226288,0.3750024139881134,-0.03807355463504791,0.49191537499427795,0.5295594334602356,0.3565891683101654,-0.38981178402900696,0.8582887053489685,0.40111950039863586,0.36032772064208984,-0.07031907141208649,0.5018309950828552,0.5308932662010193,0.3580688238143921,-0.3518611490726471,0.8014295101165771,0.4077061414718628,0.3611433506011963,-0.039721157401800156,0.47084325551986694,0.5281891226768494,0.4888635277748108,-0.060634009540081024,0.9977596998214722,0.4923781752586365,0.46707457304000854,0.060262035578489304,0.9965459108352661,0.4587706923484802,0.4607901871204376,-0.24537266790866852,0.532878041267395,0.410066694021225,0.4276793301105499,-0.1603124737739563,0.18139716982841492,0.353970468044281,0.44741591811180115,-0.4602977931499481,0.5245113372802734,0.3443947434425354,0.441999226808548,-0.35841280221939087,0.1295972615480423,0.33625108003616333,0.48481276631355286,-0.4861461818218231,0.7156277894973755,0.33157777786254883,0.50435471534729,-0.38115209341049194,0.26179036498069763,0.3094787001609802,0.322230726480484,-0.5840057730674744,0.7619180083274841,0.30488187074661255,0.373823344707489,-0.455239474773407,0.22900626063346863
0.5169605612754822,0.18392284214496613,-0.18441884219646454,0.9999946355819702,0.5226552486419678,0.16930359601974487,-0.1737268716096878,0.9999932050704956,0.5261186361312866,0.1692594587802887,-0.17392708361148834,0.999992311000824,0.5298393964767456,0.1693822294473648,-0.17388278245925903,0.9999953508377075,0.517619252204895,0.16960138082504272,-0.16008709371089935,0.999994158744812,0.5162659287452698,0.16934442520141602,-0.16036751866340637,0.9999932646751404,0.5146613121032715,0.16874974966049194,-0.16043846309185028,0.999992847442627,0.5432254076004028,0.17728962004184723,-0.09643549472093582,0.9999915957450867,0.5203324556350708,0.17316444218158722,-0.03267044574022293,0.999943733215332,0.5234682559967041,0.19948387145996094,-0.1530965119600296,0.999980092048645,0.5161896347999573,0.2009328305721283,-0.13615889847278595,0.9999420046806335,0.5681313872337341,0.27286434173583984,-0.08100100606679916,0.999992847442627,0.4935215711593628,0.27419885993003845,0.08598800748586655,0.999875009059906,0.5870459079742432,0.3927167057991028,-0.1816840022802353,0.7936478853225708,0.4643374979496002,0.37746304273605347,0.10140366852283478,0.20650644600391388,0.5444197058677673,0.3764529824256897,-0.33562615513801575,0.8491185307502747,0.4158540666103363,0.37690630555152893,-0.03672356903553009,0.48669204115867615,0.5318089723587036,0.3807601034641266,-0.3725884258747101,0.8595961332321167,0.39978158473968506,0.3746781349182129,-0.05304038152098656,0.534639298915863,0.5295876860618591,0.35650283098220825,-0.3762185871601105,0.8670810461044312,0.40103134512901306,0.3597263693809509,-0.08405366539955139,0.5442274212837219,0.5308887958526611,0.35792824625968933,-0.33844631910324097,0.8115097880363464,0.40754207968711853,0.3607385754585266,-0.052979663014411926,0.5120672583580017,0.528262197971344,0.4904024600982666,-0.06086907535791397,0.9977149367332458,0.4924517273902893,0.4675004184246063,0.06050105392932892,0.9965469837188721,0.46408942341804504,0.47195127606391907,-0.29660743474960327,0.5508293509483337,0.41294845938682556,0.4304262399673462,-0.16245341300964355,0.17672830820083618,0.3545462191104889,0.48424670100212097,-0.5362645387649536,0.5367259979248047,0.3333023190498352,0.4840511679649353,-0.30469217896461487,0.12091232091188431,0.34089604020118713,0.5554227828979492,-0.565464437007904,0.7316176295280457,0.32668337225914,0.5354291796684265,-0.3215850293636322,0.2584693729877472,0.31418174505233765,0.4162845313549042,-0.6741622686386108,0.7752121090888977,0.2912730276584625,0.39383912086486816,-0.38807234168052673,0.2245464026927948
0.5167856216430664,0.18324421346187592,-0.18515488505363464,0.9999951720237732,0.5224844813346863,0.16872331500053406,-0.17375288903713226,0.9999938607215881,0.525951623916626,0.16867275536060333,-0.1739426702260971,0.999993085861206,0.5297432541847229,0.16887374222278595,-0.17389632761478424,0.9999958276748657,0.5174826979637146,0.16910701990127563,-0.16339030861854553,0.9999947547912598,0.5161131024360657,0.16885338723659515,-0.1636098027229309,0.9999939203262329,0.5145453810691833,0.16827507317066193,-0.16368038952350616,0.9999935626983643,0.5431590676307678,0.17689219117164612,-0.09282872080802917,0.9999924302101135,0.5201873183250427,0.17285767197608948,-0.039000220596790314,0.9999493360519409,0.5231328010559082,0.19878584146499634,-0.15063318610191345,0.9999820590019226,0.5159705281257629,0.199992835521698,-0.137151300907135,0.9999477863311768,0.5680159330368042,0.27257493138313293,-0.069417305290699,0.9999935030937195,0.49292418360710144,0.2742023766040802,0.07222120463848114,0.9998870491981506,0.587155282497406,0.3926790654659271,-0.18221651017665863,0.8142501711845398,0.46431320905685425,0.3802821934223175,0.03009798936545849,0.27400606870651245,0.5445472002029419,0.3766491115093231,-0.3740883767604828,0.8641486167907715,0.4154523015022278,0.37697216868400574,-0.14378894865512848,0.5375998020172119,0.5318110585212708,0.380813866853714,-0.42197906970977783,0.8735556602478027,0.39965853095054626,0.37564122676849365,-0.17545771598815918,0.5808968544006348,0.5296940207481384,0.3564886450767517,-0.42476511001586914,0.8803059458732605,0.40083450078964233,0.3595673143863678,-0.20782031118869781,0.5895344018936157,0.530929684638977,0.35782885551452637,-0.37847840785980225,0.8302276730537415,0.4071439802646637,0.3607260584831238,-0.16182619333267212,0.5603957176208496,0.5292001366615295,0.49054011702537537,-0.05866876617074013,0.9979352951049805,0.4926728308200836,0.4707612097263336,0.05825107917189598,0.9968830943107605,0.4640021324157715,0.47335031628608704,-0.35032567381858826,0.595577597618103,0.47445982694625854,0.6074535250663757,0.09709181636571884,0.25810790061950684,0.35648196935653687,0.535376250743866,-0.639013946056366,0.5829613208770752,0.4846498668193817,0.7982273101806641,0.24907244741916656,0.20699816942214966,0.3409695625305176,0.5867751240730286,-0.674991250038147,0.7584490776062012,0.4935655891895294,0.8355852961540222,0.26049110293388367,0.3319261074066162,0.33925503492355347,0.4739280939102173,-0.8019275665283203,0.797688364982605,0.4567720293998718,0.8350012302398682,0.19556626677513123,0.30163058638572693
0.5166866183280945,0.1825592815876007,-0.18292158842086792,0.9999956488609314,0.5224113464355469,0.16803447902202606,-0.17126865684986115,0.9999944567680359,0.5258875489234924,0.16802331805229187,-0.1713567078113556,0.9999938011169434,0.5296961665153503,0.16832029819488525,-0.1712760180234909,0.9999962449073792,0.5173795223236084,0.16835364699363708,-0.1629333794116974,0.9999952912330627,0.5159884691238403,0.16810710728168488,-0.16326838731765747,0.9999945163726807,0.5144304633140564,0.16756966710090637,-0.1633501499891281,0.9999942183494568,0.5429449677467346,0.17646510899066925,-0.0824526697397232,0.9999932050704956,0.5198935270309448,0.17243361473083496,-0.029565807431936264,0.9999544024467468,0.5228515863418579,0.19826607406139374,-0.14252762496471405,0.9999838471412659,0.515811026096344,0.19895625114440918,-0.12967005372047424,0.9999529719352722,0.5674442648887634,0.27182015776634216,-0.058468762785196304,0.9999940395355225,0.49250486493110657,0.2738843560218811,0.08515678346157074,0.9998975992202759,0.5871458649635315,0.3925153911113739,-0.1783142238855362,0.8327992558479309,0.4638651907444,0.3805725574493408,0.0323701910674572,0.33843040466308594,0.5445728302001953,0.3766033351421356,-0.3798825144767761,0.877652108669281,0.4148198962211609,0.3771156668663025,-0.09953901171684265,0.5833547115325928,0.5317990779876709,0.3806823194026947,-0.430276095867157,0.8860589861869812,0.39936065673828125,0.37574154138565063,-0.12539200484752655,0.6223354935646057,0.5297344326972961,0.3564533591270447,-0.4337661862373352,0.8921595811843872,0.40062230825424194,0.35948705673217773,-0.1580836921930313,0.630102276802063,0.5309455394744873,0.35760772228240967,-0.3846832513809204,0.8469922542572021,0.4068726897239685,0.3609844744205475,-0.11681344360113144,0.6035947799682617,0.529228150844574,0.4905278980731964,-0.05892660468816757,0.9981257319450378,0.4926888346672058,0.4718741178512573,0.058521468192338943,0.9971787333488464,0.4559875428676605,0.48732790350914,-0.3543893098831177,0.635705828666687,0.46184027194976807,0.5879034399986267,0.03594670072197914,0.3303588628768921,0.3494351804256439,0.5926001071929932,-0.6302301287651062,0.6243082284927368,0.4703839123249054,0.7988701462745667,0.14107029139995575,0.28369519114494324,0.3315431475639343,0.6436589956283569,-0.6650888323783875,0.7825798392295837,0.4788300096988678,0.8401871919631958,0.14685195684432983,0.397510290145874,0.2974163293838501,0.49818849563598633,-0.8005380034446716,0.817906379699707,0.44254446029663086,0.8295431137084961,0.06541338562965393,0.370487779378891
0.5163967609405518,0.1823781132698059,-0.14505387842655182,0.9999960660934448,0.5221894979476929,0.16755445301532745,-0.13282136619091034,0.9999949932098389,0.525676429271698,0.16752508282661438,-0.13299711048603058,0.9999943375587463,0.5295402407646179,0.16785839200019836,-0.13294796645641327,0.9999966025352478,0.5169712901115417,0.16780830919742584,-0.12100828438997269,0.999995768070221,0.5155175924301147,0.16756132245063782,-0.12123876065015793,0.9999950528144836,0.513964831829071,0.1670321822166443,-0.12131142616271973,0.9999947547912598,0.5424166917800903,0.17594581842422485,-0.0490952730178833,0.9999938011169434,0.5192040801048279,0.17205587029457092,0.009485163725912571,0.9999587535858154,0.5224047303199768,0.19812807440757751,-0.11042232066392899,0.99998539686203,0.515425443649292,0.19878500699996948,-0.09523569792509079,0.9999575018882751,0.5670748949050903,0.2717995047569275,-0.040130615234375,0.9999942183494568,0.4920952022075653,0.2738782465457916,0.1132097914814949,0.9999064803123474,0.5872019529342651,0.39283356070518494,-0.15596389770507812,0.8458240628242493,0.46344664692878723,0.3808335065841675,0.09305473417043686,0.3682980239391327,0.5446599125862122,0.3761381506919861,-0.3542954623699188,0.886585533618927,0.41461360454559326,0.3772122859954834,-0.08125842362642288,0.6222461462020874,0.5318537950515747,0.37965261936187744,-0.40742242336273193,0.8932710886001587,0.3993583023548126,0.37561044096946716,-0.11752279847860336,0.6572251319885254,0.5297361016273499,0.3561563193798065,-0.40839776396751404,0.8991791605949402,0.40061041712760925,0.3591775596141815,-0.14888721704483032,0.6644878387451172,0.530928373336792,0.3571743071079254,-0.3582724630832672,0.8549551367759705,0.4068354070186615,0.3610410690307617,-0.09741314500570297,0.638924241065979,0.5299251675605774,0.4948553144931793,-0.06404971331357956,0.9982328414916992,0.4931306838989258,0.48454126715660095,0.0637063980102539,0.9973891377449036,0.44380494952201843,0.5060669183731079,-0.26829788088798523,0.6040154099464417,0.46866172552108765,0.602583646774292,0.046531084924936295,0.3004387617111206,0.3515334129333496,0.6471149325370789,-0.3941846191883087,0.6232652068138123,0.4744185209274292,0.7961591482162476,0.16408488154411316,0.2576632499694824,0.340984046459198,0.7016611099243164,-0.4130704998970032,0.7772659063339233,0.4825652539730072,0.8291594386100769,0.17237408459186554,0.3692750036716461,0.3036956489086151,0.6384202241897583,-0.5438724160194397,0.8189610838890076,0.4434922933578491,0.8385589718818665,0.10443482547998428,0.3391723930835724
0.5156895518302917,0.1821606159210205,-0.10595890879631042,0.9999963045120239,0.5215641260147095,0.16722194850444794,-0.09392852336168289,0.9999951720237732,0.524907112121582,0.16715924441814423,-0.09409190714359283,0.9999945163726807,0.528871476650238,0.16754893958568573,-0.09403455257415771,0.9999966621398926,0.5161292552947998,0.16726182401180267,-0.08016921579837799,0.9999960064888,0.5146995782852173,0.16705115139484406,-0.08042541891336441,0.9999953508377075,0.5132501125335693,0.16657209396362305,-0.08049452304840088,0.9999951124191284,0.5415553450584412,0.17534814774990082,-0.01763271354138851,0.9999938011169434,0.5183893442153931,0.17170506715774536,0.04670320078730583,0.9999618530273438,0.5216597318649292,0.19797147810459137,-0.07522175461053848,0.9999863505363464,0.5148743987083435,0.19839529693126678,-0.05831531062722206,0.9999609589576721,0.5668719410896301,0.2718801498413086,-0.012656047940254211,0.9999942183494568,0.49174055457115173,0.27359500527381897,0.14561671018600464,0.999914288520813,0.5872876048088074,0.39340755343437195,-0.12012588977813721,0.8560253977775574,0.46307021379470825,0.3812665641307831,0.16057398915290833,0.3823355436325073,0.5455543994903564,0.377778023481369,-0.3008594512939453,0.8952047228813171,0.4138583838939667,0.3770209848880768,0.0095538180321455,0.6573960185050964,0.5318006873130798,0.3821250796318054,-0.34531429409980774,0.9003942608833313,0.3986080586910248,0.37523946166038513,-0.015937892720103264,0.6890491843223572,0.5301857590675354,0.3571963608264923,-0.34723660349845886,0.9061045050621033,0.4001537561416626,0.35800328850746155,-0.046652454882860184,0.6959022879600525,0.5316089987754822,0.3579072654247284,-0.304250568151474,0.8632557988166809,0.40648385882377625,0.3601234257221222,-0.007481499575078487,0.6716445684432983,0.527594268321991,0.5009680390357971,-0.06009427085518837,0.9983428120613098,0.48721566796302795,0.4856906533241272,0.059863753616809845,0.9975833892822266,0.47867873311042786,0.6207267642021179,-0.2325904220342636,0.5546025037765503,0.4569035768508911,0.5730277299880981,-0.15374913811683655,0.2740212678909302,0.43074560165405273,0.7909631729125977,-0.33146461844444275,0.5742109417915344,0.4590974450111389,0.7603552937507629,-0.12643927335739136,0.2332659363746643,0.4297786056995392,0.8265721797943115,-0.3481093645095825,0.7206180691719055,0.4552478492259979,0.7959279417991638,-0.12747818231582642,0.33746904134750366,0.3981519639492035,0.8053168058395386,-0.4743909537792206,0.7660157084465027,0.4405089020729065,0.7915219068527222,-0.21295997500419617,0.3091387152671814
0.5151540637016296,0.18173468112945557,-0.17974409461021423,0.999996542930603,0.5211546421051025,0.16682632267475128,-0.16988247632980347,0.9999952912330627,0.5245158672332764,0.16681286692619324,-0.1700802594423294,0.9999946355819702,0.5285570621490479,0.16725949943065643,-0.17002691328525543,0.9999966621398926,0.5156633853912354,0.16663813591003418,-0.15444134175777435,0.9999961853027344,0.5142742991447449,0.16645656526088715,-0.15467484295368195,0.9999955892562866,0.5128901600837708,0.16600199043750763,-0.15474559366703033,0.9999954104423523,0.5412067770957947,0.17485126852989197,-0.09365992993116379,0.9999939203262329,0.5179189443588257,0.17118212580680847,-0.02178324945271015,0.9999644756317139,0.5212802290916443,0.19776614010334015,-0.14868973195552826,0.9999874234199524,0.5144338011741638,0.1978244036436081,-0.1299285590648651,0.9999643564224243,0.5666496753692627,0.27208900451660156,-0.08288433402776718,0.9999943971633911,0.49172666668891907,0.2731648087501526,0.09687335789203644,0.9999213218688965,0.5856677293777466,0.3934181034564972,-0.1948198825120926,0.8694727420806885,0.4628817141056061,0.3812550902366638,0.11285221576690674,0.4165094792842865,0.5459128022193909,0.3779571056365967,-0.394432932138443,0.905279815196991,0.4137811064720154,0.3764543831348419,-0.07773587852716446,0.6899845600128174,0.5325137972831726,0.38257265090942383,-0.4465559124946594,0.9096866250038147,0.3985259234905243,0.3752450942993164,-0.11242290586233139,0.7184922695159912,0.530352771282196,0.3578495979309082,-0.45055055618286133,0.9148910045623779,0.3996802270412445,0.35790732502937317,-0.1429101675748825,0.7248675227165222,0.5316756963729858,0.3582608699798584,-0.3990710377693176,0.8756029009819031,0.406076580286026,0.36009788513183594,-0.09642723202705383,0.7022803425788879,0.5278779864311218,0.5032510161399841,-0.0601656474173069,0.9984747767448425,0.48768603801727295,0.48816269636154175,0.059933438897132874,0.9977911114692688,0.48420244455337524,0.6417428851127625,-0.16160926222801208,0.5165389180183411,0.43648430705070496,0.5752163529396057,-0.08237028867006302,0.25725501775741577,0.4739997088909149,0.8288869857788086,-0.09452740848064423,0.5263384580612183,0.43850573897361755,0.7838658094406128,-0.0010378207080066204,0.21700900793075562,0.4805384874343872,0.8581427335739136,-0.09391991794109344,0.6567142605781555,0.4497728645801544,0.8191289305686951,0.003773265052586794,0.31414297223091125,0.4411991536617279,0.8733997344970703,-0.1973932683467865,0.7086392641067505,0.39982736110687256,0.8241800665855408,-0.08942702412605286,0.29110288619995117
0.5145694017410278,0.18166160583496094,-0.15438416600227356,0.9999967813491821,0.5206989645957947,0.16673213243484497,-0.14509351551532745,0.9999954700469971,0.5240568518638611,0.16675932705402374,-0.14526787400245667,0.9999948143959045,0.5281603336334229,0.16724137961864471,-0.14519697427749634,0.9999967217445374,0.5152294635772705,0.16638432443141937,-0.12941697239875793,0.9999963641166687,0.513907790184021,0.1661929041147232,-0.12963885068893433,0.9999958276748657,0.5125988125801086,0.1657068431377411,-0.1296992152929306,0.9999957084655762,0.5409126877784729,0.1747385561466217,-0.07196372002363205,0.999994158744812,0.5176447033882141,0.1709166169166565,0.0006902824388816953,0.9999671578407288,0.5208512544631958,0.1977769285440445,-0.12400355190038681,0.9999883770942688,0.5139846801757812,0.19765132665634155,-0.1050439178943634,0.9999674558639526,0.5660296082496643,0.271689772605896,-0.07499255985021591,0.9999946355819702,0.49167391657829285,0.27254077792167664,0.11697754263877869,0.9999271035194397,0.5854388475418091,0.3913348615169525,-0.1912747472524643,0.8820006251335144,0.46276459097862244,0.38118821382522583,0.13102208077907562,0.44490504264831543,0.5467382073402405,0.37766316533088684,-0.3770007789134979,0.914554238319397,0.41325345635414124,0.3743210732936859,-0.030904613435268402,0.7192572951316833,0.5329224467277527,0.3820914626121521,-0.4266134798526764,0.9183551073074341,0.3980475962162018,0.37278711795806885,-0.061166100203990936,0.7449493408203125,0.5308933854103088,0.35775625705718994,-0.42916691303253174,0.9230766296386719,0.39868104457855225,0.3565337359905243,-0.09051001071929932,0.7508705258369446,0.5320735573768616,0.3581389784812927,-0.3809298872947693,0.8873365521430969,0.40477508306503296,0.3588392734527588,-0.04864887893199921,0.7298251986503601,0.5279872417449951,0.5030315518379211,-0.061713770031929016,0.9985868334770203,0.48793888092041016,0.4889816343784332,0.06155046448111534,0.9979663491249084,0.4785445034503937,0.6527644991874695,-0.14132903516292572,0.501517117023468,0.4244203567504883,0.5945449471473694,-0.04142012447118759,0.24871249496936798,0.44723355770111084,0.841729998588562,-0.10255827009677887,0.5050363540649414,0.40699249505996704,0.8026235699653625,0.03522169589996338,0.2086586356163025,0.4531251788139343,0.8755438923835754,-0.10496845841407776,0.6144089698791504,0.41479355096817017,0.8400917053222656,0.03799816593527794,0.3012135624885559,0.40135300159454346,0.8719711303710938,-0.2203907072544098,0.6850988268852234,0.36601540446281433,0.8379176259040833,-0.052942726761102676,0.284678190946579
0.5140966773033142,0.18165448307991028,-0.14912162721157074,0.9999970197677612,0.5202892422676086,0.16672295331954956,-0.14081592857837677,0.999995768070221,0.5236309170722961,0.1667611300945282,-0.14099229872226715,0.9999951124191284,0.5277459025382996,0.16724605858325958,-0.14094218611717224,0.9999969005584717,0.5148495435714722,0.16629169881343842,-0.12463496625423431,0.9999966025352478,0.5135728120803833,0.16608797013759613,-0.12486204504966736,0.9999961256980896,0.5123308897018433,0.16557957231998444,-0.12490854412317276,0.9999960064888,0.5404717326164246,0.17469365894794464,-0.07164611667394638,0.9999945759773254,0.5174506306648254,0.17077042162418365,0.0029619301203638315,0.9999698996543884,0.5204638838768005,0.19783137738704681,-0.12035753577947617,0.9999894499778748,0.5134881734848022,0.19761352241039276,-0.10068933665752411,0.9999704360961914,0.5657097697257996,0.27155545353889465,-0.07285713404417038,0.9999949932098389,0.49142366647720337,0.2725777328014374,0.12053953856229782,0.9999328851699829,0.5854164361953735,0.39134451746940613,-0.19277624785900116,0.8934507369995117,0.4616851508617401,0.38118839263916016,0.13224075734615326,0.4753603935241699,0.5467556118965149,0.37746965885162354,-0.388542115688324,0.9229421019554138,0.4122827351093292,0.37351369857788086,-0.029664242640137672,0.7457947134971619,0.5329065918922424,0.38119515776634216,-0.4397120475769043,0.9262117743492126,0.3972553014755249,0.3716527223587036,-0.057889051735401154,0.7690433859825134,0.5308882594108582,0.35759416222572327,-0.4411274194717407,0.9304890036582947,0.3976430892944336,0.3563256561756134,-0.08763648569583893,0.774532675743103,0.5320725440979004,0.3580244183540344,-0.3921006917953491,0.8979977965354919,0.40375393629074097,0.3587503135204315,-0.047383006662130356,0.7548996806144714,0.5284085869789124,0.5070028901100159,-0.0648544579744339,0.9987021088600159,0.4883190989494324,0.4969709515571594,0.06469151377677917,0.9981396794319153,0.4764659106731415,0.6408117413520813,-0.19142459332942963,0.5028687715530396,0.42720678448677063,0.6130675077438354,-0.042875342071056366,0.24538904428482056,0.43041759729385376,0.8373509645462036,-0.16239410638809204,0.48907470703125,0.40386247634887695,0.8344168663024902,0.008736292831599712,0.2082461565732956,0.42932647466659546,0.8767586350440979,-0.16460461914539337,0.5842702388763428,0.408904492855072,0.8610230684280396,0.0054702432826161385,0.2952517569065094,0.3846754729747772,0.8981146216392517,-0.27436330914497375,0.669856071472168,0.36588212847709656,0.8757080435752869,-0.1022835448384285,0.2881842255592346
0.5137834548950195,0.18172544240951538,-0.16042672097682953,0.9999971985816956,0.5200308561325073,0.16673609614372253,-0.1540824919939041,0.9999960064888,0.5234718918800354,0.16677303612232208,-0.15425977110862732,0.9999953508377075,0.5275304317474365,0.1672646850347519,-0.15422411262989044,0.9999970197677612,0.514570951461792,0.16629599034786224,-0.13716942071914673,0.9999967813491821,0.5132728219032288,0.16609522700309753,-0.13740283250808716,0.9999963641166687,0.5120291709899902,0.1655927300453186,-0.13745111227035522,0.9999962449073792,0.5402346849441528,0.17468878626823425,-0.0905783623456955,0.9999949336051941,0.517154335975647,0.1707749366760254,-0.013182351365685463,0.9999723434448242,0.5202778577804565,0.19812272489070892,-0.13364487886428833,0.9999903440475464,0.5132092833518982,0.19767870008945465,-0.1129811629652977,0.9999730587005615,0.5655157566070557,0.27189040184020996,-0.09447399526834488,0.9999952912330627,0.4914279282093048,0.27257633209228516,0.11588398367166519,0.9999377727508545,0.586246132850647,0.3914732038974762,-0.2189439833164215,0.9038774371147156,0.461142897605896,0.3811817169189453,0.12454858422279358,0.4959067404270172,0.5471580028533936,0.3774808645248413,-0.4122998118400574,0.9305074214935303,0.4118615686893463,0.373123437166214,-0.02176428958773613,0.7688159942626953,0.5330827236175537,0.37962672114372253,-0.46182090044021606,0.9333047270774841,0.3963955044746399,0.37076157331466675,-0.046475090086460114,0.7899413108825684,0.5310518741607666,0.35744303464889526,-0.4626076817512512,0.9371778964996338,0.3967742919921875,0.3562260866165161,-0.07565231621265411,0.7951293587684631,0.532188892364502,0.35814252495765686,-0.4153312146663666,0.9076398015022278,0.4031575918197632,0.3587643802165985,-0.0388324111700058,0.7765493988990784,0.5279571413993835,0.514527440071106,-0.06845211982727051,0.9988057017326355,0.4880464971065521,0.5064597129821777,0.06831394135951996,0.9982929229736328,0.4744376540184021,0.6590602397918701,-0.18611548840999603,0.521815299987793,0.4333178699016571,0.6408789753913879,-0.04183400049805641,0.25348520278930664,0.43687182664871216,0.8507542014122009,-0.17079493403434753,0.4979105293750763,0.40522605180740356,0.8602228760719299,-0.02274305745959282,0.2226439267396927,0.441474050283432,0.8918137550354004,-0.17527581751346588,0.5758901238441467,0.41063830256462097,0.8873466849327087,-0.027698110789060593,0.3072127401828766,0.3827056586742401,0.9145833253860474,-0.28835341334342957,0.6752347350120544,0.36697691679000854,0.8794911503791809,-0.12678757309913635,0.30985409021377563
0.5137732028961182,0.18178212642669678,-0.11702773720026016,0.9999971985816956,0.5199934840202332,0.16675058007240295,-0.10741269588470459,0.9999960064888,0.5234881043434143,0.16678765416145325,-0.1076049655675888,0.9999953508377075,0.5275135636329651,0.16728079319000244,-0.1075754389166832,0.9999970197677612,0.5145033597946167,0.1663171648979187,-0.09257810562849045,0.9999967813491821,0.5131533741950989,0.16614075005054474,-0.09280988574028015,0.9999963045120239,0.5118585228919983,0.16567844152450562,-0.0928589254617691,0.9999962449073792,0.5398538708686829,0.17469032108783722,-0.040105096995830536,0.9999951720237732,0.5168668627738953,0.17078951001167297,0.02953239344060421,0.9999735355377197,0.5202915668487549,0.1984197348356247,-0.08932651579380035,0.9999909996986389,0.513186514377594,0.19771957397460938,-0.07122661173343658,0.9999750852584839,0.5649930238723755,0.2718307375907898,-0.05448724702000618,0.9999955296516418,0.4913964569568634,0.27233177423477173,0.13729092478752136,0.9999402761459351,0.5861228704452515,0.38390591740608215,-0.18218033015727997,0.9131834506988525,0.4610581398010254,0.3811141550540924,0.12652046978473663,0.5080434083938599,0.5470597147941589,0.37751704454421997,-0.3809681832790375,0.9373234510421753,0.4111436605453491,0.372501015663147,-0.03112480416893959,0.7876861095428467,0.5330753922462463,0.37804967164993286,-0.4337818920612335,0.9397437572479248,0.3951965272426605,0.370820552110672,-0.0504663921892643,0.8074948191642761,0.5310499668121338,0.35738009214401245,-0.4362184703350067,0.9432522654533386,0.39556512236595154,0.35628536343574524,-0.08526705205440521,0.8125248551368713,0.532179057598114,0.35839349031448364,-0.38506585359573364,0.9164478182792664,0.40230369567871094,0.3586374521255493,-0.04820486530661583,0.7946661710739136,0.5272641181945801,0.5137800574302673,-0.06813834607601166,0.99891597032547,0.48618659377098083,0.5039156675338745,0.06797251105308533,0.9984495639801025,0.4768250286579132,0.667834997177124,-0.16835814714431763,0.5535914897918701,0.4397274851799011,0.652293860912323,-0.01868421770632267,0.2756967842578888,0.4466756582260132,0.8621707558631897,-0.13897715508937836,0.5281630754470825,0.41587984561920166,0.8572224974632263,-0.0005068429163657129,0.2610095739364624,0.4488508403301239,0.9016569256782532,-0.14206314086914062,0.5798240900039673,0.425212562084198,0.8910669088363647,-0.0044668810442090034,0.33364492654800415,0.40075644850730896,0.9115933179855347,-0.2524217665195465,0.6938631534576416,0.36795151233673096,0.9096420407295227,-0.10758102685213089,0.34964534640312195
0.5136994123458862,0.1818615198135376,-0.06968984007835388,0.9999973773956299,0.519861102104187,0.16678570210933685,-0.05975974351167679,0.9999961853027344,0.5234290361404419,0.16681326925754547,-0.05994044616818428,0.9999955892562866,0.5273986458778381,0.16729937493801117,-0.05991405248641968,0.9999971389770508,0.5144177675247192,0.16635259985923767,-0.04541459307074547,0.9999969601631165,0.513056218624115,0.16618996858596802,-0.045652396976947784,0.9999964833259583,0.5117468237876892,0.1657540649175644,-0.04570353403687477,0.9999964833259583,0.5396312475204468,0.17468683421611786,0.007058884482830763,0.9999955296516418,0.5167789459228516,0.1708044409751892,0.07380314916372299,0.9999755620956421,0.5203081369400024,0.19863609969615936,-0.042278364300727844,0.999991774559021,0.5131494402885437,0.19776606559753418,-0.02500232495367527,0.9999772906303406,0.5647343397140503,0.27177128195762634,-0.009972872212529182,0.9999958276748657,0.4913419485092163,0.27182191610336304,0.17099696397781372,0.9999442100524902,0.5858402252197266,0.37957897782325745,-0.13412778079509735,0.9216231107711792,0.4607509970664978,0.3801023066043854,0.14222680032253265,0.5219955444335938,0.5470353364944458,0.37726637721061707,-0.328280508518219,0.9434839487075806,0.41095200181007385,0.3713931143283844,-0.035418156534433365,0.8048676252365112,0.5330630540847778,0.37698042392730713,-0.3774004280567169,0.9455898404121399,0.39508679509162903,0.3706543743610382,-0.051954906433820724,0.823707640171051,0.5310619473457336,0.357270210981369,-0.38155776262283325,0.948765754699707,0.3955916166305542,0.3557596802711487,-0.08998794108629227,0.8285292387008667,0.5321798920631409,0.3584151268005371,-0.33301469683647156,0.9244662523269653,0.4023694694042206,0.357968807220459,-0.052612386643886566,0.8114767670631409,0.5272938013076782,0.5159594416618347,-0.06773371994495392,0.9990212321281433,0.48437705636024475,0.5075864195823669,0.06759877502918243,0.9986000657081604,0.4823862612247467,0.6814307570457458,-0.15787719190120697,0.5923881530761719,0.44499924778938293,0.6679268479347229,-0.04429923743009567,0.33043965697288513,0.4646708369255066,0.8997970819473267,-0.15652109682559967,0.5677275061607361,0.4315747022628784,0.8930342197418213,-0.0757756307721138,0.3208765983581543,0.4663248062133789,0.9396145939826965,-0.16322822868824005,0.5950445532798767,0.44023752212524414,0.9326308965682983,-0.08413705974817276,0.37739861011505127,0.4298669695854187,0.9433841109275818,-0.2817390561103821,0.718833863735199,0.3860125243663788,0.9483807682991028,-0.18868562579154968,0.40475672483444214
0.5135349035263062,0.1826964020729065,-0.10379903018474579,0.9999971389770508,0.5194451808929443,0.166971817612648,-0.09521588683128357,0.9999958276748657,0.5229715704917908,0.1668703556060791,-0.0954132229089737,0.9999951720237732,0.5269473195075989,0.16731330752372742,-0.0953749343752861,0.9999968409538269,0.5142030119895935,0.16680552065372467,-0.08010615408420563,0.9999966025352478,0.5128273963928223,0.1665082424879074,-0.08034481108188629,0.9999961256980896,0.5115042924880981,0.1659613400697708,-0.08040111511945724,0.9999961853027344,0.5394209027290344,0.17440403997898102,-0.026502834632992744,0.9999955296516418,0.5167437791824341,0.17074839770793915,0.04260490462183952,0.9999753832817078,0.5202730298042297,0.19892224669456482,-0.07553588598966599,0.9999921321868896,0.5130137801170349,0.19803686439990997,-0.05709078535437584,0.9999786615371704,0.564437210559845,0.27125269174575806,-0.03200496360659599,0.9999960064888,0.4914039671421051,0.270971417427063,0.15140196681022644,0.9999469518661499,0.5857470631599426,0.3807198107242584,-0.15079522132873535,0.92917799949646,0.4607655704021454,0.3793471157550812,0.1382148116827011,0.5371026396751404,0.5469410419464111,0.37712976336479187,-0.342687726020813,0.9490572810173035,0.41084718704223633,0.371163934469223,-0.039758455008268356,0.8218252062797546,0.5328347682952881,0.3751632273197174,-0.38999587297439575,0.9508836269378662,0.3952125012874603,0.3707294464111328,-0.06988176703453064,0.8392384648323059,0.5310471057891846,0.3564951717853546,-0.3927752375602722,0.953750491142273,0.3956957459449768,0.3557496964931488,-0.10195193439722061,0.8438106775283813,0.5321581363677979,0.35831648111343384,-0.3467986285686493,0.9317020773887634,0.40240874886512756,0.35791152715682983,-0.05852503702044487,0.8276793360710144,0.5279686450958252,0.5147575736045837,-0.06599656492471695,0.999114453792572,0.4849191904067993,0.5082360506057739,0.06586544960737228,0.998733401298523,0.4943423867225647,0.69017094373703,-0.12092210352420807,0.6238867044448853,0.45233094692230225,0.6776938438415527,-0.005516502540558577,0.37202316522598267,0.4778823256492615,0.8824273943901062,-0.03895287960767746,0.5993804931640625,0.44588953256607056,0.8877952098846436,0.061366114765405655,0.36765557527542114,0.48498812317848206,0.9126870036125183,-0.03712422773241997,0.6018077731132507,0.45262864232063293,0.9199801087379456,0.06328503787517548,0.4062581956386566,0.4481944739818573,0.9424910545349121,-0.15185919404029846,0.7383378744125366,0.4038759469985962,0.9444411993026733,-0.03609447926282883,0.4481067955493927
0.5133422017097473,0.18320171535015106,-0.17945130169391632,0.9999969005584717,0.5192241072654724,0.16701938211917877,-0.1723194420337677,0.9999954700469971,0.5228444337844849,0.16688172519207,-0.1725590080022812,0.9999947547912598,0.5268328785896301,0.16731595993041992,-0.1725255697965622,0.999996542930603,0.5139158964157104,0.16700652241706848,-0.15688928961753845,0.9999961853027344,0.5124399662017822,0.16663728654384613,-0.15712854266166687,0.9999956488609314,0.5110031366348267,0.16603223979473114,-0.15719133615493774,0.999995768070221,0.5394366979598999,0.17431311309337616,-0.09993775188922882,0.9999953508377075,0.5163055062294006,0.1707354187965393,-0.028263676911592484,0.999974250793457,0.5202475190162659,0.19922694563865662,-0.14840370416641235,0.9999921917915344,0.5127701759338379,0.19833673536777496,-0.12975133955478668,0.9999794363975525,0.5643113851547241,0.2709004580974579,-0.09138882905244827,0.9999960064888,0.49143025279045105,0.2699386179447174,0.0977100282907486,0.999949038028717,0.5854891538619995,0.3813529312610626,-0.21098709106445312,0.9357746243476868,0.46071937680244446,0.3784361183643341,0.10077055543661118,0.5478556752204895,0.5467646718025208,0.37712132930755615,-0.41819754242897034,0.9540148377418518,0.41054102778434753,0.3705666661262512,-0.07124178856611252,0.8366321325302124,0.5325120687484741,0.37421154975891113,-0.47198551893234253,0.9555618762969971,0.39517220854759216,0.3705069422721863,-0.10260436683893204,0.8527939915657043,0.5310471653938293,0.35534337162971497,-0.47549575567245483,0.9581547379493713,0.3955709636211395,0.3550060987472534,-0.1337701976299286,0.8572194576263428,0.5321590304374695,0.35798683762550354,-0.4228929877281189,0.938018798828125,0.4021860361099243,0.3572084307670593,-0.09025755524635315,0.8417863845825195,0.528302788734436,0.5149067044258118,-0.0643916130065918,0.9991980791091919,0.4852248728275299,0.510787844657898,0.06425974518060684,0.9988536834716797,0.5058882236480713,0.6872292160987854,-0.12488220632076263,0.6488952040672302,0.457240492105484,0.6833838224411011,0.0037111605051904917,0.4082154631614685,0.5055660605430603,0.8685020804405212,-0.01803983561694622,0.622619092464447,0.4637799561023712,0.8838075399398804,0.08626554161310196,0.41053101420402527,0.5118141770362854,0.8932676911354065,-0.013175579719245434,0.6034899950027466,0.47674545645713806,0.9099076390266418,0.08996820449829102,0.4338403344154358,0.490209698677063,0.9315913915634155,-0.11406738311052322,0.7522277235984802,0.4272579550743103,0.9425647854804993,-0.0006780859548598528,0.4865727424621582
0.5128410458564758,0.18385526537895203,-0.16156472265720367,0.9999967217445374,0.5185679197311401,0.16709713637828827,-0.15334396064281464,0.9999952912330627,0.522110104560852,0.16688664257526398,-0.15356095135211945,0.9999945759773254,0.5262793898582458,0.16726398468017578,-0.15352386236190796,0.9999963641166687,0.513200581073761,0.16734659671783447,-0.1382945328950882,0.9999960064888,0.5116940140724182,0.16692297160625458,-0.13853390514850616,0.9999954700469971,0.5102667212486267,0.16626420617103577,-0.13859571516513824,0.9999955892562866,0.5393584370613098,0.17377418279647827,-0.08349951356649399,0.9999954104423523,0.5158056616783142,0.17071965336799622,-0.012146742083132267,0.99997478723526,0.5201192498207092,0.19938474893569946,-0.13147157430648804,0.9999924898147583,0.5125082731246948,0.19886422157287598,-0.11331872642040253,0.999980628490448,0.5642455816268921,0.2703551948070526,-0.08330715447664261,0.9999960660934448,0.4915827810764313,0.26969966292381287,0.10392449051141739,0.999951183795929,0.5850629806518555,0.381794810295105,-0.20643089711666107,0.9418904185295105,0.46059533953666687,0.3780394196510315,0.10272194445133209,0.5599479079246521,0.5468272566795349,0.37667661905288696,-0.41067197918891907,0.9585314393043518,0.4102701246738434,0.36964482069015503,-0.08334138244390488,0.8510020971298218,0.5328579545021057,0.37283414602279663,-0.4639841318130493,0.9598672389984131,0.3951500654220581,0.3693447411060333,-0.11792406439781189,0.8659992814064026,0.5311343669891357,0.3550831973552704,-0.4683365225791931,0.9622116684913635,0.3956235647201538,0.3531438112258911,-0.1469895839691162,0.8701764941215515,0.5321791768074036,0.3579813241958618,-0.415652334690094,0.9439341425895691,0.40222492814064026,0.35522130131721497,-0.10222127288579941,0.855690598487854,0.5281827449798584,0.5182609558105469,-0.06563136726617813,0.999273955821991,0.48550617694854736,0.5139400362968445,0.06550047546625137,0.9989626407623291,0.5034594535827637,0.6986438632011414,-0.11837936192750931,0.6774338483810425,0.46203652024269104,0.6950196623802185,0.025957446545362473,0.44477128982543945,0.5034081935882568,0.8800492882728577,-0.020462563261389732,0.6532317996025085,0.47947534918785095,0.8910598754882812,0.11072801053524017,0.4531919062137604,0.5126776099205017,0.9029943943023682,-0.016614068299531937,0.6201968193054199,0.492687851190567,0.9160722494125366,0.1147221028804779,0.4649401009082794,0.4782397150993347,0.9515186548233032,-0.12503595650196075,0.7720102667808533,0.4537038803100586,0.9595857858657837,0.023849694058299065,0.5262735486030579
0.5122656226158142,0.18419650197029114,-0.1558072417974472,0.9999961853027344,0.5178592801094055,0.16712801158428192,-0.14763756096363068,0.9999946355819702,0.5212821960449219,0.16688896715641022,-0.14785818755626678,0.9999938607215881,0.5256392359733582,0.16721417009830475,-0.14781895279884338,0.999995768070221,0.5122849941253662,0.16742289066314697,-0.13247455656528473,0.9999954104423523,0.5108028650283813,0.16699707508087158,-0.13271299004554749,0.9999948143959045,0.5094307065010071,0.1663362830877304,-0.1327771693468094,0.9999950528144836,0.5390068292617798,0.1733362376689911,-0.07727215439081192,0.9999950528144836,0.5149802565574646,0.17071373760700226,-0.006305253598839045,0.9999735355377197,0.5197113156318665,0.19942353665828705,-0.125820592045784,0.9999922513961792,0.5120479464530945,0.1993589848279953,-0.10751839727163315,0.9999808669090271,0.5641220808029175,0.26938748359680176,-0.07656582444906235,0.9999959468841553,0.49158233404159546,0.2695123553276062,0.10824306309223175,0.9999523758888245,0.5843446850776672,0.38151606917381287,-0.19751574099063873,0.9471428394317627,0.4606254994869232,0.3780043423175812,0.10536158829927444,0.5696818232536316,0.5466779470443726,0.37595075368881226,-0.4005087614059448,0.9625260233879089,0.40974223613739014,0.3696170747280121,-0.07536609470844269,0.8639045357704163,0.5328529477119446,0.37125733494758606,-0.4530903697013855,0.9636322855949402,0.3946630656719208,0.3693094253540039,-0.10878406465053558,0.8777878880500793,0.5311647057533264,0.3537067472934723,-0.4573572874069214,0.9657597541809082,0.3951217234134674,0.35249972343444824,-0.13814200460910797,0.8817653656005859,0.532248318195343,0.35725468397140503,-0.4054447412490845,0.9490416646003723,0.40174931287765503,0.3546903431415558,-0.0940350815653801,0.8681012392044067,0.5285707116127014,0.5191958546638489,-0.06425251811742783,0.9993403553962708,0.48594942688941956,0.5160056352615356,0.06411781907081604,0.9990584254264832,0.5124086737632751,0.7041025161743164,-0.10609156638383865,0.6980186700820923,0.47096651792526245,0.6990380883216858,0.036630142480134964,0.46481627225875854,0.51569664478302,0.8815745115280151,0.001572531764395535,0.6748650670051575,0.4932175576686859,0.8858569860458374,0.1445458084344864,0.47971129417419434,0.5242096185684204,0.9059922099113464,0.006512537598609924,0.6226828098297119,0.5044350624084473,0.9093119502067566,0.15115919709205627,0.47732603549957275,0.4893275201320648,0.950243353843689,-0.10074436664581299,0.7855244874954224,0.4676564037799835,0.9565368890762329,0.06374821066856384,0.5524173378944397
0.5116577744483948,0.18475696444511414,-0.16234540939331055,0.999995768070221,0.5171201825141907,0.16738015413284302,-0.1537293940782547,0.9999942183494568,0.5204275846481323,0.1669706404209137,-0.15397018194198608,0.9999933838844299,0.524919867515564,0.167216956615448,-0.15393416583538055,0.9999954104423523,0.5113958716392517,0.1678071916103363,-0.13918977975845337,0.9999949336051941,0.5099714994430542,0.16740280389785767,-0.1394263058900833,0.9999943375587463,0.508676290512085,0.16676722466945648,-0.1394975483417511,0.9999946355819702,0.5386497378349304,0.17290154099464417,-0.07879634946584702,0.9999949336051941,0.5144813060760498,0.17077086865901947,-0.010717889294028282,0.9999727010726929,0.5193215012550354,0.19956129789352417,-0.13052093982696533,0.9999921321868896,0.5115841627120972,0.20010600984096527,-0.11305529624223709,0.999981164932251,0.5639606714248657,0.26813188195228577,-0.07481823116540909,0.9999958276748657,0.49154382944107056,0.2689021825790405,0.10546655207872391,0.9999528527259827,0.5838475823402405,0.3806643784046173,-0.1951899230480194,0.9518433213233948,0.46036916971206665,0.3773197829723358,0.08713255077600479,0.5783172249794006,0.5469520092010498,0.37397971749305725,-0.4024314880371094,0.9661270380020142,0.40967491269111633,0.3681645095348358,-0.11064090579748154,0.8751264810562134,0.5334382653236389,0.37112483382225037,-0.4557505249977112,0.9670432209968567,0.3947141468524933,0.36788564920425415,-0.1474061757326126,0.8882024884223938,0.5316236019134521,0.3530338704586029,-0.46084967255592346,0.9689769148826599,0.39515307545661926,0.35064488649368286,-0.17543120682239532,0.892028272151947,0.5326244235038757,0.3564842641353607,-0.40790846943855286,0.9536944627761841,0.40178558230400085,0.3527284860610962,-0.1292845606803894,0.8790208101272583,0.5298607349395752,0.518442690372467,-0.06299173831939697,0.9994016885757446,0.4878130257129669,0.5147503614425659,0.06285073608160019,0.999146580696106,0.5133395791053772,0.7021682858467102,-0.1059272363781929,0.7199128866195679,0.4742480516433716,0.6956321001052856,0.03692939132452011,0.4921550154685974,0.5203857421875,0.8713377714157104,0.01707092486321926,0.6970908641815186,0.49821385741233826,0.8794134855270386,0.1492878794670105,0.512224555015564,0.5336329340934753,0.892297625541687,0.024070562794804573,0.6299194097518921,0.5092412233352661,0.8991509079933167,0.15655504167079926,0.4966605305671692,0.49532368779182434,0.94605952501297,-0.07765304297208786,0.7997700572013855,0.47620242834091187,0.952018141746521,0.07134140282869339,0.5822252035140991
0.5109404921531677,0.1855372190475464,-0.16433843970298767,0.9999949932098389,0.5162675976753235,0.16793541610240936,-0.15573449432849884,0.9999931454658508,0.5195042490959167,0.16722914576530457,-0.15597540140151978,0.9999922513961792,0.5240288972854614,0.1672673225402832,-0.15593931078910828,0.9999944567680359,0.5103565454483032,0.16859573125839233,-0.14155934751033783,0.9999939203262329,0.5089958310127258,0.16821448504924774,-0.14179782569408417,0.9999932646751404,0.5077845454216003,0.16758400201797485,-0.1418759971857071,0.9999936819076538,0.5380061864852905,0.17259782552719116,-0.08010203391313553,0.9999942779541016,0.5139197707176208,0.17086581885814667,-0.013768366537988186,0.9999699592590332,0.5189516544342041,0.19975349307060242,-0.13222354650497437,0.999991238117218,0.5110465884208679,0.20103468000888824,-0.11521151661872864,0.9999802112579346,0.5638731122016907,0.2667340934276581,-0.07519067078828812,0.9999954700469971,0.49114638566970825,0.2675858438014984,0.10146395862102509,0.9999522566795349,0.5827881097793579,0.3790852725505829,-0.19774341583251953,0.9559348821640015,0.460246741771698,0.37611332535743713,0.08661559224128723,0.5861113667488098,0.547020673751831,0.371256023645401,-0.40888988971710205,0.9693222641944885,0.40918439626693726,0.36696428060531616,-0.09989500045776367,0.8853292465209961,0.5338456630706787,0.3700854480266571,-0.46223896741867065,0.97005295753479,0.3940085470676422,0.3657529354095459,-0.1346379816532135,0.8975870609283447,0.5318467020988464,0.3511243462562561,-0.46791091561317444,0.9718209505081177,0.3949247896671295,0.34800755977630615,-0.16316168010234833,0.9012859463691711,0.5327650308609009,0.35448309779167175,-0.41480153799057007,0.9577875137329102,0.40157192945480347,0.3504865765571594,-0.11836232990026474,0.8889090418815613,0.5305490493774414,0.5179885625839233,-0.06227199360728264,0.9994534850120544,0.48894965648651123,0.5142639875411987,0.06212325021624565,0.9992220401763916,0.5139316320419312,0.7007299065589905,-0.10562773793935776,0.7330143451690674,0.47640594840049744,0.6947199106216431,0.03902319446206093,0.5043047666549683,0.5237367749214172,0.8738749623298645,0.0067860740236938,0.7084932923316956,0.5017245411872864,0.8817874193191528,0.14399518072605133,0.5296320915222168,0.5374942421913147,0.8928609490394592,0.012572062201797962,0.623092770576477,0.5118153095245361,0.9012036919593811,0.15047281980514526,0.5028731822967529,0.49598339200019836,0.9500548243522644,-0.08748915791511536,0.806408166885376,0.4775104522705078,0.9514398574829102,0.06783146411180496,0.5994215607643127
0.5106481313705444,0.18592877686023712,-0.16307313740253448,0.9999943971633911,0.5158354640007019,0.16822031140327454,-0.15510524809360504,0.999992311000824,0.5191934108734131,0.1673266589641571,-0.15538817644119263,0.9999913573265076,0.5237420201301575,0.167268767952919,-0.15537285804748535,0.9999938011169434,0.509861409664154,0.1690705418586731,-0.13966554403305054,0.9999930262565613,0.5084629654884338,0.16866256296634674,-0.13990317285060883,0.9999922513961792,0.5072222352027893,0.1679898500442505,-0.1399686187505722,0.9999927878379822,0.5375136137008667,0.17215760052204132,-0.07191695272922516,0.9999938011169434,0.5133955478668213,0.17086848616600037,-0.011939221993088722,0.9999666810035706,0.5188238024711609,0.19976244866847992,-0.12868770956993103,0.9999906420707703,0.5108160972595215,0.20139168202877045,-0.11439336091279984,0.9999794960021973,0.5636190176010132,0.2648758590221405,-0.0646844431757927,0.9999953508377075,0.49081629514694214,0.26630324125289917,0.10472678393125534,0.999951958656311,0.5821699500083923,0.37726759910583496,-0.18255342543125153,0.9597484469413757,0.46019527316093445,0.3756897449493408,0.09221961349248886,0.5896802544593811,0.5470141768455505,0.369381844997406,-0.3968889117240906,0.9722369313240051,0.4091312289237976,0.36663809418678284,-0.0927387923002243,0.8936606645584106,0.533832848072052,0.36929354071617126,-0.45113369822502136,0.9728013873100281,0.3939242959022522,0.3646204173564911,-0.12722733616828918,0.9053736329078674,0.531883716583252,0.3479091227054596,-0.45955705642700195,0.9744153022766113,0.3949281573295593,0.347088485956192,-0.15573479235172272,0.909037172794342,0.5328206419944763,0.3507186770439148,-0.40379640460014343,0.9615375995635986,0.4015890955924988,0.3498530685901642,-0.11117398738861084,0.8970407843589783,0.5305267572402954,0.5170493721961975,-0.061392199248075485,0.9995012283325195,0.48922666907310486,0.5134480595588684,0.0612310953438282,0.9992906451225281,0.5127307176589966,0.7016010284423828,-0.10904602706432343,0.744579017162323,0.4751358926296234,0.6940233111381531,0.03670623525977135,0.5136056542396545,0.527533233165741,0.8746175765991211,0.0012675467878580093,0.7160902619361877,0.501526415348053,0.8826420307159424,0.14050708711147308,0.5422534346580505,0.5409370064735413,0.8932773470878601,0.006872524507343769,0.6127927899360657,0.5109061598777771,0.9040671586990356,0.146799236536026,0.5048096179962158,0.5027353167533875,0.9537927508354187,-0.09333603829145432,0.81036376953125,0.47598403692245483,0.9544966220855713,0.06356851756572723,0.6121183633804321
0.5103765726089478,0.1861748844385147,-0.17731626331806183,0.9999935030937195,0.5154584050178528,0.1683807671070099,-0.1687728613615036,0.9999910593032837,0.5189064145088196,0.16735169291496277,-0.16902674734592438,0.9999901652336121,0.5234876871109009,0.16724708676338196,-0.168995201587677,0.9999927878379822,0.5093532800674438,0.16944219172000885,-0.15527452528476715,0.9999917149543762,0.5079184770584106,0.16905577480793,-0.15551631152629852,0.9999908208847046,0.5066694617271423,0.16840460896492004,-0.15559951961040497,0.9999913573265076,0.5370349287986755,0.17160078883171082,-0.08950383216142654,0.9999931454658508,0.5129253268241882,0.17086777091026306,-0.02851713076233864,0.9999624490737915,0.5186243057250977,0.19977028667926788,-0.1436820924282074,0.9999895095825195,0.5105339884757996,0.2016000896692276,-0.12834598124027252,0.999977707862854,0.5633989572525024,0.26409295201301575,-0.08052755892276764,0.9999951124191284,0.49033719301223755,0.2647089958190918,0.0913066416978836,0.9999498128890991,0.5820792317390442,0.3769795000553131,-0.19846111536026,0.9633273482322693,0.45993226766586304,0.37468892335891724,0.0872080996632576,0.5933423638343811,0.547033965587616,0.3686843812465668,-0.40741676092147827,0.9748875498771667,0.4091310501098633,0.36485132575035095,-0.08779015392065048,0.9013365507125854,0.5337932705879211,0.36882585287094116,-0.45958855748176575,0.9753180742263794,0.3939638137817383,0.3621555268764496,-0.1212388426065445,0.9125101566314697,0.5319490432739258,0.3456399440765381,-0.46474921703338623,0.9767898321151733,0.3950107991695404,0.34489506483078003,-0.15007002651691437,0.9161362051963806,0.5329129099845886,0.3481559157371521,-0.4128281772136688,0.9649970531463623,0.40166932344436646,0.34741565585136414,-0.10603959858417511,0.9045581817626953,0.5301944613456726,0.5179961919784546,-0.06130332872271538,0.9995403289794922,0.48922812938690186,0.5160958170890808,0.061141643673181534,0.9993464946746826,0.5126832723617554,0.7039034366607666,-0.10001499205827713,0.7552107572555542,0.47829344868659973,0.6976770162582397,0.04519467428326607,0.5201600790023804,0.5254775285720825,0.8749813437461853,0.012590891681611538,0.7255239486694336,0.5029364824295044,0.8779357075691223,0.15614017844200134,0.552342414855957,0.5387649536132812,0.8930935859680176,0.018755687400698662,0.6108068227767944,0.5125045776367188,0.901371955871582,0.16357490420341492,0.5098050236701965,0.49714523553848267,0.9561589956283569,-0.07705248892307281,0.8160033226013184,0.47781699895858765,0.9510152339935303,0.08679268509149551,0.6236757040023804
0.510330855846405,0.18626433610916138,-0.17344246804714203,0.9999920129776001,0.5153372883796692,0.16833361983299255,-0.16419026255607605,0.9999889135360718,0.5188862681388855,0.16713136434555054,-0.16443698108196259,0.9999881386756897,0.5234785676002502,0.1667974591255188,-0.16440847516059875,0.9999911189079285,0.509128212928772,0.1695258617401123,-0.15116138756275177,0.9999895095825195,0.5076043605804443,0.16920273005962372,-0.15140970051288605,0.9999884963035583,0.5062786340713501,0.16863563656806946,-0.15150295197963715,0.9999889731407166,0.5368364453315735,0.17061933875083923,-0.08507801592350006,0.9999920725822449,0.5124480128288269,0.17086359858512878,-0.02412082627415657,0.9999555349349976,0.5186301469802856,0.19974052906036377,-0.13977448642253876,0.9999876618385315,0.5104407668113708,0.20180487632751465,-0.12446630746126175,0.9999743103981018,0.5634109973907471,0.26319074630737305,-0.07783860713243484,0.999994695186615,0.4901023209095001,0.26413536071777344,0.09340234100818634,0.999945342540741,0.5821130275726318,0.3771801292896271,-0.19676604866981506,0.966478705406189,0.45990675687789917,0.3738512694835663,0.08482000231742859,0.5938933491706848,0.5471399426460266,0.3673599362373352,-0.4050830602645874,0.9772484302520752,0.4091281294822693,0.36338263750076294,-0.08980139344930649,0.9074066281318665,0.5339478850364685,0.36716651916503906,-0.4543415904045105,0.9775516986846924,0.39385125041007996,0.36101004481315613,-0.12230487167835236,0.918391764163971,0.5321028828620911,0.3445112407207489,-0.4603959918022156,0.9788995385169983,0.39496204257011414,0.3440881669521332,-0.14989826083183289,0.9220415949821472,0.5329969525337219,0.3475188612937927,-0.4110005795955658,0.9680705070495605,0.40165263414382935,0.3463011085987091,-0.10738328099250793,0.9107076525688171,0.5301859974861145,0.5177820324897766,-0.06099739298224449,0.9995748996734619,0.489175409078598,0.5163455009460449,0.06083518639206886,0.9993959665298462,0.5113189220428467,0.7036109566688538,-0.10730499774217606,0.7672759294509888,0.4779414236545563,0.6954875588417053,0.0422656312584877,0.5308628082275391,0.5223301649093628,0.8713582158088684,0.004897095263004303,0.734312117099762,0.502214789390564,0.8780431747436523,0.14639711380004883,0.5642852187156677,0.5341975092887878,0.8911806344985962,0.011491294018924236,0.6100172996520996,0.5114064812660217,0.9020677804946899,0.15321587026119232,0.5158128142356873,0.4926377236843109,0.9545490145683289,-0.07913866639137268,0.8205071091651917,0.4761296808719635,0.9544669985771179,0.07852084934711456,0.6344788074493408
0.5103183388710022,0.18615423142910004,-0.16000978648662567,0.9999920725822449,0.5152944922447205,0.1678590178489685,-0.14908857643604279,0.9999889731407166,0.5189169049263,0.16650302708148956,-0.14932720363140106,0.9999882578849792,0.5235003232955933,0.16605889797210693,-0.14930172264575958,0.9999911785125732,0.5089597105979919,0.169367715716362,-0.13634096086025238,0.9999895691871643,0.5073764324188232,0.16910669207572937,-0.13659533858299255,0.9999885559082031,0.5060004591941833,0.16859088838100433,-0.1366925686597824,0.9999889731407166,0.5365707874298096,0.16947346925735474,-0.0655931904911995,0.9999921917915344,0.512060821056366,0.17062929272651672,-0.0051411595195531845,0.9999562501907349,0.5186346173286438,0.19942456483840942,-0.12468267977237701,0.999987781047821,0.5103564858436584,0.20172548294067383,-0.1096573993563652,0.9999748468399048,0.5634124875068665,0.2616448998451233,-0.06058792769908905,0.999994695186615,0.48983925580978394,0.2639290690422058,0.1093418076634407,0.9999450445175171,0.5820934772491455,0.3771195411682129,-0.17926590144634247,0.9694115519523621,0.4597279131412506,0.3736162483692169,0.08804801851511002,0.598792314529419,0.5471428036689758,0.3664507567882538,-0.38531166315078735,0.9794119596481323,0.40912848711013794,0.36302900314331055,-0.09970726817846298,0.9135702848434448,0.5339965224266052,0.36652228236198425,-0.43553397059440613,0.9796227812767029,0.39381298422813416,0.3603522479534149,-0.13468708097934723,0.9242264032363892,0.5322245955467224,0.3442065417766571,-0.4416651427745819,0.9808544516563416,0.3949665129184723,0.34396347403526306,-0.16095750033855438,0.9278131127357483,0.5331637263298035,0.3471866250038147,-0.3912140130996704,0.9709473848342896,0.40165963768959045,0.34622427821159363,-0.11735260486602783,0.9168417453765869,0.5301173329353333,0.5172078609466553,-0.061131659895181656,0.9996109008789062,0.4887401759624481,0.5161281228065491,0.060970667749643326,0.9994472861289978,0.510682225227356,0.7006411552429199,-0.11294519901275635,0.784024715423584,0.47661182284355164,0.6937800049781799,0.03539375960826874,0.5537850856781006,0.5166539549827576,0.8720776438713074,-0.01907450519502163,0.7517311573028564,0.49740466475486755,0.8810654878616333,0.12947314977645874,0.5889631509780884,0.5286081433296204,0.8930007815361023,-0.014647618867456913,0.6201504468917847,0.5083370208740234,0.9034159183502197,0.13489337265491486,0.5338481068611145,0.4865388572216034,0.9529011845588684,-0.11319112777709961,0.8317663073539734,0.47155722975730896,0.9553525447845459,0.055069226771593094,0.6564005017280579
0.5102441310882568,0.18576176464557648,-0.16054746508598328,0.9999918937683105,0.5152121186256409,0.16715335845947266,-0.14989949762821198,0.9999887943267822,0.5188969373703003,0.1657031625509262,-0.15013718605041504,0.9999880790710449,0.5234819054603577,0.1651802361011505,-0.15010929107666016,0.9999909996986389,0.508766770362854,0.16886109113693237,-0.13699978590011597,0.99998939037323,0.5071585774421692,0.16865704953670502,-0.13725100457668304,0.9999883770942688,0.5057568550109863,0.1682075560092926,-0.13734716176986694,0.9999887347221375,0.536331057548523,0.1683703511953354,-0.06661918014287949,0.9999921321868896,0.5117161870002747,0.1699407547712326,-0.005725355818867683,0.9999561309814453,0.5185806155204773,0.19885312020778656,-0.12537449598312378,0.9999875426292419,0.5102466344833374,0.2013375461101532,-0.11023995280265808,0.9999745488166809,0.5633763670921326,0.26080572605133057,-0.0612124428153038,0.9999944567680359,0.48958760499954224,0.26347824931144714,0.1093529537320137,0.9999427795410156,0.5821544528007507,0.3767160475254059,-0.18304798007011414,0.9719275236129761,0.45948129892349243,0.37330618500709534,0.08596180379390717,0.5973554253578186,0.5471431016921997,0.366478830575943,-0.3927691578865051,0.9813306927680969,0.4090033173561096,0.362476110458374,-0.10767769813537598,0.919100284576416,0.5340631604194641,0.3661292791366577,-0.4451170563697815,0.9814540147781372,0.39369067549705505,0.35960742831230164,-0.14351589977741241,0.9295971989631653,0.5323749780654907,0.3437131345272064,-0.45131179690361023,0.9825868606567383,0.39497455954551697,0.34322893619537354,-0.16993993520736694,0.9331249594688416,0.533322811126709,0.34692856669425964,-0.3989142179489136,0.9734787940979004,0.40166935324668884,0.3457771837711334,-0.1254080832004547,0.9224067330360413,0.5301094651222229,0.5171220898628235,-0.06369070708751678,0.9996393918991089,0.48869916796684265,0.5156247615814209,0.0635262057185173,0.9994865655899048,0.5016858577728271,0.6980975270271301,-0.11810079216957092,0.7974257469177246,0.47550180554389954,0.6921490430831909,0.045013729482889175,0.557319164276123,0.5141949653625488,0.880833625793457,-0.03749283030629158,0.7683827877044678,0.4999657869338989,0.8811237812042236,0.15005415678024292,0.5990139245986938,0.525050699710846,0.9030972719192505,-0.03493218868970871,0.6337627172470093,0.51377934217453,0.900783360004425,0.15673375129699707,0.5433201193809509,0.4764792025089264,0.9554547071456909,-0.14195768535137177,0.8427638411521912,0.4755480885505676,0.9479208588600159,0.07967925816774368,0.6684371829032898
0.5101534724235535,0.18506601452827454,-0.15081241726875305,0.9999918341636658,0.5150951743125916,0.16593357920646667,-0.14021416008472443,0.9999887347221375,0.518833577632904,0.16437649726867676,-0.14044715464115143,0.9999880194664001,0.5234336853027344,0.16379614174365997,-0.14042887091636658,0.9999908804893494,0.5085558891296387,0.16791647672653198,-0.12739317119121552,0.99998939037323,0.5069510340690613,0.1678037792444229,-0.1276492476463318,0.9999883770942688,0.5055369734764099,0.16745689511299133,-0.1277434378862381,0.9999886751174927,0.5360639691352844,0.16693538427352905,-0.058634161949157715,0.9999922513961792,0.5113468170166016,0.16899462044239044,0.0017007492715492845,0.9999567866325378,0.5185108780860901,0.19801343977451324,-0.11644485592842102,0.9999875426292419,0.5101276636123657,0.20061887800693512,-0.10130996257066727,0.9999747276306152,0.5632891058921814,0.2603852450847626,-0.05757681652903557,0.9999943375587463,0.48924729228019714,0.2630297541618347,0.11571216583251953,0.9999420046806335,0.5825894474983215,0.376680850982666,-0.1827557235956192,0.9742704033851624,0.4593143165111542,0.3729235827922821,0.08474882692098618,0.6011385321617126,0.5471621751785278,0.3665197491645813,-0.39164412021636963,0.983066737651825,0.40901631116867065,0.3614388108253479,-0.1161898523569107,0.9247637987136841,0.5341954827308655,0.36567893624305725,-0.44400709867477417,0.9831115007400513,0.39367997646331787,0.3576466739177704,-0.1524997353553772,0.9349083304405212,0.5325781106948853,0.3434285521507263,-0.45012617111206055,0.9841529130935669,0.3951164484024048,0.3413621485233307,-0.178262859582901,0.9383010864257812,0.5335113406181335,0.34689685702323914,-0.39779922366142273,0.9757740497589111,0.40204355120658875,0.34424257278442383,-0.1338055282831192,0.9279500246047974,0.530369222164154,0.5169681906700134,-0.06492059677839279,0.9996650815010071,0.48870134353637695,0.5158177614212036,0.06475424021482468,0.9995230436325073,0.49747687578201294,0.6968497037887573,-0.13033589720726013,0.8103423714637756,0.4752572774887085,0.6932204365730286,0.025822311639785767,0.5699111223220825,0.50026935338974,0.8872896432876587,-0.07730665057897568,0.7835253477096558,0.4886375069618225,0.8852958083152771,0.08225134015083313,0.6171122789382935,0.5098146200180054,0.913817822933197,-0.07774214446544647,0.6471678018569946,0.5012606978416443,0.9090586304664612,0.0836404412984848,0.5601330995559692,0.4602127969264984,0.9590871334075928,-0.18389835953712463,0.8524407744407654,0.4602328836917877,0.9514498114585876,2.569484422565438e-05,0.6849951148033142
0.5095605850219727,0.18500806391239166,-0.15155869722366333,0.9999918937683105,0.5143923759460449,0.16588328778743744,-0.14131304621696472,0.9999889135360718,0.5181012749671936,0.16414792835712433,-0.14154505729675293,0.9999881982803345,0.5227566957473755,0.16324490308761597,-0.14152218401432037,0.9999909996986389,0.5077337622642517,0.16783319413661957,-0.12820537388324738,0.9999895691871643,0.5062888860702515,0.16767625510692596,-0.12845665216445923,0.9999886155128479,0.5050108432769775,0.16724976897239685,-0.12854672968387604,0.999988853931427,0.5356638431549072,0.1656772494316101,-0.06103016436100006,0.9999924302101135,0.5111395716667175,0.1680983155965805,0.0015543174231424928,0.9999581575393677,0.5180320143699646,0.1976872831583023,-0.11755522340536118,0.9999875426292419,0.5096337199211121,0.2005663365125656,-0.10220703482627869,0.9999749064445496,0.5630990862846375,0.25959572196006775,-0.057717546820640564,0.9999942779541016,0.4891120195388794,0.26121988892555237,0.11505990475416183,0.9999411106109619,0.5827433466911316,0.3761533498764038,-0.18177567422389984,0.976345419883728,0.4592578709125519,0.37219735980033875,0.0863310769200325,0.5993408560752869,0.5471527576446533,0.3662995398044586,-0.3902703821659088,0.9846419095993042,0.40888723731040955,0.3613813817501068,-0.11406765133142471,0.9298350214958191,0.5341713428497314,0.36531686782836914,-0.44183796644210815,0.9846194982528687,0.39350223541259766,0.35678157210350037,-0.15081556141376495,0.9396072030067444,0.5326887965202332,0.34260767698287964,-0.44852009415626526,0.9855799674987793,0.39512547850608826,0.34046459197998047,-0.17554982006549835,0.9429137110710144,0.5336713194847107,0.3463313579559326,-0.39662498235702515,0.9778800010681152,0.4020616412162781,0.3438509404659271,-0.13330236077308655,0.9328314661979675,0.5302667617797852,0.5168503522872925,-0.06503064930438995,0.9996666312217712,0.48832815885543823,0.5155529975891113,0.06486377865076065,0.9995214343070984,0.4932645261287689,0.6958721876144409,-0.130137100815773,0.8137730360031128,0.47453784942626953,0.6920869946479797,0.038627270609140396,0.546810507774353,0.4803014397621155,0.8872991800308228,-0.09298929572105408,0.7896900177001953,0.48381903767585754,0.8824563026428223,0.1103411614894867,0.5962536931037903,0.4899190366268158,0.9195974469184875,-0.09560470283031464,0.6517762541770935,0.4946673810482025,0.9095966219902039,0.11298006027936935,0.5475758910179138,0.43373188376426697,0.9534351229667664,-0.20552149415016174,0.856735110282898,0.4488038420677185,0.9452947378158569,0.0367509126663208,0.6724548935890198
0.5089576840400696,0.18491896986961365,-0.12177404761314392,0.9999923706054688,0.5139718055725098,0.16589613258838654,-0.11137733608484268,0.9999895691871643,0.5177610516548157,0.16415955126285553,-0.1115691140294075,0.9999889135360718,0.5225793719291687,0.16327384114265442,-0.11153309047222137,0.9999914765357971,0.5070809721946716,0.16779613494873047,-0.0970429852604866,0.9999902248382568,0.5056716203689575,0.16760575771331787,-0.0973120629787445,0.9999893307685852,0.5044769048690796,0.16711080074310303,-0.0974046066403389,0.9999895095825195,0.5356387495994568,0.1656467169523239,-0.030780453234910965,0.9999929070472717,0.5105478763580322,0.16770610213279724,0.036159928888082504,0.9999610781669617,0.5172492861747742,0.1973874270915985,-0.0877407118678093,0.9999881982803345,0.5086572766304016,0.20018969476222992,-0.07061858475208282,0.9999762773513794,0.5629692673683167,0.2586272358894348,-0.03438839688897133,0.9999943375587463,0.4889705777168274,0.2602947950363159,0.14934879541397095,0.9999414682388306,0.5827511548995972,0.37588435411453247,-0.16710542142391205,0.978463888168335,0.4589807093143463,0.37111610174179077,0.10992459207773209,0.6097409725189209,0.5472160577774048,0.3660755157470703,-0.3740144371986389,0.98609858751297,0.4088713228702545,0.3601853549480438,-0.09869123995304108,0.9343583583831787,0.5341758728027344,0.3647921681404114,-0.423410564661026,0.9860237240791321,0.3932153582572937,0.3550403416156769,-0.13625265657901764,0.9436248540878296,0.5328857898712158,0.3419302999973297,-0.42931556701660156,0.9869031310081482,0.3951328694820404,0.3387933075428009,-0.15609635412693024,0.9467995166778564,0.5338565111160278,0.3457581102848053,-0.37962979078292847,0.9798539280891418,0.4021106958389282,0.34247714281082153,-0.11547652631998062,0.9369568824768066,0.5301578640937805,0.5160756707191467,-0.06899409741163254,0.9996821880340576,0.48749077320098877,0.5140984654426575,0.06884930282831192,0.9995452761650085,0.48456570506095886,0.6918700337409973,-0.15282121300697327,0.8284136652946472,0.45663386583328247,0.6870864629745483,0.0020308520179241896,0.5721126198768616,0.46298566460609436,0.886968195438385,-0.14868159592151642,0.805989682674408,0.4496595561504364,0.8865842223167419,0.004779408685863018,0.6206837892532349,0.47077640891075134,0.9266797304153442,-0.1547074019908905,0.6694316267967224,0.4614173173904419,0.9188669919967651,2.3591645003762096e-05,0.5716150999069214,0.4143325090408325,0.9498106837272644,-0.274679034948349,0.8670650124549866,0.4110930263996124,0.9451199769973755,-0.09496866911649704,0.6931582689285278
0.5083205103874207,0.18492436408996582,-0.11081283539533615,0.999992847442627,0.5132781863212585,0.16596846282482147,-0.10004092752933502,0.9999902248382568,0.516905665397644,0.16423097252845764,-0.1002211719751358,0.9999895691871643,0.521727979183197,0.16329866647720337,-0.10017839074134827,0.9999919533729553,0.5063875913619995,0.16779856383800507,-0.08578898012638092,0.9999908804893494,0.5051032900810242,0.16760586202144623,-0.08605589717626572,0.9999900460243225,0.5040110945701599,0.16710641980171204,-0.08612970262765884,0.9999901652336121,0.5353778004646301,0.16529138386249542,-0.01858380250632763,0.9999933242797852,0.510111391544342,0.16743077337741852,0.048116158694028854,0.9999635815620422,0.5166666507720947,0.1973000168800354,-0.07651820778846741,0.9999889135360718,0.5080165863037109,0.20016057789325714,-0.05937047302722931,0.999977707862854,0.5628661513328552,0.25775739550590515,-0.015895498916506767,0.9999945759773254,0.48896223306655884,0.25857943296432495,0.1561092734336853,0.9999440312385559,0.5827650427818298,0.37581169605255127,-0.14433921873569489,0.9803126454353333,0.4587026834487915,0.36940261721611023,0.11257766932249069,0.6240191459655762,0.5472522377967834,0.36591532826423645,-0.3491501212120056,0.9873951077461243,0.4088447391986847,0.35884249210357666,-0.09746383130550385,0.938660204410553,0.5341909527778625,0.3645403981208801,-0.39755135774612427,0.9872577786445618,0.39303404092788696,0.3534858524799347,-0.13394585251808167,0.9473307132720947,0.5329707860946655,0.341178297996521,-0.40265953540802,0.9880661368370056,0.39513859152793884,0.33709442615509033,-0.1555676907300949,0.9503660202026367,0.5339598059654236,0.34488603472709656,-0.3541579246520996,0.9815730452537537,0.40215423703193665,0.3408518135547638,-0.11430192738771439,0.9406870603561401,0.5299190282821655,0.5105385780334473,-0.0675845816731453,0.9996938109397888,0.48723480105400085,0.5074059367179871,0.06744341552257538,0.9995635151863098,0.47768673300743103,0.6728427410125732,-0.19636349380016327,0.8415235280990601,0.44858992099761963,0.6637836694717407,-0.03203020989894867,0.591410756111145,0.44494131207466125,0.8768172860145569,-0.19975805282592773,0.8192000985145569,0.42930519580841064,0.8781155347824097,-0.025740137323737144,0.6392766237258911,0.4529231786727905,0.9209494590759277,-0.20669206976890564,0.6846628189086914,0.43893682956695557,0.9158011078834534,-0.03043981082737446,0.5878412127494812,0.3964141607284546,0.9278197288513184,-0.33355551958084106,0.8759827613830566,0.39282119274139404,0.9236749410629272,-0.13278985023498535,0.7100364565849304
0.5081063508987427,0.18509379029273987,-0.06950408965349197,0.9999934434890747,0.5129286646842957,0.1662173718214035,-0.057692188769578934,0.9999909996986389,0.5164528489112854,0.16453783214092255,-0.05785589665174484,0.9999904036521912,0.5212822556495667,0.1634359210729599,-0.05782162398099899,0.9999926090240479,0.5059410333633423,0.16794389486312866,-0.044287361204624176,0.9999916553497314,0.5046996474266052,0.16774240136146545,-0.044533245265483856,0.9999908804893494,0.5036407709121704,0.1672586351633072,-0.04458083584904671,0.9999909996986389,0.5350630283355713,0.16530300676822662,0.022075144574046135,0.9999938607215881,0.5096578598022461,0.1674371063709259,0.08553174883127213,0.999966561794281,0.5164985060691833,0.19733038544654846,-0.0364036001265049,0.9999898076057434,0.5077822804450989,0.20029684901237488,-0.020123371854424477,0.9999794960021973,0.5627777576446533,0.25599831342697144,0.017769265919923782,0.9999949336051941,0.4889584481716156,0.2574331760406494,0.18330413103103638,0.999947190284729,0.5827751755714417,0.37456178665161133,-0.10707803070545197,0.9819436073303223,0.4586353003978729,0.36807799339294434,0.12458503991365433,0.6370407938957214,0.5472509264945984,0.3656296730041504,-0.30206242203712463,0.9885404109954834,0.40881267189979553,0.3579864203929901,-0.08829580992460251,0.9413008093833923,0.5341955423355103,0.36422646045684814,-0.3467300534248352,0.9883313775062561,0.3929184377193451,0.35259127616882324,-0.12296552211046219,0.9496031999588013,0.5329741835594177,0.3408929407596588,-0.3516090214252472,0.9890756607055664,0.39513614773750305,0.3359464108943939,-0.14253303408622742,0.9525504112243652,0.5339664220809937,0.344631552696228,-0.3064998686313629,0.9830549955368042,0.4021608531475067,0.339832067489624,-0.10381849110126495,0.942743718624115,0.5309435129165649,0.5026466846466064,-0.06328384578227997,0.9996933341026306,0.48821747303009033,0.5007831454277039,0.0631304532289505,0.999565601348877,0.4747526943683624,0.6486575603485107,-0.2500557601451874,0.8545985817909241,0.4474293887615204,0.6362212896347046,-0.08547542989253998,0.612259030342102,0.4350842833518982,0.847846508026123,-0.31068649888038635,0.8288145065307617,0.4049159586429596,0.8487529158592224,-0.1376134753227234,0.654206395149231,0.43526992201805115,0.8999364376068115,-0.3237057626247406,0.6974315047264099,0.409085750579834,0.903875470161438,-0.14874522387981415,0.6035550236701965,0.37059250473976135,0.8709602952003479,-0.45339107513427734,0.8832014203071594,0.3605237603187561,0.875161349773407,-0.2544454038143158,0.7245749831199646
0.5080597400665283,0.1859171986579895,-0.10053180158138275,0.9999940395355225,0.5128687620162964,0.1668493151664734,-0.08989204466342926,0.9999918341636658,0.5164339542388916,0.16528482735157013,-0.09008701890707016,0.9999912977218628,0.5212326645851135,0.16411106288433075,-0.09005404263734818,0.9999933242797852,0.5057031512260437,0.1684858202934265,-0.07627125829458237,0.9999924302101135,0.5043690204620361,0.16826145350933075,-0.07652237266302109,0.999991774559021,0.5032327175140381,0.16781462728977203,-0.07659067958593369,0.9999918341636658,0.5348475575447083,0.1656932681798935,-0.010425220243632793,0.9999943971633911,0.5088362693786621,0.16768255829811096,0.053841251879930496,0.9999696612358093,0.5165086984634399,0.1980934888124466,-0.06736478209495544,0.999990701675415,0.5076058506965637,0.200992614030838,-0.05093328654766083,0.9999813437461853,0.5627263784408569,0.2546793222427368,-0.010537343099713326,0.9999951720237732,0.48893341422080994,0.25672104954719543,0.1618819385766983,0.9999496936798096,0.5828896760940552,0.3722708523273468,-0.1293657124042511,0.9833537936210632,0.4586353600025177,0.3668815791606903,0.14608706533908844,0.6486673355102539,0.547367513179779,0.36408230662345886,-0.3237355351448059,0.9895474910736084,0.4087449312210083,0.35812294483184814,-0.017468566074967384,0.944657564163208,0.534260630607605,0.3637525141239166,-0.3692260682582855,0.9892573356628418,0.39291608333587646,0.3529002070426941,-0.04368571564555168,0.9520295858383179,0.5331498384475708,0.3405023515224457,-0.37410983443260193,0.9899526238441467,0.3951049745082855,0.3361048400402069,-0.07035435736179352,0.9549465179443359,0.5341804027557373,0.34397122263908386,-0.32815077900886536,0.9843212366104126,0.402159184217453,0.33990955352783203,-0.03378336504101753,0.9451534748077393,0.5313168168067932,0.4994323253631592,-0.06575015932321548,0.9996383190155029,0.48944997787475586,0.49533432722091675,0.06556230783462524,0.9994931817054749,0.4684368968009949,0.6338221430778503,-0.24705152213573456,0.8510916829109192,0.44871556758880615,0.6251160502433777,-0.059469304978847504,0.5747022032737732,0.41830047965049744,0.8252320289611816,-0.33525845408439636,0.8245896697044373,0.4218694269657135,0.8470786809921265,-0.02911991812288761,0.6037388443946838,0.41273146867752075,0.8775140047073364,-0.3506699204444885,0.7024955749511719,0.43159717321395874,0.8955798149108887,-0.030857466161251068,0.5753433704376221,0.3541247546672821,0.8190128803253174,-0.48527956008911133,0.8829270005226135,0.36128732562065125,0.8740688562393188,-0.11951969563961029,0.6808232665061951
0.508069634437561,0.18706393241882324,-0.10837294161319733,0.9999945163726807,0.5128485560417175,0.16753308475017548,-0.09841513633728027,0.9999924302101135,0.516464352607727,0.16599249839782715,-0.09860607981681824,0.9999919533729553,0.5212459564208984,0.1646592617034912,-0.09855823218822479,0.9999938011169434,0.5055191516876221,0.16910597681999207,-0.08448271453380585,0.9999930262565613,0.5040881037712097,0.168824702501297,-0.08473943918943405,0.9999924302101135,0.5029019713401794,0.16835883259773254,-0.08480609953403473,0.9999924898147583,0.5346772074699402,0.16571323573589325,-0.019840937107801437,0.9999947547912598,0.5082117915153503,0.16776520013809204,0.04543207213282585,0.999971866607666,0.5165284276008606,0.19889533519744873,-0.07530882209539413,0.9999912977218628,0.5075085759162903,0.2017490416765213,-0.05836208537220955,0.9999825358390808,0.562757670879364,0.253374844789505,-0.018721705302596092,0.9999954104423523,0.48893415927886963,0.25603732466697693,0.1561746746301651,0.999951183795929,0.5828863978385925,0.371810644865036,-0.13345786929130554,0.9844865798950195,0.4586280584335327,0.36616355180740356,0.13905277848243713,0.6526713967323303,0.5475142598152161,0.3628287613391876,-0.32124918699264526,0.9904512763023376,0.4087316393852234,0.35791343450546265,-0.0382283590734005,0.9465415477752686,0.5346563458442688,0.36326465010643005,-0.366324245929718,0.990081787109375,0.39292916655540466,0.35276636481285095,-0.06688504666090012,0.9532966613769531,0.5333576202392578,0.340201199054718,-0.3705010712146759,0.9907336831092834,0.3951221704483032,0.3352755904197693,-0.09204133599996567,0.9563120603561401,0.53425532579422,0.3434678912162781,-0.32531726360321045,0.9854503273963928,0.40216347575187683,0.33907267451286316,-0.054473914206027985,0.9462981224060059,0.5313078165054321,0.49738073348999023,-0.06548776477575302,0.9996064901351929,0.48955038189888,0.48665815591812134,0.06530238687992096,0.9994533658027649,0.46456047892570496,0.6192164421081543,-0.22419020533561707,0.8493818640708923,0.42476120591163635,0.5829741358757019,-0.06344160437583923,0.5528059005737305,0.40054354071617126,0.7892658114433289,-0.2427745759487152,0.8068788647651672,0.3822692334651947,0.7803694009780884,-0.036514900624752045,0.5664628744125366,0.39534521102905273,0.8287650942802429,-0.2500213384628296,0.6880815625190735,0.38165345788002014,0.8175632953643799,-0.038007959723472595,0.5487636923789978,0.33996841311454773,0.802433967590332,-0.3656257390975952,0.8705061078071594,0.3286083936691284,0.7720386981964111,-0.12187237292528152,0.6482186913490295
0.5074968934059143,0.1896979957818985,-0.09058108180761337,0.9999949932098389,0.5121749043464661,0.16900238394737244,-0.08095100522041321,0.999993085861206,0.5155119299888611,0.16744671761989594,-0.08113770931959152,0.9999926686286926,0.5200873017311096,0.1660381555557251,-0.08108565956354141,0.9999943375587463,0.5047435164451599,0.17114558815956116,-0.0668630301952362,0.9999936819076538,0.5034895539283752,0.1706712394952774,-0.06712283939123154,0.9999931454658508,0.5022750496864319,0.17001861333847046,-0.0671839565038681,0.9999931454658508,0.5336654782295227,0.16620300710201263,-0.007433978840708733,0.9999951720237732,0.5075891613960266,0.1686280071735382,0.05998167023062706,0.999974250793457,0.5162602663040161,0.20072412490844727,-0.059180907905101776,0.9999919533729553,0.5071850419044495,0.20380011200904846,-0.04149211198091507,0.9999837875366211,0.5627577304840088,0.25156158208847046,-0.006640225183218718,0.9999956488609314,0.48886337876319885,0.2554008662700653,0.16523364186286926,0.9999533891677856,0.5828445553779602,0.3701319992542267,-0.11023606359958649,0.9849795699119568,0.4584762156009674,0.3643851578235626,0.16958965361118317,0.6537010669708252,0.5477181673049927,0.3616486191749573,-0.27742496132850647,0.9910473823547363,0.40890809893608093,0.3575860857963562,0.027664653956890106,0.9480590224266052,0.5348144769668579,0.3624263107776642,-0.31778812408447266,0.990508496761322,0.39317208528518677,0.3527722656726837,0.007473424077033997,0.9538655877113342,0.5335685014724731,0.33877822756767273,-0.32011836767196655,0.9911500215530396,0.39517268538475037,0.33502256870269775,-0.019574133679270744,0.957038164138794,0.5344164967536926,0.3418009877204895,-0.28018829226493835,0.9859376549720764,0.4022302031517029,0.3384951055049896,0.012048684991896152,0.9467297196388245,0.5312965512275696,0.4955079257488251,-0.06569132208824158,0.9994815587997437,0.48962295055389404,0.48444417119026184,0.06547970324754715,0.999260663986206,0.4686957895755768,0.6278213262557983,-0.2430446743965149,0.8380963802337646,0.4351719319820404,0.5888363122940063,-0.05591484159231186,0.504892885684967,0.3839210569858551,0.7429823279380798,-0.3953586518764496,0.7912865281105042,0.39414483308792114,0.7477231025695801,-0.012675227597355843,0.513393223285675,0.37898683547973633,0.7821191549301147,-0.4168688654899597,0.6913264393806458,0.3955485224723816,0.7899091243743896,-0.01394760049879551,0.508523166179657,0.32663068175315857,0.7104500532150269,-0.5405995845794678,0.8633652925491333,0.34731021523475647,0.7418763637542725,-0.08406887948513031,0.5923213362693787
0.50706946849823,0.19302354753017426,-0.10959473252296448,0.9999954700469971,0.5114480257034302,0.17084451019763947,-0.0951969251036644,0.9999937415122986,0.5145789980888367,0.16893410682678223,-0.0952681452035904,0.9999933838844299,0.5187044739723206,0.16741634905338287,-0.09512713551521301,0.9999948740005493,0.504052996635437,0.1737479716539383,-0.08677508682012558,0.9999942779541016,0.5029399394989014,0.17317000031471252,-0.08706104755401611,0.9999938011169434,0.501677393913269,0.17234234511852264,-0.08715961873531342,0.9999938011169434,0.5326232314109802,0.16663353145122528,-0.014717360958456993,0.9999955892562866,0.5071383714675903,0.17047448456287384,0.05125296115875244,0.999976634979248,0.5161803364753723,0.20261280238628387,-0.06342719495296478,0.9999926686286926,0.5070688724517822,0.20693740248680115,-0.054631587117910385,0.9999851584434509,0.5629916787147522,0.25049272179603577,0.0008526693563908339,0.999995768070221,0.48862943053245544,0.2553774118423462,0.1504867672920227,0.9999561309814453,0.5830512642860413,0.3690720200538635,-0.11329875886440277,0.9863828420639038,0.45835453271865845,0.3638228476047516,0.13837070763111115,0.6764525771141052,0.5483797192573547,0.3610292077064514,-0.3086170256137848,0.9918383359909058,0.4087439477443695,0.3576430678367615,-0.011581957340240479,0.9527040123939514,0.5351254940032959,0.3623700439929962,-0.3533802926540375,0.9912962913513184,0.393156498670578,0.35281792283058167,-0.039818957448005676,0.957843005657196,0.5340505838394165,0.3380705416202545,-0.35781896114349365,0.9919120669364929,0.39497506618499756,0.33518147468566895,-0.057730577886104584,0.9607453942298889,0.5348848700523376,0.34079137444496155,-0.3130047619342804,0.9871124029159546,0.4020017683506012,0.33857497572898865,-0.028604427352547646,0.9510742425918579,0.5296660661697388,0.49148067831993103,-0.06372960656881332,0.9994304180145264,0.48978474736213684,0.4797515869140625,0.06346270442008972,0.999234676361084,0.4517015516757965,0.5348123908042908,-0.33849865198135376,0.8525778651237488,0.46147117018699646,0.5920495986938477,0.022830771282315254,0.539825975894928,0.3585074841976166,0.657826840877533,-0.6072232723236084,0.8107559084892273,0.46589821577072144,0.7847795486450195,0.1417025923728943,0.5416565537452698,0.35065317153930664,0.7052621245384216,-0.6403073668479919,0.722032904624939,0.4750208556652069,0.8224800825119019,0.1497473120689392,0.5485248565673828,0.30289226770401,0.5848162770271301,-0.7796722054481506,0.8769109845161438,0.4303398132324219,0.8091753125190735,0.07325955480337143,0.6217162609100342
0.5066052675247192,0.1939229518175125,-0.07683270424604416,0.9999958872795105,0.5108176469802856,0.1720489114522934,-0.06301374733448029,0.9999943375587463,0.5139061212539673,0.1698819398880005,-0.06314577907323837,0.9999939799308777,0.5177981853485107,0.16825918853282928,-0.06307358294725418,0.9999953508377075,0.5035539865493774,0.17498433589935303,-0.05350879207253456,0.9999948143959045,0.5024874210357666,0.17427495121955872,-0.05377199128270149,0.9999943971633911,0.5011083483695984,0.1732587218284607,-0.053885579109191895,0.9999943971633911,0.5318337678909302,0.16685526072978973,0.024814484640955925,0.9999959468841553,0.5064314603805542,0.17094972729682922,0.07571633160114288,0.9999787211418152,0.5159009099006653,0.20326967537403107,-0.038651417940855026,0.9999932646751404,0.5068760514259338,0.20749352872371674,-0.026624225080013275,0.9999863505363464,0.5632346272468567,0.2495342344045639,0.04562806338071823,0.9999959468841553,0.48820894956588745,0.25489556789398193,0.16346792876720428,0.9999589920043945,0.5831674337387085,0.3691219687461853,-0.055466506630182266,0.9876601099967957,0.45828431844711304,0.36394771933555603,0.13924403488636017,0.7027015686035156,0.5487009882926941,0.3605647385120392,-0.23727379739284515,0.9925706386566162,0.40862447023391724,0.35769152641296387,-0.024423111230134964,0.9571290016174316,0.53548663854599,0.362332284450531,-0.2772364914417267,0.9920433759689331,0.3931514322757721,0.35288679599761963,-0.053530145436525345,0.9617016315460205,0.5347108244895935,0.33738309144973755,-0.28217440843582153,0.9926210641860962,0.39482372999191284,0.3347710072994232,-0.07849515229463577,0.9643314480781555,0.5355691909790039,0.3397395610809326,-0.2417735755443573,0.9882224202156067,0.4017947018146515,0.3381176292896271,-0.040487516671419144,0.955442488193512,0.5295579433441162,0.4850045144557953,-0.05545664578676224,0.9993795156478882,0.4878528416156769,0.46744611859321594,0.05513084679841995,0.9992049336433411,0.4689371883869171,0.5557932257652283,-0.33403095602989197,0.8658921718597412,0.4566133916378021,0.5730458498001099,0.015462963841855526,0.5733367800712585,0.3802603781223297,0.6727264523506165,-0.6121589541435242,0.827565610408783,0.4583953619003296,0.7570555210113525,0.14906129240989685,0.5442251563072205,0.3553563058376312,0.6781156063079834,-0.6461580395698547,0.749614953994751,0.4654255509376526,0.790602445602417,0.15940895676612854,0.5763669610023499,0.33395057916641235,0.612422525882721,-0.7817957997322083,0.8890790343284607,0.41847947239875793,0.7989582419395447,0.09484711289405823,0.6407374739646912
0.5064949989318848,0.1976633071899414,-0.08225361257791519,0.9999962449073792,0.5104578733444214,0.17556194961071014,-0.07024861872196198,0.9999948143959045,0.5136302709579468,0.17246688902378082,-0.07043134421110153,0.9999945163726807,0.5176341533660889,0.17001400887966156,-0.07039152085781097,0.999995768070221,0.5031642317771912,0.17783644795417786,-0.058088500052690506,0.9999952912330627,0.5020290017127991,0.17694048583507538,-0.05835546925663948,0.9999949336051941,0.5004240274429321,0.17556928098201752,-0.058447159826755524,0.9999949336051941,0.5312030911445618,0.16715335845947266,0.014451776631176472,0.9999963045120239,0.5061241984367371,0.17189864814281464,0.07285080850124359,0.9999805688858032,0.5158435106277466,0.2062917798757553,-0.046628255397081375,0.9999937415122986,0.5067847371101379,0.2098756581544876,-0.031618159264326096,0.9999873638153076,0.5635095238685608,0.247859925031662,0.03114360198378563,0.9999963045120239,0.48813340067863464,0.2537713944911957,0.17264670133590698,0.9999625086784363,0.5833617448806763,0.36880552768707275,-0.080955870449543,0.9864985942840576,0.45818087458610535,0.36403530836105347,0.14962854981422424,0.677588701248169,0.5487597584724426,0.3606160283088684,-0.24592015147209167,0.9925759434700012,0.408389687538147,0.35779955983161926,-0.012369172647595406,0.9565303921699524,0.5354931950569153,0.36226144433021545,-0.28138941526412964,0.9921040534973145,0.39269307255744934,0.35372021794319153,-0.0333644300699234,0.9628155827522278,0.5349169373512268,0.33704903721809387,-0.2847798764705658,0.9926166534423828,0.3945613503456116,0.3344448506832123,-0.058366019278764725,0.9651970267295837,0.5357875823974609,0.33960363268852234,-0.24902822077274323,0.9880985617637634,0.40165001153945923,0.3374682664871216,-0.026837654411792755,0.9558908343315125,0.5308298468589783,0.4714803099632263,-0.05363458767533302,0.9993674755096436,0.4882127344608307,0.4474702775478363,0.053289394825696945,0.999204695224762,0.4635981023311615,0.48737385869026184,-0.30043521523475647,0.8746572732925415,0.4305243492126465,0.498845636844635,-0.20150262117385864,0.5955809950828552,0.35039713978767395,0.5372098088264465,-0.5727202892303467,0.8240435719490051,0.34237930178642273,0.5403950214385986,-0.4507330060005188,0.5252676010131836,0.3318854868412018,0.5805628299713135,-0.6067655682563782,0.772183358669281,0.3349531292915344,0.5963736772537231,-0.4804522395133972,0.6035740971565247,0.3124697804450989,0.4662858247756958,-0.715039074420929,0.897825300693512,0.3039829432964325,0.5078204870223999,-0.5660247206687927,0.6613231301307678
0.5063207745552063,0.19791266322135925,-0.1685694009065628,0.9999964237213135,0.5098046064376831,0.17612560093402863,-0.16087721288204193,0.9999949932098389,0.5130894780158997,0.17328810691833496,-0.16107133030891418,0.9999947547912598,0.5170743465423584,0.17051061987876892,-0.16100963950157166,0.9999959468841553,0.5027987957000732,0.17842768132686615,-0.14789952337741852,0.9999955892562866,0.5016252994537354,0.17762620747089386,-0.14820311963558197,0.999995231628418,0.4999297857284546,0.17635968327522278,-0.1482868790626526,0.999995231628418,0.5306891202926636,0.16711248457431793,-0.08333117514848709,0.9999963641166687,0.5058760046958923,0.17225655913352966,-0.022353457286953926,0.9999807476997375,0.5157685875892639,0.2064157873392105,-0.134771928191185,0.9999936819076538,0.5067590475082397,0.2100071758031845,-0.11885958164930344,0.9999871850013733,0.563733696937561,0.2481868863105774,-0.06095123663544655,0.9999966025352478,0.48812851309776306,0.25143149495124817,0.1053154394030571,0.9999646544456482,0.5833807587623596,0.3679521977901459,-0.1651148498058319,0.9810994863510132,0.45835304260253906,0.36034271121025085,0.12801498174667358,0.6190938949584961,0.548271119594574,0.36066383123397827,-0.3112885355949402,0.9907771944999695,0.40783995389938354,0.3573278486728668,-0.006420630495995283,0.9188756942749023,0.535447895526886,0.3603658974170685,-0.34097054600715637,0.9901047945022583,0.3924705684185028,0.35507628321647644,-0.01902974396944046,0.9374259114265442,0.5347849130630493,0.33686572313308716,-0.34189990162849426,0.9907211661338806,0.3938945233821869,0.33513548970222473,-0.04797951504588127,0.9414299130439758,0.5353589653968811,0.3396722972393036,-0.3124350309371948,0.984287679195404,0.4009738862514496,0.337358295917511,-0.021107550710439682,0.9239662289619446,0.528839111328125,0.46087390184402466,-0.054768774658441544,0.9993586540222168,0.4882250726222992,0.4328088164329529,0.054457180202007294,0.9991920590400696,0.46298521757125854,0.45488452911376953,-0.29081711173057556,0.8681517243385315,0.41788250207901,0.43017682433128357,-0.2204895317554474,0.579521894454956,0.3478795289993286,0.4917158782482147,-0.4898112416267395,0.810681164264679,0.3237752616405487,0.45860445499420166,-0.4468245208263397,0.4982589781284332,0.32896238565444946,0.5351099371910095,-0.5147572159767151,0.7858824133872986,0.3157719075679779,0.5329638719558716,-0.47320806980133057,0.6027443408966064,0.30089229345321655,0.3981306552886963,-0.6228660345077515,0.8988550305366516,0.2807057499885559,0.40072116255760193,-0.5690090656280518,0.6562096476554871
0.5062602758407593,0.19906280934810638,-0.15815423429012299,0.9999964833259583,0.5096307992935181,0.17987282574176788,-0.14984218776226044,0.9999950528144836,0.5129596590995789,0.17696981132030487,-0.15003281831741333,0.9999948143959045,0.5168702602386475,0.17409905791282654,-0.14997531473636627,0.9999960064888,0.5026862025260925,0.18157073855400085,-0.13790498673915863,0.999995768070221,0.5014650225639343,0.1807851493358612,-0.13820098340511322,0.9999954700469971,0.4997185170650482,0.17947016656398773,-0.13828030228614807,0.9999954104423523,0.5305585861206055,0.16764092445373535,-0.07269551604986191,0.9999962449073792,0.5055167078971863,0.1747967004776001,-0.016714999452233315,0.9999804496765137,0.515758752822876,0.20756207406520844,-0.12476003170013428,0.9999932050704956,0.5066604018211365,0.2110394388437271,-0.1101592406630516,0.9999860525131226,0.5642845630645752,0.24840952455997467,-0.05265339836478233,0.9999967813491821,0.48812124133110046,0.2516336441040039,0.09785563498735428,0.9999659061431885,0.5830315947532654,0.3681643307209015,-0.1686660796403885,0.970028817653656,0.45835331082344055,0.3599747121334076,0.11252538859844208,0.5710156559944153,0.5482658743858337,0.35858243703842163,-0.33831220865249634,0.9879621863365173,0.40799733996391296,0.3555234968662262,-0.0166460070759058,0.895016074180603,0.5356921553611755,0.36041459441185,-0.37601786851882935,0.9875501394271851,0.39242130517959595,0.3544647693634033,-0.032426703721284866,0.9234910607337952,0.534522294998169,0.3368237614631653,-0.3779197037220001,0.9884301424026489,0.3939043879508972,0.33533942699432373,-0.06206585466861725,0.9288300275802612,0.5348234176635742,0.3390671908855438,-0.34119847416877747,0.9797829389572144,0.4009818136692047,0.33718666434288025,-0.03192540630698204,0.9049347639083862,0.5289787650108337,0.4664705991744995,-0.05243723839521408,0.9992351531982422,0.4896167814731598,0.4402048885822296,0.05214230716228485,0.9990575313568115,0.46458643674850464,0.4389873743057251,-0.2783517837524414,0.8510129451751709,0.4162273108959198,0.4065072238445282,-0.199661523103714,0.5539965033531189,0.35026004910469055,0.44547417759895325,-0.46513164043426514,0.7829421758651733,0.32797110080718994,0.40102601051330566,-0.397722452878952,0.4622744619846344,0.32820072770118713,0.4821624159812927,-0.489411860704422,0.7948033809661865,0.313406765460968,0.46009865403175354,-0.42060717940330505,0.5876695513725281,0.30665260553359985,0.32964012026786804,-0.5885266661643982,0.895813524723053,0.2905953526496887,0.32927897572517395,-0.5028226971626282,0.6358094811439514
0.5063015818595886,0.20118752121925354,-0.14515691995620728,0.9999963641166687,0.5096560120582581,0.18300913274288177,-0.1334223747253418,0.9999949336051941,0.5129367709159851,0.1806015968322754,-0.13358493149280548,0.9999948143959045,0.516883909702301,0.17750713229179382,-0.1335185468196869,0.9999960064888,0.5027198791503906,0.18396496772766113,-0.12077192962169647,0.9999956488609314,0.5015074014663696,0.18336938321590424,-0.12105093896389008,0.9999953508377075,0.4997817873954773,0.1822560578584671,-0.12112803757190704,0.9999951720237732,0.5305538773536682,0.1679833084344864,-0.05351238325238228,0.9999960660934448,0.5055256485939026,0.1765313744544983,0.004176655318588018,0.9999773502349854,0.5158355236053467,0.20980064570903778,-0.1091805174946785,0.9999924898147583,0.5067226886749268,0.21295030415058136,-0.09383006393909454,0.9999825358390808,0.5646577477455139,0.2485654205083847,-0.03773156926035881,0.9999969601631165,0.4881346821784973,0.25070294737815857,0.11024415493011475,0.9999650716781616,0.5830193161964417,0.36823683977127075,-0.15317633748054504,0.9655488133430481,0.4588526785373688,0.35712146759033203,0.10531864315271378,0.5319181084632874,0.5484573841094971,0.35486292839050293,-0.3413183093070984,0.9870573282241821,0.4095773994922638,0.3562889099121094,-0.043146613985300064,0.8664339184761047,0.5358422994613647,0.35921719670295715,-0.38324275612831116,0.9873025417327881,0.3939167857170105,0.3543718755245209,-0.05976615473628044,0.9019410610198975,0.5345191359519958,0.3360261023044586,-0.385108083486557,0.9882645606994629,0.395231693983078,0.33571603894233704,-0.0913238450884819,0.9091705679893494,0.534818708896637,0.33745431900024414,-0.3447614014148712,0.9793694019317627,0.4017919898033142,0.33726999163627625,-0.05902194231748581,0.8802687525749207,0.5242680907249451,0.4688354730606079,-0.05289452522993088,0.9988906383514404,0.48662886023521423,0.4435558021068573,0.05246094986796379,0.9984907507896423,0.4488932490348816,0.41164830327033997,-0.28437539935112,0.8427092432975769,0.40834036469459534,0.4088320732116699,-0.15853272378444672,0.5063572525978088,0.3360730707645416,0.40298306941986084,-0.5721911191940308,0.7868785858154297,0.345927894115448,0.4714537262916565,-0.249563530087471,0.4175493121147156,0.31674233078956604,0.4420863687992096,-0.6053649187088013,0.8115129470825195,0.34205612540245056,0.5112442374229431,-0.2696450352668762,0.543793261051178,0.2987973093986511,0.2710224688053131,-0.7163144946098328,0.9024248123168945,0.3128255009651184,0.42143523693084717,-0.28712934255599976,0.5799833536148071
0.5068113803863525,0.20265085995197296,-0.1386779248714447,0.9999931454658508,0.5098006129264832,0.18459083139896393,-0.12866654992103577,0.9999906420707703,0.5130025744438171,0.18239504098892212,-0.12885256111621857,0.9999903440475464,0.5170194506645203,0.17928551137447357,-0.12880276143550873,0.9999933838844299,0.5028497576713562,0.18518488109111786,-0.1167539581656456,0.9999922513961792,0.5016547441482544,0.18466487526893616,-0.11704076826572418,0.9999916553497314,0.5000391006469727,0.18373236060142517,-0.11712353676557541,0.9999908208847046,0.530611515045166,0.1683618575334549,-0.04854285717010498,0.9999908208847046,0.5055592060089111,0.17761343717575073,0.006848751567304134,0.9999303817749023,0.5163424611091614,0.2115042805671692,-0.10384788364171982,0.9999741911888123,0.5071200728416443,0.21449850499629974,-0.08920169621706009,0.9999269247055054,0.565200924873352,0.2486262023448944,-0.03374713659286499,0.9999968409538269,0.4881305396556854,0.2501225769519806,0.11753460019826889,0.9999536275863647,0.5829655528068542,0.36830225586891174,-0.15795479714870453,0.9131417870521545,0.4588577151298523,0.3557121753692627,0.10806974768638611,0.4791075587272644,0.5486242175102234,0.35464444756507874,-0.33653488755226135,0.9451897740364075,0.41254666447639465,0.3667885363101959,-0.009248945862054825,0.7808182239532471,0.5362453460693359,0.3585258722305298,-0.3765210807323456,0.9502000212669373,0.39974355697631836,0.3614417612552643,-0.020638909190893173,0.814307451248169,0.5345442891120911,0.3360542058944702,-0.3775659501552582,0.9536011219024658,0.3984585702419281,0.34794488549232483,-0.04969973489642143,0.8210576176643372,0.5348241925239563,0.33756178617477417,-0.33920300006866455,0.9300121665000916,0.4040606915950775,0.35221347212791443,-0.023605935275554657,0.7943070530891418,0.5245630145072937,0.46896570920944214,-0.053773097693920135,0.9986778497695923,0.48668134212493896,0.4469078481197357,0.05338269844651222,0.9981550574302673,0.4545343518257141,0.39851802587509155,-0.2836746871471405,0.7808669209480286,0.4132213890552521,0.38012099266052246,-0.1992611438035965,0.4605991840362549,0.34414979815483093,0.3678204417228699,-0.5511521100997925,0.7314438223838806,0.3385130763053894,0.37424495816230774,-0.40049731731414795,0.3776663839817047,0.32605689764022827,0.39664384722709656,-0.583045244216919,0.8012893199920654,0.3228057324886322,0.41330671310424805,-0.42409542202949524,0.5053138136863708,0.3132253587245941,0.23871782422065735,-0.6940209269523621,0.8786805272102356,0.30573129653930664,0.31722378730773926,-0.5057979226112366,0.5317028760910034
0.5071821212768555,0.20285974442958832,-0.1329895704984665,0.9999913573265076,0.509942352771759,0.18494555354118347,-0.12630891799926758,0.9999881386756897,0.5131533741950989,0.18242698907852173,-0.126529723405838,0.9999879598617554,0.5172622799873352,0.17925769090652466,-0.12652558088302612,0.9999921917915344,0.5029822587966919,0.18570490181446075,-0.11546465754508972,0.9999894499778748,0.5017985701560974,0.18520325422286987,-0.11574085801839828,0.9999883770942688,0.5002095103263855,0.18420466780662537,-0.11581863462924957,0.9999865889549255,0.5306578874588013,0.1686222106218338,-0.04587465897202492,0.9999882578849792,0.5055937767028809,0.17775218188762665,0.010138113982975483,0.9998860955238342,0.5166448354721069,0.21157054603099823,-0.10330518335103989,0.9999634623527527,0.5073575377464294,0.21463745832443237,-0.08856329321861267,0.9998795986175537,0.5652515292167664,0.24870085716247559,-0.033451370894908905,0.9999968409538269,0.4881463646888733,0.24950340390205383,0.11359439790248871,0.9999368786811829,0.5824820399284363,0.3672892153263092,-0.15578815340995789,0.8679963946342468,0.45909935235977173,0.34944334626197815,0.09244871139526367,0.4317047894001007,0.5486800670623779,0.35419541597366333,-0.3321361243724823,0.914686381816864,0.4124692380428314,0.3659665584564209,-0.04525255411863327,0.7033919095993042,0.5362078547477722,0.358703076839447,-0.3725024461746216,0.9241032600402832,0.4007059335708618,0.3611299395561218,-0.05811608210206032,0.7343310117721558,0.5345428586006165,0.3364099860191345,-0.3742293119430542,0.9298275113105774,0.39852866530418396,0.35007351636886597,-0.08538184314966202,0.7405409216880798,0.5348865985870361,0.33764466643333435,-0.3347688615322113,0.8940199613571167,0.4040321409702301,0.3539212644100189,-0.0595235638320446,0.7161598801612854,0.5249335169792175,0.46964287757873535,-0.056037988513708115,0.9984062314033508,0.48799261450767517,0.44823771715164185,0.05559911951422691,0.9975124597549438,0.45708975195884705,0.40130504965782166,-0.28159838914871216,0.7276429533958435,0.41315874457359314,0.3790242373943329,-0.10675089806318283,0.4155311584472656,0.34854480624198914,0.3419943153858185,-0.5526667833328247,0.6903153657913208,0.3364146947860718,0.3764056861400604,-0.2144273817539215,0.34035250544548035,0.3379572033882141,0.39439985156059265,-0.5843816995620728,0.7960560917854309,0.3279323875904083,0.4097999036312103,-0.22534413635730743,0.4603283703327179,0.3186326026916504,0.2146071046590805,-0.6911877989768982,0.8637690544128418,0.3032364249229431,0.29872262477874756,-0.26149600744247437,0.480916827917099
0.507430374622345,0.20285579562187195,-0.13277274370193481,0.9999894499778748,0.5100986957550049,0.18492931127548218,-0.12518180906772614,0.9999852180480957,0.5133576989173889,0.182173952460289,-0.12539798021316528,0.9999852776527405,0.5175639986991882,0.1789986789226532,-0.12538790702819824,0.999990701675415,0.5031354427337646,0.18588773906230927,-0.11412542313337326,0.9999865293502808,0.5019687414169312,0.1853448450565338,-0.11439765989780426,0.9999850988388062,0.5004263520240784,0.18425536155700684,-0.1144840344786644,0.999982476234436,0.5306922793388367,0.16868631541728973,-0.04924406483769417,0.9999852180480957,0.5056493878364563,0.17762191593647003,0.004247732926160097,0.9998471140861511,0.516868531703949,0.21155135333538055,-0.10190083831548691,0.9999522566795349,0.5075749158859253,0.21455621719360352,-0.0875932052731514,0.9998351335525513,0.565285325050354,0.24878087639808655,-0.03476670756936073,0.9999967813491821,0.48818203806877136,0.24883343279361725,0.10119736194610596,0.9999263286590576,0.5824874639511108,0.3673649728298187,-0.15839391946792603,0.8283904790878296,0.4595150649547577,0.34617623686790466,0.08279741555452347,0.38935771584510803,0.5487585067749023,0.35439494252204895,-0.33307188749313354,0.8832615613937378,0.4115959703922272,0.3696179687976837,-0.04390716552734375,0.6337219476699829,0.536231279373169,0.3593258857727051,-0.37238749861717224,0.899313747882843,0.4007648527622223,0.37280553579330444,-0.057437315583229065,0.6622278094291687,0.5345596671104431,0.337075412273407,-0.37228119373321533,0.9062496423721313,0.3990229666233063,0.36269256472587585,-0.08487625420093536,0.6678985357284546,0.5350005030632019,0.3378560245037079,-0.334969162940979,0.859920084476471,0.40487179160118103,0.36345547437667847,-0.05824540555477142,0.6458126902580261,0.5251883864402771,0.4679225981235504,-0.05620913580060005,0.9981958866119385,0.48808255791664124,0.44677412509918213,0.055785421282052994,0.9970557689666748,0.4606550335884094,0.4026731848716736,-0.2967292368412018,0.6811608076095581,0.41225212812423706,0.3854210376739502,-0.10459668189287186,0.374991774559021,0.35419467091560364,0.3349555432796478,-0.5962048768997192,0.6492464542388916,0.33736494183540344,0.37764549255371094,-0.19262836873531342,0.30662035942077637,0.34333351254463196,0.3908628821372986,-0.6308495402336121,0.7925387620925903,0.32938137650489807,0.40902990102767944,-0.2021125853061676,0.4197392463684082,0.321963906288147,0.21357616782188416,-0.7420902848243713,0.8548173904418945,0.30645716190338135,0.29892244935035706,-0.2447904646396637,0.43526914715766907
0.5075905323028564,0.2030016928911209,-0.103615902364254,0.9999900460243225,0.5101901888847351,0.18518179655075073,-0.09249775111675262,0.9999858140945435,0.5134644508361816,0.18243107199668884,-0.09268630295991898,0.999985933303833,0.5177341103553772,0.17919817566871643,-0.09265045076608658,0.9999910593032837,0.5032644867897034,0.1860443353652954,-0.0856526643037796,0.9999870657920837,0.5021325349807739,0.18549169600009918,-0.08589540421962738,0.9999857544898987,0.5006507039070129,0.18439903855323792,-0.08599840104579926,0.9999829530715942,0.5307115316390991,0.16890780627727509,-0.01579950377345085,0.9999858736991882,0.5057575106620789,0.17766650021076202,0.019816933199763298,0.9998515844345093,0.5170122385025024,0.21164600551128387,-0.07093461602926254,0.999954104423523,0.5077667832374573,0.21464933454990387,-0.06198398768901825,0.9998410940170288,0.5655149817466736,0.24883414804935455,0.00562308682128787,0.999996542930603,0.48838746547698975,0.24851995706558228,0.09825848788022995,0.9999140501022339,0.5827701091766357,0.36858391761779785,-0.08564624935388565,0.8413532972335815,0.46020790934562683,0.344405859708786,0.026163989678025246,0.3659321367740631,0.5491503477096558,0.35457396507263184,-0.2450544834136963,0.8927081227302551,0.41224560141563416,0.370559424161911,-0.14702992141246796,0.6054054498672485,0.5365560054779053,0.36027148365974426,-0.2789969742298126,0.9071902632713318,0.40211066603660583,0.3745793104171753,-0.17596739530563354,0.6378250122070312,0.5348812341690063,0.3371988832950592,-0.2841721177101135,0.9139389395713806,0.4009704887866974,0.3665564954280853,-0.1969568282365799,0.6447184681892395,0.5354692935943604,0.33792513608932495,-0.24913202226161957,0.8706304430961609,0.4080795645713806,0.36770713329315186,-0.1606377810239792,0.6184877157211304,0.5262421369552612,0.46750378608703613,-0.049047548323869705,0.9977884292602539,0.4877174496650696,0.44415611028671265,0.04862813279032707,0.9962050914764404,0.48773494362831116,0.4644725024700165,-0.33018559217453003,0.6871281862258911,0.4152660071849823,0.4186815619468689,0.07485894858837128,0.3479105532169342,0.4474855661392212,0.4249752163887024,-0.6209813952445984,0.6244304180145264,0.3971948027610779,0.4556109607219696,0.1748865246772766,0.2770068645477295,0.4442911744117737,0.4743635952472687,-0.6535786986351013,0.8017093539237976,0.4030153155326843,0.48550906777381897,0.1840171366930008,0.38700562715530396,0.42500191926956177,0.3320769667625427,-0.7515628933906555,0.8606597781181335,0.3681642711162567,0.4094539284706116,0.16555704176425934,0.39544862508773804
0.5077559351921082,0.20328672230243683,-0.10510439425706863,0.999987781047821,0.5103144645690918,0.18565502762794495,-0.09607254713773727,0.9999830722808838,0.5135746598243713,0.18310478329658508,-0.09627733379602432,0.9999836087226868,0.5178577899932861,0.1798904985189438,-0.09625813364982605,0.9999898076057434,0.5034229159355164,0.18631283938884735,-0.08655301481485367,0.9999840259552002,0.5023111701011658,0.18576346337795258,-0.08681350201368332,0.9999824166297913,0.5008689761161804,0.18469169735908508,-0.08690890669822693,0.9999786019325256,0.5307310819625854,0.16912339627742767,-0.020873431116342545,0.9999842047691345,0.5058305263519287,0.17784926295280457,0.024241507053375244,0.9998190402984619,0.5171846151351929,0.21193981170654297,-0.07300577312707901,0.9999479651451111,0.5079555511474609,0.21489495038986206,-0.06099352985620499,0.9998100399971008,0.5657608509063721,0.2488679736852646,-0.005191083066165447,0.9999966025352478,0.4884539246559143,0.24855385720729828,0.10625217109918594,0.9999021291732788,0.5828102827072144,0.3686748743057251,-0.10535324364900589,0.8332711458206177,0.46041354537010193,0.3458625376224518,0.05092974379658699,0.33074095845222473,0.5494152307510376,0.35468757152557373,-0.27639636397361755,0.8909584283828735,0.4136844277381897,0.37040936946868896,-0.14277073740959167,0.546697735786438,0.5372102856636047,0.3603611886501312,-0.31842052936553955,0.905821681022644,0.40589335560798645,0.37250232696533203,-0.1430893987417221,0.5776981711387634,0.535424530506134,0.3373216390609741,-0.31226953864097595,0.9129981398582458,0.4006091356277466,0.363353431224823,-0.16518907248973846,0.5842048525810242,0.5359166860580444,0.3379833996295929,-0.27856624126434326,0.8670613169670105,0.40780192613601685,0.363730251789093,-0.15134300291538239,0.5600444674491882,0.5254124402999878,0.4681077003479004,-0.05043063312768936,0.997729480266571,0.48744136095046997,0.4439081847667694,0.04994727671146393,0.9959794282913208,0.46900349855422974,0.42200908064842224,-0.308347225189209,0.677988588809967,0.4139198064804077,0.3826887011528015,-0.07492665201425552,0.3168376088142395,0.3598491847515106,0.37299278378486633,-0.576097309589386,0.6208749413490295,0.3569720387458801,0.42283767461776733,-0.14009171724319458,0.25017982721328735,0.35141000151634216,0.4359421730041504,-0.6069819331169128,0.8099870681762695,0.3543352484703064,0.4574732780456543,-0.14749614894390106,0.3584209084510803,0.323314368724823,0.2715180516242981,-0.7154615521430969,0.8637216091156006,0.3241790235042572,0.37004607915878296,-0.18189853429794312,0.36100080609321594
0.5080757737159729,0.20339074730873108,-0.09491313248872757,0.9999881982803345,0.5105573534965515,0.1857830137014389,-0.08566772192716599,0.9999837279319763,0.5138365626335144,0.18327543139457703,-0.08589459955692291,0.9999843835830688,0.518160879611969,0.1800345927476883,-0.08589746803045273,0.9999902248382568,0.5036882758140564,0.18637436628341675,-0.07445671409368515,0.999984622001648,0.5025722980499268,0.18583405017852783,-0.07472699135541916,0.9999831914901733,0.501159131526947,0.18478471040725708,-0.07481423020362854,0.9999794363975525,0.5307679772377014,0.16916564106941223,-0.008960377424955368,0.9999850392341614,0.5059021711349487,0.17792753875255585,0.04419207572937012,0.9998273253440857,0.5174912810325623,0.21202091872692108,-0.06267212331295013,0.9999505877494812,0.5083010792732239,0.2149389535188675,-0.04857868328690529,0.9998189806938171,0.5660101771354675,0.24892018735408783,0.0033902039285749197,0.9999967813491821,0.4886569082736969,0.2486339658498764,0.1348157674074173,0.999904990196228,0.582961916923523,0.36868926882743835,-0.10554400086402893,0.8444979786872864,0.4604708254337311,0.3466343879699707,0.09890183806419373,0.3071034848690033,0.5497130155563354,0.3548124432563782,-0.280081182718277,0.8991453647613525,0.41455525159835815,0.36753180623054504,-0.0814615935087204,0.5155750513076782,0.5380014777183533,0.3603704869747162,-0.3184596300125122,0.9133785367012024,0.40482136607170105,0.3634856343269348,-0.0908656194806099,0.5573060512542725,0.5359233617782593,0.3373328447341919,-0.3188500702381134,0.9200073480606079,0.40045011043548584,0.34988605976104736,-0.11884018778800964,0.5646986961364746,0.5362366437911987,0.33802980184555054,-0.28284648060798645,0.8774929642677307,0.4075514078140259,0.352707177400589,-0.09477127343416214,0.5382850766181946,0.5256065726280212,0.468594491481781,-0.051189079880714417,0.997809648513794,0.488934725522995,0.4448715150356293,0.05076681077480316,0.9961259365081787,0.4636263847351074,0.4132642149925232,-0.3033545911312103,0.7026717066764832,0.41504913568496704,0.38769248127937317,-0.12536880373954773,0.3087947368621826,0.3506494164466858,0.3815017640590668,-0.611134946346283,0.6512706875801086,0.3581361472606659,0.45578643679618835,-0.2616193890571594,0.23062561452388763,0.33646807074546814,0.4486622214317322,-0.6466293931007385,0.8281998634338379,0.35968276858329773,0.4924451410770416,-0.27741965651512146,0.36579787731170654,0.3153167963027954,0.2540321946144104,-0.7595917582511902,0.8765135407447815,0.3269800841808319,0.4075538218021393,-0.34000056982040405,0.3561674952507019
0.5084176659584045,0.20329365134239197,-0.1514505296945572,0.9999853372573853,0.510815441608429,0.18579140305519104,-0.14577408134937286,0.9999822378158569,0.5141022205352783,0.18330246210098267,-0.1459924429655075,0.9999828934669495,0.518447995185852,0.18011298775672913,-0.14592967927455902,0.9999892711639404,0.5039951801300049,0.18635255098342896,-0.1352854073047638,0.9999834895133972,0.5028479099273682,0.18581971526145935,-0.13552157580852509,0.9999819993972778,0.5014618635177612,0.1847846806049347,-0.13562318682670593,0.999978244304657,0.5309519171714783,0.16939836740493774,-0.07430543005466461,0.9999831914901733,0.5059966444969177,0.17806537449359894,-0.025240113958716393,0.9998236894607544,0.5177397131919861,0.211947500705719,-0.11978144198656082,0.9999501705169678,0.5085268616676331,0.21488165855407715,-0.10701753199100494,0.9998188018798828,0.5660549402236938,0.2490019053220749,-0.05860202759504318,0.9999961256980896,0.48884817957878113,0.2490042746067047,0.07576190680265427,0.9998875260353088,0.5833208560943604,0.36867937445640564,-0.15402355790138245,0.8386666774749756,0.4604860544204712,0.34718915820121765,0.06167682632803917,0.28420379757881165,0.5500732660293579,0.35490190982818604,-0.337262362241745,0.9048306941986084,0.414316862821579,0.36140745878219604,-0.10908619314432144,0.5162847638130188,0.5389485955238342,0.3601561486721039,-0.37808218598365784,0.9181113839149475,0.40133798122406006,0.3557146191596985,-0.133021280169487,0.5696915984153748,0.5365705490112305,0.33732280135154724,-0.38244834542274475,0.9246622920036316,0.39984026551246643,0.3417545258998871,-0.16144151985645294,0.5792277455329895,0.5366854071617126,0.3380680978298187,-0.3412066102027893,0.8832904696464539,0.4070218801498413,0.3446221947669983,-0.12467598915100098,0.5463989973068237,0.5254968404769897,0.4688156545162201,-0.052992116659879684,0.9975703358650208,0.4893202781677246,0.4458124339580536,0.052581287920475006,0.9957928657531738,0.46123206615448,0.4257453978061676,-0.24441681802272797,0.6833454966545105,0.3985082805156708,0.3917473256587982,0.0002577414270490408,0.28311923146247864,0.35663172602653503,0.41396963596343994,-0.40764522552490234,0.6432902812957764,0.45960646867752075,0.4660496711730957,0.0777464434504509,0.20807795226573944,0.34495460987091064,0.4625023305416107,-0.42473453283309937,0.8233304619789124,0.4766443073749542,0.4759150743484497,0.08675943315029144,0.33307772874832153,0.30990365147590637,0.283515602350235,-0.5243170261383057,0.8695741891860962,0.46552103757858276,0.47466689348220825,0.05536835268139839,0.3220268487930298
0.5084609985351562,0.20331336557865143,-0.16026775538921356,0.9999867081642151,0.5108683109283447,0.18585003912448883,-0.15365013480186462,0.9999839067459106,0.514140784740448,0.1833885759115219,-0.1539040356874466,0.9999845027923584,0.5184891819953918,0.18023668229579926,-0.15387293696403503,0.9999902844429016,0.5041071176528931,0.18643322587013245,-0.14293454587459564,0.9999850392341614,0.5029922127723694,0.18590831756591797,-0.1431862711906433,0.9999836683273315,0.5016569495201111,0.1848958134651184,-0.14325512945652008,0.9999802708625793,0.5310659408569336,0.16972815990447998,-0.0796973779797554,0.9999848008155823,0.5061154961585999,0.17846859991550446,-0.027255289256572723,0.9998400807380676,0.5177865624427795,0.2119397073984146,-0.12786732614040375,0.999954879283905,0.508569598197937,0.21482791006565094,-0.11412041634321213,0.9998358488082886,0.5662299990653992,0.24904140830039978,-0.056054163724184036,0.9999964237213135,0.4891135096549988,0.2500355839729309,0.07185225933790207,0.9998941421508789,0.5838631987571716,0.36864176392555237,-0.16191314160823822,0.8522211909294128,0.4604704976081848,0.35000941157341003,0.05593322217464447,0.30490773916244507,0.5506044626235962,0.3549814522266388,-0.3549659550189972,0.9137734174728394,0.412893146276474,0.35986092686653137,-0.09633171558380127,0.5484235286712646,0.540069580078125,0.35962772369384766,-0.39718055725097656,0.9259406924247742,0.3966585397720337,0.35569876432418823,-0.11661265045404434,0.6007248163223267,0.5370489954948425,0.33717331290245056,-0.40124431252479553,0.9318878054618835,0.39803463220596313,0.3410203158855438,-0.1463424414396286,0.6104269623756409,0.5371124148368835,0.3380436301231384,-0.35934704542160034,0.8943542242050171,0.40593892335891724,0.34321725368499756,-0.11197052150964737,0.5775818228721619,0.5269981622695923,0.46926963329315186,-0.05444697290658951,0.9975547194480896,0.4933939278125763,0.44644829630851746,0.05399131774902344,0.9956668019294739,0.4619801640510559,0.44163399934768677,-0.3109179139137268,0.7097823619842529,0.40438833832740784,0.3959241211414337,0.012906072661280632,0.26297613978385925,0.35965660214424133,0.4233579933643341,-0.6015250086784363,0.6726834774017334,0.4152600169181824,0.4560183882713318,0.00215809210203588,0.18828238546848297,0.34411630034446716,0.4723392724990845,-0.6334885358810425,0.8398633003234863,0.4206998646259308,0.4818819463253021,0.00041751371463760734,0.3120260238647461,0.31165826320648193,0.31367403268814087,-0.73689204454422,0.8816511631011963,0.39707881212234497,0.41750919818878174,-0.02820805460214615,0.29568371176719666
0.5084593892097473,0.20329615473747253,-0.1550503522157669,0.9999874234199524,0.510875940322876,0.1858745664358139,-0.14725783467292786,0.999984622001648,0.5141542553901672,0.18334707617759705,-0.14746645092964172,0.9999851584434509,0.5185038447380066,0.1801854372024536,-0.14742812514305115,0.9999906420707703,0.5041206479072571,0.186555877327919,-0.13537511229515076,0.999985933303833,0.5030235648155212,0.18601925671100616,-0.13564983010292053,0.9999847412109375,0.5016754865646362,0.18496373295783997,-0.13573820888996124,0.9999815821647644,0.5310980081558228,0.16980350017547607,-0.07169762998819351,0.9999853372573853,0.506131112575531,0.17862777411937714,-0.014918767847120762,0.9998509287834167,0.5177868008613586,0.21191537380218506,-0.12253347039222717,0.9999575614929199,0.5085820555686951,0.21478131413459778,-0.10747423022985458,0.9998477101325989,0.5663067698478699,0.2491455078125,-0.05239420384168625,0.9999964833259583,0.4891359210014343,0.25043293833732605,0.08475890755653381,0.9998998641967773,0.5840923190116882,0.36888617277145386,-0.15880346298217773,0.8460566401481628,0.4604637026786804,0.3530648350715637,0.09453678876161575,0.2867349684238434,0.5507537126541138,0.3552440404891968,-0.3396508991718292,0.915708065032959,0.4120907485485077,0.35935086011886597,-0.049778155982494354,0.561796247959137,0.5400754809379578,0.3596394956111908,-0.3819204270839691,0.9275908470153809,0.3962255120277405,0.35576239228248596,-0.06605210155248642,0.6195793747901917,0.5372285842895508,0.33717867732048035,-0.3837389647960663,0.9336205124855042,0.3975907564163208,0.33942925930023193,-0.09831712394952774,0.6303121447563171,0.5373529195785522,0.33806610107421875,-0.3433404266834259,0.895746111869812,0.4052315652370453,0.341460645198822,-0.06613005697727203,0.5930230617523193,0.5272443890571594,0.4694647192955017,-0.05779973044991493,0.997273325920105,0.49448150396347046,0.4440124034881592,0.057391464710235596,0.9954236745834351,0.45980581641197205,0.4385756850242615,-0.320433646440506,0.6874474287033081,0.407466322183609,0.42879530787467957,-0.13489554822444916,0.24289003014564514,0.3561846613883972,0.45947766304016113,-0.6049575209617615,0.6525838375091553,0.36822593212127686,0.5020670294761658,-0.28120046854019165,0.17091484367847443,0.33763256669044495,0.5266970992088318,-0.6379576325416565,0.8377773761749268,0.36587807536125183,0.542353093624115,-0.2982454001903534,0.29287344217300415,0.3039434850215912,0.36629346013069153,-0.7521191239356995,0.8753767609596252,0.33458760380744934,0.4433111250400543,-0.36446240544319153,0.27292197942733765
0.5080409646034241,0.2034343034029007,-0.15090341866016388,0.9999886155128479,0.5107244253158569,0.18611976504325867,-0.14251117408275604,0.9999860525131226,0.5140047669410706,0.18377994000911713,-0.14268989861011505,0.9999865293502808,0.51816725730896,0.18063220381736755,-0.1426403969526291,0.9999914765357971,0.5041062831878662,0.18686597049236298,-0.1299503743648529,0.9999873042106628,0.503017783164978,0.1862831860780716,-0.13023608922958374,0.9999862313270569,0.5016306042671204,0.18514734506607056,-0.1303134560585022,0.9999833703041077,0.5311165452003479,0.1699952781200409,-0.06356626749038696,0.9999866485595703,0.5061516761779785,0.1789058893918991,-0.010744262486696243,0.9998652935028076,0.5175650119781494,0.2122521847486496,-0.1167316734790802,0.9999615550041199,0.5083906054496765,0.21493412554264069,-0.10119009017944336,0.9998624324798584,0.566468358039856,0.24915900826454163,-0.04513129964470863,0.9999967813491821,0.4891357421875,0.2512744069099426,0.1129041463136673,0.9999091625213623,0.584869384765625,0.3709847629070282,-0.14991383254528046,0.848357617855072,0.4604294002056122,0.3571425974369049,0.11959001421928406,0.2733873128890991,0.5509616732597351,0.355296790599823,-0.3125171959400177,0.9193512797355652,0.41071370244026184,0.35921740531921387,-0.03319741412997246,0.5853315591812134,0.5403670072555542,0.35892125964164734,-0.34915873408317566,0.9298661351203918,0.39580610394477844,0.3559993505477905,-0.05142715200781822,0.6448045969009399,0.537352979183197,0.3370053470134735,-0.3540753126144409,0.9356477856636047,0.39722326397895813,0.3390856385231018,-0.08089899271726608,0.6555240750312805,0.5373908281326294,0.3379330039024353,-0.31607288122177124,0.8972674608230591,0.4044863283634186,0.34061041474342346,-0.048582687973976135,0.614591121673584,0.5292026996612549,0.4697107672691345,-0.05739038810133934,0.9974344372749329,0.49404221773147583,0.4438459873199463,0.057005397975444794,0.9957748055458069,0.46458226442337036,0.4441353678703308,-0.30845025181770325,0.6711450219154358,0.41178613901138306,0.4464116096496582,-0.23767748475074768,0.24511650204658508,0.3557107150554657,0.5061596632003784,-0.5480675101280212,0.623883068561554,0.3376869261264801,0.5009551644325256,-0.4785158038139343,0.162084698677063,0.34190234541893005,0.575139045715332,-0.5770933628082275,0.8310766220092773,0.32817012071609497,0.5718976855278015,-0.5068705081939697,0.29852625727653503,0.3088373839855194,0.4180624186992645,-0.6859552264213562,0.8655967712402344,0.289637953042984,0.44304943084716797,-0.6012941598892212,0.28052449226379395
0.5080350637435913,0.20448152720928192,-0.10492778569459915,0.9999896883964539,0.510729193687439,0.18660134077072144,-0.09418484568595886,0.9999873042106628,0.5140141844749451,0.18427903950214386,-0.0943455696105957,0.999987781047821,0.5181958675384521,0.18101637065410614,-0.09431042522192001,0.9999922513961792,0.5041130185127258,0.18749049305915833,-0.08172202110290527,0.9999884963035583,0.5030223727226257,0.18685778975486755,-0.08196776360273361,0.9999875426292419,0.5016354918479919,0.18567271530628204,-0.08204830437898636,0.9999849796295166,0.5311313271522522,0.1701163947582245,-0.008895366452634335,0.9999879002571106,0.5061137080192566,0.1797110140323639,0.04974550008773804,0.9998783469200134,0.5176399350166321,0.21290619671344757,-0.06883107870817184,0.9999651908874512,0.5083982348442078,0.21564219892024994,-0.053275421261787415,0.9998757243156433,0.5667032599449158,0.2491585910320282,0.013516965322196484,0.999997079372406,0.4891386330127716,0.25211063027381897,0.1635436713695526,0.9999175667762756,0.5862600803375244,0.37205228209495544,-0.10144282132387161,0.8619586825370789,0.46039101481437683,0.3591946065425873,0.14609861373901367,0.29333487153053284,0.5514989495277405,0.35544896125793457,-0.2664705514907837,0.9268506169319153,0.4102581739425659,0.3588012456893921,-0.014315740205347538,0.621043860912323,0.5405285358428955,0.3587406873703003,-0.3028855323791504,0.9362084269523621,0.39582207798957825,0.355968177318573,-0.03527059406042099,0.6768609881401062,0.5379407405853271,0.33659523725509644,-0.3058375418186188,0.9414256811141968,0.39717742800712585,0.3384356200695038,-0.060491956770420074,0.6866041421890259,0.5380952954292297,0.3375726342201233,-0.26940566301345825,0.906242311000824,0.4044007360935211,0.33968302607536316,-0.028609341010451317,0.6478602886199951,0.5308098793029785,0.46938174962997437,-0.057201482355594635,0.9976011514663696,0.4929823875427246,0.4439179301261902,0.0568341426551342,0.996095597743988,0.46458202600479126,0.4696372449398041,-0.33707618713378906,0.699026882648468,0.42068275809288025,0.48289671540260315,-0.2503730356693268,0.2977839410305023,0.35654544830322266,0.5723522901535034,-0.5842980742454529,0.6470521688461304,0.3383490741252899,0.6005688309669495,-0.45472899079322815,0.18425603210926056,0.34366920590400696,0.6170080304145813,-0.6162645816802979,0.8455884456634521,0.33402499556541443,0.6610606908798218,-0.4805472493171692,0.3524026572704315,0.3100055158138275,0.4837942123413086,-0.7391026020050049,0.8774099946022034,0.29026639461517334,0.5374183058738708,-0.5791445374488831,0.3390113115310669
0.5079447627067566,0.2058485597372055,-0.05194045230746269,0.999990701675415,0.5106906890869141,0.1872023195028305,-0.040299464017152786,0.9999884366989136,0.5139964818954468,0.18504595756530762,-0.04043806716799736,0.999988853931427,0.5181676149368286,0.18176312744617462,-0.04039035737514496,0.9999929070472717,0.5040963292121887,0.18822060525417328,-0.02838648296892643,0.9999895691871643,0.5030098557472229,0.18754474818706512,-0.028609447181224823,0.9999887347221375,0.501602053642273,0.1863257884979248,-0.028679557144641876,0.9999864101409912,0.5311421751976013,0.1702767014503479,0.04410764202475548,0.9999889731407166,0.5060697197914124,0.1808617264032364,0.1011500135064125,0.999890148639679,0.5176399946212769,0.21439266204833984,-0.0161731019616127,0.999968409538269,0.5083979964256287,0.21696674823760986,-0.001316254143603146,0.9998877048492432,0.5672609210014343,0.24918018281459808,0.06272315979003906,0.9999973177909851,0.48934540152549744,0.2529950737953186,0.2066451758146286,0.9999251961708069,0.5879042148590088,0.37346240878105164,-0.05557592585682869,0.8748753666877747,0.46039077639579773,0.3602384030818939,0.21454690396785736,0.3348846137523651,0.5521120429039001,0.35598334670066833,-0.2255730777978897,0.9338214993476868,0.4102647006511688,0.3580450415611267,0.08495697379112244,0.657545804977417,0.5406906604766846,0.3587891757488251,-0.26273128390312195,0.9421290159225464,0.39588025212287903,0.356097936630249,0.06673669070005417,0.7082118988037109,0.538218080997467,0.3365454375743866,-0.2645907998085022,0.946846067905426,0.39728662371635437,0.3384191691875458,0.042327459901571274,0.7170186042785645,0.5385774374008179,0.33752137422561646,-0.2284139096736908,0.914760172367096,0.4044761061668396,0.3397880494594574,0.07159789651632309,0.6815531849861145,0.5331066846847534,0.47180843353271484,-0.05549585819244385,0.9977034330368042,0.49354884028434753,0.45587679743766785,0.05520491674542427,0.9963582754135132,0.46168944239616394,0.506130576133728,-0.32766103744506836,0.7223916053771973,0.4258747398853302,0.506559431552887,-0.2705753743648529,0.34786903858184814,0.36325961351394653,0.6356582045555115,-0.5324008464813232,0.6515712738037109,0.3502084016799927,0.6600508093833923,-0.4441981017589569,0.190659299492836,0.35038554668426514,0.681397020816803,-0.5584640502929688,0.8562088012695312,0.3454815149307251,0.6976932287216187,-0.46666520833969116,0.391147255897522,0.30978095531463623,0.5722269415855408,-0.6734119057655334,0.8851087689399719,0.30643847584724426,0.6133622527122498,-0.5631888508796692,0.3806766867637634
0.5079482793807983,0.20767192542552948,-0.024404631927609444,0.9999914765357971,0.5106965899467468,0.18821732699871063,-0.013045194558799267,0.9999891519546509,0.5140045881271362,0.18597902357578278,-0.013165212236344814,0.9999894499778748,0.518184244632721,0.18251155316829681,-0.013089709915220737,0.9999932050704956,0.5040956139564514,0.18950557708740234,-0.0008811209700070322,0.9999904036521912,0.5030015110969543,0.18875586986541748,-0.0011204674374312162,0.9999896883964539,0.5015571117401123,0.18742991983890533,-0.0011763438815250993,0.9999876022338867,0.5311457514762878,0.1705503612756729,0.06584741175174713,0.9999896287918091,0.5059904456138611,0.18202801048755646,0.12335661053657532,0.9999004006385803,0.5178032517433167,0.21572114527225494,0.009245539084076881,0.9999710917472839,0.5084559917449951,0.21856050193309784,0.02413744106888771,0.9998981952667236,0.5677017569541931,0.24932406842708588,0.07691759616136551,0.9999973177909851,0.4897105097770691,0.25349754095077515,0.22480334341526031,0.999931812286377,0.5882177352905273,0.37439271807670593,-0.029271500185132027,0.8841344714164734,0.460488885641098,0.36109068989753723,0.24332743883132935,0.36957207322120667,0.5526508688926697,0.3562016785144806,-0.20228677988052368,0.9398357272148132,0.41028305888175964,0.3572709262371063,0.10580122470855713,0.690807580947876,0.5407830476760864,0.35923001170158386,-0.24196195602416992,0.9469670057296753,0.395966112613678,0.3561643362045288,0.08339466899633408,0.7363901734352112,0.5385032296180725,0.3367484211921692,-0.24243514239788055,0.9513258934020996,0.3972794711589813,0.3383471667766571,0.05927221477031708,0.7444277405738831,0.5392186641693115,0.3375498652458191,-0.20468619465827942,0.9213747978210449,0.40441372990608215,0.3395119309425354,0.09162990003824234,0.7118837833404541,0.5373775362968445,0.4795312285423279,-0.05251765251159668,0.9978417158126831,0.4957384467124939,0.4673980474472046,0.05235772579908371,0.996659517288208,0.47890615463256836,0.5900394320487976,-0.2002519816160202,0.6826940178871155,0.44816863536834717,0.533447802066803,-0.21955174207687378,0.3502131402492523,0.41440296173095703,0.762988805770874,-0.21425072848796844,0.6000644564628601,0.3921477496623993,0.7353312969207764,-0.31055036187171936,0.18152661621570587,0.4115893542766571,0.7955316305160522,-0.2211471050977707,0.7912188172340393,0.39310723543167114,0.7790845036506653,-0.3068713843822479,0.37132710218429565,0.37454482913017273,0.782496452331543,-0.3253697156906128,0.8218680024147034,0.35027360916137695,0.7520007491111755,-0.4404858648777008,0.3618588447570801
0.5079331994056702,0.20974716544151306,-0.16917784512043,0.9999914765357971,0.5107021927833557,0.190097838640213,-0.1651204377412796,0.9999879002571106,0.5140117406845093,0.18810723721981049,-0.16529420018196106,0.9999878406524658,0.518191397190094,0.18490003049373627,-0.1652572751045227,0.9999920129776001,0.5040913820266724,0.19142381846904755,-0.15256911516189575,0.9999897480010986,0.5029863119125366,0.1906912624835968,-0.15283945202827454,0.9999891519546509,0.5014960765838623,0.18942664563655853,-0.15293672680854797,0.9999874234199524,0.5311523675918579,0.17213225364685059,-0.0964178666472435,0.9999887347221375,0.5058594942092896,0.18432879447937012,-0.03653767332434654,0.9999037384986877,0.5178311467170715,0.21802426874637604,-0.1376660317182541,0.999972403049469,0.5084488987922668,0.2203449010848999,-0.12210104614496231,0.9999052286148071,0.567890465259552,0.2493533045053482,-0.06713635474443436,0.9999973177909851,0.4899376928806305,0.25379490852355957,0.08305709809064865,0.999935507774353,0.5880729556083679,0.3743171691894531,-0.16294874250888824,0.8949346542358398,0.46082013845443726,0.36105605959892273,0.09910392761230469,0.4101792573928833,0.5534593462944031,0.3562191128730774,-0.3373483419418335,0.9455969929695129,0.4113132059574127,0.3562034070491791,-0.04467654228210449,0.7195072770118713,0.5415114164352417,0.35906508564949036,-0.38070279359817505,0.9517819285392761,0.39654573798179626,0.3559412658214569,-0.06887883692979813,0.7602070569992065,0.5396247506141663,0.3362232744693756,-0.38351136445999146,0.955756664276123,0.39749816060066223,0.33853134512901306,-0.09767034649848938,0.7677607536315918,0.5402290225028992,0.3370961546897888,-0.3406801223754883,0.9282934665679932,0.40462779998779297,0.3396984040737152,-0.061006493866443634,0.7374985814094543,0.5373400449752808,0.48008325695991516,-0.0513981357216835,0.9979662299156189,0.49614235758781433,0.468173623085022,0.051240939646959305,0.996905505657196,0.48325487971305847,0.6029295921325684,-0.196430042386055,0.6460394859313965,0.43882209062576294,0.5448048710823059,-0.14201250672340393,0.3404429852962494,0.41882675886154175,0.7605518698692322,-0.17673271894454956,0.5585062503814697,0.38743212819099426,0.7460017800331116,-0.12256589531898499,0.1788451373577118,0.4251934587955475,0.8087514638900757,-0.18021555244922638,0.7279770374298096,0.38704413175582886,0.7836050987243652,-0.12500466406345367,0.35162249207496643,0.3900080621242523,0.8254159688949585,-0.28172585368156433,0.7675455212593079,0.3501870930194855,0.781499981880188,-0.21886727213859558,0.3483065962791443
0.507796585559845,0.2112594097852707,-0.15622183680534363,0.999991774559021,0.5105971693992615,0.19150644540786743,-0.1519235521554947,0.9999880194664001,0.5139524936676025,0.18962448835372925,-0.15209616720676422,0.9999879002571106,0.5180244445800781,0.18656207621097565,-0.1520525962114334,0.9999919533729553,0.5040553212165833,0.19288858771324158,-0.13869713246822357,0.9999899864196777,0.5029345154762268,0.19213590025901794,-0.13894914090633392,0.99998939037323,0.5014034509658813,0.19088129699230194,-0.13904397189617157,0.9999878406524658,0.5311229228973389,0.1734025776386261,-0.08527956902980804,0.9999890327453613,0.505793571472168,0.18592144548892975,-0.022118527442216873,0.999910295009613,0.5178247094154358,0.2198846936225891,-0.12565377354621887,0.9999743700027466,0.5084397792816162,0.22181205451488495,-0.1092112585902214,0.9999128580093384,0.5680491328239441,0.2493337243795395,-0.06875119358301163,0.9999973177909851,0.49032872915267944,0.2542167007923126,0.0937497541308403,0.9999380707740784,0.5880493521690369,0.3755427300930023,-0.18104176223278046,0.9047061800956726,0.4609791338443756,0.36136093735694885,0.08796004951000214,0.4404335021972656,0.5540662407875061,0.3565438389778137,-0.36854323744773865,0.9508702158927917,0.4115617871284485,0.35496553778648376,-0.07445689290761948,0.744469940662384,0.5430137515068054,0.3584677278995514,-0.4145599901676178,0.9563107490539551,0.3965701162815094,0.3547312021255493,-0.10127589851617813,0.7812066674232483,0.540177047252655,0.3359447717666626,-0.417728453874588,0.9599286317825317,0.3973744809627533,0.33822333812713623,-0.12715069949626923,0.7883642315864563,0.5405093431472778,0.33706724643707275,-0.3725075125694275,0.9349043369293213,0.40458694100379944,0.33937451243400574,-0.09026231616735458,0.759985625743866,0.5382213592529297,0.48141801357269287,-0.05853736400604248,0.9980666041374207,0.4963403344154358,0.47279366850852966,0.058382075279951096,0.9970884919166565,0.47938796877861023,0.5987362265586853,-0.23563314974308014,0.6358834505081177,0.4372161030769348,0.558445155620575,-0.07620275020599365,0.32348528504371643,0.4266692101955414,0.7936341166496277,-0.23978862166404724,0.5418448448181152,0.4175207316875458,0.7621222138404846,-0.007848761975765228,0.1697409451007843,0.43005990982055664,0.828100323677063,-0.2445230633020401,0.6875935792922974,0.42360860109329224,0.7967956066131592,-0.004774143453687429,0.33138519525527954,0.38830557465553284,0.8497791886329651,-0.35146963596343994,0.7445089817047119,0.3822799623012543,0.8072259426116943,-0.0802386924624443,0.32913318276405334
0.5077918767929077,0.21328121423721313,-0.05322692170739174,0.9999924302101135,0.5105211138725281,0.19308923184871674,-0.04929718002676964,0.999988853931427,0.5138925909996033,0.19117110967636108,-0.04943448305130005,0.9999887347221375,0.5178768038749695,0.1880943328142166,-0.049391284584999084,0.9999924898147583,0.5040432214736938,0.194663405418396,-0.03468210622668266,0.999990701675415,0.502918541431427,0.19393210113048553,-0.03492015227675438,0.9999902248382568,0.5013765692710876,0.19278456270694733,-0.034980617463588715,0.9999887943267822,0.5310657024383545,0.1746244877576828,0.00807617511600256,0.999989926815033,0.5057263970375061,0.187656968832016,0.07785940915346146,0.9999184012413025,0.5178490877151489,0.2214076817035675,-0.026142161339521408,0.999976634979248,0.508500337600708,0.2235262393951416,-0.007930689491331577,0.9999209046363831,0.5681586861610413,0.249418243765831,-0.0007184073911048472,0.9999974966049194,0.490749716758728,0.2547535002231598,0.1797555387020111,0.9999427199363708,0.5879628658294678,0.37590083479881287,-0.14029942452907562,0.9139325022697449,0.46107086539268494,0.36161234974861145,0.15445637702941895,0.4691169559955597,0.5542504787445068,0.35704344511032104,-0.3331869840621948,0.9556890726089478,0.41212090849876404,0.3545551896095276,-0.04442779719829559,0.7677633166313171,0.5436113476753235,0.3584767282009125,-0.3712342381477356,0.9604991674423218,0.3969075381755829,0.35478344559669495,-0.08533729612827301,0.8010702133178711,0.5405939817428589,0.33602678775787354,-0.3741861581802368,0.9637781381607056,0.3973933160305023,0.33836236596107483,-0.11402063071727753,0.8077268004417419,0.5407830476760864,0.3372417986392975,-0.33621010184288025,0.9410657286643982,0.4045655131340027,0.33965837955474854,-0.062128547579050064,0.7813274264335632,0.5377066731452942,0.48924848437309265,-0.06091202795505524,0.9982212781906128,0.4962443709373474,0.4829680919647217,0.06076854467391968,0.9973375201225281,0.478007972240448,0.6360934972763062,-0.18188026547431946,0.6541879177093506,0.4391251802444458,0.6097918152809143,-0.0512215830385685,0.34911614656448364,0.4268990159034729,0.8379653096199036,-0.1970357894897461,0.5514622926712036,0.4018050730228424,0.8202505111694336,-0.07427472621202469,0.19794875383377075,0.42588117718696594,0.8770912885665894,-0.20431365072727203,0.6653913855552673,0.4048711657524109,0.8670764565467834,-0.08157559484243393,0.3425290584564209,0.3749545216560364,0.8622075319290161,-0.3153727650642395,0.7435216307640076,0.3660029470920563,0.8499193787574768,-0.1763502061367035,0.3535003364086151
0.507792592048645,0.2157662808895111,-0.05858584865927696,0.9999927282333374,0.5104771256446838,0.19520875811576843,-0.05327126011252403,0.9999890923500061,0.5138562321662903,0.19321493804454803,-0.05342601612210274,0.9999889731407166,0.5178225636482239,0.1902037262916565,-0.053389064967632294,0.9999925494194031,0.5040098428726196,0.1968124657869339,-0.03880130499601364,0.9999908804893494,0.5028805732727051,0.19599762558937073,-0.039050620049238205,0.9999904632568359,0.5013384222984314,0.19484439492225647,-0.03912799432873726,0.9999891519546509,0.5310472249984741,0.17609265446662903,0.010511302389204502,0.9999905228614807,0.5056528449058533,0.18901081383228302,0.07912500202655792,0.9999241828918457,0.5179129242897034,0.22336016595363617,-0.02931489422917366,0.9999783039093018,0.508547842502594,0.22559650242328644,-0.011425386182963848,0.9999270439147949,0.56816166639328,0.24995970726013184,0.005136110354214907,0.999997615814209,0.49109742045402527,0.25518718361854553,0.1853729635477066,0.9999451637268066,0.5879120230674744,0.3757244944572449,-0.13587908446788788,0.9222480058670044,0.4612056016921997,0.3620476722717285,0.15806451439857483,0.4828089475631714,0.5547420382499695,0.35716310143470764,-0.32041141390800476,0.9600199460983276,0.412197470664978,0.3542753756046295,-0.036421019583940506,0.7857833504676819,0.5445469617843628,0.35747644305229187,-0.36467042565345764,0.9642614722251892,0.3969079554080963,0.3548356294631958,-0.06421453505754471,0.8166444301605225,0.5410879254341125,0.3360902667045593,-0.3659340441226959,0.9672348499298096,0.3974691927433014,0.3383199870586395,-0.0931909903883934,0.8230562806129456,0.5410756468772888,0.33785778284072876,-0.32363975048065186,0.9465917348861694,0.4047636389732361,0.3395530879497528,-0.0525999441742897,0.7978134751319885,0.5373181700706482,0.49571624398231506,-0.06282435357570648,0.9983801245689392,0.4945022761821747,0.4900892972946167,0.06267862021923065,0.9975788593292236,0.4783077538013458,0.6470650434494019,-0.1831013709306717,0.6788996458053589,0.4423314034938812,0.6274924278259277,-0.055206019431352615,0.38981443643569946,0.4410005807876587,0.8477460145950317,-0.16917118430137634,0.5756893157958984,0.40888163447380066,0.8463391065597534,-0.05766576528549194,0.24659588932991028,0.44436168670654297,0.8861035704612732,-0.17314733564853668,0.6569560766220093,0.4153238534927368,0.8825761675834656,-0.06248961389064789,0.370939165353775,0.391316294670105,0.9222182035446167,-0.2833207845687866,0.7532461285591125,0.3704802095890045,0.8987892866134644,-0.15853047370910645,0.3937237560749054
0.5078025460243225,0.21791425347328186,-0.0775042474269867,0.9999926686286926,0.5105000734329224,0.19738060235977173,-0.07113339751958847,0.999988853931427,0.5138704180717468,0.195205420255661,-0.07129617780447006,0.9999887347221375,0.5178818106651306,0.1921052783727646,-0.07125616818666458,0.999992311000824,0.5039841532707214,0.19896236062049866,-0.05764465406537056,0.9999905824661255,0.5028496384620667,0.1980806291103363,-0.05789696052670479,0.9999901652336121,0.5013017654418945,0.19687725603580475,-0.05797533690929413,0.9999889135360718,0.5310869216918945,0.17748485505580902,-0.002226111479103565,0.9999908804893494,0.5054720640182495,0.19042256474494934,0.062345683574676514,0.9999276399612427,0.5180626511573792,0.2250746637582779,-0.04643789306282997,0.9999794960021973,0.5085501074790955,0.22735382616519928,-0.029661230742931366,0.9999317526817322,0.5681617259979248,0.25022339820861816,0.0015736388741061091,0.9999976754188538,0.4910992681980133,0.2555277645587921,0.17200946807861328,0.9999457001686096,0.587884783744812,0.3746277987957001,-0.13230662047863007,0.9297117590904236,0.46149128675460815,0.3623425364494324,0.1527392417192459,0.49358052015304565,0.5549952387809753,0.3574164807796478,-0.32147499918937683,0.9639263153076172,0.4121902883052826,0.3536303639411926,-0.04332518205046654,0.8003749847412109,0.5447680950164795,0.35697096586227417,-0.3687915802001953,0.9676587581634521,0.39687761664390564,0.354571670293808,-0.07374601066112518,0.8294296264648438,0.541469931602478,0.33609646558761597,-0.3707645833492279,0.9703559279441833,0.3975186049938202,0.337647020816803,-0.09788809716701508,0.8357790112495422,0.5414503216743469,0.33813387155532837,-0.32528388500213623,0.9515883922576904,0.4047872722148895,0.33813828229904175,-0.05942533165216446,0.8111926317214966,0.5370169878005981,0.4987441897392273,-0.06213395297527313,0.9985246658325195,0.4932980239391327,0.4927975833415985,0.06196999177336693,0.9977951645851135,0.4818914830684662,0.6514233350753784,-0.20019668340682983,0.7061381340026855,0.4497434198856354,0.6388233304023743,-0.04244602099061012,0.43164417147636414,0.4535808265209198,0.8708003759384155,-0.17828497290611267,0.6093615889549255,0.42682787775993347,0.8538393378257751,-0.02256014756858349,0.30208152532577515,0.4568551480770111,0.9085959196090698,-0.18149390816688538,0.6650416254997253,0.42915451526641846,0.9009124636650085,-0.02551424317061901,0.4022790789604187,0.4075811505317688,0.9215754866600037,-0.30280888080596924,0.7713496088981628,0.39062032103538513,0.918062686920166,-0.1310638189315796,0.43915048241615295
0.5080927610397339,0.2200026959180832,-0.0744045302271843,0.9999926686286926,0.5106814503669739,0.19949565827846527,-0.06824418902397156,0.9999887943267822,0.5140732526779175,0.19692601263523102,-0.06840881705284119,0.9999886751174927,0.5181853771209717,0.1937282532453537,-0.06837598234415054,0.9999921917915344,0.503985583782196,0.20100514590740204,-0.05474035441875458,0.9999904632568359,0.5028440952301025,0.20001307129859924,-0.054994504898786545,0.9999900460243225,0.5012990832328796,0.19887800514698029,-0.05507897213101387,0.999988853931427,0.5311208367347717,0.17852412164211273,0.0034141717478632927,0.9999912977218628,0.5054024457931519,0.19196029007434845,0.06747271120548248,0.9999314546585083,0.5188149213790894,0.22649358212947845,-0.04182535782456398,0.9999806880950928,0.5087980628013611,0.22874589264392853,-0.02532046101987362,0.9999364018440247,0.568175196647644,0.25037744641304016,0.006168191321194172,0.9999977350234985,0.49117234349250793,0.2555249333381653,0.17984060943126678,0.9999462962150574,0.588297426700592,0.3745901584625244,-0.12404380738735199,0.9365535378456116,0.46176081895828247,0.36228373646736145,0.14884217083454132,0.512048602104187,0.5552365183830261,0.35770347714424133,-0.31959444284439087,0.9674795866012573,0.4123747944831848,0.3527446687221527,-0.05819837749004364,0.8159891963005066,0.5446751713752747,0.356938898563385,-0.3677878677845001,0.9707842469215393,0.39688435196876526,0.3545297682285309,-0.09241501986980438,0.8429919481277466,0.5414679050445557,0.3361027240753174,-0.37067800760269165,0.9732245206832886,0.3976063132286072,0.3375309109687805,-0.1149401143193245,0.8490628600120544,0.5414902567863464,0.3382234275341034,-0.32377755641937256,0.9562134146690369,0.4049067795276642,0.3375384509563446,-0.07447250932455063,0.8255949020385742,0.536737859249115,0.5042624473571777,-0.062493521720170975,0.9986554384231567,0.4913185238838196,0.4979415833950043,0.06234167888760567,0.9979919791221619,0.4867473542690277,0.6694414615631104,-0.19138404726982117,0.7317011952400208,0.45179855823516846,0.659322202205658,-0.04066460207104683,0.4750473201274872,0.46617263555526733,0.8817523121833801,-0.17990818619728088,0.6400498151779175,0.44626691937446594,0.8846744894981384,-0.05510436370968819,0.3551332354545593,0.4713361859321594,0.9233897924423218,-0.18474750220775604,0.6723846793174744,0.45432889461517334,0.9188734889030457,-0.06194032356142998,0.4369257390499115,0.42206764221191406,0.9423441886901855,-0.306913286447525,0.7873945236206055,0.4129921495914459,0.9417039752006531,-0.1705089658498764,0.4822743535041809
0.5086902976036072,0.221491739153862,-0.12476798892021179,0.9999908208847046,0.5110911726951599,0.2010473757982254,-0.11967775970697403,0.9999857544898987,0.5147140622138977,0.1980734020471573,-0.11990837007761002,0.9999856948852539,0.5188025832176208,0.19485682249069214,-0.1198815405368805,0.9999900460243225,0.5041083097457886,0.20290431380271912,-0.10683135688304901,0.9999871850013733,0.5028604865074158,0.20176978409290314,-0.10707782208919525,0.9999867081642151,0.5013250708580017,0.2007060945034027,-0.10716482996940613,0.9999856352806091,0.5312607884407043,0.1796610802412033,-0.048344649374485016,0.9999903440475464,0.505395233631134,0.19376254081726074,0.012878700159490108,0.9999234676361084,0.5199937224388123,0.2276572287082672,-0.09209014475345612,0.9999802112579346,0.5092980861663818,0.23005709052085876,-0.0765005424618721,0.9999370574951172,0.5682071447372437,0.2503925561904907,-0.035581376403570175,0.9999977350234985,0.4914538264274597,0.2558002471923828,0.1275811791419983,0.9999467134475708,0.5886706113815308,0.37378010153770447,-0.1482587456703186,0.9425334930419922,0.4621944725513458,0.36275652050971985,0.09372739493846893,0.5302551984786987,0.5562486052513123,0.3583245873451233,-0.34986111521720886,0.9706782102584839,0.41292113065719604,0.3528483510017395,-0.1112547442317009,0.8321099281311035,0.5460123419761658,0.35695064067840576,-0.4015626609325409,0.9736101627349854,0.3977999687194824,0.3544808328151703,-0.1480569839477539,0.8568918108940125,0.5426668524742126,0.3365252614021301,-0.40682560205459595,0.9758172631263733,0.39872947335243225,0.3374592661857605,-0.1746188849210739,0.862602174282074,0.5428613424301147,0.33944159746170044,-0.35529422760009766,0.9603948593139648,0.4057006239891052,0.33754071593284607,-0.12927275896072388,0.8407117128372192,0.5366159081459045,0.5064526200294495,-0.05923416465520859,0.9987802505493164,0.4912048280239105,0.5013006925582886,0.059090983122587204,0.9981788992881775,0.506371259689331,0.6961488723754883,-0.13561882078647614,0.7460722923278809,0.46310967206954956,0.6734051704406738,0.0004277350672055036,0.5024585723876953,0.49251803755760193,0.8547351360321045,-0.029098201543092728,0.6548964977264404,0.4627467393875122,0.8725554943084717,0.07480764389038086,0.3962893486022949,0.5009018778800964,0.8775734305381775,-0.023764384910464287,0.6564836502075195,0.4724847078323364,0.9010041952133179,0.07795189321041107,0.45353373885154724,0.4658028185367584,0.9421367049217224,-0.12335605919361115,0.7932177782058716,0.4310699701309204,0.939808189868927,-0.014237318187952042,0.5154561996459961
0.5093016624450684,0.22265803813934326,-0.16501973569393158,0.9999842047691345,0.5115810632705688,0.20204780995845795,-0.15938107669353485,0.9999752640724182,0.5155516266822815,0.19880978763103485,-0.15962481498718262,0.999975860118866,0.5194171071052551,0.19560913741588593,-0.1595901995897293,0.9999828934669495,0.5044630765914917,0.20397566258907318,-0.14798270165920258,0.9999756217002869,0.5029471516609192,0.2027609795331955,-0.14823965728282928,0.9999750256538391,0.5013871788978577,0.20172858238220215,-0.14834661781787872,0.9999740719795227,0.5315907001495361,0.1805311143398285,-0.08289783447980881,0.9999858736991882,0.5053955316543579,0.19483718276023865,-0.028629161417484283,0.9998881220817566,0.5209559798240662,0.22853727638721466,-0.1304284930229187,0.9999762177467346,0.5096595883369446,0.2315235137939453,-0.11686208099126816,0.9999296069145203,0.5684937834739685,0.2505725622177124,-0.055610790848731995,0.9999975562095642,0.4914621412754059,0.2567605972290039,0.08546578139066696,0.9999440312385559,0.5890568494796753,0.37684351205825806,-0.16012856364250183,0.9477746486663818,0.46230119466781616,0.3632136583328247,0.061273764818906784,0.5474646091461182,0.556402325630188,0.3584902882575989,-0.361289918422699,0.9735289216041565,0.41334646940231323,0.3529249131679535,-0.12839195132255554,0.8453212380409241,0.5458391904830933,0.35673701763153076,-0.4101426899433136,0.9761071801185608,0.3982015550136566,0.3543805181980133,-0.16358377039432526,0.8681315183639526,0.542652428150177,0.3365064561367035,-0.4151097536087036,0.9781062006950378,0.39951589703559875,0.33727195858955383,-0.18954138457775116,0.8736668825149536,0.543123185634613,0.33945396542549133,-0.3661481738090515,0.9640598297119141,0.40647247433662415,0.33754783868789673,-0.14569075405597687,0.8529877066612244,0.5368085503578186,0.509250819683075,-0.04764695465564728,0.9988918900489807,0.49129217863082886,0.5047340393066406,0.047503698617219925,0.9983469843864441,0.514383852481842,0.6821334958076477,-0.10176750272512436,0.7597663402557373,0.4668673574924469,0.6772654056549072,-0.020520057529211044,0.5389205813407898,0.5099461674690247,0.8489097356796265,0.03877446427941322,0.6727324724197388,0.47922518849372864,0.8607819676399231,0.09623001515865326,0.4407377541065216,0.520383894443512,0.872641384601593,0.04776480048894882,0.6407222151756287,0.48839589953422546,0.8770233392715454,0.1044328585267067,0.46918874979019165,0.490486204624176,0.9343619346618652,-0.04852477088570595,0.8001870512962341,0.4573027789592743,0.9378178119659424,0.014936250634491444,0.5490028262138367
0.5096430778503418,0.22263185679912567,-0.13777892291545868,0.9999831914901733,0.5119519829750061,0.20196542143821716,-0.13161258399486542,0.9999737739562988,0.5161816477775574,0.19880643486976624,-0.13181844353675842,0.9999744892120361,0.5198685526847839,0.19563691318035126,-0.13178199529647827,0.9999817609786987,0.5046297311782837,0.20410017669200897,-0.1193317249417305,0.9999737739562988,0.5029715895652771,0.20303121209144592,-0.11958622187376022,0.9999730587005615,0.5013998746871948,0.20218327641487122,-0.11967864632606506,0.9999721050262451,0.5318392515182495,0.1809348613023758,-0.05781209468841553,0.9999852776527405,0.5054055452346802,0.1955569088459015,0.000655385956633836,0.9998838901519775,0.5214735269546509,0.22855988144874573,-0.10458453744649887,0.9999758005142212,0.5098238587379456,0.23187822103500366,-0.08966279774904251,0.9999300837516785,0.5685399174690247,0.2506624162197113,-0.03944941982626915,0.9999974966049194,0.4917178750038147,0.2570350766181946,0.11214251071214676,0.9999425411224365,0.5891755819320679,0.37504300475120544,-0.14965595304965973,0.9526383280754089,0.46258947253227234,0.3638436496257782,0.08528757840394974,0.5649256110191345,0.5571997761726379,0.3584601581096649,-0.3460668623447418,0.976125955581665,0.4140933156013489,0.3527489900588989,-0.11085619032382965,0.8581191897392273,0.5473098158836365,0.3566036522388458,-0.3948480784893036,0.9784093499183655,0.3983883261680603,0.35298195481300354,-0.14699618518352509,0.8790978789329529,0.5432630777359009,0.3367703855037689,-0.3998661935329437,0.9802186489105225,0.40003272891044617,0.33609384298324585,-0.17250744998455048,0.8843915462493896,0.5435733199119568,0.3398701846599579,-0.35095736384391785,0.9674798250198364,0.4071796238422394,0.3370245099067688,-0.1283598691225052,0.8650007843971252,0.5372973680496216,0.5081074833869934,-0.049204979091882706,0.9989920258522034,0.49202674627304077,0.505275309085846,0.049047648906707764,0.9984962344169617,0.5136507153511047,0.6845112442970276,-0.10923119634389877,0.7721714973449707,0.47054287791252136,0.6778630614280701,-0.0023363179061561823,0.5647908449172974,0.5166272521018982,0.8531332612037659,0.008419601246714592,0.6873136758804321,0.49082639813423157,0.8640222549438477,0.10732737183570862,0.4715155065059662,0.5260013937950134,0.8717834949493408,0.015174433588981628,0.6255828142166138,0.5003318190574646,0.8793935775756836,0.11468126624822617,0.47775593400001526,0.4894706904888153,0.9428259134292603,-0.08115153759717941,0.8062013983726501,0.47123444080352783,0.9435332417488098,0.03177926316857338,0.5734654664993286
0.5098084807395935,0.22284556925296783,-0.1321772038936615,0.999981164932251,0.5121518969535828,0.2021757960319519,-0.12588979303836823,0.9999710917472839,0.5165420174598694,0.1990068107843399,-0.12610523402690887,0.9999718070030212,0.5202157497406006,0.19575022161006927,-0.12606410682201385,0.9999797344207764,0.504731297492981,0.20444218814373016,-0.11314850300550461,0.9999707341194153,0.5029910206794739,0.2034158557653427,-0.113397978246212,0.9999698400497437,0.5014094114303589,0.20264047384262085,-0.11348821222782135,0.999968945980072,0.5321133732795715,0.18124637007713318,-0.051215458661317825,0.9999840259552002,0.5054065585136414,0.19590388238430023,0.00877381768077612,0.9998751282691956,0.5218137502670288,0.22879543900489807,-0.0986122190952301,0.9999740719795227,0.5099391341209412,0.23243248462677002,-0.08328412473201752,0.9999279379844666,0.5685386657714844,0.2507922053337097,-0.03552161157131195,0.9999973177909851,0.4917505383491516,0.25739386677742004,0.12000934034585953,0.9999396800994873,0.5892866849899292,0.3735068440437317,-0.14727173745632172,0.9570550918579102,0.4627250134944916,0.36447182297706604,0.08975626528263092,0.580639660358429,0.5574203729629517,0.3583010137081146,-0.346445232629776,0.9784533381462097,0.41471055150032043,0.35143324732780457,-0.1122850850224495,0.8695929646492004,0.547217071056366,0.3562144935131073,-0.39519450068473816,0.980459451675415,0.3986167907714844,0.35192638635635376,-0.14905786514282227,0.8889070749282837,0.5434607863426208,0.3359861671924591,-0.3998521864414215,0.9820988178253174,0.40072932839393616,0.3353109061717987,-0.1741064339876175,0.8939825892448425,0.5437414646148682,0.3394428789615631,-0.35116419196128845,0.9705147743225098,0.40801531076431274,0.3364742696285248,-0.12982410192489624,0.8757767081260681,0.536704957485199,0.5115625858306885,-0.04970795661211014,0.9990820288658142,0.4918641149997711,0.5092074275016785,0.04955552518367767,0.9986303448677063,0.5164831280708313,0.6970717310905457,-0.10918644070625305,0.7878925204277039,0.47536009550094604,0.6876967549324036,-0.011574913747608662,0.5937662720680237,0.5204779505729675,0.867345929145813,-0.009573828428983688,0.711243748664856,0.49824562668800354,0.8691514730453491,0.09851016849279404,0.5080193281173706,0.5303682684898376,0.8853976726531982,-0.005197948310524225,0.6310950517654419,0.5090221762657166,0.8848792910575867,0.10577388852834702,0.49548423290252686,0.4958206117153168,0.9498149752616882,-0.1161365881562233,0.8197062015533447,0.4802309572696686,0.9563875794410706,0.013722273521125317,0.6029439568519592
0.5100563764572144,0.22362956404685974,-0.14860229194164276,0.9999791383743286,0.5123704671859741,0.20278170704841614,-0.14182442426681519,0.9999679327011108,0.5169017910957336,0.1995677351951599,-0.14205145835876465,0.999968945980072,0.5204876065254211,0.19622759521007538,-0.1420043259859085,0.9999772906303406,0.5048229098320007,0.20513741672039032,-0.13047084212303162,0.9999672174453735,0.5029992461204529,0.20411330461502075,-0.13073478639125824,0.9999664425849915,0.5014104247093201,0.2033953219652176,-0.13083574175834656,0.9999655485153198,0.5322468876838684,0.18195490539073944,-0.06381858885288239,0.9999822378158569,0.5053977370262146,0.19673092663288116,-0.010001949034631252,0.999866247177124,0.5221320986747742,0.2296781837940216,-0.11360451579093933,0.9999717473983765,0.5100688338279724,0.23328442871570587,-0.10019031912088394,0.999924898147583,0.568455159664154,0.2508027255535126,-0.04362683743238449,0.999997079372406,0.4917256236076355,0.25808292627334595,0.10498213022947311,0.9999367594718933,0.5896927714347839,0.3719300329685211,-0.15207336843013763,0.9610158801078796,0.46271008253097534,0.3649328649044037,0.09303224086761475,0.6016933917999268,0.5580283999443054,0.3569652736186981,-0.35668760538101196,0.9805351495742798,0.41461947560310364,0.35138675570487976,-0.055513475090265274,0.8806235194206238,0.5481289625167847,0.35531166195869446,-0.4047796130180359,0.9822869300842285,0.3983747363090515,0.35112643241882324,-0.08362599462270737,0.8981154561042786,0.5440876483917236,0.3352731168270111,-0.4086202085018158,0.9837754368782043,0.4006986916065216,0.33498990535736084,-0.11178668588399887,0.9029490351676941,0.5444314479827881,0.33900678157806396,-0.36120423674583435,0.9732224941253662,0.40794214606285095,0.3364159166812897,-0.07267747819423676,0.8860228061676025,0.5366911292076111,0.5112397074699402,-0.04730488732457161,0.999163806438446,0.49228379130363464,0.5104238986968994,0.047162316739559174,0.9987531900405884,0.5197935700416565,0.6980348229408264,-0.10371676087379456,0.8029087781906128,0.4795728325843811,0.6869581341743469,-0.027677757665514946,0.6262723207473755,0.527012288570404,0.8643549084663391,0.00936797820031643,0.7324911952018738,0.5057443976402283,0.8635039329528809,0.07581839710474014,0.544558584690094,0.5361377596855164,0.8812693953514099,0.015917416661977768,0.6381096243858337,0.5156282186508179,0.8793115019798279,0.0832512378692627,0.5149791836738586,0.5068202018737793,0.9490809440612793,-0.08337747305631638,0.8314179182052612,0.49223074316978455,0.9506081938743591,-0.004015936050564051,0.6314418315887451
0.5101308226585388,0.2240179032087326,-0.14412298798561096,0.9999772310256958,0.5124997496604919,0.20335173606872559,-0.1372644156217575,0.999965250492096,0.517142117023468,0.20021766424179077,-0.13749828934669495,0.9999666213989258,0.5206614136695862,0.1969127357006073,-0.13745395839214325,0.9999753832817078,0.5048609972000122,0.205592542886734,-0.1257753074169159,0.9999638199806213,0.5030004382133484,0.2045736163854599,-0.1260325163602829,0.9999631643295288,0.5014019012451172,0.2038819044828415,-0.12612836062908173,0.9999620914459229,0.5324088335037231,0.18279343843460083,-0.05933138355612755,0.999981164932251,0.5053711533546448,0.1974184811115265,-0.004897692706435919,0.9998564124107361,0.5222667455673218,0.23047569394111633,-0.10922466218471527,0.9999701976776123,0.5100775361061096,0.23368117213249207,-0.09566089510917664,0.9999225735664368,0.5682805776596069,0.25089097023010254,-0.0402081236243248,0.9999969601631165,0.49158695340156555,0.2591577470302582,0.10805477201938629,0.9999334216117859,0.5901888608932495,0.3712754249572754,-0.14859162271022797,0.9646726250648499,0.4626837968826294,0.3656839430332184,0.09255669265985489,0.620847761631012,0.5581234097480774,0.3565087914466858,-0.35026493668556213,0.9824346899986267,0.41453438997268677,0.3514118194580078,-0.08250851929187775,0.8901067972183228,0.5484092831611633,0.35439711809158325,-0.39838775992393494,0.9839736819267273,0.39821764826774597,0.3511848449707031,-0.11544898897409439,0.9061803817749023,0.544097900390625,0.3349389135837555,-0.4025638699531555,0.9853222966194153,0.40065497159957886,0.3350316882133484,-0.14212767779827118,0.9108268022537231,0.5443755984306335,0.3389469087123871,-0.3548720180988312,0.9757396578788757,0.4079013168811798,0.33644139766693115,-0.10000073164701462,0.8950027823448181,0.5366756319999695,0.5143115520477295,-0.045773666352033615,0.9992400407791138,0.49232807755470276,0.5132168531417847,0.04564465209841728,0.9988667368888855,0.522607684135437,0.7003439664840698,-0.08955065906047821,0.818517804145813,0.4828180968761444,0.6934072375297546,-0.005944901145994663,0.6570660471916199,0.5330782532691956,0.8597287535667419,0.045632779598236084,0.7533345222473145,0.5094925761222839,0.861461877822876,0.11825468391180038,0.580576479434967,0.5429508686065674,0.8744692206382751,0.054444555193185806,0.648007869720459,0.518259584903717,0.8765888810157776,0.1272154450416565,0.5358735918998718,0.5146358609199524,0.9451292157173157,-0.045009393244981766,0.8435593247413635,0.4960898160934448,0.9516966938972473,0.03832956776022911,0.659744143486023
0.5104256272315979,0.22438815236091614,-0.13982580602169037,0.9999746680259705,0.5127644538879395,0.20384564995765686,-0.13277405500411987,0.9999616742134094,0.5175127387046814,0.2007046639919281,-0.13300876319408417,0.9999635815620422,0.5209009051322937,0.1972648799419403,-0.13296662271022797,0.9999728798866272,0.5050503015518188,0.2062786966562271,-0.12131645530462265,0.9999593496322632,0.5030385255813599,0.20531031489372253,-0.12157528847455978,0.9999589323997498,0.501402735710144,0.20463091135025024,-0.12167380750179291,0.9999575614929199,0.5324159860610962,0.18326732516288757,-0.05535927787423134,0.9999797940254211,0.5053549408912659,0.19762103259563446,-0.0009265053668059409,0.9998444318771362,0.522426426410675,0.2308836579322815,-0.10515395551919937,0.9999681115150452,0.510158121585846,0.23423677682876587,-0.09164607524871826,0.9999191761016846,0.5680182576179504,0.250905841588974,-0.03802017122507095,0.9999967813491821,0.4913705885410309,0.2600056529045105,0.11184852570295334,0.9999296069145203,0.5903940796852112,0.3695959150791168,-0.1465463936328888,0.967956006526947,0.46266618371009827,0.3659864664077759,0.09508391469717026,0.640468418598175,0.5581215023994446,0.3562350571155548,-0.34951478242874146,0.9841422438621521,0.4143923819065094,0.3515389859676361,-0.0743570476770401,0.8991286158561707,0.5482682585716248,0.35441744327545166,-0.3974727690219879,0.9854915738105774,0.39807695150375366,0.3508951961994171,-0.10590855032205582,0.9138055443763733,0.5440990924835205,0.33493509888648987,-0.4017065763473511,0.9867139458656311,0.40062788128852844,0.33505213260650635,-0.1327657550573349,0.9182263612747192,0.5444788336753845,0.33885645866394043,-0.3541692793369293,0.9780059456825256,0.40787747502326965,0.3365045189857483,-0.09176353365182877,0.9035134315490723,0.5366153120994568,0.5149624943733215,-0.04604656994342804,0.9993096590042114,0.4924328625202179,0.5145783424377441,0.04591264948248863,0.9989708065986633,0.5222620368003845,0.7026909589767456,-0.09170934557914734,0.8335483074188232,0.4840668737888336,0.6949437856674194,-0.009342143312096596,0.6871049404144287,0.5370568633079529,0.8549986481666565,0.05946368724107742,0.7721205353736877,0.5124310851097107,0.8583625555038452,0.11438394337892532,0.6151789426803589,0.5470072627067566,0.8673949241638184,0.07065662741661072,0.6572564244270325,0.5216079950332642,0.873810887336731,0.12388604134321213,0.5601181387901306,0.518623948097229,0.9399541616439819,-0.016927069053053856,0.8540881276130676,0.4984169602394104,0.9515368342399597,0.04295996204018593,0.686592698097229
0.5106526017189026,0.2246239334344864,-0.13800403475761414,0.9999715089797974,0.5129168629646301,0.2042931318283081,-0.13112518191337585,0.9999569058418274,0.5176880359649658,0.20121647417545319,-0.1313580423593521,0.999959409236908,0.5210379958152771,0.19766031205654144,-0.13131290674209595,0.9999694228172302,0.505243182182312,0.2068515568971634,-0.11986302584409714,0.9999539852142334,0.5031151175498962,0.20593975484371185,-0.12012674659490585,0.9999538660049438,0.5014161467552185,0.2052733600139618,-0.12023035436868668,0.9999525547027588,0.5324212908744812,0.18370413780212402,-0.05513729900121689,0.9999775290489197,0.5053589940071106,0.19794785976409912,-0.0022585734259337187,0.9998315572738647,0.5225426554679871,0.23127278685569763,-0.10388868302106857,0.9999648332595825,0.5102902054786682,0.2346944361925125,-0.09066474437713623,0.99991375207901,0.5677449107170105,0.251168429851532,-0.039260849356651306,0.999996542930603,0.4913440942764282,0.26028215885162354,0.11010327190160751,0.9999261498451233,0.5913991332054138,0.3692392110824585,-0.14553047716617584,0.9708402156829834,0.46266183257102966,0.3661970794200897,0.10936897248029709,0.6578211188316345,0.5581055283546448,0.3560333549976349,-0.34641551971435547,0.9856547117233276,0.4141269028186798,0.35200217366218567,-0.03557467460632324,0.9073539972305298,0.5482308864593506,0.3540797829627991,-0.3946778476238251,0.9868178963661194,0.397880494594574,0.35032129287719727,-0.06225774064660072,0.9206587076187134,0.5440715551376343,0.33462974429130554,-0.4001503884792328,0.9879303574562073,0.40060585737228394,0.33496206998825073,-0.08847737312316895,0.9248780608177185,0.5444415807723999,0.3386722505092621,-0.3511647880077362,0.9799728393554688,0.40785494446754456,0.3366825580596924,-0.05175597593188286,0.9111508131027222,0.5365914106369019,0.5161033868789673,-0.04659780487418175,0.9993696212768555,0.49249836802482605,0.5156087279319763,0.04645825922489166,0.999061107635498,0.5214728116989136,0.703728199005127,-0.09824641048908234,0.8451676964759827,0.48507609963417053,0.6970140933990479,-0.005731628742069006,0.7102918028831482,0.5358918309211731,0.8605163097381592,0.03437962383031845,0.7867189645767212,0.5128071904182434,0.8579539060592651,0.11530683189630508,0.6400046944618225,0.5456939935684204,0.8724381327629089,0.04381580650806427,0.6626044511795044,0.5220687985420227,0.8714239597320557,0.12468913942575455,0.5737490057945251,0.5168801546096802,0.9448906779289246,-0.044422876089811325,0.8617286086082458,0.49994656443595886,0.9501054286956787,0.0470186285674572,0.7056410312652588
0.5106492638587952,0.22453297674655914,-0.1363133043050766,0.9999673962593079,0.5129181742668152,0.2043805569410324,-0.12958213686943054,0.9999507069587708,0.5176776647567749,0.20136268436908722,-0.12981264293193817,0.9999539852142334,0.521040678024292,0.19777773320674896,-0.1297684758901596,0.9999650120735168,0.5052626132965088,0.2069648653268814,-0.11808685213327408,0.9999470710754395,0.503119707107544,0.20615580677986145,-0.1183483749628067,0.9999473690986633,0.5014167428016663,0.20555837452411652,-0.11845017969608307,0.999945878982544,0.5323693752288818,0.18424898386001587,-0.05534818395972252,0.9999749660491943,0.5053848624229431,0.198053240776062,-0.0007971374434418976,0.9998141527175903,0.5225260853767395,0.23142839968204498,-0.1025073453783989,0.9999616742134094,0.5102885365486145,0.23476122319698334,-0.08891358971595764,0.9999074339866638,0.5675039291381836,0.2511848509311676,-0.042241089046001434,0.9999963641166687,0.49134352803230286,0.2606368660926819,0.1108141615986824,0.9999228119850159,0.5918608903884888,0.36816227436065674,-0.1495702862739563,0.9734129309654236,0.46265366673469543,0.3661954402923584,0.09975491464138031,0.6695026159286499,0.5580613613128662,0.35563385486602783,-0.34820276498794556,0.9870105981826782,0.41410166025161743,0.3520367443561554,-0.07300615310668945,0.9142838716506958,0.5481335520744324,0.3534362018108368,-0.3959081470966339,0.9880053997039795,0.3978814482688904,0.34993961453437805,-0.10445850342512131,0.9266172051429749,0.544039785861969,0.3340384364128113,-0.4000381529331207,0.989020586013794,0.4007279574871063,0.33475756645202637,-0.1300719827413559,0.9306747317314148,0.5444117784500122,0.33797842264175415,-0.35256463289260864,0.9817315936088562,0.4079677164554596,0.3366988003253937,-0.08991624414920807,0.9177298545837402,0.5365699529647827,0.516559898853302,-0.04669538512825966,0.9994251132011414,0.4929097294807434,0.5153406858444214,0.04654266685247421,0.9991442561149597,0.5200955271720886,0.7045665979385376,-0.09907291829586029,0.8567628264427185,0.484443336725235,0.6962208151817322,-0.0004938627826049924,0.7326757907867432,0.5326082110404968,0.8637142777442932,0.031564634293317795,0.8024004101753235,0.5099140405654907,0.8570024967193604,0.12099262326955795,0.6662723422050476,0.5427767038345337,0.8770816326141357,0.04045925661921501,0.6711483597755432,0.5209062695503235,0.8715400695800781,0.13016411662101746,0.5902855396270752,0.5125712156295776,0.9461236596107483,-0.052174076437950134,0.8708343505859375,0.4977157413959503,0.9475927352905273,0.04970467463135719,0.726219892501831
0.5104981064796448,0.22444595396518707,-0.1274377554655075,0.999957799911499,0.5128768682479858,0.20452916622161865,-0.12155405431985855,0.9999357461929321,0.5176202058792114,0.20153681933879852,-0.12179156392812729,0.9999412298202515,0.5209925174713135,0.19795416295528412,-0.12175612151622772,0.9999545812606812,0.5052498579025269,0.2069700062274933,-0.11011645197868347,0.9999303221702576,0.5031061768531799,0.20619940757751465,-0.11038502305746078,0.9999318718910217,0.5014029145240784,0.20561744272708893,-0.11050433665513992,0.9999297261238098,0.5321123003959656,0.18452385067939758,-0.05033646151423454,0.9999697208404541,0.5054231286048889,0.19798603653907776,0.003480130573734641,0.9997764229774475,0.5219934582710266,0.23140455782413483,-0.09480734914541245,0.9999549984931946,0.5101333856582642,0.2346791923046112,-0.0813603401184082,0.9998934864997864,0.5673048496246338,0.2511717677116394,-0.03973061218857765,0.9999960660934448,0.4913141131401062,0.26061737537384033,0.11387699097394943,0.9999180436134338,0.5919605493545532,0.36749783158302307,-0.14403653144836426,0.975757360458374,0.46265125274658203,0.36606377363204956,0.10449624806642532,0.6800163984298706,0.5580432415008545,0.3555861711502075,-0.3406175673007965,0.9882391691207886,0.41438525915145874,0.3519588112831116,-0.0678788349032402,0.9205702543258667,0.5481016039848328,0.3534500300884247,-0.38728728890419006,0.9890807867050171,0.39804932475090027,0.34992802143096924,-0.09926033765077591,0.9319446086883545,0.5440137386322021,0.33396807312965393,-0.3914014399051666,0.9900076389312744,0.4008813202381134,0.33477357029914856,-0.1244659423828125,0.9358732104301453,0.5444031953811646,0.33763259649276733,-0.3449135422706604,0.9833277463912964,0.40817633271217346,0.33677759766578674,-0.08456562459468842,0.9236242771148682,0.5365945100784302,0.5157375335693359,-0.047027621418237686,0.999467670917511,0.49294722080230713,0.514762282371521,0.046882133930921555,0.9992084503173828,0.5203574299812317,0.7029668092727661,-0.10390365868806839,0.8648776412010193,0.4835094213485718,0.6966903209686279,0.000908508023712784,0.7477564215660095,0.5316441059112549,0.8687616586685181,0.01187177188694477,0.8112723231315613,0.5094469785690308,0.865867555141449,0.10694608092308044,0.6808933019638062,0.5417826771736145,0.8838239908218384,0.019083457067608833,0.66632080078125,0.5204495191574097,0.8814689517021179,0.11428967863321304,0.5927237868309021,0.5079074501991272,0.9512819647789001,-0.07562266290187836,0.8744115233421326,0.49391230940818787,0.9560791850090027,0.031920209527015686,0.7368456721305847
0.5101693272590637,0.22437623143196106,-0.12749889492988586,0.9999523758888245,0.5126749277114868,0.20450285077095032,-0.12157116830348969,0.9999268651008606,0.5173041820526123,0.2015124410390854,-0.12180843949317932,0.9999336004257202,0.5208277702331543,0.1979210525751114,-0.12177376449108124,0.9999482035636902,0.5050185322761536,0.206896111369133,-0.11007671058177948,0.999920666217804,0.502928614616394,0.206157848238945,-0.11034470051527023,0.9999231100082397,0.5012632012367249,0.2056054174900055,-0.11046343296766281,0.9999203681945801,0.5317543745040894,0.18455009162425995,-0.05016344040632248,0.9999666810035706,0.5053115487098694,0.1979384869337082,0.003918149042874575,0.9997548460960388,0.5214539170265198,0.23134678602218628,-0.09472905099391937,0.9999511241912842,0.5098655223846436,0.23460258543491364,-0.0811859667301178,0.999885618686676,0.5671946406364441,0.25118061900138855,-0.03963075950741768,0.9999958872795105,0.4910375475883484,0.2599238455295563,0.11950786411762238,0.9999157786369324,0.5919800400733948,0.36740684509277344,-0.14761002361774445,0.9778931736946106,0.4625740647315979,0.36554795503616333,0.10452205687761307,0.6879134178161621,0.5579684376716614,0.3556477427482605,-0.34633877873420715,0.989346444606781,0.41443678736686707,0.35172370076179504,-0.07368078827857971,0.9263107776641846,0.5477917194366455,0.35438352823257446,-0.3942274749279022,0.9900527596473694,0.3981228172779083,0.3499109148979187,-0.10586147755384445,0.9369266629219055,0.5440006256103516,0.334107369184494,-0.39794379472732544,0.9908991456031799,0.40087252855300903,0.33478689193725586,-0.13105742633342743,0.9406948089599609,0.5443868041038513,0.33759805560112,-0.35061556100845337,0.9847685098648071,0.4081634283065796,0.336794912815094,-0.09051748365163803,0.9290768504142761,0.5367745161056519,0.5158349275588989,-0.05148659646511078,0.9995105862617493,0.49298444390296936,0.5153585076332092,0.05134895071387291,0.9992738962173462,0.519501805305481,0.7035903334617615,-0.10855213552713394,0.8737475872039795,0.48309215903282166,0.6982559561729431,-0.0033634742721915245,0.765484631061554,0.5294433832168579,0.8640894293785095,0.018305975943803787,0.8189553618431091,0.5075786709785461,0.8757693767547607,0.09235724061727524,0.7016052603721619,0.5402924418449402,0.8798859715461731,0.02776438742876053,0.6636847257614136,0.5182462930679321,0.8934865593910217,0.09964525699615479,0.6077005863189697,0.5059933662414551,0.9500734806060791,-0.056077759712934494,0.8773376941680908,0.48832160234451294,0.9611145853996277,0.01387250330299139,0.7524890303611755
0.5098898410797119,0.22430233657360077,-0.13375231623649597,0.9999514818191528,0.5124123692512512,0.20446354150772095,-0.12716326117515564,0.9999253153800964,0.5168736577033997,0.2014804184436798,-0.12740576267242432,0.9999322891235352,0.5206111073493958,0.19789397716522217,-0.12737292051315308,0.9999471306800842,0.504685640335083,0.20683816075325012,-0.11572704464197159,0.9999188184738159,0.5026613473892212,0.2060992270708084,-0.11599437147378922,0.9999213218688965,0.5010432004928589,0.20558355748653412,-0.11610927432775497,0.9999182820320129,0.5315064787864685,0.18472766876220703,-0.05226917937397957,0.9999661445617676,0.5050182938575745,0.19786489009857178,0.0018100249581038952,0.9997491836547852,0.5209837555885315,0.23130856454372406,-0.0997801274061203,0.9999505877494812,0.5096315145492554,0.23455208539962769,-0.08638577163219452,0.9998847842216492,0.567116916179657,0.25125202536582947,-0.0408019982278347,0.9999958276748657,0.4906856119632721,0.2599136233329773,0.1188967302441597,0.9999149441719055,0.5919727683067322,0.36780354380607605,-0.14722569286823273,0.9798201322555542,0.46223217248916626,0.3655349612236023,0.0994677022099495,0.6933772563934326,0.5577697157859802,0.35645627975463867,-0.34612175822257996,0.9903439879417419,0.4144245684146881,0.3517315685749054,-0.08373811841011047,0.9308636784553528,0.5475439429283142,0.35561344027519226,-0.3936404287815094,0.9909297823905945,0.3982151448726654,0.34992241859436035,-0.11636994034051895,0.9408946633338928,0.5438917279243469,0.33484503626823425,-0.3968823254108429,0.9917023777961731,0.40088266134262085,0.33479785919189453,-0.14088760316371918,0.9445592761039734,0.5443384051322937,0.33797043561935425,-0.35001441836357117,0.9860645532608032,0.4081571400165558,0.3368152678012848,-0.10035661607980728,0.9333776235580444,0.5367689728736877,0.5157318115234375,-0.05178635194897652,0.9995516538619995,0.492972731590271,0.515200674533844,0.051651280373334885,0.9993358850479126,0.5166417360305786,0.700171709060669,-0.1091930940747261,0.8823011517524719,0.4817824065685272,0.6948875784873962,-0.01092844270169735,0.7834303379058838,0.525751531124115,0.8622681498527527,0.0434894934296608,0.8268036246299744,0.5051150918006897,0.874135434627533,0.08810960501432419,0.7227144241333008,0.5361215472221375,0.8708009719848633,0.0552646778523922,0.6632066965103149,0.5152444243431091,0.8924523591995239,0.09382195770740509,0.6248897910118103,0.5020617842674255,0.9436735510826111,-0.021459121257066727,0.8805755376815796,0.4850291907787323,0.9573825597763062,0.007919671945273876,0.7685908675193787
0.5095942616462708,0.22402124106884003,-0.12771520018577576,0.9999512434005737,0.5121316909790039,0.2044140100479126,-0.11992553621530533,0.9999241232872009,0.5164251923561096,0.20143401622772217,-0.1201586201786995,0.9999310970306396,0.5203592777252197,0.19788102805614471,-0.12013515830039978,0.9999458193778992,0.5042824149131775,0.20675154030323029,-0.10851215571165085,0.9999181628227234,0.5023447871208191,0.20605972409248352,-0.10877721756696701,0.9999208450317383,0.5007584691047668,0.20553374290466309,-0.10888992995023727,0.9999175071716309,0.531349778175354,0.18491268157958984,-0.04160838946700096,0.9999657273292542,0.504456102848053,0.19793295860290527,0.013038994744420052,0.9997490048408508,0.5205013155937195,0.231228768825531,-0.0927601158618927,0.9999494552612305,0.5093188285827637,0.23450736701488495,-0.0792599469423294,0.9998831152915955,0.5667492151260376,0.25128504633903503,-0.03585159406065941,0.9999955892562866,0.4900013208389282,0.26016682386398315,0.13194780051708221,0.9999128580093384,0.5919535756111145,0.36779049038887024,-0.14680758118629456,0.9814996123313904,0.4619063138961792,0.3655241131782532,0.10146345943212509,0.6989267468452454,0.5573263168334961,0.3568168580532074,-0.34700897336006165,0.9912294149398804,0.41439443826675415,0.3517391085624695,-0.08234329521656036,0.9355637431144714,0.547123908996582,0.35624006390571594,-0.3959291875362396,0.9917041659355164,0.3982512652873993,0.34992825984954834,-0.11517855525016785,0.944999098777771,0.5434045791625977,0.33542537689208984,-0.39938247203826904,0.992412805557251,0.40087682008743286,0.3348393440246582,-0.13952374458312988,0.9484952092170715,0.5438525080680847,0.3385021984577179,-0.3513012230396271,0.9872069954872131,0.4081411361694336,0.3371131420135498,-0.09891001880168915,0.9377878308296204,0.5369157791137695,0.5162951350212097,-0.05748787894845009,0.9995841979980469,0.49266737699508667,0.5157026052474976,0.05732524394989014,0.9993861317634583,0.5077477097511292,0.6980820894241333,-0.13111445307731628,0.8894335031509399,0.4794529974460602,0.6965695023536682,0.001411022269167006,0.7966750264167786,0.5171625018119812,0.8607743978500366,0.0058182706125080585,0.8308389186859131,0.49231019616127014,0.8910917043685913,0.062010981142520905,0.7416573762893677,0.5299556851387024,0.8767083883285522,0.01632479950785637,0.65660560131073,0.5055071115493774,0.9125590920448303,0.06266699731349945,0.6432110071182251,0.4880830943584442,0.9462422132492065,-0.03388562053442001,0.8801407814025879,0.4618738293647766,0.9640358090400696,-0.01918622851371765,0.7825726866722107
0.5089572072029114,0.22374863922595978,-0.1339137852191925,0.9999492764472961,0.5115562081336975,0.20439597964286804,-0.1261294186115265,0.9999194741249084,0.5154346227645874,0.20139458775520325,-0.12636172771453857,0.9999265074729919,0.5197824239730835,0.1978474259376526,-0.1263478845357895,0.999941885471344,0.5036646723747253,0.20662415027618408,-0.11485148966312408,0.9999139308929443,0.50193852186203,0.20600979030132294,-0.11512177437543869,0.9999169111251831,0.5004138350486755,0.20551373064517975,-0.1152399480342865,0.9999132752418518,0.53121417760849,0.18494054675102234,-0.04693141207098961,0.9999634027481079,0.5039752721786499,0.19789591431617737,0.007307142019271851,0.9997362494468689,0.5195583701133728,0.23119722306728363,-0.09873951971530914,0.9999459385871887,0.5088522434234619,0.23437458276748657,-0.08529820293188095,0.9998761415481567,0.5663528442382812,0.25131282210350037,-0.03810141980648041,0.9999951720237732,0.48948660492897034,0.26025789976119995,0.12701819837093353,0.9999098777770996,0.5917983651161194,0.36794888973236084,-0.1513509601354599,0.9829158186912537,0.46146151423454285,0.36551418900489807,0.095460444688797,0.7027642726898193,0.5568668246269226,0.3570363521575928,-0.3532763421535492,0.9920004606246948,0.4142334759235382,0.35183286666870117,-0.0878932848572731,0.9395567774772644,0.5461475253105164,0.35619962215423584,-0.4025293290615082,0.9923587441444397,0.39820149540901184,0.34994369745254517,-0.1203233078122139,0.9483961462974548,0.5429274439811707,0.33531275391578674,-0.4063437283039093,0.9930140376091003,0.40076228976249695,0.334989994764328,-0.14493784308433533,0.9517707824707031,0.5434704422950745,0.3384673595428467,-0.3579326272010803,0.9881590604782104,0.4079471528530121,0.3373493254184723,-0.1044401302933693,0.9414119720458984,0.5369061231613159,0.5165093541145325,-0.05794849619269371,0.9996064901351929,0.49223849177360535,0.5154770016670227,0.05777528136968613,0.9994233846664429,0.5016332864761353,0.697698175907135,-0.14075548946857452,0.8908674716949463,0.47405144572257996,0.6942819952964783,0.004228645469993353,0.8012006282806396,0.5062640309333801,0.8590908646583557,-0.014842528849840164,0.8205066919326782,0.4811888039112091,0.8891521096229553,0.05615862458944321,0.7509179711341858,0.5197279453277588,0.8756164908409119,-0.00626237690448761,0.6348353028297424,0.49223941564559937,0.9151513576507568,0.056553494185209274,0.6491296291351318,0.4783770442008972,0.9453983306884766,-0.04558493196964264,0.866817831993103,0.4456999599933624,0.9609203338623047,-0.022612379863858223,0.7867102026939392
0.5079370737075806,0.22369226813316345,-0.0974377915263176,0.9999507069587708,0.5104725956916809,0.204353466629982,-0.09076596796512604,0.9999216794967651,0.513804018497467,0.20143592357635498,-0.09096156805753708,0.9999282360076904,0.5182790160179138,0.19793851673603058,-0.09094087779521942,0.9999430775642395,0.5028600096702576,0.206529900431633,-0.0786798819899559,0.9999171495437622,0.5014340877532959,0.20595026016235352,-0.07895423471927643,0.9999200701713562,0.49997055530548096,0.20543110370635986,-0.07907050102949142,0.9999164342880249,0.5308245420455933,0.18502742052078247,-0.017502954229712486,0.9999644756317139,0.5036171674728394,0.19786417484283447,0.04032834619283676,0.9997483491897583,0.5180845856666565,0.23118893802165985,-0.06417743116617203,0.9999467730522156,0.5081719160079956,0.23433692753314972,-0.04961816221475601,0.999878466129303,0.5658953785896301,0.25135502219200134,-0.012578532099723816,0.9999950528144836,0.4888526499271393,0.26029786467552185,0.15312834084033966,0.9999085664749146,0.5917899012565613,0.3682093322277069,-0.12857308983802795,0.9842755794525146,0.46120694279670715,0.3656291663646698,0.11717395484447479,0.7049915790557861,0.5562636852264404,0.3578941524028778,-0.32699957489967346,0.9927110075950623,0.4137166440486908,0.35285258293151855,-0.08070553094148636,0.9432682394981384,0.5454453825950623,0.3561958968639374,-0.3740943670272827,0.9929633140563965,0.39767250418663025,0.3503391146659851,-0.11514966189861298,0.9515785574913025,0.5425025224685669,0.33534109592437744,-0.37905099987983704,0.9935717582702637,0.4003019630908966,0.3353613018989563,-0.13665102422237396,0.9548312425613403,0.5430382490158081,0.3386062681674957,-0.3319776952266693,0.9890539646148682,0.4075506031513214,0.33805277943611145,-0.096444271504879,0.944648802280426,0.5364591479301453,0.5164788961410522,-0.06272600591182709,0.9996047616004944,0.49113062024116516,0.5151991844177246,0.06256721168756485,0.9994213581085205,0.493430495262146,0.6951659917831421,-0.17299488186836243,0.8950267434120178,0.46735793352127075,0.6928272843360901,0.006240188144147396,0.7927669882774353,0.4779922068119049,0.8823969960212708,-0.15093137323856354,0.8245950937271118,0.4611927568912506,0.896671712398529,0.023309376090765,0.7458961009979248,0.4879571795463562,0.9170498251914978,-0.15439049899578094,0.6345850825309753,0.47274303436279297,0.9279217720031738,0.019628247246146202,0.6460654735565186,0.43275314569473267,0.952858030796051,-0.2599922716617584,0.867380678653717,0.4238572418689728,0.9590166807174683,-0.06893446296453476,0.7821754813194275
0.5069542527198792,0.22343376278877258,-0.067998506128788,0.9999545812606812,0.5094771385192871,0.2041843682527542,-0.0602693073451519,0.9999276995658875,0.5126798748970032,0.20138923823833466,-0.060433145612478256,0.9999336004257202,0.5170530676841736,0.19787141680717468,-0.060390863567590714,0.9999473094940186,0.5020274519920349,0.20626290142536163,-0.048333629965782166,0.9999240040779114,0.5007906556129456,0.20575222373008728,-0.048610344529151917,0.9999266862869263,0.4992855191230774,0.20520228147506714,-0.04870353266596794,0.9999233484268188,0.5299587249755859,0.18496239185333252,0.014359437860548496,0.9999670386314392,0.5031833052635193,0.19777034223079681,0.07172930240631104,0.9997693300247192,0.5170402526855469,0.23116639256477356,-0.03442944213747978,0.9999504685401917,0.507556140422821,0.2343195527791977,-0.02001870423555374,0.999887228012085,0.5654551982879639,0.25163534283638,0.018391573801636696,0.999995231628418,0.4883485734462738,0.26110056042671204,0.1804680973291397,0.9999130368232727,0.5912094712257385,0.3693845272064209,-0.10001479834318161,0.9854143857955933,0.46073323488235474,0.36589717864990234,0.14723703265190125,0.706648588180542,0.5559356212615967,0.35807472467422485,-0.2967510223388672,0.993302583694458,0.41287729144096375,0.3541889786720276,-0.04067020118236542,0.9463633298873901,0.5450387597084045,0.35594654083251953,-0.3401769697666168,0.9934173822402954,0.3969564139842987,0.35155221819877625,-0.07163833826780319,0.9541058540344238,0.5421510934829712,0.33533889055252075,-0.3442617654800415,0.9939883947372437,0.39954763650894165,0.3363048732280731,-0.09204619377851486,0.957205593585968,0.5427373647689819,0.3386651575565338,-0.3008729815483093,0.9896941781044006,0.406892865896225,0.33896782994270325,-0.05541224405169487,0.9470131993293762,0.5354023575782776,0.5148473381996155,-0.06290975958108902,0.9996209740638733,0.49052661657333374,0.5124406218528748,0.0627547949552536,0.9994489550590515,0.48663991689682007,0.6880452632904053,-0.18411904573440552,0.9023142457008362,0.4553622305393219,0.6774710416793823,-0.03216536343097687,0.8007687926292419,0.45526692271232605,0.88777095079422,-0.18890602886676788,0.8358412384986877,0.43759119510650635,0.8927287459373474,-0.0767235979437828,0.7593119740486145,0.4630529284477234,0.9291018843650818,-0.1955154538154602,0.6475098133087158,0.45138466358184814,0.9280913472175598,-0.08635053783655167,0.6605199575424194,0.41099482774734497,0.9516857266426086,-0.31191954016685486,0.8749168515205383,0.40410736203193665,0.956932783126831,-0.18838785588741302,0.7942342162132263
0.506065309047699,0.2233886420726776,-0.05430711805820465,0.9999586343765259,0.5088492631912231,0.2041236311197281,-0.04604899883270264,0.9999337792396545,0.5120678544044495,0.20136544108390808,-0.04620416834950447,0.9999390840530396,0.5163941979408264,0.1978662759065628,-0.04614381492137909,0.9999516606330872,0.5012680292129517,0.20621415972709656,-0.03435419872403145,0.9999308586120605,0.5000602006912231,0.20570555329322815,-0.03463178128004074,0.9999333620071411,0.49838441610336304,0.20516140758991241,-0.03471287712454796,0.9999303221702576,0.5290696024894714,0.18507267534732819,0.027516471222043037,0.9999695420265198,0.5019971132278442,0.19774776697158813,0.08396241813898087,0.9997899532318115,0.5162903666496277,0.2312125265598297,-0.021387310698628426,0.999954342842102,0.5064858198165894,0.23437727987766266,-0.007180478889495134,0.9998965263366699,0.5649706721305847,0.2520412504673004,0.0323769673705101,0.9999954700469971,0.48770397901535034,0.26188141107559204,0.18964619934558868,0.9999193549156189,0.5910339951515198,0.36962804198265076,-0.07532774657011032,0.9863550662994385,0.4602169394493103,0.3659776449203491,0.1752130091190338,0.7158119678497314,0.5554845929145813,0.35878828167915344,-0.25832659006118774,0.9937984943389893,0.41189196705818176,0.35485517978668213,0.013025110587477684,0.9500437378883362,0.5445106625556946,0.35591307282447815,-0.2982739210128784,0.9937658309936523,0.3964499235153198,0.35177624225616455,-0.012967164628207684,0.9569680094718933,0.5414523482322693,0.33553633093833923,-0.3017183542251587,0.9943040609359741,0.3985815942287445,0.33690163493156433,-0.03430544584989548,0.9598871469497681,0.5419111251831055,0.3393001854419708,-0.2616071105003357,0.9901704788208008,0.4058374762535095,0.3397536277770996,-0.0012002842267975211,0.9499928951263428,0.5353091359138489,0.5110739469528198,-0.06250136345624924,0.9996371865272522,0.49055999517440796,0.5067863464355469,0.06236422806978226,0.9994802474975586,0.4790448546409607,0.6681686043739319,-0.17843326926231384,0.9093688726425171,0.4490634799003601,0.6484765410423279,-0.08191562443971634,0.8119568824768066,0.43843594193458557,0.873683750629425,-0.18244527280330658,0.845219075679779,0.4129296541213989,0.8718355894088745,-0.1431068629026413,0.7732036709785461,0.44195887446403503,0.9166015982627869,-0.18913212418556213,0.6603454947471619,0.41540372371673584,0.9168789386749268,-0.15441036224365234,0.6758936047554016,0.3837607502937317,0.9012126326560974,-0.3022420108318329,0.8815591335296631,0.3579241633415222,0.8933049440383911,-0.2589705288410187,0.8071209192276001
0.5048826336860657,0.22362451255321503,-0.01433884259313345,0.999962329864502,0.507778525352478,0.20428858697414398,-0.005075280554592609,0.9999393820762634,0.5111914277076721,0.20160862803459167,-0.0052087870426476,0.9999441504478455,0.5153687596321106,0.19832727313041687,-0.005145033355802298,0.9999556541442871,0.5005015730857849,0.20638686418533325,0.006772032007575035,0.999937117099762,0.49929773807525635,0.2058113068342209,0.006520997267216444,0.9999394416809082,0.4974974989891052,0.20517320930957794,0.006465146783739328,0.9999366998672485,0.5280853509902954,0.1854533702135086,0.06924783438444138,0.9999716877937317,0.5010668039321899,0.19782176613807678,0.12634852528572083,0.9998081922531128,0.5152236223220825,0.2320302277803421,0.01845182292163372,0.999957799911499,0.5052066445350647,0.23471499979496002,0.03293841704726219,0.9999046325683594,0.5644599199295044,0.2522563636302948,0.06866584718227386,0.9999957084655762,0.4869345724582672,0.2618778645992279,0.22420433163642883,0.9999247789382935,0.5906001329421997,0.3699188530445099,-0.04310610145330429,0.9863593578338623,0.45955002307891846,0.3660412132740021,0.19544723629951477,0.7053132653236389,0.5546636581420898,0.3596152365207672,-0.22940562665462494,0.9939849376678467,0.41123560070991516,0.3566550314426422,0.019397517666220665,0.9508160948753357,0.5431763529777527,0.3564077913761139,-0.26986607909202576,0.9936563372612,0.39594408869743347,0.35409459471702576,-0.008330860175192356,0.9571296572685242,0.5402564406394958,0.3359067142009735,-0.2722514867782593,0.9942128658294678,0.3976500332355499,0.33807674050331116,-0.02878645993769169,0.9601030945777893,0.5407686233520508,0.3397333323955536,-0.2324419915676117,0.9898543357849121,0.40497153997421265,0.34028324484825134,0.005088125821202993,0.9492962956428528,0.5357213616371155,0.5030511021614075,-0.060987845063209534,0.9995465874671936,0.4911356270313263,0.49914687871932983,0.060829125344753265,0.9993922710418701,0.4741719961166382,0.6385107636451721,-0.23387646675109863,0.8999912142753601,0.44942188262939453,0.6258537769317627,-0.11196556687355042,0.7754005789756775,0.414150595664978,0.8726656436920166,-0.3094669580459595,0.817225992679596,0.40283721685409546,0.83942711353302,-0.17190136015415192,0.7249897122383118,0.41953182220458984,0.8965403437614441,-0.32327091693878174,0.640656054019928,0.4075230658054352,0.8980213403701782,-0.18304887413978577,0.6412352919578552,0.3598935902118683,0.8541585803031921,-0.4489879906177521,0.8618046045303345,0.3573974668979645,0.8728159666061401,-0.28698495030403137,0.7673461437225342
0.5037927031517029,0.22389361262321472,-0.05377209559082985,0.9999641180038452,0.5065149664878845,0.20458881556987762,-0.04542330652475357,0.9999411106109619,0.5100452303886414,0.20194174349308014,-0.04559692367911339,0.9999450445175171,0.5138255953788757,0.19903968274593353,-0.04555235803127289,0.9999568462371826,0.49972131848335266,0.20667420327663422,-0.03407835587859154,0.9999400973320007,0.49852433800697327,0.20600412786006927,-0.03434131667017937,0.9999423623085022,0.49671682715415955,0.20524267852306366,-0.034425728023052216,0.9999403357505798,0.5269328951835632,0.18633729219436646,0.039962224662303925,0.9999703168869019,0.5002522468566895,0.1980033665895462,0.08551881462335587,0.9998120069503784,0.5136937499046326,0.23250460624694824,-0.018861740827560425,0.9999576210975647,0.5042212605476379,0.23507894575595856,-0.006066358182579279,0.9999054074287415,0.5636472105979919,0.2522628903388977,0.06742381304502487,0.9999957084655762,0.48585033416748047,0.26195263862609863,0.1921757161617279,0.9999281167984009,0.5893445611000061,0.36992424726486206,-0.06565480679273605,0.9853007197380066,0.4585381746292114,0.3677397072315216,0.1791943907737732,0.6955376863479614,0.5541070699691772,0.35983189940452576,-0.2690856158733368,0.9938756227493286,0.4100373387336731,0.35757145285606384,0.0178034920245409,0.9517432451248169,0.5429581999778748,0.3577691614627838,-0.312478631734848,0.9931181073188782,0.3951749801635742,0.3551267683506012,-0.007830264046788216,0.9571338295936584,0.5398117303848267,0.3374863862991333,-0.3164956867694855,0.993740975856781,0.3966740667819977,0.3390337824821472,-0.03240029141306877,0.9603617787361145,0.5401936173439026,0.3406956195831299,-0.27327707409858704,0.9887954592704773,0.40390336513519287,0.3411572575569153,0.002273714868351817,0.9489836096763611,0.5352941155433655,0.4988579750061035,-0.06056026741862297,0.9994955062866211,0.4906562864780426,0.49206215143203735,0.06041073426604271,0.9993429183959961,0.47431543469429016,0.6177254915237427,-0.22752386331558228,0.8489338159561157,0.44022122025489807,0.5930598974227905,-0.0729566365480423,0.7080685496330261,0.429524302482605,0.7914279103279114,-0.20913024246692657,0.7514492869377136,0.4114433228969574,0.7892513871192932,-0.00731341727077961,0.6572859287261963,0.4274458587169647,0.8252434134483337,-0.21180599927902222,0.5911610722541809,0.4142225980758667,0.8246788382530212,-0.0030686913523823023,0.5839971303939819,0.3804990351200104,0.8455681204795837,-0.3200224041938782,0.8008359670639038,0.38037630915641785,0.8323140740394592,-0.08796516060829163,0.6984135508537292
0.5028877854347229,0.2241440713405609,-0.02265843003988266,0.9999673366546631,0.5056049227714539,0.20475471019744873,-0.01169992983341217,0.999946117401123,0.5093094706535339,0.20213177800178528,-0.011856206692755222,0.9999496340751648,0.5129894614219666,0.19934159517288208,-0.011792579665780067,0.9999604821205139,0.49889808893203735,0.20694933831691742,-0.00011494554200908169,0.9999455213546753,0.4975942075252533,0.20621395111083984,-0.0003590973501559347,0.9999476671218872,0.49563950300216675,0.20532681047916412,-0.0004083832027390599,0.9999458193778992,0.5260663628578186,0.1868494600057602,0.06725762784481049,0.9999723434448242,0.4992412328720093,0.1981605738401413,0.12279729545116425,0.9998279213905334,0.5128575563430786,0.2327386438846588,0.011188911274075508,0.99996018409729,0.5032716989517212,0.2353595793247223,0.025527529418468475,0.9999117255210876,0.5627539753913879,0.25241991877555847,0.07061401009559631,0.9999958872795105,0.4843328893184662,0.263556569814682,0.22340819239616394,0.9999327659606934,0.588588297367096,0.3704054057598114,-0.04047415032982826,0.9845752120018005,0.45774394273757935,0.36900192499160767,0.2209695428609848,0.6762322187423706,0.5539101958274841,0.35982847213745117,-0.21869830787181854,0.9936169385910034,0.4089175760746002,0.3588118851184845,0.074490986764431,0.9518879055976868,0.542922854423523,0.35796859860420227,-0.25703164935112,0.9925024509429932,0.394228994846344,0.35675346851348877,0.05352532118558884,0.9571738839149475,0.5394219756126404,0.33808091282844543,-0.2581714987754822,0.993158221244812,0.39550068974494934,0.3397471606731415,0.030750533565878868,0.9604506492614746,0.5397376418113708,0.341054230928421,-0.22108682990074158,0.98768150806427,0.40272024273872375,0.3416954278945923,0.06058334559202194,0.9482801556587219,0.5340937972068787,0.4964829683303833,-0.060408804565668106,0.9993886351585388,0.4899340271949768,0.48867878317832947,0.06028056517243385,0.9992177486419678,0.4668988883495331,0.601656436920166,-0.27377015352249146,0.8402785062789917,0.43705785274505615,0.5756518840789795,-0.14659887552261353,0.6596046090126038,0.3928987681865692,0.7671523690223694,-0.41562747955322266,0.7234174013137817,0.3818865120410919,0.7634727954864502,-0.22023598849773407,0.6002810597419739,0.38217514753341675,0.7997175455093384,-0.43601295351982117,0.5975193977355957,0.3807513117790222,0.8115718364715576,-0.23219677805900574,0.5514663457870483,0.3265005648136139,0.7599462270736694,-0.5621376037597656,0.7919692993164062,0.33679479360580444,0.7592847347259521,-0.32598674297332764,0.651504635810852
0.5022862553596497,0.22568070888519287,-0.0021900103893131018,0.9999706149101257,0.504509449005127,0.20651979744434357,0.011111462488770485,0.9999514818191528,0.5083427429199219,0.20347803831100464,0.010953021235764027,0.9999546408653259,0.5116890668869019,0.20079319179058075,0.011021409183740616,0.9999644160270691,0.49813559651374817,0.20842893421649933,0.02330826036632061,0.9999509453773499,0.4967125356197357,0.207266166806221,0.02308466285467148,0.9999529123306274,0.4946959614753723,0.20607174932956696,0.023051107302308083,0.9999512434005737,0.5247462391853333,0.18812136352062225,0.09381260722875595,0.9999750852584839,0.49800243973731995,0.19883106648921967,0.15216363966464996,0.999845027923584,0.5119932889938354,0.23368588089942932,0.03263571113348007,0.9999640583992004,0.5026757121086121,0.23612789809703827,0.04765850305557251,0.9999203681945801,0.5615450739860535,0.25258323550224304,0.0900544822216034,0.9999962449073792,0.48292404413223267,0.2642512321472168,0.2572461664676666,0.9999387264251709,0.5869607925415039,0.3704139292240143,-0.01745482161641121,0.9858003854751587,0.4570487439632416,0.36989304423332214,0.26715049147605896,0.685739278793335,0.5528523325920105,0.35963618755340576,-0.1715899407863617,0.9941472411155701,0.40827399492263794,0.35983794927597046,0.14196500182151794,0.9557627439498901,0.5408961772918701,0.3579775393009186,-0.205539271235466,0.9930964708328247,0.3938227593898773,0.3584417700767517,0.12580843269824982,0.9607846140861511,0.5371229648590088,0.3378787040710449,-0.20676858723163605,0.9936904907226562,0.39462119340896606,0.34109288454055786,0.10335858911275864,0.9637587070465088,0.5376138091087341,0.3406231105327606,-0.17332622408866882,0.9886402487754822,0.4017047584056854,0.34268447756767273,0.12901571393013,0.9524999856948853,0.5326812863349915,0.49505582451820374,-0.06151320040225983,0.9993501901626587,0.48837417364120483,0.4850561022758484,0.061307016760110855,0.9991752505302429,0.4617166519165039,0.5899757146835327,-0.3008267283439636,0.8550148010253906,0.4290047287940979,0.5605183243751526,-0.19099122285842896,0.6809754967689514,0.37543436884880066,0.7110692858695984,-0.5224025249481201,0.7416025400161743,0.38609179854393005,0.7305470108985901,-0.349651962518692,0.5823357701301575,0.3656640350818634,0.7519710659980774,-0.5507739782333374,0.6360211968421936,0.38870319724082947,0.789490818977356,-0.3700823485851288,0.583088755607605,0.3186250329017639,0.6386059522628784,-0.6634241938591003,0.8113616108894348,0.3377194404602051,0.6944773197174072,-0.4497797191143036,0.6715608835220337
0.5013363361358643,0.2276727557182312,-0.06656002253293991,0.9999735355377197,0.5029891729354858,0.2088697999715805,-0.05362393707036972,0.9999563097953796,0.5067915916442871,0.20535370707511902,-0.05373794957995415,0.9999591708183289,0.5098162293434143,0.20253562927246094,-0.05365145206451416,0.9999679327011108,0.4973331093788147,0.21046698093414307,-0.045461516827344894,0.9999558329582214,0.4959184229373932,0.20888125896453857,-0.045683540403842926,0.9999576210975647,0.49399739503860474,0.20733873546123505,-0.04573969915509224,0.9999561309814453,0.5235735177993774,0.18916013836860657,0.048592276871204376,0.9999775886535645,0.4975971281528473,0.19986191391944885,0.08477618545293808,0.9998604655265808,0.5107048749923706,0.234793022274971,-0.025255711749196053,0.999967634677887,0.5021035075187683,0.23703251779079437,-0.014868631027638912,0.9999282360076904,0.5602380037307739,0.25269052386283875,0.058333620429039,0.999996542930603,0.4816945791244507,0.2642717659473419,0.18102501332759857,0.9999441504478455,0.584725022315979,0.3702909052371979,-0.0633341521024704,0.9871915578842163,0.45477694272994995,0.36984720826148987,0.13249929249286652,0.7111622095108032,0.5516107678413391,0.3595941960811615,-0.28468558192253113,0.9947038888931274,0.4071222245693207,0.3604666292667389,-0.050528448075056076,0.95990389585495,0.5393626093864441,0.3581956923007965,-0.3309863209724426,0.9937452673912048,0.3932572305202484,0.35964444279670715,-0.08196062594652176,0.9644643068313599,0.5355215668678284,0.33756282925605774,-0.3353012204170227,0.9942883253097534,0.39386653900146484,0.34114864468574524,-0.11050539463758469,0.9671473503112793,0.5358017086982727,0.34001970291137695,-0.289909690618515,0.9897145628929138,0.4006245732307434,0.3426353335380554,-0.06734123826026917,0.956854522228241,0.5261697173118591,0.4881727993488312,-0.056680914014577866,0.9993031024932861,0.4863695204257965,0.4778713583946228,0.056339431554079056,0.9991399645805359,0.4512549638748169,0.4957445561885834,-0.36744996905326843,0.869259774684906,0.4489017724990845,0.573759913444519,-0.030183004215359688,0.7112869620323181,0.360653281211853,0.6306269764900208,-0.7525799870491028,0.7670648694038391,0.44035130739212036,0.7744691967964172,0.0032388130202889442,0.6184625625610352,0.34929290413856506,0.6798427104949951,-0.7987424731254578,0.6724017262458801,0.44738972187042236,0.8199471831321716,0.0018153215060010552,0.6233031153678894,0.30848342180252075,0.5431683659553528,-0.944710373878479,0.8302155137062073,0.411113440990448,0.7822340726852417,-0.08063879609107971,0.7032073736190796
0.5003041625022888,0.22785967588424683,-0.0860959067940712,0.9999760389328003,0.5012328624725342,0.2089429497718811,-0.07571341842412949,0.9999604225158691,0.5048872232437134,0.20537444949150085,-0.07587969303131104,0.9999629855155945,0.5079963803291321,0.2025512307882309,-0.07581628859043121,0.9999709725379944,0.49617427587509155,0.21067653596401215,-0.06379149109125137,0.9999600648880005,0.4946196675300598,0.20903873443603516,-0.06404761224985123,0.9999617338180542,0.49264711141586304,0.20740652084350586,-0.06410355120897293,0.9999603033065796,0.5220419764518738,0.18911130726337433,0.011876358650624752,0.999979555606842,0.49666517972946167,0.1998639702796936,0.06728589534759521,0.9998728632926941,0.5095832347869873,0.2348635494709015,-0.048979464918375015,0.9999698996543884,0.5012757778167725,0.237278550863266,-0.0343661867082119,0.9999333620071411,0.5593851208686829,0.25384804606437683,0.03803003951907158,0.9999967813491821,0.48067691922187805,0.2638033330440521,0.17987878620624542,0.999948263168335,0.5844981670379639,0.3715023398399353,-0.06513724476099014,0.9803594946861267,0.45370396971702576,0.3706044554710388,0.17199353873729706,0.6484927535057068,0.5507421493530273,0.36005154252052307,-0.23545421659946442,0.9908797740936279,0.4058704376220703,0.36163684725761414,0.04653753340244293,0.9172940254211426,0.5377557873725891,0.35925325751304626,-0.2648157477378845,0.9895517230033875,0.39216718077659607,0.3615420460700989,0.034401364624500275,0.9369180202484131,0.5350540280342102,0.33802375197410583,-0.2664158046245575,0.989987313747406,0.39212745428085327,0.3426285982131958,0.009614926762878895,0.9400612711906433,0.5354246497154236,0.3402167856693268,-0.2366172969341278,0.9819019436836243,0.39844056963920593,0.3435295522212982,0.03349936380982399,0.9223299026489258,0.5248779654502869,0.4811323881149292,-0.05595504492521286,0.999257504940033,0.48420876264572144,0.46484580636024475,0.055607400834560394,0.999066948890686,0.45663344860076904,0.5136664509773254,-0.325167179107666,0.8599693179130554,0.424420028924942,0.5013208389282227,-0.2626844048500061,0.682233989238739,0.3634018003940582,0.5690531134605408,-0.598990797996521,0.7395468950271606,0.34682589769363403,0.5510756969451904,-0.5207092761993408,0.566576361656189,0.3510015606880188,0.6182352304458618,-0.6328999996185303,0.6946153044700623,0.3399624228477478,0.6327639818191528,-0.5510173439979553,0.6169798970222473,0.3095836341381073,0.4884795546531677,-0.749474823474884,0.835892379283905,0.2995338439941406,0.48694396018981934,-0.6441109776496887,0.6829808354377747
0.4999121129512787,0.2295888513326645,-0.13300596177577972,0.9999783039093018,0.5008969306945801,0.20978215336799622,-0.12466146796941757,0.99996417760849,0.5047078728675842,0.20604176819324493,-0.12484227865934372,0.9999665021896362,0.5079009532928467,0.2029348760843277,-0.12474782019853592,0.999973714351654,0.49520960450172424,0.21156182885169983,-0.11255200952291489,0.9999639391899109,0.4933224618434906,0.21002641320228577,-0.11284634470939636,0.9999654293060303,0.49123415350914,0.20848996937274933,-0.11290877312421799,0.9999641180038452,0.5209084749221802,0.18931889533996582,-0.041737888008356094,0.9999814033508301,0.4947766065597534,0.2005157768726349,0.015103235840797424,0.9998844861984253,0.5093432068824768,0.23559530079364777,-0.09648420661687851,0.9999723434448242,0.5005713105201721,0.23901502788066864,-0.08180516213178635,0.9999387860298157,0.5584025979042053,0.25460800528526306,-0.014664221554994583,0.9999970197677612,0.47944971919059753,0.26285046339035034,0.14715541899204254,0.9999517798423767,0.5839998722076416,0.3728381097316742,-0.11490282416343689,0.971648633480072,0.4530106782913208,0.3701156973838806,0.17198370397090912,0.5889972448348999,0.5492554903030396,0.36075228452682495,-0.2628215551376343,0.9886682033538818,0.4054812788963318,0.36356258392333984,0.05774017050862312,0.8716214895248413,0.5378303527832031,0.35923513770103455,-0.2861822247505188,0.9871798157691956,0.39131027460098267,0.3660007119178772,0.04815312847495079,0.9058554172515869,0.5344253182411194,0.3385119140148163,-0.28495004773139954,0.9877142906188965,0.39087942242622375,0.3459925949573517,0.02233339473605156,0.9104229211807251,0.5342361927032471,0.3415512442588806,-0.26277297735214233,0.9772130250930786,0.3977484405040741,0.34571409225463867,0.044943515211343765,0.8831936120986938,0.5232973694801331,0.4699613153934479,-0.05596879497170448,0.9992181062698364,0.4824109971523285,0.4458532929420471,0.05562809854745865,0.9989975094795227,0.4609821140766144,0.470653235912323,-0.30310380458831787,0.8478907346725464,0.4192160367965698,0.4376314878463745,-0.24309858679771423,0.6505020260810852,0.35619714856147766,0.519896924495697,-0.5317453742027283,0.7211577296257019,0.33589601516723633,0.4789890944957733,-0.49491462111473083,0.5254891514778137,0.33955568075180054,0.561766505241394,-0.5599575638771057,0.7120912671089172,0.31883683800697327,0.5271313190460205,-0.5240010619163513,0.608583927154541,0.313193678855896,0.463797390460968,-0.6705233454704285,0.8381800055503845,0.28855273127555847,0.40058064460754395,-0.6200688481330872,0.6637932658195496
0.4988226294517517,0.22975194454193115,-0.1655864119529724,0.9999801516532898,0.4996778666973114,0.20992986857891083,-0.1594502180814743,0.9999672770500183,0.5033980011940002,0.20654761791229248,-0.1596442312002182,0.9999693632125854,0.5068472027778625,0.20323024690151215,-0.15957453846931458,0.9999759793281555,0.4934714436531067,0.21166078746318817,-0.14832958579063416,0.9999672174453735,0.49148258566856384,0.2102634161710739,-0.14861777424812317,0.9999685883522034,0.48946717381477356,0.2088327258825302,-0.1486857682466507,0.9999673962593079,0.5190455913543701,0.1893012821674347,-0.08580677956342697,0.9999827742576599,0.492861807346344,0.20055514574050903,-0.03352963179349899,0.9998937249183655,0.5078145265579224,0.23595374822616577,-0.13230204582214355,0.9999739527702332,0.49943459033966064,0.2394174337387085,-0.11885655671358109,0.9999425411224365,0.5570167899131775,0.2547405958175659,-0.062270913273096085,0.9999971985816956,0.47837984561920166,0.2578297555446625,0.08927378058433533,0.9999545812606812,0.5825278759002686,0.36940547823905945,-0.1605074554681778,0.9670736789703369,0.45229393243789673,0.3688693940639496,0.10514776408672333,0.5458762049674988,0.5480898022651672,0.3606928586959839,-0.3100338876247406,0.9873411059379578,0.40538862347602844,0.3634079694747925,-0.01329343393445015,0.8577068448066711,0.5371791124343872,0.3603706657886505,-0.3434687852859497,0.9858132600784302,0.39092257618904114,0.36578816175460815,-0.023761343210935593,0.8980010747909546,0.5340266823768616,0.3392426371574402,-0.34513524174690247,0.9864540696144104,0.3909350335597992,0.3462410271167755,-0.052682891488075256,0.903317391872406,0.5339536070823669,0.341839075088501,-0.3119274973869324,0.9748178124427795,0.39774468541145325,0.3456297516822815,-0.02733958512544632,0.8715724945068359,0.5231791138648987,0.47108158469200134,-0.05446477606892586,0.9991869926452637,0.48267069458961487,0.44656962156295776,0.05415473133325577,0.9989614486694336,0.46253088116645813,0.45900431275367737,-0.28552407026290894,0.8476017713546753,0.41560548543930054,0.4120001494884491,-0.20088127255439758,0.6313741207122803,0.3538673222064972,0.47388309240341187,-0.4597032964229584,0.7170715928077698,0.33718743920326233,0.43820780515670776,-0.41137275099754333,0.5027900338172913,0.33426743745803833,0.5109664797782898,-0.48219314217567444,0.7325201034545898,0.3215615153312683,0.5020306706428528,-0.4358591139316559,0.6137434840202332,0.31744062900543213,0.4215666353702545,-0.594549298286438,0.8454201817512512,0.2920159697532654,0.3733779489994049,-0.5221794843673706,0.6631900668144226
0.4977181553840637,0.23026315867900848,-0.11319787055253983,0.9999818205833435,0.49846944212913513,0.21007698774337769,-0.10247459262609482,0.9999701380729675,0.5022098422050476,0.20693017542362213,-0.10266757756471634,0.9999719262123108,0.505885899066925,0.20360110700130463,-0.10254659503698349,0.9999780654907227,0.4915663003921509,0.212261363863945,-0.09219665080308914,0.9999701976776123,0.4891844093799591,0.21113845705986023,-0.09248988330364227,0.9999714493751526,0.4866604208946228,0.21002070605754852,-0.09253120422363281,0.9999702572822571,0.5175355672836304,0.18927545845508575,-0.02394229918718338,0.999984085559845,0.488679975271225,0.20114903151988983,0.022948045283555984,0.9999021291732788,0.5066880583763123,0.23643429577350616,-0.07999420911073685,0.9999751448631287,0.4978410303592682,0.23966236412525177,-0.06777171045541763,0.999944806098938,0.5555890798568726,0.25487762689590454,0.0030968934297561646,0.9999972581863403,0.4768616855144501,0.2542324662208557,0.10123126953840256,0.9999544024467468,0.5805934071540833,0.36740249395370483,-0.08513464033603668,0.9533892869949341,0.4504815638065338,0.3631320595741272,0.1313355416059494,0.5013337731361389,0.5475650429725647,0.35909804701805115,-0.22786496579647064,0.9848553538322449,0.40541237592697144,0.3657304644584656,0.02077765017747879,0.839796245098114,0.5359615087509155,0.36039379239082336,-0.25822240114212036,0.9835392832756042,0.3905293345451355,0.36517345905303955,0.007268173154443502,0.8886276483535767,0.5325340032577515,0.3389139175415039,-0.2609684467315674,0.9844020009040833,0.3906064033508301,0.34647905826568604,-0.017253482714295387,0.8945492506027222,0.5328266620635986,0.3413524925708771,-0.230018749833107,0.9707328081130981,0.3976775109767914,0.34632158279418945,0.008098138496279716,0.857711136341095,0.51934415102005,0.4747810661792755,-0.05400953069329262,0.9988893270492554,0.4784512221813202,0.44948047399520874,0.05370447784662247,0.9984785318374634,0.46713370084762573,0.4847932457923889,-0.2812667489051819,0.8449841737747192,0.40749937295913696,0.394975483417511,-0.19044120609760284,0.5995380282402039,0.37193313241004944,0.5443289279937744,-0.4869861602783203,0.7047979831695557,0.33804330229759216,0.4204648733139038,-0.3568726181983948,0.45903390645980835,0.35928401350975037,0.5843697786331177,-0.5135480165481567,0.7435882687568665,0.33103784918785095,0.4896802604198456,-0.37599411606788635,0.588744044303894,0.329897940158844,0.4706742465496063,-0.6134559512138367,0.8467295169830322,0.29583218693733215,0.36977332830429077,-0.4409423768520355,0.6237446069717407
0.4973598122596741,0.23078666627407074,-0.12897565960884094,0.9999828934669495,0.49801546335220337,0.21030272543430328,-0.11788459867238998,0.9999720454216003,0.50184166431427,0.20718413591384888,-0.1180640161037445,0.9999735355377197,0.5055479407310486,0.20374687016010284,-0.1179887130856514,0.999979555606842,0.4910385310649872,0.21284687519073486,-0.10834788531064987,0.9999723434448242,0.48882171511650085,0.2119694948196411,-0.10864005982875824,0.9999733567237854,0.4863438904285431,0.2110186070203781,-0.10869397968053818,0.9999720454216003,0.5164734125137329,0.1888696700334549,-0.030062338337302208,0.9999843239784241,0.48775577545166016,0.20154334604740143,0.015247237868607044,0.999899685382843,0.5061118602752686,0.23667342960834503,-0.0913679227232933,0.9999712109565735,0.4975599944591522,0.2398247867822647,-0.07984461635351181,0.9999298453330994,0.5548276305198669,0.25491634011268616,-0.004059892147779465,0.9999973177909851,0.4765266478061676,0.25129497051239014,0.12273062765598297,0.9999504685401917,0.579624354839325,0.36652520298957825,-0.12159779667854309,0.9039731621742249,0.4508548080921173,0.3543628454208374,0.13317297399044037,0.4515659809112549,0.5469045639038086,0.35920047760009766,-0.2940291166305542,0.9392379522323608,0.4212805926799774,0.3863089978694916,0.023575397208333015,0.7562269568443298,0.5354201197624207,0.36121782660484314,-0.332367867231369,0.9445741176605225,0.41627469658851624,0.4084235429763794,0.013412907719612122,0.8009292483329773,0.532276451587677,0.3396211266517639,-0.3309084177017212,0.9477033615112305,0.41613712906837463,0.39328041672706604,-0.012668581679463387,0.8063212633132935,0.5327755212783813,0.3418652415275574,-0.2956957221031189,0.9195190072059631,0.41991469264030457,0.3909548819065094,0.011367079801857471,0.7728615403175354,0.5194908380508423,0.474649041891098,-0.051641277968883514,0.998806893825531,0.47954291105270386,0.4514285624027252,0.051327671855688095,0.9982806444168091,0.4595716595649719,0.42462292313575745,-0.30151626467704773,0.793921947479248,0.412447065114975,0.38427916169166565,-0.248221293091774,0.5465434789657593,0.3555707633495331,0.387363463640213,-0.5864659547805786,0.6610243320465088,0.3411456048488617,0.3674248158931732,-0.4691260755062103,0.415418803691864,0.3341807723045349,0.415607213973999,-0.6202563047409058,0.7495619058609009,0.32202526926994324,0.4017951786518097,-0.49428409337997437,0.5536308884620667,0.3253069221973419,0.2528466582298279,-0.7286615967750549,0.8387897610664368,0.30324772000312805,0.27758321166038513,-0.5747832655906677,0.5771338939666748
0.4963681399822235,0.23112887144088745,-0.12259776145219803,0.9999839663505554,0.497071236371994,0.210420161485672,-0.11100517213344574,0.9999738931655884,0.5009396076202393,0.20734407007694244,-0.11117243766784668,0.9999750852584839,0.5047404170036316,0.20382659137248993,-0.1111014261841774,0.9999809265136719,0.48994219303131104,0.2132013440132141,-0.10203097760677338,0.9999743700027466,0.4876183569431305,0.21243806183338165,-0.1023121252655983,0.9999752044677734,0.48512908816337585,0.21156451106071472,-0.10235636681318283,0.9999738335609436,0.5155097842216492,0.1884976327419281,-0.022213494405150414,0.9999843835830688,0.48577260971069336,0.2018192708492279,0.02272305078804493,0.9998990893363953,0.5050675272941589,0.23704150319099426,-0.08372771739959717,0.9999685883522034,0.49660903215408325,0.2401266098022461,-0.07293698936700821,0.9999202489852905,0.5538313388824463,0.254889577627182,-0.003123883856460452,0.9999974370002747,0.47484704852104187,0.25049731135368347,0.13325119018554688,0.9999499917030334,0.5780156850814819,0.36631351709365845,-0.12315752357244492,0.8605656623840332,0.45090991258621216,0.3539049029350281,0.13402627408504486,0.4069840908050537,0.5464429259300232,0.36023297905921936,-0.30835482478141785,0.9029422998428345,0.4264770448207855,0.4006057381629944,0.02329445444047451,0.6812307834625244,0.5355565547943115,0.36303552985191345,-0.3490525484085083,0.9129621982574463,0.42435261607170105,0.43499118089675903,0.010120781138539314,0.722408652305603,0.5323202610015869,0.34146490693092346,-0.34614503383636475,0.9178754687309265,0.42545801401138306,0.42189255356788635,-0.015547770075500011,0.7273010611534119,0.5328195095062256,0.3436434268951416,-0.309726357460022,0.8756008148193359,0.42859983444213867,0.41761350631713867,0.010099983774125576,0.6967074275016785,0.5162632465362549,0.47297462821006775,-0.05190890282392502,0.9987432956695557,0.47908204793930054,0.4535282850265503,0.05160551890730858,0.9981614947319031,0.46175575256347656,0.4054306447505951,-0.314754456281662,0.7489858865737915,0.40184685587882996,0.3870803415775299,-0.24591054022312164,0.4988044202327728,0.3537561595439911,0.34755566716194153,-0.5768606066703796,0.6163432002067566,0.3220273554325104,0.3616563677787781,-0.446099191904068,0.37635546922683716,0.3322243392467499,0.3755485415458679,-0.6080477237701416,0.7502850294113159,0.3112131953239441,0.3986522853374481,-0.4693872034549713,0.5242639183998108,0.3303278684616089,0.21776153147220612,-0.714817464351654,0.8277214169502258,0.30554088950157166,0.22280992567539215,-0.5526573061943054,0.5365462303161621
0.49604207277297974,0.23127247393131256,-0.11233334243297577,0.9999850392341614,0.49660825729370117,0.21038936078548431,-0.09974513947963715,0.9999756813049316,0.5006148815155029,0.20732161402702332,-0.09988752752542496,0.9999766945838928,0.5044570565223694,0.2037605494260788,-0.09983222186565399,0.9999822378158569,0.4892469346523285,0.21320846676826477,-0.09198848158121109,0.9999762773513794,0.4867914915084839,0.21249477565288544,-0.09225963801145554,0.9999769926071167,0.4840906262397766,0.211698979139328,-0.09227068722248077,0.9999755620956421,0.51474928855896,0.18822240829467773,-0.009514073841273785,0.9999847412109375,0.48445653915405273,0.20189982652664185,0.029596755281090736,0.9999001622200012,0.5050066709518433,0.23710238933563232,-0.0730520486831665,0.9999669790267944,0.49609383940696716,0.24026675522327423,-0.06390306353569031,0.9999132752418518,0.5523220300674438,0.2547396421432495,0.0038524374831467867,0.9999975562095642,0.47385019063949585,0.25026649236679077,0.13678237795829773,0.9999498128890991,0.5753002762794495,0.36395666003227234,-0.12143402546644211,0.8310164213180542,0.4513548016548157,0.3474505841732025,0.14016015827655792,0.36680030822753906,0.5441712737083435,0.360108882188797,-0.300432950258255,0.876163125038147,0.43303343653678894,0.40075692534446716,0.03436555713415146,0.6136415004730225,0.533163845539093,0.3632151186466217,-0.3404064476490021,0.8901564478874207,0.43049484491348267,0.4287737011909485,0.02397814951837063,0.651589572429657,0.5307009816169739,0.3414352238178253,-0.3370329439640045,0.896576464176178,0.43123531341552734,0.416073739528656,-0.0014446967979893088,0.6560182571411133,0.531283438205719,0.3436521887779236,-0.30150139331817627,0.8431351184844971,0.4340481162071228,0.41186830401420593,0.022282825782895088,0.6281161308288574,0.5148091912269592,0.47022709250450134,-0.05373163893818855,0.9987403154373169,0.47834622859954834,0.4540484547615051,0.05342777073383331,0.9981347322463989,0.46323302388191223,0.39031437039375305,-0.30804309248924255,0.7221022844314575,0.40071171522140503,0.3771018087863922,-0.2314237505197525,0.458425909280777,0.3552274703979492,0.3284814655780792,-0.5682057738304138,0.590123176574707,0.3214689791202545,0.3549225628376007,-0.4134785234928131,0.34199202060699463,0.333653062582016,0.3536433279514313,-0.5997105240821838,0.7606253027915955,0.3119617700576782,0.390861839056015,-0.4348670244216919,0.5024008750915527,0.3332750201225281,0.20210915803909302,-0.7079885005950928,0.8296319246292114,0.2968134880065918,0.24753154814243317,-0.5151574611663818,0.5051785111427307
0.4952050447463989,0.23132123053073883,-0.11193100363016129,0.9999837279319763,0.4958491027355194,0.21036741137504578,-0.10202418267726898,0.9999743103981018,0.4998854994773865,0.20731811225414276,-0.10219299048185349,0.9999752044677734,0.5037986636161804,0.20374716818332672,-0.10214021801948547,0.9999817609786987,0.4884893596172333,0.21318933367729187,-0.09257757663726807,0.9999750852584839,0.4860309064388275,0.21249105036258698,-0.09284131228923798,0.9999753832817078,0.4833888113498688,0.2117203325033188,-0.09288488328456879,0.999972939491272,0.5140108466148376,0.18800313770771027,-0.02233484946191311,0.9999820590019226,0.48434963822364807,0.20189571380615234,0.024032313376665115,0.9998611211776733,0.5042436122894287,0.23715496063232422,-0.07650750130414963,0.9999531507492065,0.49524179100990295,0.2403629720211029,-0.0650034174323082,0.9998593330383301,0.5513784289360046,0.25473833084106445,-0.010206762701272964,0.9999974966049194,0.4730166494846344,0.25000810623168945,0.131161630153656,0.9999350309371948,0.5743927359580994,0.36240148544311523,-0.12468942999839783,0.7974439263343811,0.4514269232749939,0.34817832708358765,0.13337089121341705,0.3304775655269623,0.5429922938346863,0.35985705256462097,-0.2965364158153534,0.8489937782287598,0.42891791462898254,0.39643844962120056,0.030774688348174095,0.5526284575462341,0.532068133354187,0.36322036385536194,-0.3313981294631958,0.8648537397384644,0.4263204038143158,0.4225353002548218,0.020039232447743416,0.587275505065918,0.52947598695755,0.3414921164512634,-0.3219049572944641,0.8727188110351562,0.42612794041633606,0.4112059772014618,-0.005681916605681181,0.5912940502166748,0.5298170447349548,0.34362879395484924,-0.293099969625473,0.8077145218849182,0.4296265244483948,0.4076913893222809,0.0182290468364954,0.5659766793251038,0.5148759484291077,0.46840015053749084,-0.05569075047969818,0.9986201524734497,0.4784921705722809,0.45428329706192017,0.05539920553565025,0.9978160262107849,0.4640149176120758,0.4006010890007019,-0.2998603880405426,0.6897979974746704,0.40146562457084656,0.3830466568470001,-0.16136719286441803,0.41569313406944275,0.35826095938682556,0.32716989517211914,-0.537606954574585,0.569055438041687,0.3245985805988312,0.3602028489112854,-0.27796700596809387,0.3097365200519562,0.3380443751811981,0.3507034182548523,-0.5668462514877319,0.7634402513504028,0.3157670199871063,0.39065679907798767,-0.29211747646331787,0.4694593846797943,0.3347693383693695,0.20549413561820984,-0.67452472448349,0.8252401947975159,0.29624736309051514,0.26579347252845764,-0.3577715754508972,0.46405524015426636
0.4946278929710388,0.2319747358560562,-0.11179013550281525,0.9999844431877136,0.49536076188087463,0.21091587841510773,-0.10244739800691605,0.9999755620956421,0.4994187653064728,0.20793157815933228,-0.10261393338441849,0.9999763369560242,0.5033098459243774,0.20417435467243195,-0.10256018489599228,0.9999827742576599,0.4879118502140045,0.2138509750366211,-0.09287489950656891,0.9999764561653137,0.4853571057319641,0.21310065686702728,-0.09313882887363434,0.999976634979248,0.4826540946960449,0.21224497258663177,-0.09318101406097412,0.9999740719795227,0.5134982466697693,0.1879780888557434,-0.02264399081468582,0.9999823570251465,0.4834844470024109,0.20189495384693146,0.023331323638558388,0.9998597502708435,0.503476619720459,0.23757228255271912,-0.07665150612592697,0.9999521970748901,0.49462756514549255,0.24094057083129883,-0.06500332057476044,0.9998540282249451,0.5508214831352234,0.25473958253860474,-0.008099375292658806,0.999997615814209,0.4724174439907074,0.25020310282707214,0.13253141939640045,0.9999333024024963,0.573360800743103,0.36215904355049133,-0.12668496370315552,0.7735331654548645,0.4510970115661621,0.3479030430316925,0.1347520649433136,0.29795020818710327,0.5418595671653748,0.35917994379997253,-0.2939926087856293,0.8349885940551758,0.42721521854400635,0.39595383405685425,0.02937045879662037,0.49801406264305115,0.5311684012413025,0.363056480884552,-0.3310837745666504,0.8517112135887146,0.4217536747455597,0.41668209433555603,0.019277965649962425,0.5301387906074524,0.528393030166626,0.34127649664878845,-0.3252188563346863,0.8606994152069092,0.42176562547683716,0.4047636389732361,-0.0067480215802788734,0.533821702003479,0.5285971760749817,0.34344008564949036,-0.2933419644832611,0.7860453128814697,0.4256243109703064,0.40175557136535645,0.01679997704923153,0.5105803608894348,0.5143119692802429,0.46954700350761414,-0.05570812150835991,0.9985898733139038,0.47803446650505066,0.4544829726219177,0.055417951196432114,0.9977239966392517,0.4651238024234772,0.3954336941242218,-0.30101412534713745,0.6720832586288452,0.40129342675209045,0.37678292393684387,-0.17558304965496063,0.3813733458518982,0.35803842544555664,0.3250153064727783,-0.5416549444198608,0.5560758113861084,0.32265737652778625,0.35105574131011963,-0.3033881187438965,0.2823893129825592,0.3384445607662201,0.34732556343078613,-0.5707025527954102,0.7707529664039612,0.31417787075042725,0.35470443964004517,-0.3230336904525757,0.4480201005935669,0.3354606330394745,0.20269927382469177,-0.6779051423072815,0.8273360729217529,0.29482385516166687,0.25356507301330566,-0.40400317311286926,0.4357230067253113
0.4940381646156311,0.2323794811964035,-0.10307487845420837,0.9999853372573853,0.49501875042915344,0.21142584085464478,-0.09382312744855881,0.9999771118164062,0.49908360838890076,0.20843832194805145,-0.09399291127920151,0.9999778270721436,0.5028814673423767,0.20456038415431976,-0.09393604844808578,0.9999839663505554,0.48760128021240234,0.21443761885166168,-0.08429557830095291,0.9999780058860779,0.4850950837135315,0.21363061666488647,-0.08454930782318115,0.9999780654907227,0.48242318630218506,0.21267597377300262,-0.08458343148231506,0.9999754428863525,0.5132583975791931,0.188027024269104,-0.015696853399276733,0.9999831914901733,0.48340994119644165,0.20199285447597504,0.02812540903687477,0.9998622536659241,0.5027931332588196,0.2380448281764984,-0.06889449059963226,0.9999525547027588,0.4938502013683319,0.2412731647491455,-0.05741007998585701,0.9998528957366943,0.5499966740608215,0.25460657477378845,-0.0039078108966350555,0.9999977350234985,0.47215643525123596,0.25004881620407104,0.1365051120519638,0.9999316930770874,0.5720400214195251,0.36139610409736633,-0.12272097170352936,0.757906436920166,0.4504343569278717,0.34505659341812134,0.13689711689949036,0.26870498061180115,0.5410557389259338,0.356820672750473,-0.29093655943870544,0.8306329846382141,0.42707639932632446,0.3952884078025818,0.0300842747092247,0.4489133358001709,0.5305649638175964,0.36114266514778137,-0.3282924294471741,0.8478102087974548,0.41921332478523254,0.41218075156211853,0.020369039848446846,0.4788760542869568,0.527011513710022,0.33944717049598694,-0.324984610080719,0.8572712540626526,0.41938260197639465,0.39975497126579285,-0.004739418160170317,0.4822536110877991,0.5268741250038147,0.3419695496559143,-0.2912808656692505,0.7769348621368408,0.4237309694290161,0.39721280336380005,0.017824135720729828,0.4608735144138336,0.5133112668991089,0.46741625666618347,-0.0552089661359787,0.9985640645027161,0.4772634208202362,0.45280683040618896,0.05491359904408455,0.9976047277450562,0.4599604904651642,0.38665032386779785,-0.29743853211402893,0.6682750582695007,0.40196675062179565,0.37124502658843994,-0.17625342309474945,0.3529147207736969,0.3598082959651947,0.3367367386817932,-0.539351224899292,0.5560126900672913,0.3220815658569336,0.35543203353881836,-0.3080701231956482,0.2587876319885254,0.33897122740745544,0.3630477488040924,-0.5689479112625122,0.7824957370758057,0.31255805492401123,0.3661334812641144,-0.324746310710907,0.4354449510574341,0.33602458238601685,0.21421179175376892,-0.6768537163734436,0.8346054553985596,0.29168587923049927,0.25865691900253296,-0.39580461382865906,0.4156288206577301
0.49326658248901367,0.2322758436203003,-0.11919526010751724,0.9999855756759644,0.49450236558914185,0.21141664683818817,-0.11002916842699051,0.9999775290489197,0.4985696077346802,0.20835667848587036,-0.11020378768444061,0.9999780058860779,0.5023547410964966,0.20434607565402985,-0.11015943437814713,0.9999843835830688,0.4871116876602173,0.21437297761440277,-0.10029105097055435,0.9999787211418152,0.4846350848674774,0.21357332170009613,-0.10056372731924057,0.9999786019325256,0.48198649287223816,0.21263597905635834,-0.1006155014038086,0.9999759197235107,0.5127507448196411,0.18796537816524506,-0.02821267955005169,0.9999825358390808,0.4830384850502014,0.20196278393268585,0.018192550167441368,0.9998541474342346,0.5021859407424927,0.23803982138633728,-0.08380516618490219,0.9999485015869141,0.4931502044200897,0.24126595258712769,-0.07178573310375214,0.9998387694358826,0.5495150089263916,0.2540525197982788,-0.008109522052109241,0.9999977946281433,0.4721928834915161,0.25007128715515137,0.1247553676366806,0.9999315142631531,0.571976900100708,0.36089351773262024,-0.13083499670028687,0.7254098057746887,0.4494786560535431,0.3440580666065216,0.12415413558483124,0.242311492562294,0.5408506989479065,0.35583460330963135,-0.3061315417289734,0.803147554397583,0.4259554445743561,0.39256811141967773,0.010380507446825504,0.4047946333885193,0.5304985642433167,0.36022430658340454,-0.34470346570014954,0.8233997821807861,0.41927024722099304,0.41008198261260986,-0.0008489724132232368,0.4328923225402832,0.5270369052886963,0.3380727469921112,-0.3429797887802124,0.8346218466758728,0.41829827427864075,0.3977593183517456,-0.027124322950839996,0.4360661506652832,0.5269162654876709,0.3410361707210541,-0.3075973093509674,0.7456269860267639,0.4226376414299011,0.39528688788414,-0.0020822654478251934,0.4162863790988922,0.5139108300209045,0.4678986072540283,-0.05407451093196869,0.9984468817710876,0.47754859924316406,0.45218169689178467,0.053734004497528076,0.9974352717399597,0.45482200384140015,0.3923209607601166,-0.2956603169441223,0.617709755897522,0.4042693078517914,0.3718011677265167,-0.20513126254081726,0.3209817409515381,0.35327672958374023,0.35358986258506775,-0.5615675449371338,0.513472318649292,0.3280579745769501,0.377828985452652,-0.3986361622810364,0.23385795950889587,0.33861294388771057,0.41074323654174805,-0.5939390659332275,0.7627451419830322,0.31900468468666077,0.40838298201560974,-0.4213032126426697,0.4035864770412445,0.33070212602615356,0.22924505174160004,-0.7006328105926514,0.8066297769546509,0.2972165644168854,0.2999154031276703,-0.49671316146850586,0.3806339204311371
0.4921829104423523,0.23127281665802002,-0.11666693538427353,0.9999827146530151,0.4936906099319458,0.21092350780963898,-0.10644004493951797,0.9999732971191406,0.49762800335884094,0.20757129788398743,-0.10661040991544724,0.9999751448631287,0.5014792084693909,0.20374234020709991,-0.10655496269464493,0.999982476234436,0.4864094853401184,0.21335873007774353,-0.09665293991565704,0.9999744296073914,0.48405465483665466,0.21247577667236328,-0.0969291403889656,0.9999746084213257,0.4815417230129242,0.2114877998828888,-0.09696511924266815,0.9999690055847168,0.5122272372245789,0.1879562884569168,-0.02701391652226448,0.9999800324440002,0.4828890860080719,0.20087774097919464,0.0223295446485281,0.9998041391372681,0.5013169050216675,0.2376544028520584,-0.08031776547431946,0.9999334812164307,0.49223172664642334,0.24076388776302338,-0.0683625191450119,0.9997715950012207,0.5489537715911865,0.25368884205818176,-0.008833175525069237,0.9999977350234985,0.47243109345436096,0.2489989697933197,0.12838084995746613,0.9999144077301025,0.5720417499542236,0.3603316843509674,-0.12675590813159943,0.7305387854576111,0.44917622208595276,0.3409254550933838,0.12312911450862885,0.2192094773054123,0.5409358143806458,0.35507017374038696,-0.30361711978912354,0.8099709749221802,0.4129742383956909,0.3819544017314911,0.004967121873050928,0.3665963411331177,0.5306646823883057,0.35901954770088196,-0.34266844391822815,0.8293978571891785,0.40173009037971497,0.37967681884765625,-0.007122866343706846,0.39477601647377014,0.5273303389549255,0.3365447521209717,-0.3395511209964752,0.8404983282089233,0.3985850512981415,0.3697766661643982,-0.033060140907764435,0.3979123830795288,0.5272473692893982,0.339863657951355,-0.3033486008644104,0.753080427646637,0.40470072627067566,0.37420302629470825,-0.008173167705535889,0.37921497225761414,0.5128645300865173,0.46679922938346863,-0.05529307946562767,0.9981352686882019,0.4762326776981354,0.44769203662872314,0.05489760637283325,0.9966199994087219,0.45070332288742065,0.3940376043319702,-0.3027559518814087,0.6179692149162292,0.40550899505615234,0.38451698422431946,-0.12053236365318298,0.29622918367385864,0.34538641571998596,0.3848545253276825,-0.5997528433799744,0.5248355865478516,0.33137407898902893,0.39848193526268005,-0.24057099223136902,0.21219873428344727,0.3350691795349121,0.4489157795906067,-0.6347540616989136,0.7787424325942993,0.33247870206832886,0.4747523069381714,-0.25527217984199524,0.38584065437316895,0.3150103986263275,0.26822128891944885,-0.7513027191162109,0.8186330795288086,0.29980093240737915,0.3662603795528412,-0.31402769684791565,0.354453444480896
0.4917484223842621,0.22965919971466064,-0.12931932508945465,0.9999839067459106,0.4933325946331024,0.21019236743450165,-0.12091531604528427,0.9999750852584839,0.49713051319122314,0.20673993229866028,-0.1210918053984642,0.999976634979248,0.5009056329727173,0.20313075184822083,-0.12104754894971848,0.9999836087226868,0.4862416386604309,0.2119411677122116,-0.11028338968753815,0.999976396560669,0.4839630424976349,0.2108459621667862,-0.11055146902799606,0.9999765753746033,0.48151883482933044,0.20961159467697144,-0.11060541123151779,0.9999714493751526,0.5121448636054993,0.1878783106803894,-0.03992375358939171,0.9999810457229614,0.48296043276786804,0.19974231719970703,0.011054502800107002,0.9998178482055664,0.5007829070091248,0.2364872246980667,-0.09373185783624649,0.9999371767044067,0.4916685223579407,0.23907262086868286,-0.0806577131152153,0.9997875094413757,0.5490949153900146,0.25366535782814026,-0.0174117311835289,0.9999977946281433,0.47152188420295715,0.24925610423088074,0.125055730342865,0.9999199509620667,0.5723787546157837,0.3623947501182556,-0.1276475191116333,0.7330241799354553,0.44616836309432983,0.35096263885498047,0.12127809971570969,0.20083053410053253,0.540783703327179,0.35502418875694275,-0.2984670102596283,0.8198009133338928,0.40507468581199646,0.3684862554073334,-0.015621302649378777,0.3573337495326996,0.5307342410087585,0.35684117674827576,-0.33884429931640625,0.8372294306755066,0.38991251587867737,0.3625708818435669,-0.03158654645085335,0.3996826708316803,0.5273884534835815,0.3356974422931671,-0.3343219459056854,0.8481654524803162,0.38934287428855896,0.3492571711540222,-0.058530014008283615,0.40540385246276855,0.5271390676498413,0.33941832184791565,-0.29871708154678345,0.762488067150116,0.39614173769950867,0.3526715338230133,-0.02971184067428112,0.3767912685871124,0.5133845210075378,0.47113552689552307,-0.05531514808535576,0.9981037974357605,0.47650355100631714,0.4530452489852905,0.05492332950234413,0.9966977834701538,0.45382049679756165,0.39903247356414795,-0.2821067273616791,0.5843247771263123,0.4088783264160156,0.38065290451049805,-0.18274427950382233,0.27655136585235596,0.3498966097831726,0.41245272755622864,-0.50001060962677,0.4925731122493744,0.3333236575126648,0.4200097918510437,-0.41239601373672485,0.19466444849967957,0.3348335027694702,0.4635106921195984,-0.5263397097587585,0.7656781673431396,0.3282897174358368,0.4871324896812439,-0.4386865794658661,0.3704843819141388,0.3165852427482605,0.29806843400001526,-0.6231403350830078,0.7986923456192017,0.29590877890586853,0.3757471442222595,-0.5231420993804932,0.3370648920536041
0.49101847410202026,0.22857366502285004,-0.1362217515707016,0.9999854564666748,0.4928039014339447,0.20962980389595032,-0.12782670557498932,0.9999774694442749,0.4965040385723114,0.2061728686094284,-0.12798495590686798,0.9999788403511047,0.5002867579460144,0.20270636677742004,-0.1279287040233612,0.9999851584434509,0.48576411604881287,0.21080777049064636,-0.1165311262011528,0.9999787211418152,0.48350000381469727,0.2095361202955246,-0.11680550873279572,0.9999788403511047,0.48112666606903076,0.20811827480793,-0.11685939133167267,0.999974250793457,0.5120921730995178,0.18770386278629303,-0.04604260250926018,0.9999827742576599,0.4828820824623108,0.1988990306854248,0.0074346004985272884,0.9998355507850647,0.49980154633522034,0.23588193953037262,-0.10058542340993881,0.9999430775642395,0.49101313948631287,0.23815558850765228,-0.08672058582305908,0.9998080730438232,0.5490438938140869,0.2535848021507263,-0.0207244660705328,0.9999979138374329,0.47073423862457275,0.2504773437976837,0.12498719245195389,0.9999270439147949,0.5720779895782471,0.3624268174171448,-0.134726420044899,0.7483538389205933,0.4450056850910187,0.35688337683677673,0.12424491345882416,0.19466572999954224,0.5407945513725281,0.3549560308456421,-0.30704742670059204,0.8346341252326965,0.39976316690444946,0.36374932527542114,-0.006393356714397669,0.39944133162498474,0.5316854119300842,0.3551502823829651,-0.3446359932422638,0.8503503799438477,0.38418522477149963,0.36037275195121765,-0.01997099630534649,0.4464395046234131,0.5275371074676514,0.3353830873966217,-0.346948504447937,0.8604498505592346,0.3842630684375763,0.3441305160522461,-0.044812701642513275,0.45270538330078125,0.5269769430160522,0.33910155296325684,-0.3099793791770935,0.7805364727973938,0.390868216753006,0.34653663635253906,-0.0189425777643919,0.41979992389678955,0.5137181282043457,0.4709705710411072,-0.05520405247807503,0.9981974363327026,0.47669124603271484,0.4493881165981293,0.05481961742043495,0.9969339370727539,0.45469340682029724,0.4175134301185608,-0.28374195098876953,0.5886574387550354,0.4087642729282379,0.406215637922287,-0.2244640737771988,0.29165083169937134,0.3522104322910309,0.46932151913642883,-0.4883507788181305,0.48204925656318665,0.33351296186447144,0.4564709961414337,-0.4751116633415222,0.190628319978714,0.33675310015678406,0.5280246734619141,-0.5132536888122559,0.7687128186225891,0.3204460144042969,0.5169532895088196,-0.5038622617721558,0.3862834870815277,0.31256103515625,0.3788863718509674,-0.6087561249732971,0.7988530993461609,0.2900463938713074,0.38481172919273376,-0.5933487415313721,0.354460209608078
0.49043744802474976,0.22780543565750122,-0.14067845046520233,0.9999868869781494,0.49226635694503784,0.2091464102268219,-0.13257749378681183,0.9999796748161316,0.4959898591041565,0.2056642323732376,-0.13273976743221283,0.9999809265136719,0.4998095631599426,0.20227521657943726,-0.13267408311367035,0.9999865889549255,0.4851817190647125,0.2099129557609558,-0.12041230499744415,0.9999808073043823,0.4829633831977844,0.208466038107872,-0.1206737533211708,0.9999809265136719,0.48068714141845703,0.20688000321388245,-0.1207205280661583,0.9999768137931824,0.5121254324913025,0.1872524917125702,-0.05280442535877228,0.9999844431877136,0.4827290177345276,0.19786331057548523,0.004702594596892595,0.9998518228530884,0.4992468059062958,0.23499129712581635,-0.1057872623205185,0.9999486804008484,0.4905080795288086,0.2372807264328003,-0.09081687033176422,0.9998270869255066,0.5489543080329895,0.2533552348613739,-0.02917778678238392,0.9999980926513672,0.470115065574646,0.25115811824798584,0.1269070953130722,0.9999337792396545,0.5719935894012451,0.36305558681488037,-0.13733051717281342,0.7715719938278198,0.4449448585510254,0.3619824945926666,0.13732939958572388,0.21465431153774261,0.540899395942688,0.35492485761642456,-0.3034839332103729,0.8508270978927612,0.3970023989677429,0.3636437952518463,0.006580259185284376,0.4552304446697235,0.5322180986404419,0.35471493005752563,-0.34075307846069336,0.8648809194564819,0.38197046518325806,0.36066633462905884,-0.009582539089024067,0.49900713562965393,0.5276180505752563,0.33531054854393005,-0.3436470031738281,0.8740023374557495,0.3818488121032715,0.34328341484069824,-0.036844056099653244,0.5049018263816833,0.5268294811248779,0.33885616064071655,-0.3063960671424866,0.8016065955162048,0.38802090287208557,0.3447158932685852,-0.007638054899871349,0.4732973873615265,0.5143677592277527,0.4690678119659424,-0.05528843775391579,0.998322606086731,0.4767843782901764,0.44269508123397827,0.05492635443806648,0.9971842169761658,0.4623124897480011,0.46057143807411194,-0.28527840971946716,0.6220105290412903,0.410394549369812,0.41633960604667664,-0.22220851480960846,0.3425498306751251,0.35286036133766174,0.5189914703369141,-0.4394156038761139,0.5153116583824158,0.3373359441757202,0.5208756327629089,-0.45727822184562683,0.23807145655155182,0.3451172411441803,0.5783361196517944,-0.459227591753006,0.7855238914489746,0.33516180515289307,0.5986517667770386,-0.48560014367103577,0.43241357803344727,0.31295520067214966,0.46171316504478455,-0.5600140690803528,0.8139057755470276,0.2932119071483612,0.4644520580768585,-0.5896598100662231,0.40706735849380493
0.48958495259284973,0.22685326635837555,-0.08897300809621811,0.9999881982803345,0.4915468990802765,0.2085711807012558,-0.07912243902683258,0.9999816417694092,0.49517175555229187,0.2051384001970291,-0.07926888018846512,0.9999827742576599,0.49904611706733704,0.20188355445861816,-0.07919243723154068,0.9999879002571106,0.4844614565372467,0.20901426672935486,-0.06752967834472656,0.9999827146530151,0.4823048710823059,0.2073957771062851,-0.06774260103702545,0.9999828338623047,0.4801556169986725,0.2055751383304596,-0.06777671724557877,0.9999790787696838,0.5118640661239624,0.18716035783290863,0.0018983726622536778,0.999985933303833,0.4826342761516571,0.19677811861038208,0.056728363037109375,0.9998664259910583,0.4984131157398224,0.23413904011249542,-0.05399289354681969,0.9999536871910095,0.4897426962852478,0.2362305372953415,-0.03979163616895676,0.9998441338539124,0.5485814213752747,0.25259193778038025,0.023235194385051727,0.9999982714653015,0.46983471512794495,0.2511959671974182,0.1723855435848236,0.9999398589134216,0.5720749497413635,0.3632563054561615,-0.08417932689189911,0.7937008142471313,0.4452713131904602,0.3665046691894531,0.19009564816951752,0.24221746623516083,0.5409852862358093,0.35487937927246094,-0.24264246225357056,0.8656497597694397,0.3952897787094116,0.36471548676490784,0.08113136142492294,0.5071227550506592,0.5329428315162659,0.354155033826828,-0.2771679162979126,0.8782647252082825,0.38165172934532166,0.36269915103912354,0.06871465593576431,0.5475035905838013,0.5277271866798401,0.33525630831718445,-0.2786558270454407,0.8864802718162537,0.3810698091983795,0.34395837783813477,0.04470645263791084,0.5528977513313293,0.5269129872322083,0.3384687602519989,-0.2447427660226822,0.8211780190467834,0.3872823119163513,0.3457915186882019,0.06854584813117981,0.5234313011169434,0.5146135687828064,0.4662208557128906,-0.05315316841006279,0.9984421133995056,0.47492650151252747,0.4416995942592621,0.05286010727286339,0.9973997473716736,0.46694108843803406,0.47555965185165405,-0.3082927167415619,0.6579123735427856,0.4103168547153473,0.4615436792373657,-0.2327372282743454,0.4006555676460266,0.36457884311676025,0.5768911838531494,-0.476473331451416,0.5592584013938904,0.3397999405860901,0.5791928172111511,-0.4243741035461426,0.2963302433490753,0.35474318265914917,0.6274080872535706,-0.5004924535751343,0.8056778907775879,0.3376420736312866,0.6421014666557312,-0.4484904110431671,0.4828474223613739,0.31617486476898193,0.5213026404380798,-0.6043455004692078,0.8317591547966003,0.2927173376083374,0.5580915808677673,-0.551578938961029,0.46259424090385437
0.48876380920410156,0.22630341351032257,-0.11432308703660965,0.9999892711639404,0.49076589941978455,0.2083628624677658,-0.10573410242795944,0.9999831318855286,0.4942719042301178,0.20498232543468475,-0.10584018379449844,0.9999842047691345,0.49816784262657166,0.20172643661499023,-0.10580525547266006,0.999988853931427,0.4835737347602844,0.20867352187633514,-0.09508486092090607,0.9999842643737793,0.4814389646053314,0.20705726742744446,-0.09529539942741394,0.9999843835830688,0.47930434346199036,0.20523960888385773,-0.09538493305444717,0.9999809861183167,0.5113126039505005,0.18694807589054108,-0.022259840741753578,0.999987006187439,0.4819512963294983,0.1962834745645523,0.02951134368777275,0.999879002571106,0.49759238958358765,0.23349742591381073,-0.0778302252292633,0.9999579191207886,0.48908334970474243,0.2355363667011261,-0.06443359702825546,0.9998589754104614,0.5481947660446167,0.25135892629623413,0.01495786476880312,0.9999982714653015,0.46943140029907227,0.25123482942581177,0.14334948360919952,0.999944806098938,0.5729934573173523,0.36353620886802673,-0.09808585047721863,0.8135677576065063,0.4454984664916992,0.3664015233516693,0.1435292363166809,0.297940731048584,0.5413656830787659,0.35486575961112976,-0.2843683958053589,0.8787495493888855,0.3950640559196472,0.3642597794532776,0.00029153114883229136,0.5552264451980591,0.5333380103111267,0.3538055419921875,-0.3248721659183502,0.8899269700050354,0.38132211565971375,0.3612426221370697,-0.021464917808771133,0.5917472839355469,0.5279824137687683,0.3349786400794983,-0.3289838135242462,0.8973498344421387,0.3810215890407562,0.341872900724411,-0.04837384074926376,0.5966461896896362,0.527072548866272,0.33791378140449524,-0.28862622380256653,0.8380978107452393,0.38734203577041626,0.34384024143218994,-0.014438150450587273,0.569527804851532,0.5173853039741516,0.46624329686164856,-0.05240156129002571,0.9983422160148621,0.47501081228256226,0.4470278024673462,0.05212535336613655,0.9974480271339417,0.45826801657676697,0.48597094416618347,-0.30900225043296814,0.6859452724456787,0.43102461099624634,0.5210078358650208,-0.2293464094400406,0.4442812502384186,0.3702525794506073,0.6390406489372253,-0.4817418158054352,0.5944313406944275,0.3775540590286255,0.7294125556945801,-0.33044490218162537,0.3239060044288635,0.3635951280593872,0.6889188289642334,-0.5055013298988342,0.8214466571807861,0.3787479102611542,0.7833386659622192,-0.3449029326438904,0.5159051418304443,0.31786006689071655,0.5982624888420105,-0.6471745371818542,0.8466874361038208,0.3371707797050476,0.7271312475204468,-0.4476328194141388,0.5005273222923279
0.48791512846946716,0.2257629632949829,-0.056131068617105484,0.9999903440475464,0.48969167470932007,0.2079513669013977,-0.04573546350002289,0.9999847412109375,0.4929179549217224,0.20451509952545166,-0.04584269970655441,0.9999856948852539,0.49683865904808044,0.2012718915939331,-0.04577916860580444,0.9999898672103882,0.48264679312705994,0.20820985734462738,-0.03414304554462433,0.9999858140945435,0.48055627942085266,0.20656555891036987,-0.03434973582625389,0.999985933303833,0.4784547984600067,0.20474685728549957,-0.0343976765871048,0.9999828338623047,0.5108425617218018,0.18633955717086792,0.03673700988292694,0.9999882578849792,0.48113957047462463,0.19599781930446625,0.09181515127420425,0.9998909831047058,0.4968613088130951,0.23260079324245453,-0.02037174068391323,0.9999620318412781,0.48834463953971863,0.23485161364078522,-0.006123444996774197,0.9998729228973389,0.5480473637580872,0.2507897913455963,0.061000559478998184,0.9999983906745911,0.46877890825271606,0.25141748785972595,0.20284952223300934,0.9999499917030334,0.5757690072059631,0.3660653829574585,-0.04487859457731247,0.8318386673927307,0.44513994455337524,0.36621829867362976,0.21855250000953674,0.3507290780544281,0.5415623188018799,0.3548796474933624,-0.2090277522802353,0.8907735347747803,0.3956216275691986,0.3623620867729187,0.0982818678021431,0.5990856885910034,0.5336361527442932,0.35334351658821106,-0.2459111362695694,0.9007635712623596,0.38172420859336853,0.36035606265068054,0.08062746375799179,0.6321026086807251,0.5282535552978516,0.334634006023407,-0.24671004712581635,0.9074536561965942,0.3811812102794647,0.341768741607666,0.05849015340209007,0.6365288496017456,0.5273188948631287,0.33746644854545593,-0.21136075258255005,0.8539469242095947,0.3879253566265106,0.3433097302913666,0.08577630668878555,0.6118212342262268,0.5192864537239075,0.46895354986190796,-0.050718843936920166,0.9984543919563293,0.4752408564090729,0.4579029083251953,0.050508007407188416,0.9976507425308228,0.45862188935279846,0.5309724807739258,-0.317531943321228,0.7152936458587646,0.4264989197254181,0.5231817960739136,-0.2502887547016144,0.4935418963432312,0.3884691298007965,0.7057560682296753,-0.43116575479507446,0.6212339401245117,0.37597280740737915,0.710078239440918,-0.35412833094596863,0.359040766954422,0.37826600670814514,0.7508901953697205,-0.4484342634677887,0.83443683385849,0.3639046847820282,0.7635399103164673,-0.3713209331035614,0.5482684969902039,0.33799615502357483,0.7053171992301941,-0.5710142850875854,0.8597026467323303,0.3314812481403351,0.6975700259208679,-0.4551669657230377,0.5431146621704102
0.48744258284568787,0.2251746505498886,-0.06426051259040833,0.9999904632568359,0.48919743299484253,0.20744721591472626,-0.07156188786029816,0.9999837279319763,0.4924766719341278,0.20391660928726196,-0.07156005501747131,0.9999842643737793,0.49637261033058167,0.2008674144744873,-0.07149997353553772,0.9999885559082031,0.4824346601963043,0.2079450637102127,-0.05393290892243385,0.9999858140945435,0.4803142547607422,0.20634391903877258,-0.05413335561752319,0.9999862313270569,0.4780885577201843,0.2045430988073349,-0.05423426255583763,0.9999834895133972,0.5104309916496277,0.18613529205322266,-0.013721812516450882,0.9999873638153076,0.48094579577445984,0.19584783911705017,0.05375717207789421,0.9998975396156311,0.4965883493423462,0.23156778514385223,-0.04486636072397232,0.9999643564224243,0.4880167841911316,0.2339857518672943,-0.02202548272907734,0.9998830556869507,0.5479385256767273,0.24980561435222626,0.0151118915528059,0.9999982714653015,0.4688909947872162,0.2508271634578705,0.15074637532234192,0.9999537467956543,0.5781294703483582,0.36631113290786743,-0.08212314546108246,0.8469363451004028,0.4451589584350586,0.3656138479709625,0.16564936935901642,0.38897353410720825,0.5422077775001526,0.3549114465713501,-0.2773749530315399,0.9009802937507629,0.39624011516571045,0.3575389087200165,0.012782116420567036,0.6375861763954163,0.5337116718292236,0.3531213402748108,-0.32010915875434875,0.9093852639198303,0.3822634816169739,0.3559865951538086,-0.011733287945389748,0.6672102212905884,0.528559148311615,0.33441412448883057,-0.3205103874206543,0.9155546426773071,0.3811286687850952,0.3399394750595093,-0.03588057681918144,0.6713987588882446,0.5280595421791077,0.33722004294395447,-0.2801568806171417,0.8661859631538391,0.38752827048301697,0.34036555886268616,-0.0018215010641142726,0.6482337117195129,0.5201171040534973,0.4716329872608185,-0.046278681606054306,0.9984631538391113,0.47535452246665955,0.4636467695236206,0.04610871523618698,0.9977718591690063,0.45902368426322937,0.5651259422302246,-0.26458117365837097,0.6987688541412354,0.4233245253562927,0.5531258583068848,-0.1478864550590515,0.48009997606277466,0.40505000948905945,0.7582195401191711,-0.26911869645118713,0.5844984650611877,0.37084946036338806,0.7428019046783447,-0.15322187542915344,0.3400709629058838,0.4072457253932953,0.7845557928085327,-0.2748251259326935,0.7791815400123596,0.3638809323310852,0.7913137078285217,-0.1588238626718521,0.5087180733680725,0.3612183630466461,0.8108803033828735,-0.397830992937088,0.8142275810241699,0.34579411149024963,0.7905451655387878,-0.2757386565208435,0.5131527185440063
0.4873686134815216,0.2238498330116272,-0.15830855071544647,0.9999908804893494,0.4890559911727905,0.20600014925003052,-0.15469472110271454,0.9999837875366211,0.4925236701965332,0.20250453054904938,-0.15482085943222046,0.999984085559845,0.49637433886528015,0.19963006675243378,-0.15478764474391937,0.999988317489624,0.4824581444263458,0.20726607739925385,-0.1429666131734848,0.9999862909317017,0.4803214967250824,0.20570258796215057,-0.14321406185626984,0.9999867677688599,0.4780323803424835,0.203963965177536,-0.1432950347661972,0.9999843239784241,0.5103105902671814,0.1847011148929596,-0.08294244110584259,0.9999876022338867,0.4809998571872711,0.1952366977930069,-0.027942514047026634,0.9999048113822937,0.49661317467689514,0.22975708544254303,-0.1258876472711563,0.9999670386314392,0.48798668384552,0.23255637288093567,-0.11132088303565979,0.9998931288719177,0.5478183627128601,0.24751710891723633,-0.04889630153775215,0.9999982118606567,0.4686673879623413,0.2505992650985718,0.08580334484577179,0.9999566078186035,0.5781330466270447,0.36465224623680115,-0.15060320496559143,0.8617554903030396,0.4446479380130768,0.36545082926750183,0.08295228332281113,0.43651777505874634,0.5424510836601257,0.3545183539390564,-0.33458054065704346,0.9106541275978088,0.396938681602478,0.35472601652145386,-0.06989625096321106,0.6725910305976868,0.5333439707756042,0.3531578481197357,-0.3763190507888794,0.9179776310920715,0.3824231028556824,0.3540475070476532,-0.09502065926790237,0.6991298794746399,0.5288702249526978,0.33254268765449524,-0.3787635862827301,0.9235696792602539,0.38160237669944763,0.3390443027019501,-0.11875505745410919,0.7030234932899475,0.5293137431144714,0.3339439332485199,-0.33782508969306946,0.8786588907241821,0.38843032717704773,0.33891576528549194,-0.08405552059412003,0.6814948320388794,0.5215474367141724,0.4720200002193451,-0.046700023114681244,0.9985241889953613,0.4770946204662323,0.4661152958869934,0.04652213305234909,0.9979150891304016,0.46218398213386536,0.5810937285423279,-0.2609827518463135,0.7088935971260071,0.4254067838191986,0.5620704889297485,-0.15135931968688965,0.4972315728664398,0.41788846254348755,0.7757412195205688,-0.2595623731613159,0.5828849673271179,0.3847571313381195,0.7835960388183594,-0.1722673922777176,0.36183834075927734,0.4174414277076721,0.8108593821525574,-0.26514241099357605,0.752156674861908,0.3843306005001068,0.8261327147483826,-0.1798064112663269,0.5081861019134521,0.37523946166038513,0.8087995648384094,-0.3830662667751312,0.8025142550468445,0.35352006554603577,0.8221775889396667,-0.29330676794052124,0.5257267951965332
0.4871683418750763,0.22355549037456512,-0.15834513306617737,0.9999915361404419,0.48905715346336365,0.2053646296262741,-0.15463414788246155,0.9999847412109375,0.4926854372024536,0.20183716714382172,-0.15477219223976135,0.9999849796295166,0.496501088142395,0.19889609515666962,-0.15473881363868713,0.9999889135360718,0.48249948024749756,0.20699790120124817,-0.14411942660808563,0.9999871850013733,0.48032665252685547,0.2054051160812378,-0.1443735808134079,0.9999877214431763,0.4779404401779175,0.20363956689834595,-0.1444522887468338,0.9999854564666748,0.5102630257606506,0.18405191600322723,-0.08409678190946579,0.9999884963035583,0.481004536151886,0.19474852085113525,-0.03360747545957565,0.999913215637207,0.49665382504463196,0.2290414571762085,-0.12518104910850525,0.9999698996543884,0.48772183060646057,0.23198911547660828,-0.11234036087989807,0.9999029636383057,0.5475088953971863,0.24537283182144165,-0.0501326248049736,0.9999982714653015,0.4685121178627014,0.25005772709846497,0.0785963386297226,0.9999595880508423,0.5786545276641846,0.363416850566864,-0.1518668681383133,0.8753646016120911,0.4447014033794403,0.3639279901981354,0.07482196390628815,0.4790707528591156,0.5430529713630676,0.35434767603874207,-0.3333977162837982,0.9194948077201843,0.3973757326602936,0.3528584837913513,-0.06926476955413818,0.7041910290718079,0.5332792401313782,0.352708101272583,-0.37335872650146484,0.9259750247001648,0.382843554019928,0.35109782218933105,-0.09344009310007095,0.7280567288398743,0.5295895338058472,0.33162516355514526,-0.3763832449913025,0.9310242533683777,0.3822554647922516,0.3365013897418976,-0.1148734986782074,0.7316523790359497,0.5307748913764954,0.3327386975288391,-0.33678799867630005,0.890396773815155,0.3892921507358551,0.3371235728263855,-0.08233144134283066,0.7117167115211487,0.5212920904159546,0.4789407253265381,-0.046486131846904755,0.9986329078674316,0.47599413990974426,0.4749945104122162,0.04632465913891792,0.9980856776237488,0.46970224380493164,0.6217206120491028,-0.21954743564128876,0.7290380001068115,0.4280887246131897,0.5950528979301453,-0.1165226548910141,0.53141188621521,0.4376567006111145,0.8136683702468872,-0.20810756087303162,0.601504921913147,0.39514586329460144,0.8324403166770935,-0.14840486645698547,0.40518033504486084,0.43921688199043274,0.8504971861839294,-0.21254558861255646,0.7421255111694336,0.3968271017074585,0.8725264668464661,-0.1567806452512741,0.5281754732131958,0.3921724557876587,0.8588682413101196,-0.3211994469165802,0.8069606423377991,0.366545170545578,0.8766670227050781,-0.2635224759578705,0.5576611161231995
0.487082302570343,0.2235795557498932,-0.09233934432268143,0.9999917149543762,0.48893240094184875,0.20539477467536926,-0.08664549142122269,0.9999847412109375,0.49268072843551636,0.2018713653087616,-0.08676858991384506,0.9999849200248718,0.4963303506374359,0.19892080128192902,-0.0867244079709053,0.9999887347221375,0.48248112201690674,0.20702490210533142,-0.07556856423616409,0.9999873042106628,0.480258047580719,0.20544296503067017,-0.07580592483282089,0.9999879002571106,0.47781702876091003,0.20367801189422607,-0.07587144523859024,0.9999857544898987,0.509979784488678,0.18383438885211945,-0.01422751136124134,0.999988853931427,0.4808596670627594,0.1946042776107788,0.03875083476305008,0.999918520450592,0.49666017293930054,0.2290395200252533,-0.05877594277262688,0.999971866607666,0.4874073565006256,0.231956347823143,-0.045367781072854996,0.9999101758003235,0.5474358797073364,0.24383479356765747,0.008977075107395649,0.9999982714653015,0.468353807926178,0.25002923607826233,0.14056706428527832,0.999961256980896,0.579172670841217,0.36046507954597473,-0.10081162303686142,0.887222170829773,0.44477465748786926,0.3623882830142975,0.09739287942647934,0.4972459077835083,0.5447243452072144,0.35146117210388184,-0.2987197935581207,0.927327573299408,0.397482305765152,0.352824330329895,-0.03254707530140877,0.7302747964859009,0.5338448882102966,0.349804162979126,-0.3430652320384979,0.932945728302002,0.3835226595401764,0.3512047529220581,-0.05671881139278412,0.7521440982818604,0.5301284790039062,0.32996341586112976,-0.3438008725643158,0.9375337958335876,0.38305777311325073,0.3351513147354126,-0.07742063701152802,0.7556484937667847,0.5315413475036621,0.33090701699256897,-0.3019280731678009,0.9005178809165955,0.38999664783477783,0.33629152178764343,-0.04568187892436981,0.7361209392547607,0.5211588740348816,0.4810640215873718,-0.04684023559093475,0.9987271428108215,0.475399374961853,0.4761984348297119,0.04666614159941673,0.998221218585968,0.4716085195541382,0.6256253719329834,-0.2375214844942093,0.7484620213508606,0.4340314567089081,0.6034302711486816,-0.09748250991106033,0.5536207556724548,0.4434080421924591,0.8401095271110535,-0.2328891158103943,0.6221995949745178,0.4064732491970062,0.8306071758270264,-0.09626372158527374,0.4311811625957489,0.44660377502441406,0.8796752095222473,-0.23750828206539154,0.7323063611984253,0.4097605049610138,0.8710267543792725,-0.10100240260362625,0.5294812321662903,0.39392778277397156,0.9082334041595459,-0.3549911379814148,0.8124366998672485,0.3764396011829376,0.8788290619850159,-0.2066984623670578,0.5753055214881897
0.4872078001499176,0.2236105352640152,-0.09978292137384415,0.9999920129776001,0.4889879524707794,0.20554012060165405,-0.09368041902780533,0.9999852776527405,0.4927006959915161,0.2019800990819931,-0.09382107853889465,0.9999854564666748,0.49622249603271484,0.19894571602344513,-0.0937892347574234,0.9999890327453613,0.48252594470977783,0.2070978283882141,-0.08236753195524216,0.9999876618385315,0.4803159832954407,0.20546618103981018,-0.08260471373796463,0.9999882578849792,0.477899968624115,0.20369382202625275,-0.08267362415790558,0.9999861121177673,0.5098962187767029,0.18377679586410522,-0.019294535741209984,0.9999896287918091,0.4808819591999054,0.19463929533958435,0.034955449402332306,0.9999241232872009,0.49670568108558655,0.22905917465686798,-0.06571057438850403,0.9999740123748779,0.4874909818172455,0.23189519345760345,-0.05191363766789436,0.9999173879623413,0.5474270582199097,0.24255673587322235,0.005494788289070129,0.9999982714653015,0.4683016240596771,0.2497706115245819,0.1422848403453827,0.9999608397483826,0.5791743993759155,0.35752934217453003,-0.11672746390104294,0.8983178734779358,0.4448355734348297,0.36129724979400635,0.0899520218372345,0.5225648880004883,0.5464626550674438,0.34832751750946045,-0.3203429877758026,0.9345418214797974,0.3976149260997772,0.35038912296295166,-0.10650033503770828,0.7544124126434326,0.5352481007575989,0.3468514680862427,-0.3662705421447754,0.9395453333854675,0.3828712999820709,0.3490494191646576,-0.13985346257686615,0.7747266292572021,0.5315383076667786,0.3272462487220764,-0.36942851543426514,0.9436855316162109,0.38349589705467224,0.33282148838043213,-0.1582660973072052,0.7780367136001587,0.5329850316047668,0.32864752411842346,-0.32467371225357056,0.9102534651756287,0.3904443085193634,0.33379819989204407,-0.12057653069496155,0.7594612836837769,0.5210245847702026,0.4899442195892334,-0.052596237510442734,0.9988391399383545,0.4752699136734009,0.4843769669532776,0.052438054233789444,0.998374342918396,0.4765106737613678,0.6388857364654541,-0.2524012625217438,0.7729198932647705,0.43537023663520813,0.6218274831771851,-0.0848529115319252,0.5942614674568176,0.4607502222061157,0.8723675608634949,-0.2501451373100281,0.6579686999320984,0.42532673478126526,0.857781171798706,-0.09786990284919739,0.4840781092643738,0.47221091389656067,0.9132348895072937,-0.2547665238380432,0.7496455907821655,0.43502065539360046,0.8968350887298584,-0.10457643121480942,0.5680619478225708,0.43009230494499207,0.9188592433929443,-0.37338751554489136,0.8292528986930847,0.38524046540260315,0.9103254675865173,-0.20974063873291016,0.6140583157539368
0.48726460337638855,0.22366635501384735,-0.12806393206119537,0.9999918341636658,0.48906856775283813,0.20556232333183289,-0.12396522611379623,0.9999849796295166,0.4927689731121063,0.20200444757938385,-0.12412998080253601,0.9999852776527405,0.4962886869907379,0.1988956481218338,-0.12410203367471695,0.9999887347221375,0.4825845956802368,0.20702335238456726,-0.11236319690942764,0.9999871850013733,0.48036667704582214,0.20533369481563568,-0.1126188188791275,0.999987781047821,0.4779335558414459,0.20355798304080963,-0.1127108484506607,0.9999856352806091,0.5099188089370728,0.1832645684480667,-0.053267430514097214,0.999989926815033,0.4809160828590393,0.19456157088279724,0.0024812305346131325,0.9999269247055054,0.49694493412971497,0.22884461283683777,-0.09449509531259537,0.9999750852584839,0.48755544424057007,0.23178869485855103,-0.08046090602874756,0.9999220371246338,0.547443687915802,0.24169638752937317,-0.029536455869674683,0.9999982118606567,0.4683416187763214,0.24858757853507996,0.11927028000354767,0.9999596476554871,0.5791274905204773,0.3575110137462616,-0.13862763345241547,0.9083056449890137,0.4452672600746155,0.3598657250404358,0.10514180362224579,0.5442882180213928,0.5471889972686768,0.34594646096229553,-0.32563477754592896,0.9410291910171509,0.39764270186424255,0.34816601872444153,-0.10551460087299347,0.7751933932304382,0.5354699492454529,0.34251976013183594,-0.3679259419441223,0.9454671740531921,0.3832976222038269,0.3484629690647125,-0.13544832170009613,0.7936448454856873,0.5322502851486206,0.3218790590763092,-0.37065038084983826,0.9492047429084778,0.38379842042922974,0.33153289556503296,-0.14075066149234772,0.7969295382499695,0.5337880849838257,0.32400262355804443,-0.3291760981082916,0.9189806580543518,0.39074626564979553,0.33191806077957153,-0.11794643104076385,0.7789839506149292,0.5210798978805542,0.4914685785770416,-0.05296414718031883,0.9989401698112488,0.475280225276947,0.4839436411857605,0.05281766131520271,0.9985130429267883,0.4811606705188751,0.6434176564216614,-0.2228502482175827,0.7939417958259583,0.440773069858551,0.6351930499076843,-0.06924127042293549,0.6296776533126831,0.4740860164165497,0.857942521572113,-0.19268791377544403,0.6888081431388855,0.44008007645606995,0.8543738722801208,-0.08003457635641098,0.5312310457229614,0.4792914092540741,0.8946631550788879,-0.19551073014736176,0.7604771256446838,0.4485929310321808,0.8860648274421692,-0.08640062808990479,0.6006090641021729,0.4449962079524994,0.9214094281196594,-0.3097282946109772,0.8432600498199463,0.4008769989013672,0.9150503873825073,-0.19180454313755035,0.6486565470695496
0.4881202280521393,0.22356125712394714,-0.14926840364933014,0.9999910593032837,0.4899270832538605,0.20548301935195923,-0.14430205523967743,0.9999838471412659,0.49353736639022827,0.20193468034267426,-0.14448480308055878,0.9999843239784241,0.49742937088012695,0.19873960316181183,-0.14446592330932617,0.9999878406524658,0.4829865097999573,0.2067447304725647,-0.13311663269996643,0.9999858736991882,0.4808501899242401,0.20501574873924255,-0.13337202370166779,0.9999865293502808,0.4785079061985016,0.20317193865776062,-0.13347287476062775,0.9999841451644897,0.5104768872261047,0.18287810683250427,-0.06902682036161423,0.999989926815033,0.48133334517478943,0.19399793446063995,-0.015145894140005112,0.9999272227287292,0.4981267750263214,0.2283385694026947,-0.11412087082862854,0.9999753832817078,0.4879644513130188,0.23161675035953522,-0.10064380615949631,0.9999245405197144,0.5476042032241821,0.24045275151729584,-0.04763669893145561,0.9999980926513672,0.46841201186180115,0.24813427031040192,0.10673729330301285,0.9999556541442871,0.580386221408844,0.3577636778354645,-0.15895241498947144,0.9172579646110535,0.44540563225746155,0.3591633141040802,0.08903449028730392,0.5547245144844055,0.5489377379417419,0.3429871201515198,-0.3496074080467224,0.9468549489974976,0.3977712094783783,0.347310870885849,-0.07296168804168701,0.7925503253936768,0.5368541479110718,0.3412468731403351,-0.3936043083667755,0.9507777094841003,0.38347113132476807,0.3463321924209595,-0.09874876588582993,0.809925377368927,0.5334336757659912,0.3198610246181488,-0.39664047956466675,0.9541553854942322,0.38385099172592163,0.3296467065811157,-0.11860159784555435,0.8132533431053162,0.5350126028060913,0.32180941104888916,-0.3535078167915344,0.9268032908439636,0.3908524513244629,0.33065053820610046,-0.08682134747505188,0.7956296801567078,0.5218852758407593,0.4932361841201782,-0.05693330988287926,0.9990330934524536,0.4753551185131073,0.48799771070480347,0.0567842498421669,0.9986392855644226,0.4858397841453552,0.6514589786529541,-0.23109525442123413,0.8134556412696838,0.4477921426296234,0.6465059518814087,-0.05174373462796211,0.6610132455825806,0.48506394028663635,0.8608071804046631,-0.19867144525051117,0.7178046703338623,0.45405837893486023,0.8545606732368469,-0.044252295047044754,0.5738810896873474,0.49385637044906616,0.889008104801178,-0.200908362865448,0.7745695114135742,0.4654252827167511,0.8856596946716309,-0.04841281473636627,0.6319445371627808,0.45671162009239197,0.9294916987419128,-0.31406256556510925,0.8568647503852844,0.41157397627830505,0.915687620639801,-0.14709767699241638,0.6799675226211548
0.48933902382850647,0.22328031063079834,-0.16747553646564484,0.9999905824661255,0.4910189211368561,0.20483087003231049,-0.16156692802906036,0.9999828934669495,0.49496087431907654,0.20106415450572968,-0.16178728640079498,0.9999833106994629,0.49891242384910583,0.19771546125411987,-0.16174133121967316,0.9999870657920837,0.4834590256214142,0.20616167783737183,-0.15109792351722717,0.9999847412109375,0.4813114404678345,0.20451556146144867,-0.15134824812412262,0.9999852776527405,0.47905826568603516,0.2027217298746109,-0.15144410729408264,0.999983012676239,0.5111607313156128,0.18158115446567535,-0.08090455830097198,0.9999894499778748,0.48154786229133606,0.19375155866146088,-0.030449451878666878,0.9999256134033203,0.5000741481781006,0.2276824563741684,-0.1304621696472168,0.9999758005142212,0.48862332105636597,0.2313694804906845,-0.11798016726970673,0.9999276399612427,0.5478128790855408,0.2391359657049179,-0.05073203146457672,0.9999979734420776,0.46851634979248047,0.2478121668100357,0.0922817513346672,0.9999545812606812,0.5806680917739868,0.3574621379375458,-0.15375366806983948,0.9251464605331421,0.44579610228538513,0.35731714963912964,0.06824417412281036,0.5766363143920898,0.5498754978179932,0.3406648635864258,-0.3495083749294281,0.9521045088768005,0.39859268069267273,0.343321830034256,-0.10921432077884674,0.8111775517463684,0.5381340384483337,0.34072145819664,-0.3964276611804962,0.9555759429931641,0.38356250524520874,0.3429013788700104,-0.14206118881702423,0.8268908858299255,0.5342499017715454,0.31858935952186584,-0.40071070194244385,0.9586266875267029,0.3849816620349884,0.32765835523605347,-0.16451691091060638,0.8300979733467102,0.535736083984375,0.3201576769351959,-0.353996604681015,0.9338527917861938,0.39226800203323364,0.32874661684036255,-0.1245136559009552,0.8133980631828308,0.5226622223854065,0.494040310382843,-0.055510420352220535,0.9991227984428406,0.4757114350795746,0.49040132761001587,0.05536270514130592,0.9987646341323853,0.4993942677974701,0.6641183495521545,-0.1402251422405243,0.8269597291946411,0.44928649067878723,0.6541150212287903,-0.030256595462560654,0.6865231990814209,0.5083900690078735,0.8529155850410461,-0.044698502868413925,0.7389768362045288,0.4578593671321869,0.8513070344924927,0.04642648994922638,0.6091687083244324,0.5179774165153503,0.8687487840652466,-0.04107595980167389,0.7657583355903625,0.47011035680770874,0.8810755610466003,0.04990901052951813,0.6519594788551331,0.49749311804771423,0.9167197346687317,-0.14400318264961243,0.8652158379554749,0.4174964725971222,0.9093917012214661,-0.0383593924343586,0.7057340741157532
0.49015095829963684,0.22195899486541748,-0.16312013566493988,0.9999887347221375,0.4918326735496521,0.20344996452331543,-0.15699054300785065,0.999979555606842,0.49604442715644836,0.19954988360404968,-0.15721018612384796,0.999980092048645,0.49987903237342834,0.19615556299686432,-0.15715692937374115,0.9999845623970032,0.48399975895881653,0.20523396134376526,-0.1473827213048935,0.9999814629554749,0.48176807165145874,0.20377860963344574,-0.14764277637004852,0.9999818801879883,0.47962695360183716,0.20219843089580536,-0.1477539837360382,0.9999797344207764,0.5114394426345825,0.17978107929229736,-0.0768018588423729,0.999987781047821,0.4817703068256378,0.1927877813577652,-0.03043062426149845,0.9999192953109741,0.5012423992156982,0.22610895335674286,-0.12624257802963257,0.9999741911888123,0.4892067313194275,0.23005668818950653,-0.11491401493549347,0.9999266862869263,0.548072099685669,0.2377917319536209,-0.044729530811309814,0.9999976754188538,0.46860674023628235,0.24778461456298828,0.09128504246473312,0.9999508261680603,0.5822703242301941,0.3569631576538086,-0.15208593010902405,0.9322601556777954,0.446300208568573,0.35617226362228394,0.08275284618139267,0.5983768701553345,0.5505996346473694,0.3393365442752838,-0.34691381454467773,0.9568300843238831,0.4000253975391388,0.34255439043045044,-0.04826156795024872,0.8285452723503113,0.5387332439422607,0.33995649218559265,-0.39178624749183655,0.959898829460144,0.3843986690044403,0.34175264835357666,-0.07481072098016739,0.8426625728607178,0.5350115299224854,0.3174373507499695,-0.3952798843383789,0.9626534581184387,0.3864516615867615,0.3263855278491974,-0.09981279820203781,0.8457018733024597,0.5365301966667175,0.3186935782432556,-0.3533635139465332,0.9402095079421997,0.39377015829086304,0.3276611566543579,-0.06317011266946793,0.8300837874412537,0.5247694253921509,0.49483516812324524,-0.051459770649671555,0.9992026686668396,0.4767865538597107,0.4944305419921875,0.05134572461247444,0.9988765716552734,0.5123091340065002,0.6701355576515198,-0.10371662676334381,0.8408815860748291,0.4512383043766022,0.6577174067497253,-0.06322430819272995,0.7148377895355225,0.5163742303848267,0.847632884979248,0.006201385986059904,0.7615759968757629,0.468143492937088,0.8437469601631165,0.01920511946082115,0.6445604562759399,0.5220090746879578,0.865017294883728,0.011540652252733707,0.7690892219543457,0.4833342730998993,0.8705214262008667,0.024316567927598953,0.6773599982261658,0.5099388360977173,0.9066939949989319,-0.08334778994321823,0.8750618696212769,0.42732125520706177,0.8968033194541931,-0.05719606578350067,0.7317136526107788
0.49119752645492554,0.22089654207229614,-0.12595899403095245,0.999988853931427,0.49290603399276733,0.20212125778198242,-0.11839049309492111,0.9999800324440002,0.49735894799232483,0.19841231405735016,-0.11861015111207962,0.9999803900718689,0.5010492205619812,0.19506993889808655,-0.11853830516338348,0.9999848008155823,0.4847168028354645,0.20442557334899902,-0.1090165227651596,0.9999818801879883,0.48230603337287903,0.20316962897777557,-0.10928401350975037,0.9999821782112122,0.48012012243270874,0.2017977386713028,-0.10940389335155487,0.9999802708625793,0.5123869776725769,0.17856745421886444,-0.03689034283161163,0.9999880790710449,0.48216065764427185,0.19222033023834229,0.0077904690988361835,0.9999239444732666,0.5024464726448059,0.22542376816272736,-0.08876233547925949,0.9999754428863525,0.4899865686893463,0.2293117344379425,-0.07804301381111145,0.9999313950538635,0.5492698550224304,0.23676910996437073,-0.0147979985922575,0.9999975562095642,0.46900689601898193,0.24753084778785706,0.13176319003105164,0.999951183795929,0.5840555429458618,0.3556983470916748,-0.10573721677064896,0.9386688470840454,0.4469648003578186,0.35462141036987305,0.14797095954418182,0.6213703155517578,0.5509980916976929,0.3372339606285095,-0.2824748158454895,0.961084246635437,0.4009655714035034,0.34302186965942383,0.02178998850286007,0.8449497222900391,0.5394853353500366,0.33980196714401245,-0.32208043336868286,0.9637925624847412,0.3847576081752777,0.3401793837547302,-0.0014317847089841962,0.8576580882072449,0.5355566740036011,0.31683534383773804,-0.32432085275650024,0.966278076171875,0.3873659372329712,0.3255061209201813,-0.023647397756576538,0.8604471683502197,0.537000298500061,0.31783607602119446,-0.2853696942329407,0.9459295868873596,0.3947855830192566,0.3278280198574066,0.0082915760576725,0.846056342124939,0.5297841429710388,0.495610773563385,-0.052376534789800644,0.999277651309967,0.47871485352516174,0.5015219449996948,0.05227615684270859,0.9989825487136841,0.5239549279212952,0.6934559941291809,-0.10400605946779251,0.8550417423248291,0.45188114047050476,0.6636536717414856,-0.07633376866579056,0.7418606877326965,0.532919704914093,0.8684422969818115,0.01750202849507332,0.7830436825752258,0.4809305965900421,0.8432977199554443,0.011600508354604244,0.6765300631523132,0.5459159016609192,0.8949248194694519,0.024974387139081955,0.7762368321418762,0.4999450147151947,0.8684120178222656,0.020252924412488937,0.70220947265625,0.5182665586471558,0.9369817972183228,-0.058349788188934326,0.8847679495811462,0.43883493542671204,0.8970751762390137,-0.04435265436768532,0.7552279829978943
0.4923939108848572,0.22048728168010712,-0.1262146532535553,0.9999891519546509,0.4942546486854553,0.20154231786727905,-0.11918628215789795,0.9999807476997375,0.49869251251220703,0.1977902054786682,-0.11939705908298492,0.9999811053276062,0.5020636916160583,0.1943858116865158,-0.1193251982331276,0.9999852776527405,0.4857378304004669,0.20414964854717255,-0.10949372500181198,0.9999825358390808,0.48311516642570496,0.20299096405506134,-0.10976655036211014,0.9999827742576599,0.48079949617385864,0.20172487199306488,-0.10988590121269226,0.9999809861183167,0.5130496621131897,0.1773662120103836,-0.03994837775826454,0.9999886155128479,0.48305433988571167,0.19172273576259613,0.007203488145023584,0.9999290704727173,0.5035482048988342,0.2251090258359909,-0.09004346281290054,0.999976634979248,0.49101322889328003,0.2288619875907898,-0.07875087857246399,0.9999358654022217,0.5502279996871948,0.23516951501369476,-0.016582554206252098,0.9999973177909851,0.47018224000930786,0.2468993067741394,0.1297287791967392,0.9999503493309021,0.58708256483078,0.35544127225875854,-0.10597674548625946,0.9444862008094788,0.4483503997325897,0.354065477848053,0.17701341211795807,0.6454091668128967,0.5523700714111328,0.3367987275123596,-0.26805728673934937,0.9649129509925842,0.40273264050483704,0.3398567736148834,0.10435259342193604,0.8597205281257629,0.5398313999176025,0.33868807554244995,-0.30364683270454407,0.9672996997833252,0.38648900389671326,0.3392987549304962,0.0907360315322876,0.8710697293281555,0.5364686846733093,0.31576576828956604,-0.30598095059394836,0.9695422053337097,0.38852542638778687,0.3247116208076477,0.06885719299316406,0.8736249208450317,0.5384116768836975,0.3171044886112213,-0.2703031897544861,0.9510912299156189,0.3958238959312439,0.32660239934921265,0.09246847033500671,0.8603691458702087,0.5303736925125122,0.49529796838760376,-0.052693795412778854,0.9993444085121155,0.48038965463638306,0.5007597804069519,0.052602313458919525,0.9990763068199158,0.5284260511398315,0.6843389272689819,-0.10715314745903015,0.8689123392105103,0.4524730145931244,0.6578976511955261,-0.06649531424045563,0.7667595744132996,0.5462952256202698,0.8732277750968933,-0.03292063623666763,0.8041607737541199,0.4827805161476135,0.8370496034622192,0.015523897483944893,0.7072986960411072,0.5542591214179993,0.9091779589653015,-0.03122563287615776,0.7930461168289185,0.5028146505355835,0.8646847009658813,0.02072029374539852,0.7282793521881104,0.5392994284629822,0.935278058052063,-0.12641151249408722,0.8955173492431641,0.43901437520980835,0.8830448389053345,-0.04744650796055794,0.7781458497047424
0.49393001198768616,0.22004933655261993,-0.10286683589220047,0.9999899864196777,0.49567270278930664,0.2009231448173523,-0.09492147713899612,0.9999822378158569,0.49993693828582764,0.1970970630645752,-0.09509852528572083,0.9999825954437256,0.5030316710472107,0.1935691386461258,-0.09500031918287277,0.9999863505363464,0.48686546087265015,0.2038160115480423,-0.08515303581953049,0.9999839067459106,0.48402562737464905,0.20273539423942566,-0.08542367815971375,0.9999841451644897,0.4815596342086792,0.20158281922340393,-0.08553797751665115,0.999982476234436,0.5138753652572632,0.17594796419143677,-0.018636928871273994,0.9999895095825195,0.4838351905345917,0.1913800686597824,0.02882525697350502,0.9999353885650635,0.504772424697876,0.22468264400959015,-0.06783657521009445,0.9999783635139465,0.49223002791404724,0.2284822165966034,-0.0563676618039608,0.9999412298202515,0.5512949824333191,0.2323383092880249,-0.001469334471039474,0.9999971985816956,0.4712315797805786,0.24655555188655853,0.15067745745182037,0.9999502897262573,0.5880361795425415,0.352190226316452,-0.09166273474693298,0.949810802936554,0.4488148093223572,0.3517151176929474,0.1994919329881668,0.6689427495002747,0.5527186989784241,0.3356926441192627,-0.2507734000682831,0.9683837294578552,0.40320608019828796,0.33730196952819824,0.13103821873664856,0.8730099201202393,0.5413863062858582,0.3376768231391907,-0.2856430113315582,0.9705039262771606,0.38750916719436646,0.3363780081272125,0.11827589571475983,0.8831295371055603,0.5369349122047424,0.31547224521636963,-0.28818845748901367,0.9725266695022583,0.38927212357521057,0.3224566876888275,0.09930029511451721,0.8854764103889465,0.5385217070579529,0.31705936789512634,-0.25312960147857666,0.9558427929878235,0.39647796750068665,0.32469642162323,0.12022565305233002,0.8732728362083435,0.5311722159385681,0.49157872796058655,-0.0557890348136425,0.9994010925292969,0.4819335341453552,0.4984417259693146,0.05571158975362778,0.9991546273231506,0.5341576337814331,0.6667395234107971,-0.14391811192035675,0.8817461133003235,0.4523457884788513,0.6487510800361633,-0.0449565164744854,0.7890514731407166,0.5565196871757507,0.8646284341812134,-0.1074441447854042,0.8234072923660278,0.4835977852344513,0.8333898782730103,0.02460695616900921,0.7349433302879333,0.567983090877533,0.8959968090057373,-0.10936268419027328,0.8099266290664673,0.5033723711967468,0.8630810379981995,0.02829914167523384,0.751879870891571,0.5261943936347961,0.9280702471733093,-0.21207207441329956,0.9055758714675903,0.4391414225101471,0.8767018914222717,-0.04302314296364784,0.7989617586135864
0.4948282837867737,0.2188665121793747,-0.07672176510095596,0.999990701675415,0.49659326672554016,0.1993032991886139,-0.06976344436407089,0.9999834895133972,0.500718355178833,0.19555318355560303,-0.06993525475263596,0.9999838471412659,0.5037587285041809,0.1918790191411972,-0.06984210014343262,0.9999872446060181,0.48771989345550537,0.20274846255779266,-0.05920923873782158,0.9999850392341614,0.4847474694252014,0.20185860991477966,-0.05946189910173416,0.9999852776527405,0.48217058181762695,0.2009223848581314,-0.05956415459513664,0.9999837279319763,0.5146539807319641,0.17421960830688477,0.0009561476763337851,0.9999902844429016,0.4845147728919983,0.19052407145500183,0.05224984139204025,0.999940812587738,0.5056005120277405,0.2234843671321869,-0.0440940260887146,0.9999796748161316,0.4928760826587677,0.2275838851928711,-0.03142679110169411,0.9999455809593201,0.5522661209106445,0.23015223443508148,0.006079495884478092,0.9999971985816956,0.4722105860710144,0.24600660800933838,0.1624995768070221,0.9999483823776245,0.588781476020813,0.3499920070171356,-0.09557625651359558,0.9545395374298096,0.4496136009693146,0.3490212559700012,0.1674012988805771,0.6816128492355347,0.5530512928962708,0.3347455561161041,-0.2629978358745575,0.9714820981025696,0.4049302041530609,0.33555543422698975,0.06085032969713211,0.8840675950050354,0.542497456073761,0.33619654178619385,-0.3001757562160492,0.9733523726463318,0.3896736204624176,0.3345241844654083,0.04407719522714615,0.8932348489761353,0.5373347997665405,0.31504687666893005,-0.3023868203163147,0.9751793742179871,0.3908223807811737,0.32091400027275085,0.018496442586183548,0.8954390287399292,0.5386761426925659,0.3170050382614136,-0.26553645730018616,0.9600474834442139,0.3978651165962219,0.323257714509964,0.0473259873688221,0.8839026093482971,0.5315340161323547,0.489639550447464,-0.061255116015672684,0.9994485974311829,0.4826901853084564,0.4971890449523926,0.06113551929593086,0.9992123246192932,0.5383874177932739,0.6627864241600037,-0.17253954708576202,0.8933446407318115,0.45339784026145935,0.6490756869316101,0.010801640339195728,0.8041443824768066,0.5647984147071838,0.8764031529426575,-0.22114157676696777,0.8408276438713074,0.4856595993041992,0.8338389992713928,0.09924758970737457,0.754601776599884,0.5815135836601257,0.9104432463645935,-0.23158900439739227,0.8264350891113281,0.5040720701217651,0.8640348315238953,0.10483524948358536,0.768118679523468,0.5380756258964539,0.9439252018928528,-0.35214298963546753,0.9147523045539856,0.4392147958278656,0.8702512383460999,0.04547511786222458,0.8145298361778259
0.4959535002708435,0.21776452660560608,-0.08744513988494873,0.9999913573265076,0.49727582931518555,0.1980232298374176,-0.0805039182305336,0.9999847412109375,0.5011400580406189,0.19412165880203247,-0.08067863434553146,0.9999850988388062,0.5041252374649048,0.19021683931350708,-0.08059152960777283,0.9999881386756897,0.48870041966438293,0.20148243010044098,-0.07026531547307968,0.9999861717224121,0.4857383072376251,0.20063236355781555,-0.07053334265947342,0.9999864101409912,0.48300686478614807,0.19989939033985138,-0.07064516842365265,0.9999849200248718,0.5151894688606262,0.17181220650672913,-0.009227215312421322,0.9999910593032837,0.4850162863731384,0.18956917524337769,0.040721647441387177,0.9999459981918335,0.5064408183097839,0.22204315662384033,-0.054415058344602585,0.9999811053276062,0.4942105710506439,0.22634193301200867,-0.04218984767794609,0.9999498724937439,0.5526483654975891,0.22912795841693878,0.0010411448311060667,0.9999971985816956,0.4731035828590393,0.2456398606300354,0.15552297234535217,0.9999473690986633,0.5889503955841064,0.34876924753189087,-0.09348532557487488,0.9589018225669861,0.45029890537261963,0.3485596179962158,0.17946456372737885,0.6973671913146973,0.5535710453987122,0.33398160338401794,-0.24782757461071014,0.974295437335968,0.4051910936832428,0.33632075786590576,0.09419718384742737,0.8942506313323975,0.5433942675590515,0.33315443992614746,-0.2812805473804474,0.9759523272514343,0.3904038965702057,0.33466267585754395,0.07993809133768082,0.9024367928504944,0.5382876992225647,0.31370288133621216,-0.28399142622947693,0.9776010513305664,0.3917478621006012,0.32024046778678894,0.06176021322607994,0.9044951796531677,0.539455235004425,0.31614217162132263,-0.25007957220077515,0.9639101624488831,0.3986622095108032,0.3228963017463684,0.08320288360118866,0.8937085866928101,0.5318878889083862,0.4882437288761139,-0.06132495030760765,0.9994943737983704,0.4831301271915436,0.4961639940738678,0.061210546642541885,0.9992727637290955,0.5407134294509888,0.6598297357559204,-0.17355293035507202,0.9038570523262024,0.4529055953025818,0.6445091962814331,-0.018872125074267387,0.8221277594566345,0.5698106288909912,0.871037483215332,-0.19921112060546875,0.8565624356269836,0.4865574240684509,0.8352506756782532,0.04114827886223793,0.777015745639801,0.5857449769973755,0.9046008586883545,-0.20711706578731537,0.8417108654975891,0.5040903687477112,0.8660138249397278,0.043788764625787735,0.7876166105270386,0.5433759093284607,0.9412018656730652,-0.3213154971599579,0.9230666756629944,0.4380427300930023,0.8638575673103333,-0.022172676399350166,0.8314765691757202
0.4967755973339081,0.2172781378030777,-0.0946941003203392,0.9999918937683105,0.4979740083217621,0.19764156639575958,-0.08770476281642914,0.9999856948852539,0.5015468001365662,0.19374801218509674,-0.08788363635540009,0.9999861121177673,0.5044286251068115,0.1898350566625595,-0.08779966086149216,0.999988853931427,0.4897027313709259,0.2006947100162506,-0.07743524014949799,0.9999870657920837,0.48686355352401733,0.19968679547309875,-0.07770771533250809,0.9999872446060181,0.4840157628059387,0.19891782104969025,-0.077824167907238,0.9999858140945435,0.5160158276557922,0.17115801572799683,-0.015625769272446632,0.9999917149543762,0.4859461784362793,0.18886663019657135,0.0343661792576313,0.9999503493309021,0.507119357585907,0.22161440551280975,-0.06136636063456535,0.9999821782112122,0.4953450560569763,0.22567230463027954,-0.049120672047138214,0.9999533295631409,0.5534908771514893,0.22864468395709991,-0.002470244886353612,0.9999971985816956,0.47430628538131714,0.24551160633563995,0.1503809243440628,0.9999441504478455,0.5896243453025818,0.34729960560798645,-0.09829304367303848,0.9628727436065674,0.45143622159957886,0.34871163964271545,0.17797058820724487,0.7088801860809326,0.5541945099830627,0.3327314257621765,-0.25486695766448975,0.9768340587615967,0.4066978991031647,0.3360840678215027,0.09664211422204971,0.9029475450515747,0.5439468622207642,0.3303183615207672,-0.28874340653419495,0.9783024191856384,0.3918647766113281,0.3336217701435089,0.0826578140258789,0.9102651476860046,0.5390089154243469,0.31183314323425293,-0.2912401854991913,0.9797897934913635,0.393137127161026,0.3198609948158264,0.06473473459482193,0.9122157692909241,0.5401910543441772,0.3148025572299957,-0.2570548355579376,0.9674060940742493,0.39999130368232727,0.3226391077041626,0.08578483760356903,0.902042031288147,0.5321843028068542,0.48842185735702515,-0.06123249977827072,0.9995349049568176,0.48350220918655396,0.4965551197528839,0.061123982071876526,0.9993236064910889,0.5430956482887268,0.6620413064956665,-0.1704024225473404,0.9133316278457642,0.45452675223350525,0.6468788385391235,-0.026239506900310516,0.8382765650749207,0.574217677116394,0.8759129643440247,-0.19006070494651794,0.8707529902458191,0.48393309116363525,0.8354915976524353,0.04223434254527092,0.7969985008239746,0.5889536738395691,0.9091531038284302,-0.19764137268066406,0.8557119965553284,0.5010681748390198,0.8659692406654358,0.04606371745467186,0.8050490617752075,0.5445000529289246,0.9479108452796936,-0.31160932779312134,0.930579662322998,0.43582984805107117,0.8625036478042603,-0.016506565734744072,0.8466472625732422
0.49709591269493103,0.21531973779201508,-0.10238061100244522,0.9999920725822449,0.4983457624912262,0.19622014462947845,-0.09574174135923386,0.9999861121177673,0.5018777251243591,0.19244293868541718,-0.09594469517469406,0.9999866485595703,0.5047416687011719,0.18867003917694092,-0.0958467423915863,0.9999891519546509,0.49011096358299255,0.198879212141037,-0.0861397534608841,0.9999874234199524,0.4873432517051697,0.19783617556095123,-0.08644471317529678,0.9999876022338867,0.4845065176486969,0.19700445234775543,-0.08659821003675461,0.9999862313270569,0.5167330503463745,0.1698538064956665,-0.025203663855791092,0.9999920725822449,0.48654094338417053,0.18708959221839905,0.022014714777469635,0.9999535083770752,0.5075437426567078,0.22036293148994446,-0.0693502277135849,0.9999828934669495,0.49585533142089844,0.22442594170570374,-0.058157723397016525,0.9999560117721558,0.5542782545089722,0.22807681560516357,-0.006963592953979969,0.999997079372406,0.4748309850692749,0.24499215185642242,0.1431407928466797,0.9999426007270813,0.5905349254608154,0.3461799919605255,-0.09651782363653183,0.9664156436920166,0.45294469594955444,0.3488079607486725,0.18214048445224762,0.7219895720481873,0.5548599362373352,0.33160048723220825,-0.24854950606822968,0.9791162610054016,0.4074232280254364,0.33575713634490967,0.11155453324317932,0.9113677144050598,0.545437216758728,0.3290190100669861,-0.2814333140850067,0.9804096221923828,0.3927341103553772,0.3334185779094696,0.09854702651500702,0.9178341627120972,0.5398487448692322,0.311443567276001,-0.28455910086631775,0.9817524552345276,0.39394089579582214,0.3197314143180847,0.07866404205560684,0.9196811318397522,0.5407745838165283,0.3146686553955078,-0.2507496476173401,0.9705361723899841,0.40069499611854553,0.3224765956401825,0.10025931149721146,0.910167932510376,0.5330655574798584,0.4883575439453125,-0.058684103190898895,0.99957275390625,0.4841485023498535,0.49664995074272156,0.05861153453588486,0.9993762969970703,0.5464261174201965,0.6664350628852844,-0.13064903020858765,0.9216092824935913,0.4554333984851837,0.6497107148170471,-0.04648400843143463,0.8534626960754395,0.5761744379997253,0.8718229532241821,-0.09372741729021072,0.8831869959831238,0.4837561547756195,0.8379903435707092,0.02098911628127098,0.8150808811187744,0.5890088677406311,0.9012900590896606,-0.0955059826374054,0.8645877838134766,0.5009164214134216,0.8651227355003357,0.02525639347732067,0.8194870948791504,0.5526018738746643,0.9431147575378418,-0.20150889456272125,0.9369210600852966,0.4444397985935211,0.8808566331863403,-0.043380193412303925,0.8600728511810303
0.4974353611469269,0.21365636587142944,-0.1138865202665329,0.9999921321868896,0.4988945424556732,0.1948971003293991,-0.10821111500263214,0.9999862909317017,0.5023192763328552,0.19119694828987122,-0.10842263698577881,0.9999868869781494,0.5052358508110046,0.1873534768819809,-0.10833007842302322,0.9999892115592957,0.4906000792980194,0.19729238748550415,-0.09882436692714691,0.9999875426292419,0.4878793954849243,0.19626739621162415,-0.09911713004112244,0.9999877214431763,0.4850369095802307,0.19538366794586182,-0.09925688058137894,0.9999863505363464,0.5175966024398804,0.16864299774169922,-0.04020341858267784,0.9999922513961792,0.48716485500335693,0.18567414581775665,0.0064757587388157845,0.9999557733535767,0.5079483985900879,0.2191004753112793,-0.08169947564601898,0.9999831318855286,0.4962329566478729,0.22302104532718658,-0.0706324353814125,0.9999576807022095,0.5549554824829102,0.22752396762371063,-0.02342815324664116,0.9999970197677612,0.47537243366241455,0.24451099336147308,0.1252526342868805,0.9999407529830933,0.5920169949531555,0.34587013721466064,-0.10920803248882294,0.9695695042610168,0.45354312658309937,0.34850430488586426,0.1793811172246933,0.7322603464126587,0.5552421808242798,0.33043429255485535,-0.2513068616390228,0.981161892414093,0.4084830582141876,0.3351028561592102,0.09054864197969437,0.9186991453170776,0.5463342666625977,0.3274553120136261,-0.2868281900882721,0.9822947978973389,0.3939546048641205,0.33362653851509094,0.07637348771095276,0.9244021773338318,0.5401694774627686,0.31081217527389526,-0.2882964015007019,0.983508825302124,0.3949775993824005,0.31915587186813354,0.05654393136501312,0.9261738061904907,0.5409422516822815,0.3144121468067169,-0.2530723214149475,0.97333163022995,0.4016736149787903,0.3217949867248535,0.079108327627182,0.9171920418739319,0.5335734486579895,0.488505095243454,-0.058571118861436844,0.9996060729026794,0.48460516333580017,0.49687933921813965,0.05849109962582588,0.9994210600852966,0.5457219481468201,0.6679693460464478,-0.13035444915294647,0.9289851188659668,0.457020103931427,0.6523561477661133,-0.024487940594553947,0.8658591508865356,0.5754663348197937,0.8689435124397278,-0.11109228432178497,0.894393801689148,0.4809635579586029,0.8357797265052795,0.05294949561357498,0.8303027749061584,0.5896424055099487,0.899519681930542,-0.11509796977043152,0.8733245134353638,0.49782827496528625,0.8652344942092896,0.057716380804777145,0.8316591382026672,0.549686849117279,0.9365034699440002,-0.22230908274650574,0.9426876902580261,0.43871748447418213,0.8746570944786072,-0.0060208942741155624,0.8715500831604004
0.49870455265045166,0.21201775968074799,-0.11376769095659256,0.9999924302101135,0.5000448822975159,0.19313493371009827,-0.1079694852232933,0.9999868273735046,0.5031675100326538,0.18953955173492432,-0.1081765666604042,0.9999874830245972,0.5062910914421082,0.18554119765758514,-0.1080864891409874,0.9999896287918091,0.4916605055332184,0.1958102583885193,-0.09855198115110397,0.9999880790710449,0.4891252815723419,0.19499221444129944,-0.09884239733219147,0.9999882578849792,0.4861675798892975,0.19417962431907654,-0.09897670149803162,0.9999869465827942,0.5185847282409668,0.1675519049167633,-0.03867979347705841,0.9999926686286926,0.48807811737060547,0.1848418414592743,0.007512090727686882,0.9999588131904602,0.5090376734733582,0.21776613593101501,-0.08128312975168228,0.9999839067459106,0.49770253896713257,0.22211533784866333,-0.07012652605772018,0.9999602437019348,0.5558810830116272,0.2261197417974472,-0.021785497665405273,0.999997079372406,0.47613921761512756,0.24402782320976257,0.12714365124702454,0.9999406337738037,0.5924838185310364,0.3448925316333771,-0.10657039284706116,0.9724650382995605,0.4537898004055023,0.3484729826450348,0.17539671063423157,0.7410596609115601,0.5555394887924194,0.32882165908813477,-0.25087258219718933,0.9830119013786316,0.40871313214302063,0.33539000153541565,0.10235754400491714,0.9253174662590027,0.5463495850563049,0.326480507850647,-0.28351280093193054,0.9840041399002075,0.3944997489452362,0.33399760723114014,0.08976491540670395,0.930365800857544,0.5404842495918274,0.30992594361305237,-0.28620001673698425,0.9851006865501404,0.3956841230392456,0.3194664716720581,0.07028608024120331,0.9320544004440308,0.5413152575492859,0.31343504786491394,-0.2528172731399536,0.9758711457252502,0.40221863985061646,0.32198888063430786,0.09125948697328568,0.923546552658081,0.5342220664024353,0.4888523817062378,-0.057522598654031754,0.9996379613876343,0.4851558804512024,0.49687883257865906,0.05746285989880562,0.999464750289917,0.5466741323471069,0.6704386472702026,-0.12653817236423492,0.9358764886856079,0.4588736295700073,0.649625837802887,-0.04535239562392235,0.8783696889877319,0.5760886073112488,0.8739407658576965,-0.10527274012565613,0.9047204852104187,0.47821658849716187,0.8347791433334351,0.034725092351436615,0.845739483833313,0.5896359086036682,0.9051752686500549,-0.1091645285487175,0.8830921649932861,0.4952481985092163,0.8654398322105408,0.041719768196344376,0.8449443578720093,0.5491016507148743,0.9402816891670227,-0.21611295640468597,0.94813472032547,0.43537113070487976,0.8720786571502686,-0.013070986606180668,0.8831888437271118
0.49980270862579346,0.21137650310993195,-0.11106669157743454,0.9999927878379822,0.500995934009552,0.19229426980018616,-0.10496678948402405,0.9999874234199524,0.503890335559845,0.18875937163829803,-0.1051647812128067,0.9999880790710449,0.5071143507957458,0.18470337986946106,-0.10507377237081528,0.9999900460243225,0.492594838142395,0.19504046440124512,-0.09590905159711838,0.9999886155128479,0.49022018909454346,0.19426734745502472,-0.09620873630046844,0.9999887943267822,0.4872611463069916,0.19344381988048553,-0.096345916390419,0.9999875426292419,0.5195133090019226,0.16692495346069336,-0.03528659790754318,0.999993085861206,0.4890684187412262,0.1842513233423233,0.007851463742554188,0.9999617338180542,0.5098487734794617,0.2172866314649582,-0.07816866785287857,0.999984622001648,0.49879929423332214,0.22154876589775085,-0.06759223341941833,0.9999626278877258,0.5566674470901489,0.22446446120738983,-0.01845092885196209,0.999997079372406,0.4766823351383209,0.24364256858825684,0.13170358538627625,0.9999409914016724,0.5925248265266418,0.3436258137226105,-0.09759862720966339,0.9750435948371887,0.4548738896846771,0.34793585538864136,0.18803521990776062,0.7496670484542847,0.5558024048805237,0.327949196100235,-0.23891597986221313,0.9846687912940979,0.40983858704566956,0.33543550968170166,0.12704378366470337,0.9312946796417236,0.5466991662979126,0.3264937996864319,-0.26999858021736145,0.9855287075042725,0.3958219587802887,0.3342686891555786,0.11634058505296707,0.9357089996337891,0.5409052968025208,0.3097434341907501,-0.27292248606681824,0.9865207672119141,0.3966706097126007,0.31957903504371643,0.09677079319953918,0.9373292922973633,0.5416825413703918,0.3130216598510742,-0.24081110954284668,0.9781298041343689,0.403056800365448,0.3219117224216461,0.11618223041296005,0.9292462468147278,0.5349728465080261,0.48777127265930176,-0.05723191797733307,0.9996650218963623,0.4861907660961151,0.49620959162712097,0.05718380585312843,0.9995021224021912,0.5439163446426392,0.6681886911392212,-0.13579802215099335,0.9420274496078491,0.4603067636489868,0.646111786365509,-0.06383464485406876,0.8894649744033813,0.575092613697052,0.8721829056739807,-0.12067432701587677,0.9139310717582703,0.4770675599575043,0.8338219523429871,-0.008114450611174107,0.8593310117721558,0.589668333530426,0.9049900770187378,-0.12506301701068878,0.8911813497543335,0.4949977993965149,0.8650860786437988,-0.005466418340802193,0.8563637137413025,0.5495163202285767,0.9391905665397644,-0.2327761948108673,0.9529664516448975,0.4346604347229004,0.8743957877159119,-0.07348381727933884,0.8934780359268188
0.5001774430274963,0.210378959774971,-0.11583730578422546,0.999992847442627,0.50142902135849,0.19119559228420258,-0.10964882373809814,0.9999874830245972,0.5042685866355896,0.1878090649843216,-0.10984485596418381,0.9999881982803345,0.5074809789657593,0.1838003247976303,-0.10976088792085648,0.9999899864196777,0.49309241771698,0.1937381476163864,-0.10061130672693253,0.9999887347221375,0.49077513813972473,0.19297850131988525,-0.10090991854667664,0.9999889135360718,0.4877837896347046,0.19208700954914093,-0.10104337334632874,0.9999877214431763,0.5199899077415466,0.1661868691444397,-0.03801737725734711,0.9999931454658508,0.4896490275859833,0.18289831280708313,0.006226660218089819,0.9999632835388184,0.5101463198661804,0.21655668318271637,-0.08205476403236389,0.9999846816062927,0.49913111329078674,0.22069641947746277,-0.07149794697761536,0.9999638199806213,0.5571759343147278,0.22410519421100616,-0.01806292124092579,0.9999969601631165,0.47712376713752747,0.24329820275306702,0.13043911755084991,0.9999412298202515,0.5931987166404724,0.34317031502723694,-0.09493739157915115,0.9772281050682068,0.45562586188316345,0.34730425477027893,0.18635259568691254,0.7549698352813721,0.5563296675682068,0.32742151618003845,-0.23789474368095398,0.9861195087432861,0.4113718867301941,0.3355432450771332,0.12615324556827545,0.9362646341323853,0.5472116470336914,0.32631394267082214,-0.2698521018028259,0.986829400062561,0.3975038528442383,0.33444133400917053,0.11510846763849258,0.9400648474693298,0.5413511395454407,0.3095502257347107,-0.27307620644569397,0.9877327680587769,0.39803630113601685,0.31968966126441956,0.09430988132953644,0.941665768623352,0.5421144366264343,0.3127824366092682,-0.2400469183921814,0.9800218343734741,0.40429770946502686,0.3220202922821045,0.11485587060451508,0.9338284134864807,0.5353025794029236,0.48741573095321655,-0.056289203464984894,0.9996886253356934,0.48657748103141785,0.4960514307022095,0.056239429861307144,0.9995365142822266,0.5419029593467712,0.66704922914505,-0.14035862684249878,0.9469989538192749,0.4618884027004242,0.6450772881507874,-0.06311018764972687,0.8983124494552612,0.5736642479896545,0.8705169558525085,-0.1199704110622406,0.9214281439781189,0.477010041475296,0.8354136943817139,-0.012814108282327652,0.8699995875358582,0.5875903964042664,0.9045937061309814,-0.12381814420223236,0.8928603529930115,0.49512335658073425,0.8658854961395264,-0.011366494931280613,0.8633652329444885,0.5573219060897827,0.9348570704460144,-0.22947756946086884,0.9564939141273499,0.4347093999385834,0.8851650953292847,-0.08601468056440353,0.9013283848762512
0.5005319118499756,0.20984800159931183,-0.11559737473726273,0.9999927878379822,0.5018408298492432,0.19046306610107422,-0.1095430850982666,0.9999871850013733,0.5046448111534119,0.18709370493888855,-0.10973630845546722,0.9999879598617554,0.507869303226471,0.1830451637506485,-0.10965362191200256,0.9999896883964539,0.49343743920326233,0.19306997954845428,-0.10025263577699661,0.9999884963035583,0.4910629391670227,0.19235940277576447,-0.10054508596658707,0.9999887347221375,0.4880102574825287,0.19146457314491272,-0.10067566484212875,0.9999875426292419,0.5203009247779846,0.16537077724933624,-0.036261267960071564,0.9999929666519165,0.4897748529911041,0.18196025490760803,0.006543136201798916,0.9999638199806213,0.5104660391807556,0.2161506563425064,-0.08180447667837143,0.9999843835830688,0.49923306703567505,0.2201470285654068,-0.07125367969274521,0.9999642968177795,0.5575504899024963,0.22378504276275635,-0.011508085764944553,0.9999968409538269,0.477090448141098,0.24290217459201813,0.13220638036727905,0.9999417662620544,0.5932981967926025,0.3423445224761963,-0.08775122463703156,0.9791226983070374,0.45608800649642944,0.34645557403564453,0.19069409370422363,0.7612292170524597,0.5568485856056213,0.32734400033950806,-0.23512639105319977,0.9874185919761658,0.41268450021743774,0.33501753211021423,0.12868812680244446,0.9409260153770447,0.5477265119552612,0.3264158368110657,-0.2677765190601349,0.987986147403717,0.3988277316093445,0.3340737223625183,0.11714818328619003,0.9441738724708557,0.5418455004692078,0.30952832102775574,-0.2711821496486664,0.9888095855712891,0.3991369903087616,0.31962746381759644,0.09596084803342819,0.9457510709762573,0.5425690412521362,0.31275102496147156,-0.23744434118270874,0.9816892147064209,0.4054373800754547,0.3219548165798187,0.11722017079591751,0.9381324648857117,0.5357900857925415,0.4870384931564331,-0.054251302033662796,0.9997099041938782,0.48671308159828186,0.49508824944496155,0.05419385805726051,0.9995678663253784,0.5409228801727295,0.6659224629402161,-0.1359647661447525,0.9510011672973633,0.46261781454086304,0.6378671526908875,-0.07790432125329971,0.90636146068573,0.5724087357521057,0.8679448962211609,-0.10356023907661438,0.9274672269821167,0.4772970378398895,0.8347488045692444,-0.03983045369386673,0.8796751499176025,0.5846570730209351,0.8975001573562622,-0.10636616498231888,0.8897395133972168,0.4952661097049713,0.8651289939880371,-0.03984465450048447,0.8686929941177368,0.5594423413276672,0.9327999949455261,-0.20928695797920227,0.9589537978172302,0.43410930037498474,0.8889756202697754,-0.11987320333719254,0.9083281755447388
0.5007656216621399,0.20934753119945526,-0.11742784082889557,0.9999926686286926,0.502138078212738,0.18992801010608673,-0.11106565594673157,0.9999868273735046,0.5049201250076294,0.18655551970005035,-0.11127062886953354,0.9999876618385315,0.5081679821014404,0.18242038786411285,-0.1111886128783226,0.99998939037323,0.4936702847480774,0.19248662889003754,-0.10204693675041199,0.9999881386756897,0.49122875928878784,0.19182194769382477,-0.10233921557664871,0.9999883770942688,0.4881315529346466,0.1909155398607254,-0.10246393829584122,0.9999871253967285,0.5205801129341125,0.16454429924488068,-0.03785419091582298,0.9999927878379822,0.4897681176662445,0.18125541508197784,0.005274568684399128,0.9999637007713318,0.5106106400489807,0.21562941372394562,-0.08345676958560944,0.9999840259552002,0.499330997467041,0.21964992582798004,-0.07308695465326309,0.9999643564224243,0.5577338933944702,0.22331739962100983,-0.011669010855257511,0.9999967813491821,0.4770581126213074,0.24254535138607025,0.1257595270872116,0.9999416470527649,0.5934630036354065,0.3415869474411011,-0.09068408608436584,0.9808175563812256,0.45654720067977905,0.3456057012081146,0.18527916073799133,0.7694765329360962,0.5572825074195862,0.3274931013584137,-0.2415378987789154,0.9885998368263245,0.4133949279785156,0.33433231711387634,0.1246410682797432,0.9452036023139954,0.5482652187347412,0.32658514380455017,-0.2749570906162262,0.9890530109405518,0.3994501531124115,0.33366939425468445,0.11334177106618881,0.947918176651001,0.5423307418823242,0.3096241056919098,-0.27816101908683777,0.9898035526275635,0.3997003734111786,0.3194923996925354,0.09117769449949265,0.9494811296463013,0.5429513454437256,0.3128218352794647,-0.2439294010400772,0.9832441806793213,0.406055748462677,0.3218565285205841,0.11287323385477066,0.9421204924583435,0.5366389751434326,0.4869645833969116,-0.051560912281274796,0.9997298121452332,0.4867814779281616,0.49438023567199707,0.0514792874455452,0.9995958209037781,0.5413528084754944,0.6675193309783936,-0.11299066245555878,0.95456862449646,0.46383967995643616,0.6373884081840515,-0.05264846235513687,0.913170337677002,0.5726397633552551,0.8663257360458374,-0.08471845090389252,0.9332653880119324,0.4779208302497864,0.8342261910438538,-0.0010750399669632316,0.8881005048751831,0.5839675068855286,0.8971193432807922,-0.08837948739528656,0.8888093829154968,0.49459126591682434,0.8649739623069763,1.5172849998634774e-05,0.8726804256439209,0.5609082579612732,0.9311022758483887,-0.1949107050895691,0.9615040421485901,0.43439581990242004,0.8855745196342468,-0.08028025925159454,0.9143661856651306
0.5007845759391785,0.2081366926431656,-0.11926301568746567,0.999992311000824,0.5022976398468018,0.18875624239444733,-0.11263260990381241,0.9999860525131226,0.5050796866416931,0.18548573553562164,-0.11284136027097702,0.999987006187439,0.5083163380622864,0.1812487691640854,-0.11276356875896454,0.9999887943267822,0.4938097894191742,0.1911201924085617,-0.10334945470094681,0.9999873042106628,0.4913121461868286,0.19056878983974457,-0.10364191234111786,0.9999875426292419,0.48818644881248474,0.18971873819828033,-0.10376572608947754,0.9999861717224121,0.5206364989280701,0.16366317868232727,-0.038696613162755966,0.9999924302101135,0.48982614278793335,0.1801350712776184,0.005863249767571688,0.9999623894691467,0.5106099843978882,0.2144249975681305,-0.08492763340473175,0.9999834895133972,0.4992644488811493,0.21824243664741516,-0.07421594113111496,0.9999639987945557,0.5577468276023865,0.2230401337146759,-0.011927171610295773,0.9999967217445374,0.4770059883594513,0.24147891998291016,0.12685655057430267,0.9999412894248962,0.5933188796043396,0.3402446210384369,-0.09238101541996002,0.9824343919754028,0.456809937953949,0.3453555703163147,0.18554536998271942,0.7745504379272461,0.5576381683349609,0.3276052474975586,-0.24178247153759003,0.9896783232688904,0.4135812222957611,0.3338901102542877,0.12325830012559891,0.9487136602401733,0.5482612252235413,0.327056884765625,-0.2763616144657135,0.9900351762771606,0.39941054582595825,0.33335304260253906,0.111122265458107,0.9509850144386292,0.543073296546936,0.309697687625885,-0.28090178966522217,0.9907174706459045,0.39990922808647156,0.31923460960388184,0.08878521621227264,0.9525474905967712,0.5437310338020325,0.31285303831100464,-0.24447382986545563,0.9846799969673157,0.40635597705841064,0.32156676054000854,0.11124300211668015,0.9453450441360474,0.5372294783592224,0.48576101660728455,-0.050035081803798676,0.999747633934021,0.4869026839733124,0.49219411611557007,0.049961455166339874,0.9996214509010315,0.5422899723052979,0.6668117046356201,-0.10849738866090775,0.9579018950462341,0.4652515649795532,0.6304894089698792,-0.08512231707572937,0.9205374121665955,0.5723401308059692,0.8628717660903931,-0.06141602247953415,0.9383537769317627,0.4786781668663025,0.833871603012085,-0.050777334719896317,0.8971167206764221,0.5838056802749634,0.8921003341674805,-0.06319411844015121,0.8866545557975769,0.4954046905040741,0.8645700812339783,-0.05147407948970795,0.8789026141166687,0.5619407892227173,0.9308488965034485,-0.16853176057338715,0.9635385870933533,0.4357592761516571,0.8871771097183228,-0.1381145566701889,0.9208520650863647
0.5008939504623413,0.20657849311828613,-0.12058543413877487,0.9999919533729553,0.5025473237037659,0.18717487156391144,-0.11384500563144684,0.9999853372573853,0.5052919387817383,0.18394140899181366,-0.1140575036406517,0.9999864101409912,0.508538544178009,0.1796209067106247,-0.11398334801197052,0.9999882578849792,0.4940084218978882,0.18947958946228027,-0.10465385019779205,0.9999865293502808,0.49148163199424744,0.1890055537223816,-0.10494597256183624,0.9999867677688599,0.48829081654548645,0.18825550377368927,-0.10506990551948547,0.9999852776527405,0.5207307934761047,0.16283759474754333,-0.039560653269290924,0.9999921321868896,0.48992782831192017,0.17872442305088043,0.004916994366794825,0.9999608993530273,0.510647177696228,0.2130228579044342,-0.08605767786502838,0.9999829530715942,0.49930712580680847,0.2167283445596695,-0.0754341185092926,0.9999634623527527,0.5578081607818604,0.2228577882051468,-0.01195282768458128,0.9999966621398926,0.4769987165927887,0.24057306349277496,0.12608741223812103,0.9999403357505798,0.5932099223136902,0.3395817279815674,-0.09278617799282074,0.9838654398918152,0.457264244556427,0.3451898396015167,0.18383873999118805,0.7788116931915283,0.5580464005470276,0.3277316689491272,-0.24447719752788544,0.9906414151191711,0.4140357971191406,0.33396273851394653,0.12146585434675217,0.9514797925949097,0.5483554005622864,0.3275308310985565,-0.27880728244781494,0.9909066557884216,0.3997572064399719,0.3334200084209442,0.10937988758087158,0.9533297419548035,0.5437629818916321,0.30969101190567017,-0.28262677788734436,0.9915281534194946,0.4003910720348358,0.31927669048309326,0.08695913851261139,0.954911470413208,0.5444647669792175,0.31271010637283325,-0.24698485434055328,0.9859495759010315,0.4069322645664215,0.3216053247451782,0.10942568629980087,0.9478021860122681,0.5377140045166016,0.48332756757736206,-0.0487309955060482,0.9997650384902954,0.48733967542648315,0.49010682106018066,0.04865878075361252,0.9996462464332581,0.5442028045654297,0.6647453904151917,-0.10631761699914932,0.9611364603042603,0.465807169675827,0.628374457359314,-0.08100754767656326,0.9273077845573425,0.572650671005249,0.859503984451294,-0.05803199112415314,0.9432907104492188,0.48004505038261414,0.833517849445343,-0.04225195571780205,0.905632495880127,0.5833602547645569,0.8880436420440674,-0.05982629954814911,0.8865863084793091,0.49725091457366943,0.8644071221351624,-0.04248695820569992,0.8853315114974976,0.5643657445907593,0.9302076101303101,-0.1655898243188858,0.9657096862792969,0.44155919551849365,0.8853297829627991,-0.1276569962501526,0.9269872307777405
0.5008623003959656,0.20542970299720764,-0.1339932531118393,0.999991238117218,0.50261390209198,0.1861082911491394,-0.127709299325943,0.9999837279319763,0.5054209232330322,0.18293634057044983,-0.12793241441249847,0.9999850988388062,0.5086895823478699,0.17864739894866943,-0.12786506116390228,0.9999870657920837,0.4940377175807953,0.18844611942768097,-0.11898022145032883,0.9999849200248718,0.49145057797431946,0.18801449239253998,-0.11926931887865067,0.9999852776527405,0.48825299739837646,0.1873529851436615,-0.11939508467912674,0.999983549118042,0.5207064747810364,0.1623503714799881,-0.053089916706085205,0.9999913573265076,0.48991626501083374,0.177649587392807,-0.010605158284306526,0.9999573230743408,0.5106422901153564,0.2120412439107895,-0.09918785095214844,0.9999814629554749,0.49925336241722107,0.2155868262052536,-0.08913281559944153,0.999961256980896,0.5578401684761047,0.22258183360099792,-0.023819921538233757,0.999996542930603,0.4769696593284607,0.23951295018196106,0.1087648794054985,0.9999385476112366,0.5931284427642822,0.339217871427536,-0.10433686524629593,0.9851328730583191,0.45806756615638733,0.3448227643966675,0.15363053977489471,0.7826570272445679,0.5587402582168579,0.3278351128101349,-0.2653457522392273,0.9915044903755188,0.415179580450058,0.3340385854244232,0.07773737609386444,0.9542338848114014,0.5486136674880981,0.32792526483535767,-0.30141156911849976,0.9916889071464539,0.4008432626724243,0.3334682583808899,0.06275715678930283,0.9557737708091736,0.5446125268936157,0.30960533022880554,-0.30643022060394287,0.9922567009925842,0.4016088843345642,0.3192896842956543,0.039590489119291306,0.957373857498169,0.5454086065292358,0.3124210834503174,-0.2687787711620331,0.9870920777320862,0.40829038619995117,0.3216676712036133,0.06505279242992401,0.9503867626190186,0.5387657284736633,0.4826287031173706,-0.0471235029399395,0.9997791051864624,0.48805177211761475,0.4892314672470093,0.047045931220054626,0.9996658563613892,0.5460604429244995,0.6646507978439331,-0.10014688968658447,0.9637553691864014,0.4672299027442932,0.6266433000564575,-0.07905718684196472,0.93304443359375,0.573090672492981,0.8578689098358154,-0.05140324681997299,0.9474934339523315,0.4807716906070709,0.8331714272499084,-0.0368216298520565,0.9128637313842773,0.583772599697113,0.8860096335411072,-0.053298041224479675,0.8856843709945679,0.49772417545318604,0.8635609149932861,-0.036638710647821426,0.8903583884239197,0.565318763256073,0.9285464882850647,-0.15768323838710785,0.9673393368721008,0.44118165969848633,0.8817065358161926,-0.11987605690956116,0.9320678114891052
0.5010189414024353,0.20469725131988525,-0.1269202083349228,0.9999914169311523,0.5027913451194763,0.18505527079105377,-0.11974690854549408,0.9999840259552002,0.5056926608085632,0.18170934915542603,-0.11996318399906158,0.99998539686203,0.5090029835700989,0.17740848660469055,-0.11988553404808044,0.9999872446060181,0.49412423372268677,0.1877940595149994,-0.11132612824440002,0.9999852180480957,0.4914662539958954,0.1874818503856659,-0.11161016672849655,0.9999855756759644,0.4882430136203766,0.18694688379764557,-0.11172410845756531,0.9999839067459106,0.5206844806671143,0.16183310747146606,-0.04415331780910492,0.9999914765357971,0.4899253845214844,0.17727890610694885,-0.003421581583097577,0.9999586939811707,0.5108597278594971,0.21139386296272278,-0.09203445911407471,0.9999817609786987,0.4993630647659302,0.21515315771102905,-0.08251621574163437,0.9999624490737915,0.5578070878982544,0.22246238589286804,-0.018344363197684288,0.999996542930603,0.4769459664821625,0.23915326595306396,0.11246134340763092,0.9999394416809082,0.5931846499443054,0.33878910541534424,-0.10059225559234619,0.9863247871398926,0.45907166600227356,0.3447960317134857,0.1602713018655777,0.7902885675430298,0.5593292713165283,0.3279125690460205,-0.2636371850967407,0.9922956228256226,0.4158865809440613,0.3340908885002136,0.08547987788915634,0.9574916362762451,0.5491735339164734,0.3279661238193512,-0.29873624444007874,0.9924169778823853,0.40153414011001587,0.33347073197364807,0.07068406045436859,0.9587358236312866,0.5453100800514221,0.30958810448646545,-0.3029292821884155,0.992935836315155,0.40227577090263367,0.31928789615631104,0.04849619045853615,0.9602978825569153,0.5461085438728333,0.31236347556114197,-0.26649728417396545,0.9881729483604431,0.4089246392250061,0.3216964304447174,0.0731528103351593,0.9535741806030273,0.5393230319023132,0.4826795756816864,-0.04716247320175171,0.9997907876968384,0.4890950322151184,0.48914703726768494,0.04708217456936836,0.9996821880340576,0.5470985770225525,0.6669153571128845,-0.10656346380710602,0.9663364887237549,0.4696314036846161,0.6276510953903198,-0.07863335311412811,0.9378104209899902,0.5757365822792053,0.8642690777778625,-0.07109913975000381,0.951542317867279,0.48638713359832764,0.8329389095306396,-0.03492140397429466,0.9184112548828125,0.5881355404853821,0.8904148936271667,-0.07352297753095627,0.8866158127784729,0.5020121932029724,0.863402783870697,-0.034139033406972885,0.8928374648094177,0.562290608882904,0.9289116263389587,-0.167316734790802,0.9693317413330078,0.4477302134037018,0.8868376016616821,-0.11264346539974213,0.9361913800239563
0.5009835362434387,0.20374475419521332,-0.12576648592948914,0.999991238117218,0.5027427673339844,0.18341241776943207,-0.11893630772829056,0.9999836683273315,0.5056847929954529,0.17982740700244904,-0.11915616691112518,0.9999850988388062,0.5089731216430664,0.17558324337005615,-0.11907989531755447,0.999987006187439,0.49409323930740356,0.18667782843112946,-0.11005406826734543,0.9999848008155823,0.4914540946483612,0.18641230463981628,-0.11033909767866135,0.9999851584434509,0.4882228970527649,0.18604467809200287,-0.11045491695404053,0.9999834895133972,0.5206623673439026,0.16094259917736053,-0.04433233663439751,0.9999912977218628,0.48990949988365173,0.17624181509017944,-0.001196913537569344,0.9999577403068542,0.5108272433280945,0.21055868268013,-0.09114687889814377,0.9999814033508301,0.4993312656879425,0.21416153013706207,-0.08094165474176407,0.9999620318412781,0.5578134059906006,0.2219042032957077,-0.018599195405840874,0.9999964833259583,0.4769379198551178,0.2388688027858734,0.1159253641963005,0.9999382495880127,0.5933424234390259,0.3383306562900543,-0.10045509040355682,0.9872888922691345,0.459406316280365,0.3447864353656769,0.16215716302394867,0.7943339347839355,0.5597708821296692,0.32794246077537537,-0.2631622850894928,0.9929928183555603,0.4161543548107147,0.33414602279663086,0.09051912277936935,0.9598901867866516,0.5499032139778137,0.32801899313926697,-0.2998126149177551,0.9930484294891357,0.40194404125213623,0.33310920000076294,0.0755273774266243,0.9608302712440491,0.5457826256752014,0.3091641962528229,-0.3045356571674347,0.9935251474380493,0.40262719988822937,0.31915128231048584,0.04897807538509369,0.9624181985855103,0.5464834570884705,0.31195902824401855,-0.2664812207221985,0.9890948534011841,0.409183531999588,0.3216971755027771,0.07662750035524368,0.9558089375495911,0.54015052318573,0.4827856123447418,-0.047341980040073395,0.9998037815093994,0.4898262619972229,0.489421546459198,0.047251272946596146,0.9996999502182007,0.5489494204521179,0.6701124310493469,-0.09659994393587112,0.968209981918335,0.47147873044013977,0.6351641416549683,-0.02054392173886299,0.9406984448432922,0.5771852135658264,0.8654077053070068,-0.05762674659490585,0.9548515677452087,0.48576152324676514,0.8330276012420654,0.057871583849191666,0.9222893118858337,0.5894233584403992,0.8907063007354736,-0.06040729582309723,0.885286271572113,0.5012349486351013,0.8631011843681335,0.061667025089263916,0.8925265073776245,0.5631980299949646,0.9291906952857971,-0.17113368213176727,0.9707750082015991,0.4506497383117676,0.8857805132865906,-0.019450820982456207,0.9387949109077454
0.499641478061676,0.20276130735874176,-0.11931027472019196,0.9999889135360718,0.501609742641449,0.1828157752752304,-0.11370028555393219,0.9999793171882629,0.5051614046096802,0.17920947074890137,-0.11393892765045166,0.9999809861183167,0.5084472298622131,0.17504963278770447,-0.11387114971876144,0.9999838471412659,0.49342063069343567,0.18579663336277008,-0.1040094643831253,0.9999803900718689,0.4907117784023285,0.18541596829891205,-0.10429391264915466,0.9999806880950928,0.48781684041023254,0.1850447952747345,-0.1044156402349472,0.9999791979789734,0.5201078653335571,0.1604333519935608,-0.041025638580322266,0.9999889731407166,0.48990046977996826,0.17500966787338257,0.005900783464312553,0.9999452233314514,0.5102458596229553,0.20950111746788025,-0.08516010642051697,0.9999776482582092,0.4985429048538208,0.21289615333080292,-0.07375636696815491,0.9999547600746155,0.5577955842018127,0.2214985191822052,-0.014232096262276173,0.9999962449073792,0.4766196012496948,0.2384270876646042,0.11702217161655426,0.9999345541000366,0.5939810872077942,0.3384300768375397,-0.09567001461982727,0.9879668354988098,0.45935338735580444,0.3448055386543274,0.15368351340293884,0.7927982807159424,0.560590386390686,0.3279869556427002,-0.262596070766449,0.9935732483863831,0.41623926162719727,0.3347291350364685,0.05180070921778679,0.9610336422920227,0.5503154993057251,0.32806703448295593,-0.3005063831806183,0.9935376048088074,0.4022226929664612,0.33313068747520447,0.031922586262226105,0.9617426991462708,0.5463340282440186,0.30871784687042236,-0.3054671585559845,0.9939810037612915,0.4031033217906952,0.31915682554244995,0.008661681786179543,0.963418185710907,0.5472184419631958,0.3114544153213501,-0.26615726947784424,0.9897618293762207,0.4095005691051483,0.32171469926834106,0.03816709667444229,0.9565762877464294,0.5412485599517822,0.4829515218734741,-0.04707993566989899,0.9998171925544739,0.49052757024765015,0.4900822937488556,0.046969469636678696,0.999718964099884,0.5506125688552856,0.6724815964698792,-0.08650077879428864,0.9696590900421143,0.4732216000556946,0.6519397497177124,0.005951526574790478,0.9430301785469055,0.5775089263916016,0.8657562732696533,-0.03179274499416351,0.9576593637466431,0.48576122522354126,0.8360431790351868,0.09688714146614075,0.9261742234230042,0.5888353586196899,0.8905970454216003,-0.03312970697879791,0.8812738060951233,0.5012094378471375,0.8648223876953125,0.10183355212211609,0.8917103409767151,0.5650593638420105,0.9298882484436035,-0.1470833569765091,0.9717280268669128,0.4513481557369232,0.8943726420402527,0.019087636843323708,0.9410485625267029
0.49868544936180115,0.20213773846626282,-0.1264270395040512,0.9999877214431763,0.5005345940589905,0.1826460212469101,-0.12233360856771469,0.9999769330024719,0.5045508742332458,0.17905128002166748,-0.12257812917232513,0.9999788999557495,0.5078844428062439,0.1748567372560501,-0.12252400070428848,0.9999819993972778,0.49257007241249084,0.18552500009536743,-0.1126382052898407,0.9999781250953674,0.4898534417152405,0.1851777732372284,-0.11291348934173584,0.9999786019325256,0.4872745871543884,0.18484798073768616,-0.11303691565990448,0.9999770522117615,0.5193567276000977,0.15988649427890778,-0.05418187752366066,0.9999879002571106,0.48964324593544006,0.17445620894432068,-0.006412973161786795,0.9999394416809082,0.5098071694374084,0.2086975872516632,-0.09375012665987015,0.9999754428863525,0.4978531301021576,0.2121046781539917,-0.08205100148916245,0.9999505281448364,0.5578085780143738,0.22084006667137146,-0.033988647162914276,0.9999961853027344,0.4760042726993561,0.23804490268230438,0.1039399579167366,0.9999327063560486,0.5943421125411987,0.33849745988845825,-0.11944793164730072,0.9886664748191833,0.45925840735435486,0.3447232246398926,0.09743305295705795,0.7922595143318176,0.5613740086555481,0.32798755168914795,-0.2902377247810364,0.9941056966781616,0.41669365763664246,0.33526724576950073,-0.04497937485575676,0.9629202485084534,0.5506706833839417,0.32812240719795227,-0.3308413624763489,0.9940017461776733,0.40281304717063904,0.3331601619720459,-0.07098416984081268,0.9635794162750244,0.546810507774353,0.3082617223262787,-0.33614104986190796,0.9944174289703369,0.40375182032585144,0.3191682994365692,-0.09261345118284225,0.9652761220932007,0.5479317903518677,0.31086355447769165,-0.29442834854125977,0.9904320240020752,0.41011714935302734,0.3217705190181732,-0.059001047164201736,0.9584687352180481,0.542678952217102,0.48348483443260193,-0.05113666132092476,0.9998237490653992,0.4916705787181854,0.4914138913154602,0.050972774624824524,0.9997249245643616,0.5509983897209167,0.6737170815467834,-0.09029749780893326,0.9709562659263611,0.4761603772640228,0.6550898551940918,0.0628565326333046,0.9358974695205688,0.5789077877998352,0.8699034452438354,-0.08877768367528915,0.9602170586585999,0.4868490993976593,0.8357375264167786,0.16509604454040527,0.9228198528289795,0.592374861240387,0.897861659526825,-0.09471305459737778,0.880466878414154,0.5032383799552917,0.8648918271064758,0.17149454355239868,0.8852301239967346,0.5633688569068909,0.9363688826560974,-0.21219183504581451,0.9727813005447388,0.4492441415786743,0.892478883266449,0.10382822155952454,0.9384534955024719
0.49754324555397034,0.2022683322429657,-0.14752337336540222,0.9999778866767883,0.499320387840271,0.18279482424259186,-0.14260061085224152,0.9999567270278931,0.5037809610366821,0.17914840579032898,-0.14287005364894867,0.9999604821205139,0.5072411298751831,0.1749354600906372,-0.14282523095607758,0.9999677538871765,0.4914088845252991,0.18568111956119537,-0.13425154983997345,0.9999572038650513,0.4887809753417969,0.18531781435012817,-0.13452370464801788,0.9999589920043945,0.4864930808544159,0.1849648356437683,-0.13465188443660736,0.9999567270278931,0.5184366703033447,0.1595020294189453,-0.06634286791086197,0.9999789595603943,0.4888961911201477,0.17455269396305084,-0.024613646790385246,0.9998769164085388,0.5092873573303223,0.20869982242584229,-0.11153348535299301,0.9999603629112244,0.49703648686408997,0.21214330196380615,-0.101646788418293,0.9999188184738159,0.5578180551528931,0.2203575074672699,-0.0349266342818737,0.9999956488609314,0.47481730580329895,0.23771291971206665,0.08480498939752579,0.9999200105667114,0.5945212244987488,0.33856818079948425,-0.12036900967359543,0.9891146421432495,0.45935460925102234,0.34449124336242676,0.060091812163591385,0.7846816778182983,0.5620145201683044,0.3278708755970001,-0.30461567640304565,0.9945493340492249,0.4172205924987793,0.3355783522129059,-0.10363959521055222,0.9624100923538208,0.5508882403373718,0.3281121253967285,-0.3483603298664093,0.9943533539772034,0.4037756323814392,0.33378055691719055,-0.13551825284957886,0.9632043242454529,0.5477419495582581,0.30734220147132874,-0.354941189289093,0.9947476387023926,0.40451955795288086,0.31960928440093994,-0.15701815485954285,0.9651145935058594,0.5491142272949219,0.3099651038646698,-0.30982038378715515,0.99089115858078,0.4108166992664337,0.32200947403907776,-0.11823570728302002,0.9576541781425476,0.545025110244751,0.4839191138744354,-0.04618784412741661,0.999832034111023,0.4932061433792114,0.49239540100097656,0.046024348586797714,0.9997348189353943,0.5544854998588562,0.6743634343147278,-0.0614955797791481,0.9711452722549438,0.47999754548072815,0.6616970896720886,0.052664998918771744,0.934118390083313,0.5782021880149841,0.8614838719367981,0.018267134204506874,0.9614050388336182,0.4863227903842926,0.8337504863739014,0.1558634489774704,0.925220251083374,0.5895750522613525,0.8815934062004089,0.019247274845838547,0.8718688488006592,0.5028995275497437,0.864624559879303,0.16159473359584808,0.8823070526123047,0.5697903037071228,0.9323891997337341,-0.09362079203128815,0.9722269177436829,0.4483271539211273,0.8828545808792114,0.07814455777406693,0.9392504692077637
0.49619588255882263,0.20224542915821075,-0.14591126143932343,0.9999765157699585,0.4978603720664978,0.18272912502288818,-0.13998833298683167,0.9999539852142334,0.5025365948677063,0.1789824664592743,-0.14018584787845612,0.9999582767486572,0.5065023303031921,0.17444773018360138,-0.14010927081108093,0.9999658465385437,0.4897344708442688,0.1857602745294571,-0.13003571331501007,0.9999544024467468,0.48747506737709045,0.18541918694972992,-0.13033348321914673,0.9999563694000244,0.4854498505592346,0.18505632877349854,-0.13046421110630035,0.9999537467956543,0.517130434513092,0.15926679968833923,-0.060560066252946854,0.9999779462814331,0.4875418543815613,0.1746508777141571,-0.016266731545329094,0.9998698234558105,0.5082626938819885,0.2082747220993042,-0.11049814522266388,0.9999579787254333,0.4961164593696594,0.2121441662311554,-0.09899116307497025,0.9999135732650757,0.5578129887580872,0.2199697196483612,-0.032214391976594925,0.9999955892562866,0.47381600737571716,0.23744705319404602,0.09533286094665527,0.9999144077301025,0.594487726688385,0.33826637268066406,-0.1195826455950737,0.9897885918617249,0.45946410298347473,0.3440588712692261,0.0814049169421196,0.7782981395721436,0.563025176525116,0.3283735513687134,-0.303153395652771,0.9950147867202759,0.41723883152008057,0.33571141958236694,-0.06336233764886856,0.9625582695007324,0.5516740679740906,0.32865238189697266,-0.3462972342967987,0.9947834014892578,0.4039987623691559,0.3340797424316406,-0.09102069586515427,0.9634950160980225,0.5498677492141724,0.3073522448539734,-0.35308587551116943,0.9951518774032593,0.4046972990036011,0.31968411803245544,-0.11210790276527405,0.9655396938323975,0.5510452389717102,0.3099147081375122,-0.3084665536880493,0.9915403127670288,0.4109867513179779,0.3220405578613281,-0.07731790095567703,0.9577248096466064,0.546231210231781,0.48509520292282104,-0.04748690873384476,0.9998382925987244,0.494322806596756,0.4935142695903778,0.04730628803372383,0.9997389316558838,0.5560123920440674,0.6786074638366699,-0.07392385601997375,0.972549319267273,0.4829668402671814,0.6680870056152344,0.08586962521076202,0.9310944676399231,0.5788804888725281,0.8661463856697083,-0.024103010073304176,0.9636107087135315,0.4872679114341736,0.833885908126831,0.1853482574224472,0.9263957738876343,0.5914174318313599,0.8904243111610413,-0.02609127014875412,0.8711455464363098,0.5025120973587036,0.8690053224563599,0.19100700318813324,0.8805864453315735,0.5673591494560242,0.9319508075714111,-0.1402309387922287,0.9732214212417603,0.4481094181537628,0.880612850189209,0.11596370488405228,0.9399973154067993
0.4946163296699524,0.20181918144226074,-0.14090149104595184,0.9999704957008362,0.4962047040462494,0.18230551481246948,-0.13541057705879211,0.9999419450759888,0.5005252361297607,0.1781124323606491,-0.13564972579479218,0.9999473094940186,0.5050422549247742,0.17308832705020905,-0.1355876326560974,0.9999577403068542,0.4879071116447449,0.18565045297145844,-0.12640716135501862,0.9999415278434753,0.4860502779483795,0.18540918827056885,-0.12669183313846588,0.9999438524246216,0.4841037094593048,0.18507365882396698,-0.12681706249713898,0.9999409914016724,0.5154657959938049,0.15818612277507782,-0.05900045856833458,0.9999727010726929,0.4865509569644928,0.1747373640537262,-0.016199598088860512,0.9998307228088379,0.50657057762146,0.20735718309879303,-0.10565434396266937,0.999949038028717,0.49494123458862305,0.21171678602695465,-0.09507755935192108,0.9998939633369446,0.5576228499412537,0.2183508276939392,-0.0304875448346138,0.9999952912330627,0.47325676679611206,0.2371000200510025,0.09371780604124069,0.9999042749404907,0.5945746302604675,0.33795836567878723,-0.11665293574333191,0.9901885986328125,0.4595135450363159,0.3427911400794983,0.0847790315747261,0.7675342559814453,0.5644599795341492,0.3283839523792267,-0.2972082495689392,0.995392918586731,0.4172515571117401,0.3356984853744507,-0.05623329430818558,0.961125373840332,0.5530644655227661,0.3287648558616638,-0.33996060490608215,0.9951005578041077,0.40402907133102417,0.3345049321651459,-0.08390554040670395,0.9622533321380615,0.5514650940895081,0.3073509633541107,-0.3469602167606354,0.995449960231781,0.40466955304145813,0.319717139005661,-0.1060866266489029,0.9645621180534363,0.5524070262908936,0.3098457157611847,-0.3025321364402771,0.9919822216033936,0.410980224609375,0.3219487965106964,-0.070564404129982,0.9560505151748657,0.5477469563484192,0.48512670397758484,-0.04551718011498451,0.9998435378074646,0.49573612213134766,0.49381697177886963,0.04534901678562164,0.9997439384460449,0.5572293996810913,0.6823527812957764,-0.05346043035387993,0.9713160395622253,0.48346108198165894,0.6688260436058044,0.058055661618709564,0.9263839721679688,0.5783674120903015,0.8634501695632935,0.044342998415231705,0.9618186950683594,0.48686811327934265,0.8338598012924194,0.16451168060302734,0.9246382713317871,0.5892384648323059,0.8854036927223206,0.04748613387346268,0.8540585041046143,0.5022377967834473,0.8688769340515137,0.1708959937095642,0.8711705207824707,0.568327009677887,0.9286831021308899,-0.057940855622291565,0.9699167609214783,0.4479861855506897,0.880420446395874,0.09197255223989487,0.9372113943099976
0.49234095215797424,0.20134024322032928,-0.13780614733695984,0.9999690055847168,0.4935649037361145,0.18190160393714905,-0.13192753493785858,0.999939501285553,0.497592568397522,0.1774994432926178,-0.13215918838977814,0.9999452829360962,0.502268373966217,0.17222945392131805,-0.1320948600769043,0.9999560117721558,0.48577162623405457,0.18535317480564117,-0.12283750623464584,0.9999386668205261,0.48405197262763977,0.1851249635219574,-0.12312133610248566,0.9999411106109619,0.4819890558719635,0.18475422263145447,-0.12324448674917221,0.9999376535415649,0.5133012533187866,0.15751780569553375,-0.05701391026377678,0.9999721050262451,0.4852396249771118,0.17478500306606293,-0.013697423972189426,0.9998252391815186,0.5041195750236511,0.20640751719474792,-0.10257022082805634,0.999947190284729,0.49331188201904297,0.21127253770828247,-0.0919089987874031,0.9998889565467834,0.5572389364242554,0.21769049763679504,-0.030709585174918175,0.9999952912330627,0.4726630449295044,0.23707230389118195,0.09324478358030319,0.9998982548713684,0.5945867896080017,0.3379947543144226,-0.11902140080928802,0.9906848669052124,0.4595783054828644,0.34251707792282104,0.07268133759498596,0.7610394954681396,0.565149188041687,0.32840895652770996,-0.30282819271087646,0.995775580406189,0.41734907031059265,0.33579936623573303,-0.07785438001155853,0.9614014625549316,0.5536777377128601,0.32885095477104187,-0.3456062376499176,0.9954611659049988,0.40421608090400696,0.3349978029727936,-0.1071888878941536,0.9627370238304138,0.5520660281181335,0.30736181139945984,-0.35305458307266235,0.9957883358001709,0.40495797991752625,0.3197321593761444,-0.12710095942020416,0.9651228785514832,0.5529683828353882,0.3097894787788391,-0.3084256947040558,0.992531955242157,0.4111919403076172,0.32180818915367126,-0.09152822196483612,0.956331193447113,0.5486557483673096,0.48515862226486206,-0.04631531611084938,0.9998443722724915,0.49643275141716003,0.4938035309314728,0.04613470286130905,0.9997375011444092,0.5582540035247803,0.6838900446891785,-0.06634846329689026,0.9719226956367493,0.48342281579971313,0.6668272018432617,0.08287792652845383,0.9194329380989075,0.5799924731254578,0.8683798909187317,-0.005169669631868601,0.9630891680717468,0.48668667674064636,0.8334000110626221,0.19347785413265228,0.9215494394302368,0.5897112488746643,0.8897647857666016,-0.005812715273350477,0.8510425686836243,0.5015282034873962,0.868546724319458,0.2005590945482254,0.8648011088371277,0.5678647756576538,0.9351385235786438,-0.1158827617764473,0.9701605439186096,0.44460371136665344,0.868984580039978,0.13081346452236176,0.9348006844520569
0.4896429777145386,0.20074346661567688,-0.13777987658977509,0.9999633431434631,0.49032336473464966,0.1815849393606186,-0.13264839351177216,0.9999289512634277,0.4943074882030487,0.1773076057434082,-0.132899671792984,0.999936044216156,0.49868205189704895,0.17204821109771729,-0.13284508883953094,0.9999487400054932,0.4833277463912964,0.18483485281467438,-0.12316256016492844,0.9999266862869263,0.481476753950119,0.18451081216335297,-0.12344296276569366,0.999929666519165,0.4794064462184906,0.18416717648506165,-0.12357393652200699,0.9999249577522278,0.5111199021339417,0.15708491206169128,-0.058831293135881424,0.9999684691429138,0.4836322069168091,0.17478281259536743,-0.01300059538334608,0.9997941851615906,0.5012161135673523,0.2057953029870987,-0.1029430404305458,0.9999405145645142,0.49120381474494934,0.21093355119228363,-0.09171998500823975,0.9998719692230225,0.5566173195838928,0.21737925708293915,-0.03114202432334423,0.9999951124191284,0.47208377718925476,0.23707617819309235,0.0945444330573082,0.9998885989189148,0.594643235206604,0.3380066454410553,-0.12040756642818451,0.991065263748169,0.45960500836372375,0.3422848880290985,0.06932171434164047,0.7500691413879395,0.5652994513511658,0.32860276103019714,-0.3058467209339142,0.9961026310920715,0.4175349175930023,0.33589839935302734,-0.09443822503089905,0.9601317644119263,0.5540302991867065,0.32887256145477295,-0.3490315079689026,0.9957543015480042,0.4043944180011749,0.335766464471817,-0.1261780858039856,0.9619170427322388,0.5522854924201965,0.30721142888069153,-0.35648882389068604,0.9960627555847168,0.4052048325538635,0.3198895752429962,-0.1461479663848877,0.9644678235054016,0.5531545281410217,0.30956071615219116,-0.31138351559638977,0.9929593205451965,0.41140803694725037,0.3217586874961853,-0.10859493166208267,0.9550867080688477,0.5501355528831482,0.485305517911911,-0.04654216021299362,0.9998428225517273,0.49739375710487366,0.4937993288040161,0.04636861011385918,0.9997298717498779,0.5578060150146484,0.6852725148200989,-0.06355012208223343,0.9707769751548767,0.4835124909877777,0.6717132329940796,0.06370434910058975,0.9123224020004272,0.5802456140518188,0.8732096552848816,0.009318242780864239,0.9619705677032471,0.486480712890625,0.8340426683425903,0.16409839689731598,0.9167315363883972,0.5894642472267151,0.8932486176490784,0.00987689383327961,0.8393456339836121,0.5009599924087524,0.871521532535553,0.16986532509326935,0.854512095451355,0.5670862793922424,0.938165545463562,-0.1006007269024849,0.9676733613014221,0.44276225566864014,0.8866867423057556,0.0929630771279335,0.9298984408378601
0.48756349086761475,0.2008383721113205,-0.1411149948835373,0.9999642968177795,0.4884481728076935,0.18163487315177917,-0.13593772053718567,0.9999309778213501,0.49251869320869446,0.17757999897003174,-0.13618887960910797,0.9999377727508545,0.49665796756744385,0.17250774800777435,-0.13611845672130585,0.9999501705169678,0.4811595678329468,0.18490859866142273,-0.12583231925964355,0.9999288320541382,0.4789646565914154,0.1846102625131607,-0.12611886858940125,0.9999316334724426,0.4766639173030853,0.18429991602897644,-0.12624190747737885,0.999927282333374,0.5096842050552368,0.15712620317935944,-0.06242423132061958,0.9999691843986511,0.4807754456996918,0.17527782917022705,-0.013793104328215122,0.9998005032539368,0.49933484196662903,0.2060684710741043,-0.10625530034303665,0.9999415278434753,0.4889870285987854,0.21202316880226135,-0.09431392699480057,0.9998747110366821,0.5556625723838806,0.21710000932216644,-0.030508432537317276,0.9999949932098389,0.4712870419025421,0.2371540516614914,0.09666892886161804,0.9998893141746521,0.5946220755577087,0.33741095662117004,-0.1127929762005806,0.9914286136627197,0.46064555644989014,0.34226083755493164,0.13833433389663696,0.750156581401825,0.565609872341156,0.32861679792404175,-0.2829344868659973,0.9964101314544678,0.4175034761428833,0.33590006828308105,0.0583982951939106,0.9616142511367798,0.5548818111419678,0.32889148592948914,-0.32247236371040344,0.9960377812385559,0.4045165479183197,0.3355426788330078,0.0404197983443737,0.9631198048591614,0.552383303642273,0.30720600485801697,-0.3293134868144989,0.9963265061378479,0.40523675084114075,0.31984928250312805,0.01745143160223961,0.9656824469566345,0.5529858469963074,0.3095357120037079,-0.28763025999069214,0.9933752417564392,0.4114049971103668,0.3216533660888672,0.045411285012960434,0.9564223289489746,0.5507015585899353,0.48505157232284546,-0.04461406171321869,0.9998452663421631,0.4978064000606537,0.49303141236305237,0.04447357356548309,0.9997349977493286,0.5578800439834595,0.6842812299728394,-0.04860202595591545,0.9668323397636414,0.48439934849739075,0.6692553162574768,0.035342372953891754,0.9097641706466675,0.5800923109054565,0.8708300590515137,0.05474238097667694,0.9571400880813599,0.48781120777130127,0.8340584635734558,0.14486269652843475,0.9132758975028992,0.5888912081718445,0.8896586894989014,0.058592502027750015,0.8202815651893616,0.5008143186569214,0.8711008429527283,0.15198968350887299,0.8432638049125671,0.5695651173591614,0.9339245557785034,-0.04661295935511589,0.9627052545547485,0.44632938504219055,0.889617383480072,0.05671455338597298,0.926669716835022
0.4854346811771393,0.20092034339904785,-0.14889343082904816,0.999964714050293,0.485929936170578,0.18171073496341705,-0.14370431005954742,0.9999322295188904,0.4900755286216736,0.1776634156703949,-0.14395733177661896,0.9999387264251709,0.49390900135040283,0.1725901961326599,-0.14387206733226776,0.9999510049819946,0.4785333275794983,0.18514297902584076,-0.13336698710918427,0.9999303817749023,0.4761747419834137,0.1849653273820877,-0.13365836441516876,0.9999330043792725,0.4738733172416687,0.18478289246559143,-0.13377942144870758,0.9999291896820068,0.5075117349624634,0.15717893838882446,-0.0697266012430191,0.9999694228172302,0.4782792329788208,0.1762288361787796,-0.019687606021761894,0.9998062252998352,0.49713781476020813,0.20613612234592438,-0.11370054632425308,0.9999418258666992,0.4871616065502167,0.21281489729881287,-0.10149906575679779,0.9998762607574463,0.5543960332870483,0.2170775979757309,-0.03192093223333359,0.9999947547912598,0.46972835063934326,0.23718848824501038,0.09699810296297073,0.9998902082443237,0.5947627425193787,0.33708086609840393,-0.11052486300468445,0.9914907813072205,0.4620661735534668,0.34226930141448975,0.16348546743392944,0.7462499737739563,0.5654622912406921,0.32827892899513245,-0.2713710069656372,0.9966341257095337,0.41753950715065,0.3359111547470093,0.1100362166762352,0.9627086520195007,0.554740309715271,0.3280901610851288,-0.3085087835788727,0.9962137937545776,0.40468671917915344,0.33448562026023865,0.09643048793077469,0.9640036821365356,0.5522634983062744,0.3065929412841797,-0.3146624267101288,0.9964890480041504,0.4051979184150696,0.3198271691799164,0.07303902506828308,0.9665787816047668,0.5526877045631409,0.30898717045783997,-0.27541133761405945,0.9935940504074097,0.41137006878852844,0.3216780424118042,0.09766177088022232,0.9573643803596497,0.550536036491394,0.4854027032852173,-0.0441075898706913,0.9998494386672974,0.4977462589740753,0.493302583694458,0.04398708418011665,0.9997444748878479,0.5573775172233582,0.6839014291763306,-0.0407375693321228,0.9629669189453125,0.48488351702690125,0.6737629175186157,0.03248756378889084,0.908338189125061,0.5789458751678467,0.8592112064361572,0.08704931288957596,0.9523178339004517,0.48818397521972656,0.8343581557273865,0.13820557296276093,0.9112538695335388,0.5852209329605103,0.8770427703857422,0.0937645211815834,0.8041311502456665,0.5004803538322449,0.8708049058914185,0.14484791457653046,0.8346759676933289,0.5697906017303467,0.926822304725647,-0.004691834095865488,0.9580101370811462,0.4467616677284241,0.8903719782829285,0.05885997787117958,0.924496054649353
0.48274117708206177,0.20094098150730133,-0.14710189402103424,0.9999649524688721,0.4828963279724121,0.1817394345998764,-0.14269070327281952,0.9999334812164307,0.48641619086265564,0.17769069969654083,-0.1429455280303955,0.9999400973320007,0.4902316927909851,0.1726693958044052,-0.14286985993385315,0.9999520778656006,0.47575363516807556,0.18517310917377472,-0.13241244852542877,0.9999316334724426,0.47361746430397034,0.1849789023399353,-0.13270729780197144,0.9999340772628784,0.4715164005756378,0.1847989410161972,-0.13283775746822357,0.999930202960968,0.5048199892044067,0.15717847645282745,-0.07448206841945648,0.9999703168869019,0.4765304923057556,0.176236093044281,-0.023618554696440697,0.9998117685317993,0.49427205324172974,0.206210196018219,-0.11378877609968185,0.9999425411224365,0.4849984347820282,0.21322868764400482,-0.10142549872398376,0.9998769760131836,0.5531145930290222,0.2173982858657837,-0.0401955284178257,0.999994695186615,0.46790552139282227,0.2373461127281189,0.09415232390165329,0.9998868703842163,0.594961941242218,0.3372904360294342,-0.11556236445903778,0.9917534589767456,0.46305161714553833,0.3429689109325409,0.15887784957885742,0.7357762455940247,0.5653976202011108,0.3282826840877533,-0.27365678548812866,0.996869683265686,0.41757768392562866,0.33610668778419495,0.10849259793758392,0.9628201127052307,0.5546529293060303,0.3278411328792572,-0.3103860020637512,0.9964304566383362,0.40482789278030396,0.3325074017047882,0.09688234329223633,0.9640942811965942,0.5522302985191345,0.30652403831481934,-0.31620916724205017,0.9966922402381897,0.4051694869995117,0.31932690739631653,0.07401757687330246,0.9667236804962158,0.5524268746376038,0.308962345123291,-0.27766358852386475,0.9939159750938416,0.41133546829223633,0.3216647505760193,0.09642250090837479,0.957433819770813,0.5502291321754456,0.4849214255809784,-0.04623858258128166,0.9998503923416138,0.4977220892906189,0.49289464950561523,0.046125829219818115,0.9997435808181763,0.5572741627693176,0.6837379932403564,-0.04276532307267189,0.9631191492080688,0.48449477553367615,0.6722490191459656,0.05161462351679802,0.9051859378814697,0.5792315602302551,0.860808789730072,0.0031704530119895935,0.9541069865226746,0.48798084259033203,0.8346629738807678,0.142082080245018,0.9099084138870239,0.5878960490226746,0.8863462805747986,0.0016975243343040347,0.8068854808807373,0.49970558285713196,0.8716866970062256,0.1470567286014557,0.8319573402404785,0.5690014362335205,0.9275325536727905,-0.10946940630674362,0.959216296672821,0.4428633749485016,0.8916574716567993,0.06798413395881653,0.9237452745437622
0.47911083698272705,0.20082227885723114,-0.16188979148864746,0.9999595880508423,0.479694664478302,0.1817150115966797,-0.15745502710342407,0.9999248385429382,0.48297175765037537,0.17771326005458832,-0.15772011876106262,0.9999319911003113,0.4865161180496216,0.17273998260498047,-0.15764731168746948,0.9999461770057678,0.47263234853744507,0.18499009311199188,-0.14623840153217316,0.9999223947525024,0.4707087576389313,0.1847131997346878,-0.14653810858726501,0.999924898147583,0.4686874747276306,0.18425211310386658,-0.14667876064777374,0.9999217987060547,0.5020699501037598,0.15719957649707794,-0.08641646802425385,0.9999661445617676,0.4743007719516754,0.17548768222332,-0.03234425559639931,0.9997893571853638,0.490713506937027,0.20624896883964539,-0.12784291803836823,0.9999345541000366,0.4818022549152374,0.21314270794391632,-0.11442717164754868,0.9998599886894226,0.5517356991767883,0.21788834035396576,-0.04241568222641945,0.9999939799308777,0.4657248854637146,0.2369452714920044,0.08517178148031235,0.999879777431488,0.595098078250885,0.3381637930870056,-0.11528943479061127,0.9913181066513062,0.4640258550643921,0.3429875671863556,0.15132437646389008,0.7238040566444397,0.5653675198554993,0.32829010486602783,-0.27348196506500244,0.9969606995582581,0.4176987409591675,0.3362710773944855,0.08989574015140533,0.9629965424537659,0.5546143651008606,0.3273293375968933,-0.31001701951026917,0.9964425563812256,0.4049853980541229,0.33205750584602356,0.07509662955999374,0.9642636775970459,0.5521605014801025,0.30642902851104736,-0.316489040851593,0.9967012405395508,0.4051460027694702,0.319317102432251,0.050920069217681885,0.9669807553291321,0.552013099193573,0.30896079540252686,-0.27765950560569763,0.9938389658927917,0.41131776571273804,0.32175639271736145,0.07700781524181366,0.957507312297821,0.5498765110969543,0.485076904296875,-0.04405779018998146,0.9998477697372437,0.4975726902484894,0.4929065704345703,0.043948154896497726,0.9997408986091614,0.5572937726974487,0.6832324862480164,-0.049863286316394806,0.9550419449806213,0.48412272334098816,0.6731880903244019,0.03391044959425926,0.8957322239875793,0.578536331653595,0.8608494997024536,0.04010273143649101,0.9476380944252014,0.4887716472148895,0.8347234129905701,0.13801376521587372,0.8999176621437073,0.5832738876342773,0.8849441409111023,0.04313754290342331,0.7900026440620422,0.5004693865776062,0.8701924681663513,0.1424665004014969,0.8144155740737915,0.5746573209762573,0.9258230328559875,-0.06111767515540123,0.9524614214897156,0.44821614027023315,0.8950802683830261,0.06766582280397415,0.9142836332321167
0.4779455363750458,0.19953253865242004,-0.1685800701379776,0.9999553561210632,0.4788164794445038,0.17960985004901886,-0.16317203640937805,0.9999170899391174,0.4823983907699585,0.17521828413009644,-0.16344091296195984,0.9999247193336487,0.4860650897026062,0.1712169051170349,-0.16338568925857544,0.9999409317970276,0.47107234597206116,0.18385282158851624,-0.15263833105564117,0.9999141693115234,0.4689871668815613,0.18361158668994904,-0.15292099118232727,0.9999168515205383,0.466825008392334,0.18308022618293762,-0.15305763483047485,0.9999136328697205,0.5006983280181885,0.15709181129932404,-0.08847346156835556,0.9999624490737915,0.4711795449256897,0.17499728500843048,-0.037002936005592346,0.9997602105140686,0.48927900195121765,0.20524519681930542,-0.1336873173713684,0.9999266266822815,0.47991102933883667,0.21179339289665222,-0.12097635865211487,0.9998408555984497,0.5493807196617126,0.21790598332881927,-0.04707666486501694,0.9999935626983643,0.46424227952957153,0.23715882003307343,0.07532265782356262,0.9998685717582703,0.5950477123260498,0.33817058801651,-0.12424279004335403,0.9906686544418335,0.46390780806541443,0.3429895043373108,0.08732817322015762,0.7052384614944458,0.5652767419815063,0.32863932847976685,-0.29268699884414673,0.9969202876091003,0.417732834815979,0.3368757665157318,-0.04071561619639397,0.959977388381958,0.5552595853805542,0.3269437849521637,-0.33226218819618225,0.9962754845619202,0.4049970209598541,0.3321073055267334,-0.06680051237344742,0.9619173407554626,0.5521191954612732,0.30650562047958374,-0.33949366211891174,0.9965450763702393,0.4051980674266815,0.3195590078830719,-0.08947011083364487,0.964918851852417,0.551738977432251,0.3095031678676605,-0.2976227402687073,0.9934384822845459,0.41131699085235596,0.32193344831466675,-0.05503957346081734,0.9545350074768066,0.5496670007705688,0.48508358001708984,-0.0442022830247879,0.9998450875282288,0.4977573752403259,0.4929485619068146,0.0440877340734005,0.9997329115867615,0.5581076741218567,0.6830407977104187,-0.05868221074342728,0.9529447555541992,0.48475876450538635,0.6718810200691223,0.052709899842739105,0.8811157941818237,0.5785934329032898,0.8623761534690857,-0.005657054018229246,0.94818115234375,0.48864269256591797,0.8345723152160645,0.16286255419254303,0.8936206698417664,0.5838882923126221,0.8915178179740906,-0.007530098780989647,0.7867514491081238,0.5004200339317322,0.870096743106842,0.1688987910747528,0.8025268316268921,0.5731869339942932,0.9282075762748718,-0.13005174696445465,0.952053964138031,0.4479430019855499,0.8945819139480591,0.08397270739078522,0.9082391858100891
0.4769118130207062,0.19866880774497986,-0.1667075902223587,0.9999318718910217,0.47771796584129333,0.17745810747146606,-0.1606437712907791,0.9998724460601807,0.4815064072608948,0.17309796810150146,-0.1609131246805191,0.9998815059661865,0.4853830635547638,0.16967128217220306,-0.16086611151695251,0.999911367893219,0.4695831537246704,0.18250738084316254,-0.15013617277145386,0.9998664259910583,0.467157781124115,0.18234004080295563,-0.15042053163051605,0.9998708367347717,0.4648169279098511,0.18189038336277008,-0.15055768191814423,0.9998711347579956,0.4990667998790741,0.15645383298397064,-0.08270418643951416,0.9999409317970276,0.4683645963668823,0.17457878589630127,-0.03218340128660202,0.999596118927002,0.488217294216156,0.2046130746603012,-0.13036608695983887,0.9998974204063416,0.4783979058265686,0.2111125886440277,-0.11785117536783218,0.999772846698761,0.5476201772689819,0.21791517734527588,-0.038563989102840424,0.9999924898147583,0.4620516896247864,0.23724189400672913,0.078631192445755,0.9998513460159302,0.5943999886512756,0.3377627730369568,-0.11097566038370132,0.989789605140686,0.463787704706192,0.3435567319393158,0.07327742129564285,0.6874691247940063,0.5646671056747437,0.3285008370876312,-0.2911997437477112,0.9967555403709412,0.41824719309806824,0.3376848101615906,-0.08918464928865433,0.9559901356697083,0.555207371711731,0.32695600390434265,-0.33055803179740906,0.9959101676940918,0.4052356779575348,0.3322647511959076,-0.12213999778032303,0.9589595198631287,0.5515257716178894,0.30651718378067017,-0.3368012607097626,0.9961938858032227,0.4054791331291199,0.31961941719055176,-0.1452045887708664,0.9622465372085571,0.5509259104728699,0.3095049262046814,-0.29731449484825134,0.9926660656929016,0.41154778003692627,0.32194623351097107,-0.10465499013662338,0.9505916237831116,0.5493484735488892,0.4849534332752228,-0.037050023674964905,0.9998446702957153,0.4976058006286621,0.4929298162460327,0.036938026547431946,0.9997344017028809,0.5580496191978455,0.6827220320701599,-0.05152694135904312,0.9479266405105591,0.4852977395057678,0.6785061955451965,0.013679943047463894,0.8782308101654053,0.5772722959518433,0.8563934564590454,0.056717850267887115,0.9437943696975708,0.48990994691848755,0.8378270864486694,0.12992574274539948,0.8910866975784302,0.5793930292129517,0.8848559856414795,0.060531359165906906,0.7704658508300781,0.5004507303237915,0.8708214163780212,0.13638953864574432,0.7885710000991821,0.5744611620903015,0.9249893426895142,-0.05387626588344574,0.9456159472465515,0.46147236227989197,0.9020247459411621,0.03468872979283333,0.9023290276527405
0.47523462772369385,0.1976071149110794,-0.1764184832572937,0.9999257326126099,0.47640129923820496,0.17508238554000854,-0.1700199544429779,0.999862015247345,0.4802934527397156,0.17135252058506012,-0.17029093205928802,0.999870777130127,0.4843057096004486,0.16844215989112854,-0.1702413707971573,0.9999043345451355,0.4678650200366974,0.18040017783641815,-0.15885663032531738,0.999855101108551,0.4653421938419342,0.18008537590503693,-0.1591389924287796,0.9998595714569092,0.4629034996032715,0.17963160574436188,-0.15927329659461975,0.9998610019683838,0.4981476068496704,0.15598642826080322,-0.08811093866825104,0.9999356865882874,0.4651716947555542,0.17235034704208374,-0.03491441160440445,0.9995554089546204,0.486709862947464,0.20407487452030182,-0.1387745589017868,0.9998895525932312,0.47628214955329895,0.21011509001255035,-0.12547345459461212,0.9997548460960388,0.5466323494911194,0.21791833639144897,-0.03849070891737938,0.9999918937683105,0.45972031354904175,0.2369365394115448,0.07872235774993896,0.9998441338539124,0.5943280458450317,0.33743995428085327,-0.11072289943695068,0.9892320036888123,0.46370697021484375,0.3435418903827667,0.08411824703216553,0.6771834492683411,0.5644479990005493,0.32850271463394165,-0.2895964980125427,0.9967433214187622,0.4194773733615875,0.33767253160476685,-0.06412879377603531,0.9556570649147034,0.5551694631576538,0.32695937156677246,-0.32941538095474243,0.9957842826843262,0.405584454536438,0.3313765823841095,-0.09469057619571686,0.9589405059814453,0.5512910485267639,0.3065217137336731,-0.33641403913497925,0.9960708022117615,0.405723512172699,0.3196004331111908,-0.11809755861759186,0.9622979164123535,0.5505625009536743,0.3095148205757141,-0.29517802596092224,0.9923331141471863,0.41177117824554443,0.3219858705997467,-0.07918741554021835,0.9502456784248352,0.5492275357246399,0.48473668098449707,-0.03720397874712944,0.9998441934585571,0.4975537359714508,0.49286454916000366,0.037078000605106354,0.9997343420982361,0.5580369234085083,0.6825024485588074,-0.05331437662243843,0.9434908628463745,0.4880128502845764,0.6858857870101929,0.018244756385684013,0.8715403079986572,0.577216386795044,0.8571033477783203,0.04259167239069939,0.9414407014846802,0.49432656168937683,0.8386878967285156,0.14935962855815887,0.8856549263000488,0.5798191428184509,0.8850386142730713,0.045720424503088,0.760838508605957,0.5043278932571411,0.8695430755615234,0.15818974375724792,0.7750429511070251,0.5746479630470276,0.9251555800437927,-0.0715557336807251,0.9425649046897888,0.47466686367988586,0.904093861579895,0.05862966552376747,0.8958131074905396
0.4734538197517395,0.19595211744308472,-0.20026159286499023,0.9999251961708069,0.47486069798469543,0.17281673848628998,-0.19588252902030945,0.9998621940612793,0.47873178124427795,0.1695280373096466,-0.19616280496120453,0.9998719096183777,0.48255497217178345,0.16657398641109467,-0.19610550999641418,0.9999045133590698,0.4665406048297882,0.1785174310207367,-0.18505558371543884,0.9998544454574585,0.4640234112739563,0.17828303575515747,-0.18534265458583832,0.9998589754104614,0.46162858605384827,0.17795024812221527,-0.18548958003520966,0.9998589754104614,0.4967814087867737,0.15460406243801117,-0.12086736410856247,0.9999363422393799,0.4642018973827362,0.17121736705303192,-0.06759145110845566,0.9995545744895935,0.48526859283447266,0.20291411876678467,-0.16488365828990936,0.999887228012085,0.4748435616493225,0.20884475111961365,-0.1515815407037735,0.9997464418411255,0.5459875464439392,0.21783272922039032,-0.07511664927005768,0.999991774559021,0.45931053161621094,0.2359762191772461,0.050690364092588425,0.9998335242271423,0.5942911505699158,0.33736008405685425,-0.1507665067911148,0.9888395667076111,0.46447572112083435,0.3435344696044922,0.07302259653806686,0.6588926315307617,0.5629475712776184,0.3305427134037018,-0.3231426775455475,0.9967579245567322,0.4212387502193451,0.3376357853412628,-0.044815126806497574,0.9540664553642273,0.5551066994667053,0.3273513913154602,-0.3640877306461334,0.9957489371299744,0.4061095416545868,0.3304441571235657,-0.06943616271018982,0.9578948020935059,0.5508522391319275,0.30720749497413635,-0.37163814902305603,0.9960484504699707,0.405938059091568,0.3195846974849701,-0.09283597767353058,0.9614601731300354,0.5499342679977417,0.3104485273361206,-0.32837530970573425,0.9922252893447876,0.4119327664375305,0.32213661074638367,-0.05894846096634865,0.9488959908485413,0.549089789390564,0.48434171080589294,-0.04335195571184158,0.9998270273208618,0.4974914491176605,0.49255189299583435,0.04318727180361748,0.9996891617774963,0.5593336820602417,0.6783508062362671,-0.08731737732887268,0.9438812732696533,0.4874727427959442,0.6778730750083923,0.09133341908454895,0.8504331707954407,0.5774446725845337,0.8585285544395447,-0.06370952725410461,0.9441835880279541,0.4935711622238159,0.834855854511261,0.23497556149959564,0.8726903796195984,0.5849782228469849,0.8941382169723511,-0.0684673860669136,0.7665343880653381,0.5038419961929321,0.8649516105651855,0.24527260661125183,0.762114405632019,0.5716254115104675,0.9312756657600403,-0.19779182970523834,0.9449499249458313,0.46548330783843994,0.8986524939537048,0.1697983741760254,0.8861098289489746
0.4721095860004425,0.19274774193763733,-0.22796665132045746,0.999924898147583,0.47400161623954773,0.16984182596206665,-0.2233278602361679,0.9998617768287659,0.4780329465866089,0.16640928387641907,-0.2236185520887375,0.9998724460601807,0.48185235261917114,0.16310392320156097,-0.22355739772319794,0.9999039769172668,0.4654853940010071,0.17469720542430878,-0.21189670264720917,0.9998530745506287,0.46292951703071594,0.17457261681556702,-0.21217183768749237,0.999858021736145,0.46059370040893555,0.17420074343681335,-0.2123142033815384,0.9998563528060913,0.49618375301361084,0.15284551680088043,-0.1461922973394394,0.9999365210533142,0.46302416920661926,0.16828025877475739,-0.08990026265382767,0.9995502233505249,0.4838215708732605,0.20043809711933136,-0.1919976770877838,0.9998845458030701,0.47305458784103394,0.2062976211309433,-0.17784591019153595,0.9997376203536987,0.5448935031890869,0.21770036220550537,-0.10263239592313766,0.9999916553497314,0.4583421051502228,0.23424473404884338,0.032401736825704575,0.9998266100883484,0.5937700867652893,0.335344523191452,-0.18615056574344635,0.9885412454605103,0.46439263224601746,0.34135252237319946,0.042970526963472366,0.6386454701423645,0.5600584149360657,0.33146706223487854,-0.366083025932312,0.9967547655105591,0.42267099022865295,0.33759811520576477,-0.08997812122106552,0.9525129199028015,0.5549443960189819,0.3275410532951355,-0.4102742373943329,0.9956874847412109,0.40672290325164795,0.32998064160346985,-0.11793132871389389,0.9570515751838684,0.5494796633720398,0.3082594573497772,-0.41814514994621277,0.9959987998008728,0.4063609540462494,0.3195198178291321,-0.14093925058841705,0.9607847332954407,0.5482524633407593,0.3118365705013275,-0.3715505301952362,0.9920650124549866,0.41249990463256836,0.3221621513366699,-0.10431215167045593,0.947709321975708,0.5472079515457153,0.48488107323646545,-0.05132140591740608,0.9998082518577576,0.49724236130714417,0.4922527074813843,0.0511295311152935,0.999640166759491,0.5583290457725525,0.6776875853538513,-0.08985325694084167,0.943701446056366,0.4870379865169525,0.6632051467895508,0.13823777437210083,0.8186782002449036,0.5777146816253662,0.8592458367347717,-0.04604001343250275,0.9459676146507263,0.4930601418018341,0.8235864043235779,0.3007960915565491,0.8585426807403564,0.5891238451004028,0.895877480506897,-0.04857103154063225,0.7700424194335938,0.503402829170227,0.8567144274711609,0.3129851222038269,0.7517539262771606,0.5623074173927307,0.9341742992401123,-0.17648306488990784,0.9467769265174866,0.4504186511039734,0.8588197827339172,0.24230711162090302,0.8772609829902649
0.4713078737258911,0.1891249269247055,-0.24107585847377777,0.9999238848686218,0.4738757908344269,0.165669247508049,-0.23682744801044464,0.9998607635498047,0.47799062728881836,0.16124022006988525,-0.23711630702018738,0.9998722076416016,0.48178207874298096,0.15784402191638947,-0.2370510846376419,0.9999029636383057,0.46535933017730713,0.17061689496040344,-0.22631675004959106,0.9998513460159302,0.4626488983631134,0.17037665843963623,-0.22658750414848328,0.9998563528060913,0.460161417722702,0.16949714720249176,-0.22672462463378906,0.9998533129692078,0.496117502450943,0.15042801201343536,-0.1597004234790802,0.9999358654022217,0.462893009185791,0.16352951526641846,-0.10721514374017715,0.9995439648628235,0.4830361008644104,0.19730207324028015,-0.20480294525623322,0.9998801350593567,0.4718818962574005,0.20245200395584106,-0.19176100194454193,0.9997255206108093,0.5434803366661072,0.21734006702899933,-0.11686623096466064,0.9999915361404419,0.45696496963500977,0.2316792756319046,0.017800910398364067,0.9998196959495544,0.5929780602455139,0.33348506689071655,-0.20821796357631683,0.9879432320594788,0.46436628699302673,0.3391757607460022,0.03461702540516853,0.6151800751686096,0.5583067536354065,0.3314467668533325,-0.3966319262981415,0.9966221451759338,0.42353275418281555,0.33762598037719727,-0.08448691666126251,0.9501440525054932,0.5543732047080994,0.32753121852874756,-0.4421160817146301,0.9954597353935242,0.40760424733161926,0.33002370595932007,-0.11022962629795074,0.9553354978561401,0.5474664568901062,0.3085322380065918,-0.4493076503276825,0.9958017468452454,0.40661194920539856,0.31954821944236755,-0.13359889388084412,0.9593359231948853,0.5464556217193604,0.3120642602443695,-0.4021231234073639,0.9915611147880554,0.41267624497413635,0.3222992718219757,-0.09854798763990402,0.94538414478302,0.5457125902175903,0.48482564091682434,-0.055675145238637924,0.9997948408126831,0.49696967005729675,0.4921734929084778,0.05547948181629181,0.9995994567871094,0.5580506920814514,0.6719935536384583,-0.1093544214963913,0.945029079914093,0.48676469922065735,0.6634101271629333,0.1518213450908661,0.791298508644104,0.5778825879096985,0.8595007658004761,-0.09329523146152496,0.9495524168014526,0.4928179979324341,0.822364330291748,0.32156339287757874,0.8492201566696167,0.5921632647514343,0.8960283994674683,-0.09916933625936508,0.7806785106658936,0.5031440854072571,0.8541302680969238,0.3345073461532593,0.7478325963020325,0.5590046644210815,0.935323178768158,-0.23907282948493958,0.9504212737083435,0.44664260745048523,0.8569759130477905,0.261868953704834,0.8734738230705261
0.47065794467926025,0.1857146918773651,-0.2588901221752167,0.9999180436134338,0.4734640121459961,0.16116490960121155,-0.25477102398872375,0.9998496770858765,0.4776860177516937,0.15662167966365814,-0.25507229566574097,0.9998624920845032,0.481673926115036,0.1536804586648941,-0.255009263753891,0.9998947978019714,0.4650002717971802,0.16651484370231628,-0.24275341629981995,0.9998385906219482,0.4621468186378479,0.16590094566345215,-0.24303384125232697,0.9998449683189392,0.45946648716926575,0.16461342573165894,-0.2431749850511551,0.9998408555984497,0.4957202970981598,0.14825809001922607,-0.17458535730838776,0.9999305009841919,0.46235767006874084,0.15849485993385315,-0.11644097417593002,0.9995021820068359,0.4820620119571686,0.19335278868675232,-0.22150367498397827,0.9998690485954285,0.4709025025367737,0.198564350605011,-0.20683860778808594,0.9997008442878723,0.5423886775970459,0.21693623065948486,-0.12554402649402618,0.9999911189079285,0.4560263454914093,0.2275470793247223,0.012113511562347412,0.9998160004615784,0.5918993353843689,0.3319978713989258,-0.21134807169437408,0.9873071908950806,0.4642651677131653,0.3366633951663971,0.019691361114382744,0.5933462977409363,0.5572925806045532,0.3314824402332306,-0.39407894015312195,0.9963877201080322,0.42369335889816284,0.3368183970451355,-0.12443307787179947,0.9478110074996948,0.553154706954956,0.32785847783088684,-0.44008275866508484,0.9950780272483826,0.4078594744205475,0.32982173562049866,-0.15494871139526367,0.9539170861244202,0.5459774136543274,0.3095325231552124,-0.44749167561531067,0.9954503774642944,0.40668100118637085,0.31932899355888367,-0.1790894716978073,0.9581254124641418,0.5452021360397339,0.3128513991832733,-0.3994198143482208,0.9907777905464172,0.41276395320892334,0.3221081793308258,-0.13955970108509064,0.9433543086051941,0.5439856052398682,0.48480236530303955,-0.05442832037806511,0.9997967481613159,0.4960719048976898,0.4918108284473419,0.05424457788467407,0.9996032118797302,0.5567587614059448,0.6719013452529907,-0.07887116074562073,0.9449980854988098,0.48655974864959717,0.6635029911994934,0.1314135491847992,0.7800233364105225,0.5775015950202942,0.8538235425949097,0.0036666356027126312,0.9517369866371155,0.49191808700561523,0.8225131630897522,0.29590973258018494,0.851140022277832,0.5910476446151733,0.8863528370857239,0.004453495144844055,0.7864251732826233,0.5022351145744324,0.8533874154090881,0.307926207780838,0.7507342100143433,0.5594774484634399,0.9299851059913635,-0.12810613214969635,0.9526272416114807,0.44571730494499207,0.8611806631088257,0.226064994931221,0.8757432699203491
0.47016721963882446,0.18293046951293945,-0.26402342319488525,0.9999194741249084,0.4734053313732147,0.15727603435516357,-0.2590845227241516,0.9998521208763123,0.47761109471321106,0.15343299508094788,-0.25938546657562256,0.9998648762702942,0.4817573130130768,0.1509895622730255,-0.25932392477989197,0.9998962879180908,0.464762419462204,0.1628904491662979,-0.2481832057237625,0.9998409748077393,0.4617367386817932,0.16222292184829712,-0.24846169352531433,0.9998475313186646,0.45878079533576965,0.16100890934467316,-0.24859943985939026,0.9998430609703064,0.49544551968574524,0.1464030146598816,-0.1764247864484787,0.9999316930770874,0.4612277150154114,0.1554117500782013,-0.12338527292013168,0.9995101690292358,0.48128893971443176,0.19087553024291992,-0.2256980538368225,0.9998707175254822,0.4698601961135864,0.195924311876297,-0.21254895627498627,0.9997060298919678,0.5412275195121765,0.21629782021045685,-0.12434037774801254,0.9999911189079285,0.45393937826156616,0.2238609790802002,0.007792116608470678,0.9998193383216858,0.5917506814002991,0.33183687925338745,-0.20111195743083954,0.9871470332145691,0.46393266320228577,0.33396509289741516,0.033991340547800064,0.5892083048820496,0.5569904446601868,0.33169931173324585,-0.3763462007045746,0.9964216947555542,0.42374786734580994,0.3360716700553894,-0.08835320919752121,0.9493343830108643,0.5526006817817688,0.32813704013824463,-0.4209549129009247,0.9950628280639648,0.40792879462242126,0.3297216594219208,-0.11522780358791351,0.9552179574966431,0.5453188419342041,0.30975738167762756,-0.4287896752357483,0.9954402446746826,0.40667495131492615,0.31929153203964233,-0.13992245495319366,0.9594023823738098,0.544722855091095,0.3130015432834625,-0.3816622197628021,0.9906908273696899,0.41275590658187866,0.32198089361190796,-0.10303791612386703,0.9448165893554688,0.5428507328033447,0.48389914631843567,-0.05359060317277908,0.9997918009757996,0.4949588179588318,0.4910181164741516,0.053417377173900604,0.9995939135551453,0.5545541048049927,0.6702526807785034,-0.07805045694112778,0.9405311346054077,0.48597872257232666,0.6636560559272766,0.12181958556175232,0.7557570338249207,0.5770333409309387,0.8519631624221802,0.006656923796981573,0.9503783583641052,0.4922427237033844,0.8231807351112366,0.28660014271736145,0.8404520750045776,0.5896273255348206,0.882120668888092,0.007901615463197231,0.7816439867019653,0.5023388862609863,0.853202760219574,0.29879140853881836,0.7395763397216797,0.5602748990058899,0.9298698306083679,-0.11947187781333923,0.9520672559738159,0.4487895965576172,0.8730528354644775,0.2169470340013504,0.8691108822822571
