x1,y1,z1,v1,x2,y2,z2,v2,x3,y3,z3,v3,x4,y4,z4,v4,x5,y5,z5,v5,x6,y6,z6,v6,x7,y7,z7,v7,x8,y8,z8,v8,x9,y9,z9,v9,x10,y10,z10,v10,x11,y11,z11,v11,x12,y12,z12,v12,x13,y13,z13,v13,x14,y14,z14,v14,x15,y15,z15,v15,x16,y16,z16,v16,x17,y17,z17,v17,x18,y18,z18,v18,x19,y19,z19,v19,x20,y20,z20,v20,x21,y21,z21,v21,x22,y22,z22,v22,x23,y23,z23,v23,x24,y24,z24,v24,x25,y25,z25,v25,x26,y26,z26,v26,x27,y27,z27,v27,x28,y28,z28,v28,x29,y29,z29,v29,x30,y30,z30,v30,x31,y31,z31,v31,x32,y32,z32,v32,x33,y33,z33,v33
0.3254031538963318,0.335620641708374,-0.2648368179798126,0.9986215829849243,0.3204255700111389,0.3028060793876648,-0.29450973868370056,0.9983459711074829,0.3250058591365814,0.2991594672203064,-0.29485172033309937,0.9987635016441345,0.3293898403644562,0.2953934073448181,-0.2946026921272278,0.9984524250030518,0.31352174282073975,0.3009282052516937,-0.24608111381530762,0.9985507130622864,0.31310558319091797,0.2970673739910126,-0.24677927792072296,0.999224066734314,0.31276366114616394,0.29323750734329224,-0.24710066616535187,0.9990248680114746,0.3530547022819519,0.2614315450191498,-0.3442777097225189,0.9993170499801636,0.3356756567955017,0.26479819416999817,-0.1255665123462677,0.9988658428192139,0.34457844495773315,0.3408600091934204,-0.27224433422088623,0.9971755146980286,0.34019720554351807,0.34629523754119873,-0.21052436530590057,0.9963287115097046,0.4930593967437744,0.35318201780319214,-0.2896328866481781,0.9989176988601685,0.38995465636253357,0.375922828912735,-0.07425437122583389,0.9979534149169922,0.5269766449928284,0.6021353602409363,-0.3176427483558655,0.8691545724868774,0.36633798480033875,0.5914897918701172,-0.08287212252616882,0.8391774892807007,0.5571249723434448,0.8610349893569946,-0.3441455364227295,0.9419012665748596,0.3687162697315216,0.8051743507385254,-0.22423875331878662,0.9483868479728699,0.5462079048156738,0.8860814571380615,-0.3809780478477478,0.9420903921127319,0.3442537188529968,0.8321924805641174,-0.27228665351867676,0.9447758197784424,0.5282950401306152,0.8782220482826233,-0.3997555375099182,0.9478142261505127,0.3513278067111969,0.838216245174408,-0.30080780386924744,0.9501221179962158,0.5306576490402222,0.8690741062164307,-0.35126498341560364,0.9284037351608276,0.36707451939582825,0.8299110531806946,-0.24366047978401184,0.9241052269935608,0.5279123187065125,0.8696837425231934,-0.07466726005077362,0.6372228264808655,0.4878445565700531,0.843336820602417,0.07432262599468231,0.6229478716850281,0.7017101049423218,0.6824541687965393,0.2178778201341629,0.020180854946374893,0.4415234625339508,0.7551018595695496,0.33939269185066223,0.021203747019171715,0.7625623345375061,0.7195063829421997,0.5131025314331055,0.013020146638154984,0.36330446600914,0.7871667742729187,0.5690804719924927,0.005253487266600132,0.7780630588531494,0.7354949712753296,0.5365192890167236,0.07574551552534103,0.36572545766830444,0.8158878684043884,0.5917602777481079,0.032151076942682266,0.7609297633171082,0.7974628806114197,0.4424024224281311,0.020477646961808205,0.29774144291877747,0.7632431983947754,0.5279585123062134,0.009432613849639893
0.31281304359436035,0.3354829251766205,-0.4360925555229187,0.9986016750335693,0.3088246285915375,0.30504679679870605,-0.464876651763916,0.9983123540878296,0.3131796419620514,0.30029892921447754,-0.46527475118637085,0.9987061023712158,0.31730127334594727,0.29559651017189026,-0.4649745523929596,0.9984012842178345,0.30086103081703186,0.3041659891605377,-0.43317127227783203,0.9985389709472656,0.2996857762336731,0.299991637468338,-0.43398651480674744,0.9992164969444275,0.29843491315841675,0.29554715752601624,-0.43440669775009155,0.9990361332893372,0.34347298741340637,0.2582783102989197,-0.4776431620121002,0.9993345141410828,0.3211206793785095,0.2624271810054779,-0.3314377963542938,0.9989155530929565,0.33489900827407837,0.3394502103328705,-0.4252660870552063,0.9973881244659424,0.3286450207233429,0.34317582845687866,-0.3859148323535919,0.9966097474098206,0.5050496459007263,0.35927388072013855,-0.37410324811935425,0.9990236759185791,0.36340993642807007,0.38244950771331787,-0.24820348620414734,0.9981549978256226,0.5436991453170776,0.6180790066719055,-0.34701618552207947,0.8811372518539429,0.35407406091690063,0.6031531691551208,-0.20818331837654114,0.801162838935852,0.5670701265335083,0.8750402927398682,-0.37847042083740234,0.9467966556549072,0.3534054756164551,0.8269105553627014,-0.3254212439060211,0.9434317946434021,0.5552449226379395,0.9033869504928589,-0.4165506958961487,0.9465618133544922,0.3304162323474884,0.8515000343322754,-0.37678900361061096,0.9401722550392151,0.5358586311340332,0.8980098366737366,-0.4493134915828705,0.9519988894462585,0.3391783535480499,0.8555023074150085,-0.4028051793575287,0.9465539455413818,0.5391992926597595,0.8873984217643738,-0.39098912477493286,0.9339120984077454,0.35364824533462524,0.8523535132408142,-0.34258824586868286,0.9189948439598083,0.5789641737937927,0.6238521337509155,-0.05782220885157585,0.673498809337616,0.48353272676467896,0.5951302647590637,0.05703550577163696,0.6606519818305969,0.700745701789856,0.629260778427124,0.2383662462234497,0.09500131756067276,0.3934905230998993,0.5815404057502747,0.2803611755371094,0.09701375663280487,0.7770451307296753,0.6986096501350403,0.561504602432251,0.10027510672807693,0.32970529794692993,0.6705719232559204,0.5413812398910522,0.09391244500875473,0.7897148132324219,0.7047154903411865,0.5897350907325745,0.1434364914894104,0.32790353894233704,0.727716326713562,0.5716451406478882,0.10814329236745834,0.7647337317466736,0.797069787979126,0.4933904707431793,0.11008697748184204,0.24197974801063538,0.7150232791900635,0.510287880897522,0.10154614597558975
0.3056027889251709,0.3585961163043976,-0.5078946352005005,0.9985214471817017,0.30249273777008057,0.32870781421661377,-0.5442289113998413,0.9982022047042847,0.3077206313610077,0.3247697353363037,-0.5446621179580688,0.99860018491745,0.3128321170806885,0.3206404447555542,-0.5443249344825745,0.9982309937477112,0.29458755254745483,0.3267959952354431,-0.5138269066810608,0.9985343217849731,0.2943003475666046,0.3223033547401428,-0.5146585702896118,0.9992313981056213,0.29406601190567017,0.3176621198654175,-0.5150870084762573,0.9990707635879517,0.3386874496936798,0.28524962067604065,-0.5848294496536255,0.9993264675140381,0.32026711106300354,0.28570985794067383,-0.4510519504547119,0.9989884495735168,0.330562949180603,0.36525222659111023,-0.5058020949363708,0.9975215792655945,0.3228376507759094,0.36728063225746155,-0.46904808282852173,0.9968560934066772,0.5008825659751892,0.36867260932922363,-0.4653269648551941,0.9991171360015869,0.3615763485431671,0.3757985830307007,-0.3689722716808319,0.9983381032943726,0.5578764081001282,0.6102097630500793,-0.4215403199195862,0.8924923539161682,0.3623664677143097,0.5938006043434143,-0.29398292303085327,0.7790900468826294,0.5693742632865906,0.8735277652740479,-0.4250689446926117,0.951886773109436,0.3558087944984436,0.8302450180053711,-0.3841639757156372,0.947964072227478,0.5569046139717102,0.9102006554603577,-0.4673992991447449,0.951572835445404,0.33214378356933594,0.8597270250320435,-0.43968576192855835,0.9448807239532471,0.5333278179168701,0.8987022638320923,-0.49636310338974,0.9565305113792419,0.3350249230861664,0.863598644733429,-0.4657120704650879,0.9509943127632141,0.5379620790481567,0.8886665105819702,-0.43657198548316956,0.9400476813316345,0.3486909568309784,0.8586018085479736,-0.4001730978488922,0.9255548119544983,0.5860475301742554,0.4799365997314453,-0.04578431323170662,0.7061479091644287,0.4803031384944916,0.4353668987751007,0.04513018950819969,0.6945862770080566,0.6914934515953064,0.6155245900154114,0.26471614837646484,0.15613432228565216,0.4053572118282318,0.5351887345314026,0.27327126264572144,0.12627001106739044,0.7800039052963257,0.6954569816589355,0.5826583504676819,0.17795243859291077,0.3479554057121277,0.681491494178772,0.5795494318008423,0.15475060045719147,0.7995952367782593,0.7076518535614014,0.609799325466156,0.20737649500370026,0.36269205808639526,0.70912104845047,0.6140086650848389,0.15991169214248657,0.7664019465446472,0.7992792725563049,0.5031942129135132,0.19299903512001038,0.2572495639324188,0.7534693479537964,0.5425097942352295,0.17895276844501495
0.29898151755332947,0.40406882762908936,-0.5207497477531433,0.9981712102890015,0.29372259974479675,0.3734897971153259,-0.5579913854598999,0.9978929758071899,0.29876968264579773,0.3703044056892395,-0.5584357976913452,0.9982725381851196,0.30392903089523315,0.3671727776527405,-0.5580724477767944,0.9979208111763,0.28653445839881897,0.3721717298030853,-0.5259615182876587,0.9983581900596619,0.2860371768474579,0.368726909160614,-0.5267548561096191,0.9991251826286316,0.2857174575328827,0.36510708928108215,-0.5272160768508911,0.9990200400352478,0.33189237117767334,0.33420971035957336,-0.5919091701507568,0.9992077350616455,0.3141782879829407,0.3350456953048706,-0.449979692697525,0.9989546537399292,0.3211626410484314,0.41188544034957886,-0.5145149230957031,0.9974798560142517,0.31669163703918457,0.41427603363990784,-0.47522011399269104,0.9969059228897095,0.49528130888938904,0.3904944062232971,-0.47438931465148926,0.9991961121559143,0.35710811614990234,0.38752537965774536,-0.34896349906921387,0.9984995722770691,0.5707927942276001,0.6166820526123047,-0.4197922646999359,0.902876615524292,0.36571961641311646,0.5976603031158447,-0.24336262047290802,0.7408855557441711,0.5704020857810974,0.8769280910491943,-0.42328596115112305,0.9565120935440063,0.35695698857307434,0.8337224125862122,-0.3151528537273407,0.950223982334137,0.5559541583061218,0.9073415994644165,-0.4657050669193268,0.9561605453491211,0.33916908502578735,0.8546903729438782,-0.36132967472076416,0.9478588700294495,0.5363595485687256,0.8968959450721741,-0.4920726716518402,0.9606834650039673,0.33829784393310547,0.8563586473464966,-0.38770490884780884,0.9540831446647644,0.542859673500061,0.8849632143974304,-0.4326978623867035,0.9456859230995178,0.34851378202438354,0.8530134558677673,-0.33011525869369507,0.9299293160438538,0.5812311172485352,0.5336103439331055,-0.04329320043325424,0.73553067445755,0.4797719419002533,0.5023384690284729,0.04276754707098007,0.7251263856887817,0.6951862573623657,0.6330710649490356,0.2597105801105499,0.20977823436260223,0.4218618869781494,0.6022599339485168,0.30482563376426697,0.14734362065792084,0.7721890211105347,0.7048470377922058,0.5594339370727539,0.25441792607307434,0.3851078450679779,0.7300782203674316,0.6558672189712524,0.21611256897449493,0.7987945675849915,0.7050394415855408,0.5859267115592957,0.27839577198028564,0.4334835112094879,0.7427423000335693,0.695297360420227,0.22117987275123596,0.7767187356948853,0.8005678057670593,0.4775089621543884,0.2699710428714752,0.3358749747276306,0.8186957240104675,0.6250925660133362,0.2480318248271942
0.28982898592948914,0.43399086594581604,-0.5040361881256104,0.997901976108551,0.2846049666404724,0.4056002199649811,-0.5429795384407043,0.9976623058319092,0.2885793149471283,0.39875030517578125,-0.5434291958808899,0.9980108737945557,0.2926500141620636,0.39116981625556946,-0.5431177020072937,0.9977002143859863,0.27746015787124634,0.40511250495910645,-0.5102843642234802,0.9981992840766907,0.2763143479824066,0.3988414406776428,-0.5110553503036499,0.9990251064300537,0.27482375502586365,0.39183446764945984,-0.5114671587944031,0.9989716410636902,0.31707245111465454,0.36362898349761963,-0.582521378993988,0.9991512298583984,0.29374319314956665,0.363945335149765,-0.43818989396095276,0.9989294409751892,0.31119683384895325,0.41676250100135803,-0.4996979832649231,0.9974438548088074,0.30715230107307434,0.4230387508869171,-0.4597361087799072,0.9969024658203125,0.4862980842590332,0.4209553897380829,-0.4702502191066742,0.9992707371711731,0.349530428647995,0.4184264838695526,-0.33264559507369995,0.9986459612846375,0.58199143409729,0.6177565455436707,-0.39846330881118774,0.9119904637336731,0.36466842889785767,0.6134346127510071,-0.21151240170001984,0.6998336315155029,0.5686865448951721,0.8757916688919067,-0.38025861978530884,0.9604929089546204,0.3559834957122803,0.8365468978881836,-0.2768874764442444,0.9517674446105957,0.5544877648353577,0.9098269939422607,-0.4200204908847809,0.9600012898445129,0.33636507391929626,0.860644519329071,-0.32266539335250854,0.9499124884605408,0.5342592597007751,0.8956003785133362,-0.4449443221092224,0.9641766548156738,0.3376806080341339,0.8653979897499084,-0.34688034653663635,0.9564066529273987,0.5381933450698853,0.8839402198791504,-0.38847941160202026,0.9502989053726196,0.3494126796722412,0.8610336184501648,-0.2909114956855774,0.9330216646194458,0.5722533464431763,0.5643519759178162,-0.044027090072631836,0.7619755864143372,0.4691146910190582,0.5311874151229858,0.04350664094090462,0.7526124119758606,0.6842228174209595,0.6458426713943481,0.2535244822502136,0.2562827467918396,0.4109436869621277,0.6402397751808167,0.2985508143901825,0.16051733493804932,0.7691484093666077,0.7033774852752686,0.5589395761489868,0.32069650292396545,0.35164913535118103,0.7006214261054993,0.6594337224960327,0.25680068135261536,0.7946192026138306,0.7026528120040894,0.586933970451355,0.3409794569015503,0.36677274107933044,0.7126200199127197,0.7007970809936523,0.26610052585601807,0.7739195227622986,0.8056098222732544,0.4871014952659607,0.33803847432136536,0.2694000005722046,0.7496140599250793,0.6433324813842773,0.304313987493515
0.283282071352005,0.5294652581214905,-0.4919304847717285,0.9980456233024597,0.27695703506469727,0.4972596764564514,-0.5271168947219849,0.9978501200675964,0.2813117802143097,0.4914577901363373,-0.5275186896324158,0.9981597661972046,0.2855682373046875,0.48537132143974304,-0.5272092223167419,0.997887372970581,0.26860594749450684,0.4976186156272888,-0.4960755705833435,0.9983468055725098,0.2665184736251831,0.4926320016384125,-0.49681368470191956,0.9990997910499573,0.2641831338405609,0.4871828258037567,-0.49720320105552673,0.9990587830543518,0.3078381419181824,0.44253432750701904,-0.5495592355728149,0.9992101192474365,0.28075745701789856,0.4433164894580841,-0.4129902422428131,0.9990106821060181,0.30457261204719543,0.5241551995277405,-0.4808182716369629,0.9976397752761841,0.2994174361228943,0.5323107242584229,-0.44311442971229553,0.9971573948860168,0.47606024146080017,0.4424964487552643,-0.4223810136318207,0.99933922290802,0.3450685143470764,0.4390653073787689,-0.305006206035614,0.9987797141075134,0.5914241075515747,0.6229912638664246,-0.33807167410850525,0.920449435710907,0.364355206489563,0.6166629195213318,-0.1710028052330017,0.6648955941200256,0.5678781867027283,0.8716458678245544,-0.33297282457351685,0.9642679691314697,0.35549604892730713,0.8423871397972107,-0.20899684727191925,0.9532526731491089,0.5583169460296631,0.9005352258682251,-0.3691825866699219,0.963744044303894,0.333431214094162,0.8592424392700195,-0.24155111610889435,0.9522910714149475,0.5366982221603394,0.8870658874511719,-0.3967236876487732,0.9675706624984741,0.3368035554885864,0.8653261661529541,-0.2749793231487274,0.9589459896087646,0.5370611548423767,0.8801987767219543,-0.3427976369857788,0.9549373388290405,0.3507283329963684,0.8662745356559753,-0.224897101521492,0.9368954300880432,0.5611733198165894,0.594821572303772,-0.04265403375029564,0.7857767939567566,0.4655594825744629,0.5651323795318604,0.0421508364379406,0.7773507237434387,0.6767773032188416,0.6788499355316162,0.20992842316627502,0.2660028338432312,0.5387657880783081,0.6498401761054993,0.2849891781806946,0.16552409529685974,0.7673977613449097,0.7067134380340576,0.4768771231174469,0.3636636435985565,0.6687655448913574,0.7053648829460144,0.6000241041183472,0.27914389967918396,0.7946301102638245,0.6938068866729736,0.5088818073272705,0.3867550790309906,0.6776190996170044,0.7264286279678345,0.6175963878631592,0.29999369382858276,0.7800630331039429,0.80201256275177,0.4097844660282135,0.3919890522956848,0.6667167544364929,0.8209496140480042,0.6103814840316772,0.34168294072151184
0.25949954986572266,0.6128591895103455,-0.4674623906612396,0.9981829524040222,0.2574898600578308,0.5861110091209412,-0.5054582357406616,0.9980266690254211,0.2624024748802185,0.5827152729034424,-0.5058528184890747,0.9983017444610596,0.26715517044067383,0.5791303515434265,-0.5055213570594788,0.998060405254364,0.24963517487049103,0.581129252910614,-0.4740467965602875,0.998487651348114,0.24903638660907745,0.5748080611228943,-0.47479405999183655,0.9991739392280579,0.2482907772064209,0.5683059096336365,-0.47516679763793945,0.999142050743103,0.2939101755619049,0.5424273014068604,-0.5364419221878052,0.9992679953575134,0.2709783911705017,0.5299360752105713,-0.39975470304489136,0.9990937113761902,0.2861602306365967,0.6183775067329407,-0.4593117833137512,0.99782395362854,0.2796389162540436,0.6212063431739807,-0.42153200507164,0.9974000453948975,0.46551603078842163,0.5165290236473083,-0.40494728088378906,0.9993990659713745,0.34685951471328735,0.4759519696235657,-0.2957676947116852,0.9989005923271179,0.5920796394348145,0.6312457323074341,-0.3263550102710724,0.9282119274139404,0.37187615036964417,0.6271800994873047,-0.1401721090078354,0.6417136788368225,0.5698230266571045,0.8681090474128723,-0.26383283734321594,0.9677713513374329,0.35474228858947754,0.8395921587944031,-0.17774254083633423,0.9570479393005371,0.560104489326477,0.9003974199295044,-0.29140621423721313,0.9672601222991943,0.3330073356628418,0.8593630194664001,-0.2105412781238556,0.9563907980918884,0.5385271906852722,0.8913218975067139,-0.31805330514907837,0.9707327485084534,0.33906564116477966,0.8651896715164185,-0.24479611217975616,0.962592601776123,0.5394852161407471,0.8814675211906433,-0.2714827060699463,0.9592928886413574,0.35307320952415466,0.864629864692688,-0.1937609612941742,0.942392885684967,0.5560138821601868,0.6374626755714417,-0.04212643951177597,0.8071979284286499,0.4665754735469818,0.5992711186408997,0.04163740947842598,0.7996152639389038,0.6760684251785278,0.7047411799430847,0.19547630846500397,0.2851657569408417,0.5418004393577576,0.6620245575904846,0.27824997901916504,0.16862575709819794,0.7705712914466858,0.7173097133636475,0.4425933361053467,0.41111528873443604,0.6844809055328369,0.7082508206367493,0.5829588770866394,0.30063262581825256,0.7995141744613647,0.6995812654495239,0.47092515230178833,0.4377034902572632,0.6979886889457703,0.7230687737464905,0.611956775188446,0.3363945484161377,0.7801370620727539,0.8112495541572571,0.3886091113090515,0.4458800256252289,0.6992592215538025,0.7861945033073425,0.5660626292228699,0.3788151144981384
0.25460711121559143,0.6931279301643372,-0.5160372257232666,0.9982134699821472,0.2546444237232208,0.6610138416290283,-0.5541212558746338,0.9981220364570618,0.26102668046951294,0.6573606133460999,-0.5545722246170044,0.9983583688735962,0.26705366373062134,0.653114378452301,-0.5542598962783813,0.9981666207313538,0.24307958781719208,0.6594525575637817,-0.5223874449729919,0.9985639452934265,0.24080872535705566,0.6550248265266418,-0.5231251120567322,0.9991985559463501,0.23814959824085236,0.6496171951293945,-0.5235099792480469,0.9991884827613831,0.29435357451438904,0.6178872585296631,-0.5711421370506287,0.999275803565979,0.25969237089157104,0.6146882772445679,-0.4323381781578064,0.999103307723999,0.2809396982192993,0.7051100730895996,-0.5007795095443726,0.9978418946266174,0.2687791585922241,0.7104976177215576,-0.46261152625083923,0.9974596500396729,0.47386735677719116,0.5836295485496521,-0.4140804409980774,0.99944669008255,0.3298565745353699,0.5271918177604675,-0.3123793303966522,0.9990056753158569,0.5899741053581238,0.6318536400794983,-0.31158336997032166,0.9346505999565125,0.36177974939346313,0.6308460831642151,-0.12024100869894028,0.5953010320663452,0.5694847106933594,0.8666643500328064,-0.2434101551771164,0.9707155823707581,0.3520366847515106,0.8325924277305603,-0.09715262055397034,0.9550023674964905,0.5630608797073364,0.9010798931121826,-0.2679319381713867,0.9700984954833984,0.33223897218704224,0.8582137823104858,-0.12116195261478424,0.955703616142273,0.539157509803772,0.8915040493011475,-0.29434123635292053,0.9733277559280396,0.33855122327804565,0.8649587035179138,-0.15530753135681152,0.9628382921218872,0.5404203534126282,0.8830951452255249,-0.25039705634117126,0.9627989530563354,0.35036638379096985,0.8613923788070679,-0.111818827688694,0.9429893493652344,0.5465549230575562,0.658604621887207,-0.041703566908836365,0.8264762759208679,0.4509405493736267,0.6314319372177124,0.04112070053815842,0.8196529746055603,0.6721119284629822,0.7179920673370361,0.17618635296821594,0.27980703115463257,0.5248689651489258,0.6867566108703613,0.2728668749332428,0.16055046021938324,0.7670584917068481,0.7213040590286255,0.40083664655685425,0.4373646080493927,0.6477563381195068,0.7348893284797668,0.5465743541717529,0.2942768335342407,0.7940259575843811,0.6924903988838196,0.4241557717323303,0.46937933564186096,0.6733887195587158,0.7473697066307068,0.5717670917510986,0.3423879146575928,0.7893130779266357,0.8021605014801025,0.3383116126060486,0.48338019847869873,0.6879004836082458,0.7963347434997559,0.52036052942276,0.3814757168292999
0.2514832019805908,0.7553977370262146,-0.48652809858322144,0.9977775812149048,0.24926170706748962,0.7234163880348206,-0.528180718421936,0.9979158639907837,0.25521624088287354,0.7192503809928894,-0.5286476612091064,0.9980940222740173,0.2606448829174042,0.7149243950843811,-0.5283428430557251,0.998049795627594,0.24050042033195496,0.7243627905845642,-0.49847227334976196,0.9984130859375,0.23916573822498322,0.7213405966758728,-0.4991891384124756,0.999042272567749,0.23733699321746826,0.7174867391586304,-0.49954837560653687,0.9991146922111511,0.28766801953315735,0.6780723333358765,-0.5587912797927856,0.9991498589515686,0.2606569528579712,0.6745015978813171,-0.42944350838661194,0.9988666772842407,0.276302307844162,0.7613393068313599,-0.47588372230529785,0.9975281357765198,0.26506438851356506,0.7661693096160889,-0.4405273497104645,0.9971388578414917,0.47428616881370544,0.6210044026374817,-0.4158150553703308,0.9994875192642212,0.3247373700141907,0.5695902705192566,-0.31090784072875977,0.9990969300270081,0.5816609263420105,0.6316255927085876,-0.2717534303665161,0.9387595653533936,0.34479188919067383,0.6568188667297363,-0.10886044800281525,0.5416225790977478,0.5669648051261902,0.8571287989616394,-0.18881453573703766,0.9722638130187988,0.35422366857528687,0.8345397114753723,-0.08009830862283707,0.9308109879493713,0.565287709236145,0.8980683088302612,-0.21028301119804382,0.9710956811904907,0.33452194929122925,0.8632469177246094,-0.10580615699291229,0.938073992729187,0.5387982130050659,0.8876820802688599,-0.23971565067768097,0.9744582176208496,0.3414057195186615,0.8661179542541504,-0.1398855596780777,0.9502414464950562,0.5387069582939148,0.8761200904846191,-0.1963815838098526,0.9639357328414917,0.35261520743370056,0.8590087294578552,-0.09524522721767426,0.9255924820899963,0.5448145270347595,0.6663216352462769,-0.040891848504543304,0.8438257575035095,0.4476514756679535,0.6537731289863586,0.04035710170865059,0.8376862406730652,0.6750055551528931,0.7301348447799683,0.1842425912618637,0.2581450641155243,0.5138729810714722,0.6923230290412903,0.27213650941848755,0.14628678560256958,0.7705519795417786,0.7230044603347778,0.41499191522598267,0.4296942949295044,0.6239453554153442,0.7589157223701477,0.5398236513137817,0.2713191509246826,0.7949390411376953,0.6968311071395874,0.43768030405044556,0.469401091337204,0.6491967439651489,0.7514660954475403,0.5727307200431824,0.322224497795105,0.7849124670028687,0.805649995803833,0.35396260023117065,0.49201810359954834,0.6470578908920288,0.8304604291915894,0.5267732739448547,0.35799819231033325
0.2615693211555481,0.8302498459815979,-0.5124736428260803,0.9974595308303833,0.25563138723373413,0.8027232885360718,-0.5556022524833679,0.9977734088897705,0.26103800535202026,0.7980360984802246,-0.5561636686325073,0.9979854822158813,0.266388863325119,0.7929744124412537,-0.5558677911758423,0.9980363249778748,0.24596509337425232,0.8035311102867126,-0.5287342667579651,0.9981423616409302,0.2444268763065338,0.7999542355537415,-0.5294217467308044,0.998782217502594,0.24274969100952148,0.7961480617523193,-0.5297761559486389,0.998870849609375,0.289785236120224,0.7498477697372437,-0.583885669708252,0.9991602897644043,0.2622126638889313,0.7509959936141968,-0.46712812781333923,0.9983929395675659,0.28423136472702026,0.8301146626472473,-0.4996964931488037,0.9972617030143738,0.2745649516582489,0.834546685218811,-0.46797409653663635,0.9962849617004395,0.4755360186100006,0.660264253616333,-0.4517710208892822,0.9995354413986206,0.3127707839012146,0.635699987411499,-0.337073415517807,0.9991589784622192,0.5700597763061523,0.6285116076469421,-0.2990683913230896,0.9442219734191895,0.3394603729248047,0.6620377898216248,-0.12380524724721909,0.488447904586792,0.5652633905410767,0.8451759219169617,-0.2205200493335724,0.9745425581932068,0.3501834273338318,0.8233941197395325,-0.07402019947767258,0.843429684638977,0.5654229521751404,0.8873381018638611,-0.2442607432603836,0.9731842279434204,0.3452898859977722,0.8524606227874756,-0.0966188982129097,0.8554707765579224,0.5377358198165894,0.8803451657295227,-0.27517440915107727,0.9764044880867004,0.3464880883693695,0.8503947854042053,-0.12913353741168976,0.8709702491760254,0.5364428758621216,0.8672540187835693,-0.23011228442192078,0.9664804935455322,0.34929266571998596,0.8421299457550049,-0.08864420652389526,0.8462830781936646,0.5411741733551025,0.6925308108329773,-0.040273770689964294,0.8594393730163574,0.43287715315818787,0.6984353065490723,0.03973633050918579,0.8539131283760071,0.6720446348190308,0.7371519207954407,0.2517610490322113,0.24013811349868774,0.43468961119651794,0.6978684663772583,0.29023030400276184,0.13274554908275604,0.763610303401947,0.7227472066879272,0.5312946438789368,0.4168292284011841,0.4401525557041168,0.7733036279678345,0.6169725656509399,0.2476305216550827,0.787300705909729,0.69773268699646,0.5593308210372925,0.4676450192928314,0.45425862073898315,0.776507556438446,0.6570349335670471,0.3014533817768097,0.7795137166976929,0.8029631972312927,0.4820241928100586,0.48427924513816833,0.41672834753990173,0.8327223062515259,0.6266269087791443,0.3299543857574463
0.2590436339378357,0.8641608953475952,-0.5031252503395081,0.9969636797904968,0.25397223234176636,0.8403978943824768,-0.5467535853385925,0.9975160360336304,0.2587493062019348,0.8360982537269592,-0.5473500490188599,0.9978038668632507,0.26327601075172424,0.8312116861343384,-0.5471245050430298,0.9979633688926697,0.2448730766773224,0.8400058150291443,-0.5205622911453247,0.9976472854614258,0.2431684285402298,0.8365737199783325,-0.5212693214416504,0.9983687996864319,0.24127034842967987,0.8330674171447754,-0.5216594934463501,0.9984484314918518,0.2853480577468872,0.7857856750488281,-0.5820553302764893,0.9991596341133118,0.2587701380252838,0.7914908528327942,-0.46770864725112915,0.9977297186851501,0.27949732542037964,0.8618205785751343,-0.4929468035697937,0.9967419505119324,0.27091655135154724,0.8636512160301208,-0.46203136444091797,0.994604766368866,0.4754692614078522,0.6772929430007935,-0.45581498742103577,0.9995793700218201,0.30539470911026,0.6556074619293213,-0.3470950424671173,0.9992115497589111,0.5646778345108032,0.629432201385498,-0.3332366943359375,0.9487002491950989,0.33770841360092163,0.6481195092201233,-0.1303265392780304,0.43998274207115173,0.561766505241394,0.8410006761550903,-0.3052128255367279,0.976189911365509,0.3591565489768982,0.8030228614807129,-0.04731921851634979,0.7608348727226257,0.5636662244796753,0.8833552002906799,-0.3423770070075989,0.9743162393569946,0.3567647337913513,0.8280197978019714,-0.06600187718868256,0.7733502388000488,0.5369172692298889,0.879461407661438,-0.36472925543785095,0.977533221244812,0.3548657298088074,0.8363897800445557,-0.09710798412561417,0.7887998223304749,0.5341706275939941,0.8654210567474365,-0.31280070543289185,0.9676740169525146,0.36102578043937683,0.8310882449150085,-0.0604965016245842,0.7660321593284607,0.5400847792625427,0.7213761806488037,-0.0410124734044075,0.873493492603302,0.43049249053001404,0.719961404800415,0.04047723114490509,0.8685187697410583,0.66645747423172,0.752435028553009,0.24861975014209747,0.22829262912273407,0.394206702709198,0.7075040936470032,0.29507553577423096,0.12051195651292801,0.7621855735778809,0.7290717959403992,0.525920033454895,0.40774810314178467,0.36620378494262695,0.7640434503555298,0.5992008447647095,0.22513622045516968,0.7832881808280945,0.7077460289001465,0.5538904666900635,0.4703728258609772,0.37604618072509766,0.7633422017097473,0.6364613175392151,0.2794889807701111,0.777474582195282,0.8114355206489563,0.48257938027381897,0.4802715480327606,0.33349210023880005,0.8218269944190979,0.6107782125473022,0.30372071266174316
0.24748799204826355,0.8795751929283142,-0.4921957850456238,0.9957342147827148,0.24552170932292938,0.8583940863609314,-0.5368658304214478,0.9968268275260925,0.2507929503917694,0.8542798161506653,-0.5374594926834106,0.9973142147064209,0.2559516429901123,0.8497748374938965,-0.5372533798217773,0.9976198673248291,0.23538446426391602,0.8576390743255615,-0.5090577602386475,0.9964520335197449,0.2332717627286911,0.8539677262306213,-0.5097525119781494,0.9974963068962097,0.23089134693145752,0.8501421809196472,-0.5101627111434937,0.997496485710144,0.2783561050891876,0.8065484166145325,-0.5769404172897339,0.9991063475608826,0.24641689658164978,0.806050717830658,-0.45596638321876526,0.996590793132782,0.2677750289440155,0.8772217035293579,-0.48373690247535706,0.9952588677406311,0.25876420736312866,0.8779668211936951,-0.45091962814331055,0.9910380244255066,0.4712267816066742,0.6894696950912476,-0.44713348150253296,0.9996175169944763,0.3055064082145691,0.6464914083480835,-0.34482452273368835,0.9992538094520569,0.5621976852416992,0.6396695971488953,-0.3315683603286743,0.9529740214347839,0.3512994945049286,0.6455466151237488,-0.14545267820358276,0.3964022994041443,0.5581004619598389,0.8544830083847046,-0.31133392453193665,0.977737545967102,0.38268500566482544,0.8103132247924805,-0.08983864635229111,0.6867561936378479,0.5562522411346436,0.8918991088867188,-0.35045239329338074,0.9755852818489075,0.3860819935798645,0.8394588232040405,-0.11335612833499908,0.7005892992019653,0.533007025718689,0.8872275352478027,-0.36964181065559387,0.9787293076515198,0.38117700815200806,0.8540725111961365,-0.1419646441936493,0.7165345549583435,0.531409502029419,0.8757849931716919,-0.31802448630332947,0.9691036343574524,0.3865511417388916,0.8485498428344727,-0.10261597484350204,0.6953328251838684,0.5393257737159729,0.7446373105049133,-0.044717516750097275,0.8861411213874817,0.43267688155174255,0.735044002532959,0.044269248843193054,0.8816622495651245,0.6648585200309753,0.7635465860366821,0.2487819492816925,0.22636102139949799,0.4111391007900238,0.7179797887802124,0.3224291205406189,0.10936623066663742,0.7637354135513306,0.7268086075782776,0.5304648280143738,0.4232276678085327,0.38564109802246094,0.7691937685012817,0.6212383508682251,0.20602548122406006,0.7819273471832275,0.7023268342018127,0.5585618019104004,0.4946199655532837,0.39442935585975647,0.7690317630767822,0.6576255559921265,0.2649281322956085,0.7832103371620178,0.8140212297439575,0.4861530661582947,0.49504128098487854,0.35490044951438904,0.8294033408164978,0.6298595666885376,0.2825824022293091
0.2438054382801056,0.8673808574676514,-0.4525550901889801,0.9956899285316467,0.24198170006275177,0.8466405868530273,-0.5034826993942261,0.9968742728233337,0.2469554841518402,0.8434663414955139,-0.503974199295044,0.9973660111427307,0.25170764327049255,0.8399122357368469,-0.5036619305610657,0.9976781606674194,0.23378662765026093,0.8445390462875366,-0.47313833236694336,0.996487021446228,0.23273804783821106,0.8403679728507996,-0.473686546087265,0.997525691986084,0.23156246542930603,0.8359617590904236,-0.4739915728569031,0.9975273609161377,0.27560359239578247,0.792763352394104,-0.5609160661697388,0.9991446137428284,0.24994723498821259,0.7920228838920593,-0.4507666230201721,0.9966738820075989,0.26695841550827026,0.8656014204025269,-0.45433053374290466,0.9951688647270203,0.260292112827301,0.8661710023880005,-0.41842421889305115,0.9909291863441467,0.46944326162338257,0.6788219809532166,-0.433097779750824,0.999650776386261,0.3203621506690979,0.6252148747444153,-0.3295661509037018,0.999300479888916,0.5602899789810181,0.648181140422821,-0.3344328701496124,0.9574500322341919,0.38012585043907166,0.6468331217765808,-0.16797399520874023,0.3575790524482727,0.5608093738555908,0.8544192910194397,-0.31207630038261414,0.9797878265380859,0.4307805001735687,0.8153976202011108,-0.132742241024971,0.6274153590202332,0.5576049089431763,0.8917995095252991,-0.34790295362472534,0.9777668714523315,0.4302513599395752,0.8428800702095032,-0.1589980274438858,0.6505202054977417,0.5351547598838806,0.8863366842269897,-0.3640538454055786,0.9806549549102783,0.42715710401535034,0.8579625487327576,-0.17670202255249023,0.6715880036354065,0.5337858200073242,0.8754443526268005,-0.3169707953929901,0.9717901945114136,0.43475812673568726,0.8538111448287964,-0.14205865561962128,0.6474351286888123,0.5393856763839722,0.755156397819519,-0.04483095556497574,0.8975229263305664,0.4360831379890442,0.7404139041900635,0.04444887489080429,0.893490731716156,0.6680651903152466,0.7721313238143921,0.24412348866462708,0.22412985563278198,0.46654415130615234,0.7194324731826782,0.30869561433792114,0.09936243295669556,0.7677801251411438,0.7228245139122009,0.5175908207893372,0.4422389268875122,0.5387829542160034,0.7668561935424805,0.6140180826187134,0.1894030123949051,0.784868061542511,0.6983908414840698,0.5453536510467529,0.5212198495864868,0.5586656332015991,0.7550552487373352,0.6515966057777405,0.2551678717136383,0.7824189066886902,0.8164314031600952,0.48273855447769165,0.5183120965957642,0.5392016172409058,0.8338446021080017,0.6316220164299011,0.2661254405975342
0.24308058619499207,0.8442408442497253,-0.4473268389701843,0.9956811666488647,0.24290084838867188,0.8233893513679504,-0.4963343143463135,0.9969795942306519,0.2483888864517212,0.8196070194244385,-0.49674439430236816,0.9974333643913269,0.25380775332450867,0.815352737903595,-0.49637898802757263,0.9977623224258423,0.23366494476795197,0.822424054145813,-0.46267372369766235,0.9966221451759338,0.23262107372283936,0.8187621831893921,-0.46320492029190063,0.9976158142089844,0.23146410286426544,0.8148183822631836,-0.46350279450416565,0.9976521134376526,0.2779046297073364,0.7754590511322021,-0.5523813962936401,0.9991766810417175,0.25159162282943726,0.7701484560966492,-0.42637133598327637,0.9968467950820923,0.26865917444229126,0.8455780744552612,-0.4526497721672058,0.9952435493469238,0.26072874665260315,0.8461195230484009,-0.413703590631485,0.991251528263092,0.47117677330970764,0.6615574359893799,-0.42911285161972046,0.9996799826622009,0.3229728937149048,0.6188550591468811,-0.3241913914680481,0.9993588924407959,0.564424455165863,0.6506845355033875,-0.3081819415092468,0.9610704779624939,0.3859805166721344,0.6791888475418091,-0.16478033363819122,0.3225957751274109,0.5624760985374451,0.8571465611457825,-0.24329261481761932,0.9809951782226562,0.42084917426109314,0.8222489953041077,-0.13173897564411163,0.5754150152206421,0.5552710294723511,0.8892683982849121,-0.26745015382766724,0.9789120554924011,0.41917499899864197,0.8441829085350037,-0.15750794112682343,0.6075500845909119,0.5360954403877258,0.8853863477706909,-0.2844541668891907,0.9817702770233154,0.42031392455101013,0.8559494614601135,-0.1776409149169922,0.633187472820282,0.5364130735397339,0.8766410946846008,-0.24746432900428772,0.973090648651123,0.42369040846824646,0.8515365719795227,-0.14167559146881104,0.6051824688911438,0.539576530456543,0.7620124220848083,-0.04451977461576462,0.9077668190002441,0.4384719729423523,0.7546844482421875,0.04416079819202423,0.9041380286216736,0.6716377139091492,0.7723208069801331,0.24222929775714874,0.20894496142864227,0.519325852394104,0.7226778864860535,0.30289727449417114,0.08998452126979828,0.7687628865242004,0.717612624168396,0.508333146572113,0.4338619112968445,0.6277536153793335,0.7693487405776978,0.5968690514564514,0.17426621913909912,0.7860641479492188,0.6936317682266235,0.5346013903617859,0.5309672355651855,0.6490603685379028,0.7640231847763062,0.6325333714485168,0.24727685749530792,0.7808629870414734,0.8188157677650452,0.4703986644744873,0.5268725156784058,0.641619086265564,0.8711483478546143,0.6191385984420776,0.2531505823135376
0.24241581559181213,0.8193383812904358,-0.49203118681907654,0.9959211945533752,0.24226661026477814,0.7956806421279907,-0.5325798392295837,0.9971691966056824,0.24770696461200714,0.7917559146881104,-0.5329684615135193,0.9975693821907043,0.25301092863082886,0.7875819802284241,-0.5326124429702759,0.9978864789009094,0.23352093994617462,0.7956545352935791,-0.5038058161735535,0.9968636631965637,0.2324194610118866,0.7921779155731201,-0.5044171214103699,0.9977866411209106,0.23110727965831757,0.7881442308425903,-0.5047675967216492,0.9978401064872742,0.2800070643424988,0.7477765679359436,-0.5690352916717529,0.9992123246192932,0.2532458007335663,0.7455791234970093,-0.4463159143924713,0.9970986843109131,0.2673458456993103,0.823747992515564,-0.48665866255760193,0.9954713582992554,0.25966840982437134,0.8263160586357117,-0.4523982107639313,0.9918538928031921,0.47075432538986206,0.6525379419326782,-0.43881264328956604,0.9997047185897827,0.31245526671409607,0.6117448806762695,-0.34830206632614136,0.9994173049926758,0.5701682567596436,0.6473419666290283,-0.30149590969085693,0.9644028544425964,0.36595970392227173,0.6836516261100769,-0.18521159887313843,0.2934413254261017,0.5645653605461121,0.8587977886199951,-0.22323589026927948,0.9822853803634644,0.36718666553497314,0.8404057025909424,-0.15728673338890076,0.5776169896125793,0.5539976954460144,0.8882534503936768,-0.24258263409137726,0.98021399974823,0.3525927662849426,0.8582397699356079,-0.18290607631206512,0.6209352612495422,0.5362741351127625,0.8839380741119385,-0.2649424374103546,0.9829971194267273,0.3507921099662781,0.8575928807258606,-0.20525869727134705,0.6504429578781128,0.5370601415634155,0.8761078119277954,-0.22882862389087677,0.9746816158294678,0.3609696626663208,0.8516199588775635,-0.16787222027778625,0.6168858408927917,0.5363931655883789,0.7600305080413818,-0.04467534273862839,0.916985034942627,0.43971434235572815,0.7495518922805786,0.04435216635465622,0.9137200117111206,0.6749678254127502,0.7589383721351624,0.23695771396160126,0.20116548240184784,0.5000404715538025,0.7350642085075378,0.33046311140060425,0.08151945471763611,0.769551157951355,0.7161058187484741,0.5002617835998535,0.43782222270965576,0.5865402817726135,0.7720969915390015,0.6422945261001587,0.16077889502048492,0.7869056463241577,0.6967920660972595,0.5257333517074585,0.5460665822029114,0.6069313287734985,0.7599552869796753,0.679412841796875,0.2419799566268921,0.7811473608016968,0.8188314437866211,0.4355676770210266,0.5457344055175781,0.5888668298721313,0.8746702671051025,0.6408865451812744,0.24468177556991577
0.2474329024553299,0.7924020290374756,-0.48335474729537964,0.9962934255599976,0.2453620731830597,0.7603781819343567,-0.5214763283729553,0.9974285364151001,0.25003618001937866,0.7561535239219666,-0.5218082666397095,0.9977818131446838,0.254643052816391,0.7515891790390015,-0.5214808583259583,0.9980709552764893,0.23715457320213318,0.7609933018684387,-0.4917309284210205,0.997161865234375,0.23566755652427673,0.7568836808204651,-0.492361456155777,0.9979975819587708,0.23376913368701935,0.7519975304603577,-0.4927198886871338,0.9980501532554626,0.2803284823894501,0.7110872268676758,-0.5598629713058472,0.9992743730545044,0.2575218677520752,0.6660268306732178,-0.43469366431236267,0.997380793094635,0.2702561020851135,0.7946186661720276,-0.47931522130966187,0.9958810210227966,0.26157844066619873,0.8057875633239746,-0.4429899752140045,0.9926350116729736,0.46999263763427734,0.5993103384971619,-0.4323095679283142,0.9997295141220093,0.31853365898132324,0.5658470392227173,-0.337625116109848,0.9994748830795288,0.5796209573745728,0.6459527611732483,-0.3007661700248718,0.967400848865509,0.3649626076221466,0.6762827038764954,-0.17786118388175964,0.27638691663742065,0.5665706992149353,0.8637283444404602,-0.235709547996521,0.983171820640564,0.3579048812389374,0.8378413915634155,-0.17173261940479279,0.6137816309928894,0.5535816550254822,0.8918900489807129,-0.2549999952316284,0.9809978604316711,0.33480268716812134,0.8574502468109131,-0.19724397361278534,0.6547546982765198,0.5364117622375488,0.8857949376106262,-0.2757503092288971,0.98380446434021,0.335529088973999,0.8589937090873718,-0.22301693260669708,0.6824085116386414,0.5381207466125488,0.8791652321815491,-0.24079227447509766,0.9754559397697449,0.3483787775039673,0.8559126257896423,-0.18330515921115875,0.6500741243362427,0.5363167524337769,0.7558557987213135,-0.051683176308870316,0.9252808094024658,0.4541340470314026,0.7478079795837402,0.05145192891359329,0.9223454594612122,0.6797395348548889,0.7366629838943481,0.21669836342334747,0.19121067225933075,0.5674089193344116,0.7347919940948486,0.3061858117580414,0.07494470477104187,0.7701312303543091,0.708823025226593,0.4643722474575043,0.420445054769516,0.6954137682914734,0.722997784614563,0.5675958395004272,0.14997172355651855,0.7880868911743164,0.69373619556427,0.48757797479629517,0.5433982014656067,0.7157734036445618,0.7026352882385254,0.5996556878089905,0.24484941363334656,0.7784832119941711,0.8180698752403259,0.4062355160713196,0.5468810796737671,0.7066248655319214,0.8012269139289856,0.5557597875595093,0.2428635060787201
0.24831600487232208,0.6978505253791809,-0.5000577569007874,0.9966447949409485,0.24722953140735626,0.6620781421661377,-0.5330194234848022,0.9976726174354553,0.25197863578796387,0.6566463708877563,-0.5332790613174438,0.9979860186576843,0.256552517414093,0.6511654853820801,-0.5329855680465698,0.9982491731643677,0.24023839831352234,0.6621613502502441,-0.5020240545272827,0.9974369406700134,0.23936884105205536,0.65772944688797,-0.5026673078536987,0.9981917142868042,0.2377660572528839,0.6530160903930664,-0.5030619502067566,0.9982420206069946,0.2831254303455353,0.6124614477157593,-0.5612958669662476,0.9993384480476379,0.2608105540275574,0.6079185605049133,-0.4290493428707123,0.997639000415802,0.2713284492492676,0.6984128952026367,-0.4938634932041168,0.9962783455848694,0.2646009922027588,0.7009349465370178,-0.4557545781135559,0.9933599829673767,0.4794427454471588,0.5448495745658875,-0.4335396885871887,0.999752938747406,0.3241673707962036,0.5444437265396118,-0.3314337134361267,0.9995270371437073,0.5862917900085449,0.6445210576057434,-0.31334933638572693,0.9702837467193604,0.3581404685974121,0.6678038239479065,-0.1584777534008026,0.28631845116615295,0.5662946701049805,0.8636707663536072,-0.25746244192123413,0.9841933846473694,0.35431092977523804,0.8381070494651794,-0.1685781329870224,0.6498576402664185,0.5537059307098389,0.8898524045944214,-0.2750430703163147,0.9817453026771545,0.3257632851600647,0.8539453148841858,-0.19603756070137024,0.686715304851532,0.5370766520500183,0.8853731155395508,-0.29361945390701294,0.984538197517395,0.32994627952575684,0.8585410118103027,-0.22199079394340515,0.7122112512588501,0.5387526750564575,0.8807035684585571,-0.26141372323036194,0.9759483337402344,0.3455418348312378,0.8586657047271729,-0.181210458278656,0.6815845966339111,0.5600689649581909,0.7300940752029419,-0.05621073767542839,0.9327484369277954,0.48742014169692993,0.7127788066864014,0.05602912977337837,0.9301092028617859,0.6858529448509216,0.713748574256897,0.21734270453453064,0.19222794473171234,0.5921362638473511,0.7230316996574402,0.3280244767665863,0.0721038430929184,0.7705701589584351,0.7095538377761841,0.4887499213218689,0.42304524779319763,0.7128354907035828,0.6990664005279541,0.6273508667945862,0.14561089873313904,0.7875055074691772,0.6943827867507935,0.5133265256881714,0.5458971858024597,0.734259307384491,0.6790273189544678,0.662936806678772,0.25216662883758545,0.7764785885810852,0.8135269284248352,0.4085075855255127,0.5664023756980896,0.7166988253593445,0.7656592726707458,0.6144647598266602,0.26041799783706665
0.2651466727256775,0.5933519601821899,-0.4738193154335022,0.9969202876091003,0.2610384523868561,0.5689730048179626,-0.49734705686569214,0.9978532195091248,0.2643279433250427,0.5642615556716919,-0.4975331425666809,0.9981167912483215,0.2674975097179413,0.5597272515296936,-0.49727731943130493,0.9983651638031006,0.2560420036315918,0.5694496035575867,-0.46054792404174805,0.9976615905761719,0.2558418810367584,0.5655597448348999,-0.4611925184726715,0.9983509182929993,0.2553274929523468,0.5616070032119751,-0.46161776781082153,0.9984073042869568,0.290569007396698,0.5166114568710327,-0.5263493061065674,0.9993689060211182,0.27467256784439087,0.5183334350585938,-0.36556023359298706,0.9978629350662231,0.2884143590927124,0.5905727744102478,-0.4725862443447113,0.996615469455719,0.2877654731273651,0.5920376181602478,-0.422560453414917,0.9939989447593689,0.47888025641441345,0.4822497069835663,-0.4311597943305969,0.9997714161872864,0.3403370976448059,0.49076563119888306,-0.2554565370082855,0.9995735883712769,0.588603138923645,0.6431257724761963,-0.36837759613990784,0.9720606207847595,0.3535611629486084,0.6512523889541626,-0.12086379528045654,0.2762518525123596,0.5663299560546875,0.8678900003433228,-0.36794036626815796,0.9832587242126465,0.352971613407135,0.839597225189209,-0.1624913215637207,0.6801442503929138,0.553226113319397,0.895918607711792,-0.4039718210697174,0.9794409275054932,0.32568761706352234,0.8524210453033447,-0.19006052613258362,0.7130019664764404,0.5367562770843506,0.8873734474182129,-0.41809043288230896,0.9828189611434937,0.32645320892333984,0.8609494566917419,-0.21652714908123016,0.7370637059211731,0.5378498435020447,0.8822254538536072,-0.3725188076496124,0.9713433980941772,0.34419065713882446,0.8627767562866211,-0.174738347530365,0.7066575288772583,0.5724891424179077,0.6882028579711914,-0.0689106434583664,0.9394676089286804,0.5068082809448242,0.6641606092453003,0.06869746744632721,0.9370957612991333,0.7064350843429565,0.6922287940979004,0.21654653549194336,0.18296556174755096,0.6130281686782837,0.6791200637817383,0.3491757810115814,0.06642481684684753,0.7737401127815247,0.7080856561660767,0.49559491872787476,0.4034459888935089,0.7093319296836853,0.6853545904159546,0.6547080278396606,0.13447684049606323,0.7923485040664673,0.6982621550559998,0.5204333066940308,0.5212990641593933,0.7229622006416321,0.6710839867591858,0.6897937059402466,0.23862406611442566,0.7743226289749146,0.8040145635604858,0.41502612829208374,0.5618290901184082,0.7089648246765137,0.7545232772827148,0.639919638633728,0.255220502614975
0.2808907926082611,0.5224050879478455,-0.47106680274009705,0.9971727132797241,0.277023583650589,0.4910697937011719,-0.495087206363678,0.9980205297470093,0.2817894518375397,0.48490282893180847,-0.4952916204929352,0.9982406497001648,0.2869184613227844,0.4786068797111511,-0.4950522482395172,0.9984739422798157,0.2703043520450592,0.4949706196784973,-0.45851045846939087,0.9978660345077515,0.2700853943824768,0.4922284483909607,-0.4591589868068695,0.9984946846961975,0.2698519825935364,0.48936691880226135,-0.4595774710178375,0.9985560178756714,0.3123072385787964,0.4342608153820038,-0.5192819237709045,0.9994006156921387,0.2969242036342621,0.4460445046424866,-0.35824745893478394,0.9980666637420654,0.3032876253128052,0.5215967893600464,-0.468614399433136,0.9969295263290405,0.30023208260536194,0.5259748101234436,-0.42228859663009644,0.9945819973945618,0.4783174991607666,0.4294642508029938,-0.4457688331604004,0.9997894167900085,0.3498998284339905,0.44911929965019226,-0.2398947924375534,0.9996152520179749,0.5864521265029907,0.6385811567306519,-0.45385679602622986,0.9739639163017273,0.3545292913913727,0.6417654156684875,-0.1395447999238968,0.26510491967201233,0.5683791637420654,0.870179295539856,-0.4904712736606598,0.9836418628692627,0.3528807759284973,0.8421482443809509,-0.23811683058738708,0.7042808532714844,0.5542026162147522,0.8950694799423218,-0.540597140789032,0.9793608784675598,0.32323846220970154,0.8540856242179871,-0.27118271589279175,0.7336088418960571,0.5361807346343994,0.8879595994949341,-0.5515354871749878,0.9828514456748962,0.3267468810081482,0.8620601296424866,-0.30430224537849426,0.7571080923080444,0.5376328229904175,0.8836570978164673,-0.4958023428916931,0.970473051071167,0.34448468685150146,0.8635025024414062,-0.25534000992774963,0.7261945009231567,0.5826745629310608,0.6342460513114929,-0.07906703650951385,0.945509135723114,0.5170019865036011,0.6144080758094788,0.07885415852069855,0.9433806538581848,0.7102841734886169,0.6703197360038757,0.20415155589580536,0.17485566437244415,0.6343281269073486,0.6620833873748779,0.3364681899547577,0.06159429997205734,0.776043176651001,0.7118630409240723,0.48515310883522034,0.39227494597435,0.7393156886100769,0.6967023015022278,0.6422990560531616,0.1260112226009369,0.7961053848266602,0.7006239295005798,0.5080583095550537,0.5005336999893188,0.7544623613357544,0.6845877170562744,0.688999593257904,0.2268976867198944,0.7739465832710266,0.8047739863395691,0.3879106044769287,0.5645117163658142,0.7296167612075806,0.7710316181182861,0.5832979679107666,0.2568177878856659
0.2953743040561676,0.44190165400505066,-0.4671287536621094,0.9973990321159363,0.29175764322280884,0.4111762046813965,-0.48850083351135254,0.9981502294540405,0.29571983218193054,0.4053986966609955,-0.4887588918209076,0.9983345866203308,0.30006831884384155,0.39987581968307495,-0.48855647444725037,0.9985501766204834,0.2870619297027588,0.41412585973739624,-0.45342883467674255,0.998041570186615,0.28695443272590637,0.4105090796947479,-0.4540500044822693,0.99862140417099,0.2867099642753601,0.4062800407409668,-0.4544370770454407,0.9986872673034668,0.32262474298477173,0.3606870770454407,-0.5203103423118591,0.9994226694107056,0.3097931444644928,0.36430880427360535,-0.3665407598018646,0.9982487559318542,0.31732475757598877,0.4417639970779419,-0.46704116463661194,0.9972114562988281,0.31238222122192383,0.44885581731796265,-0.42119067907333374,0.9951083064079285,0.4783148765563965,0.38115471601486206,-0.48489290475845337,0.9998058080673218,0.349464476108551,0.4062632620334625,-0.24102237820625305,0.9996525049209595,0.5843292474746704,0.6236452460289001,-0.512067437171936,0.975354015827179,0.3563570976257324,0.6310990452766418,-0.1675654649734497,0.251249223947525,0.5683148503303528,0.8685463666915894,-0.5450765490531921,0.9834591150283813,0.3526768386363983,0.8401661515235901,-0.2580420672893524,0.7240771055221558,0.5556405782699585,0.8954899311065674,-0.6007311344146729,0.9790073037147522,0.32273340225219727,0.8527742028236389,-0.2883879840373993,0.7518250346183777,0.5356652140617371,0.8871299028396606,-0.6073137521743774,0.982620358467102,0.32689982652664185,0.8610173463821411,-0.32643723487854004,0.7748718857765198,0.5371717214584351,0.8824468851089478,-0.5490626096725464,0.9691142439842224,0.344876766204834,0.8619859218597412,-0.2775328457355499,0.7442889213562012,0.605707585811615,0.5754640102386475,-0.08860190212726593,0.9509503841400146,0.530096709728241,0.5776576995849609,0.08838759362697601,0.9490381479263306,0.7098856568336487,0.6549732685089111,0.18984273076057434,0.16817322373390198,0.6509755253791809,0.6457939743995667,0.32850730419158936,0.056784290820360184,0.7826207876205444,0.7106054425239563,0.4567258358001709,0.38945692777633667,0.75607830286026,0.7003099918365479,0.5993038415908813,0.11911591142416,0.8009390830993652,0.702150821685791,0.4767228066921234,0.4835168421268463,0.7732044458389282,0.692477822303772,0.6285719871520996,0.21714212000370026,0.7788118720054626,0.8069595098495483,0.34822946786880493,0.5721111297607422,0.7417810559272766,0.7814791202545166,0.5338305830955505,0.2597840130329132
0.3135598301887512,0.3777785003185272,-0.4752131402492523,0.9975742101669312,0.30805131793022156,0.3442317247390747,-0.4939422011375427,0.9982256889343262,0.3118157982826233,0.3372678756713867,-0.49424320459365845,0.9983668923377991,0.3156292140483856,0.33120399713516235,-0.4941064417362213,0.9985641837120056,0.30242255330085754,0.34764549136161804,-0.4635356068611145,0.9981711506843567,0.3015192747116089,0.343545138835907,-0.4641779959201813,0.9987160563468933,0.300534725189209,0.33910566568374634,-0.46459299325942993,0.9987925291061401,0.3380201458930969,0.28664541244506836,-0.5206582546234131,0.9994239807128906,0.3207910656929016,0.2964904010295868,-0.3690393567085266,0.9984017014503479,0.33548104763031006,0.3770275115966797,-0.4716823697090149,0.9974303841590881,0.3287866711616516,0.3837362825870514,-0.4338173270225525,0.9955610036849976,0.4852932095527649,0.32203367352485657,-0.490337073802948,0.9998085498809814,0.35367780923843384,0.3654082417488098,-0.2608056366443634,0.999681293964386,0.5687777400016785,0.6151009202003479,-0.5140588283538818,0.976442277431488,0.35800307989120483,0.6164121031761169,-0.22899088263511658,0.26854950189590454,0.5676805973052979,0.867582380771637,-0.5357962846755981,0.9828824400901794,0.3532234728336334,0.8376225829124451,-0.32195284962654114,0.742640495300293,0.5555039048194885,0.8948384523391724,-0.5912514925003052,0.977827250957489,0.32515013217926025,0.8538420796394348,-0.3554002642631531,0.7656323313713074,0.5354293584823608,0.8908699154853821,-0.6011501550674438,0.9816091060638428,0.3295767605304718,0.8604975938796997,-0.39205262064933777,0.7889274954795837,0.537041425704956,0.8857178688049316,-0.5416007041931152,0.9668348431587219,0.34707361459732056,0.8600031733512878,-0.34130051732063293,0.7584038972854614,0.6184104681015015,0.515878438949585,-0.08004219830036163,0.9558436274528503,0.5383780598640442,0.5264778733253479,0.07981709390878677,0.9541246891021729,0.7122713327407837,0.6312445998191833,0.1940215677022934,0.21770012378692627,0.6125011444091797,0.6379337906837463,0.3265947699546814,0.05695110186934471,0.7826220393180847,0.7080586552619934,0.4598355293273926,0.4278925359249115,0.567357063293457,0.6994751691818237,0.5973396301269531,0.1153261661529541,0.8022182583808899,0.7029052376747131,0.48064762353897095,0.49133625626564026,0.6494788527488708,0.6967306137084961,0.6262217164039612,0.2068530172109604,0.7776075601577759,0.8079871535301208,0.36608558893203735,0.5981195569038391,0.5954673886299133,0.787077784538269,0.5514612197875977,0.26752927899360657
0.32160061597824097,0.3465806245803833,-0.5121496319770813,0.9977772235870361,0.3166661858558655,0.3110046088695526,-0.5306034088134766,0.9983454346656799,0.3217870593070984,0.30353379249572754,-0.5309498906135559,0.9984623193740845,0.32689154148101807,0.2966350317001343,-0.5308087468147278,0.99864262342453,0.30903059244155884,0.31544673442840576,-0.5022381544113159,0.9983230233192444,0.30757278203964233,0.312491238117218,-0.5028594732284546,0.9988239407539368,0.3060416877269745,0.3095327913761139,-0.5032088756561279,0.9989010691642761,0.35103094577789307,0.25581687688827515,-0.5317662954330444,0.9994385838508606,0.3284721076488495,0.2675911784172058,-0.400898277759552,0.9985487461090088,0.3444419503211975,0.3474923074245453,-0.5012800693511963,0.9976531863212585,0.33587729930877686,0.3556789755821228,-0.4669153094291687,0.9959865808486938,0.48909464478492737,0.32205864787101746,-0.5157884359359741,0.9998083114624023,0.35549288988113403,0.3556426167488098,-0.2622070908546448,0.9997101426124573,0.548064649105072,0.613024115562439,-0.5262736678123474,0.9774271249771118,0.359052836894989,0.6113998293876648,-0.2113976776599884,0.28913405537605286,0.5671976208686829,0.8673884868621826,-0.5343598127365112,0.983489990234375,0.3540040850639343,0.8371848464012146,-0.3123280704021454,0.7656611800193787,0.5530146360397339,0.8971492052078247,-0.5950464010238647,0.9787895679473877,0.3244822025299072,0.8542357683181763,-0.34660786390304565,0.7864842414855957,0.5352007150650024,0.8911364078521729,-0.6057771444320679,0.9824749231338501,0.328624963760376,0.8621225953102112,-0.39250415563583374,0.8081600069999695,0.537520706653595,0.8849785923957825,-0.5404613018035889,0.9681423306465149,0.3473483920097351,0.8616678714752197,-0.335757315158844,0.7798269391059875,0.62392657995224,0.4915376901626587,-0.08245635777711868,0.9602184891700745,0.5445438623428345,0.5025572776794434,0.08224420249462128,0.9586889147758484,0.7102483510971069,0.6275402903556824,0.18448475003242493,0.21820302307605743,0.6573714017868042,0.6457857489585876,0.28941991925239563,0.0532282218337059,0.7831275463104248,0.7096264362335205,0.44077539443969727,0.4411539137363434,0.7512255311012268,0.6995226740837097,0.5487671494483948,0.10883484035730362,0.8020039796829224,0.7046725153923035,0.45951342582702637,0.4954153001308441,0.7737966179847717,0.6941028237342834,0.5748435258865356,0.19551792740821838,0.7719415426254272,0.8088916540145874,0.3375890851020813,0.613839328289032,0.7290663719177246,0.7873402237892151,0.48519355058670044,0.26465052366256714
0.3270854651927948,0.33444932103157043,-0.528765082359314,0.9979415535926819,0.32328394055366516,0.2924823462963104,-0.5463179349899292,0.9984185695648193,0.3288089334964752,0.2839664816856384,-0.5466965436935425,0.9985105395317078,0.3350270390510559,0.27528756856918335,-0.5465599894523621,0.9986752867698669,0.314388245344162,0.3019726574420929,-0.5215736627578735,0.9984437823295593,0.3123244345188141,0.30040600895881653,-0.5222023129463196,0.9989121556282043,0.3100200891494751,0.29865553975105286,-0.5225301384925842,0.9989930987358093,0.36069372296333313,0.23827461898326874,-0.5388379096984863,0.9994249939918518,0.32965999841690063,0.2606114447116852,-0.42951497435569763,0.9986739754676819,0.3485826551914215,0.33565646409988403,-0.5147132873535156,0.9978306293487549,0.34003692865371704,0.3466355800628662,-0.4853905737400055,0.996360719203949,0.4912089407444,0.3241853415966034,-0.5189586281776428,0.9997993111610413,0.35699623823165894,0.35755226016044617,-0.2633383870124817,0.9997354745864868,0.5405411124229431,0.6074972152709961,-0.5241698622703552,0.9775189757347107,0.3596576154232025,0.6134856939315796,-0.21551354229450226,0.30522605776786804,0.5669378042221069,0.8665515184402466,-0.5365009307861328,0.9837247133255005,0.35394200682640076,0.8394965529441833,-0.313546359539032,0.7870756387710571,0.5503960251808167,0.8972435593605042,-0.5990400314331055,0.9795092344284058,0.32293668389320374,0.8566592931747437,-0.3478943407535553,0.8061086535453796,0.5335084199905396,0.8906384706497192,-0.6083158254623413,0.9831441640853882,0.32741400599479675,0.8625864386558533,-0.39440757036209106,0.8260944485664368,0.5374153852462769,0.8838228583335876,-0.5424865484237671,0.969160258769989,0.34548866748809814,0.8620213866233826,-0.33707767724990845,0.7999777793884277,0.6292480230331421,0.4766126275062561,-0.0793217197060585,0.964149534702301,0.550603985786438,0.495357483625412,0.07908642292022705,0.9627929329872131,0.7120224237442017,0.6172664761543274,0.19159862399101257,0.21268406510353088,0.6709318161010742,0.6335390210151672,0.29226773977279663,0.04912344738841057,0.7824022769927979,0.7108135223388672,0.4501616358757019,0.44394826889038086,0.7590897679328918,0.7007150053977966,0.5565319657325745,0.10197393596172333,0.8018971681594849,0.7052079439163208,0.47164615988731384,0.4957791268825531,0.7800189256668091,0.6942506432533264,0.5833055973052979,0.183678537607193,0.7718557119369507,0.8092368245124817,0.3604525327682495,0.6207534074783325,0.7402392625808716,0.7900038957595825,0.49538102746009827,0.25708410143852234
0.3297238349914551,0.3351454734802246,-0.518613338470459,0.9980735182762146,0.3278457820415497,0.2913272976875305,-0.5365084409713745,0.9984625577926636,0.3336937427520752,0.2829664647579193,-0.5368943810462952,0.9985323548316956,0.34001392126083374,0.27467653155326843,-0.5367424488067627,0.9986810684204102,0.31749480962753296,0.30178290605545044,-0.5121321082115173,0.9985387921333313,0.3148818612098694,0.30168721079826355,-0.5127758979797363,0.9989837408065796,0.31212249398231506,0.30156710743904114,-0.5131112337112427,0.99906986951828,0.36668017506599426,0.2379119098186493,-0.5297262668609619,0.999396800994873,0.32912564277648926,0.2673807442188263,-0.4242461621761322,0.9987793564796448,0.35038289427757263,0.3384856581687927,-0.5043462514877319,0.9979701042175293,0.3416565954685211,0.3485998809337616,-0.47597843408584595,0.996688187122345,0.49029311537742615,0.32202693819999695,-0.505426287651062,0.9997881054878235,0.3587130904197693,0.3608911335468292,-0.26750731468200684,0.9997574090957642,0.5363100171089172,0.6005999445915222,-0.5116103887557983,0.9780927300453186,0.36014264822006226,0.6123903393745422,-0.21230725944042206,0.31901630759239197,0.5666839480400085,0.8661684393882751,-0.5313597917556763,0.9843484163284302,0.35493820905685425,0.8394633531570435,-0.3136785328388214,0.8062734007835388,0.5497429370880127,0.8963378071784973,-0.595137894153595,0.980597734451294,0.32389357686042786,0.8572632670402527,-0.34894195199012756,0.8237733244895935,0.5332146883010864,0.8897532820701599,-0.6040514707565308,0.9840871691703796,0.3291718065738678,0.8622367978096008,-0.39399999380111694,0.842226505279541,0.5372452139854431,0.8829217553138733,-0.5374785661697388,0.9707093834877014,0.3465598225593567,0.8614487648010254,-0.3367772102355957,0.8181267380714417,0.6300615072250366,0.47241103649139404,-0.07719786465167999,0.9676968455314636,0.5550382137298584,0.4948838949203491,0.07695362716913223,0.9664897918701172,0.7112184762954712,0.615682065486908,0.19175943732261658,0.20822608470916748,0.6676918268203735,0.6247643828392029,0.2853509783744812,0.04556688666343689,0.7842196226119995,0.7112292051315308,0.44956278800964355,0.44492700695991516,0.7613005638122559,0.6964603066444397,0.5376547574996948,0.09557480365037918,0.8031309843063354,0.705055296421051,0.4695335328578949,0.4947371184825897,0.780396580696106,0.6875024437904358,0.5628752112388611,0.1728491336107254,0.7753086090087891,0.8097299933433533,0.35746610164642334,0.6237632036209106,0.7512011528015137,0.7888516187667847,0.47426438331604004,0.2479657232761383
0.3270775377750397,0.3373755216598511,-0.5140100121498108,0.9981626272201538,0.3252905011177063,0.2965826392173767,-0.5321968793869019,0.9984472990036011,0.33117347955703735,0.2877901792526245,-0.5325900912284851,0.9985024929046631,0.33734503388404846,0.27964553236961365,-0.5324353575706482,0.9986332654953003,0.31504112482070923,0.30641627311706543,-0.5078864097595215,0.9985936284065247,0.31277206540107727,0.3055017590522766,-0.5085378885269165,0.9990323185920715,0.31035903096199036,0.3045172691345215,-0.5088723301887512,0.9991275072097778,0.3636523187160492,0.24114608764648438,-0.5276070237159729,0.9993394017219543,0.32775384187698364,0.26779302954673767,-0.4227299094200134,0.9988623857498169,0.34773096442222595,0.34012570977211,-0.5004564523696899,0.9980728030204773,0.33943209052085876,0.3491779863834381,-0.4723244607448578,0.9969713687896729,0.48930853605270386,0.3229743242263794,-0.5054240226745605,0.9997771382331848,0.35730478167533875,0.3664240837097168,-0.26956868171691895,0.9997768402099609,0.5389600396156311,0.5979751944541931,-0.5130606889724731,0.9788965582847595,0.36050528287887573,0.6114125847816467,-0.21007923781871796,0.33094021677970886,0.5664418935775757,0.8656555414199829,-0.5363308191299438,0.9851588606834412,0.3549078702926636,0.8389261960983276,-0.3111484944820404,0.8239105939865112,0.5496941208839417,0.896705687046051,-0.6016698479652405,0.9818412065505981,0.32239261269569397,0.8565053343772888,-0.3465558886528015,0.84000164270401,0.5331618785858154,0.8891425132751465,-0.6100206971168518,0.9851455092430115,0.3293459415435791,0.8616335391998291,-0.3916194438934326,0.8569889068603516,0.5368057489395142,0.8827999830245972,-0.5423199534416199,0.9725035429000854,0.34724342823028564,0.8607693314552307,-0.3342852294445038,0.8348038196563721,0.6287940144538879,0.47046661376953125,-0.07625861465930939,0.9708819389343262,0.5533066987991333,0.4938867390155792,0.07601316273212433,0.9698113203048706,0.7107396721839905,0.6190661191940308,0.19227279722690582,0.20172332227230072,0.666214108467102,0.6193802952766418,0.28460124135017395,0.042171746492385864,0.7838904857635498,0.710989236831665,0.44964510202407837,0.44463884830474854,0.7575449347496033,0.6923108696937561,0.5338442325592041,0.08978668600320816,0.8047855496406555,0.7054248452186584,0.4690086245536804,0.4935745894908905,0.7792154550552368,0.6888182163238525,0.5587331056594849,0.16318044066429138,0.7774294018745422,0.8096342086791992,0.3567635715007782,0.6256202459335327,0.7514150142669678,0.789800763130188,0.4699106216430664,0.2398650348186493
0.3239259421825409,0.3520762622356415,-0.5145370960235596,0.9980541467666626,0.322086900472641,0.31492164731025696,-0.5326393842697144,0.9981197714805603,0.3275216221809387,0.3070407509803772,-0.5330406427383423,0.9981618523597717,0.33339476585388184,0.29866817593574524,-0.5328946113586426,0.9982694983482361,0.31297796964645386,0.32197338342666626,-0.5088975429534912,0.9984694123268127,0.31109869480133057,0.31994467973709106,-0.5095657110214233,0.9989799857139587,0.3089810013771057,0.31794875860214233,-0.509909987449646,0.9991165995597839,0.359580397605896,0.2572125494480133,-0.5279312133789062,0.9990985989570618,0.32603687047958374,0.281628280878067,-0.4268537163734436,0.9988765716552734,0.3444367051124573,0.3548849821090698,-0.5014109015464783,0.9980341792106628,0.3366394639015198,0.36330291628837585,-0.47389063239097595,0.9971624612808228,0.4891805648803711,0.3266286551952362,-0.5036167502403259,0.9997494220733643,0.35634076595306396,0.3792773485183716,-0.26992133259773254,0.9997925758361816,0.5475890636444092,0.6020046472549438,-0.5064283013343811,0.9792378544807434,0.36116424202919006,0.612368643283844,-0.21122276782989502,0.32897722721099854,0.5663250684738159,0.8667279481887817,-0.533229649066925,0.9857087731361389,0.35340479016304016,0.8387904763221741,-0.3120328485965729,0.839381754398346,0.5497279763221741,0.8998919129371643,-0.5974034667015076,0.9828169345855713,0.32022830843925476,0.8560442328453064,-0.34712398052215576,0.8543758988380432,0.532835841178894,0.8888996839523315,-0.6053138971328735,0.9859791398048401,0.3271316885948181,0.8612114787101746,-0.3900988698005676,0.8700721859931946,0.5352526903152466,0.8822007775306702,-0.5389775633811951,0.9738510251045227,0.34553658962249756,0.8602812886238098,-0.3341354727745056,0.8494967818260193,0.6305004954338074,0.47875967621803284,-0.07564817368984222,0.9737482070922852,0.5557039976119995,0.5018170475959778,0.07540114223957062,0.9728002548217773,0.7108615040779114,0.622724175453186,0.190092533826828,0.19584158062934875,0.6624680757522583,0.6177947521209717,0.2868041396141052,0.038985706865787506,0.7853483557701111,0.7110946774482727,0.44987621903419495,0.44540607929229736,0.7563211917877197,0.6919718980789185,0.5356541872024536,0.0846174955368042,0.8087040781974792,0.7062165141105652,0.46941566467285156,0.49203386902809143,0.7782432436943054,0.6882461309432983,0.5607118010520935,0.15456244349479675,0.7812796831130981,0.8102065324783325,0.359174907207489,0.6262648105621338,0.7484098672866821,0.7906262874603271,0.47536665201187134,0.23213337361812592
0.32045403122901917,0.37032169103622437,-0.5118184685707092,0.9975261092185974,0.31790396571159363,0.3300588130950928,-0.5213669538497925,0.9970512986183167,0.3232147693634033,0.32176509499549866,-0.5217826962471008,0.9970762133598328,0.32885003089904785,0.31345295906066895,-0.5216630697250366,0.9971247911453247,0.3090968430042267,0.33765092492103577,-0.502074658870697,0.9979587197303772,0.30744343996047974,0.33576029539108276,-0.5027801394462585,0.9987276792526245,0.3056472837924957,0.3340147137641907,-0.5031218528747559,0.9989685416221619,0.3544379472732544,0.27870556712150574,-0.5090603232383728,0.9984195232391357,0.32516351342201233,0.30402836203575134,-0.42023521661758423,0.9987580180168152,0.34146782755851746,0.37478506565093994,-0.4929179549217224,0.9977152943611145,0.33531472086906433,0.38352033495903015,-0.4729982912540436,0.9972078800201416,0.48566269874572754,0.34187042713165283,-0.4849330484867096,0.9997000098228455,0.3557641804218292,0.38700729608535767,-0.26465141773223877,0.9998049139976501,0.5669516921043396,0.6033862829208374,-0.49359288811683655,0.9788790345191956,0.3613445460796356,0.6127880215644836,-0.2047148495912552,0.3221122920513153,0.5660630464553833,0.866439163684845,-0.5108860731124878,0.98583984375,0.35310399532318115,0.838501513004303,-0.2991693317890167,0.8538615703582764,0.5497251749038696,0.8995361328125,-0.5712782144546509,0.9834702014923096,0.3210863471031189,0.8556734919548035,-0.33402296900749207,0.8678427934646606,0.5318237543106079,0.8887417316436768,-0.5799780488014221,0.9865494966506958,0.32834282517433167,0.8611537218093872,-0.3747362494468689,0.8822249174118042,0.533889889717102,0.882084310054779,-0.5165241956710815,0.9747275710105896,0.3463324308395386,0.8596621751785278,-0.32023105025291443,0.8632702827453613,0.6296849846839905,0.4916531443595886,-0.07557856291532516,0.9763370156288147,0.5561623573303223,0.5159670114517212,0.07532554864883423,0.975498378276825,0.7104150652885437,0.6276037693023682,0.19176806509494781,0.19134123623371124,0.6579551100730896,0.6233637928962708,0.2884019613265991,0.036337800323963165,0.78457111120224,0.7112292051315308,0.4554242491722107,0.4503721296787262,0.7557291388511658,0.6943122148513794,0.5358450412750244,0.08186978846788406,0.8072349429130554,0.7062922716140747,0.47514447569847107,0.49292585253715515,0.7760115265846252,0.6905036568641663,0.5606722235679626,0.14900648593902588,0.7824235558509827,0.809160590171814,0.3661719262599945,0.6300100088119507,0.7530356049537659,0.7912483215332031,0.4753999710083008,0.22935603559017181
0.31326472759246826,0.37604060769081116,-0.4731721878051758,0.9964218139648438,0.3139069378376007,0.34018734097480774,-0.48980847001075745,0.9953204989433289,0.31864842772483826,0.3306733965873718,-0.49019065499305725,0.9953129887580872,0.32346075773239136,0.32031601667404175,-0.4900396764278412,0.9953527450561523,0.3050750494003296,0.35004422068595886,-0.4673871397972107,0.9970109462738037,0.3031454086303711,0.34843909740448,-0.4680936932563782,0.9982197284698486,0.3009609580039978,0.34611332416534424,-0.4684472680091858,0.9986651539802551,0.34676414728164673,0.28017657995224,-0.49267372488975525,0.9974169135093689,0.31654852628707886,0.31408172845840454,-0.3931380808353424,0.9984872341156006,0.335549533367157,0.37635040283203125,-0.4611378312110901,0.997130274772644,0.32745492458343506,0.38523241877555847,-0.435859739780426,0.9970722794532776,0.47861629724502563,0.35124385356903076,-0.46052584052085876,0.9996505379676819,0.34767961502075195,0.39617738127708435,-0.24704845249652863,0.9998146295547485,0.580206036567688,0.6049942970275879,-0.45829087495803833,0.9775628447532654,0.36148470640182495,0.6134289503097534,-0.17968055605888367,0.30605417490005493,0.5659509897232056,0.866426408290863,-0.48212671279907227,0.9849494695663452,0.3535573482513428,0.8383166193962097,-0.2917864918708801,0.865332305431366,0.5512322187423706,0.899957001209259,-0.5376496911048889,0.9830757975578308,0.3224394917488098,0.8554025292396545,-0.3252693712711334,0.878808319568634,0.5319334268569946,0.8885562419891357,-0.5470119118690491,0.986274778842926,0.3291611969470978,0.8609955906867981,-0.36706990003585815,0.8922266960144043,0.5338983535766602,0.8819118738174438,-0.4872572422027588,0.9738472104072571,0.3468734622001648,0.8590814471244812,-0.31276407837867737,0.8742623925209045,0.6246484518051147,0.5069016218185425,-0.07516664266586304,0.9786654710769653,0.5518445372581482,0.5224024653434753,0.07491534948348999,0.9779260754585266,0.71058589220047,0.631503164768219,0.19229188561439514,0.18633395433425903,0.6568675637245178,0.626613974571228,0.28867363929748535,0.033840280026197433,0.7840741872787476,0.7110864520072937,0.45626193284988403,0.4519174098968506,0.7543824911117554,0.6952784657478333,0.5376415252685547,0.07783342897891998,0.8071996569633484,0.7064759731292725,0.4763375222682953,0.48684653639793396,0.7763195633888245,0.687029242515564,0.5632867813110352,0.14179769158363342,0.7845377326011658,0.8094062209129333,0.36779314279556274,0.6303179860115051,0.7519514560699463,0.7918678522109985,0.4856905937194824,0.2233598232269287
0.2894214987754822,0.4767840504646301,-0.43843841552734375,0.9957492351531982,0.28692153096199036,0.4416428804397583,-0.4575806260108948,0.9943415522575378,0.2910001277923584,0.43427038192749023,-0.4579349160194397,0.9943206906318665,0.29557982087135315,0.42655178904533386,-0.457754522562027,0.9944328665733337,0.2802146077156067,0.4455086290836334,-0.4319208562374115,0.996382474899292,0.2792496979236603,0.44179919362068176,-0.4326241612434387,0.9978542923927307,0.27808982133865356,0.438252717256546,-0.4329546093940735,0.9984505772590637,0.32355502247810364,0.38416731357574463,-0.4666038453578949,0.9968235492706299,0.29941514134407043,0.4005243480205536,-0.3529500961303711,0.9982540607452393,0.311545729637146,0.47861248254776,-0.4292420446872711,0.9967970848083496,0.3056827783584595,0.48330986499786377,-0.39904648065567017,0.9969801306724548,0.46566614508628845,0.3968953788280487,-0.42611950635910034,0.9996233582496643,0.3423389494419098,0.4362296760082245,-0.21209654211997986,0.9998225569725037,0.5873428583145142,0.6083060503005981,-0.4165565073490143,0.976883590221405,0.3594011068344116,0.6319065690040588,-0.13236287236213684,0.2878749370574951,0.5672049522399902,0.865222692489624,-0.4414275288581848,0.984146237373352,0.3510373830795288,0.8408321738243103,-0.23867523670196533,0.8742768168449402,0.553709864616394,0.8992895483970642,-0.49198001623153687,0.9825685024261475,0.31975704431533813,0.8560638427734375,-0.27192223072052,0.8876180052757263,0.5329321622848511,0.8883576393127441,-0.5026744604110718,0.9858806729316711,0.32498523592948914,0.8611174821853638,-0.3068872094154358,0.9003149271011353,0.5356127619743347,0.881721556186676,-0.44626936316490173,0.972678005695343,0.3440404534339905,0.8591258525848389,-0.2576620280742645,0.8827517032623291,0.623436689376831,0.5260280966758728,-0.07544770836830139,0.9807644486427307,0.5512923002243042,0.55446857213974,0.07521208375692368,0.9801123738288879,0.7104467749595642,0.6419550776481628,0.19296708703041077,0.18097485601902008,0.6569784879684448,0.6460751891136169,0.28420430421829224,0.031584300100803375,0.783724844455719,0.7112089395523071,0.4568060040473938,0.4500559866428375,0.7582882642745972,0.7043325901031494,0.5238118767738342,0.07438257336616516,0.8071154356002808,0.7066457271575928,0.47679200768470764,0.47761988639831543,0.777448296546936,0.6917917728424072,0.5484645962715149,0.13522060215473175,0.7857584357261658,0.8096243739128113,0.3715460002422333,0.6285002827644348,0.7550404667854309,0.7932931780815125,0.47970861196517944,0.21945802867412567
0.27827247977256775,0.5643287301063538,-0.42911309003829956,0.9946974515914917,0.2741541862487793,0.528992235660553,-0.44783997535705566,0.9934090971946716,0.2790035307407379,0.5214364528656006,-0.44819846749305725,0.9933267831802368,0.2842704951763153,0.5137708783149719,-0.44803690910339355,0.9937699437141418,0.26553672552108765,0.5325382947921753,-0.4206567704677582,0.9954450130462646,0.26408910751342773,0.5291070938110352,-0.4213380217552185,0.9971091747283936,0.2626187205314636,0.5257437229156494,-0.42163151502609253,0.9980006814002991,0.3132379651069641,0.4697965979576111,-0.4538590908050537,0.996319055557251,0.2834092974662781,0.48985719680786133,-0.33291304111480713,0.9975287318229675,0.30169230699539185,0.5634280443191528,-0.41878995299339294,0.996431291103363,0.2949281334877014,0.5662550330162048,-0.3866226077079773,0.9966471195220947,0.45518070459365845,0.47513437271118164,-0.4123367667198181,0.9996201992034912,0.3381395936012268,0.49361422657966614,-0.18305839598178864,0.999818742275238,0.5882357358932495,0.6107937693595886,-0.401481568813324,0.9778952598571777,0.3555132746696472,0.6549554467201233,-0.05367973446846008,0.266849547624588,0.569667398929596,0.8637900352478027,-0.4380837380886078,0.9843803644180298,0.3495022654533386,0.8441330194473267,-0.1087108701467514,0.8741950988769531,0.5542735457420349,0.8970175981521606,-0.4879034459590912,0.9824759364128113,0.31828126311302185,0.856964111328125,-0.13425174355506897,0.8882096409797668,0.5342139005661011,0.8881566524505615,-0.49882036447525024,0.9857643842697144,0.32337626814842224,0.8623167872428894,-0.17327181994915009,0.9015439748764038,0.5382418036460876,0.8813474774360657,-0.44275158643722534,0.9720137119293213,0.34160172939300537,0.8602387309074402,-0.12833604216575623,0.8815931677818298,0.6220282912254333,0.5912473797798157,-0.08172343671321869,0.9826532006263733,0.5492922067642212,0.6190100312232971,0.08155374228954315,0.9820693731307983,0.7102546095848083,0.6728079319000244,0.1976613700389862,0.17988842725753784,0.6544575691223145,0.6854994893074036,0.2986381947994232,0.029554324224591255,0.7834190130233765,0.714579701423645,0.47743281722068787,0.4478452503681183,0.7510164380073547,0.7094298601150513,0.5570722222328186,0.07005418837070465,0.8064973950386047,0.7067705988883972,0.49903959035873413,0.4646531939506531,0.7732957601547241,0.6919499039649963,0.5837566256523132,0.12794804573059082,0.7889395952224731,0.8152316808700562,0.40344470739364624,0.6212958693504333,0.7475672960281372,0.8010643720626831,0.5307521820068359,0.21186013519763947
0.2646125853061676,0.638909637928009,-0.44402188062667847,0.9945968389511108,0.2595253586769104,0.599193274974823,-0.46252959966659546,0.9933692812919617,0.26528850197792053,0.5910608172416687,-0.46288782358169556,0.9932515025138855,0.2713070511817932,0.5827330946922302,-0.4627171456813812,0.9937960505485535,0.24827173352241516,0.6047751307487488,-0.4350349009037018,0.9953043460845947,0.24606211483478546,0.6029118299484253,-0.43569833040237427,0.9969543814659119,0.24392953515052795,0.6011888384819031,-0.43597954511642456,0.9979141354560852,0.30003175139427185,0.5390916466712952,-0.4632999002933502,0.996236264705658,0.2687937617301941,0.5598346590995789,-0.3384261131286621,0.9972597360610962,0.2915911078453064,0.6387391090393066,-0.4323464035987854,0.9963362216949463,0.28110647201538086,0.6448796987533569,-0.399553507566452,0.9965535998344421,0.43683648109436035,0.5332137942314148,-0.41238999366760254,0.9996199011802673,0.3336621820926666,0.5372717976570129,-0.18229427933692932,0.9998182654380798,0.5861828327178955,0.615665078163147,-0.39864784479141235,0.9783372282981873,0.3561391532421112,0.6607118248939514,-0.044683780521154404,0.2449503391981125,0.5694581270217896,0.8640216588973999,-0.43548864126205444,0.9834490418434143,0.3488946557044983,0.8444570899009705,-0.09211203455924988,0.8740347027778625,0.5539618730545044,0.8969025611877441,-0.48352083563804626,0.9810774326324463,0.31555071473121643,0.8576235175132751,-0.11689925193786621,0.8894564509391785,0.5346139669418335,0.8880187273025513,-0.49399012327194214,0.9845520853996277,0.3198060393333435,0.8628131151199341,-0.15514376759529114,0.9030479788780212,0.5387148857116699,0.8811273574829102,-0.43960142135620117,0.9692989587783813,0.33788660168647766,0.8611767292022705,-0.11127302795648575,0.8814373016357422,0.6187198758125305,0.6373301148414612,-0.08600790053606033,0.9843496084213257,0.5479440093040466,0.6555524468421936,0.0858362466096878,0.9838292598724365,0.7098124623298645,0.6963474154472351,0.19860509037971497,0.173972487449646,0.6571339964866638,0.7085052132606506,0.31625670194625854,0.027244288474321365,0.782751202583313,0.7167986631393433,0.4868010878562927,0.4325798749923706,0.7461827993392944,0.7143749594688416,0.5810820460319519,0.06514166295528412,0.8053159713745117,0.706626296043396,0.5094316005706787,0.4437548816204071,0.7684444189071655,0.6936498284339905,0.6083689332008362,0.11992309242486954,0.7885629534721375,0.8148980736732483,0.4279271066188812,0.6008683443069458,0.7423967123031616,0.8000236749649048,0.5672677159309387,0.20043058693408966
0.25335055589675903,0.7178230881690979,-0.45513659715652466,0.9943889379501343,0.2505726218223572,0.674780011177063,-0.4726777672767639,0.9932476878166199,0.25665998458862305,0.6674192547798157,-0.4730088710784912,0.9930427670478821,0.2639545202255249,0.6593398451805115,-0.4728315472602844,0.9937784671783447,0.23993930220603943,0.6775760650634766,-0.43896833062171936,0.995076596736908,0.23732736706733704,0.6739146113395691,-0.439580500125885,0.9966901540756226,0.23437552154064178,0.6703698635101318,-0.4397081732749939,0.9977864623069763,0.2951631247997284,0.6148218512535095,-0.4649638533592224,0.9960822463035583,0.2576958239078522,0.6298346519470215,-0.35135477781295776,0.9968265295028687,0.28103792667388916,0.7156135439872742,-0.4400128424167633,0.9961331486701965,0.26855748891830444,0.7263489365577698,-0.4020370841026306,0.9962778091430664,0.42846760153770447,0.5818716287612915,-0.421832412481308,0.9996219277381897,0.32204940915107727,0.583425760269165,-0.1949557662010193,0.999813973903656,0.5882349610328674,0.6179895401000977,-0.3896595239639282,0.9788804054260254,0.36024925112724304,0.6636027693748474,-0.02156972326338291,0.22284981608390808,0.5694001913070679,0.863929808139801,-0.40321412682533264,0.9807661771774292,0.3482111692428589,0.8438308835029602,-0.021749891340732574,0.8588142395019531,0.5538734793663025,0.8968007564544678,-0.44531774520874023,0.976386547088623,0.31638821959495544,0.8575084209442139,-0.040183909237384796,0.8777022957801819,0.5344685912132263,0.8875582218170166,-0.45490217208862305,0.9804272055625916,0.32107311487197876,0.8626811504364014,-0.07752979546785355,0.8929742574691772,0.5386239290237427,0.8799692988395691,-0.4059896469116211,0.9613394737243652,0.33880048990249634,0.8604000806808472,-0.03918583691120148,0.866489589214325,0.6131750345230103,0.6729552149772644,-0.08974312990903854,0.9858773946762085,0.5424181222915649,0.6882721781730652,0.08957933634519577,0.9854089021682739,0.7094399929046631,0.7144843339920044,0.198695570230484,0.16603520512580872,0.6560375094413757,0.7183583378791809,0.339261919260025,0.024855967611074448,0.7820631265640259,0.7167392373085022,0.4934059679508209,0.41100209951400757,0.744192361831665,0.7148810625076294,0.6200523972511292,0.0598294623196125,0.803188145160675,0.7053289413452148,0.5174707770347595,0.41875630617141724,0.7598041296005249,0.6938103437423706,0.6497898697853088,0.11117643862962723,0.7877810597419739,0.8150118589401245,0.44178295135498047,0.5728986263275146,0.7396842241287231,0.8011940121650696,0.6181589961051941,0.18668584525585175
0.2500773072242737,0.8016119003295898,-0.48663240671157837,0.9942371249198914,0.24541619420051575,0.7711649537086487,-0.5045605301856995,0.9932390451431274,0.2509424090385437,0.7649381756782532,-0.5049046277999878,0.9929471015930176,0.2576170861721039,0.7569451332092285,-0.504734992980957,0.9938808083534241,0.23525714874267578,0.7740112543106079,-0.472027063369751,0.9948852062225342,0.23263072967529297,0.7706462144851685,-0.47264528274536133,0.9963995814323425,0.22957758605480194,0.7671282291412354,-0.472841739654541,0.9976397156715393,0.2912367284297943,0.7064257264137268,-0.4919838309288025,0.9960156083106995,0.25180307030677795,0.7175655961036682,-0.3548227846622467,0.9962121844291687,0.2744947373867035,0.8024489283561707,-0.46900659799575806,0.9958259463310242,0.2656961977481842,0.8105230331420898,-0.42998677492141724,0.9957422614097595,0.41266798973083496,0.6484028100967407,-0.42770496010780334,0.9996199607849121,0.3078283369541168,0.6474415063858032,-0.2054402083158493,0.9997802972793579,0.5841099619865417,0.6179641485214233,-0.38505151867866516,0.9797520041465759,0.37221845984458923,0.670692503452301,-0.02021120674908161,0.20191624760627747,0.5692819356918335,0.8638942241668701,-0.39050954580307007,0.9738916158676147,0.34922677278518677,0.8402677774429321,0.012879343703389168,0.7904520034790039,0.554364800453186,0.8974698185920715,-0.42993682622909546,0.9649146795272827,0.3177832067012787,0.8567783832550049,-0.0012234265450388193,0.8120825290679932,0.5350564122200012,0.8874849677085876,-0.4399746060371399,0.9701686501502991,0.32134392857551575,0.8622803688049316,-0.03694625198841095,0.8284693956375122,0.5385205745697021,0.8799178004264832,-0.3932246267795563,0.9441184997558594,0.33943405747413635,0.859161913394928,-0.0031676229555159807,0.800214409828186,0.6056994199752808,0.7233019471168518,-0.0912659764289856,0.9872532486915588,0.5347647070884705,0.7298287153244019,0.09110900014638901,0.9868193864822388,0.7078624367713928,0.7348353862762451,0.19384168088436127,0.1613546460866928,0.66009920835495,0.732474684715271,0.3362945318222046,0.022695500403642654,0.7809908390045166,0.7187469601631165,0.4886552393436432,0.393385112285614,0.7427698373794556,0.7183293104171753,0.6201356649398804,0.0549737885594368,0.8015214800834656,0.7042392492294312,0.5125020742416382,0.4006682336330414,0.7592262029647827,0.6951866745948792,0.6501547694206238,0.10353207588195801,0.7872127890586853,0.8170902729034424,0.4370802044868469,0.5471057295799255,0.7388800382614136,0.8030425906181335,0.6201184988021851,0.1732420027256012
0.24689428508281708,0.8335739970207214,-0.5095745325088501,0.9942858219146729,0.24296195805072784,0.8039193153381348,-0.5312284827232361,0.99339359998703,0.24830353260040283,0.7987539768218994,-0.5315827131271362,0.9930301308631897,0.25439393520355225,0.7927948832511902,-0.5313474535942078,0.9941109418869019,0.23310773074626923,0.8063576817512512,-0.5003816485404968,0.9948373436927795,0.23080575466156006,0.8030774593353271,-0.5009855628013611,0.996239185333252,0.2281494438648224,0.7996969223022461,-0.5012067556381226,0.9975491762161255,0.28662869334220886,0.7497945427894592,-0.5248857736587524,0.9960711002349854,0.2455092966556549,0.7601169347763062,-0.38726097345352173,0.9957194328308105,0.27176767587661743,0.8350416421890259,-0.4923279285430908,0.9956409335136414,0.2623518705368042,0.8408735394477844,-0.45557689666748047,0.9952854514122009,0.40150588750839233,0.6815911531448364,-0.4338265359401703,0.9996309280395508,0.2967865467071533,0.6750352382659912,-0.22769054770469666,0.9997111558914185,0.5689559578895569,0.6172431707382202,-0.36819085478782654,0.9804915189743042,0.374737024307251,0.6603636145591736,-0.0464438796043396,0.18261927366256714,0.5692211985588074,0.8617379069328308,-0.3384891450405121,0.9633179306983948,0.3493725061416626,0.8276453614234924,0.009442601352930069,0.7129380106925964,0.5554012060165405,0.8972929120063782,-0.37025243043899536,0.9476262927055359,0.3237108588218689,0.8405107259750366,0.0003047747304663062,0.7333585619926453,0.537201464176178,0.8860260844230652,-0.38288336992263794,0.9545975923538208,0.32457858324050903,0.8500105738639832,-0.03408123180270195,0.7484550476074219,0.53969407081604,0.8776931762695312,-0.34068983793258667,0.921966016292572,0.3398074507713318,0.8477870225906372,-0.005564158316701651,0.7228301167488098,0.5996257066726685,0.739387571811676,-0.08975332230329514,0.9884968400001526,0.5281201601028442,0.7338983416557312,0.08958130329847336,0.9880746006965637,0.707744836807251,0.7473223209381104,0.19393153488636017,0.15695495903491974,0.6586614847183228,0.7348474860191345,0.332961767911911,0.020763764157891273,0.7815829515457153,0.7210327386856079,0.48584479093551636,0.3821965456008911,0.741425633430481,0.718593180179596,0.6162599921226501,0.05119878426194191,0.802453339099884,0.7023899555206299,0.5094618797302246,0.3910980820655823,0.7577175498008728,0.6941016912460327,0.6468337774276733,0.09762168675661087,0.7851394414901733,0.8175843954086304,0.43317127227783203,0.5268548727035522,0.7381224036216736,0.8019188046455383,0.6173140406608582,0.161708801984787
0.2505044937133789,0.8696852922439575,-0.5031354427337646,0.9937019348144531,0.24855199456214905,0.8389294147491455,-0.5281519293785095,0.9927868247032166,0.2537687420845032,0.8320720195770264,-0.5284979939460754,0.9922149181365967,0.25923603773117065,0.8249458074569702,-0.5282264947891235,0.9937608242034912,0.23764126002788544,0.8428785800933838,-0.4978252947330475,0.9940475225448608,0.23447299003601074,0.838832437992096,-0.49845385551452637,0.9954530000686646,0.2308061569929123,0.8349004983901978,-0.49870386719703674,0.997050404548645,0.28442493081092834,0.7769597172737122,-0.5305367708206177,0.9956907033920288,0.24482998251914978,0.7963096499443054,-0.3944407105445862,0.9942963123321533,0.2727202773094177,0.8577649593353271,-0.4875892102718353,0.9948301911354065,0.2621384859085083,0.8659924268722534,-0.4517741799354553,0.9939073920249939,0.40199536085128784,0.695476770401001,-0.4353875517845154,0.9996357560157776,0.281168133020401,0.6896235346794128,-0.24067457020282745,0.999628484249115,0.558063805103302,0.6121935248374939,-0.3513208031654358,0.9807950258255005,0.3739599585533142,0.6261125802993774,-0.06416311860084534,0.16491295397281647,0.5684777498245239,0.8607514500617981,-0.30096474289894104,0.9466090798377991,0.3645474314689636,0.8071778416633606,-0.013183118775486946,0.6419687867164612,0.556377112865448,0.8972543478012085,-0.32971322536468506,0.9239450097084045,0.3542461097240448,0.8196929693222046,-0.022882817313075066,0.6606577038764954,0.5375047922134399,0.8855024576187134,-0.3425751030445099,0.9333541393280029,0.35128888487815857,0.8299316167831421,-0.0546874925494194,0.674331784248352,0.539618194103241,0.8759826421737671,-0.3024677634239197,0.8952045440673828,0.35950520634651184,0.8289303183555603,-0.02712208405137062,0.6513035297393799,0.5977581739425659,0.7459443211555481,-0.08953111618757248,0.9896140098571777,0.5215479135513306,0.7265175580978394,0.08934798836708069,0.9892036318778992,0.7046937942504883,0.7525535821914673,0.194259911775589,0.15139473974704742,0.6577135920524597,0.734991192817688,0.3278414011001587,0.019014997407794,0.7813717126846313,0.7244248986244202,0.48502689599990845,0.37063416838645935,0.7406772971153259,0.7188547849655151,0.604927659034729,0.04796808958053589,0.8026809692382812,0.7020788192749023,0.5082985758781433,0.3836941123008728,0.7572633624076843,0.6936566829681396,0.6348074674606323,0.09265939891338348,0.7827064990997314,0.8192427158355713,0.428657203912735,0.5041798949241638,0.7366154789924622,0.8018834590911865,0.6006067395210266,0.15047913789749146
0.24852028489112854,0.8796101808547974,-0.4976784288883209,0.9935678243637085,0.2468547523021698,0.8484904170036316,-0.5212408304214478,0.9927899837493896,0.2518050968647003,0.8396508097648621,-0.5215953588485718,0.9921544194221497,0.25699448585510254,0.8304072618484497,-0.5213404297828674,0.9938473701477051,0.23670533299446106,0.8561680912971497,-0.49159249663352966,0.9939179420471191,0.23375126719474792,0.8527389764785767,-0.49223431944847107,0.9952743053436279,0.23030178248882294,0.8491003513336182,-0.4925007224082947,0.9969154000282288,0.2830682396888733,0.7831850051879883,-0.5264657735824585,0.9957212209701538,0.2439209222793579,0.8067764043807983,-0.39191222190856934,0.9937915802001953,0.26880550384521484,0.8698707818984985,-0.48307663202285767,0.9946425557136536,0.2584814727306366,0.8823320269584656,-0.44875797629356384,0.9934605956077576,0.40470176935195923,0.7011737823486328,-0.4346427321434021,0.9996421337127686,0.27990230917930603,0.7035114765167236,-0.2426803559064865,0.9995871186256409,0.5527538061141968,0.6098124980926514,-0.33705058693885803,0.982073187828064,0.37343543767929077,0.6187793016433716,-0.07113112509250641,0.14924918115139008,0.5674101710319519,0.8612255454063416,-0.275411993265152,0.9404204487800598,0.36769577860832214,0.8012533187866211,-0.02258978970348835,0.5781432390213013,0.5564643144607544,0.8985345363616943,-0.3038593530654907,0.9139074683189392,0.3649427890777588,0.8176882266998291,-0.03373231738805771,0.5952817797660828,0.5373872518539429,0.8860011696815491,-0.31622183322906494,0.9246206879615784,0.3632288873195648,0.830291748046875,-0.06436923891305923,0.6076775193214417,0.5385254621505737,0.8759609460830688,-0.27665019035339355,0.8834072947502136,0.37248021364212036,0.826816737651825,-0.03622160106897354,0.5870050191879272,0.5971532464027405,0.7480245232582092,-0.08750415593385696,0.9906347990036011,0.5223246812820435,0.7330992221832275,0.08728696405887604,0.9902488589286804,0.7008660435676575,0.7532269954681396,0.19468869268894196,0.16339866816997528,0.657612681388855,0.738351583480835,0.32553499937057495,0.017923589795827866,0.7812508344650269,0.7254468202590942,0.48247137665748596,0.38777974247932434,0.7395699620246887,0.7190399169921875,0.6011348962783813,0.04745248332619667,0.803183913230896,0.7008161544799805,0.5067305564880371,0.39764654636383057,0.7569711208343506,0.6919515132904053,0.6309893727302551,0.09370682388544083,0.7826786041259766,0.8230155110359192,0.4246487021446228,0.509220540523529,0.7330737113952637,0.8030455708503723,0.5990081429481506,0.1460515707731247
0.2532692551612854,0.8792445659637451,-0.43784984946250916,0.9935936331748962,0.2511112093925476,0.8506914973258972,-0.46970218420028687,0.9929576516151428,0.2561674118041992,0.8412304520606995,-0.47005540132522583,0.99227374792099,0.26152101159095764,0.8318641781806946,-0.4697224497795105,0.9940111637115479,0.2409496009349823,0.860211193561554,-0.4352651536464691,0.9940087795257568,0.2379848062992096,0.8586997389793396,-0.43596377968788147,0.9953197836875916,0.23447315394878387,0.8570132851600647,-0.43622174859046936,0.9969354271888733,0.28607404232025146,0.781950831413269,-0.4981147348880768,0.9958341717720032,0.24356737732887268,0.8139297366142273,-0.34439119696617126,0.9937704801559448,0.2744227647781372,0.8652954697608948,-0.4307948648929596,0.9946581125259399,0.26428350806236267,0.8811390995979309,-0.39016345143318176,0.9934066534042358,0.404021680355072,0.7098134756088257,-0.41191577911376953,0.9996508359909058,0.2797245979309082,0.6957056522369385,-0.2105749100446701,0.9995859861373901,0.5529527068138123,0.6089363098144531,-0.3108465373516083,0.9831850528717041,0.3718351423740387,0.6087630391120911,-0.05188543349504471,0.13576266169548035,0.5669761300086975,0.8616953492164612,-0.2329266369342804,0.934829831123352,0.37471631169319153,0.797538697719574,-0.01947222463786602,0.5210016965866089,0.5577161312103271,0.8985449075698853,-0.2577522099018097,0.9041591882705688,0.3666318655014038,0.8152907490730286,-0.03329627215862274,0.536906361579895,0.537463366985321,0.8860259056091309,-0.26966768503189087,0.9158610105514526,0.3702816963195801,0.8276545405387878,-0.06231299042701721,0.5482112169265747,0.5383437871932983,0.8759373426437378,-0.2332960069179535,0.8711358904838562,0.37675419449806213,0.823024332523346,-0.0330306701362133,0.5296235680580139,0.597914457321167,0.750213623046875,-0.08726933598518372,0.9915543794631958,0.5237149000167847,0.7280255556106567,0.08703920990228653,0.9911949634552002,0.7004832029342651,0.7540878057479858,0.1927327811717987,0.16950945556163788,0.6567031145095825,0.7375285625457764,0.3257358968257904,0.016755446791648865,0.781277596950531,0.7279131412506104,0.4822104573249817,0.3930407762527466,0.7396160364151001,0.7196290493011475,0.6011794209480286,0.04560861364006996,0.803926944732666,0.7008517980575562,0.5055118799209595,0.40532100200653076,0.756865382194519,0.6920050978660583,0.6313233971595764,0.09326131641864777,0.7826882600784302,0.8243132829666138,0.43077951669692993,0.5059013366699219,0.7313788533210754,0.8039243817329407,0.6068288087844849,0.13972850143909454
0.2528645992279053,0.8735184669494629,-0.44897565245628357,0.9928848147392273,0.2508341670036316,0.8427130579948425,-0.4743073880672455,0.992457926273346,0.25636088848114014,0.8347579836845398,-0.47463855147361755,0.9915692210197449,0.2621850371360779,0.8262563347816467,-0.47443023324012756,0.9936460852622986,0.23935560882091522,0.8496483564376831,-0.44494691491127014,0.993474006652832,0.23584182560443878,0.8473094701766968,-0.44561201333999634,0.9948230981826782,0.23180142045021057,0.844839334487915,-0.4458793103694916,0.9966288208961487,0.2869529724121094,0.7776172161102295,-0.5041846036911011,0.9954608678817749,0.24141176044940948,0.8030010461807251,-0.35343271493911743,0.9928085207939148,0.2734054625034332,0.8648828268051147,-0.4385735094547272,0.993990957736969,0.2626644968986511,0.877852201461792,-0.4024345278739929,0.9924576282501221,0.40341728925704956,0.7128611207008362,-0.418317973613739,0.999636709690094,0.28027859330177307,0.6946340799331665,-0.21435904502868652,0.9995553493499756,0.5540114641189575,0.6077092289924622,-0.31980636715888977,0.9837040305137634,0.3692021667957306,0.6027624607086182,-0.05356791615486145,0.12290889769792557,0.566494345664978,0.861807107925415,-0.24062590301036835,0.9219911694526672,0.3736807703971863,0.7901729941368103,-0.015047835186123848,0.46926796436309814,0.5579789280891418,0.8986384272575378,-0.2671276926994324,0.8856624364852905,0.3717382550239563,0.7838820815086365,-0.02855721116065979,0.4839002788066864,0.5374032855033875,0.8861176371574402,-0.2802015542984009,0.8991166353225708,0.3722298741340637,0.8219923377037048,-0.06002997234463692,0.4941645562648773,0.5380351543426514,0.8759686946868896,-0.24175648391246796,0.8496124744415283,0.37838980555534363,0.8171387314796448,-0.029457975178956985,0.4774704575538635,0.5981189012527466,0.7498005628585815,-0.08700118213891983,0.9923802614212036,0.5246297717094421,0.7276482582092285,0.08676730841398239,0.992043673992157,0.7001479864120483,0.7546927332878113,0.2003338634967804,0.1675274521112442,0.6560837626457214,0.7420116066932678,0.3404916822910309,0.015470132231712341,0.7810000777244568,0.7287089228630066,0.4965053200721741,0.391338974237442,0.7399117350578308,0.7211650609970093,0.6229618787765503,0.043422881513834,0.8047323226928711,0.7006242871284485,0.5216883420944214,0.40516701340675354,0.7576739192008972,0.692160964012146,0.6535801291465759,0.0908619686961174,0.7826621532440186,0.8248841762542725,0.4447314739227295,0.49474406242370605,0.7312145233154297,0.803934633731842,0.6211415529251099,0.1320847123861313
0.25455108284950256,0.8574405312538147,-0.5059837102890015,0.9928827881813049,0.2523558437824249,0.8275868892669678,-0.5331255197525024,0.9925457239151001,0.25773873925209045,0.8199918866157532,-0.5335067510604858,0.9916261434555054,0.26337581872940063,0.8122674822807312,-0.5331992506980896,0.9937636852264404,0.24076692759990692,0.8340027928352356,-0.5021231174468994,0.9934486150741577,0.23701541125774384,0.8314996361732483,-0.5028331279754639,0.9947482347488403,0.23269125819206238,0.8289289474487305,-0.503106951713562,0.9965706467628479,0.28774887323379517,0.7637441754341125,-0.5419763326644897,0.9954811334609985,0.24360685050487518,0.7875576615333557,-0.4004933834075928,0.9924942851066589,0.27573123574256897,0.8471777439117432,-0.49090003967285156,0.99382084608078,0.2651393711566925,0.8592252731323242,-0.4541972279548645,0.9921119213104248,0.4021728038787842,0.7053355574607849,-0.44715866446495056,0.9996383786201477,0.27892979979515076,0.695544958114624,-0.24403461813926697,0.9995278120040894,0.5551785826683044,0.607223629951477,-0.3359941840171814,0.9844446182250977,0.3669525682926178,0.6101099252700806,-0.05993233993649483,0.11135134845972061,0.5656476020812988,0.861802339553833,-0.2845463156700134,0.9185669422149658,0.37265411019325256,0.7937507033348083,-0.019596416503190994,0.4229322075843811,0.5579916834831238,0.8986043930053711,-0.31660196185112,0.8799469470977783,0.36516040563583374,0.7948920130729675,-0.03184159845113754,0.43660858273506165,0.5374077558517456,0.8861082196235657,-0.32928818464279175,0.8943086266517639,0.3663018047809601,0.8238338828086853,-0.06537004560232162,0.44601061940193176,0.5378719568252563,0.8759526014328003,-0.28644028306007385,0.8428700566291809,0.37606167793273926,0.8195024132728577,-0.03469206020236015,0.4310399293899536,0.5986429452896118,0.7458370923995972,-0.08671392500400543,0.9931210279464722,0.5237632989883423,0.7266990542411804,0.0864831954240799,0.9928016662597656,0.6949604153633118,0.7566347122192383,0.218398779630661,0.16929946839809418,0.6518124341964722,0.7464290857315063,0.3607432246208191,0.014491202309727669,0.7787400484085083,0.7285499572753906,0.5276511311531067,0.39361777901649475,0.7329984307289124,0.7252767086029053,0.6654759645462036,0.04202473536133766,0.8042672872543335,0.6966886520385742,0.5547189116477966,0.407641738653183,0.7482385039329529,0.6933323740959167,0.6988418698310852,0.08971860259771347,0.7803469896316528,0.825377345085144,0.4793548583984375,0.4897668957710266,0.7254746556282043,0.8050808310508728,0.6694320440292358,0.12679097056388855
0.25474467873573303,0.8326514959335327,-0.49792489409446716,0.9931707978248596,0.2525356113910675,0.8014427423477173,-0.524471640586853,0.9928826093673706,0.2585599720478058,0.7923724055290222,-0.5248435735702515,0.9919658899307251,0.2650417983531952,0.7831097841262817,-0.524570882320404,0.9940276741981506,0.24151471257209778,0.8091601729393005,-0.4934207499027252,0.9937546849250793,0.23783981800079346,0.8063170313835144,-0.4941108822822571,0.9949856996536255,0.2336844652891159,0.8033486008644104,-0.49439042806625366,0.9967312812805176,0.2889874279499054,0.734153151512146,-0.5298513174057007,0.9955946803092957,0.24636690318584442,0.7622741460800171,-0.40024447441101074,0.9927899241447449,0.2835589647293091,0.8201639652252197,-0.4849664568901062,0.9939692616462708,0.27013999223709106,0.8329702019691467,-0.44786062836647034,0.9923814535140991,0.40420785546302795,0.6903619766235352,-0.43397289514541626,0.9996344447135925,0.28377842903137207,0.6768674850463867,-0.23367302119731903,0.9995415210723877,0.5610553026199341,0.6072056293487549,-0.3393872380256653,0.985004723072052,0.3633701801300049,0.6328060030937195,-0.03387247025966644,0.10263972729444504,0.5656229257583618,0.8613146543502808,-0.29752522706985474,0.9193795919418335,0.35754162073135376,0.8049718141555786,0.013948868028819561,0.38932132720947266,0.558432400226593,0.8977253437042236,-0.3313048481941223,0.8807128667831421,0.3322087824344635,0.8249750733375549,0.00048283240175805986,0.40583452582359314,0.5382570028305054,0.8855881690979004,-0.3451119065284729,0.8951593041419983,0.3356809914112091,0.8362939357757568,-0.035288915038108826,0.4161149859428406,0.5380815267562866,0.8756262063980103,-0.30037111043930054,0.8433775305747986,0.3503127098083496,0.8277261257171631,-0.001948414952494204,0.40084895491600037,0.6037079095840454,0.7371780276298523,-0.08655765652656555,0.9937824606895447,0.5321415066719055,0.7229598164558411,0.08632618188858032,0.9934867024421692,0.700639545917511,0.7519887089729309,0.21572744846343994,0.1739632934331894,0.6554609537124634,0.7416476607322693,0.35060542821884155,0.013723057694733143,0.7796413898468018,0.7283955812454224,0.5167642831802368,0.3923793435096741,0.7340427041053772,0.7250046730041504,0.6427546739578247,0.040232062339782715,0.8052862882614136,0.6968117356300354,0.5428304076194763,0.411042183637619,0.7483745813369751,0.6934710741043091,0.6745235323905945,0.08849269151687622,0.7797374129295349,0.8263798356056213,0.47216612100601196,0.48495063185691833,0.7299162745475769,0.8054996728897095,0.6453508138656616,0.12213455140590668
0.2416166514158249,0.8136904239654541,-0.4319152235984802,0.9934858679771423,0.23915860056877136,0.7808854579925537,-0.4522152543067932,0.9931568503379822,0.24438980221748352,0.7732475399971008,-0.4525631368160248,0.9922505021095276,0.24929597973823547,0.7674914002418518,-0.4522424340248108,0.994196355342865,0.2316669225692749,0.783727765083313,-0.4236469864845276,0.9940794706344604,0.2310456931591034,0.7779945135116577,-0.42436885833740234,0.9952756762504578,0.22980304062366486,0.7726721167564392,-0.42461246252059937,0.9969257712364197,0.2814057469367981,0.7325931191444397,-0.4634222388267517,0.9955962300300598,0.24735304713249207,0.7227562665939331,-0.33728140592575073,0.9932568669319153,0.27083566784858704,0.8189041018486023,-0.4235312044620514,0.9942514896392822,0.26522910594940186,0.8181743025779724,-0.3898542523384094,0.9928789138793945,0.4065938889980316,0.6821215152740479,-0.3986121416091919,0.9996369481086731,0.2974100708961487,0.6746140122413635,-0.20625564455986023,0.9995729327201843,0.5749877691268921,0.6079830527305603,-0.3296855092048645,0.9854073524475098,0.3606952726840973,0.6409353613853455,-0.021692926064133644,0.09958278387784958,0.56544029712677,0.8594683408737183,-0.3006518483161926,0.9239217042922974,0.35395872592926025,0.8168449401855469,0.01463703066110611,0.4100128412246704,0.5584864616394043,0.8961222171783447,-0.33356016874313354,0.887645959854126,0.3237144649028778,0.8455772399902344,-0.0025073662400245667,0.4312593936920166,0.5382784605026245,0.884559690952301,-0.34949272871017456,0.9013786315917969,0.3284689784049988,0.8493055701255798,-0.03661428391933441,0.44405990839004517,0.5380299687385559,0.8748504519462585,-0.3042880594730377,0.8515828251838684,0.34362223744392395,0.8405976295471191,-0.000953309703618288,0.4234165549278259,0.6062044501304626,0.7318907976150513,-0.08648283779621124,0.994376003742218,0.5380417108535767,0.7221745848655701,0.08624787628650665,0.9941067099571228,0.6998215317726135,0.746977686882019,0.21478155255317688,0.16970060765743256,0.6553666591644287,0.7391121983528137,0.3203655481338501,0.012774729169905186,0.7801034450531006,0.7274270057678223,0.5111919641494751,0.38154295086860657,0.7346118688583374,0.7227833271026611,0.5870554447174072,0.03791377693414688,0.806120753288269,0.6968540549278259,0.5353546142578125,0.4048115909099579,0.7503557205200195,0.6922051906585693,0.6158322691917419,0.08454052358865738,0.7787169218063354,0.8265007734298706,0.4619580805301666,0.47631344199180603,0.7340858578681946,0.8058164715766907,0.594948947429657,0.11746783554553986
0.2432347536087036,0.7370431423187256,-0.4419240951538086,0.9937391877174377,0.24204429984092712,0.6964126825332642,-0.4623642563819885,0.9934020638465881,0.24782803654670715,0.6889777779579163,-0.46272116899490356,0.9925011992454529,0.25331759452819824,0.682853102684021,-0.4624095559120178,0.9943321347236633,0.23175673186779022,0.6994749903678894,-0.43350091576576233,0.9943557977676392,0.22974415123462677,0.6949774026870728,-0.4342328608036041,0.9955241084098816,0.22728940844535828,0.6909893751144409,-0.4344874918460846,0.9970867037773132,0.28342610597610474,0.6439405083656311,-0.4711368680000305,0.995616614818573,0.24795708060264587,0.6508073210716248,-0.3435472548007965,0.9936724901199341,0.2703867256641388,0.7405185103416443,-0.4321853518486023,0.9944829940795898,0.26238182187080383,0.7448230385780334,-0.39828577637672424,0.9933159947395325,0.41017967462539673,0.6401816010475159,-0.4041315019130707,0.9996283054351807,0.30413001775741577,0.6046633720397949,-0.20736035704612732,0.9996025562286377,0.5820046067237854,0.6080377101898193,-0.3370835483074188,0.9859594702720642,0.3608892560005188,0.6403889060020447,-0.030666282400488853,0.09717313200235367,0.5650942325592041,0.8608533143997192,-0.30157235264778137,0.9292372465133667,0.3500872850418091,0.8235654830932617,-0.006578794214874506,0.4375482499599457,0.557113766670227,0.8956214189529419,-0.335837185382843,0.8955906629562378,0.3188428580760956,0.8501451015472412,-0.023209478706121445,0.46215277910232544,0.5372638702392578,0.884432315826416,-0.3518665134906769,0.9083911776542664,0.3241755962371826,0.8535533547401428,-0.05751997232437134,0.4768267869949341,0.5370720624923706,0.8750746250152588,-0.3052360415458679,0.8611323833465576,0.33994174003601074,0.8464915156364441,-0.022302430123090744,0.4523504674434662,0.6072844862937927,0.6992747783660889,-0.08544759452342987,0.9948975443840027,0.5380491614341736,0.6833416223526001,0.08519460260868073,0.9946534633636475,0.6991158723831177,0.7298062443733215,0.22008657455444336,0.16699793934822083,0.6462991237640381,0.7251504063606262,0.3212040364742279,0.012003539130091667,0.7807501554489136,0.724052369594574,0.511475682258606,0.3757915496826172,0.7344455122947693,0.7140846252441406,0.5887521505355835,0.035965628921985626,0.8074128031730652,0.6965818405151367,0.5363003015518188,0.40310031175613403,0.74981290102005,0.6862824559211731,0.6161895990371704,0.08148466050624847,0.7772560715675354,0.8268257975578308,0.4764825701713562,0.4711891710758209,0.733936607837677,0.8054488301277161,0.6110042333602905,0.11325942724943161
0.2488289624452591,0.6567068099975586,-0.43724745512008667,0.9936330914497375,0.2446637600660324,0.6188303232192993,-0.4582430422306061,0.9932186603546143,0.2496599406003952,0.6110491752624512,-0.45862117409706116,0.9923226833343506,0.2554471492767334,0.6020839214324951,-0.4583192467689514,0.9940623641014099,0.23648741841316223,0.622157871723175,-0.4284452795982361,0.9943383932113647,0.23492904007434845,0.6183067560195923,-0.4291972517967224,0.9955945014953613,0.2328956574201584,0.6147674322128296,-0.42946964502334595,0.9971237182617188,0.2890055775642395,0.5479059219360352,-0.47184181213378906,0.9953103065490723,0.2561056613922119,0.569726824760437,-0.34037068486213684,0.9939085245132446,0.2742723226547241,0.6508543491363525,-0.4295617640018463,0.9944763779640198,0.2677401304244995,0.6570969820022583,-0.39460864663124084,0.9935944676399231,0.4190511703491211,0.5745357275009155,-0.4091101288795471,0.9996128082275391,0.3166453540325165,0.5473686456680298,-0.20011559128761292,0.9996292591094971,0.5827435851097107,0.6075006723403931,-0.379518985748291,0.9862567186355591,0.35823845863342285,0.6413880586624146,-0.03561791777610779,0.09239999204874039,0.5651702284812927,0.8608828783035278,-0.3985866606235504,0.9350953698158264,0.34856313467025757,0.8284561038017273,-0.08104348182678223,0.47635945677757263,0.556962788105011,0.8950374126434326,-0.4459434151649475,0.9045472145080566,0.31601637601852417,0.853204607963562,-0.10882081091403961,0.5031026005744934,0.5359257459640503,0.884428083896637,-0.4564904570579529,0.9162887930870056,0.3223267197608948,0.8544567823410034,-0.14181093871593475,0.5183172821998596,0.53568035364151,0.8750666975975037,-0.40169867873191833,0.8723578453063965,0.3398370146751404,0.8481733798980713,-0.09813547879457474,0.4922676384449005,0.6118728518486023,0.6570606231689453,-0.08365876972675323,0.9953559041023254,0.5452619194984436,0.6450830101966858,0.08340930193662643,0.9951401352882385,0.7019679546356201,0.7030667066574097,0.23162157833576202,0.15770141780376434,0.6499595046043396,0.7048850059509277,0.3138464391231537,0.011156016029417515,0.7809699773788452,0.7215575575828552,0.5271817445755005,0.36129847168922424,0.7417545318603516,0.7134037613868713,0.5771948099136353,0.033840570598840714,0.8073585629463196,0.6966290473937988,0.5511608123779297,0.39300042390823364,0.7605273127555847,0.686780571937561,0.6047228574752808,0.07773879170417786,0.7771179676055908,0.8266029357910156,0.4807620644569397,0.4584977626800537,0.7360413670539856,0.8032176494598389,0.5700783133506775,0.10833405703306198
0.27263277769088745,0.5359320640563965,-0.4379291534423828,0.9933937788009644,0.2693469524383545,0.5011876225471497,-0.45899200439453125,0.9927201867103577,0.2741301953792572,0.4943278133869171,-0.4595465064048767,0.9919574856758118,0.2795374393463135,0.48727425932884216,-0.4592917561531067,0.9934558868408203,0.26115721464157104,0.5060631632804871,-0.43258944153785706,0.9941831231117249,0.25949910283088684,0.504105269908905,-0.43352389335632324,0.9956570267677307,0.25760191679000854,0.5021785497665405,-0.43405622243881226,0.9971266984939575,0.30809205770492554,0.44188064336776733,-0.4817807674407959,0.9949432611465454,0.27524176239967346,0.4655342102050781,-0.36038342118263245,0.9941940903663635,0.2942708730697632,0.5363672375679016,-0.4350222945213318,0.9943268895149231,0.28694620728492737,0.540314257144928,-0.40291720628738403,0.9938595294952393,0.44537609815597534,0.4525098204612732,-0.44098418951034546,0.9995778799057007,0.32086092233657837,0.4809943735599518,-0.21425966918468475,0.9996543526649475,0.5810137987136841,0.6138957738876343,-0.40478578209877014,0.9868119955062866,0.35112351179122925,0.6426257491111755,-0.11834268271923065,0.10143551230430603,0.5651761293411255,0.8630990982055664,-0.4136524200439453,0.9410294890403748,0.34871208667755127,0.8362443447113037,-0.22942793369293213,0.5249055624008179,0.5552459955215454,0.8989832401275635,-0.46903806924819946,0.9134896993637085,0.31335610151290894,0.8588359355926514,-0.2664243280887604,0.5499505996704102,0.5320976972579956,0.8866648077964783,-0.48200830817222595,0.9241712689399719,0.3202678859233856,0.8564876914024353,-0.3036445081233978,0.5642295479774475,0.5315268039703369,0.8757733106613159,-0.41917842626571655,0.884028434753418,0.3396812081336975,0.8515484929084778,-0.24946407973766327,0.5398207306861877,0.6119270920753479,0.5586894750595093,-0.07963468134403229,0.9957796335220337,0.5441964268684387,0.5753145813941956,0.07936263084411621,0.9955921173095703,0.7015583515167236,0.6644202470779419,0.2286161631345749,0.16806015372276306,0.6219040155410767,0.6706658005714417,0.3154316544532776,0.012067693285644054,0.7797687649726868,0.715551495552063,0.5200740098953247,0.37676379084587097,0.7367967367172241,0.7132160663604736,0.5886443257331848,0.037606168538331985,0.8030738830566406,0.6961758732795715,0.5443719625473022,0.40120288729667664,0.760062038898468,0.6933799982070923,0.6180533170700073,0.0823606476187706,0.7777597904205322,0.8185152411460876,0.46942615509033203,0.47384172677993774,0.7360016107559204,0.7868268489837646,0.5779086351394653,0.11721723526716232
0.29040321707725525,0.4531015157699585,-0.4640102982521057,0.993579089641571,0.2882825434207916,0.4180814027786255,-0.4855819642543793,0.992840051651001,0.2931979298591614,0.4122229814529419,-0.4861253798007965,0.992112398147583,0.2983943819999695,0.40707841515541077,-0.48587632179260254,0.9934470653533936,0.2796371579170227,0.4233255088329315,-0.4629954695701599,0.9944004416465759,0.2779057025909424,0.4218657612800598,-0.46391111612319946,0.9958875775337219,0.27585989236831665,0.4209570586681366,-0.46444645524024963,0.9972692728042603,0.3237871825695038,0.3694056570529938,-0.5014127492904663,0.9949954152107239,0.2920916974544525,0.38757193088531494,-0.3970310091972351,0.9946272373199463,0.312224805355072,0.4600299894809723,-0.4574658274650574,0.9944660663604736,0.3029283881187439,0.46444129943847656,-0.43035927414894104,0.9942513108253479,0.45900315046310425,0.40667724609375,-0.463792085647583,0.9995446801185608,0.32716813683509827,0.4316537082195282,-0.25853314995765686,0.9996775388717651,0.579910933971405,0.609476625919342,-0.42827144265174866,0.9872074127197266,0.35204190015792847,0.6412413716316223,-0.18046623468399048,0.12845715880393982,0.5651575922966003,0.8630716800689697,-0.43783265352249146,0.9460261464118958,0.34910112619400024,0.8403465151786804,-0.29214853048324585,0.5692426562309265,0.5533896684646606,0.8992251753807068,-0.49448004364967346,0.9210582971572876,0.31617680191993713,0.861025333404541,-0.3302649259567261,0.5918759703636169,0.5300384759902954,0.8866252303123474,-0.5093337297439575,0.9308561086654663,0.32251375913619995,0.858362078666687,-0.3665476441383362,0.6053911447525024,0.530482828617096,0.8753021359443665,-0.44487500190734863,0.893759548664093,0.34071967005729675,0.8542454838752747,-0.31149980425834656,0.5823481678962708,0.6150853633880615,0.5273729562759399,-0.06920546293258667,0.9961789846420288,0.5439735651016235,0.5352116227149963,0.06895232945680618,0.9960135817527771,0.7031936645507812,0.6451070308685303,0.22804102301597595,0.20890547335147858,0.5523409843444824,0.6468219757080078,0.2472754418849945,0.021067293360829353,0.779690682888031,0.7155067324638367,0.5309731960296631,0.41285261511802673,0.5864420533180237,0.688200831413269,0.544643759727478,0.04870693013072014,0.800976574420929,0.6976272463798523,0.5567878484725952,0.4174177646636963,0.6096123456954956,0.6800909042358398,0.5781241655349731,0.0924094170331955,0.7768755555152893,0.818708062171936,0.47873634099960327,0.501156747341156,0.6321758031845093,0.8090347051620483,0.5484308004379272,0.13825374841690063
0.3077154755592346,0.4001190662384033,-0.49524813890457153,0.993177056312561,0.30472511053085327,0.3634231686592102,-0.5165822505950928,0.9920470714569092,0.3094470798969269,0.3566340208053589,-0.5170892477035522,0.9913387298583984,0.3146335780620575,0.3494182825088501,-0.5168601870536804,0.9924662709236145,0.29655855894088745,0.3692648708820343,-0.49406808614730835,0.9941017627716064,0.2951016128063202,0.3681662380695343,-0.4949137270450592,0.9958348870277405,0.2934338450431824,0.36759835481643677,-0.4954024851322174,0.9972171783447266,0.3398207724094391,0.3065033555030823,-0.5251046419143677,0.9942092299461365,0.31094303727149963,0.33082595467567444,-0.4247278571128845,0.9947888851165771,0.32953980565071106,0.4052657186985016,-0.48493775725364685,0.9938085079193115,0.31859350204467773,0.412627637386322,-0.4586734175682068,0.994270384311676,0.4682801365852356,0.3562488257884979,-0.49590784311294556,0.9994608759880066,0.34176021814346313,0.40247857570648193,-0.28420084714889526,0.9996935129165649,0.5746661424636841,0.6075159907341003,-0.466003954410553,0.9867444038391113,0.3521971106529236,0.6298055648803711,-0.21851825714111328,0.14678505063056946,0.5652796030044556,0.8629996180534363,-0.4645594656467438,0.949895977973938,0.3500368595123291,0.8397377133369446,-0.33465126156806946,0.6087753176689148,0.5515193343162537,0.8994994163513184,-0.5223833322525024,0.9273894429206848,0.3178841471672058,0.8599451780319214,-0.37186235189437866,0.6295225620269775,0.5294843912124634,0.8861095905303955,-0.5373673439025879,0.936538577079773,0.3234838545322418,0.8583304286003113,-0.41255083680152893,0.6424388885498047,0.5306380987167358,0.8747990727424622,-0.4719165861606598,0.9019463658332825,0.3428705036640167,0.8540966510772705,-0.356140673160553,0.6208057403564453,0.6221199631690979,0.5102640390396118,-0.06920011341571808,0.9965307712554932,0.5470094084739685,0.5192922949790955,0.0689198449254036,0.9963887333869934,0.7033840417861938,0.6324748396873474,0.22645516693592072,0.2164682298898697,0.5856062173843384,0.6365209221839905,0.2678442895412445,0.02198728360235691,0.7769550085067749,0.7073951959609985,0.5129866600036621,0.4239828288555145,0.6531667113304138,0.6887347102165222,0.5708460807800293,0.05055633932352066,0.797103762626648,0.6940974593162537,0.5357738733291626,0.4170997440814972,0.6743584871292114,0.6909451484680176,0.6065053939819336,0.09326451271772385,0.7782911062240601,0.8174203038215637,0.4437180459499359,0.5107224583625793,0.6577131748199463,0.8088291883468628,0.5590274333953857,0.14197435975074768
0.320965439081192,0.3571038246154785,-0.5130555629730225,0.9931355714797974,0.3182021975517273,0.3209325075149536,-0.5316696166992188,0.9919289946556091,0.3234672546386719,0.31478267908096313,-0.5321618318557739,0.9911496639251709,0.3291408121585846,0.30828574299812317,-0.5319594144821167,0.9922215938568115,0.30895233154296875,0.3265495002269745,-0.5115936994552612,0.9941445589065552,0.30753642320632935,0.32479146122932434,-0.5123997926712036,0.9959164261817932,0.30595818161964417,0.3237852454185486,-0.5128637552261353,0.9972768425941467,0.35357338190078735,0.26920023560523987,-0.5306273698806763,0.9939466118812561,0.3240578770637512,0.2918909788131714,-0.44332584738731384,0.9950404167175293,0.3443470001220703,0.3635598421096802,-0.49958401918411255,0.9935721755027771,0.331562340259552,0.3698069155216217,-0.4770627021789551,0.9944448471069336,0.47775664925575256,0.34222152829170227,-0.5019593834877014,0.9993847608566284,0.350204199552536,0.38215529918670654,-0.31059297919273376,0.9997036457061768,0.5639845728874207,0.6095842719078064,-0.47196197509765625,0.9864797592163086,0.35374534130096436,0.6179850101470947,-0.24863998591899872,0.18393069505691528,0.5652831792831421,0.8630256056785583,-0.4737309515476227,0.9535744786262512,0.351254403591156,0.8391177654266357,-0.3650289475917816,0.6452468037605286,0.5514411926269531,0.8997042179107666,-0.5321334600448608,0.9330689311027527,0.318811297416687,0.8589710593223572,-0.4034673571586609,0.6635975241661072,0.5296269059181213,0.8860836625099182,-0.549597978591919,0.9416224956512451,0.32437828183174133,0.8584311604499817,-0.44730663299560547,0.6760046482086182,0.5307607650756836,0.874934732913971,-0.48255959153175354,0.9092379808425903,0.3429940938949585,0.8540344834327698,-0.3878340423107147,0.6555750370025635,0.6250330209732056,0.4915101230144501,-0.061441570520401,0.9968494772911072,0.5461298227310181,0.500214159488678,0.061160098761320114,0.9967259764671326,0.7037515640258789,0.6203140020370483,0.22599069774150848,0.23065082728862762,0.551322340965271,0.6406581997871399,0.22022101283073425,0.025547128170728683,0.776884913444519,0.7040649652481079,0.5121949911117554,0.4408203065395355,0.5662413835525513,0.6832807064056396,0.5235663652420044,0.05171511694788933,0.7969814538955688,0.6944139003753662,0.5346870422363281,0.41653570532798767,0.6359775066375732,0.6855210661888123,0.5583836436271667,0.09206067025661469,0.7783716917037964,0.8166682124137878,0.4416372776031494,0.5223315358161926,0.6149754524230957,0.778473436832428,0.5203539729118347,0.14432603120803833
0.3235416114330292,0.3244941830635071,-0.5349427461624146,0.9937270879745483,0.3230808973312378,0.28456947207450867,-0.5458611249923706,0.9926393032073975,0.3301601707935333,0.2773401141166687,-0.5463515520095825,0.9919058084487915,0.3377370238304138,0.2701171040534973,-0.5461758971214294,0.9928892254829407,0.31110328435897827,0.2930378317832947,-0.5269296765327454,0.9946674108505249,0.3090166747570038,0.29245999455451965,-0.5276773571968079,0.9962770938873291,0.30678659677505493,0.29231536388397217,-0.5280914306640625,0.9975178241729736,0.36229056119918823,0.23698319494724274,-0.5245827436447144,0.9944522380828857,0.32090961933135986,0.26850879192352295,-0.4383978843688965,0.9954929947853088,0.3457036316394806,0.3315975069999695,-0.5132342576980591,0.9940375685691833,0.3332374691963196,0.3414325416088104,-0.4928660988807678,0.9949071407318115,0.48146766424179077,0.331768661737442,-0.49592074751853943,0.9993815422058105,0.3543907701969147,0.3674972653388977,-0.2946314811706543,0.9997141361236572,0.5514816045761108,0.6102556586265564,-0.48524656891822815,0.9865158796310425,0.3546716570854187,0.6159396171569824,-0.2232910841703415,0.2221449613571167,0.5662917494773865,0.8665273189544678,-0.4975011944770813,0.9570779800415039,0.35244297981262207,0.8388732671737671,-0.33523935079574585,0.6769541501998901,0.549888551235199,0.900843620300293,-0.5552868247032166,0.9381575584411621,0.319512277841568,0.8584372401237488,-0.37183576822280884,0.6927781701087952,0.5297662019729614,0.8871921300888062,-0.5703279972076416,0.9461126327514648,0.3249959647655487,0.8583872318267822,-0.4163687825202942,0.7050973176956177,0.5310088396072388,0.876373827457428,-0.5053648352622986,0.9156491756439209,0.3432791233062744,0.8542022705078125,-0.3581393361091614,0.6852651238441467,0.6283262968063354,0.47400423884391785,-0.05881473422050476,0.997132420539856,0.5457786917686462,0.47991180419921875,0.05857432633638382,0.9970223903656006,0.7043209671974182,0.6115441918373108,0.27176356315612793,0.27103284001350403,0.41074174642562866,0.6201057434082031,0.10466208308935165,0.04313867166638374,0.7772014141082764,0.704847514629364,0.5600360631942749,0.48152071237564087,0.5325092673301697,0.6785272359848022,0.3513588309288025,0.06247957423329353,0.7975167036056519,0.7078695297241211,0.5846065282821655,0.4444263279438019,0.5455588698387146,0.6743579506874084,0.3804340064525604,0.1011924222111702,0.7693154811859131,0.8148266077041626,0.4974502623081207,0.5534304976463318,0.510177493095398,0.7556676864624023,0.3422463834285736,0.16385217010974884
0.32760387659072876,0.3108102083206177,-0.5597738027572632,0.9942362904548645,0.3289808928966522,0.270513653755188,-0.5695928335189819,0.9932226538658142,0.3357961177825928,0.26326391100883484,-0.5700549483299255,0.9925305843353271,0.3428903818130493,0.2561212480068207,-0.5698898434638977,0.9934279322624207,0.31696146726608276,0.27901890873908997,-0.5505881905555725,0.9951134324073792,0.3148326873779297,0.2787321209907532,-0.5513293743133545,0.9965911507606506,0.3124925494194031,0.27883756160736084,-0.5517282485961914,0.9977302551269531,0.3657916188240051,0.22740402817726135,-0.5350785851478577,0.9948340058326721,0.32541412115097046,0.25816112756729126,-0.45382803678512573,0.9958852529525757,0.3503842055797577,0.31828439235687256,-0.5351868867874146,0.994474470615387,0.33769524097442627,0.329704612493515,-0.5143966674804688,0.9953457713127136,0.4868246912956238,0.32401907444000244,-0.5153965950012207,0.9993850588798523,0.35934001207351685,0.3631161153316498,-0.29613685607910156,0.9997353553771973,0.5410029888153076,0.6058046817779541,-0.5140523910522461,0.9869523048400879,0.3552156686782837,0.6124848127365112,-0.21859462559223175,0.27276578545570374,0.5647299885749817,0.864313006401062,-0.5383607149124146,0.9605665802955627,0.3534121811389923,0.8380129337310791,-0.32903724908828735,0.70787113904953,0.5469106435775757,0.8961376547813416,-0.6061183214187622,0.9432991743087769,0.3206995129585266,0.8583316206932068,-0.36613649129867554,0.7218162417411804,0.5291222333908081,0.8869413733482361,-0.6187218427658081,0.9506685733795166,0.3278045952320099,0.8591302633285522,-0.4142692983150482,0.7333523035049438,0.530838668346405,0.8763686418533325,-0.546133816242218,0.9223504066467285,0.3461993336677551,0.8550270199775696,-0.35326942801475525,0.714874267578125,0.6342557072639465,0.46251675486564636,-0.06370608508586884,0.9973955154418945,0.5495737791061401,0.4788518249988556,0.0634041503071785,0.9973031282424927,0.7056159377098083,0.606214702129364,0.2624511122703552,0.28269824385643005,0.5934082269668579,0.6321572065353394,0.29777100682258606,0.043432410806417465,0.775759756565094,0.7017658948898315,0.5404054522514343,0.49597373604774475,0.628655731678009,0.6863282322883606,0.6220074892044067,0.06319867074489594,0.7974423766136169,0.7073199152946472,0.5608986616134644,0.44899746775627136,0.62418532371521,0.6881464719772339,0.6556591391563416,0.10063360631465912,0.7643438577651978,0.808966338634491,0.4344674050807953,0.5691947340965271,0.5201960802078247,0.7637365460395813,0.5784354209899902,0.16851988434791565
0.33626309037208557,0.30626410245895386,-0.6091586947441101,0.9947828054428101,0.3366936445236206,0.2649552524089813,-0.6162938475608826,0.993861198425293,0.3433855175971985,0.25670599937438965,-0.6167596578598022,0.9932267665863037,0.35008078813552856,0.24844065308570862,-0.6165980696678162,0.9940391778945923,0.323392778635025,0.2765050232410431,-0.5986326932907104,0.995579183101654,0.320356547832489,0.277126282453537,-0.5993415117263794,0.9969152212142944,0.3171066641807556,0.2780122458934784,-0.5997127294540405,0.9979470372200012,0.3704100251197815,0.21862684190273285,-0.5643553137779236,0.9952995777130127,0.32745271921157837,0.2575188875198364,-0.48970937728881836,0.9962775111198425,0.3593369722366333,0.30962514877319336,-0.5782307386398315,0.994969367980957,0.34456050395965576,0.324438214302063,-0.5590449571609497,0.9957836866378784,0.49451667070388794,0.32170331478118896,-0.5421167612075806,0.9994032979011536,0.3604184687137604,0.3637674152851105,-0.3200775384902954,0.9997559189796448,0.5381348133087158,0.6046628355979919,-0.5509177446365356,0.9873626828193665,0.35529637336730957,0.6136831641197205,-0.25004586577415466,0.3248990774154663,0.5639777183532715,0.863944411277771,-0.5846341848373413,0.9636135101318359,0.3534913659095764,0.8377187252044678,-0.3615347146987915,0.7356277704238892,0.5442387461662292,0.8938819766044617,-0.6590234041213989,0.9476730823516846,0.32086533308029175,0.8581790328025818,-0.40143299102783203,0.74770587682724,0.5290177464485168,0.8867619037628174,-0.66969233751297,0.9545678496360779,0.32877328991889954,0.8593392372131348,-0.4516432285308838,0.7586203813552856,0.5311658382415771,0.876620888710022,-0.5926947593688965,0.9280030131340027,0.34708815813064575,0.8559315800666809,-0.386823832988739,0.7412437200546265,0.6333652138710022,0.45170581340789795,-0.06982763856649399,0.997630774974823,0.5520774722099304,0.47934257984161377,0.06949534267187119,0.9975549578666687,0.7056876420974731,0.6029534935951233,0.2505154013633728,0.2890103757381439,0.6101568937301636,0.6285126209259033,0.3684777617454529,0.04206731542944908,0.7756593227386475,0.7024004459381104,0.5464618802070618,0.49979540705680847,0.6564950346946716,0.6946161985397339,0.725645899772644,0.06186855211853981,0.7967939972877502,0.707758903503418,0.5701708793640137,0.4480758309364319,0.6615120768547058,0.6980538964271545,0.7621117830276489,0.09829198569059372,0.764341413974762,0.8071142435073853,0.44313812255859375,0.5770938396453857,0.5609105229377747,0.7718015909194946,0.6881312727928162,0.1682373285293579
0.3392270803451538,0.32344910502433777,-0.5817716121673584,0.9951448440551758,0.3398556113243103,0.2841602563858032,-0.5961028337478638,0.9942321181297302,0.3455066382884979,0.2772384285926819,-0.5965328812599182,0.9936081767082214,0.3511866331100464,0.2705332934856415,-0.596372127532959,0.9943714737892151,0.32801124453544617,0.29160332679748535,-0.5782292485237122,0.9958876967430115,0.3250889480113983,0.29054155945777893,-0.57893306016922,0.997133195400238,0.32173606753349304,0.2899739742279053,-0.5792957544326782,0.9980995059013367,0.3715251088142395,0.2343161255121231,-0.5671877264976501,0.9955072999000549,0.3322676420211792,0.2654936909675598,-0.49203768372535706,0.9965680837631226,0.36227330565452576,0.3252120316028595,-0.5579692125320435,0.9952686429023743,0.34680232405662537,0.33577534556388855,-0.5382601022720337,0.9961119890213013,0.49710479378700256,0.33110639452934265,-0.5370781421661377,0.9994039535522461,0.35762783885002136,0.35679513216018677,-0.3293899595737457,0.9997743368148804,0.5384915471076965,0.6054688096046448,-0.5283345580101013,0.9874492883682251,0.35554125905036926,0.6128672957420349,-0.2519441246986389,0.3649981915950775,0.5637447834014893,0.864046037197113,-0.5417069792747498,0.9661046862602234,0.35386303067207336,0.8372097611427307,-0.3409120440483093,0.7604665756225586,0.5441263914108276,0.8947393894195557,-0.6068936586380005,0.9514600038528442,0.32095640897750854,0.8578141927719116,-0.3749045133590698,0.77108234167099,0.5290496945381165,0.8870112895965576,-0.6201175451278687,0.957979679107666,0.3290485739707947,0.8599008917808533,-0.4232026934623718,0.7813887000083923,0.5314167737960815,0.877494215965271,-0.5495129823684692,0.9328722357749939,0.3474600911140442,0.8564483523368835,-0.36467602849006653,0.7650081515312195,0.6323427557945251,0.4402250051498413,-0.06995142251253128,0.9978422522544861,0.5539827346801758,0.4784693121910095,0.06962574273347855,0.9977848529815674,0.7058287858963013,0.5979389548301697,0.21047799289226532,0.28252896666526794,0.6535998582839966,0.6296284198760986,0.32752183079719543,0.04056914523243904,0.7756977081298828,0.7026680707931519,0.4730427861213684,0.4991002380847931,0.7432734370231628,0.6962806582450867,0.621054470539093,0.06310946494340897,0.796161413192749,0.7083439826965332,0.4924810826778412,0.4467180073261261,0.756895899772644,0.7008368968963623,0.6403856873512268,0.09870744496583939,0.7679221034049988,0.8048199415206909,0.382539838552475,0.5831052660942078,0.7206342220306396,0.7832463383674622,0.5341988801956177,0.17378351092338562
0.3310128152370453,0.3234356641769409,-0.5549022555351257,0.9953789114952087,0.3319167196750641,0.2868739068508148,-0.5742260217666626,0.9944379925727844,0.3373401463031769,0.28170785307884216,-0.5746429562568665,0.9938086867332458,0.3428385853767395,0.2770698666572571,-0.5745897889137268,0.994544267654419,0.32066720724105835,0.2893267273902893,-0.5568040609359741,0.9960888028144836,0.31804564595222473,0.28666236996650696,-0.5574513077735901,0.9972842335700989,0.31503725051879883,0.28462427854537964,-0.5578321814537048,0.9982115030288696,0.365066260099411,0.24346493184566498,-0.5603373050689697,0.9956176280975342,0.32990288734436035,0.2607457637786865,-0.47391360998153687,0.9968008399009705,0.3533974289894104,0.3287477493286133,-0.5409091711044312,0.9955031871795654,0.3398149609565735,0.3348959684371948,-0.5213313102722168,0.9963852167129517,0.4920961856842041,0.34942662715911865,-0.5209233164787292,0.9993844628334045,0.35570862889289856,0.3520391583442688,-0.32528626918792725,0.9997886419296265,0.5405734777450562,0.612472414970398,-0.5066655874252319,0.9844978451728821,0.35572123527526855,0.6084607243537903,-0.23538586497306824,0.3793046474456787,0.563787579536438,0.8640370965003967,-0.5174477696418762,0.9666840434074402,0.3544711768627167,0.8357807397842407,-0.31208813190460205,0.7817034721374512,0.5443086624145508,0.8948090672492981,-0.574745237827301,0.9531438946723938,0.3211466670036316,0.8575918674468994,-0.3466016948223114,0.7912057638168335,0.5291008949279785,0.8868016600608826,-0.5877872109413147,0.9595968723297119,0.3291548192501068,0.859839141368866,-0.3936936557292938,0.8011559247970581,0.5319799184799194,0.8772915601730347,-0.5234050154685974,0.9343444108963013,0.34748199582099915,0.8563884496688843,-0.33523473143577576,0.7853354215621948,0.6320794224739075,0.45520368218421936,-0.07108332216739655,0.9980311989784241,0.5570670962333679,0.4715366065502167,0.07073067873716354,0.9979886412620544,0.7080772519111633,0.6066272258758545,0.21000854671001434,0.2736581265926361,0.6363359689712524,0.6311604380607605,0.3290972113609314,0.038378916680812836,0.7757166624069214,0.7029338479042053,0.4877653121948242,0.48641514778137207,0.7128751277923584,0.6965599060058594,0.6463143229484558,0.05960623547434807,0.7960652112960815,0.7088025808334351,0.5094204545021057,0.43198010325431824,0.7325205206871033,0.7004879713058472,0.678412139415741,0.0939042717218399,0.7683584690093994,0.8053139448165894,0.4086524546146393,0.5743832588195801,0.701708197593689,0.7813538312911987,0.6159651875495911,0.1667356789112091
0.3269265294075012,0.3428274095058441,-0.5445533990859985,0.9952138066291809,0.327140748500824,0.30494949221611023,-0.5615002512931824,0.9940831661224365,0.3326804041862488,0.29841235280036926,-0.5618840456008911,0.9933541417121887,0.3383494019508362,0.2925485074520111,-0.5618616342544556,0.9941458702087402,0.31598570942878723,0.3100067675113678,-0.5420957803726196,0.9959518313407898,0.3134857714176178,0.3079192340373993,-0.5427120923995972,0.9972121119499207,0.31060606241226196,0.30603522062301636,-0.5430827736854553,0.998199999332428,0.3611483871936798,0.2592199444770813,-0.5530087351799011,0.9952142238616943,0.325456827878952,0.28296104073524475,-0.46222513914108276,0.9968458414077759,0.3493920862674713,0.34838396310806274,-0.5328489542007446,0.9954051375389099,0.3361850678920746,0.3554452359676361,-0.510978639125824,0.9964653253555298,0.49175262451171875,0.3506680727005005,-0.5167612433433533,0.9993152618408203,0.3565194010734558,0.37167006731033325,-0.30401429533958435,0.99979567527771,0.5470741391181946,0.6127085089683533,-0.4950430989265442,0.97939133644104,0.35606667399406433,0.609298586845398,-0.23456409573554993,0.37019720673561096,0.5641490817070007,0.8640856146812439,-0.513770580291748,0.9660030603408813,0.35453104972839355,0.8356921672821045,-0.30303940176963806,0.7983165979385376,0.5451763272285461,0.895626425743103,-0.5771921873092651,0.9537074565887451,0.32145339250564575,0.8573635816574097,-0.3388495147228241,0.8074854016304016,0.5291473865509033,0.8867805600166321,-0.5869334936141968,0.9602413773536682,0.3292345404624939,0.8601198196411133,-0.3844362795352936,0.8174780011177063,0.5324236154556274,0.8772878050804138,-0.5200029015541077,0.9341447353363037,0.34745991230010986,0.8568512201309204,-0.32583171129226685,0.8013066649436951,0.6325348615646362,0.4716670513153076,-0.07163484394550323,0.998188853263855,0.5577898025512695,0.48917156457901,0.07128299027681351,0.9981653690338135,0.7089284658432007,0.6117639541625977,0.21548128128051758,0.25650784373283386,0.6473217010498047,0.6422017812728882,0.32012373208999634,0.03584229201078415,0.7752660512924194,0.7015857696533203,0.5188981294631958,0.4672294855117798,0.7411674857139587,0.7000828385353088,0.6254439353942871,0.05663623660802841,0.7957979440689087,0.70619797706604,0.5435939431190491,0.41794371604919434,0.7595617771148682,0.7132784724235535,0.6573520302772522,0.09023145586252213,0.7831422090530396,0.8287040591239929,0.4435686469078064,0.5598350763320923,0.7256292104721069,0.8002322912216187,0.6071783304214478,0.16119009256362915
0.3225589394569397,0.36224254965782166,-0.4653662145137787,0.9956721067428589,0.31889069080352783,0.32388728857040405,-0.4891744554042816,0.9946537017822266,0.32229703664779663,0.3162481188774109,-0.48950475454330444,0.9939903020858765,0.3255581557750702,0.30824312567710876,-0.4893037676811218,0.9947068691253662,0.31321024894714355,0.33033066987991333,-0.46561139822006226,0.9963411688804626,0.3106924891471863,0.3280799686908722,-0.46628904342651367,0.9974797964096069,0.3098779320716858,0.32623907923698425,-0.46655845642089844,0.9983735084533691,0.3484901785850525,0.2708156704902649,-0.5126158595085144,0.9956719875335693,0.32309848070144653,0.29986372590065,-0.4103366434574127,0.9971509575843811,0.3437022566795349,0.3669721484184265,-0.46094805002212524,0.9958397746086121,0.33480045199394226,0.37421801686286926,-0.4340938925743103,0.996802031993866,0.49065837264060974,0.3594913184642792,-0.47766080498695374,0.9993734955787659,0.35573190450668335,0.364853173494339,-0.28454455733299255,0.9998123645782471,0.5688390731811523,0.6126347184181213,-0.4869827628135681,0.9775565266609192,0.3561210036277771,0.6066170930862427,-0.21909327805042267,0.3594825863838196,0.56480872631073,0.8649424910545349,-0.5061387419700623,0.9677410125732422,0.35434627532958984,0.8358848690986633,-0.30125847458839417,0.8066102862358093,0.5475519895553589,0.8958281874656677,-0.5737050771713257,0.9560184478759766,0.3217202425003052,0.8571844100952148,-0.3359219431877136,0.8146693706512451,0.5291868448257446,0.8859409689903259,-0.5697574019432068,0.96217942237854,0.32897695899009705,0.8600859045982361,-0.3663918972015381,0.8260494470596313,0.5324469804763794,0.8770571947097778,-0.5179256200790405,0.936762273311615,0.3469708561897278,0.8568181991577148,-0.31974154710769653,0.8073527812957764,0.6268075704574585,0.4771578907966614,-0.06794331967830658,0.9983644485473633,0.5580324530601501,0.488298237323761,0.06761796772480011,0.9983424544334412,0.7073208093643188,0.6169324517250061,0.29202669858932495,0.2718442380428314,0.5920137166976929,0.6433143615722656,0.3209933936595917,0.035295646637678146,0.7736404538154602,0.7017093896865845,0.596071720123291,0.48916131258010864,0.5561912655830383,0.6581511497497559,0.6290750503540039,0.0538242869079113,0.7941206693649292,0.7061107158660889,0.6238449811935425,0.4403415620326996,0.5606825947761536,0.6524304151535034,0.6647849082946777,0.08781846612691879,0.7870945334434509,0.834124743938446,0.542582094669342,0.5839909315109253,0.5274345278739929,0.6994989514350891,0.6381661295890808,0.16377438604831696
0.30256760120391846,0.41317018866539,-0.41342267394065857,0.9960814714431763,0.2972484230995178,0.3889719247817993,-0.44456762075424194,0.9951599836349487,0.300331711769104,0.3848554790019989,-0.4448917508125305,0.9945557713508606,0.30339083075523376,0.38154539465904236,-0.4446491599082947,0.9952029585838318,0.29240232706069946,0.38439512252807617,-0.4162660539150238,0.9966877102851868,0.2921237051486969,0.37688809633255005,-0.416959285736084,0.997719407081604,0.2920452952384949,0.3703519105911255,-0.4172287583351135,0.9985285401344299,0.32951247692108154,0.340170294046402,-0.49468669295310974,0.9960853457450867,0.3120960593223572,0.3212464153766632,-0.37166324257850647,0.9974284172058105,0.32847869396209717,0.40844568610191345,-0.4178270697593689,0.9962365627288818,0.3257959485054016,0.40855103731155396,-0.38448572158813477,0.9971076846122742,0.48171907663345337,0.37561172246932983,-0.4455919861793518,0.9994297027587891,0.35758864879608154,0.34289467334747314,-0.2635023593902588,0.9998295903205872,0.5804160833358765,0.6169835925102234,-0.44127577543258667,0.9767588376998901,0.35605743527412415,0.6043437719345093,-0.2122560739517212,0.3374612629413605,0.5658911466598511,0.8684264421463013,-0.443020761013031,0.9696756601333618,0.353890061378479,0.8360750079154968,-0.30045193433761597,0.8183838725090027,0.5487653017044067,0.8964500427246094,-0.49470701813697815,0.9587446451187134,0.3218994140625,0.8570674657821655,-0.3378574848175049,0.826968252658844,0.5296520590782166,0.885237455368042,-0.49638551473617554,0.9644847512245178,0.3288848400115967,0.8600578308105469,-0.367423415184021,0.8383459448814392,0.5329595804214478,0.8770115375518799,-0.4460984766483307,0.9402636289596558,0.3466279208660126,0.8567765951156616,-0.31813961267471313,0.819064199924469,0.616155743598938,0.5227665305137634,-0.06626127660274506,0.9985132813453674,0.557506799697876,0.492359459400177,0.06595383584499359,0.9984943270683289,0.6975425481796265,0.6347821354866028,0.3436628580093384,0.26989468932151794,0.5445411205291748,0.6156417727470398,0.31712237000465393,0.03286173567175865,0.7697679996490479,0.7032339572906494,0.6847614049911499,0.48831287026405334,0.5653845071792603,0.6497906446456909,0.6225166320800781,0.04981212690472603,0.7905893921852112,0.7060792446136475,0.7170137166976929,0.4526045322418213,0.5815902352333069,0.6428012847900391,0.6578841805458069,0.08360877633094788,0.7859830260276794,0.8371894955635071,0.6658552885055542,0.5917422771453857,0.541344404220581,0.7166545391082764,0.6430466771125793,0.15858246386051178
0.302371084690094,0.5281233191490173,-0.41407614946365356,0.9963845014572144,0.2975294589996338,0.5035334229469299,-0.44474196434020996,0.9955681562423706,0.3021150231361389,0.49826300144195557,-0.4450806975364685,0.9949996471405029,0.30616697669029236,0.4914312958717346,-0.44483381509780884,0.9956020712852478,0.2905067205429077,0.5036090612411499,-0.41436487436294556,0.9969538450241089,0.28947529196739197,0.4986003041267395,-0.41504940390586853,0.9978960752487183,0.288290798664093,0.49288180470466614,-0.4153495728969574,0.998645007610321,0.3278910517692566,0.43415090441703796,-0.4887488782405853,0.9964273571968079,0.3043883442878723,0.43300971388816833,-0.35547205805778503,0.9976511001586914,0.3288901448249817,0.5162180066108704,-0.4158785343170166,0.9965412020683289,0.3256753087043762,0.520494818687439,-0.37977126240730286,0.9973272085189819,0.47507935762405396,0.43462425470352173,-0.42895036935806274,0.9994737505912781,0.35740455985069275,0.385137140750885,-0.247715026140213,0.9998413324356079,0.5874463319778442,0.6216563582420349,-0.4092388153076172,0.9749576449394226,0.358953058719635,0.62041175365448,-0.18191495537757874,0.30977457761764526,0.5666855573654175,0.8689315915107727,-0.39006397128105164,0.9687173366546631,0.35287541151046753,0.8400266766548157,-0.27052032947540283,0.812408447265625,0.5501005053520203,0.8964999914169312,-0.42944055795669556,0.956454873085022,0.3224179446697235,0.8572428226470947,-0.3078947961330414,0.8218012452125549,0.5304383039474487,0.8851844668388367,-0.437444269657135,0.962181031703949,0.3296836018562317,0.860081136226654,-0.3309773802757263,0.8354319334030151,0.5344505310058594,0.8769745826721191,-0.39235401153564453,0.9349903464317322,0.3466169238090515,0.8575635552406311,-0.2849435806274414,0.8110409379005432,0.6171256899833679,0.5752653479576111,-0.06576275825500488,0.9986327290534973,0.5569279193878174,0.5301452279090881,0.06546534597873688,0.9986141920089722,0.6970037817955017,0.668739914894104,0.3666978180408478,0.26291561126708984,0.49128207564353943,0.6132684946060181,0.31593552231788635,0.030936401337385178,0.7686752080917358,0.7041766047477722,0.7060232758522034,0.4839901030063629,0.5317765474319458,0.6488500833511353,0.6389951109886169,0.04658825322985649,0.7881704568862915,0.7008113265037537,0.7380161285400391,0.44274038076400757,0.5497438311576843,0.6400179862976074,0.6788007616996765,0.07917610555887222,0.7848320603370667,0.8308852910995483,0.6791291236877441,0.5898903012275696,0.5155051946640015,0.7248932719230652,0.6830352544784546,0.153811976313591
0.26195937395095825,0.5758150815963745,-0.34453728795051575,0.9946660995483398,0.2548772394657135,0.545326292514801,-0.36721500754356384,0.9938901662826538,0.25747352838516235,0.5398017168045044,-0.36758774518966675,0.9933584928512573,0.261871874332428,0.5355299115180969,-0.3674277365207672,0.9944168925285339,0.251625120639801,0.5473142266273499,-0.33406540751457214,0.9950891733169556,0.2516869604587555,0.543397068977356,-0.33466511964797974,0.9964845180511475,0.25124356150627136,0.5397922396659851,-0.3349035382270813,0.9976858496665955,0.28892412781715393,0.49900543689727783,-0.3964664041996002,0.995785653591156,0.2695111036300659,0.5070831775665283,-0.2490416318178177,0.9963877201080322,0.2875227630138397,0.5703131556510925,-0.3438357412815094,0.9959887862205505,0.2843969464302063,0.5728672742843628,-0.3039866089820862,0.9966192245483398,0.438405841588974,0.5236591100692749,-0.3647257089614868,0.9994939565658569,0.3396967351436615,0.512366771697998,-0.11365020275115967,0.9998273253440857,0.5825474858283997,0.63166344165802,-0.35002601146698,0.973247230052948,0.3567776679992676,0.6466567516326904,-0.002360294107347727,0.2813465893268585,0.567064642906189,0.8637639284133911,-0.3697373867034912,0.9700886011123657,0.35178881883621216,0.8424863815307617,-0.07807932794094086,0.811667263507843,0.5508173704147339,0.8938747644424438,-0.41331928968429565,0.9587771892547607,0.32163283228874207,0.8572401404380798,-0.10405199229717255,0.8271341919898987,0.5316351056098938,0.8850661516189575,-0.42391449213027954,0.9641803503036499,0.32632744312286377,0.8604060411453247,-0.1412103921175003,0.8414942026138306,0.5378671288490295,0.8767152428627014,-0.37298429012298584,0.9376465082168579,0.34176820516586304,0.8586985468864441,-0.09791307896375656,0.8158767223358154,0.6176796555519104,0.6298360228538513,-0.08525796234607697,0.9987064599990845,0.5555295348167419,0.636795699596405,0.08499006181955338,0.9986814856529236,0.6983488202095032,0.6945192813873291,0.23999695479869843,0.2425239086151123,0.6249364018440247,0.704498827457428,0.33248570561408997,0.028192659839987755,0.7705665230751038,0.7102823257446289,0.5385568141937256,0.45882585644721985,0.7104455232620239,0.7043631076812744,0.6370654106140137,0.04340878874063492,0.7890647649765015,0.7008321285247803,0.5634311437606812,0.4176696538925171,0.7313934564590454,0.6835910081863403,0.6714745759963989,0.07434631139039993,0.7961444854736328,0.8217703104019165,0.48127564787864685,0.5671250820159912,0.7245839238166809,0.7734013199806213,0.6486140489578247,0.1455349177122116
0.25015971064567566,0.6310965418815613,-0.3085553050041199,0.9945288300514221,0.24342837929725647,0.5980104804039001,-0.3318537473678589,0.9939320087432861,0.24656403064727783,0.5933243036270142,-0.3322467803955078,0.9935235381126404,0.250234991312027,0.5891215205192566,-0.33209529519081116,0.9945910573005676,0.23907935619354248,0.5975950956344604,-0.29720595479011536,0.9949374198913574,0.23910696804523468,0.5936350226402283,-0.2977816164493561,0.9963348507881165,0.23884829878807068,0.5901771187782288,-0.297972172498703,0.9975267648696899,0.2753663659095764,0.5572596788406372,-0.36815956234931946,0.9960203766822815,0.25879865884780884,0.5631789565086365,-0.2119637280702591,0.9961341023445129,0.2735370993614197,0.6289411187171936,-0.3102799355983734,0.9961106181144714,0.2693783938884735,0.6312743425369263,-0.2678784728050232,0.9965786933898926,0.4111809730529785,0.5668963193893433,-0.3679368495941162,0.9995337128639221,0.3316040635108948,0.5561552047729492,-0.05864526703953743,0.9998027682304382,0.560323178768158,0.6442304849624634,-0.3744543492794037,0.9750131368637085,0.35982945561408997,0.6670170426368713,0.062334924936294556,0.2550027072429657,0.5667517781257629,0.8633034825325012,-0.40553373098373413,0.9725081920623779,0.34969308972358704,0.8428587913513184,-0.002014818834140897,0.7915307879447937,0.5491628646850586,0.8927342891693115,-0.45560821890830994,0.962091863155365,0.31852999329566956,0.8569536805152893,-0.023456210270524025,0.8158263564109802,0.5324255228042603,0.8849913477897644,-0.4645637571811676,0.9670644998550415,0.32218682765960693,0.86028653383255,-0.06662878394126892,0.8329144716262817,0.5387377738952637,0.8764232993125916,-0.409128338098526,0.9422272443771362,0.33867162466049194,0.8586795330047607,-0.024608062580227852,0.8034651875495911,0.6089879274368286,0.6601769328117371,-0.10710867494344711,0.9987980127334595,0.5553653836250305,0.6700303554534912,0.10692021995782852,0.9987577795982361,0.6985952854156494,0.7087036371231079,0.20763559639453888,0.2349083423614502,0.6559441685676575,0.7243759036064148,0.3520802855491638,0.02630322240293026,0.7727901935577393,0.7134931683540344,0.49699583649635315,0.4498416781425476,0.7394527196884155,0.7184007167816162,0.6349930167198181,0.04268366098403931,0.7904157638549805,0.70274817943573,0.5190118551254272,0.40442872047424316,0.7580534815788269,0.6992093324661255,0.666452169418335,0.07568195462226868,0.7946774959564209,0.8217216730117798,0.42590492963790894,0.5611498355865479,0.7503512501716614,0.8031772375106812,0.6420711278915405,0.14794044196605682
0.2599923014640808,0.7202222347259521,-0.43367642164230347,0.9940901398658752,0.2529289126396179,0.6875847578048706,-0.45753979682922363,0.993462860584259,0.2569064497947693,0.6796997785568237,-0.45783767104148865,0.9929506182670593,0.261090487241745,0.6717585325241089,-0.4576859474182129,0.9942938685417175,0.2429647445678711,0.6898390054702759,-0.4268505573272705,0.9944291114807129,0.24080272018909454,0.6846770644187927,-0.4274469017982483,0.9958388805389404,0.23842282593250275,0.6795825362205505,-0.42763692140579224,0.9972679615020752,0.2827320694923401,0.6264676451683044,-0.4609993100166321,0.9957232475280762,0.2526082396507263,0.6435214877128601,-0.3119329512119293,0.9954485893249512,0.28646495938301086,0.7052416205406189,-0.41812577843666077,0.9956651926040649,0.27619245648384094,0.7135834693908691,-0.37976065278053284,0.9959288835525513,0.40823817253112793,0.5858995318412781,-0.4006776809692383,0.9995512962341309,0.318720281124115,0.5897541642189026,-0.0871892124414444,0.9997926950454712,0.5733262896537781,0.6407679915428162,-0.39746159315109253,0.9751445651054382,0.36538058519363403,0.6741760969161987,-0.03126884251832962,0.23046228289604187,0.566736102104187,0.863976776599884,-0.4341444969177246,0.9687280058860779,0.34920045733451843,0.842689573764801,-0.02816903218626976,0.7487553954124451,0.5490250587463379,0.8936123251914978,-0.472953736782074,0.956469714641571,0.3188484311103821,0.8554774522781372,-0.04515858367085457,0.7791438102722168,0.5321942567825317,0.8850129246711731,-0.47529739141464233,0.962268590927124,0.3227328360080719,0.8600722551345825,-0.07890778034925461,0.7990344166755676,0.5386086702346802,0.876411497592926,-0.434661865234375,0.9325535297393799,0.33922913670539856,0.8582264184951782,-0.04387452453374863,0.763024628162384,0.6032844185829163,0.685655415058136,-0.09870012104511261,0.9988713264465332,0.5413601994514465,0.6953768730163574,0.09844042360782623,0.9988315105438232,0.700301468372345,0.7190558314323425,0.19026528298854828,0.2162744402885437,0.659770131111145,0.7308801412582397,0.3440857529640198,0.023886382579803467,0.7732738852500916,0.7185038924217224,0.4714019298553467,0.415481299161911,0.7420169711112976,0.7247986793518066,0.5996271371841431,0.03904275596141815,0.7905945181846619,0.7031461000442505,0.4944310188293457,0.37681084871292114,0.760783851146698,0.7041454315185547,0.6276133060455322,0.07009021192789078,0.7930722236633301,0.8234291672706604,0.4184761643409729,0.5244498252868652,0.7422686219215393,0.8134790062904358,0.5976107716560364,0.1365971565246582
0.24578328430652618,0.785826563835144,-0.5174814462661743,0.9942852258682251,0.2424536943435669,0.7480807900428772,-0.539361834526062,0.993801474571228,0.24744275212287903,0.741449236869812,-0.5397089719772339,0.9932944774627686,0.2536523938179016,0.7345460057258606,-0.5395161509513855,0.9946402907371521,0.23265068233013153,0.7501444220542908,-0.5081261396408081,0.9946099519729614,0.23049232363700867,0.7458469867706299,-0.5087324380874634,0.9958788156509399,0.22792963683605194,0.7416892051696777,-0.5089741349220276,0.9972935318946838,0.2821013331413269,0.6912369132041931,-0.5328425168991089,0.9959723353385925,0.243888258934021,0.7077954411506653,-0.3889719843864441,0.995272696018219,0.2733522057533264,0.7836993932723999,-0.49946537613868713,0.9956529140472412,0.2626529037952423,0.7900828719139099,-0.461564302444458,0.995593786239624,0.4148302674293518,0.6623942255973816,-0.43440261483192444,0.9995735287666321,0.31405434012413025,0.6223055720329285,-0.21036545932292938,0.9997245073318481,0.5746419429779053,0.6398239135742188,-0.39505746960639954,0.9762903451919556,0.39378124475479126,0.6646683812141418,-0.06047623232007027,0.20787711441516876,0.56675124168396,0.864628255367279,-0.39292430877685547,0.9575005769729614,0.35222327709198,0.7989614605903625,-0.01876206323504448,0.6747453808784485,0.5491634011268616,0.8947252631187439,-0.4275829792022705,0.9397551417350769,0.3249123692512512,0.8202497959136963,-0.030744265764951706,0.7026752233505249,0.5326557755470276,0.8852758407592773,-0.4355241656303406,0.9472156763076782,0.32926344871520996,0.8443739414215088,-0.0600590780377388,0.7207714319229126,0.5386729836463928,0.8764175176620483,-0.39394158124923706,0.9100720286369324,0.3393983244895935,0.8284711837768555,-0.03237977251410484,0.6882805228233337,0.6004787683486938,0.7329400777816772,-0.09820939600467682,0.9989513158798218,0.5287288427352905,0.7172512412071228,0.09781663119792938,0.9988887310028076,0.701779305934906,0.7391055822372437,0.20788292586803436,0.20525667071342468,0.6482769846916199,0.7347924113273621,0.34316009283065796,0.021809976547956467,0.7734729051589966,0.720408022403717,0.49725645780563354,0.4006883203983307,0.7217775583267212,0.7289544939994812,0.6337266564369202,0.03653625026345253,0.7907130718231201,0.702333390712738,0.5223827362060547,0.3697929084300995,0.7389405965805054,0.7105560302734375,0.6661877036094666,0.0678785964846611,0.7922416925430298,0.822554349899292,0.4475169777870178,0.5065524578094482,0.731185793876648,0.824864387512207,0.6477869749069214,0.12817738950252533
0.2565919756889343,0.8272777795791626,-0.4773861765861511,0.9945928454399109,0.2530549466609955,0.7976219058036804,-0.5236425995826721,0.9941932559013367,0.2580535113811493,0.7899045348167419,-0.5237475633621216,0.9936997890472412,0.2639368176460266,0.7820533514022827,-0.5232106447219849,0.9949899911880493,0.2443108856678009,0.8034701943397522,-0.4796890616416931,0.9949245452880859,0.24259881675243378,0.8004843592643738,-0.48023444414138794,0.9961006045341492,0.2404371052980423,0.7975687384605408,-0.48036670684814453,0.997429370880127,0.28951841592788696,0.736771821975708,-0.516139805316925,0.9962602853775024,0.25664371252059937,0.7585389614105225,-0.3724488615989685,0.9954962730407715,0.2810497283935547,0.809147298336029,-0.46739134192466736,0.9958226680755615,0.2665449380874634,0.8170888423919678,-0.42188334465026855,0.9956439137458801,0.4201641082763672,0.6710436344146729,-0.42092829942703247,0.9995999336242676,0.3169354796409607,0.6327541470527649,-0.21064551174640656,0.9997146129608154,0.5744959712028503,0.6391971111297607,-0.34199318289756775,0.9775136709213257,0.3998047113418579,0.588604211807251,-0.06620850414037704,0.1876848191022873,0.5650869607925415,0.864673376083374,-0.28607335686683655,0.9474990963935852,0.3976653218269348,0.7395023703575134,-0.02860036864876747,0.6078209280967712,0.5501395463943481,0.8962385654449463,-0.31120795011520386,0.9269276261329651,0.3660808205604553,0.7767811417579651,-0.04111626744270325,0.6335350275039673,0.5329350233078003,0.8855715394020081,-0.3201623857021332,0.9358076453208923,0.37116751074790955,0.7917416095733643,-0.06378091871738434,0.6499402523040771,0.5386474132537842,0.8764130473136902,-0.28568777441978455,0.8944557309150696,0.37444812059402466,0.7860599160194397,-0.03955886885523796,0.6207744479179382,0.6026208996772766,0.7416371703147888,-0.09735022485256195,0.9990315437316895,0.5271581411361694,0.7036165595054626,0.09694842994213104,0.9989590048789978,0.7044374942779541,0.745829164981842,0.19831912219524384,0.20330099761486053,0.6368020176887512,0.7345185875892639,0.3378433585166931,0.020150739699602127,0.773732602596283,0.7245878577232361,0.4801712930202484,0.4018540382385254,0.7122254967689514,0.7325551509857178,0.6346479654312134,0.03516722470521927,0.7934402227401733,0.702083945274353,0.5064917206764221,0.3783611059188843,0.730545163154602,0.7126213312149048,0.6687301397323608,0.06923415511846542,0.7915337681770325,0.8230860233306885,0.44671210646629333,0.5045239329338074,0.7150763869285583,0.8457773923873901,0.6650406122207642,0.12258253246545792
0.27502161264419556,0.8456242680549622,-0.45001381635665894,0.9944132566452026,0.26019132137298584,0.817671537399292,-0.48794466257095337,0.9940991997718811,0.25998786091804504,0.8108476400375366,-0.48818525671958923,0.993602454662323,0.2675265371799469,0.801526665687561,-0.4877803325653076,0.9950476288795471,0.2543315291404724,0.8220614790916443,-0.45907464623451233,0.9945448637008667,0.2514214813709259,0.818440318107605,-0.4595669209957123,0.9956837892532349,0.24622133374214172,0.815477728843689,-0.4596656262874603,0.9970961809158325,0.28983205556869507,0.7596766352653503,-0.49212226271629333,0.9963446855545044,0.2602079510688782,0.7726193070411682,-0.37102359533309937,0.9946901798248291,0.29880937933921814,0.8144447207450867,-0.43629327416419983,0.9954834580421448,0.2941891551017761,0.8193780779838562,-0.4046294093132019,0.9946562647819519,0.4165096879005432,0.6974127292633057,-0.40229541063308716,0.9996194839477539,0.31493934988975525,0.675593376159668,-0.21861252188682556,0.9995940923690796,0.5753090381622314,0.6381880640983582,-0.3185293674468994,0.9780722260475159,0.36726799607276917,0.5892691612243652,-0.07607267796993256,0.169500932097435,0.5646270513534546,0.8620421290397644,-0.27646952867507935,0.9385666251182556,0.33861488103866577,0.730733335018158,-0.03712140768766403,0.5474841594696045,0.5534304976463318,0.8958967328071594,-0.3031093180179596,0.9142062664031982,0.31950995326042175,0.7455570697784424,-0.049936532974243164,0.571162760257721,0.5338602066040039,0.8855185508728027,-0.3146580457687378,0.9241717457771301,0.319834440946579,0.776765763759613,-0.06950147449970245,0.5860440135002136,0.53858482837677,0.8757163882255554,-0.277651846408844,0.8786779046058655,0.330430805683136,0.7747871279716492,-0.047137707471847534,0.5598321557044983,0.6035860776901245,0.7590871453285217,-0.09269746392965317,0.999085009098053,0.5292240977287292,0.7262807488441467,0.09235452115535736,0.9989697933197021,0.7051916718482971,0.7539128661155701,0.20473992824554443,0.1963743418455124,0.6326682567596436,0.739965558052063,0.33554700016975403,0.018563538789749146,0.7729554772377014,0.7294021844863892,0.4944940209388733,0.389212042093277,0.7145980596542358,0.7382441759109497,0.6378989815711975,0.03359242156147957,0.793472409248352,0.7037392258644104,0.5217620730400085,0.37503287196159363,0.7299281358718872,0.7188126444816589,0.6726987361907959,0.06833812594413757,0.791345477104187,0.821316123008728,0.45462292432785034,0.48723551630973816,0.7140932679176331,0.8330214619636536,0.6706825494766235,0.11584581434726715
0.2688148021697998,0.8721864223480225,-0.45225438475608826,0.9937003254890442,0.25878265500068665,0.8468320965766907,-0.4869372844696045,0.9934517741203308,0.2608948349952698,0.8397181034088135,-0.48722290992736816,0.9928603768348694,0.26575273275375366,0.8333378434181213,-0.4868846535682678,0.994615375995636,0.25104278326034546,0.8506112694740295,-0.4572998881340027,0.9937059283256531,0.2481110543012619,0.8464552164077759,-0.4578428864479065,0.994935154914856,0.24410772323608398,0.8430399298667908,-0.4580053389072418,0.9965871572494507,0.2851828932762146,0.7901767492294312,-0.49837368726730347,0.9960654377937317,0.2560504078865051,0.8015787601470947,-0.37080150842666626,0.993629515171051,0.2901826500892639,0.8506273627281189,-0.4392069876194,0.9946990013122559,0.2850950360298157,0.8540454506874084,-0.4049112796783447,0.9933101534843445,0.4087595045566559,0.7079833745956421,-0.40945085883140564,0.9996278882026672,0.3017575144767761,0.6803165674209595,-0.220808744430542,0.9995285868644714,0.5750294923782349,0.6375389695167542,-0.33990246057510376,0.9778244495391846,0.3743877410888672,0.597919225692749,-0.06947706639766693,0.15295752882957458,0.5646868348121643,0.8617135882377625,-0.30629831552505493,0.9180673360824585,0.34679433703422546,0.7535994052886963,-0.020616967231035233,0.4929775595664978,0.5538741946220398,0.89580237865448,-0.33427685499191284,0.8879300355911255,0.3348678946495056,0.7674364447593689,-0.03174237161874771,0.5145230293273926,0.5344091057777405,0.8854118585586548,-0.3432754576206207,0.899381697177887,0.3299349248409271,0.7858024835586548,-0.05225234478712082,0.5279636979103088,0.5386163592338562,0.8752599954605103,-0.30659884214401245,0.8465645909309387,0.34217116236686707,0.7845123410224915,-0.030135925859212875,0.5043949484825134,0.5975616574287415,0.7597127556800842,-0.09021361172199249,0.9991248250007629,0.5204375386238098,0.7183281779289246,0.08989907801151276,0.998972475528717,0.7002897262573242,0.759863555431366,0.21086296439170837,0.18564170598983765,0.6321127414703369,0.7392851114273071,0.34723907709121704,0.01692112907767296,0.772743821144104,0.7328340411186218,0.5001442432403564,0.3742624521255493,0.723380446434021,0.7383272051811218,0.6407674551010132,0.03140636906027794,0.7935300469398499,0.7043095231056213,0.5267930030822754,0.3698330521583557,0.7352572679519653,0.7172461748123169,0.6737154126167297,0.06554762274026871,0.7910152077674866,0.821958065032959,0.45901235938072205,0.4668393135070801,0.7209233045578003,0.8402801752090454,0.6584876775741577,0.10786203294992447
0.2742435932159424,0.8567378520965576,-0.36390113830566406,0.9914945363998413,0.25995150208473206,0.8370705246925354,-0.39618223905563354,0.9911820292472839,0.2631493806838989,0.832430362701416,-0.3965345025062561,0.9906116724014282,0.2686675488948822,0.8286948204040527,-0.3962770700454712,0.9932408332824707,0.2558138966560364,0.8397371768951416,-0.37357592582702637,0.9907470941543579,0.2522082030773163,0.8367546796798706,-0.3741469979286194,0.9924166798591614,0.24812713265419006,0.834566056728363,-0.3743489682674408,0.994713544845581,0.2829820513725281,0.7949291467666626,-0.4297820031642914,0.9954055547714233,0.2599848806858063,0.7980023622512817,-0.3293357193470001,0.9903713464736938,0.29142066836357117,0.8384686708450317,-0.35801804065704346,0.993389368057251,0.2877148389816284,0.840380847454071,-0.3320644497871399,0.99062180519104,0.4011034369468689,0.7238245010375977,-0.3673703968524933,0.9996422529220581,0.30443280935287476,0.6735642552375793,-0.2021755874156952,0.9993833899497986,0.5722018480300903,0.6377732753753662,-0.30793091654777527,0.9757019877433777,0.35345759987831116,0.619904100894928,-0.05538633465766907,0.13811595737934113,0.5645163655281067,0.8614391684532166,-0.2829532325267792,0.8927121758460999,0.3120359480381012,0.762968897819519,0.015020458027720451,0.4439324736595154,0.5551201701164246,0.895686686038971,-0.3081837296485901,0.856587827205658,0.2900325655937195,0.7795912623405457,0.006808920297771692,0.463565856218338,0.5354704260826111,0.8854297995567322,-0.3155001103878021,0.8688579201698303,0.2910468876361847,0.7877181172370911,-0.010038265958428383,0.4757031798362732,0.5386594533920288,0.875215470790863,-0.2825751006603241,0.8083345293998718,0.3044150471687317,0.7867333889007568,0.006931406911462545,0.45451369881629944,0.5984616875648499,0.762945294380188,-0.08761745691299438,0.9991454482078552,0.5237497687339783,0.7154577374458313,0.08729977905750275,0.9989286065101624,0.7002463340759277,0.7592349648475647,0.22778964042663574,0.17598360776901245,0.6388113498687744,0.7378803491592407,0.36522337794303894,0.01544866431504488,0.7718113660812378,0.7356439232826233,0.5376201868057251,0.35564276576042175,0.7243483662605286,0.7386478185653687,0.6860470771789551,0.029197359457612038,0.793515682220459,0.7063712477684021,0.567842960357666,0.3585059642791748,0.7342917919158936,0.7178800106048584,0.7217214107513428,0.062198150902986526,0.789402961730957,0.82208251953125,0.519699215888977,0.4432193636894226,0.7153675556182861,0.833778440952301,0.7170512080192566,0.10008155554533005
0.28615856170654297,0.8541697263717651,-0.3598868250846863,0.984248697757721,0.2715626657009125,0.8283414244651794,-0.3890702724456787,0.9838024973869324,0.2731386423110962,0.8254474401473999,-0.38943952322006226,0.9835052490234375,0.27640384435653687,0.8223947882652283,-0.38923200964927673,0.9886821508407593,0.2674763798713684,0.8270572423934937,-0.37027740478515625,0.9807473421096802,0.26452040672302246,0.8258177042007446,-0.3708595633506775,0.983714759349823,0.2613355219364166,0.8253480792045593,-0.37106889486312866,0.9881113767623901,0.2845565676689148,0.784388542175293,-0.4167713522911072,0.993097186088562,0.2685932219028473,0.7779024839401245,-0.33186084032058716,0.9806479811668396,0.306434690952301,0.8286554217338562,-0.3521133065223694,0.9892833232879639,0.3042193055152893,0.8311227560043335,-0.33100390434265137,0.9830361604690552,0.4050469398498535,0.733465313911438,-0.3572719693183899,0.9996432662010193,0.3045981228351593,0.6824093461036682,-0.2047743797302246,0.9991229176521301,0.5710585713386536,0.64726722240448,-0.31785696744918823,0.9735449552536011,0.34227097034454346,0.6473866701126099,-0.05771753937005997,0.12459177523851395,0.5641661882400513,0.8621973395347595,-0.3159668445587158,0.8849761486053467,0.30398502945899963,0.7631698846817017,0.021849755197763443,0.3999943435192108,0.5543078780174255,0.8961247205734253,-0.3481464982032776,0.8464633822441101,0.2807725965976715,0.7762376666069031,0.013096453621983528,0.41815048456192017,0.535211443901062,0.885956346988678,-0.35609641671180725,0.8591874837875366,0.2841681241989136,0.7967721819877625,-0.0030795729253441095,0.4291757643222809,0.5384856462478638,0.8752738833427429,-0.3169935941696167,0.7930147647857666,0.2978110611438751,0.7949020266532898,0.014375810511410236,0.4100921154022217,0.5988506078720093,0.7626988887786865,-0.08311035484075546,0.9991258978843689,0.5253580808639526,0.7157022356987,0.08282919228076935,0.9988018870353699,0.699882984161377,0.760106086730957,0.23236027359962463,0.1662517786026001,0.6359928846359253,0.7350836992263794,0.3684552311897278,0.014077817089855671,0.7714240550994873,0.7365946173667908,0.5492601990699768,0.33734840154647827,0.7189333438873291,0.7362982630729675,0.6906436681747437,0.02700706012547016,0.7921149134635925,0.7073127031326294,0.5800760388374329,0.3457691967487335,0.7343806624412537,0.7195916175842285,0.7263800501823425,0.058402419090270996,0.7890791893005371,0.8210411071777344,0.5354422330856323,0.41996026039123535,0.7139129638671875,0.8300219178199768,0.7235165238380432,0.09256250411272049
0.29176464676856995,0.8500799536705017,-0.3743894696235657,0.9826841354370117,0.27678364515304565,0.8277583718299866,-0.40271052718162537,0.9823824167251587,0.2771702706813812,0.8230410814285278,-0.40307092666625977,0.9821780920028687,0.2784338593482971,0.8196127414703369,-0.4028557240962982,0.9877088069915771,0.27283695340156555,0.8316821455955505,-0.3835003972053528,0.9787798523902893,0.2701655626296997,0.8301516175270081,-0.3841093182563782,0.9821964502334595,0.2672426104545593,0.8298940062522888,-0.38433995842933655,0.9868720173835754,0.2850263714790344,0.7806521058082581,-0.42505526542663574,0.9927310347557068,0.27243393659591675,0.7945235371589661,-0.33744144439697266,0.9795545935630798,0.3125819265842438,0.825682520866394,-0.3646077513694763,0.9879288077354431,0.3105299472808838,0.8284054398536682,-0.342989444732666,0.9807783961296082,0.407477468252182,0.7296946048736572,-0.356640100479126,0.9996393918991089,0.3066664934158325,0.6875874996185303,-0.21603941917419434,0.9989989399909973,0.5728346109390259,0.6740579605102539,-0.3094192147254944,0.9729533195495605,0.3443981111049652,0.6626932621002197,-0.07713410258293152,0.11272719502449036,0.5638288855552673,0.8630678653717041,-0.30061259865760803,0.8875468373298645,0.30786582827568054,0.767236053943634,-0.017172973603010178,0.3620428740978241,0.5539977550506592,0.8968724012374878,-0.33157891035079956,0.8504015207290649,0.2837546467781067,0.7816842198371887,-0.03078620508313179,0.3805806338787079,0.5352214574813843,0.8874431252479553,-0.3442799150943756,0.8632064461708069,0.28736087679862976,0.7987122535705566,-0.048499125987291336,0.3910999298095703,0.5385028123855591,0.8760207891464233,-0.3041742146015167,0.797825813293457,0.30194103717803955,0.7981129884719849,-0.02618393301963806,0.3737175464630127,0.6002093553543091,0.7625104188919067,-0.07749838382005692,0.9991346597671509,0.5307849645614624,0.7247145771980286,0.07723794132471085,0.9987592697143555,0.698747456073761,0.7632787823677063,0.23420849442481995,0.16833749413490295,0.6137793660163879,0.7355449199676514,0.3905780017375946,0.013062040321528912,0.7711494565010071,0.7366628646850586,0.5540852546691895,0.3415035605430603,0.6828935742378235,0.7346218824386597,0.7367196679115295,0.025810526683926582,0.7906247973442078,0.7071269750595093,0.5859869718551636,0.35151922702789307,0.7012091875076294,0.7112984657287598,0.7765952944755554,0.05719783902168274,0.7889903783798218,0.8207921981811523,0.548979640007019,0.42118239402770996,0.6789206266403198,0.8296263217926025,0.7944803833961487,0.08863115310668945
0.2903221845626831,0.8420633673667908,-0.3445790410041809,0.9821460843086243,0.2762743830680847,0.8136164546012878,-0.37316060066223145,0.9818771481513977,0.2766796350479126,0.8091679811477661,-0.37350645661354065,0.9816519618034363,0.2780873477458954,0.8047360181808472,-0.3733100891113281,0.9873939752578735,0.27238231897354126,0.8153152465820312,-0.35333049297332764,0.9778164029121399,0.269600510597229,0.8122895956039429,-0.3539469242095947,0.9812423586845398,0.2669011950492859,0.8098397850990295,-0.35413795709609985,0.9860723614692688,0.2865815758705139,0.7616645097732544,-0.399361252784729,0.9926609992980957,0.27245694398880005,0.7667863368988037,-0.3109554946422577,0.978847086429596,0.3111526370048523,0.8230140805244446,-0.3364357352256775,0.9872598648071289,0.30597710609436035,0.8221032023429871,-0.3138526380062103,0.9794947504997253,0.40509170293807983,0.7186801433563232,-0.34770604968070984,0.9996422529220581,0.30401304364204407,0.6691243648529053,-0.19565285742282867,0.9988651275634766,0.5668982863426208,0.6888209581375122,-0.32622841000556946,0.9739983081817627,0.327862948179245,0.6743876338005066,-0.06475510448217392,0.1019270196557045,0.5601364374160767,0.8632392287254333,-0.34515905380249023,0.8955435156822205,0.3106063902378082,0.7693349123001099,-0.004695574752986431,0.32816898822784424,0.55052649974823,0.8965996503829956,-0.38716480135917664,0.860777735710144,0.29108092188835144,0.7822097539901733,-0.019260132685303688,0.3474331498146057,0.5339775085449219,0.8875230550765991,-0.4004317820072174,0.8728715181350708,0.29565513134002686,0.8029417395591736,-0.03784554824233055,0.35763782262802124,0.5367875695228577,0.8760033249855042,-0.35096585750579834,0.8111156225204468,0.30943208932876587,0.8010499477386475,-0.013939298689365387,0.3417772650718689,0.6101769208908081,0.7556031346321106,-0.07625843584537506,0.999158501625061,0.5421817898750305,0.7249400615692139,0.07601575553417206,0.9987476468086243,0.7051342725753784,0.7578383684158325,0.23490676283836365,0.17496222257614136,0.6119091510772705,0.7364316582679749,0.3757520318031311,0.012375670485198498,0.7711628675460815,0.7360643744468689,0.5572512745857239,0.3470454812049866,0.6856462955474854,0.7333078384399414,0.7157905697822571,0.02474178373813629,0.7907165288925171,0.7069345712661743,0.5888787508010864,0.3561454117298126,0.7040783166885376,0.7112104892730713,0.7551580667495728,0.055545106530189514,0.7897322177886963,0.820882260799408,0.554125189781189,0.4238382875919342,0.6825368404388428,0.8291113376617432,0.7733282446861267,0.08532579988241196
0.2502296566963196,0.8222306370735168,-0.36161476373672485,0.9824500679969788,0.24003863334655762,0.7911179661750793,-0.3930956721305847,0.9820469617843628,0.24246975779533386,0.7859901189804077,-0.39347338676452637,0.9816497564315796,0.2448190450668335,0.7811279892921448,-0.39330148696899414,0.9872979521751404,0.23611894249916077,0.7931153774261475,-0.37464088201522827,0.9785346984863281,0.23585493862628937,0.7896827459335327,-0.3752586841583252,0.9819205403327942,0.23517946898937225,0.7869250178337097,-0.3754750192165375,0.9866536259651184,0.2705172896385193,0.740044891834259,-0.40507015585899353,0.9923487901687622,0.255770742893219,0.745535135269165,-0.3095100522041321,0.9795546531677246,0.27676916122436523,0.8102274537086487,-0.34483885765075684,0.9872918725013733,0.27269110083580017,0.8120926022529602,-0.33265164494514465,0.9801024198532104,0.3986375033855438,0.7074697613716125,-0.3851017355918884,0.9996251463890076,0.3089933693408966,0.6566779017448425,-0.175620898604393,0.9988779425621033,0.5674225687980652,0.682263195514679,-0.331654816865921,0.970451295375824,0.4027350842952728,0.663845419883728,-0.007570711430162191,0.09223110973834991,0.564627468585968,0.8715680241584778,-0.30674439668655396,0.8618608117103577,0.3624631464481354,0.7860668897628784,0.0405157208442688,0.295797199010849,0.5512316823005676,0.899077296257019,-0.3374357223510742,0.8270054459571838,0.3423142433166504,0.7969565391540527,0.032111410051584244,0.31353747844696045,0.535517156124115,0.8898337483406067,-0.346609890460968,0.8400295972824097,0.3450759947299957,0.8062431216239929,0.006608306430280209,0.3228040635585785,0.5385922193527222,0.8797173500061035,-0.30778372287750244,0.7711366415023804,0.3511243462562561,0.8054094314575195,0.0285850428044796,0.308536559343338,0.6087468266487122,0.7410656213760376,-0.08879442512989044,0.9991716146469116,0.5417031645774841,0.7026852965354919,0.08859780430793762,0.9987624287605286,0.7051990628242493,0.7543284296989441,0.20510447025299072,0.16300824284553528,0.6287112832069397,0.7465615272521973,0.3562760353088379,0.011262292042374611,0.7715736031532288,0.7345746159553528,0.5070723295211792,0.3293437957763672,0.7225047945976257,0.7344016432762146,0.6358426213264465,0.02303401567041874,0.7917415499687195,0.705501914024353,0.5357470512390137,0.3468295633792877,0.7386293411254883,0.711543619632721,0.6666945219039917,0.052957817912101746,0.7896064519882202,0.8213419318199158,0.4962523877620697,0.4017861485481262,0.729164719581604,0.8538675904273987,0.6603404879570007,0.07937858998775482
0.23311805725097656,0.7667364478111267,-0.3465695381164551,0.9836474657058716,0.22381380200386047,0.7259159684181213,-0.3704465925693512,0.9832636713981628,0.22626256942749023,0.7213694453239441,-0.37080124020576477,0.9828802943229675,0.22892940044403076,0.7175413966178894,-0.3705710470676422,0.9880954623222351,0.22138123214244843,0.7234627604484558,-0.3402383327484131,0.9801884889602661,0.2219700813293457,0.7175589799880981,-0.3408811688423157,0.9833659529685974,0.22239263355731964,0.7122169733047485,-0.34109580516815186,0.9877314567565918,0.2548113167285919,0.6791486144065857,-0.3996511399745941,0.9928147196769714,0.24544966220855713,0.6755812168121338,-0.26137229800224304,0.9812629222869873,0.2564534544944763,0.7738466262817383,-0.34404563903808594,0.9883095622062683,0.25376278162002563,0.7725550532341003,-0.3096132278442383,0.9817970991134644,0.40061575174331665,0.6884869337081909,-0.376126229763031,0.9996393322944641,0.31815803050994873,0.6275233626365662,-0.12791021168231964,0.998954713344574,0.5651782155036926,0.6771342158317566,-0.3359639048576355,0.972447395324707,0.39018499851226807,0.6613451838493347,0.04095955938100815,0.0857221782207489,0.5657323598861694,0.8793020248413086,-0.3369729220867157,0.8736863136291504,0.36024850606918335,0.8209987878799438,0.06382863223552704,0.29051339626312256,0.5521064400672913,0.9024921655654907,-0.3816138803958893,0.8419338464736938,0.33499962091445923,0.8304312229156494,0.048891253769397736,0.3178574740886688,0.535530686378479,0.8915027976036072,-0.38962632417678833,0.8538998365402222,0.33699831366539,0.8359636068344116,0.018892213702201843,0.32946935296058655,0.5385569930076599,0.8832578659057617,-0.3388093113899231,0.7896237969398499,0.34716445207595825,0.8370166420936584,0.04948386549949646,0.3115326166152954,0.611517071723938,0.7103197574615479,-0.09349042922258377,0.9992149472236633,0.5450877547264099,0.6884428262710571,0.09334708005189896,0.9988318085670471,0.7048953771591187,0.7449769973754883,0.19637954235076904,0.17089848220348358,0.6340609788894653,0.7519892454147339,0.3378801941871643,0.010867834091186523,0.7726491093635559,0.7332570552825928,0.5080504417419434,0.3504672646522522,0.731742262840271,0.7357594966888428,0.6182565093040466,0.02372494712471962,0.7940494418144226,0.7053350806236267,0.5364779233932495,0.36665990948677063,0.7458485960960388,0.7113465070724487,0.6485977172851562,0.056627433747053146,0.7895022630691528,0.8233358860015869,0.4838903844356537,0.42365482449531555,0.7394975423812866,0.8493674993515015,0.6310800313949585,0.08384934067726135
0.2340296059846878,0.6490893959999084,-0.2669712007045746,0.9848101139068604,0.22594185173511505,0.6136149168014526,-0.28797587752342224,0.9845377802848816,0.22802476584911346,0.6091005206108093,-0.28841695189476013,0.9841938614845276,0.2301786243915558,0.6053931713104248,-0.28819209337234497,0.9889524579048157,0.22451598942279816,0.6142615079879761,-0.25495803356170654,0.981820821762085,0.22538335621356964,0.6106396913528442,-0.25559478998184204,0.9847798943519592,0.22596375644207,0.60771644115448,-0.25581949949264526,0.9887642860412598,0.25210151076316833,0.5714299082756042,-0.32474377751350403,0.9933473467826843,0.2473529577255249,0.576941192150116,-0.1751832813024521,0.9828948378562927,0.25726616382598877,0.6532617211341858,-0.27067118883132935,0.9892529249191284,0.2543650269508362,0.6547428369522095,-0.2304026335477829,0.9833789467811584,0.3681196868419647,0.5924596190452576,-0.34530001878738403,0.9996469616889954,0.32632920145988464,0.5731182098388672,-0.03208756446838379,0.9989833235740662,0.546707272529602,0.6764752864837646,-0.33889198303222656,0.9725003242492676,0.3863222301006317,0.6653010249137878,0.07433078438043594,0.07956092804670334,0.5661597847938538,0.8773645758628845,-0.38049745559692383,0.8848482370376587,0.35547327995300293,0.8321135640144348,0.025622675195336342,0.31647688150405884,0.5531219244003296,0.8991480469703674,-0.4358065128326416,0.8563061952590942,0.33439695835113525,0.831707775592804,0.025585168972611427,0.35741427540779114,0.5377358198165894,0.8900522589683533,-0.44447797536849976,0.8672060370445251,0.33075183629989624,0.8363208174705505,-0.017239879816770554,0.37118467688560486,0.5408466458320618,0.8831857442855835,-0.3842622637748718,0.8078969717025757,0.3428175747394562,0.840539276599884,0.019250553101301193,0.34958523511886597,0.6119073629379272,0.6655310392379761,-0.10317149013280869,0.9992637634277344,0.5514992475509644,0.6557983160018921,0.10302563011646271,0.998910129070282,0.7045748829841614,0.7215389609336853,0.19026455283164978,0.18794919550418854,0.6326978802680969,0.7503865361213684,0.3392610549926758,0.011400931514799595,0.7726653218269348,0.7302390336990356,0.49795013666152954,0.37872979044914246,0.741682231426239,0.736517608165741,0.621924638748169,0.026673683896660805,0.7946113348007202,0.7050140500068665,0.5243869423866272,0.390375554561615,0.7586299777030945,0.7111926674842834,0.6510826349258423,0.06431503593921661,0.7894206643104553,0.8237302303314209,0.4520196318626404,0.4482419490814209,0.7488256096839905,0.8446455001831055,0.6175971627235413,0.09218969941139221
0.2392505705356598,0.5556957721710205,-0.2919524312019348,0.986065685749054,0.23345252871513367,0.5236930251121521,-0.3094359338283539,0.9857696294784546,0.23582980036735535,0.5196261405944824,-0.30989915132522583,0.9854947924613953,0.2383125126361847,0.5163835287094116,-0.3096886873245239,0.9897655248641968,0.2312028408050537,0.5244801640510559,-0.2797173857688904,0.9834128022193909,0.23169966042041779,0.5213170647621155,-0.2803599238395691,0.9861736297607422,0.23167841136455536,0.5188846588134766,-0.28061360120773315,0.9897764921188354,0.2596591114997864,0.4927787780761719,-0.3257244825363159,0.9938564896583557,0.24990598857402802,0.49655380845069885,-0.19232437014579773,0.9844869375228882,0.2604392170906067,0.5557718873023987,-0.2881661355495453,0.9901489615440369,0.25738126039505005,0.5582504272460938,-0.25218290090560913,0.9849046468734741,0.3784453272819519,0.5401004552841187,-0.33476075530052185,0.9996554255485535,0.3292136788368225,0.5275829434394836,-0.03858046606183052,0.999056339263916,0.5459994077682495,0.694102942943573,-0.3351871967315674,0.9725385904312134,0.39233502745628357,0.668944239616394,0.052793681621551514,0.0780242457985878,0.5678267478942871,0.876660168170929,-0.37779945135116577,0.8956654667854309,0.3535672426223755,0.8390017747879028,-0.057196445763111115,0.37736761569976807,0.5515532493591309,0.8986133337020874,-0.4351554811000824,0.8701092004776001,0.3306221067905426,0.8397194743156433,-0.08981601893901825,0.4179995059967041,0.5376479029655457,0.8888933658599854,-0.4438357353210449,0.879993736743927,0.33033186197280884,0.8438403606414795,-0.13115368783473969,0.43107330799102783,0.5413980484008789,0.8827775120735168,-0.38219088315963745,0.8260271549224854,0.34156137704849243,0.8482973575592041,-0.07852321118116379,0.41041916608810425,0.6118506193161011,0.6265311241149902,-0.10107529163360596,0.9992746710777283,0.5554941296577454,0.616441547870636,0.10089874267578125,0.9989520311355591,0.7051275968551636,0.7047760486602783,0.18825951218605042,0.2029823213815689,0.6145861744880676,0.7278384566307068,0.3360292315483093,0.011829163879156113,0.7726632356643677,0.7234975099563599,0.48846539855003357,0.40613800287246704,0.7334226965904236,0.736257016658783,0.6196815967559814,0.029251504689455032,0.7947046160697937,0.7036363482475281,0.514080822467804,0.41750413179397583,0.7541927099227905,0.7127236127853394,0.6488770246505737,0.07139560580253601,0.7887707352638245,0.8229290246963501,0.43725258111953735,0.4757313132286072,0.7429043650627136,0.8436142206192017,0.6067482829093933,0.10017712414264679
0.24854150414466858,0.5105921030044556,-0.3198202848434448,0.9869632720947266,0.24985361099243164,0.4748293459415436,-0.3379650115966797,0.9865130186080933,0.2535035014152527,0.470124214887619,-0.33838456869125366,0.9861524701118469,0.25782838463783264,0.4648036062717438,-0.33817511796951294,0.9900434613227844,0.24543015658855438,0.4758782982826233,-0.3127354681491852,0.984636664390564,0.24574065208435059,0.47255587577819824,-0.3133792281150818,0.9872812628746033,0.2455885112285614,0.46984389424324036,-0.31363850831985474,0.9906076788902283,0.29072657227516174,0.43318918347358704,-0.34672683477401733,0.9939879775047302,0.26564377546310425,0.44316884875297546,-0.23389632999897003,0.985863208770752,0.272098183631897,0.5166584253311157,-0.31412801146507263,0.9907013773918152,0.2655537724494934,0.5205950140953064,-0.281604140996933,0.9861677289009094,0.4264255166053772,0.5118916630744934,-0.330518901348114,0.9996285438537598,0.33151212334632874,0.49832504987716675,-0.08221308887004852,0.9991345405578613,0.5608919858932495,0.6901180744171143,-0.2965123653411865,0.9725288152694702,0.3681336045265198,0.6666187644004822,-0.04734796658158302,0.08709591627120972,0.5677406191825867,0.8749180436134338,-0.28776878118515015,0.9045602083206177,0.35219907760620117,0.84400874376297,-0.14211729168891907,0.434285432100296,0.5492345094680786,0.8985996842384338,-0.3274152874946594,0.8812793493270874,0.329311341047287,0.8511654138565063,-0.173710435628891,0.47218915820121765,0.535544753074646,0.8888757228851318,-0.3422131836414337,0.8903436064720154,0.3310135006904602,0.8550294637680054,-0.2051580399274826,0.48469871282577515,0.5409188866615295,0.8824535608291626,-0.29305824637413025,0.8401109576225281,0.34203165769577026,0.855613648891449,-0.15897876024246216,0.46474552154541016,0.6156653761863708,0.6068616509437561,-0.08220014721155167,0.9992614388465881,0.554632842540741,0.6132150292396545,0.08196959644556046,0.9989736676216125,0.7046350240707397,0.6874315738677979,0.2253406047821045,0.21125280857086182,0.5215818881988525,0.6909506916999817,0.2203139066696167,0.012622781097888947,0.7686590552330017,0.7146216630935669,0.5323110818862915,0.41468140482902527,0.6117478609085083,0.7328351140022278,0.526114821434021,0.029605360701680183,0.7872810959815979,0.6954927444458008,0.5608024001121521,0.41664546728134155,0.6353150606155396,0.7128803730010986,0.5608310103416443,0.07077328860759735,0.7898915410041809,0.8172237873077393,0.5137967467308044,0.48194143176078796,0.6566320657730103,0.8463118076324463,0.5561607480049133,0.10133364796638489
0.2648417055606842,0.44240787625312805,-0.46882787346839905,0.9869691729545593,0.2664143741130829,0.4040739834308624,-0.4861814081668854,0.9861730933189392,0.27117353677749634,0.3982367515563965,-0.4865965247154236,0.9855838418006897,0.27663204073905945,0.3920013904571533,-0.4864046573638916,0.9893619418144226,0.2591818869113922,0.40514513850212097,-0.46487993001937866,0.9850330948829651,0.25870856642723083,0.4014109671115875,-0.4656057357788086,0.9878015518188477,0.2579341530799866,0.39708229899406433,-0.46597784757614136,0.9910674095153809,0.30567651987075806,0.35454657673835754,-0.48361581563949585,0.9934448599815369,0.277271568775177,0.36610040068626404,-0.39120349287986755,0.9867241978645325,0.2869897782802582,0.449931263923645,-0.4558599591255188,0.9908265471458435,0.27798622846603394,0.45501235127449036,-0.43160074949264526,0.9870646595954895,0.45599299669265747,0.4288676083087921,-0.4387741684913635,0.9995709657669067,0.3303213119506836,0.42756229639053345,-0.2431570291519165,0.9991995096206665,0.5971876382827759,0.6494824886322021,-0.41494470834732056,0.9734882712364197,0.3565537929534912,0.6478383541107178,-0.1591869294643402,0.08962925523519516,0.5744344592094421,0.8543466329574585,-0.4202287197113037,0.9127269983291626,0.3516722321510315,0.8408086895942688,-0.2530939280986786,0.4733217656612396,0.5533021688461304,0.8920900821685791,-0.47286421060562134,0.8910974264144897,0.3281611204147339,0.8544409275054932,-0.2864561080932617,0.510993480682373,0.5376275181770325,0.8809175491333008,-0.48586535453796387,0.8995250463485718,0.3297829031944275,0.8581637740135193,-0.3209949731826782,0.5248339176177979,0.5443821549415588,0.868945837020874,-0.42653656005859375,0.852466881275177,0.3415929675102234,0.856870710849762,-0.2712358236312866,0.5033999681472778,0.6139284372329712,0.5395445227622986,-0.07780572772026062,0.9992685914039612,0.5374992489814758,0.5259858965873718,0.07750645279884338,0.9990083575248718,0.6990026235580444,0.6624079942703247,0.22651532292366028,0.21639370918273926,0.5538775324821472,0.6246160864830017,0.2908020615577698,0.012351928278803825,0.7669764757156372,0.7062761187553406,0.5381792783737183,0.42522484064102173,0.6357661485671997,0.6961629390716553,0.6475030779838562,0.029321620240807533,0.7864115834236145,0.6921602487564087,0.5655254125595093,0.416450172662735,0.6584690809249878,0.6855427026748657,0.6851810812950134,0.06927171349525452,0.7844066619873047,0.8150196671485901,0.5031063556671143,0.49210554361343384,0.6310684084892273,0.8128752112388611,0.6563388705253601,0.10101169347763062
0.3110754191875458,0.3981494605541229,-0.4470096230506897,0.9880241751670837,0.30958056449890137,0.35830414295196533,-0.46291160583496094,0.9872751832008362,0.31353291869163513,0.3506522476673126,-0.4633328318595886,0.9866675138473511,0.3182374835014343,0.34068867564201355,-0.46312394738197327,0.9901224374771118,0.2985674738883972,0.3658812642097473,-0.4464053511619568,0.9863337278366089,0.2960333526134491,0.365069717168808,-0.447117418050766,0.9888715744018555,0.293136328458786,0.36426255106925964,-0.4474876821041107,0.9918624758720398,0.333476722240448,0.30237892270088196,-0.4528099596500397,0.9938501119613647,0.2991176247596741,0.34010401368141174,-0.38198891282081604,0.9879506826400757,0.3333830237388611,0.3969883918762207,-0.4304161071777344,0.9914816617965698,0.32257959246635437,0.410947322845459,-0.4132991433143616,0.988196074962616,0.47749900817871094,0.3789190948009491,-0.4210226535797119,0.9995616674423218,0.33497360348701477,0.4153593182563782,-0.2507896423339844,0.9992638230323792,0.5969308614730835,0.6427479386329651,-0.394889771938324,0.9752850532531738,0.3521443009376526,0.6329325437545776,-0.18193210661411285,0.13216595351696014,0.5736901760101318,0.8586405515670776,-0.3912692964076996,0.920799732208252,0.3514001667499542,0.837215006351471,-0.2633683979511261,0.5203973650932312,0.5500596761703491,0.8922408819198608,-0.4393123984336853,0.9009108543395996,0.3279630243778229,0.8542993068695068,-0.29388219118118286,0.5538148880004883,0.5366286039352417,0.8810358643531799,-0.44985952973365784,0.9086208939552307,0.331302672624588,0.8592255711555481,-0.32824862003326416,0.5674682259559631,0.5435830950737,0.8707036972045898,-0.39617329835891724,0.865393340587616,0.34444186091423035,0.8556211590766907,-0.2811749577522278,0.5466881394386292,0.6233946681022644,0.537296712398529,-0.06186092644929886,0.9992844462394714,0.5379496216773987,0.5359717011451721,0.061632007360458374,0.9990537166595459,0.6987333297729492,0.6407706141471863,0.24841567873954773,0.2601746916770935,0.4651145935058594,0.6524031758308411,0.09774906933307648,0.03438812866806984,0.7669594287872314,0.7029268741607666,0.5512102246284485,0.46392902731895447,0.577130913734436,0.6983600854873657,0.3642923831939697,0.042972780764102936,0.7853723168373108,0.6903054714202881,0.5794543623924255,0.43685483932495117,0.6012543439865112,0.6878997087478638,0.3962422311306,0.07931952178478241,0.7842596769332886,0.8151821494102478,0.5303662419319153,0.52206951379776,0.6268218755722046,0.8189522624015808,0.38297921419143677,0.1235596090555191
0.32140129804611206,0.367043673992157,-0.43813881278038025,0.9890842437744141,0.31692442297935486,0.3250477612018585,-0.4527619779109955,0.9883710145950317,0.3197236657142639,0.3136986792087555,-0.45317330956459045,0.9877501130104065,0.32709312438964844,0.302836537361145,-0.45296311378479004,0.9909057021141052,0.3108876347541809,0.32469144463539124,-0.43807753920555115,0.9876006841659546,0.3100678324699402,0.32138821482658386,-0.4387875199317932,0.9899076819419861,0.30677175521850586,0.31580594182014465,-0.4391527771949768,0.9926321506500244,0.3382130265235901,0.279296875,-0.4444504678249359,0.9942682385444641,0.3206340968608856,0.2895800471305847,-0.38368794322013855,0.9891003370285034,0.3426892161369324,0.35829776525497437,-0.4233306348323822,0.9921508431434631,0.33701056241989136,0.3692484498023987,-0.4087437689304352,0.9892779588699341,0.4849475920200348,0.36548101902008057,-0.4247800409793854,0.9995585680007935,0.35032209753990173,0.3914797604084015,-0.2580960690975189,0.9993256330490112,0.5956582427024841,0.6316146850585938,-0.39304423332214355,0.9728074669837952,0.3528335988521576,0.6202396750450134,-0.18889346718788147,0.1581221967935562,0.5731853246688843,0.8580942749977112,-0.38954228162765503,0.9235231280326843,0.3547179102897644,0.8359965085983276,-0.2733163833618164,0.5597981214523315,0.5497975945472717,0.8901959657669067,-0.425974041223526,0.9039164781570435,0.3297564685344696,0.8569063544273376,-0.30684739351272583,0.5893334150314331,0.5365830659866333,0.8800405859947205,-0.44611459970474243,0.9117488265037537,0.3334416449069977,0.8611837029457092,-0.34355053305625916,0.6035183668136597,0.5432394742965698,0.8706522583961487,-0.39154624938964844,0.868800163269043,0.34640100598335266,0.8563193678855896,-0.29266056418418884,0.5822771191596985,0.6302722692489624,0.5222973227500916,-0.05707265064120293,0.9992899894714355,0.5509856939315796,0.51832115650177,0.05683115869760513,0.9990974068641663,0.6988089680671692,0.6364195942878723,0.30255740880966187,0.26070624589920044,0.4564027190208435,0.6123982667922974,0.11670460551977158,0.035663146525621414,0.7669885754585266,0.7024692296981812,0.6107521653175354,0.4652002453804016,0.5632973909378052,0.6672326326370239,0.3921572268009186,0.04145801067352295,0.7855275869369507,0.6909594535827637,0.6402700543403625,0.42922279238700867,0.5850111246109009,0.6537441611289978,0.425387442111969,0.07579079270362854,0.7787965536117554,0.8150221109390259,0.5945090055465698,0.5196497440338135,0.5765399932861328,0.7550699710845947,0.4158839285373688,0.1199430599808693
0.3278026282787323,0.281088262796402,-0.4003739356994629,0.9899218678474426,0.3211987018585205,0.2515330910682678,-0.4141077399253845,0.9890692234039307,0.32392218708992004,0.2492697387933731,-0.4145415425300598,0.9883600473403931,0.3280237913131714,0.24711740016937256,-0.4143669605255127,0.9912737607955933,0.31552034616470337,0.2525500953197479,-0.42146414518356323,0.9886102676391602,0.3146800100803375,0.2522132396697998,-0.422168493270874,0.9907588362693787,0.31311991810798645,0.25171712040901184,-0.4225314259529114,0.9932721257209778,0.3353433310985565,0.24654442071914673,-0.4156018793582916,0.9943909049034119,0.3304833769798279,0.24902553856372833,-0.370464563369751,0.9900884032249451,0.3499276340007782,0.29904791712760925,-0.3896518647670746,0.9925652146339417,0.3431575298309326,0.30484914779663086,-0.3977678716182709,0.9901735782623291,0.4689977765083313,0.3593384623527527,-0.41472363471984863,0.9995419979095459,0.3628036081790924,0.3645171821117401,-0.24784724414348602,0.999376118183136,0.5638401508331299,0.6346843242645264,-0.3840189576148987,0.957339882850647,0.35339874029159546,0.6149860620498657,-0.18408562242984772,0.18384575843811035,0.5730522871017456,0.8575953841209412,-0.33365747332572937,0.9147219657897949,0.3550340235233307,0.8347461223602295,-0.24800559878349304,0.5978506803512573,0.5498048663139343,0.8880867958068848,-0.36915722489356995,0.8974561095237732,0.3290351331233978,0.8554469347000122,-0.27733418345451355,0.6247190833091736,0.5373311042785645,0.878642201423645,-0.391522079706192,0.9065796732902527,0.33266642689704895,0.860252320766449,-0.31818872690200806,0.6387342214584351,0.5446292161941528,0.8698548078536987,-0.3412061333656311,0.8616557121276855,0.3462072014808655,0.856353759765625,-0.26885169744491577,0.6177105903625488,0.6307710409164429,0.5199998021125793,-0.05187346786260605,0.9992789626121521,0.5652350187301636,0.4980180561542511,0.051585666835308075,0.9991360306739807,0.6970958113670349,0.6265255212783813,0.3031611442565918,0.26335376501083374,0.444470077753067,0.5638418197631836,0.10851942002773285,0.03877098485827446,0.7669089436531067,0.7036710381507874,0.5904739499092102,0.4717215597629547,0.5807152986526489,0.6783280372619629,0.30191588401794434,0.04413735866546631,0.7858103513717651,0.6973802447319031,0.6179789900779724,0.4303489327430725,0.6127091646194458,0.6642706990242004,0.32550013065338135,0.07713118195533752,0.7705016732215881,0.8110042214393616,0.5892109870910645,0.5201948881149292,0.5953699350357056,0.7723890542984009,0.3160898685455322,0.12360363453626633
0.331096887588501,0.3220497667789459,-0.48664331436157227,0.9905915856361389,0.3272021412849426,0.2818969488143921,-0.503761887550354,0.9896879196166992,0.3298943042755127,0.2759416997432709,-0.5041791796684265,0.9888869524002075,0.333057165145874,0.26582831144332886,-0.5039501786231995,0.9915534853935242,0.3206943869590759,0.2864050269126892,-0.4891231060028076,0.9894854426383972,0.3193226754665375,0.28409746289253235,-0.48983970284461975,0.9915006160736084,0.3163866400718689,0.28089916706085205,-0.49024924635887146,0.9938351511955261,0.3464769124984741,0.23628400266170502,-0.4946955740451813,0.9943853616714478,0.3293391168117523,0.256428986787796,-0.42630958557128906,0.9909579753875732,0.3497576117515564,0.32007837295532227,-0.4710133969783783,0.9927204251289368,0.34394770860671997,0.32732364535331726,-0.4554557800292969,0.9908528327941895,0.48148399591445923,0.31806597113609314,-0.4725040793418884,0.9994749426841736,0.3557790517807007,0.3542645275592804,-0.2944895923137665,0.9994212985038757,0.567787766456604,0.6124740242958069,-0.4668017029762268,0.9530658721923828,0.3511851727962494,0.6005545854568481,-0.23437483608722687,0.22156023979187012,0.5722320675849915,0.8559134006500244,-0.4495421051979065,0.9130541682243347,0.35511451959609985,0.8339856266975403,-0.3197471499443054,0.6336839199066162,0.5468592047691345,0.8870895504951477,-0.49137139320373535,0.8960321545600891,0.3289386034011841,0.8535336256027222,-0.3507259786128998,0.6570979356765747,0.5363841652870178,0.8769491314888,-0.5068255066871643,0.9056739807128906,0.3321708142757416,0.859087347984314,-0.3902425467967987,0.6707566976547241,0.5442852973937988,0.868260383605957,-0.45546141266822815,0.858769953250885,0.34564149379730225,0.855572521686554,-0.33973926305770874,0.6502161622047424,0.628929078578949,0.4870922863483429,-0.05602407455444336,0.9992961287498474,0.5522980690002441,0.4984804689884186,0.055764954537153244,0.9991877675056458,0.6969810724258423,0.6076639890670776,0.28092676401138306,0.28688040375709534,0.44554010033607483,0.6041399836540222,0.12556597590446472,0.052829813212156296,0.7674258947372437,0.7021154761314392,0.5597718954086304,0.5033884644508362,0.5739265084266663,0.6846506595611572,0.35447728633880615,0.05875249579548836,0.7863828539848328,0.6976579427719116,0.5826484560966492,0.44724780321121216,0.5978156924247742,0.6652248501777649,0.3816276788711548,0.08685477823019028,0.7722439169883728,0.8111142516136169,0.5199884176254272,0.5460072755813599,0.5945878624916077,0.7879872918128967,0.3522542715072632,0.14714890718460083
0.33384281396865845,0.3158307671546936,-0.4822406768798828,0.9911134243011475,0.33013859391212463,0.27357611060142517,-0.48216232657432556,0.9901466369628906,0.3328469693660736,0.26672038435935974,-0.4825703501701355,0.9891614317893982,0.33581551909446716,0.26039955019950867,-0.482194185256958,0.9916367530822754,0.3244161307811737,0.2815612554550171,-0.4768332839012146,0.9902534484863281,0.32320457696914673,0.27982959151268005,-0.4777657985687256,0.9921456575393677,0.3212651312351227,0.27880537509918213,-0.4787445664405823,0.9943351745605469,0.3509511947631836,0.22646532952785492,-0.4491679072380066,0.9941149950027466,0.3329636752605438,0.2502627968788147,-0.39985907077789307,0.9917358756065369,0.3519309163093567,0.3120141923427582,-0.4543302655220032,0.9924903512001038,0.34665197134017944,0.3234650194644928,-0.453745037317276,0.9913111329078674,0.47367459535598755,0.2597038447856903,-0.4333813786506653,0.9992737174034119,0.3579982817173004,0.36674070358276367,-0.2572330832481384,0.9994537234306335,0.56703782081604,0.5567906498908997,-0.4144107699394226,0.9098169803619385,0.35171955823898315,0.5969189405441284,-0.19636568427085876,0.2440631091594696,0.571934700012207,0.7638909220695496,-0.33081844449043274,0.8555575013160706,0.35561901330947876,0.8333362936973572,-0.2701394855976105,0.6609107851982117,0.547235369682312,0.8497897386550903,-0.3506099581718445,0.844423770904541,0.32803013920783997,0.8528138995170593,-0.2972910404205322,0.680539608001709,0.5375557541847229,0.8423044681549072,-0.37185510993003845,0.8561605215072632,0.3315971791744232,0.8582788109779358,-0.3329591751098633,0.6947594881057739,0.5444623231887817,0.8089555501937866,-0.3372616469860077,0.804599404335022,0.3452446758747101,0.8549203872680664,-0.28882110118865967,0.673684298992157,0.62796950340271,0.4936032295227051,-0.05648251250386238,0.9992836713790894,0.5522467494010925,0.5142309069633484,0.05621189996600151,0.9992262125015259,0.6961008310317993,0.6070874333381653,0.2760876715183258,0.2989594638347626,0.4345971941947937,0.6168744564056396,0.07429685443639755,0.06731721758842468,0.7674918174743652,0.7019069194793701,0.5029779672622681,0.5290302038192749,0.5695405006408691,0.7102587223052979,0.2823827266693115,0.0765802189707756,0.7864905595779419,0.698910117149353,0.5230620503425598,0.45508432388305664,0.5934418439865112,0.7166486382484436,0.30715563893318176,0.10097860544919968,0.7722167372703552,0.8116000890731812,0.45798078179359436,0.5648896098136902,0.5457783937454224,0.8474375605583191,0.2817442715167999,0.17308391630649567
0.3273161053657532,0.2958667278289795,-0.40747126936912537,0.9919149875640869,0.3237024247646332,0.2614920437335968,-0.41965240240097046,0.9910032749176025,0.326364666223526,0.25324612855911255,-0.42006081342697144,0.9900661110877991,0.32853448390960693,0.2506399154663086,-0.4198002219200134,0.9923043847084045,0.32024866342544556,0.26117363572120667,-0.4077368676662445,0.9911583065986633,0.3203897476196289,0.25808030366897583,-0.40845924615859985,0.9928807616233826,0.31992849707603455,0.2559312582015991,-0.40892067551612854,0.9948693513870239,0.3441118001937866,0.22759617865085602,-0.4222942888736725,0.9945575594902039,0.33597108721733093,0.22948049008846283,-0.37004029750823975,0.9925267100334167,0.34702372550964355,0.2923310399055481,-0.3982779085636139,0.9930328130722046,0.3436519503593445,0.3015407621860504,-0.3886041045188904,0.9920726418495178,0.45385870337486267,0.31484702229499817,-0.4260163903236389,0.9992883801460266,0.36605197191238403,0.3505648374557495,-0.2566379904747009,0.9994938373565674,0.5359002351760864,0.5828109979629517,-0.41374340653419495,0.889831006526947,0.3518884778022766,0.59504234790802,-0.18186596035957336,0.25909852981567383,0.5718984603881836,0.7964250445365906,-0.31757545471191406,0.8393715620040894,0.357827365398407,0.8303863406181335,-0.2562181055545807,0.6869332790374756,0.5471593141555786,0.8520423173904419,-0.3454585671424866,0.8310143947601318,0.3277272880077362,0.847448468208313,-0.2832438349723816,0.7044286131858826,0.5381394624710083,0.8455804586410522,-0.3648882806301117,0.8434844017028809,0.3325360417366028,0.8571311831474304,-0.32124197483062744,0.7185755968093872,0.5456310510635376,0.8209706544876099,-0.3236882984638214,0.7876981496810913,0.34766656160354614,0.8538832664489746,-0.2759941518306732,0.6970443725585938,0.6284786462783813,0.512959897518158,-0.056224655359983444,0.9993242621421814,0.5614398717880249,0.5072839260101318,0.05591818690299988,0.9992826581001282,0.7005772590637207,0.6162876486778259,0.3121630549430847,0.3218752145767212,0.4376917779445648,0.6028438806533813,0.11567412316799164,0.08034221827983856,0.7694092988967896,0.7048655152320862,0.5603116750717163,0.5581490993499756,0.5523683428764343,0.713659942150116,0.2728129029273987,0.09334561228752136,0.7881191968917847,0.7113743424415588,0.5809904336929321,0.4779924750328064,0.5850368738174438,0.7235549092292786,0.29169127345085144,0.11680833995342255,0.768616259098053,0.8089008927345276,0.5397694110870361,0.5880439281463623,0.5293493270874023,0.844200074672699,0.2748718857765198,0.19990938901901245
0.3372255265712738,0.3345983624458313,-0.5087180733680725,0.9925390481948853,0.33139196038246155,0.29023635387420654,-0.5237094163894653,0.9916883707046509,0.33476972579956055,0.2777326703071594,-0.524154007434845,0.9907829761505127,0.33676400780677795,0.27085453271865845,-0.5239762663841248,0.9928250908851624,0.3259449601173401,0.2949087619781494,-0.5061337351799011,0.9918997883796692,0.3247564435005188,0.29140976071357727,-0.506813645362854,0.9934836626052856,0.3232993185520172,0.28888237476348877,-0.5072358846664429,0.9953114986419678,0.3471915125846863,0.23344922065734863,-0.5083408355712891,0.9949203729629517,0.33266371488571167,0.25875645875930786,-0.4328969120979309,0.9931994080543518,0.3568515181541443,0.32575929164886475,-0.491435706615448,0.993442952632904,0.34985247254371643,0.339028537273407,-0.4723018705844879,0.992684006690979,0.4894300103187561,0.32052403688430786,-0.48390382528305054,0.9993017315864563,0.3615923821926117,0.3590050935745239,-0.2983883023262024,0.9995288848876953,0.5772614479064941,0.5928174257278442,-0.4946478307247162,0.8978995084762573,0.35246315598487854,0.5954897403717041,-0.2410118579864502,0.2826216518878937,0.5718008279800415,0.8240004777908325,-0.4826942980289459,0.8514273762702942,0.3579846918582916,0.8298341631889343,-0.329982727766037,0.7130656242370605,0.5472220778465271,0.8538221716880798,-0.5244132280349731,0.842260479927063,0.32786646485328674,0.8470692038536072,-0.36209607124328613,0.7280763387680054,0.5381597280502319,0.8459842205047607,-0.538695216178894,0.8541103005409241,0.3333999514579773,0.8565828204154968,-0.3985803723335266,0.741973876953125,0.5455208420753479,0.8394225239753723,-0.4881112575531006,0.8004400730133057,0.34883999824523926,0.8535701036453247,-0.34885790944099426,0.7211260199546814,0.6327421069145203,0.5116586685180664,-0.0564587339758873,0.9993382096290588,0.5505955815315247,0.5157071352005005,0.056167732924222946,0.9993141889572144,0.7005618810653687,0.6101499795913696,0.3079964518547058,0.362384557723999,0.41542935371398926,0.5704529881477356,0.1493372619152069,0.09760992228984833,0.7702509760856628,0.7045828104019165,0.5851577520370483,0.5925167202949524,0.5558825731277466,0.6772079467773438,0.28942856192588806,0.11151906847953796,0.7883523106575012,0.7110612392425537,0.6098722219467163,0.5067596435546875,0.572291910648346,0.6751366853713989,0.31737932562828064,0.1345876306295395,0.7697022557258606,0.8110821843147278,0.5538742542266846,0.6174416542053223,0.5382680296897888,0.7866235375404358,0.29400771856307983,0.22748655080795288
0.33365872502326965,0.36005130410194397,-0.5195752382278442,0.9930539131164551,0.3284901976585388,0.31639280915260315,-0.5396676063537598,0.9922630786895752,0.3328586220741272,0.30716025829315186,-0.5400844812393188,0.9913890957832336,0.3368726372718811,0.29983678460121155,-0.5398983955383301,0.9932458400726318,0.3209385275840759,0.3204728960990906,-0.5180810689926147,0.9925326108932495,0.319588303565979,0.316713809967041,-0.5187899470329285,0.9940091967582703,0.3179752230644226,0.31371793150901794,-0.5192086696624756,0.9957000017166138,0.3510397970676422,0.2635002136230469,-0.5397850871086121,0.9952280521392822,0.33066096901893616,0.27910134196281433,-0.4463801383972168,0.9938011169433594,0.3563382029533386,0.35504499077796936,-0.5066825151443481,0.993813693523407,0.3480309247970581,0.3655968904495239,-0.4821741580963135,0.9932401180267334,0.49853530526161194,0.34195399284362793,-0.5017926096916199,0.9993155002593994,0.3605281114578247,0.3621762692928314,-0.31734222173690796,0.9995635151863098,0.5879808068275452,0.6197534203529358,-0.5053673386573792,0.9061686992645264,0.35322967171669006,0.5984678268432617,-0.2572510838508606,0.30670613050460815,0.5717407464981079,0.8484256267547607,-0.5072045922279358,0.8642825484275818,0.35797080397605896,0.8332372307777405,-0.34974291920661926,0.737634003162384,0.5482509136199951,0.8690159916877747,-0.5545653104782104,0.8551112413406372,0.3277290165424347,0.8476448655128479,-0.385193407535553,0.7501439452171326,0.5381852388381958,0.8596702814102173,-0.5679733157157898,0.8661556243896484,0.333225816488266,0.8569039106369019,-0.4206460118293762,0.763742983341217,0.5454171895980835,0.8568271398544312,-0.5130746960639954,0.8156120181083679,0.34888219833374023,0.8542746901512146,-0.36831429600715637,0.7433860898017883,0.6338865160942078,0.5206470489501953,-0.05758652091026306,0.9993671178817749,0.5483235120773315,0.5201538801193237,0.05729440599679947,0.9993526339530945,0.7012840509414673,0.6150326132774353,0.3298397660255432,0.3911510109901428,0.4417775273323059,0.5907089114189148,0.22999493777751923,0.10602235794067383,0.7705938816070557,0.7021493911743164,0.6542406678199768,0.6198995113372803,0.5495380163192749,0.6566635370254517,0.5175091028213501,0.11763649433851242,0.788922131061554,0.7071424126625061,0.6840368509292603,0.5247731804847717,0.5737982988357544,0.6406458616256714,0.5527645349502563,0.1409771889448166,0.7703381776809692,0.8115025758743286,0.6211320161819458,0.6411422491073608,0.5470551252365112,0.7601946592330933,0.540282666683197,0.24393817782402039
0.32964855432510376,0.38441765308380127,-0.5261942148208618,0.9932208061218262,0.3242851495742798,0.3446599841117859,-0.5524665117263794,0.9923518300056458,0.3285026252269745,0.3363049626350403,-0.552858829498291,0.9914931654930115,0.3328785002231598,0.3274325132369995,-0.5526548624038696,0.9931148290634155,0.3176168203353882,0.3507276177406311,-0.5260611772537231,0.9928373098373413,0.317158043384552,0.3479789197444916,-0.5267921686172485,0.9943487048149109,0.31668469309806824,0.3456396758556366,-0.5272201299667358,0.9959571361541748,0.3515285551548004,0.27245453000068665,-0.5692299604415894,0.9952536821365356,0.3302420377731323,0.2915242910385132,-0.45318323373794556,0.994288980960846,0.35321107506752014,0.38340675830841064,-0.5178248882293701,0.9940075874328613,0.34408754110336304,0.39485877752304077,-0.4866977632045746,0.9936606884002686,0.5050671696662903,0.3502093255519867,-0.5099272727966309,0.999311089515686,0.35998624563217163,0.3664144277572632,-0.3282061517238617,0.9995989203453064,0.5956648588180542,0.6410651803016663,-0.5071151852607727,0.9138074517250061,0.3534448742866516,0.6002907752990723,-0.26356810331344604,0.31949326395988464,0.5716953873634338,0.8646904230117798,-0.5214278697967529,0.8766604065895081,0.3577685058116913,0.8349173665046692,-0.3565610647201538,0.7618849277496338,0.5500508546829224,0.8867850303649902,-0.5729332566261292,0.8682329058647156,0.32725822925567627,0.847745954990387,-0.3945348858833313,0.7730841636657715,0.5379539728164673,0.87385094165802,-0.5845592617988586,0.8784086108207703,0.33315184712409973,0.8567559123039246,-0.42850780487060547,0.7857581973075867,0.544941782951355,0.8700202703475952,-0.526995062828064,0.831807553768158,0.34857702255249023,0.8542631268501282,-0.3745635151863098,0.7668271064758301,0.633144199848175,0.5255031585693359,-0.05834171921014786,0.9993929862976074,0.5462847948074341,0.5255931615829468,0.058056168258190155,0.9993920922279358,0.701291024684906,0.6192178130149841,0.3140574097633362,0.4047107994556427,0.4868707060813904,0.6388818025588989,0.2810731530189514,0.10643358528614044,0.7708412408828735,0.6999483704566956,0.629546046257019,0.6388006806373596,0.5892509818077087,0.6607158780097961,0.6229888200759888,0.11886525899171829,0.7889633178710938,0.6989768743515015,0.659702479839325,0.5346330404281616,0.6151079535484314,0.6534042954444885,0.6626673936843872,0.14338748157024384,0.773962676525116,0.8139110803604126,0.5888928174972534,0.6601942777633667,0.5977236032485962,0.7662178874015808,0.6408673524856567,0.25356701016426086
0.32680124044418335,0.4436641335487366,-0.5122955441474915,0.9931740164756775,0.32055726647377014,0.41368788480758667,-0.5415735840797424,0.9921965599060059,0.32514384388923645,0.40513139963150024,-0.5419667959213257,0.9914141297340393,0.3297235667705536,0.3960888683795929,-0.541753888130188,0.992774486541748,0.3115466237068176,0.41885796189308167,-0.5120197534561157,0.9928978681564331,0.31022462248802185,0.4158220887184143,-0.5127404928207397,0.9945439100265503,0.30879655480384827,0.4130638539791107,-0.5131638050079346,0.9960942268371582,0.3483120799064636,0.3418167233467102,-0.5700364708900452,0.9952087998390198,0.32063794136047363,0.3607635498046875,-0.4384637475013733,0.9946644902229309,0.3512520492076874,0.4369570314884186,-0.5076059103012085,0.9941011667251587,0.3427293598651886,0.4447169005870819,-0.4721435010433197,0.9939444065093994,0.4950818121433258,0.36583030223846436,-0.5052217245101929,0.9993240237236023,0.3533388078212738,0.3742806315422058,-0.31746286153793335,0.9996303915977478,0.5988258123397827,0.6483506560325623,-0.5016681551933289,0.9209870100021362,0.3536463677883148,0.6007133722305298,-0.2558925747871399,0.3231615722179413,0.5718694925308228,0.868049681186676,-0.5165994167327881,0.888272762298584,0.35736751556396484,0.8386526107788086,-0.3558111786842346,0.7838580012321472,0.5530637502670288,0.8941606879234314,-0.5664290189743042,0.8805947303771973,0.32717210054397583,0.8484469652175903,-0.3943886458873749,0.7939904928207397,0.538258969783783,0.8813340067863464,-0.5786910057067871,0.8898988366127014,0.3329838514328003,0.8569825887680054,-0.4271562099456787,0.8057716488838196,0.5452901124954224,0.8751738667488098,-0.522106945514679,0.8472151756286621,0.34816545248031616,0.8550491333007812,-0.3737006187438965,0.7882327437400818,0.6313947439193726,0.5338967442512512,-0.06087472289800644,0.9994121789932251,0.5386509895324707,0.5422532558441162,0.06058986857533455,0.999422550201416,0.6971542239189148,0.6238961815834045,0.30522555112838745,0.4188670217990875,0.4974985122680664,0.6545528769493103,0.3170459270477295,0.10625200718641281,0.7678805589675903,0.6970056891441345,0.6243371963500977,0.6599591970443726,0.5811442732810974,0.6685495376586914,0.6674382090568542,0.12380636483430862,0.7870863676071167,0.6918873190879822,0.6539286971092224,0.5465309619903564,0.6263541579246521,0.6571953892707825,0.7072376608848572,0.1488518863916397,0.7760007381439209,0.8148738145828247,0.5754076242446899,0.6814589500427246,0.6072311401367188,0.78266841173172,0.6815629005432129,0.2708892226219177
0.3186745047569275,0.5162976384162903,-0.49333199858665466,0.9934637546539307,0.31069642305374146,0.4804258942604065,-0.5199214816093445,0.992642879486084,0.31616178154945374,0.4705911874771118,-0.5203005075454712,0.9918643236160278,0.32227182388305664,0.4596582055091858,-0.5200833082199097,0.9931360483169556,0.3001602292060852,0.48787906765937805,-0.4924090802669525,0.9933440685272217,0.29824298620224,0.4850929379463196,-0.49312204122543335,0.994896411895752,0.29617857933044434,0.4824569821357727,-0.4935172200202942,0.9963687658309937,0.34536924958229065,0.39801037311553955,-0.5446529388427734,0.9954800009727478,0.3104309141635895,0.4251987934112549,-0.42614585161209106,0.9950835704803467,0.3484387695789337,0.5033009648323059,-0.4872197210788727,0.9944155812263489,0.33622437715530396,0.5149301886558533,-0.4553655683994293,0.9943280220031738,0.4967070519924164,0.3841035068035126,-0.48727935552597046,0.999355673789978,0.3494650721549988,0.4135957360267639,-0.29983583092689514,0.999659538269043,0.6004992723464966,0.6551192998886108,-0.4879203736782074,0.9274986386299133,0.35396724939346313,0.6008229851722717,-0.2168131321668625,0.3078494668006897,0.5722493529319763,0.8721590638160706,-0.49542951583862305,0.8976008296012878,0.35606157779693604,0.8446886539459229,-0.2816046476364136,0.7978284955024719,0.5532249212265015,0.8973077535629272,-0.5492538213729858,0.8895022869110107,0.32604917883872986,0.8484154343605042,-0.31700679659843445,0.8064925670623779,0.5381417870521545,0.884877622127533,-0.5719243884086609,0.8983339667320251,0.33169880509376526,0.8568528890609741,-0.34440889954566956,0.8186821341514587,0.5452430248260498,0.8783294558525085,-0.5044702887535095,0.8574130535125732,0.34704121947288513,0.8562127947807312,-0.2965855300426483,0.8002054691314697,0.6276687383651733,0.575167179107666,-0.06617395579814911,0.9994374513626099,0.5347286462783813,0.5677728056907654,0.06589440256357193,0.999451756477356,0.6972346901893616,0.6553859114646912,0.3091992735862732,0.4166848659515381,0.5082689523696899,0.6471577882766724,0.38516634702682495,0.0981602594256401,0.7663806676864624,0.6974195241928101,0.6313527822494507,0.6620153784751892,0.5738937854766846,0.6720079183578491,0.7620421648025513,0.11559609323740005,0.785728931427002,0.6909164190292358,0.6606346964836121,0.540520429611206,0.6125267744064331,0.6552098393440247,0.8052799105644226,0.1413378119468689,0.7773128747940063,0.8158255815505981,0.5784465074539185,0.6886113286018372,0.5841169953346252,0.7743054628372192,0.797347903251648,0.2632206380367279
0.2841307520866394,0.568891167640686,-0.4089464247226715,0.992954432964325,0.2800128161907196,0.5372747182846069,-0.43435901403427124,0.9921035170555115,0.28315213322639465,0.5308573246002197,-0.4347122609615326,0.9914596080780029,0.28670814633369446,0.524321973323822,-0.43454891443252563,0.9926838874816895,0.27361804246902466,0.5393403768539429,-0.4030610918998718,0.9928898811340332,0.2724466323852539,0.5350762009620667,-0.40372905135154724,0.9946703910827637,0.27073508501052856,0.5307803750038147,-0.40403851866722107,0.9961925745010376,0.30699241161346436,0.4773128926753998,-0.45863527059555054,0.995333194732666,0.2833879292011261,0.4915851950645447,-0.3182211220264435,0.9949710369110107,0.30714768171310425,0.5641878843307495,-0.4031103551387787,0.9941900968551636,0.30188170075416565,0.5676784515380859,-0.3652082085609436,0.9942014813423157,0.4512384533882141,0.48589375615119934,-0.40853995084762573,0.9993789196014404,0.3371167778968811,0.4672946035861969,-0.18141712248325348,0.9996750354766846,0.5721868276596069,0.6555123925209045,-0.4116712510585785,0.9326735734939575,0.35291141271591187,0.6290612816810608,-0.09063152968883514,0.2856173515319824,0.5721882581710815,0.8713338971138,-0.485321581363678,0.906975507736206,0.35597166419029236,0.8453505039215088,-0.18711945414543152,0.8115728497505188,0.5531989336013794,0.8970194458961487,-0.5290852785110474,0.8995137810707092,0.32566314935684204,0.8484113216400146,-0.21967463195323944,0.8209558129310608,0.5381298661231995,0.8852490782737732,-0.5448007583618164,0.9076667428016663,0.33107852935791016,0.8570299744606018,-0.25542908906936646,0.8328912258148193,0.5452030301094055,0.8785072565078735,-0.5005592107772827,0.869889497756958,0.3465995490550995,0.8576866984367371,-0.20660194754600525,0.8144325613975525,0.6240415573120117,0.6160273551940918,-0.07979279011487961,0.9994311928749084,0.536848783493042,0.6187158226966858,0.0795288234949112,0.9994528889656067,0.6979227662086487,0.6872542500495911,0.23852603137493134,0.3931241035461426,0.6123940944671631,0.6843175888061523,0.3562348186969757,0.0896734967827797,0.7692108750343323,0.7010475993156433,0.5329323410987854,0.6399134397506714,0.699988842010498,0.7091184258460999,0.6766237020492554,0.10721351206302643,0.7882917523384094,0.6910264492034912,0.5565198659896851,0.5203773379325867,0.7242428064346313,0.6953751444816589,0.711766242980957,0.13368524610996246,0.7876818776130676,0.8178917169570923,0.46760034561157227,0.6798675060272217,0.6911712884902954,0.8054574728012085,0.6867733597755432,0.2513619363307953
0.2521049678325653,0.6190775036811829,-0.2914271950721741,0.9928564429283142,0.24754968285560608,0.5883004665374756,-0.3200746178627014,0.9921628832817078,0.2505984306335449,0.5846508145332336,-0.3204885423183441,0.9917278289794922,0.25395339727401733,0.5807775259017944,-0.3203471899032593,0.9928708672523499,0.244211345911026,0.5859091877937317,-0.28247272968292236,0.9927920699119568,0.24538274109363556,0.5814336538314819,-0.2830425202846527,0.99465411901474,0.24646012485027313,0.5769864320755005,-0.283290296792984,0.996093213558197,0.2758563458919525,0.5483992695808411,-0.372712641954422,0.9955785274505615,0.2656445801258087,0.5482878088951111,-0.20310938358306885,0.994879424571991,0.2748152017593384,0.6169020533561707,-0.29816532135009766,0.9943358302116394,0.2722621560096741,0.61574387550354,-0.2516511380672455,0.9942530393600464,0.3890940546989441,0.5335562229156494,-0.37246769666671753,0.9994279742240906,0.3295775055885315,0.5253587365150452,-0.062453608959913254,0.9996710419654846,0.5391577482223511,0.6604785323143005,-0.3952750861644745,0.936735212802887,0.35733917355537415,0.6614004969596863,0.006115961819887161,0.25908908247947693,0.5700048208236694,0.8660522699356079,-0.45997485518455505,0.9155382513999939,0.3550698757171631,0.84576416015625,-0.12266673892736435,0.80721515417099,0.5501846671104431,0.895347535610199,-0.5183961391448975,0.9087324142456055,0.32563671469688416,0.85163813829422,-0.15389032661914825,0.8246464729309082,0.5364017486572266,0.8852641582489014,-0.522189736366272,0.9161883592605591,0.3296961188316345,0.8581237196922302,-0.19157543778419495,0.8376397490501404,0.5440100431442261,0.8782750368118286,-0.4671187400817871,0.8812648057937622,0.3440515100955963,0.859376847743988,-0.14453499019145966,0.8172780871391296,0.6134995818138123,0.6568835973739624,-0.10774068534374237,0.9994381666183472,0.5411422252655029,0.6724730730056763,0.10746550559997559,0.9994409084320068,0.6979622840881348,0.7020780444145203,0.2163722962141037,0.3687725067138672,0.6360548734664917,0.721551775932312,0.3839946389198303,0.0818965882062912,0.7736515402793884,0.7109516859054565,0.4933255612850189,0.6155181527137756,0.7342826724052429,0.7261413335800171,0.6689473390579224,0.10181732475757599,0.7913901805877686,0.696007251739502,0.5135042071342468,0.49763646721839905,0.7534140944480896,0.7096558213233948,0.6987533569335938,0.13251784443855286,0.7940881252288818,0.8184822201728821,0.4149482846260071,0.667101263999939,0.7442216277122498,0.8094020485877991,0.6616917848587036,0.24752670526504517
0.23767538368701935,0.6571834683418274,-0.34036752581596375,0.9932502508163452,0.23347237706184387,0.6224905848503113,-0.3630430996417999,0.9926708936691284,0.236675426363945,0.6181607842445374,-0.3634273409843445,0.9923223257064819,0.2402154952287674,0.6141760945320129,-0.3632773160934448,0.9933899641036987,0.22905299067497253,0.6211799383163452,-0.3317031264305115,0.9932032823562622,0.22915956377983093,0.6171147227287292,-0.33228805661201477,0.9949547648429871,0.22897441685199738,0.6134754419326782,-0.3325103521347046,0.9962871670722961,0.26347097754478455,0.5837208032608032,-0.39086225628852844,0.9959238767623901,0.24789495766162872,0.5905699729919434,-0.24905987083911896,0.9950882196426392,0.2615300416946411,0.6577573418617249,-0.33818548917770386,0.9947095513343811,0.2552493214607239,0.6607145667076111,-0.3000085949897766,0.9945637583732605,0.3905181288719177,0.5842476487159729,-0.3839295208454132,0.9994760751724243,0.3198595941066742,0.5744777917861938,-0.09714919328689575,0.999654233455658,0.5324634313583374,0.6590385437011719,-0.39797380566596985,0.9425520300865173,0.3672892451286316,0.6746091842651367,0.012856481596827507,0.23686383664608002,0.5667536854743958,0.867887020111084,-0.45597344636917114,0.9236619472503662,0.3519423007965088,0.8459914326667786,-0.049720462411642075,0.788241982460022,0.5462756156921387,0.8972073197364807,-0.5101715326309204,0.9174068570137024,0.3224692642688751,0.8528123497962952,-0.07203751057386398,0.8126729130744934,0.5322082042694092,0.8873246312141418,-0.5176225900650024,0.9241841435432434,0.3253474235534668,0.8596402406692505,-0.11186064779758453,0.8282766938209534,0.5395256876945496,0.879637598991394,-0.4613443911075592,0.8922265768051147,0.340690553188324,0.8609331846237183,-0.07076741009950638,0.8025659918785095,0.5964940190315247,0.6663389801979065,-0.10450224578380585,0.9994755983352661,0.5363156795501709,0.6858653426170349,0.10431598126888275,0.9994640350341797,0.6978235244750977,0.7191944718360901,0.1837693750858307,0.37619277834892273,0.6471231579780579,0.7401368021965027,0.33898040652275085,0.07752398401498795,0.7736033797264099,0.7144097089767456,0.44388502836227417,0.6267223358154297,0.7381893396377563,0.7329836487770081,0.6285806894302368,0.10642218589782715,0.7914832830429077,0.6960375308990479,0.4628908634185791,0.5080955624580383,0.7581667304039001,0.7137226462364197,0.6441894769668579,0.14651422202587128,0.7978551983833313,0.8194563984870911,0.37044477462768555,0.6822215914726257,0.748587965965271,0.8421502113342285,0.5913037061691284,0.26727768778800964
0.2353348731994629,0.7531809210777283,-0.3623419404029846,0.9932202100753784,0.22948293387889862,0.7217029929161072,-0.38927069306373596,0.9927359223365784,0.23280665278434753,0.717596709728241,-0.3897743821144104,0.9923804402351379,0.23642165958881378,0.7133362889289856,-0.3895735442638397,0.9935413002967834,0.22459900379180908,0.7191969752311707,-0.363583505153656,0.9932068586349487,0.22434565424919128,0.7139677405357361,-0.36428123712539673,0.994872510433197,0.2239082306623459,0.7089096307754517,-0.3646886646747589,0.9962607026100159,0.26415759325027466,0.6673518419265747,-0.41910067200660706,0.995980978012085,0.24378278851509094,0.6709104180335999,-0.2913297712802887,0.9948810935020447,0.25995326042175293,0.7522355914115906,-0.3617355227470398,0.9946607351303101,0.2551778256893158,0.7538888454437256,-0.3311401307582855,0.9943623542785645,0.4010012745857239,0.6691717505455017,-0.39072561264038086,0.999500036239624,0.322318971157074,0.5958746671676636,-0.15160277485847473,0.999639093875885,0.5421499013900757,0.6800341010093689,-0.3676781952381134,0.9434110522270203,0.3957473635673523,0.6685444116592407,-0.002921618986874819,0.21342378854751587,0.566152036190033,0.8722352981567383,-0.37186092138290405,0.9139429926872253,0.3578135371208191,0.8187150955200195,0.022703271359205246,0.7135622501373291,0.5452495813369751,0.9031645059585571,-0.4081675112247467,0.9064686894416809,0.32847851514816284,0.8430452942848206,0.011156665161252022,0.7390999794006348,0.5308777689933777,0.8914602398872375,-0.4155028760433197,0.9146431684494019,0.3283591866493225,0.852564811706543,-0.01799261011183262,0.754082202911377,0.5376399755477905,0.8825022578239441,-0.37352895736694336,0.8740571141242981,0.3440364599227905,0.8494055867195129,0.008778592571616173,0.7297964692115784,0.601660430431366,0.7097936272621155,-0.0983230397105217,0.9994565844535828,0.5366369485855103,0.6865164041519165,0.09810306876897812,0.999427080154419,0.6975277662277222,0.7381396889686584,0.20101025700569153,0.34221774339675903,0.6433085203170776,0.7401965856552124,0.3309279680252075,0.06988216191530228,0.7727633118629456,0.7225201725959778,0.4748384952545166,0.5769140720367432,0.7443085312843323,0.7318524122238159,0.5918394327163696,0.0962647870182991,0.7905669212341309,0.6983577013015747,0.4980338215827942,0.4763437509536743,0.7617205381393433,0.710536777973175,0.6159542798995972,0.13415847718715668,0.7959209680557251,0.8198814392089844,0.4321082532405853,0.635000467300415,0.7403011322021484,0.8412332534790039,0.5911334156990051,0.2430938333272934
0.24144510924816132,0.806402862071991,-0.5125497579574585,0.9933578372001648,0.23650631308555603,0.7732320427894592,-0.5362645387649536,0.9929739832878113,0.24113574624061584,0.7654656171798706,-0.5365849733352661,0.9925299882888794,0.24589622020721436,0.7577937841415405,-0.5363830924034119,0.9937922358512878,0.22886475920677185,0.7784729599952698,-0.5067993402481079,0.9933212399482727,0.2274552881717682,0.7751343846321106,-0.5073771476745605,0.9948144555091858,0.2256038933992386,0.7718478441238403,-0.507611095905304,0.9962695240974426,0.2733630836009979,0.7118680477142334,-0.5382412075996399,0.9960345029830933,0.24047887325286865,0.7336195111274719,-0.4070567488670349,0.994647741317749,0.2677149176597595,0.8024364113807678,-0.4981408715248108,0.9944086074829102,0.2593631148338318,0.8081174492835999,-0.46345749497413635,0.9939565062522888,0.40552687644958496,0.7179583311080933,-0.4499489367008209,0.9994999766349792,0.3171475827693939,0.6277862191200256,-0.24543368816375732,0.9995640516281128,0.5685530304908752,0.7000876665115356,-0.3861505389213562,0.9447429776191711,0.40138593316078186,0.6490452289581299,-0.05126836150884628,0.19264237582683563,0.5633167028427124,0.871943473815918,-0.3502500653266907,0.8866791129112244,0.3576596677303314,0.7598029971122742,0.02062385156750679,0.6426352858543396,0.5454390048980713,0.9028924703598022,-0.38001009821891785,0.8722388744354248,0.3336579203605652,0.7639235854148865,0.016928687691688538,0.6659607887268066,0.5310300588607788,0.889930784702301,-0.3890531063079834,0.8816974759101868,0.33141419291496277,0.7704816460609436,-0.004730026237666607,0.6795265674591064,0.5362942218780518,0.8810202479362488,-0.35115891695022583,0.8327401280403137,0.3435748517513275,0.7734469771385193,0.011536704376339912,0.6576452255249023,0.5975605845451355,0.730915904045105,-0.09591894596815109,0.9993993639945984,0.5225197076797485,0.6851335763931274,0.0956571027636528,0.9993086457252502,0.6952389478683472,0.7537370324134827,0.21384887397289276,0.3135669529438019,0.6235469579696655,0.7279912233352661,0.33325064182281494,0.06303080171346664,0.771336555480957,0.7278273105621338,0.4984535574913025,0.5399767160415649,0.7377233505249023,0.7294597029685974,0.6296172142028809,0.08760622143745422,0.7889651656150818,0.6999973654747009,0.5240451097488403,0.46199971437454224,0.7507954239845276,0.7082553505897522,0.6628081798553467,0.12477786839008331,0.7952632904052734,0.819881796836853,0.4571343958377838,0.5943141579627991,0.727677583694458,0.8347063064575195,0.661970317363739,0.22148017585277557
0.2512091398239136,0.8564971685409546,-0.47803521156311035,0.9930827021598816,0.2459551841020584,0.8238968849182129,-0.5048815011978149,0.9928584694862366,0.25021830201148987,0.8161950707435608,-0.5052083134651184,0.9922990202903748,0.25383713841438293,0.8092015385627747,-0.5049771070480347,0.993752121925354,0.23934824764728546,0.8310261368751526,-0.4761943817138672,0.9930850863456726,0.23776781558990479,0.827968418598175,-0.4767996370792389,0.9945393204689026,0.2356099635362625,0.8255085349082947,-0.47707071900367737,0.9961186647415161,0.2799437344074249,0.7651780843734741,-0.5208563208580017,0.9959816336631775,0.2502608597278595,0.7842836976051331,-0.39467841386795044,0.9944002032279968,0.2760315537452698,0.8381120562553406,-0.46803775429725647,0.9940661191940308,0.26948368549346924,0.8461309671401978,-0.43432116508483887,0.9934400916099548,0.4129928946495056,0.7378791570663452,-0.4425467550754547,0.9994925260543823,0.30044686794281006,0.6544272303581238,-0.2561577558517456,0.9995107054710388,0.5873916149139404,0.7016515731811523,-0.33271223306655884,0.9468748569488525,0.3864169120788574,0.627994954586029,-0.06734514236450195,0.1746376007795334,0.5632041692733765,0.8715609908103943,-0.25573867559432983,0.8739748001098633,0.33745190501213074,0.7624375224113464,-0.0011476266663521528,0.5790808200836182,0.5473864078521729,0.9023529291152954,-0.27728864550590515,0.8547267317771912,0.31040316820144653,0.7736815810203552,-0.007887975312769413,0.6006076335906982,0.5315749049186707,0.8898285627365112,-0.2918938100337982,0.8654449582099915,0.3070979416370392,0.7813780307769775,-0.025826165452599525,0.6129381656646729,0.5364864468574524,0.8800845742225647,-0.2580609917640686,0.8111902475357056,0.32249289751052856,0.7743034958839417,-0.008986221626400948,0.5933196544647217,0.5918905138969421,0.7487104535102844,-0.09355943650007248,0.9993789196014404,0.503525972366333,0.687476634979248,0.09327949583530426,0.9992370009422302,0.6857467889785767,0.7664702534675598,0.22137828171253204,0.29364916682243347,0.6049119830131531,0.7298616766929626,0.37533038854599,0.056917887181043625,0.7694064378738403,0.729237973690033,0.5079761147499084,0.520449697971344,0.7066220045089722,0.7290736436843872,0.7185325622558594,0.08001586049795151,0.7876485586166382,0.7000183463096619,0.5426819920539856,0.458311527967453,0.7184716463088989,0.707622766494751,0.758074164390564,0.11758721619844437,0.7947176098823547,0.8214181661605835,0.5030909180641174,0.5685247182846069,0.6892107725143433,0.8327604532241821,0.7722795009613037,0.2024381309747696
0.25331419706344604,0.8560848832130432,-0.3874073326587677,0.9924335479736328,0.2478591501712799,0.8306976556777954,-0.41346150636672974,0.9922007918357849,0.2510170638561249,0.8270204067230225,-0.4137742519378662,0.9915148019790649,0.2536391615867615,0.8240031003952026,-0.41355055570602417,0.993333637714386,0.24118022620677948,0.8317678570747375,-0.3940625786781311,0.9922325015068054,0.23782925307750702,0.8294507265090942,-0.39464446902275085,0.9937576055526733,0.2357204258441925,0.8274118304252625,-0.39482712745666504,0.9955927133560181,0.2703561782836914,0.7836315631866455,-0.43655577301979065,0.9956745505332947,0.25138163566589355,0.791251540184021,-0.35444873571395874,0.9935619831085205,0.2765985131263733,0.8458091616630554,-0.379818320274353,0.9934791922569275,0.26869475841522217,0.8493158221244812,-0.35805681347846985,0.9925214648246765,0.4051330089569092,0.749690055847168,-0.36401790380477905,0.9995021224021912,0.2927358150482178,0.6820722818374634,-0.2525978684425354,0.9994435906410217,0.5848962664604187,0.7053475975990295,-0.2920750081539154,0.9464026689529419,0.343863844871521,0.6393481492996216,-0.05799422413110733,0.15779460966587067,0.557414710521698,0.8659005761146545,-0.2550111711025238,0.8688340783119202,0.31345483660697937,0.7700300216674805,0.028438162058591843,0.5226024389266968,0.547429084777832,0.8985497951507568,-0.2815766930580139,0.8476174473762512,0.29008474946022034,0.7866756916046143,0.021485818549990654,0.5432642102241516,0.531612753868103,0.8883490562438965,-0.29737356305122375,0.8592206835746765,0.29687806963920593,0.7904170751571655,0.002446020022034645,0.5546699166297913,0.5339595079421997,0.87613844871521,-0.2594601511955261,0.8009377717971802,0.3044329285621643,0.7907679080963135,0.020174819976091385,0.5368890762329102,0.5847762823104858,0.7583915591239929,-0.08521492034196854,0.9993412494659424,0.4993492066860199,0.702424943447113,0.08494246751070023,0.9991320371627808,0.6807472109794617,0.7714654803276062,0.21421480178833008,0.27054038643836975,0.5972972512245178,0.726381778717041,0.35569238662719727,0.05132054537534714,0.7651872634887695,0.7364330887794495,0.508143424987793,0.4867357909679413,0.6892696022987366,0.7303562760353088,0.6777825355529785,0.07252784818410873,0.7851765751838684,0.7039028406143188,0.5389145612716675,0.44032618403434753,0.7034677267074585,0.7103856205940247,0.7140872478485107,0.10810539126396179,0.7938295602798462,0.8214912414550781,0.5016353130340576,0.5330036282539368,0.6740077137947083,0.8315914869308472,0.7237225770950317,0.18405187129974365
0.25139209628105164,0.8612574934959412,-0.3640352785587311,0.9919737577438354,0.246710866689682,0.835394561290741,-0.38946732878685,0.9918068051338196,0.2495216578245163,0.8287442326545715,-0.38976967334747314,0.9909413456916809,0.2518283426761627,0.8251302242279053,-0.38953885436058044,0.9929988384246826,0.2398335486650467,0.8337966203689575,-0.3681221604347229,0.9919068813323975,0.23524391651153564,0.8306671380996704,-0.36871951818466187,0.993450403213501,0.23299475014209747,0.827876091003418,-0.36893606185913086,0.9954311847686768,0.26499825716018677,0.7879980206489563,-0.4168701767921448,0.9953864812850952,0.248459130525589,0.7890609502792358,-0.3241790533065796,0.9933168888092041,0.275407612323761,0.8472650051116943,-0.35895150899887085,0.9929969310760498,0.2692895829677582,0.8498491048812866,-0.33443552255630493,0.9919474124908447,0.40840429067611694,0.7624459862709045,-0.3475136458873749,0.9994934797286987,0.2964459955692291,0.6659497022628784,-0.22465749084949493,0.9994016289710999,0.5846793055534363,0.7111350893974304,-0.26806673407554626,0.9405200481414795,0.3491036295890808,0.624267041683197,-0.034766048192977905,0.14256852865219116,0.5566627979278564,0.8655180335044861,-0.2060122787952423,0.8372334837913513,0.3230367600917816,0.7755632996559143,0.06836949288845062,0.4713180363178253,0.5482980012893677,0.8982678651809692,-0.2261766940355301,0.8144720792770386,0.29802078008651733,0.7900461554527283,0.06478722393512726,0.4907037913799286,0.5316450595855713,0.8882165551185608,-0.24032580852508545,0.8272256851196289,0.30303797125816345,0.7957217693328857,0.0456303171813488,0.5011149644851685,0.5329426527023315,0.8756619095802307,-0.20894508063793182,0.7627606391906738,0.3129803538322449,0.7943540215492249,0.060853261500597,0.48501110076904297,0.5883627533912659,0.7547633647918701,-0.08304818719625473,0.9993002414703369,0.4999280571937561,0.6908301711082458,0.08275634795427322,0.9990453124046326,0.6819409728050232,0.7708922624588013,0.2167344093322754,0.24969683587551117,0.5937490463256836,0.7119250893592834,0.36187463998794556,0.046260785311460495,0.761925458908081,0.7385187149047852,0.506013810634613,0.4579511284828186,0.670659601688385,0.7074005603790283,0.6760459542274475,0.06572159379720688,0.7825207114219666,0.7074235081672668,0.5353977680206299,0.42977795004844666,0.6887027025222778,0.6869718432426453,0.7119589447975159,0.09982911497354507,0.7934263944625854,0.8216954469680786,0.5035771131515503,0.5021152496337891,0.6566551923751831,0.808805525302887,0.7335513830184937,0.16733738780021667
0.25420960783958435,0.8540313839912415,-0.38635629415512085,0.9909495115280151,0.2495313584804535,0.8275415301322937,-0.4106330871582031,0.990912675857544,0.2525615394115448,0.8243148922920227,-0.4109647870063782,0.9899221658706665,0.25532978773117065,0.821111798286438,-0.41076821088790894,0.9924517869949341,0.24197444319725037,0.8248946070671082,-0.3819594085216522,0.9907723665237427,0.23845286667346954,0.8188864588737488,-0.38262173533439636,0.9924042224884033,0.2363293617963791,0.8176034092903137,-0.38292983174324036,0.9947665333747864,0.2709800601005554,0.7799142599105835,-0.4194551408290863,0.9950278401374817,0.24996332824230194,0.7692017555236816,-0.359051913022995,0.9923299551010132,0.27730315923690796,0.8346230387687683,-0.3801718056201935,0.9923722743988037,0.2717086374759674,0.8389617800712585,-0.34880292415618896,0.9909587502479553,0.41166871786117554,0.7615928053855896,-0.37183719873428345,0.9994917511940002,0.29477813839912415,0.6683090925216675,-0.23439452052116394,0.9993140697479248,0.5920910239219666,0.711209774017334,-0.29825907945632935,0.940191388130188,0.3231952488422394,0.6291967034339905,-0.04834553971886635,0.12867116928100586,0.557293176651001,0.8657955527305603,-0.23453211784362793,0.8337700366973877,0.29547491669654846,0.7701538801193237,0.05766957253217697,0.42521488666534424,0.5493720769882202,0.8984672427177429,-0.2606394588947296,0.809362530708313,0.27085793018341064,0.7889177799224854,0.053723979741334915,0.44392821192741394,0.531620442867279,0.888521134853363,-0.27578118443489075,0.823045551776886,0.28072991967201233,0.8003698587417603,0.033970460295677185,0.4535594582557678,0.5326694250106812,0.875643253326416,-0.2382436990737915,0.7559350728988647,0.29571056365966797,0.7980307936668396,0.04955232888460159,0.43906280398368835,0.5854858160018921,0.7493075132369995,-0.08202485740184784,0.9992839097976685,0.4966694712638855,0.6850494146347046,0.08174439519643784,0.9989860653877258,0.6830264329910278,0.7678930759429932,0.21927082538604736,0.23462073504924774,0.5861508250236511,0.71116042137146,0.39420944452285767,0.04177967831492424,0.7614861726760864,0.737684965133667,0.549720287322998,0.43974193930625916,0.6595482230186462,0.6877185106277466,0.753402054309845,0.06006137281656265,0.7824796438217163,0.7072821855545044,0.5828922986984253,0.42034319043159485,0.6785794496536255,0.6635863780975342,0.7943884134292603,0.09366451948881149,0.7928115129470825,0.8217757940292358,0.5466551184654236,0.47678473591804504,0.6485691666603088,0.7864305973052979,0.8120788335800171,0.15295931696891785
0.2584279477596283,0.8086621761322021,-0.27771636843681335,0.9901674389839172,0.25049397349357605,0.7894945740699768,-0.29872697591781616,0.9900025129318237,0.2542462944984436,0.7883867025375366,-0.2990855276584625,0.9890108704566956,0.2573540210723877,0.7871658205986023,-0.2989127039909363,0.9920205473899841,0.24502865970134735,0.7857844829559326,-0.29067546129226685,0.9894105792045593,0.2437257468700409,0.7812799215316772,-0.2911946177482605,0.9910995960235596,0.24290291965007782,0.7781431674957275,-0.2913060486316681,0.9937056303024292,0.27283182740211487,0.7664278745651245,-0.3163532018661499,0.9948089718818665,0.2511555552482605,0.7485045790672302,-0.2863568663597107,0.9905347228050232,0.2794380187988281,0.8012644648551941,-0.26880672574043274,0.9917733669281006,0.2735545039176941,0.8001227378845215,-0.2618181109428406,0.9896472096443176,0.3973326086997986,0.7597433924674988,-0.28955700993537903,0.9995132684707642,0.2954499125480652,0.6637519598007202,-0.18052978813648224,0.9990933537483215,0.563511312007904,0.7362180352210999,-0.28310954570770264,0.9341045618057251,0.2870871424674988,0.6540104150772095,-0.05473828315734863,0.11621455103158951,0.5530851483345032,0.85783851146698,-0.28233134746551514,0.8378970623016357,0.2686138153076172,0.7660326361656189,0.02421288937330246,0.3851877748966217,0.5477879643440247,0.8947097659111023,-0.3334464132785797,0.8142660856246948,0.24931290745735168,0.7832916975021362,0.012135411612689495,0.4046446681022644,0.5303632616996765,0.8842989802360535,-0.34430378675460815,0.8278999328613281,0.26434677839279175,0.802199125289917,-0.007092878222465515,0.41396015882492065,0.5284843444824219,0.8719238042831421,-0.29040461778640747,0.7598010301589966,0.2778291702270508,0.8006489276885986,0.014886441640555859,0.40050584077835083,0.5859953761100769,0.7680660486221313,-0.06664411723613739,0.9992437958717346,0.5201049447059631,0.6936607360839844,0.06630163639783859,0.9988613724708557,0.6834147572517395,0.766864001750946,0.22500503063201904,0.21574248373508453,0.5686371922492981,0.6970482468605042,0.3631904721260071,0.037710580974817276,0.7610243558883667,0.7393360733985901,0.5461975932121277,0.4074375033378601,0.644645094871521,0.6611832976341248,0.717368483543396,0.054393015801906586,0.7823629975318909,0.7148633599281311,0.578743040561676,0.3946884572505951,0.6628943681716919,0.6438721418380737,0.7537544369697571,0.08568935841321945,0.7925229072570801,0.8211794495582581,0.530677080154419,0.44354891777038574,0.6387125849723816,0.722308337688446,0.7455188632011414,0.13891738653182983
0.26358091831207275,0.8299160599708557,-0.4287532866001129,0.9908749461174011,0.2603834569454193,0.800626277923584,-0.45562443137168884,0.990742027759552,0.26385819911956787,0.7946054935455322,-0.4559099078178406,0.9898014664649963,0.2641611397266388,0.7966206073760986,-0.45563650131225586,0.9925957322120667,0.2496519833803177,0.8056745529174805,-0.43106794357299805,0.9901838898658752,0.24769553542137146,0.803198516368866,-0.43166953325271606,0.9917329549789429,0.2458287924528122,0.8016471862792969,-0.4318571090698242,0.9941592216491699,0.279633104801178,0.7509123086929321,-0.4671567380428314,0.9951357245445251,0.2528083026409149,0.766450047492981,-0.3622415065765381,0.9911524653434753,0.28407472372055054,0.8199028968811035,-0.41589921712875366,0.992200493812561,0.27640992403030396,0.8258650898933411,-0.388025164604187,0.9902191758155823,0.39997467398643494,0.7462682723999023,-0.3890565037727356,0.999525785446167,0.29658573865890503,0.6603953242301941,-0.2211495339870453,0.9991309642791748,0.5660258531570435,0.72883141040802,-0.33815887570381165,0.9394215941429138,0.3116222620010376,0.6556047797203064,-0.053301773965358734,0.1067536249756813,0.5535495281219482,0.8588552474975586,-0.3110155761241913,0.8476525545120239,0.30381932854652405,0.770115852355957,0.02751244232058525,0.3486902117729187,0.5478028059005737,0.8945696353912354,-0.35269850492477417,0.8234984874725342,0.29836422204971313,0.7798061966896057,0.021082652732729912,0.36757975816726685,0.5304184556007385,0.8842357397079468,-0.3650543689727783,0.8367611765861511,0.3085170388221741,0.801444947719574,-0.001341060851700604,0.3763900399208069,0.5290616154670715,0.8719362616539001,-0.3162286579608917,0.7702560424804688,0.32068198919296265,0.7997977137565613,0.018335405737161636,0.36419203877449036,0.5875953435897827,0.7496448755264282,-0.07463325560092926,0.9992461800575256,0.5143799781799316,0.6888815760612488,0.07440154254436493,0.998856246471405,0.6847441792488098,0.7655426859855652,0.21649384498596191,0.21641290187835693,0.5971609354019165,0.6980842351913452,0.3748115301132202,0.03438114747405052,0.7613893747329712,0.7384141087532043,0.5166815519332886,0.411662757396698,0.673224687576294,0.6716441512107849,0.6981409192085266,0.05066816508769989,0.7831476330757141,0.7118822932243347,0.5462612509727478,0.4095045030117035,0.6919507384300232,0.6530351638793945,0.7338371276855469,0.08321833610534668,0.7916357517242432,0.821112334728241,0.5101124048233032,0.4423052668571472,0.6636394262313843,0.743349015712738,0.7380129098892212,0.12948203086853027
0.25121453404426575,0.807858943939209,-0.41987505555152893,0.9912073612213135,0.24581384658813477,0.7778370976448059,-0.44459858536720276,0.9910968542098999,0.2482411116361618,0.7723402976989746,-0.44491085410118103,0.9901411533355713,0.24980053305625916,0.7709643840789795,-0.4446858763694763,0.9928523302078247,0.2387477159500122,0.7802156805992126,-0.4200230538845062,0.9906511902809143,0.23747575283050537,0.7768868207931519,-0.42062288522720337,0.9920974373817444,0.23557738959789276,0.7742693424224854,-0.4208274483680725,0.9944378137588501,0.2742841839790344,0.7305627465248108,-0.4606863856315613,0.9952149987220764,0.25061845779418945,0.7386044263839722,-0.3473827540874481,0.9914370775222778,0.273563951253891,0.8005430698394775,-0.4112195372581482,0.9924106001853943,0.2676478922367096,0.8049793839454651,-0.38118690252304077,0.9905456900596619,0.40074196457862854,0.7332611680030823,-0.4060399532318115,0.9995110630989075,0.3038749098777771,0.6499897241592407,-0.18453218042850494,0.9991528987884521,0.5657587647438049,0.7251549363136292,-0.3379152715206146,0.9391046166419983,0.375149667263031,0.6597993969917297,-0.01376950740814209,0.09636461734771729,0.5544107556343079,0.8647451400756836,-0.2710302770137787,0.8345992565155029,0.3505735993385315,0.7981817722320557,0.020543159916996956,0.3164345324039459,0.5477975606918335,0.8948088884353638,-0.30030685663223267,0.8124842047691345,0.32985031604766846,0.8195174932479858,0.010332360863685608,0.33659085631370544,0.5304540395736694,0.8867247700691223,-0.3123630881309509,0.8271019458770752,0.3315041661262512,0.8316963315010071,-0.016753796488046646,0.3451271951198578,0.5292097926139832,0.8764341473579407,-0.27308326959609985,0.7570600509643555,0.3423084616661072,0.8181261420249939,0.007512487471103668,0.33368274569511414,0.5919384360313416,0.7280793190002441,-0.083425372838974,0.999236524105072,0.5305156707763672,0.6868945360183716,0.08321972191333771,0.9988802671432495,0.6848143339157104,0.7622276544570923,0.1854189932346344,0.20294994115829468,0.6407025456428528,0.7251675724983215,0.3144817352294922,0.03131609410047531,0.763370156288147,0.7368968725204468,0.47322672605514526,0.3906923830509186,0.7274065017700195,0.7169609665870667,0.5722261667251587,0.0472426675260067,0.7849889993667603,0.7098128795623779,0.49982213973999023,0.39543572068214417,0.7524318695068359,0.6912665367126465,0.6010964512825012,0.08083562552928925,0.7911122441291809,0.8210766315460205,0.46867799758911133,0.41969937086105347,0.7492464184761047,0.7830143570899963,0.5994372367858887,0.12080718576908112
0.2293829470872879,0.7165312170982361,-0.30553844571113586,0.9919527769088745,0.22311052680015564,0.6809091567993164,-0.3265056312084198,0.9918490052223206,0.22556594014167786,0.6778578162193298,-0.32688888907432556,0.9909973740577698,0.22790677845478058,0.6755116581916809,-0.3266838788986206,0.9934558272361755,0.22155091166496277,0.6802305579185486,-0.2966448962688446,0.9914720058441162,0.22295252978801727,0.6763648390769958,-0.29723429679870605,0.9928094148635864,0.22405418753623962,0.6731322407722473,-0.29738837480545044,0.9949321746826172,0.24907326698303223,0.6530638933181763,-0.36070123314857483,0.995633065700531,0.2436487376689911,0.6507539749145508,-0.22446882724761963,0.9922162890434265,0.2518591284751892,0.722987949848175,-0.3075094223022461,0.9931083917617798,0.2496505230665207,0.7239798903465271,-0.2709585726261139,0.9914206862449646,0.38666024804115295,0.6670145392417908,-0.36502784490585327,0.999550998210907,0.32115399837493896,0.6306887269020081,-0.069193035364151,0.9992145895957947,0.5533663034439087,0.6774335503578186,-0.34250694513320923,0.9445722699165344,0.3947775363922119,0.6784862875938416,0.071037657558918,0.08930056542158127,0.5632123351097107,0.8698222637176514,-0.3683723211288452,0.8506829738616943,0.3518247902393341,0.8255564570426941,0.03852290287613869,0.3604210615158081,0.548422634601593,0.8962032794952393,-0.4208214282989502,0.8307703733444214,0.32388395071029663,0.8295802474021912,0.01748681627213955,0.3903847634792328,0.5318087339401245,0.8879945278167725,-0.425686776638031,0.8439698815345764,0.3258513808250427,0.8395513892173767,-0.014032234437763691,0.3996792435646057,0.5341387987136841,0.8791102766990662,-0.36961954832077026,0.780396044254303,0.3379540741443634,0.8371210694313049,0.02182002365589142,0.3853011727333069,0.5925716757774353,0.6877772212028503,-0.0988137498497963,0.9992881417274475,0.5396355390548706,0.6841834783554077,0.09873606264591217,0.9989594221115112,0.6894952058792114,0.7442736029624939,0.16576477885246277,0.24314270913600922,0.64013671875,0.7373120784759521,0.31434133648872375,0.030953165143728256,0.7702058553695679,0.7288380265235901,0.45588773488998413,0.43252819776535034,0.7363137006759644,0.7279150485992432,0.5742490887641907,0.053075388073921204,0.7919124960899353,0.7034235596656799,0.4811550974845886,0.4346870481967926,0.7608856558799744,0.6985242366790771,0.6014531850814819,0.09921235591173172,0.7924824953079224,0.820587158203125,0.4262709617614746,0.46154725551605225,0.7601242065429688,0.8042733669281006,0.5795526504516602,0.14006026089191437
0.22930419445037842,0.6259317398071289,-0.2680870592594147,0.9923192262649536,0.22447068989276886,0.5885292291641235,-0.28747496008872986,0.9921918511390686,0.22736212611198425,0.5843623876571655,-0.2879287600517273,0.9914495348930359,0.23024293780326843,0.5809688568115234,-0.2877325415611267,0.9936985969543457,0.2216048538684845,0.5892884731292725,-0.2530286908149719,0.9919375777244568,0.22240836918354034,0.5861679315567017,-0.25361648201942444,0.993278443813324,0.22293317317962646,0.5838862061500549,-0.25383514165878296,0.9952400922775269,0.25168949365615845,0.5530346632003784,-0.3208303153514862,0.9957892894744873,0.2422432005405426,0.5600321292877197,-0.16543136537075043,0.9927259087562561,0.2509622573852539,0.6353741884231567,-0.2712849974632263,0.9934634566307068,0.24749009311199188,0.6361498236656189,-0.2290704995393753,0.9919978976249695,0.3645704388618469,0.5862722992897034,-0.34674787521362305,0.9995600581169128,0.32892218232154846,0.571685254573822,-0.012270623818039894,0.999236524105072,0.5262889266014099,0.6747744679450989,-0.34592872858047485,0.9452103972434998,0.38467711210250854,0.677483856678009,0.08371107280254364,0.08475381135940552,0.5650843381881714,0.8696845769882202,-0.38231605291366577,0.8640499114990234,0.34814223647117615,0.8318911790847778,0.013145841658115387,0.4047034978866577,0.5491359829902649,0.8962734937667847,-0.43883687257766724,0.8464315533638,0.3200385570526123,0.8340050578117371,-0.022712621837854385,0.4410995543003082,0.5342599153518677,0.8880516886711121,-0.4465656280517578,0.8584197759628296,0.3236323595046997,0.8406440615653992,-0.0679696574807167,0.4510599374771118,0.5376666188240051,0.8792892694473267,-0.38574346899986267,0.799855649471283,0.33537212014198303,0.8433683514595032,-0.01618890091776848,0.4352397620677948,0.5973383784294128,0.660542368888855,-0.11126606166362762,0.9993157386779785,0.5498408079147339,0.6499181985855103,0.1111515536904335,0.9990119338035583,0.689864993095398,0.7213417291641235,0.16621164977550507,0.24780359864234924,0.6438924074172974,0.7323196530342102,0.31926941871643066,0.02918422780930996,0.7740785479545593,0.7231763005256653,0.4516196846961975,0.447157084941864,0.7414731383323669,0.730133593082428,0.5882346034049988,0.05317952483892441,0.7956713438034058,0.7024651169776917,0.47543707489967346,0.45209649205207825,0.7661653161048889,0.7037302255630493,0.615432620048523,0.10339672118425369,0.7935000658035278,0.8194334506988525,0.40789327025413513,0.47562235593795776,0.7638974785804749,0.8099098801612854,0.5793040990829468,0.14124804735183716
0.2345263957977295,0.5629149079322815,-0.27470850944519043,0.9929388165473938,0.22821661829948425,0.533821165561676,-0.29763564467430115,0.9927726984024048,0.2302125245332718,0.5276174545288086,-0.2980983257293701,0.9921550154685974,0.23263171315193176,0.5223008990287781,-0.2978822886943817,0.9941467642784119,0.22580289840698242,0.53520268201828,-0.26442715525627136,0.9925863742828369,0.22622664272785187,0.5300852060317993,-0.26500099897384644,0.9938675761222839,0.22635774314403534,0.5257166028022766,-0.26524829864501953,0.9956307411193848,0.24936001002788544,0.4886728525161743,-0.33584269881248474,0.9961208701133728,0.2442963570356369,0.49294644594192505,-0.18528303503990173,0.9933790564537048,0.2538922429084778,0.556045651435852,-0.27830177545547485,0.9939802289009094,0.2516457438468933,0.5578206777572632,-0.23715737462043762,0.9926770925521851,0.3548561930656433,0.5223020911216736,-0.35663124918937683,0.9995901584625244,0.32331711053848267,0.520182728767395,-0.03109004534780979,0.999278724193573,0.4994400441646576,0.6937565207481384,-0.3822300136089325,0.9493510723114014,0.3729963004589081,0.6676133275032043,0.03840962052345276,0.08510461449623108,0.5672048330307007,0.8696252703666687,-0.4237663149833679,0.8774431347846985,0.35017815232276917,0.846286952495575,-0.07476567476987839,0.45860350131988525,0.5491505861282349,0.8952108025550842,-0.48217153549194336,0.8616212606430054,0.32327792048454285,0.8497264385223389,-0.10283108055591583,0.49416592717170715,0.5362820029258728,0.8874507546424866,-0.48830023407936096,0.8724266886711121,0.3234640657901764,0.8547953963279724,-0.1458648294210434,0.5036011934280396,0.5419468283653259,0.8792096376419067,-0.4272547662258148,0.8195164799690247,0.33598044514656067,0.8570650815963745,-0.09892712533473969,0.4886501133441925,0.5862370729446411,0.5938524603843689,-0.11297912895679474,0.9993299245834351,0.5447796583175659,0.6020785570144653,0.11286842823028564,0.9990382790565491,0.6894968152046204,0.6895499229431152,0.1426774561405182,0.2944117486476898,0.6355076432228088,0.7260933518409729,0.3188900351524353,0.03080933541059494,0.7742694616317749,0.7122257947921753,0.4019133150577545,0.49255484342575073,0.7434988021850586,0.7277998924255371,0.5803027153015137,0.06418363749980927,0.7977856993675232,0.6985948085784912,0.4225529730319977,0.4944099187850952,0.7702589631080627,0.7050029635429382,0.6062646508216858,0.12382002919912338,0.7933340072631836,0.818006157875061,0.3548514246940613,0.5189046859741211,0.7594996690750122,0.8128713965415955,0.5725727081298828,0.16615913808345795
0.24816980957984924,0.5045504570007324,-0.39589712023735046,0.9929654598236084,0.2466747760772705,0.47037407755851746,-0.4112873673439026,0.9925642013549805,0.24908816814422607,0.46422648429870605,-0.4117012023925781,0.9919416308403015,0.2515004277229309,0.4586343467235565,-0.4115065932273865,0.9937371015548706,0.2430870234966278,0.4734709858894348,-0.3901166021823883,0.9927598237991333,0.24378089606761932,0.4691511392593384,-0.39079296588897705,0.9941470623016357,0.24393177032470703,0.46258294582366943,-0.3911280035972595,0.9958341717720032,0.275617778301239,0.42647430300712585,-0.4110028147697449,0.9957684874534607,0.2620062232017517,0.4294356107711792,-0.3186299800872803,0.9937963485717773,0.2677186131477356,0.5007810592651367,-0.3855377435684204,0.9939585328102112,0.26316171884536743,0.50493985414505,-0.3609216511249542,0.9930474758148193,0.4101385474205017,0.47630342841148376,-0.3955567479133606,0.999506413936615,0.3218989074230194,0.45413529872894287,-0.17458173632621765,0.9993274211883545,0.5160458087921143,0.6912053227424622,-0.3806077241897583,0.9488065242767334,0.36241570115089417,0.6589611768722534,-0.0966445654630661,0.09924548864364624,0.5683191418647766,0.8691052794456482,-0.3907134532928467,0.8878794312477112,0.3486539423465729,0.8510286808013916,-0.19555193185806274,0.5096399784088135,0.5492662191390991,0.8954387903213501,-0.44066062569618225,0.8738499283790588,0.32475411891937256,0.8540522456169128,-0.2269328385591507,0.5426721572875977,0.5362602472305298,0.8874275088310242,-0.4519742429256439,0.8838459849357605,0.32411903142929077,0.8600943088531494,-0.26589149236679077,0.5515754818916321,0.5416070818901062,0.8779850602149963,-0.3956203758716583,0.8349311351776123,0.33585548400878906,0.862269937992096,-0.21613523364067078,0.537372350692749,0.58670973777771,0.5373613834381104,-0.09162921458482742,0.9993277192115784,0.5398041605949402,0.5352952480316162,0.09136857092380524,0.9990811347961426,0.6836497187614441,0.6697611212730408,0.16242948174476624,0.30147069692611694,0.610952615737915,0.6801855564117432,0.2750284969806671,0.03125164657831192,0.7658441662788391,0.7076730728149414,0.4386224150657654,0.5190775990486145,0.7256916165351868,0.7253031134605408,0.569107711315155,0.06805626302957535,0.7897559404373169,0.6944943070411682,0.4624025821685791,0.5134308934211731,0.7462310791015625,0.7046350240707397,0.6006895899772644,0.12786495685577393,0.7894877791404724,0.8153333067893982,0.3980664610862732,0.5475743412971497,0.7538573145866394,0.8203036785125732,0.568533718585968,0.1768939048051834
0.2835521996021271,0.41870397329330444,-0.4184797704219818,0.9935662746429443,0.2842528522014618,0.3868538439273834,-0.4355228543281555,0.993182897567749,0.29021304845809937,0.38092419505119324,-0.43593829870224,0.9925849437713623,0.2953493297100067,0.3741964101791382,-0.4357331693172455,0.9942229986190796,0.2721977233886719,0.3880675137042999,-0.41455698013305664,0.9933992624282837,0.2696880102157593,0.3853406310081482,-0.41525164246559143,0.9946717023849487,0.2665414810180664,0.38286271691322327,-0.4155817925930023,0.9962103962898254,0.3170672655105591,0.33812248706817627,-0.4306090772151947,0.9960688352584839,0.2749423086643219,0.3539522886276245,-0.34311434626579285,0.9943649172782898,0.3005494475364685,0.4246126413345337,-0.40523314476013184,0.9943943023681641,0.29041627049446106,0.43057671189308167,-0.38215991854667664,0.9936482310295105,0.4425569176673889,0.4286472797393799,-0.40276533365249634,0.9994785785675049,0.3237539529800415,0.3921053111553192,-0.20045319199562073,0.9993740320205688,0.5347882509231567,0.6732463240623474,-0.3676943778991699,0.9496846199035645,0.35750311613082886,0.641836404800415,-0.11513340473175049,0.11431236565113068,0.5699352025985718,0.8667965531349182,-0.3258036673069,0.8958578109741211,0.3498160243034363,0.8443635106086731,-0.2102876454591751,0.5438569784164429,0.5492705702781677,0.8939176201820374,-0.3731364607810974,0.8824359774589539,0.3245493471622467,0.8530528545379639,-0.24192345142364502,0.5766198635101318,0.5365513563156128,0.8864547610282898,-0.39081138372421265,0.8918871283531189,0.32352215051651,0.8599795699119568,-0.2813622057437897,0.5869815349578857,0.5422964096069336,0.8776228427886963,-0.33350929617881775,0.8452205657958984,0.33587855100631714,0.8606014847755432,-0.23062558472156525,0.571306049823761,0.5973950624465942,0.5149582028388977,-0.06981034576892853,0.9993432760238647,0.5388551950454712,0.4947859048843384,0.06951379776000977,0.9991204738616943,0.6839419603347778,0.6568765640258789,0.20677907764911652,0.3296380043029785,0.48029837012290955,0.6361746788024902,0.18755760788917542,0.03536491096019745,0.7669246792793274,0.7074019312858582,0.4785880148410797,0.5430026650428772,0.6092638373374939,0.6750615835189819,0.4482513964176178,0.06774552911520004,0.7902339100837708,0.6959443688392639,0.5041335821151733,0.5289039611816406,0.6302790641784668,0.658842146396637,0.47901615500450134,0.12477276474237442,0.7848181128501892,0.8119224309921265,0.4516277313232422,0.5680432915687561,0.6299198865890503,0.7521007061004639,0.4650041460990906,0.1760965883731842
0.304313600063324,0.38870349526405334,-0.4891013205051422,0.993952214717865,0.3074805438518524,0.34921082854270935,-0.5061846971511841,0.9935941100120544,0.3148682713508606,0.34165143966674805,-0.5066234469413757,0.9929558038711548,0.32260018587112427,0.3343141973018646,-0.506471574306488,0.9945016503334045,0.2926368713378906,0.35830074548721313,-0.48476409912109375,0.9938780069351196,0.28876644372940063,0.35869455337524414,-0.4855040907859802,0.9950714111328125,0.2845659852027893,0.35918718576431274,-0.48589760065078735,0.9965147376060486,0.3490694463253021,0.30066099762916565,-0.4961931109428406,0.9962083697319031,0.29256218671798706,0.33420515060424805,-0.4083307683467865,0.9948310256004333,0.3263057768344879,0.3966497778892517,-0.4734577238559723,0.9946973919868469,0.31119030714035034,0.40737080574035645,-0.45052409172058105,0.9941595196723938,0.47309836745262146,0.4132305681705475,-0.4519925117492676,0.9994217753410339,0.33738139271736145,0.40275612473487854,-0.2672581076622009,0.9994255900382996,0.5906299352645874,0.6539580225944519,-0.40375328063964844,0.9531823992729187,0.351641446352005,0.6187946796417236,-0.1713586151599884,0.14728102087974548,0.5709086060523987,0.866759181022644,-0.37515389919281006,0.9048237800598145,0.3507362902164459,0.8401162028312683,-0.26262256503105164,0.5828951597213745,0.5494118332862854,0.8941535353660583,-0.42512449622154236,0.8917202353477478,0.3252010643482208,0.8520630598068237,-0.29688143730163574,0.6118046045303345,0.53653883934021,0.886444628238678,-0.44231492280960083,0.9004796743392944,0.327176570892334,0.859062135219574,-0.3368721306324005,0.6226890683174133,0.5421352386474609,0.8778307437896729,-0.3828473687171936,0.8564422726631165,0.34208154678344727,0.8573457598686218,-0.28259900212287903,0.6065385937690735,0.6184988021850586,0.526375949382782,-0.06671563535928726,0.9993748664855957,0.5403419733047485,0.5148311257362366,0.06639540195465088,0.9991775751113892,0.6880931258201599,0.6407325863838196,0.25898846983909607,0.3423435389995575,0.5006722807884216,0.6404914259910583,0.24636535346508026,0.036571621894836426,0.7684353590011597,0.7052972316741943,0.5674082040786743,0.5468947291374207,0.5780718922615051,0.6782608032226562,0.5177159309387207,0.06491372734308243,0.7906550168991089,0.6961472630500793,0.5954588651657104,0.5224418044090271,0.6252519488334656,0.6575826406478882,0.5407644510269165,0.11923156678676605,0.7786741256713867,0.8083605170249939,0.5271881818771362,0.5704761743545532,0.6085066199302673,0.7633060812950134,0.5389824509620667,0.1702519804239273
0.3228819668292999,0.36220553517341614,-0.48329299688339233,0.9939450025558472,0.32477691769599915,0.3241329491138458,-0.499819278717041,0.9935184717178345,0.33004024624824524,0.31839519739151,-0.5002714991569519,0.9926333427429199,0.3363402783870697,0.3137253224849701,-0.5001189112663269,0.9942561388015747,0.31336909532546997,0.3278290927410126,-0.4808535575866699,0.9940351247787476,0.31100136041641235,0.326492041349411,-0.4815734922885895,0.9952248334884644,0.30815383791923523,0.3252992630004883,-0.48197340965270996,0.9966811537742615,0.3603003919124603,0.28013885021209717,-0.49300360679626465,0.9958353638648987,0.32236024737358093,0.301413893699646,-0.4146708548069,0.9950898885726929,0.3468368649482727,0.37385648488998413,-0.4692012369632721,0.9943609237670898,0.33564460277557373,0.3794744312763214,-0.44911545515060425,0.9943317770957947,0.4904555380344391,0.37860044836997986,-0.45482200384140015,0.9993442893028259,0.35308322310447693,0.39893510937690735,-0.2799021303653717,0.9994617700576782,0.5863397121429443,0.6419496536254883,-0.4109436869621277,0.9491144418716431,0.35205549001693726,0.615835428237915,-0.1894327998161316,0.16237767040729523,0.5708774924278259,0.8667387962341309,-0.380607008934021,0.9077581167221069,0.35284608602523804,0.8380820155143738,-0.2825881242752075,0.6148285269737244,0.5487584471702576,0.8939895629882812,-0.42657724022865295,0.8932524919509888,0.3250994086265564,0.8553737998008728,-0.3163195550441742,0.6403816938400269,0.5364929437637329,0.8853880167007446,-0.4446229338645935,0.9020979404449463,0.3277552127838135,0.8602710962295532,-0.3578965663909912,0.6525920033454895,0.5419846177101135,0.8771601915359497,-0.38835179805755615,0.8564005494117737,0.3434165120124817,0.8572224378585815,-0.30352485179901123,0.6350556015968323,0.6280964612960815,0.5038604140281677,-0.0581258125603199,0.9993627071380615,0.5464162826538086,0.4887640178203583,0.05778433009982109,0.9991912841796875,0.6942749619483948,0.6260629296302795,0.29890763759613037,0.3248305916786194,0.4527062475681305,0.5841035842895508,0.16386601328849792,0.034788381308317184,0.7715544104576111,0.705381453037262,0.5889385342597961,0.5266236662864685,0.5105446577072144,0.6553859710693359,0.4183502197265625,0.05986795201897621,0.7932698130607605,0.6991783380508423,0.6152626276016235,0.4973238408565521,0.5285559892654419,0.6491726636886597,0.44856056571006775,0.11029365658760071,0.7760997414588928,0.8086405992507935,0.5492109656333923,0.5504677891731262,0.5016297101974487,0.7300465106964111,0.43313854932785034,0.15860101580619812
0.3171578645706177,0.32153239846229553,-0.5068408250808716,0.9944568872451782,0.32113808393478394,0.2771308124065399,-0.5176409482955933,0.9940385222434998,0.3280760943889618,0.2700600028038025,-0.5180824398994446,0.9931648969650269,0.3354378938674927,0.2634267210960388,-0.5178987383842468,0.9946450591087341,0.30815428495407104,0.2858743965625763,-0.4985857903957367,0.9945694804191589,0.30523279309272766,0.2860490083694458,-0.4993187487125397,0.9956559538841248,0.3016689717769623,0.2859228849411011,-0.4997118413448334,0.996987521648407,0.3574189245700836,0.2427840530872345,-0.4891672134399414,0.9960206151008606,0.31421351432800293,0.27049896121025085,-0.40975913405418396,0.9955433011054993,0.3393512964248657,0.3338889181613922,-0.4856935441493988,0.9945704936981201,0.32712680101394653,0.3428317904472351,-0.4653586447238922,0.9947717785835266,0.47654086351394653,0.3582679033279419,-0.4440988004207611,0.9990828037261963,0.3549959659576416,0.3807436525821686,-0.2692801356315613,0.9994992613792419,0.55977463722229,0.5994688868522644,-0.3765331506729126,0.9120997190475464,0.3522733747959137,0.6156924366950989,-0.18041518330574036,0.19365857541561127,0.5650774240493774,0.7534107565879822,-0.2828107476234436,0.8508422374725342,0.3537149429321289,0.8370076417922974,-0.2660049796104431,0.6442390084266663,0.5501153469085693,0.8540425896644592,-0.31265583634376526,0.8401704430580139,0.32570597529411316,0.8566061854362488,-0.29596734046936035,0.6661658883094788,0.5436187982559204,0.817872166633606,-0.34136050939559937,0.8506829142570496,0.3282921016216278,0.8607416152954102,-0.3398573100566864,0.6790761947631836,0.5443525910377502,0.8099328875541687,-0.2938259243965149,0.8015409111976624,0.34372010827064514,0.8575750589370728,-0.28818970918655396,0.6609752178192139,0.6256769895553589,0.4900811016559601,-0.05756605789065361,0.9993936419487,0.5469189882278442,0.4831061363220215,0.05721474811434746,0.9992538690567017,0.6968311071395874,0.6108431220054626,0.2705148756504059,0.3523111939430237,0.46308785676956177,0.6115596294403076,0.15784958004951477,0.05099260061979294,0.7750731110572815,0.7059367299079895,0.554848849773407,0.5531712770462036,0.5672572255134583,0.6966835260391235,0.4024454653263092,0.07848202437162399,0.7955644130706787,0.7132948040962219,0.5800211429595947,0.5074896216392517,0.5852663516998291,0.7110766172409058,0.43025487661361694,0.12290880084037781,0.772282063961029,0.8088430762290955,0.5169489979743958,0.5696719884872437,0.5465860366821289,0.8087098002433777,0.4034297466278076,0.18061231076717377
0.3243360221385956,0.30348870158195496,-0.47878018021583557,0.9946222305297852,0.325848788022995,0.265388160943985,-0.501470148563385,0.993992269039154,0.3296542763710022,0.2594521939754486,-0.501908004283905,0.9929100275039673,0.3331587016582489,0.2566240429878235,-0.5018144845962524,0.9943414926528931,0.3190799653530121,0.2686951458454132,-0.4631054997444153,0.9948149919509888,0.3184429109096527,0.26841050386428833,-0.46378952264785767,0.9958838820457458,0.31712138652801514,0.26869502663612366,-0.4640897214412689,0.9971747398376465,0.3522469401359558,0.23989169299602509,-0.47759580612182617,0.995463490486145,0.33486413955688477,0.25308454036712646,-0.3871355354785919,0.9958392381668091,0.345005065202713,0.3111700713634491,-0.46395525336265564,0.994178295135498,0.34031471610069275,0.3167489171028137,-0.4277860224246979,0.9948991537094116,0.47279924154281616,0.33762720227241516,-0.43653789162635803,0.998884916305542,0.3634375333786011,0.37611517310142517,-0.2574295401573181,0.999519944190979,0.545042097568512,0.5908660888671875,-0.39591991901397705,0.8706314563751221,0.35246315598487854,0.6085754632949829,-0.20432016253471375,0.209108367562294,0.5650343894958496,0.7827935814857483,-0.32957205176353455,0.803338348865509,0.35311049222946167,0.8360183835029602,-0.2928393483161926,0.6684698462486267,0.5499361753463745,0.8613110780715942,-0.35559412837028503,0.7977766394615173,0.3256698250770569,0.8557325005531311,-0.3230738043785095,0.6877933740615845,0.5435522198677063,0.832584798336029,-0.3832395076751709,0.810194730758667,0.3280456066131592,0.8616072535514832,-0.3639938533306122,0.701515793800354,0.5441270470619202,0.8222193121910095,-0.33960211277008057,0.7553809881210327,0.342877596616745,0.8595511317253113,-0.31390708684921265,0.681705117225647,0.6292068958282471,0.47515279054641724,-0.05563396215438843,0.9993988871574402,0.5626712441444397,0.4778199791908264,0.05529268831014633,0.9992972016334534,0.6988619565963745,0.6068670749664307,0.2624591886997223,0.34001967310905457,0.47406116127967834,0.6104589104652405,0.1432662159204483,0.05175632983446121,0.7760826349258423,0.7061113715171814,0.5430387854576111,0.5500226020812988,0.5919415354728699,0.6967819929122925,0.35844293236732483,0.07863786071538925,0.7963489890098572,0.7144638895988464,0.5706167817115784,0.49377018213272095,0.6029783487319946,0.7046367526054382,0.3830713927745819,0.11945722997188568,0.7698773145675659,0.8073802590370178,0.5053841471672058,0.5618594288825989,0.5888338088989258,0.8044780492782593,0.3547676205635071,0.17823168635368347
0.32314109802246094,0.30556896328926086,-0.46019014716148376,0.994964599609375,0.32378995418548584,0.26792508363723755,-0.4824826717376709,0.9942827224731445,0.32707899808883667,0.26413366198539734,-0.4829142987728119,0.9931735992431641,0.3315926492214203,0.25953608751296997,-0.482815682888031,0.9945096373558044,0.31821295619010925,0.2708418369293213,-0.4473607540130615,0.9951772689819336,0.31789976358413696,0.269463449716568,-0.44803911447525024,0.9961854219436646,0.31701114773750305,0.26876792311668396,-0.44835028052330017,0.9973940253257751,0.35036414861679077,0.24119436740875244,-0.4665095806121826,0.9955366253852844,0.3329538404941559,0.2515599727630615,-0.3873266577720642,0.9961820244789124,0.34307485818862915,0.31301987171173096,-0.4447757601737976,0.9943474531173706,0.33784154057502747,0.3164498507976532,-0.41501182317733765,0.9952145218849182,0.4710342288017273,0.33624759316444397,-0.4446362853050232,0.9988580346107483,0.3633463680744171,0.36384451389312744,-0.2625056505203247,0.9995487332344055,0.5441337823867798,0.5928570032119751,-0.4206191599369049,0.851625382900238,0.3526213765144348,0.6000528931617737,-0.21220433712005615,0.22897373139858246,0.5641915798187256,0.8086325526237488,-0.37057992815971375,0.7854615449905396,0.3535139560699463,0.8338944315910339,-0.29171183705329895,0.6936110258102417,0.5467682480812073,0.8624792098999023,-0.40457144379615784,0.7808314561843872,0.32578685879707336,0.8551616072654724,-0.32169491052627563,0.7106208205223083,0.5414438843727112,0.839310348033905,-0.4225921630859375,0.79426109790802,0.32867181301116943,0.8611857295036316,-0.3604559898376465,0.7244596481323242,0.5434118509292603,0.826416552066803,-0.37718915939331055,0.7335578799247742,0.3429465591907501,0.8589501976966858,-0.31155574321746826,0.7038740515708923,0.6275593638420105,0.4860844612121582,-0.05622134730219841,0.9994122385978699,0.558444082736969,0.4803588092327118,0.055891163647174835,0.9993385076522827,0.6997610926628113,0.6091470122337341,0.2880419194698334,0.3469231426715851,0.43953537940979004,0.593269407749176,0.14470887184143066,0.05793527886271477,0.7758939266204834,0.7057109475135803,0.5534933805465698,0.5678034424781799,0.5696746110916138,0.6987181901931763,0.3270736336708069,0.0873994454741478,0.7963047623634338,0.7140829563140869,0.5771369934082031,0.5012032389640808,0.5920695066452026,0.7026684880256653,0.34819120168685913,0.12577974796295166,0.7697803378105164,0.8060522079467773,0.5224296450614929,0.575789213180542,0.5487566590309143,0.8277177810668945,0.3237670660018921,0.19258621335029602
0.3235449492931366,0.3199733793735504,-0.5234175324440002,0.9952867031097412,0.3236117362976074,0.27667251229286194,-0.5376760959625244,0.9946233034133911,0.32844746112823486,0.27006828784942627,-0.5381045341491699,0.9935386180877686,0.3336285948753357,0.2632841169834137,-0.5379437804222107,0.9947688579559326,0.315264493227005,0.2832584083080292,-0.5140000581741333,0.9955316185951233,0.3136371970176697,0.2818852663040161,-0.514722466468811,0.9964766502380371,0.3118433952331543,0.2813618779182434,-0.5151348114013672,0.9976041913032532,0.35654333233833313,0.23249399662017822,-0.5216492414474487,0.9957336783409119,0.32927507162094116,0.25943437218666077,-0.4256654381752014,0.9965060949325562,0.3442012667655945,0.32600516080856323,-0.5070083141326904,0.9946289658546448,0.33643466234207153,0.33463579416275024,-0.48058849573135376,0.9955631494522095,0.4933773875236511,0.33329102396965027,-0.4860283434391022,0.9987315535545349,0.36093664169311523,0.37112724781036377,-0.29047125577926636,0.9995772242546082,0.5570878386497498,0.6043870449066162,-0.4741550087928772,0.8560113906860352,0.3526962101459503,0.5998575091362,-0.22007593512535095,0.26288244128227234,0.5644186735153198,0.8247478008270264,-0.4669741094112396,0.7931885719299316,0.35413533449172974,0.8334511518478394,-0.30504462122917175,0.7192246913909912,0.546398937702179,0.862733781337738,-0.5217931270599365,0.7877801656723022,0.3259389400482178,0.8540279865264893,-0.3411269187927246,0.7335420846939087,0.539946973323822,0.8468453288078308,-0.5358611345291138,0.80159592628479,0.32954317331314087,0.8603995442390442,-0.38143354654312134,0.7472434043884277,0.5432667136192322,0.8356916904449463,-0.47467201948165894,0.7390137910842896,0.34401753544807434,0.8581113815307617,-0.32562893629074097,0.7269231677055359,0.6338720321655273,0.4882182776927948,-0.05848349258303642,0.9994430541992188,0.5584527850151062,0.4893561005592346,0.058185040950775146,0.9993879199028015,0.7018436193466187,0.6124781966209412,0.2760177552700043,0.36298635601997375,0.461273729801178,0.5931204557418823,0.28944307565689087,0.06040455400943756,0.77606201171875,0.7049037218093872,0.5711243152618408,0.5886200666427612,0.5863544344902039,0.6884381771087646,0.603103756904602,0.09057275205850601,0.7964250445365906,0.7138149738311768,0.5968282222747803,0.5108180642127991,0.5993701219558716,0.6930918097496033,0.6377472877502441,0.12822659313678741,0.7899003624916077,0.8255406618118286,0.5170000791549683,0.595623791217804,0.5719658732414246,0.8135877847671509,0.6030271053314209,0.2009255737066269
0.3210785984992981,0.33170920610427856,-0.5208770036697388,0.9956387877464294,0.3190527558326721,0.2944306433200836,-0.5201971530914307,0.994992196559906,0.3232281506061554,0.28857243061065674,-0.5206978917121887,0.9939549565315247,0.327772319316864,0.28385379910469055,-0.5206403732299805,0.9950798749923706,0.31339943408966064,0.29655569791793823,-0.5048683881759644,0.9958826899528503,0.3134708106517792,0.29323238134384155,-0.5055689811706543,0.9967624545097351,0.3126027286052704,0.2894863784313202,-0.5058946013450623,0.9978041052818298,0.35152560472488403,0.24542468786239624,-0.494702011346817,0.995985746383667,0.33508071303367615,0.2564486265182495,-0.4037335515022278,0.9968172311782837,0.34355872869491577,0.33532968163490295,-0.48093873262405396,0.9949677586555481,0.3386315703392029,0.3411669135093689,-0.4623720645904541,0.995902419090271,0.4868721067905426,0.3343793451786041,-0.46502581238746643,0.9987618327140808,0.3631204664707184,0.36660537123680115,-0.27073192596435547,0.999606192111969,0.5634877681732178,0.607718288898468,-0.4536796510219574,0.8589900732040405,0.35464099049568176,0.6011874079704285,-0.22067657113075256,0.2857625186443329,0.56449955701828,0.8391119837760925,-0.4373508095741272,0.8029083609580994,0.3538484275341034,0.836980938911438,-0.3143591582775116,0.7416926026344299,0.545646071434021,0.8681657314300537,-0.48327821493148804,0.7971047163009644,0.3251892924308777,0.8541643619537354,-0.34890323877334595,0.7538549900054932,0.5394132733345032,0.8569097518920898,-0.49610963463783264,0.8105834126472473,0.3285248279571533,0.8607077598571777,-0.3854641318321228,0.7673326730728149,0.5432409048080444,0.8480668067932129,-0.44329285621643066,0.7471418976783752,0.34370526671409607,0.8597984910011292,-0.33386334776878357,0.7469461560249329,0.6324867010116577,0.490646630525589,-0.058738626539707184,0.9994580149650574,0.5566678047180176,0.48246005177497864,0.05845757573843002,0.9994232058525085,0.701336681842804,0.6152300238609314,0.2866238057613373,0.38355737924575806,0.44780269265174866,0.5830278992652893,0.16279831528663635,0.07036501914262772,0.7760037183761597,0.7052668929100037,0.5767717957496643,0.6141349673271179,0.5742095708847046,0.7027321457862854,0.37045204639434814,0.1044880598783493,0.7967411875724792,0.7162682414054871,0.6021395921707153,0.5316081643104553,0.596950113773346,0.6964277625083923,0.3945692181587219,0.13958072662353516,0.7912763953208923,0.8441571593284607,0.5403639078140259,0.619339644908905,0.5760946869850159,0.8403422236442566,0.3640120029449463,0.22703291475772858
0.31909558176994324,0.3519897758960724,-0.516510546207428,0.9959425926208496,0.3186260759830475,0.31190136075019836,-0.5306318998336792,0.9953505396842957,0.32433488965034485,0.3042248785495758,-0.5310620069503784,0.9943610429763794,0.3307402431964874,0.2967525124549866,-0.5309096574783325,0.9953974485397339,0.31019914150238037,0.31865063309669495,-0.5067151784896851,0.9962064027786255,0.30923622846603394,0.3168953061103821,-0.5074191093444824,0.9970194697380066,0.3077690303325653,0.31519171595573425,-0.5078168511390686,0.9979855418205261,0.35399407148361206,0.25995123386383057,-0.5200660228729248,0.996254026889801,0.3273269534111023,0.2842400372028351,-0.41408324241638184,0.9970970153808594,0.34250402450561523,0.3560861349105835,-0.49990004301071167,0.9953206181526184,0.3338274657726288,0.36470556259155273,-0.4722447991371155,0.9962329268455505,0.5007668733596802,0.3437855541706085,-0.48046988248825073,0.9988039135932922,0.36026984453201294,0.37959426641464233,-0.2826020121574402,0.999637246131897,0.594478189945221,0.6090079545974731,-0.48362255096435547,0.8709954619407654,0.35530251264572144,0.6027771830558777,-0.22540462017059326,0.3118789494037628,0.5654288530349731,0.8468828201293945,-0.49340230226516724,0.8195897936820984,0.3540096879005432,0.8416499495506287,-0.3348024785518646,0.7641686797142029,0.5462441444396973,0.8718975782394409,-0.543540894985199,0.8131230473518372,0.3250582814216614,0.855340838432312,-0.3727143108844757,0.7742477655410767,0.5392320156097412,0.8653512597084045,-0.5549004077911377,0.8256192803382874,0.32805687189102173,0.8616003394126892,-0.4096706509590149,0.7871906757354736,0.5437601804733276,0.8576355576515198,-0.4990358352661133,0.7650639414787292,0.3436425030231476,0.8617979288101196,-0.35443851351737976,0.7674403786659241,0.6319395899772644,0.5009356737136841,-0.05986032634973526,0.9994814395904541,0.5451002717018127,0.5067223310470581,0.059570036828517914,0.9994605183601379,0.7009789347648621,0.6174414753913879,0.2828037142753601,0.4215652346611023,0.40516310930252075,0.5999882817268372,0.14821520447731018,0.09047951549291611,0.7759702801704407,0.7049717307090759,0.5869666337966919,0.6440394520759583,0.5688625574111938,0.698742687702179,0.3844478726387024,0.12140905112028122,0.7954956293106079,0.7109767198562622,0.6141008138656616,0.5572388768196106,0.592941164970398,0.6959940791130066,0.41200798749923706,0.15386360883712769,0.785407304763794,0.8394708633422852,0.5424438118934631,0.6466175317764282,0.5839987993240356,0.8359426856040955,0.37438398599624634,0.2539592683315277
0.31795138120651245,0.38765889406204224,-0.49323955178260803,0.9957929849624634,0.3161437511444092,0.3443931043148041,-0.5131834745407104,0.9951239824295044,0.3216031491756439,0.3367241621017456,-0.5135937929153442,0.9941549897193909,0.3276379406452179,0.3278183341026306,-0.5134246945381165,0.9951016306877136,0.3077912926673889,0.3498651385307312,-0.4869466722011566,0.9961028099060059,0.30670636892318726,0.3472283184528351,-0.4876438081264496,0.9970162510871887,0.3051453232765198,0.345126211643219,-0.48803186416625977,0.9979904890060425,0.35026073455810547,0.2702576816082001,-0.5266332030296326,0.996210515499115,0.32359904050827026,0.2874857783317566,-0.40562552213668823,0.997223973274231,0.3414898216724396,0.3923547863960266,-0.4842159152030945,0.9953768849372864,0.33301395177841187,0.4009125530719757,-0.4533650279045105,0.9963414072990417,0.4992563724517822,0.3612709939479828,-0.4800679087638855,0.9988439679145813,0.3599610924720764,0.3828735053539276,-0.28155434131622314,0.9996613264083862,0.5963093042373657,0.6248289942741394,-0.4822140336036682,0.8821356892585754,0.3553082346916199,0.6039535999298096,-0.22106902301311493,0.319594144821167,0.5685941576957703,0.8513662815093994,-0.4951409697532654,0.8363794088363647,0.35389670729637146,0.843929648399353,-0.3170483112335205,0.7846518754959106,0.547261655330658,0.8758119344711304,-0.5471898913383484,0.8301904201507568,0.3238458037376404,0.856066107749939,-0.3538851737976074,0.7934650778770447,0.5391148328781128,0.8694784641265869,-0.5556623339653015,0.8416399359703064,0.3275439143180847,0.8617764115333557,-0.3883388042449951,0.8057876825332642,0.5445196628570557,0.8618097901344299,-0.49984389543533325,0.785699188709259,0.3434492349624634,0.8622100949287415,-0.33560314774513245,0.7870931625366211,0.6313183307647705,0.5268610119819641,-0.0633355975151062,0.999502956867218,0.5442768335342407,0.5332905650138855,0.06303617358207703,0.9994895458221436,0.7007361054420471,0.6189300417900085,0.2903197407722473,0.441063791513443,0.4512515068054199,0.615836501121521,0.3251245617866516,0.08957073837518692,0.7740772366523743,0.7005346417427063,0.6275216341018677,0.6655899882316589,0.5678637027740479,0.6926556825637817,0.6753648519515991,0.12356660515069962,0.7922487258911133,0.6987102031707764,0.6577855944633484,0.5680970549583435,0.5907421708106995,0.6955321431159973,0.7147684097290039,0.15672175586223602,0.7829428315162659,0.8307336568832397,0.577663779258728,0.6682718396186829,0.5780074596405029,0.8305056095123291,0.6933690905570984,0.267009973526001
0.30450326204299927,0.4449506103992462,-0.4855521321296692,0.9957262873649597,0.3035493493080139,0.4114491641521454,-0.5088489651679993,0.9951438903808594,0.3093418478965759,0.40356242656707764,-0.5092439651489258,0.9942126274108887,0.3154744505882263,0.3944733142852783,-0.5090630054473877,0.9951150417327881,0.29396700859069824,0.4167564809322357,-0.4806670546531677,0.9960813522338867,0.2926807105541229,0.4145946502685547,-0.48136740922927856,0.997032642364502,0.29095640778541565,0.4127667248249054,-0.48174849152565,0.9980064034461975,0.338126003742218,0.3402799367904663,-0.5302883386611938,0.9963513612747192,0.3087010979652405,0.36289703845977783,-0.4020279347896576,0.9973273873329163,0.3313872516155243,0.44307076930999756,-0.4788759648799896,0.9955271482467651,0.32070600986480713,0.4501632750034332,-0.4459756910800934,0.9964427351951599,0.49194735288619995,0.3700438141822815,-0.47416457533836365,0.9989256858825684,0.34427040815353394,0.38786667585372925,-0.2833739221096039,0.9996820092201233,0.5963816046714783,0.6373864412307739,-0.4791821837425232,0.892918050289154,0.35533657670021057,0.6054367423057556,-0.22423386573791504,0.3091742992401123,0.5687731504440308,0.8590337038040161,-0.5001248121261597,0.852024495601654,0.35381025075912476,0.8460127115249634,-0.31835395097732544,0.7968522906303406,0.5492469072341919,0.8810207843780518,-0.5519983768463135,0.8459429144859314,0.3237175941467285,0.8559989333152771,-0.3544464111328125,0.8040024042129517,0.539025604724884,0.8754110336303711,-0.5579128861427307,0.8564004302024841,0.32677048444747925,0.8616433143615723,-0.3858664631843567,0.8171159029006958,0.5444881319999695,0.8689934015274048,-0.5037334561347961,0.8048276901245117,0.34281888604164124,0.8625116348266602,-0.335485577583313,0.7973253726959229,0.6255265474319458,0.5372772216796875,-0.06526926159858704,0.9995295405387878,0.5349196195602417,0.5422636866569519,0.06497706472873688,0.9995129704475403,0.6981817483901978,0.6307244300842285,0.3016197085380554,0.4559692144393921,0.49643293023109436,0.6165269017219543,0.3855512738227844,0.08422918617725372,0.7711206674575806,0.6974681615829468,0.6232919096946716,0.682595431804657,0.5523383617401123,0.6761117577552795,0.7615355253219604,0.1175353154540062,0.7890021800994873,0.6918649077415466,0.6515903472900391,0.5775378346443176,0.5699259042739868,0.6693036556243896,0.803920567035675,0.15146580338478088,0.7828667759895325,0.826320469379425,0.5592172145843506,0.6884235739707947,0.5431691408157349,0.7778874039649963,0.7829607129096985,0.2686364948749542
0.3008215129375458,0.5199264287948608,-0.4805701673030853,0.9959349036216736,0.29474249482154846,0.4800742268562317,-0.5031526684761047,0.9954558610916138,0.3005945086479187,0.4708046317100525,-0.5035390853881836,0.9945791959762573,0.30730709433555603,0.4604939818382263,-0.5033490657806396,0.9954199194908142,0.2854357361793518,0.48930850625038147,-0.47579535841941833,0.9963170289993286,0.28365615010261536,0.4884806275367737,-0.4764912724494934,0.9972088932991028,0.28133052587509155,0.4879608154296875,-0.4768654406070709,0.99812912940979,0.33410441875457764,0.3999651074409485,-0.5195292830467224,0.9966207146644592,0.2998405694961548,0.4384414553642273,-0.4008916914463043,0.9975166320800781,0.3310742974281311,0.5111612677574158,-0.47294721007347107,0.9957972168922424,0.3199155330657959,0.5239912867546082,-0.44238656759262085,0.9966281056404114,0.489894300699234,0.3871225118637085,-0.4694662094116211,0.9990094900131226,0.34234923124313354,0.4510708749294281,-0.27747219800949097,0.9997029304504395,0.5980557203292847,0.6374064087867737,-0.4769580364227295,0.9026672840118408,0.35549038648605347,0.6202119588851929,-0.21054546535015106,0.29243677854537964,0.5688110589981079,0.8612313270568848,-0.48757392168045044,0.8655531406402588,0.3519624173641205,0.8516910076141357,-0.26494866609573364,0.8057029247283936,0.5497058629989624,0.8849101662635803,-0.5266528725624084,0.8591290712356567,0.3230917453765869,0.8563078045845032,-0.29717543721199036,0.8122096061706543,0.5387140512466431,0.8789522647857666,-0.5266205072402954,0.8688402771949768,0.3266567885875702,0.8620659708976746,-0.3221650719642639,0.8261790871620178,0.5444101095199585,0.8720881938934326,-0.5026171207427979,0.8205587267875671,0.3427428603172302,0.8644429445266724,-0.2787008583545685,0.8051339387893677,0.6196606159210205,0.5819195508956909,-0.06772427260875702,0.9995498061180115,0.5298107266426086,0.58729487657547,0.06745272129774094,0.9995312690734863,0.69712233543396,0.6633912324905396,0.30482763051986694,0.46343284845352173,0.49935182929039,0.6345627903938293,0.3840532898902893,0.07905223965644836,0.7680507898330688,0.697156548500061,0.6157978773117065,0.690771222114563,0.5388877987861633,0.6774532198905945,0.7504383325576782,0.11085940897464752,0.7839087247848511,0.6859293580055237,0.6437397599220276,0.5773387551307678,0.5560404658317566,0.6701609492301941,0.7924407720565796,0.14595744013786316,0.7854318022727966,0.8256661295890808,0.5562742948532104,0.7014147043228149,0.5274099707603455,0.7820162177085876,0.784062922000885,0.2657319903373718
0.25946345925331116,0.5961608290672302,-0.3558950424194336,0.9955649375915527,0.25171828269958496,0.5640450119972229,-0.38130611181259155,0.9951456189155579,0.2544328272342682,0.5571103692054749,-0.3816732168197632,0.9944306015968323,0.25684377551078796,0.5505474805831909,-0.38152092695236206,0.9952319860458374,0.2477295696735382,0.5667943954467773,-0.34761500358581543,0.9959423542022705,0.24777111411094666,0.5621034502983093,-0.34824198484420776,0.9969779253005981,0.24736018478870392,0.5574327707290649,-0.3485240936279297,0.9979153871536255,0.27577829360961914,0.5126050710678101,-0.41403430700302124,0.9966456890106201,0.265704870223999,0.5168650150299072,-0.2611660659313202,0.9973033666610718,0.2818664312362671,0.5879936218261719,-0.35432931780815125,0.9956933259963989,0.2788860499858856,0.5919808149337769,-0.31278225779533386,0.9964012503623962,0.4193524420261383,0.5107267498970032,-0.38773679733276367,0.9990831613540649,0.32512035965919495,0.49064597487449646,-0.12529897689819336,0.9997066855430603,0.5518709421157837,0.6481721997261047,-0.4010566174983978,0.9089233875274658,0.35725507140159607,0.6356385350227356,-0.04170228913426399,0.267340749502182,0.5689538717269897,0.8611662983894348,-0.4552580416202545,0.8775674700737,0.352387934923172,0.8509148359298706,-0.14485903084278107,0.8151379823684692,0.5500615239143372,0.8846632838249207,-0.5032480955123901,0.8717458248138428,0.32370391488075256,0.8554673194885254,-0.17693112790584564,0.824608564376831,0.5386381149291992,0.8791353106498718,-0.5173673033714294,0.880775511264801,0.3265908360481262,0.8619935512542725,-0.21410346031188965,0.8383617997169495,0.545274555683136,0.8719666600227356,-0.4697171151638031,0.8360764384269714,0.342502236366272,0.8641133904457092,-0.16572633385658264,0.8172203302383423,0.6120885610580444,0.6499924659729004,-0.09214433282613754,0.9995447397232056,0.5311938524246216,0.6571611166000366,0.09187912940979004,0.9995286464691162,0.6959899663925171,0.6975100040435791,0.22329024970531464,0.4387039244174957,0.6097327470779419,0.7014844417572021,0.37528035044670105,0.0727057233452797,0.7682206630706787,0.7047264575958252,0.5102347135543823,0.6705948114395142,0.6906538009643555,0.7206965088844299,0.6945451498031616,0.10364458709955215,0.7840448617935181,0.6863274574279785,0.5331394076347351,0.5562326908111572,0.7150930166244507,0.7060896754264832,0.7294468283653259,0.1401752233505249,0.7904950380325317,0.8248371481895447,0.4475560188293457,0.6943876147270203,0.6821821331977844,0.8194459676742554,0.7108741998672485,0.2560026943683624
0.23869934678077698,0.638512909412384,-0.27964022755622864,0.9959278106689453,0.23152971267700195,0.6026923656463623,-0.3050498366355896,0.9955668449401855,0.23385700583457947,0.598845899105072,-0.30543357133865356,0.994931697845459,0.23622992634773254,0.5954486131668091,-0.30526095628738403,0.9956559538841248,0.22920329868793488,0.6007921695709229,-0.2676527202129364,0.9962764382362366,0.2300800085067749,0.5962682366371155,-0.2682053744792938,0.9972261786460876,0.23071447014808655,0.5921935439109802,-0.26839444041252136,0.9980747103691101,0.2548843026161194,0.5638747215270996,-0.3494236171245575,0.9969560503959656,0.2494727373123169,0.5644280910491943,-0.1804085075855255,0.9974995255470276,0.2593994438648224,0.6445241570472717,-0.28424885869026184,0.9960516691207886,0.2579142153263092,0.6439422369003296,-0.2379494160413742,0.9966692924499512,0.3601606488227844,0.5660982131958008,-0.3555290102958679,0.9991676807403564,0.327082097530365,0.5483896136283875,-0.03595063462853432,0.9996981620788574,0.5033811330795288,0.659861147403717,-0.3856537938117981,0.9165570735931396,0.364067405462265,0.6704269051551819,0.028098171576857567,0.24253584444522858,0.5677735805511475,0.8591529130935669,-0.44751256704330444,0.8892934322357178,0.35116589069366455,0.8507025837898254,-0.09258434176445007,0.8040794730186462,0.5491935610771179,0.8821790218353271,-0.5016756653785706,0.8839353919029236,0.3236847519874573,0.8551153540611267,-0.12245655059814453,0.8224024772644043,0.5383381843566895,0.8772178888320923,-0.5133214592933655,0.8921266794204712,0.3257773816585541,0.861897885799408,-0.15876848995685577,0.8374027609825134,0.5446826219558716,0.8714210391044617,-0.4579942226409912,0.8511653542518616,0.33870741724967957,0.8639929294586182,-0.11418846994638443,0.8134104013442993,0.5985854864120483,0.6852675676345825,-0.10653030872344971,0.9995667934417725,0.5349449515342712,0.6920335292816162,0.10626582056283951,0.9995394945144653,0.6959347724914551,0.7184241414070129,0.19633634388446808,0.436245322227478,0.618143618106842,0.722909688949585,0.36469417810440063,0.06794273108243942,0.7683899402618408,0.7113821506500244,0.4606778621673584,0.6678208112716675,0.7210487723350525,0.7279869318008423,0.6504666805267334,0.10187848657369614,0.7849273085594177,0.6872043013572693,0.48002901673316956,0.55263352394104,0.7370697259902954,0.7122673988342285,0.6817358732223511,0.14624522626399994,0.7914102673530579,0.8244236707687378,0.3885841965675354,0.7010972499847412,0.7200391292572021,0.8336480855941772,0.6583190560340881,0.26327046751976013
0.23253896832466125,0.7105687856674194,-0.34491053223609924,0.996224045753479,0.22735679149627686,0.6766707301139832,-0.368865966796875,0.9959110617637634,0.2299397736787796,0.6730923056602478,-0.3692253530025482,0.9953526258468628,0.2327815592288971,0.6698050498962402,-0.36906081438064575,0.9960147738456726,0.22380074858665466,0.673399806022644,-0.33660584688186646,0.9965476393699646,0.22396314144134521,0.6679027676582336,-0.33718141913414,0.9974312782287598,0.2240690439939499,0.6626348495483398,-0.3373945653438568,0.9982064366340637,0.25525134801864624,0.6334177851676941,-0.39829087257385254,0.9972242712974548,0.2438039481639862,0.6298941969871521,-0.25316986441612244,0.9976683855056763,0.25409430265426636,0.7144297361373901,-0.342969685792923,0.9963857531547546,0.24950642883777618,0.7163195013999939,-0.30368033051490784,0.9969247579574585,0.389191210269928,0.6295595169067383,-0.3763312101364136,0.9992468953132629,0.32142868638038635,0.589299201965332,-0.10904423147439957,0.9997169971466064,0.5219599008560181,0.6978990435600281,-0.38795334100723267,0.9245093464851379,0.37069475650787354,0.6706289052963257,0.00507205119356513,0.2221415787935257,0.5663961172103882,0.8662123680114746,-0.44530025124549866,0.9000879526138306,0.351187527179718,0.8464064598083496,-0.044548384845256805,0.7934026718139648,0.5463354587554932,0.8922255635261536,-0.4957900643348694,0.8951615691184998,0.3236791491508484,0.8527455925941467,-0.06558530032634735,0.818291187286377,0.5313993096351624,0.886073112487793,-0.5071825385093689,0.9025930762290955,0.32573065161705017,0.8607691526412964,-0.10028191655874252,0.8345709443092346,0.5395759344100952,0.8771376013755798,-0.4525797367095947,0.8652758002281189,0.33908870816230774,0.8610253930091858,-0.06278643757104874,0.8074672222137451,0.5956451892852783,0.7069280743598938,-0.10383082926273346,0.9995925426483154,0.5336006283760071,0.7111412286758423,0.10363856703042984,0.999560534954071,0.6957222819328308,0.7378891706466675,0.1942601352930069,0.42321649193763733,0.6490593552589417,0.7496398687362671,0.3596251308917999,0.06444478780031204,0.7695176005363464,0.7197120785713196,0.4660393297672272,0.6640790700912476,0.744756817817688,0.7349703311920166,0.5817182064056396,0.10509932041168213,0.787831723690033,0.6914843916893005,0.4865454137325287,0.5534546971321106,0.7656676769256592,0.7132037878036499,0.6076146364212036,0.15937218070030212,0.793518602848053,0.8240047693252563,0.39411377906799316,0.7089066505432129,0.7627240419387817,0.8295937180519104,0.560377836227417,0.2802278399467468
0.23496004939079285,0.783673107624054,-0.46729952096939087,0.9960598349571228,0.2307404726743698,0.7549846172332764,-0.4919660687446594,0.9958887100219727,0.23443949222564697,0.7495974898338318,-0.49227920174598694,0.9953303337097168,0.23841245472431183,0.7437009215354919,-0.4920893609523773,0.9961001873016357,0.22449083626270294,0.7547568678855896,-0.46122580766677856,0.9963917136192322,0.2235446721315384,0.7498207688331604,-0.46180814504623413,0.9971959590911865,0.2222559154033661,0.744915783405304,-0.4620271325111389,0.9980618357658386,0.26605257391929626,0.6994180679321289,-0.5051613450050354,0.9972643256187439,0.23982620239257812,0.7056480646133423,-0.3661244511604309,0.9972308874130249,0.25824663043022156,0.7792001366615295,-0.45695146918296814,0.9962779879570007,0.2521461844444275,0.7823102474212646,-0.41975611448287964,0.9965254664421082,0.39898186922073364,0.6870196461677551,-0.43220990896224976,0.9992979168891907,0.3101878762245178,0.6136267781257629,-0.21365173161029816,0.9996632933616638,0.5478034019470215,0.6878877878189087,-0.3925645649433136,0.9301424026489258,0.38822153210639954,0.665886640548706,-0.05110006406903267,0.20040898025035858,0.5641772150993347,0.86541348695755,-0.4400232434272766,0.89425128698349,0.35245412588119507,0.779176652431488,-0.005423624534159899,0.7147807478904724,0.5460183620452881,0.8925368189811707,-0.48024922609329224,0.8844853639602661,0.3342159688472748,0.775833785533905,-0.01487494446337223,0.737613320350647,0.5306264758110046,0.8857032060623169,-0.4877825677394867,0.8932450413703918,0.33131590485572815,0.8034650087356567,-0.0395941361784935,0.752395749092102,0.5364128947257996,0.877068817615509,-0.4430956244468689,0.8473744988441467,0.3393884301185608,0.7963600754737854,-0.016925521194934845,0.7279171347618103,0.5907533764839172,0.7193015217781067,-0.10061712563037872,0.9995892643928528,0.5209470987319946,0.6973856687545776,0.10031557083129883,0.9995365738868713,0.6959148645401001,0.7424007654190063,0.2023661583662033,0.3912060558795929,0.6300057172775269,0.7405567765235901,0.337294340133667,0.05837235227227211,0.7691810131072998,0.7215988039970398,0.48978108167648315,0.6300493478775024,0.7370010614395142,0.730931282043457,0.6023643016815186,0.09634857624769211,0.788033664226532,0.6917980909347534,0.514237105846405,0.5324522256851196,0.7512696981430054,0.71059250831604,0.6329362392425537,0.1494559347629547,0.7929772734642029,0.8238169550895691,0.43542009592056274,0.6756177544593811,0.7377234697341919,0.8351961970329285,0.6079295873641968,0.2580857574939728
0.23939351737499237,0.8269158005714417,-0.40354782342910767,0.9958528876304626,0.23319900035858154,0.797402024269104,-0.43855538964271545,0.9957636594772339,0.23581545054912567,0.7910858392715454,-0.43881097435951233,0.9951493740081787,0.2395717203617096,0.7855638265609741,-0.43859362602233887,0.9959601163864136,0.22775165736675262,0.7972519993782043,-0.40724998712539673,0.9962916374206543,0.2269119918346405,0.7914566993713379,-0.4077969491481781,0.9971139430999756,0.2257012128829956,0.7861344218254089,-0.4080122113227844,0.998001754283905,0.258674681186676,0.7420933842658997,-0.49710583686828613,0.997229814529419,0.241489976644516,0.7454537153244019,-0.3487716019153595,0.9971261024475098,0.2607758641242981,0.8185910582542419,-0.4030114710330963,0.9959233403205872,0.25664204359054565,0.819221556186676,-0.36582350730895996,0.9961740970611572,0.38019996881484985,0.7196012139320374,-0.4133654534816742,0.9993423819541931,0.3053857684135437,0.6406843066215515,-0.2100096046924591,0.9996570348739624,0.5507014989852905,0.6964879035949707,-0.3482561409473419,0.9335536360740662,0.44259390234947205,0.6264166235923767,-0.07106532156467438,0.1816823035478592,0.5625694394111633,0.8648244142532349,-0.27347058057785034,0.864188551902771,0.5127602815628052,0.6738384962081909,-0.05593787878751755,0.6435564756393433,0.5454133749008179,0.89251309633255,-0.29415395855903625,0.8473053574562073,0.5279829502105713,0.693122386932373,-0.06633009761571884,0.664245069026947,0.530288577079773,0.8853474855422974,-0.3015572726726532,0.8561642169952393,0.52852863073349,0.7181089520454407,-0.08725018799304962,0.677570104598999,0.5352081656455994,0.8768815994262695,-0.27228426933288574,0.802243173122406,0.5283287763595581,0.7142248153686523,-0.0651237815618515,0.6555618643760681,0.5893615484237671,0.7437484860420227,-0.09664686024188995,0.9996123909950256,0.5197392106056213,0.6945146918296814,0.09636155515909195,0.9995540976524353,0.6893791556358337,0.7616655826568604,0.21095414459705353,0.4058902859687805,0.633006751537323,0.7375298142433167,0.3543963134288788,0.05436968058347702,0.7671979069709778,0.7251255512237549,0.49715209007263184,0.6449549794197083,0.7147563695907593,0.7325884699821472,0.6387657523155212,0.09581860154867172,0.78581702709198,0.6931455135345459,0.5233110189437866,0.5517452955245972,0.7334536910057068,0.7121122479438782,0.6707134246826172,0.1555328667163849,0.7885311841964722,0.8214948177337646,0.4525066912174225,0.6811617016792297,0.7117969393730164,0.8319056034088135,0.668057382106781,0.25120776891708374
0.2403670996427536,0.8470234274864197,-0.35848361253738403,0.9924103021621704,0.2405339479446411,0.8254860639572144,-0.3899131715297699,0.9926335215568542,0.2428646981716156,0.8205211162567139,-0.39020979404449463,0.9918318390846252,0.2481534481048584,0.8160535097122192,-0.390006959438324,0.9938429594039917,0.23219017684459686,0.8250954747200012,-0.36024338006973267,0.9920238852500916,0.23078587651252747,0.8201677203178406,-0.3608397841453552,0.9930285215377808,0.22900860011577606,0.8150110840797424,-0.36106500029563904,0.9952502250671387,0.2678025960922241,0.7788604497909546,-0.4368862211704254,0.995755136013031,0.2500503659248352,0.7788136005401611,-0.3012699484825134,0.9926202297210693,0.26487088203430176,0.8279029726982117,-0.35781559348106384,0.9925413131713867,0.26673397421836853,0.8284699320793152,-0.3222626745700836,0.9905675649642944,0.3945349156856537,0.7206800580024719,-0.3786540627479553,0.9993427991867065,0.30261868238449097,0.6498908400535583,-0.17104171216487885,0.9993958473205566,0.5521556735038757,0.698553204536438,-0.3449220061302185,0.9236347675323486,0.37638407945632935,0.6356969475746155,-0.0035149927716702223,0.16361099481582642,0.5626466870307922,0.8626010417938232,-0.3180384933948517,0.8204262852668762,0.3593021631240845,0.7331189513206482,0.07967876642942429,0.5793256163597107,0.5464457869529724,0.8920811414718628,-0.34857648611068726,0.8008928894996643,0.34293630719184875,0.7459479570388794,0.07582294940948486,0.5980590581893921,0.530474066734314,0.8846688270568848,-0.35867324471473694,0.8112167716026306,0.3490146994590759,0.746882975101471,0.0547928512096405,0.6100767254829407,0.5353109836578369,0.8744185566902161,-0.3203098475933075,0.7506105303764343,0.3611547350883484,0.7424403429031372,0.07001222670078278,0.5902814269065857,0.5889613032341003,0.7543172240257263,-0.09469499439001083,0.999540388584137,0.5209299921989441,0.690119206905365,0.09444452822208405,0.9994149804115295,0.6862785220146179,0.7713765501976013,0.205468088388443,0.36886605620384216,0.6317955851554871,0.7311180830001831,0.34642601013183594,0.04902300983667374,0.7653300166130066,0.7328195571899414,0.48350638151168823,0.5901944637298584,0.7178148627281189,0.7317119240760803,0.6311801671981812,0.08653813600540161,0.7844175100326538,0.6993688344955444,0.5098027586936951,0.5122000575065613,0.7335756421089172,0.7119224667549133,0.6632418036460876,0.1413050889968872,0.7881935834884644,0.8222939372062683,0.45825472474098206,0.6244732141494751,0.7189555168151855,0.8298972845077515,0.6662487983703613,0.2272338718175888
0.2632662057876587,0.8570247888565063,-0.3324161767959595,0.9909111857414246,0.25370079278945923,0.8295256495475769,-0.36106911301612854,0.9910827279090881,0.2533203363418579,0.8251232504844666,-0.36137762665748596,0.9900981783866882,0.2577606737613678,0.8215740919113159,-0.3611645996570587,0.9928136467933655,0.24850773811340332,0.8311341404914856,-0.3434049189090729,0.9901109933853149,0.24649930000305176,0.8278325200080872,-0.3439841866493225,0.9913102388381958,0.24397552013397217,0.8254876136779785,-0.3441679775714874,0.9940626621246338,0.27027446031570435,0.7835697531700134,-0.39225393533706665,0.9951429963111877,0.2529892027378082,0.7903862595558167,-0.3077280521392822,0.9908677935600281,0.28632837533950806,0.8323322534561157,-0.3261517286300659,0.9911895394325256,0.286211222410202,0.8337870240211487,-0.3064553141593933,0.9883849620819092,0.40160489082336426,0.7461651563644409,-0.3218279480934143,0.9993717074394226,0.30277949571609497,0.6663530468940735,-0.1914231777191162,0.9992956519126892,0.5701849460601807,0.711014449596405,-0.26488474011421204,0.9175552129745483,0.3452332615852356,0.635887622833252,-0.040948621928691864,0.1474175900220871,0.5603874921798706,0.8623828291893005,-0.2384648323059082,0.8110090494155884,0.3195416331291199,0.7459293007850647,0.042447615414857864,0.5222615599632263,0.5464564561843872,0.8923291563987732,-0.26283639669418335,0.7917194366455078,0.2978379726409912,0.7613808512687683,0.03695382922887802,0.5402945876121521,0.5304239988327026,0.8845884799957275,-0.2777503728866577,0.8037486672401428,0.3071047067642212,0.7750517725944519,0.019901691004633904,0.551336407661438,0.5340880751609802,0.8742824196815491,-0.2426927536725998,0.7395546436309814,0.3217173218727112,0.7723992466926575,0.035038236528635025,0.5335314273834229,0.5914027094841003,0.7672950029373169,-0.07276453077793121,0.9994903206825256,0.5138158798217773,0.6949560046195984,0.07243426144123077,0.9993007779121399,0.6897433400154114,0.7648952007293701,0.21176929771900177,0.3366950750350952,0.6157382130622864,0.7244487404823303,0.34813520312309265,0.044198956340551376,0.764634370803833,0.737479567527771,0.4904608726501465,0.5426731705665588,0.676809549331665,0.727080762386322,0.6686002016067505,0.07819098979234695,0.783656895160675,0.7075175046920776,0.5154162645339966,0.47926199436187744,0.6937316656112671,0.7085611820220947,0.7065733671188354,0.12854042649269104,0.7882091403007507,0.8224354386329651,0.5098176002502441,0.5757642984390259,0.6648014187812805,0.8084768652915955,0.7380253076553345,0.20560072362422943
0.27526476979255676,0.8448813557624817,-0.30619925260543823,0.9908366203308105,0.2616748809814453,0.8253139853477478,-0.332293301820755,0.9908525347709656,0.2602449655532837,0.8232558965682983,-0.3326084017753601,0.9899064898490906,0.26174643635749817,0.8210282921791077,-0.33242636919021606,0.9926960468292236,0.26079922914505005,0.8225258588790894,-0.3196052014827728,0.9897686839103699,0.26090529561042786,0.8182286620140076,-0.3201475739479065,0.9910414218902588,0.2607586979866028,0.8143047094345093,-0.32029086351394653,0.9937468767166138,0.27358704805374146,0.7882652878761292,-0.3593671917915344,0.9950845241546631,0.26907891035079956,0.7748832702636719,-0.3010457158088684,0.9904812574386597,0.29240894317626953,0.8285396099090576,-0.2992772161960602,0.9907803535461426,0.2943212687969208,0.8268445134162903,-0.28555378317832947,0.9875636696815491,0.4042525887489319,0.7682985663414001,-0.29730749130249023,0.9994044303894043,0.304121732711792,0.6672158241271973,-0.2011394202709198,0.9991923570632935,0.5830197334289551,0.7758148312568665,-0.2845664620399475,0.903623104095459,0.3395346999168396,0.6360236406326294,-0.09312544018030167,0.13282616436481476,0.5564607381820679,0.8620310425758362,-0.3009646534919739,0.809317409992218,0.30507341027259827,0.7483817934989929,-0.024201225489377975,0.47261327505111694,0.5464717149734497,0.8924580812454224,-0.3321944773197174,0.7947640419006348,0.2784343957901001,0.7683283686637878,-0.03854921832680702,0.49254581332206726,0.5304215550422668,0.8844327926635742,-0.3473696708679199,0.8078958988189697,0.2916417121887207,0.7868592739105225,-0.05851332098245621,0.5032829642295837,0.5328847169876099,0.8733261823654175,-0.30628541111946106,0.7423274517059326,0.308472216129303,0.784013032913208,-0.034703902900218964,0.4868457019329071,0.5985177755355835,0.7655164003372192,-0.0564429871737957,0.9993667602539062,0.5430431365966797,0.7012014389038086,0.056092362850904465,0.9990907907485962,0.6915051341056824,0.7634552121162415,0.2149064540863037,0.3052990734577179,0.6075704097747803,0.7210313677787781,0.30341941118240356,0.039841365069150925,0.7638484239578247,0.7376234531402588,0.4915584921836853,0.4961676001548767,0.6660664081573486,0.716980516910553,0.6142528057098389,0.0705810934305191,0.7823504209518433,0.7077435255050659,0.5178872346878052,0.4467236399650574,0.6841739416122437,0.7019774317741394,0.6512075662612915,0.1167878583073616,0.7887169122695923,0.8220388889312744,0.5024746656417847,0.5294229984283447,0.6539074182510376,0.7842439413070679,0.6961033344268799,0.18591849505901337
0.27904823422431946,0.8205054402351379,-0.2700771689414978,0.990700900554657,0.2644220292568207,0.8038998246192932,-0.2929125130176544,0.9909471273422241,0.2625691890716553,0.8022127151489258,-0.29331842064857483,0.990055501461029,0.2625724673271179,0.8002578020095825,-0.29316622018814087,0.9929019212722778,0.2652945816516876,0.8010355830192566,-0.28303438425064087,0.9894886016845703,0.26619428396224976,0.7969375848770142,-0.283535361289978,0.9906750321388245,0.2668507397174835,0.7931478023529053,-0.28364038467407227,0.993297815322876,0.2760680019855499,0.7754514813423157,-0.31419599056243896,0.9952253103256226,0.2764529585838318,0.7619154453277588,-0.27047303318977356,0.9893900752067566,0.2948981821537018,0.8105677962303162,-0.2619885504245758,0.9905061721801758,0.29760533571243286,0.808573305606842,-0.2522435784339905,0.9861041307449341,0.3930218815803528,0.7946697473526001,-0.26119184494018555,0.9994264245033264,0.3280262351036072,0.66719651222229,-0.18636655807495117,0.9987443685531616,0.5545784831047058,0.7684027552604675,-0.24537840485572815,0.8740354776382446,0.3441108465194702,0.641636848449707,-0.09567546844482422,0.12019556015729904,0.5485972166061401,0.8482844829559326,-0.27777349948883057,0.8025460243225098,0.2996767461299896,0.7437180280685425,-0.03562718257308006,0.42859721183776855,0.5453398823738098,0.8861824870109558,-0.3084458112716675,0.7929111123085022,0.2735458016395569,0.7612449526786804,-0.05363196134567261,0.4501514434814453,0.5298762917518616,0.8799148797988892,-0.3229679465293884,0.8065099716186523,0.28074342012405396,0.7850651144981384,-0.07017160952091217,0.46071577072143555,0.5302348732948303,0.8604196906089783,-0.2830289900302887,0.7369502186775208,0.2950091063976288,0.7841616272926331,-0.045749761164188385,0.44495710730552673,0.598216712474823,0.7886750102043152,-0.03529663011431694,0.9993211627006531,0.570989727973938,0.7153924107551575,0.03496141731739044,0.9989945888519287,0.6848506331443787,0.7807988524436951,0.24405014514923096,0.27718308568000793,0.643847644329071,0.7284243106842041,0.2461608350276947,0.03631850332021713,0.7584567070007324,0.7432634234428406,0.4904386103153229,0.45797231793403625,0.7328683733940125,0.7164410352706909,0.4881955087184906,0.06521575897932053,0.7769256234169006,0.7204229831695557,0.5134087800979614,0.4262116253376007,0.7513954639434814,0.7095248103141785,0.514838457107544,0.11066576838493347,0.7881929278373718,0.8064515590667725,0.49786272644996643,0.4935828149318695,0.7448664903640747,0.7860085368156433,0.5099436044692993,0.17191623151302338
0.25319820642471313,0.8722316026687622,-0.5000233054161072,0.9908764362335205,0.24768736958503723,0.8444466590881348,-0.5245451331138611,0.9911879301071167,0.25202879309654236,0.8382483720779419,-0.5248936414718628,0.9902290105819702,0.2565813660621643,0.8316907286643982,-0.524629533290863,0.9931254386901855,0.2373885214328766,0.8505194783210754,-0.4946228861808777,0.9897867441177368,0.23470096290111542,0.8491958379745483,-0.49526137113571167,0.9908620119094849,0.23171651363372803,0.8480295538902283,-0.49552807211875916,0.9935031533241272,0.2763444781303406,0.7853425741195679,-0.5246219038963318,0.9952707886695862,0.24030275642871857,0.807308554649353,-0.39295634627342224,0.9892884492874146,0.27948153018951416,0.8601902723312378,-0.48438769578933716,0.990624725818634,0.2664785385131836,0.8750370740890503,-0.44922009110450745,0.9861434102058411,0.3952087163925171,0.7328541874885559,-0.4315589368343353,0.9994492530822754,0.2867869734764099,0.6970891952514648,-0.24298754334449768,0.9987304210662842,0.5551794767379761,0.6419346928596497,-0.3027448058128357,0.8848879933357239,0.34734147787094116,0.6370919942855835,-0.08309399336576462,0.10850699245929718,0.5554879903793335,0.8530416488647461,-0.2882120907306671,0.7985022664070129,0.3150783181190491,0.7952284216880798,-0.012644384987652302,0.38591769337654114,0.5488383173942566,0.8887524008750916,-0.31606122851371765,0.7804826498031616,0.2920994162559509,0.7820069789886475,-0.022303802892565727,0.40550652146339417,0.532194197177887,0.879912793636322,-0.32837310433387756,0.7954551577568054,0.2869887053966522,0.8168841600418091,-0.04977981001138687,0.41505560278892517,0.5323419570922852,0.8610729575157166,-0.2900465726852417,0.7230849862098694,0.30927133560180664,0.8146254420280457,-0.025079825893044472,0.40090978145599365,0.5946625471115112,0.7586436867713928,-0.06463341414928436,0.9993596076965332,0.531138002872467,0.7274252772331238,0.06457097083330154,0.9990308284759521,0.6872676014900208,0.7705917954444885,0.21161313354969025,0.26430177688598633,0.6468064785003662,0.7390462160110474,0.3173432946205139,0.03303276374936104,0.7657826542854309,0.739855945110321,0.4861220419406891,0.4473057687282562,0.733371376991272,0.7186036109924316,0.5994468927383423,0.060555052012205124,0.7822643518447876,0.7048442959785461,0.5110659599304199,0.42272359132766724,0.7487996816635132,0.7004402875900269,0.6302052736282349,0.10466011613607407,0.7881859540939331,0.8066956996917725,0.4534740447998047,0.4802088737487793,0.7410550713539124,0.7864631414413452,0.5772427320480347,0.15964795649051666
0.23870396614074707,0.85727858543396,-0.5053761601448059,0.9909464716911316,0.23409847915172577,0.8271392583847046,-0.5302470922470093,0.9913312792778015,0.2387114316225052,0.8215468525886536,-0.5306086540222168,0.9903444647789001,0.24380305409431458,0.8155021071434021,-0.5303398966789246,0.9932671785354614,0.22532865405082703,0.8299300074577332,-0.4992946684360504,0.9900577068328857,0.2236640453338623,0.8268193602561951,-0.4999581277370453,0.9910873770713806,0.2216908037662506,0.823765754699707,-0.5002268552780151,0.9937127232551575,0.2719649374485016,0.7690500617027283,-0.5381354093551636,0.9953121542930603,0.23884575068950653,0.780116081237793,-0.3995261490345001,0.9893406629562378,0.262582391500473,0.8541094660758972,-0.4930225908756256,0.9908980131149292,0.2526601552963257,0.862519383430481,-0.4561055302619934,0.9865261316299438,0.3931981027126312,0.7109174132347107,-0.4583640694618225,0.9994694590568542,0.28266972303390503,0.6892021894454956,-0.2420155256986618,0.9987543821334839,0.5565034747123718,0.6124104261398315,-0.3513959050178528,0.8952344655990601,0.3502316176891327,0.6371263861656189,-0.054861992597579956,0.0981631651520729,0.5570837259292603,0.8549559116363525,-0.30743032693862915,0.8029483556747437,0.3388170599937439,0.8043951988220215,0.010392045602202415,0.34776395559310913,0.5531260371208191,0.8904081583023071,-0.33885160088539124,0.7797187566757202,0.32325083017349243,0.7983496785163879,0.00013342035526875407,0.3657768964767456,0.5334358811378479,0.8801484704017639,-0.3511410355567932,0.7954073548316956,0.31595733761787415,0.8274514079093933,-0.03268899396061897,0.37446683645248413,0.5324839353561401,0.8628306984901428,-0.3101131021976471,0.7208223342895508,0.33563655614852905,0.8243526220321655,-0.00417699059471488,0.36177098751068115,0.5947905778884888,0.7478339076042175,-0.07877393066883087,0.9994004964828491,0.5230063199996948,0.7218337059020996,0.07870642840862274,0.9990835785865784,0.6899749636650085,0.7651429772377014,0.21186108887195587,0.25927048921585083,0.6446148157119751,0.7404646873474121,0.35884273052215576,0.03030570223927498,0.7672886848449707,0.7372661232948303,0.5306548476219177,0.4513399004936218,0.7316153645515442,0.7203903198242188,0.6810194253921509,0.057485636323690414,0.786266565322876,0.6979708075523376,0.559013307094574,0.427375465631485,0.7457537651062012,0.6977483034133911,0.7163008451461792,0.10224363952875137,0.7866372466087341,0.8121583461761475,0.48175254464149475,0.4816478490829468,0.7374070882797241,0.7912274599075317,0.6841418147087097,0.15197084844112396
0.22849082946777344,0.8286104798316956,-0.46734851598739624,0.9906068444252014,0.22560155391693115,0.7974935173988342,-0.4891727566719055,0.9909883737564087,0.23068246245384216,0.7922714948654175,-0.48954272270202637,0.9898849129676819,0.2358768880367279,0.7868919968605042,-0.4892818331718445,0.9929653406143188,0.21741008758544922,0.7987293004989624,-0.4590834975242615,0.9899205565452576,0.21662668883800507,0.7950090765953064,-0.4597366452217102,0.9910244941711426,0.2156982123851776,0.7914814352989197,-0.45999637246131897,0.9937448501586914,0.26698628067970276,0.7436603307723999,-0.497664213180542,0.9948722720146179,0.2386624813079834,0.7512835264205933,-0.3865716755390167,0.9890739917755127,0.2533571124076843,0.8268483281135559,-0.45590466260910034,0.9907965660095215,0.24671857059001923,0.8312161564826965,-0.4200378954410553,0.9866523742675781,0.39380255341529846,0.6997958421707153,-0.4299282431602478,0.9994732141494751,0.2901558578014374,0.6729669570922852,-0.21202901005744934,0.9987908601760864,0.5657469034194946,0.6143509149551392,-0.34692007303237915,0.9037519097328186,0.37735313177108765,0.6376829147338867,-0.00829071644693613,0.08990497142076492,0.5580162405967712,0.8573691248893738,-0.30970853567123413,0.8077074289321899,0.34347352385520935,0.8193585872650146,0.034484121948480606,0.31535524129867554,0.5533015131950378,0.89141446352005,-0.3430209755897522,0.7794113755226135,0.3237208127975464,0.8319908380508423,0.021097270771861076,0.3327341079711914,0.5334504246711731,0.8809971213340759,-0.3554953932762146,0.7951589822769165,0.31905609369277954,0.8434109091758728,-0.012895000167191029,0.34105607867240906,0.5327152013778687,0.8657783269882202,-0.3120553493499756,0.7168099284172058,0.33654719591140747,0.8374021053314209,0.019149165600538254,0.329156756401062,0.6027501821517944,0.7430951595306396,-0.08789550513029099,0.9994206428527832,0.5265482664108276,0.7138306498527527,0.08777251839637756,0.9991036653518677,0.6929362416267395,0.7596073746681213,0.2135319709777832,0.24211068451404572,0.643896758556366,0.7374817728996277,0.3582970201969147,0.02748313918709755,0.7691332101821899,0.7338054180145264,0.5348877906799316,0.4282264709472656,0.7286347150802612,0.7208302617073059,0.6744006872177124,0.05272284522652626,0.7911991477012634,0.6930911540985107,0.5632994771003723,0.41207119822502136,0.7421738505363464,0.6955299377441406,0.70872563123703,0.0952192023396492,0.7862035036087036,0.8158746361732483,0.4905838072299957,0.4609295427799225,0.7363031506538391,0.7924708127975464,0.6827892065048218,0.1407027542591095
0.22814252972602844,0.7904596328735352,-0.3970625102519989,0.9911531805992126,0.22387464344501495,0.7582232356071472,-0.41790491342544556,0.9914951920509338,0.22846364974975586,0.7539511919021606,-0.41824570298194885,0.9904506802558899,0.23318061232566833,0.7487073540687561,-0.41792458295822144,0.9933162927627563,0.2172841727733612,0.7541768550872803,-0.38548949360847473,0.9906128644943237,0.21705937385559082,0.7482225894927979,-0.3861840069293976,0.9916843771934509,0.2167847603559494,0.7420348525047302,-0.38642990589141846,0.9942174553871155,0.26614290475845337,0.6989166140556335,-0.43791380524635315,0.9950680732727051,0.24158737063407898,0.6996192932128906,-0.2983863949775696,0.9899130463600159,0.2505580186843872,0.8027112483978271,-0.39322298765182495,0.9914878606796265,0.24695250391960144,0.8025264143943787,-0.3543842136859894,0.987763524055481,0.4096977114677429,0.6534712314605713,-0.3907758593559265,0.9995076656341553,0.2938072085380554,0.662408173084259,-0.16416652500629425,0.9988952279090881,0.584433376789093,0.6209890842437744,-0.320254385471344,0.9128722548484802,0.36829644441604614,0.6405282020568848,0.023043954744935036,0.09093476086854935,0.5584452748298645,0.8576250076293945,-0.2888268828392029,0.8253190517425537,0.3441401720046997,0.8264611959457397,0.05513390898704529,0.32768556475639343,0.5533964037895203,0.8913213014602661,-0.31932955980300903,0.7986825108528137,0.32337647676467896,0.8438552021980286,0.04048508405685425,0.3473047614097595,0.5334469079971313,0.8809987306594849,-0.33393415808677673,0.8131105899810791,0.32100072503089905,0.8487935662269592,0.008007030934095383,0.3583647906780243,0.5328938961029053,0.8666092157363892,-0.2911803424358368,0.7401767373085022,0.3371681272983551,0.8425591588020325,0.04020152986049652,0.3410800099372864,0.6027048230171204,0.7115107178688049,-0.09000928699970245,0.9994555115699768,0.5265258550643921,0.7119119167327881,0.0898875966668129,0.9991592764854431,0.6908084154129028,0.7404422163963318,0.21230676770210266,0.24557951092720032,0.6366128325462341,0.735424816608429,0.33310312032699585,0.025437209755182266,0.7701124548912048,0.7292070388793945,0.5027079582214355,0.4409380257129669,0.7232998013496399,0.7207046747207642,0.6212756037712097,0.05037601664662361,0.7940924763679504,0.6916078925132751,0.5276327729225159,0.4262026250362396,0.7400141358375549,0.6933262944221497,0.6519471406936646,0.09293621778488159,0.7843886017799377,0.8172168135643005,0.4648870527744293,0.4799257814884186,0.7340885400772095,0.7936092615127563,0.6302396059036255,0.13952766358852386
0.23119623959064484,0.7209358811378479,-0.42815595865249634,0.9913573861122131,0.2272386997938156,0.6777563095092773,-0.4483235478401184,0.9915352463722229,0.231999471783638,0.6708527207374573,-0.4486727714538574,0.9904927015304565,0.23687231540679932,0.664018988609314,-0.44835442304611206,0.9932032823562622,0.2191154956817627,0.6779571175575256,-0.4163445830345154,0.9909495115280151,0.21804814040660858,0.6727153658866882,-0.4170735776424408,0.9921014904975891,0.2167913168668747,0.6677888631820679,-0.41734999418258667,0.9945254921913147,0.26765233278274536,0.6164623498916626,-0.4617108404636383,0.9948549866676331,0.2424403429031372,0.6276628375053406,-0.3181523084640503,0.9905179738998413,0.2542315125465393,0.7276368141174316,-0.4214490056037903,0.9918295741081238,0.24788150191307068,0.7335430383682251,-0.38401931524276733,0.988581657409668,0.4152449071407318,0.6142858862876892,-0.40713009238243103,0.9995154738426208,0.2994250953197479,0.6010490655899048,-0.16781823337078094,0.9989886283874512,0.5882909893989563,0.6167412400245667,-0.34768402576446533,0.9202083945274353,0.36727604269981384,0.6405044794082642,-0.008040926419198513,0.0882880911231041,0.5603345632553101,0.8582720160484314,-0.3352794349193573,0.8398956656455994,0.3444073498249054,0.8335009217262268,0.0340084508061409,0.35574185848236084,0.5534045100212097,0.8919107913970947,-0.37299537658691406,0.8150282502174377,0.31936946511268616,0.8499369025230408,0.034361280500888824,0.3807641565799713,0.5332513451576233,0.8817945122718811,-0.3870920240879059,0.8284516930580139,0.3207663595676422,0.8539970517158508,-0.007846617139875889,0.39433974027633667,0.5329259037971497,0.8685261011123657,-0.3380199074745178,0.7597323060035706,0.33755138516426086,0.8500621318817139,0.023971492424607277,0.37230241298675537,0.6056747436523438,0.6832072734832764,-0.08896741271018982,0.9994656443595886,0.5302468538284302,0.6886729598045349,0.08882700651884079,0.9991918802261353,0.6913069486618042,0.7208685278892517,0.21519729495048523,0.2331472486257553,0.6356679201126099,0.73277747631073,0.3177262842655182,0.023392172530293465,0.7720756530761719,0.7262951135635376,0.5156629681587219,0.4301016628742218,0.7280831933021545,0.7195228338241577,0.6013296842575073,0.04740152508020401,0.7962831258773804,0.6918463110923767,0.5417400598526001,0.4213656783103943,0.7496618032455444,0.6919801235198975,0.6323220133781433,0.08894886821508408,0.7822129726409912,0.819057822227478,0.48318853974342346,0.47459396719932556,0.7340264320373535,0.7950581312179565,0.6095966696739197,0.13379338383674622
0.2433529794216156,0.6431218981742859,-0.4313577711582184,0.9913778305053711,0.24011006951332092,0.6020823121070862,-0.45188888907432556,0.9913632869720459,0.24495847523212433,0.593299925327301,-0.4522600769996643,0.9903420805931091,0.25045308470726013,0.5838202834129333,-0.451960027217865,0.9928566813468933,0.2307196855545044,0.6063997149467468,-0.4207778871059418,0.9911755919456482,0.2284480333328247,0.602679967880249,-0.42152920365333557,0.9924725890159607,0.2259465456008911,0.5990699529647827,-0.4218272566795349,0.9947885274887085,0.2847200036048889,0.5296014547348022,-0.4659808576107025,0.9945564270019531,0.2511943280696869,0.5549597144126892,-0.3241167366504669,0.9910807013511658,0.26398488879203796,0.6390721797943115,-0.42460140585899353,0.9920568466186523,0.25704216957092285,0.6448394060134888,-0.38830307126045227,0.9893184304237366,0.43389615416526794,0.5519077777862549,-0.4104060232639313,0.9995027780532837,0.30852484703063965,0.5465246438980103,-0.1756247878074646,0.9990764260292053,0.5898905396461487,0.6091777682304382,-0.3669279217720032,0.9267252683639526,0.3557162284851074,0.6429073810577393,-0.04219299927353859,0.08347303420305252,0.5635696649551392,0.8584010004997253,-0.37185344099998474,0.854581356048584,0.34468865394592285,0.8358884453773499,-0.10070161521434784,0.40813058614730835,0.5536564588546753,0.8932256698608398,-0.41610032320022583,0.8320491909980774,0.316177636384964,0.8573167324066162,-0.12972190976142883,0.43498438596725464,0.5328182578086853,0.8825099468231201,-0.428294837474823,0.8443595170974731,0.3202431797981262,0.8559086918830872,-0.16227945685386658,0.4484903812408447,0.5327844619750977,0.8695012331008911,-0.37513211369514465,0.7811916470527649,0.3378542363643646,0.8505520224571228,-0.11710242182016373,0.4258944094181061,0.6109011769294739,0.6474635004997253,-0.08632602542638779,0.9994625449180603,0.5368438959121704,0.6463760137557983,0.08614317327737808,0.9992197751998901,0.7005153298377991,0.6957154273986816,0.21707352995872498,0.21768316626548767,0.6392528414726257,0.714396059513092,0.308462530374527,0.021472439169883728,0.7746676206588745,0.7236060500144958,0.5228700637817383,0.4111499488353729,0.7355080246925354,0.7186688780784607,0.5752818584442139,0.044361282140016556,0.7981624603271484,0.6945297718048096,0.5483006834983826,0.4086500406265259,0.7569366693496704,0.6925756931304932,0.6040792465209961,0.08493208140134811,0.7813156843185425,0.8192009925842285,0.4839317798614502,0.4615928828716278,0.7371654510498047,0.7958588600158691,0.5697095990180969,0.12737852334976196
0.2651166319847107,0.5628634691238403,-0.4561119079589844,0.9918146133422852,0.26135507225990295,0.5274234414100647,-0.4763699173927307,0.9916896224021912,0.2662011682987213,0.5178797245025635,-0.4767407774925232,0.9907376766204834,0.2715073525905609,0.5087780356407166,-0.4764650762081146,0.9930156469345093,0.2535327076911926,0.5341522693634033,-0.4475833475589752,0.9917331337928772,0.2517416775226593,0.5318259596824646,-0.4483657479286194,0.9930328726768494,0.2496323138475418,0.5293384194374084,-0.4487183094024658,0.9951810836791992,0.30188053846359253,0.4609249234199524,-0.4861404001712799,0.9946595430374146,0.27080997824668884,0.48538827896118164,-0.3587547838687897,0.9918091893196106,0.2875555753707886,0.5605394244194031,-0.44717079401016235,0.9925432801246643,0.2805258631706238,0.5661479234695435,-0.41362839937210083,0.9902179837226868,0.45488494634628296,0.4686722755432129,-0.4343215823173523,0.9995068907737732,0.31707724928855896,0.5052760243415833,-0.2098015546798706,0.9991621971130371,0.5891019105911255,0.6100403666496277,-0.40032488107681274,0.9335577487945557,0.3446080982685089,0.6550130844116211,-0.09537874907255173,0.08877798169851303,0.5652449727058411,0.8601104617118835,-0.4089783728122711,0.8686729073524475,0.34391042590141296,0.8343154191970825,-0.17199936509132385,0.46238934993743896,0.5535556077957153,0.894094705581665,-0.45923757553100586,0.848250687122345,0.31257858872413635,0.8539862036705017,-0.20333810150623322,0.4874909222126007,0.5323964953422546,0.8825131058692932,-0.47203484177589417,0.8594370484352112,0.31945592164993286,0.8548113703727722,-0.237688809633255,0.500407874584198,0.532837986946106,0.869725227355957,-0.4137672483921051,0.8020032048225403,0.337520956993103,0.8512256145477295,-0.1897355616092682,0.4785880446434021,0.6106317639350891,0.5830197930335999,-0.08393502980470657,0.9994747042655945,0.5393567681312561,0.5987584590911865,0.08375227451324463,0.9992644190788269,0.7036999464035034,0.672684907913208,0.21768900752067566,0.2131308764219284,0.6446564197540283,0.6669589877128601,0.30117735266685486,0.020218627527356148,0.777123212814331,0.7194758057594299,0.5201133489608765,0.4099271893501282,0.7388785481452942,0.7044523358345032,0.5610331296920776,0.04298980534076691,0.8002804517745972,0.6971025466918945,0.5433026552200317,0.4083647131919861,0.7599311470985413,0.6888538002967834,0.5884016752243042,0.08328939229249954,0.7808756232261658,0.8193192481994629,0.4584078788757324,0.4676297605037689,0.7359598278999329,0.7868134379386902,0.5360037684440613,0.12697173655033112
0.274567186832428,0.48354440927505493,-0.48147526383399963,0.9922953248023987,0.27202367782592773,0.44775161147117615,-0.501544713973999,0.9921349287033081,0.27673858404159546,0.4392491281032562,-0.5019668936729431,0.9912195205688477,0.2819637656211853,0.4312826693058014,-0.501715898513794,0.9932949542999268,0.2649362087249756,0.45370766520500183,-0.4757425785064697,0.9923200607299805,0.2635098993778229,0.45105311274528503,-0.47656774520874023,0.9935824275016785,0.261787474155426,0.4482952654361725,-0.47700923681259155,0.9955666661262512,0.3127206563949585,0.38953453302383423,-0.508039116859436,0.9948973655700684,0.2837830185890198,0.40756484866142273,-0.39521005749702454,0.9925204515457153,0.2959249019622803,0.48501715064048767,-0.47136178612709045,0.9930094480514526,0.28873932361602783,0.49125272035598755,-0.44139179587364197,0.9910426735877991,0.45752987265586853,0.42531323432922363,-0.45345091819763184,0.9994786381721497,0.319918692111969,0.4470730721950531,-0.2609930634498596,0.9992347955703735,0.5883289575576782,0.6113962531089783,-0.4171556830406189,0.939237654209137,0.34723618626594543,0.6504678726196289,-0.1777413785457611,0.11445163935422897,0.5652762055397034,0.8644185662269592,-0.4270005226135254,0.8806261420249939,0.346709668636322,0.8375221490859985,-0.2837521731853485,0.5108188390731812,0.552399754524231,0.8994901776313782,-0.47969555854797363,0.8617594242095947,0.3135039210319519,0.8575184345245361,-0.32047075033187866,0.5331249237060547,0.5299268960952759,0.8832377195358276,-0.49438443779945374,0.8720639944076538,0.32142800092697144,0.8566588759422302,-0.35414332151412964,0.5458155870437622,0.5314772725105286,0.8707579970359802,-0.43374142050743103,0.8188516497612,0.3400701880455017,0.8526092767715454,-0.30148231983184814,0.5241187214851379,0.6104366183280945,0.5404422879219055,-0.07169512659311295,0.9995090961456299,0.5371285676956177,0.555927574634552,0.07147611677646637,0.9993217587471008,0.7044289708137512,0.6566159129142761,0.2180955857038498,0.26000162959098816,0.5543385744094849,0.651569128036499,0.2693156599998474,0.028440305963158607,0.777016282081604,0.7196687459945679,0.5176160335540771,0.45036184787750244,0.5863648056983948,0.692936897277832,0.5575591325759888,0.05460945889353752,0.7998288869857788,0.7060354948043823,0.5405728220939636,0.42942893505096436,0.6112231612205505,0.6811209321022034,0.5893112421035767,0.09331651031970978,0.7805737853050232,0.8190239667892456,0.4493912160396576,0.5027297139167786,0.6212226152420044,0.8163753747940063,0.5542603731155396,0.15213574469089508
0.28110724687576294,0.4401044547557831,-0.49097663164138794,0.9919237494468689,0.28027254343032837,0.4030362069606781,-0.5108017921447754,0.9914494752883911,0.284986674785614,0.39525601267814636,-0.5112468004226685,0.990548849105835,0.29009348154067993,0.38868585228919983,-0.511029839515686,0.9924788475036621,0.2730734646320343,0.40911391377449036,-0.48745688796043396,0.9922125935554504,0.27157190442085266,0.40622246265411377,-0.48825544118881226,0.9937198758125305,0.2696818709373474,0.4037626087665558,-0.4886874258518219,0.9956804513931274,0.3205719292163849,0.3526569902896881,-0.5140377879142761,0.9943234920501709,0.2908203899860382,0.3691003620624542,-0.4128197729587555,0.9928835034370422,0.30359402298927307,0.44516727328300476,-0.4790826737880707,0.9929015636444092,0.2959211468696594,0.45059695839881897,-0.45240336656570435,0.9915369153022766,0.4654009938240051,0.40980711579322815,-0.46916136145591736,0.9994494915008545,0.32490140199661255,0.41672879457473755,-0.2730453312397003,0.9993004202842712,0.5868610739707947,0.6152307391166687,-0.4372335970401764,0.9437650442123413,0.34783226251602173,0.6351659297943115,-0.19847285747528076,0.12770965695381165,0.5652630925178528,0.8649631142616272,-0.4474050998687744,0.8914923071861267,0.35004815459251404,0.8367459774017334,-0.31340306997299194,0.5559393763542175,0.5512286424636841,0.8999401330947876,-0.5014590620994568,0.8744091987609863,0.31468290090560913,0.8566245436668396,-0.35027042031288147,0.5766646265983582,0.5292527675628662,0.8847377300262451,-0.5160012245178223,0.8839167952537537,0.32403963804244995,0.8567953109741211,-0.3879817724227905,0.5887764096260071,0.5312028527259827,0.8731043338775635,-0.45410043001174927,0.8350182175636292,0.345777690410614,0.852366030216217,-0.33343228697776794,0.5681583881378174,0.6112033724784851,0.5354512333869934,-0.07008267939090729,0.9995328783988953,0.536260187625885,0.5510774254798889,0.06983698904514313,0.9993706345558167,0.7045496106147766,0.6465121507644653,0.21782061457633972,0.2589263319969177,0.6236519813537598,0.6564874649047852,0.28317517042160034,0.02800394967198372,0.7768555283546448,0.7193953394889832,0.5115853548049927,0.46098005771636963,0.6935363411903381,0.7130122780799866,0.568253755569458,0.05671858415007591,0.799380898475647,0.7069729566574097,0.5335997343063354,0.4306609034538269,0.7197750210762024,0.707055926322937,0.5990132093429565,0.09454403072595596,0.7804995179176331,0.8188793659210205,0.430018812417984,0.5183014869689941,0.6994507312774658,0.8087900876998901,0.5392752289772034,0.1592446267604828
0.2979242205619812,0.3919866681098938,-0.5079032182693481,0.9921755194664001,0.2959928512573242,0.3551313877105713,-0.5275393724441528,0.9916148781776428,0.3013748824596405,0.34750500321388245,-0.5280057191848755,0.9907440543174744,0.30749738216400146,0.3398415744304657,-0.5277997255325317,0.9924930930137634,0.2876318395137787,0.3613916039466858,-0.5050698518753052,0.9925863146781921,0.28625017404556274,0.3595098853111267,-0.5058708786964417,0.9941135048866272,0.28457891941070557,0.35811957716941833,-0.5063198804855347,0.9959577322006226,0.33348938822746277,0.30412647128105164,-0.5270994901657104,0.9943421483039856,0.30194002389907837,0.3279426693916321,-0.4303464889526367,0.9934174418449402,0.31995099782943726,0.39571434259414673,-0.49451762437820435,0.9931075572967529,0.31040865182876587,0.4034869372844696,-0.4690646529197693,0.9921459555625916,0.46675434708595276,0.36096951365470886,-0.4901050925254822,0.9994297027587891,0.33104467391967773,0.401175320148468,-0.29290440678596497,0.9993596076965332,0.5718766450881958,0.6061126589775085,-0.46399274468421936,0.9481016993522644,0.348468154668808,0.6188955307006836,-0.2273692637681961,0.15533892810344696,0.5668333768844604,0.8649379014968872,-0.4789803922176361,0.9014991521835327,0.3513992130756378,0.8366348147392273,-0.3497350215911865,0.5981709361076355,0.5514541864395142,0.8998360633850098,-0.5378767251968384,0.8860557675361633,0.31475335359573364,0.8561778664588928,-0.38936299085617065,0.6169672608375549,0.5298307538032532,0.8849217891693115,-0.5542372465133667,0.8948103189468384,0.32421523332595825,0.8581618666648865,-0.4317379891872406,0.628380298614502,0.5318753719329834,0.874210000038147,-0.4872446060180664,0.850056529045105,0.3462561368942261,0.8536927103996277,-0.37207701802253723,0.6091371774673462,0.6139561533927917,0.5135678648948669,-0.06656069308519363,0.9995565414428711,0.536312460899353,0.5291914939880371,0.06631004810333252,0.9994149804115295,0.7041654586791992,0.6287240386009216,0.2093144953250885,0.26946309208869934,0.6142995953559875,0.6640871167182922,0.2611386775970459,0.029906805604696274,0.7771073579788208,0.7166708111763,0.47962236404418945,0.47929275035858154,0.6903605461120605,0.717779815196991,0.5539773106575012,0.05852411314845085,0.7991014719009399,0.706868588924408,0.5002727508544922,0.4369281232357025,0.712141752243042,0.7120915651321411,0.5860675573348999,0.09514588117599487,0.7796652317047119,0.8207144737243652,0.3903001546859741,0.5393462181091309,0.6917812824249268,0.8101611733436584,0.5241007208824158,0.1655442863702774
0.30819639563560486,0.34980934858322144,-0.5288206338882446,0.9924110770225525,0.3055756390094757,0.3135811984539032,-0.5466858744621277,0.9917054176330566,0.31142938137054443,0.30503496527671814,-0.5471650958061218,0.9908539652824402,0.317882239818573,0.2971528470516205,-0.5469815135002136,0.9924384951591492,0.29676374793052673,0.31924259662628174,-0.5250681638717651,0.9929084181785583,0.2951247990131378,0.31756770610809326,-0.5258486866950989,0.9944601655006409,0.29329365491867065,0.3164535164833069,-0.5262848734855652,0.9962043166160583,0.3427342474460602,0.26143714785575867,-0.5385897159576416,0.9942739605903625,0.3100440800189972,0.28721076250076294,-0.44582071900367737,0.9938867092132568,0.329441100358963,0.35304200649261475,-0.5126898288726807,0.9932677149772644,0.3193736672401428,0.3627372682094574,-0.4883860945701599,0.9927055239677429,0.47136950492858887,0.33652645349502563,-0.5076617002487183,0.9994125962257385,0.3393339216709137,0.3870265483856201,-0.302977055311203,0.9994146227836609,0.5537753701210022,0.6041803359985352,-0.48450326919555664,0.9520983695983887,0.3486672043800354,0.615039587020874,-0.23418359458446503,0.19166138768196106,0.5672063827514648,0.8649170994758606,-0.4980822503566742,0.9106029272079468,0.3532710373401642,0.8352833390235901,-0.35547906160354614,0.636930525302887,0.5514171123504639,0.9005299806594849,-0.560935914516449,0.8966866135597229,0.316897451877594,0.8553400635719299,-0.3948948085308075,0.6539475321769714,0.5298734903335571,0.8854966163635254,-0.5767144560813904,0.9047384858131409,0.3278929591178894,0.8576224446296692,-0.4404342770576477,0.6645703911781311,0.5319700241088867,0.8748301267623901,-0.506510317325592,0.8638229966163635,0.3489360213279724,0.8529335856437683,-0.37892621755599976,0.6467904448509216,0.61817866563797,0.4964901804924011,-0.06605010479688644,0.9995737075805664,0.5368927717208862,0.5148493051528931,0.06578850001096725,0.9994534850120544,0.7056649327278137,0.6191766858100891,0.20645014941692352,0.27072685956954956,0.6179657578468323,0.6640059351921082,0.2685115337371826,0.030312921851873398,0.7770853042602539,0.7152206301689148,0.4729810655117035,0.4900471866130829,0.7066459059715271,0.7213142514228821,0.5532201528549194,0.05930396169424057,0.7988144159317017,0.7113105058670044,0.49338698387145996,0.44131889939308167,0.7272762656211853,0.7159132361412048,0.5838558077812195,0.09480534493923187,0.7791160345077515,0.8207620978355408,0.38048726320266724,0.5556275248527527,0.7094653844833374,0.8104368448257446,0.5095808506011963,0.16925056278705597
0.3115353584289551,0.3246157467365265,-0.540317952632904,0.9929360747337341,0.3090723156929016,0.28473514318466187,-0.5559903383255005,0.9922444820404053,0.3153180181980133,0.27740341424942017,-0.5564596652984619,0.9914355874061584,0.3225376605987549,0.2697019875049591,-0.5562857985496521,0.9928691387176514,0.2999919354915619,0.2913721799850464,-0.535880446434021,0.9934524893760681,0.29854822158813477,0.2897264063358307,-0.5366609692573547,0.9949128031730652,0.2968154549598694,0.2886808514595032,-0.5371034145355225,0.996518611907959,0.34999242424964905,0.23666980862617493,-0.5411936640739441,0.9945969581604004,0.31632161140441895,0.2597944140434265,-0.4548795223236084,0.9944192171096802,0.3349892199039459,0.3287886083126068,-0.5221502184867859,0.9937053322792053,0.3245683014392853,0.33898624777793884,-0.4997825026512146,0.9933305978775024,0.4757426381111145,0.3266550600528717,-0.5118572115898132,0.9994033575057983,0.3425256907939911,0.3708255887031555,-0.3091924786567688,0.9994639754295349,0.5383951663970947,0.6027783155441284,-0.4882102906703949,0.9558294415473938,0.3495194911956787,0.6136540174484253,-0.2329309731721878,0.24229595065116882,0.5668131113052368,0.8646312355995178,-0.5004730224609375,0.9186859726905823,0.3553023934364319,0.8349852561950684,-0.34611254930496216,0.6719573736190796,0.5506843328475952,0.8991213440895081,-0.5613824129104614,0.9060490131378174,0.31734728813171387,0.8566810488700867,-0.382994681596756,0.6871553063392639,0.5299046635627747,0.8859223127365112,-0.5781184434890747,0.9134960174560547,0.32841822504997253,0.8589347004890442,-0.4292805790901184,0.6970728635787964,0.5320113897323608,0.8759373426437378,-0.5091435313224792,0.875902533531189,0.3492628335952759,0.8539630174636841,-0.3694308400154114,0.6806075572967529,0.6197722554206848,0.47518059611320496,-0.06521403044462204,0.9995981454849243,0.5368365049362183,0.495427668094635,0.06494609266519547,0.9994945526123047,0.7061169743537903,0.6109412908554077,0.20614632964134216,0.3066917955875397,0.6003051400184631,0.6522868275642395,0.26326242089271545,0.03982088342308998,0.7774873971939087,0.7149423956871033,0.471400648355484,0.5225722789764404,0.6707635521888733,0.7030987739562988,0.5589003562927246,0.06772056967020035,0.799223005771637,0.7156944274902344,0.492287814617157,0.4620906114578247,0.6874615550041199,0.6972395777702332,0.5906869173049927,0.10190451145172119,0.7780889272689819,0.8206496238708496,0.38208144903182983,0.5849942564964294,0.669568657875061,0.7812983989715576,0.5302794575691223,0.1868704855442047
0.3177507221698761,0.31646600365638733,-0.5405725240707397,0.9933242797851562,0.3150283694267273,0.2766333520412445,-0.5558754801750183,0.9926439523696899,0.3211548626422882,0.2686728835105896,-0.5563458204269409,0.9918283820152283,0.3282988965511322,0.26042234897613525,-0.5561784505844116,0.9931735396385193,0.3046444058418274,0.28564369678497314,-0.5373762249946594,0.9938782453536987,0.3026363253593445,0.28389230370521545,-0.5381267666816711,0.995265007019043,0.30038249492645264,0.2822745144367218,-0.5385533571243286,0.9967678189277649,0.3548438549041748,0.2250954806804657,-0.5402663350105286,0.9948136806488037,0.31923484802246094,0.2513234615325928,-0.4616738259792328,0.9948596358299255,0.3416363596916199,0.3193075954914093,-0.5224642157554626,0.9939915537834167,0.3296610713005066,0.3307343125343323,-0.5023186206817627,0.9938226938247681,0.47758135199546814,0.316773384809494,-0.51421058177948,0.9993879199028015,0.3465249836444855,0.36600446701049805,-0.31867876648902893,0.9994999766349792,0.5353027582168579,0.5986413359642029,-0.5089325904846191,0.9585974812507629,0.3500637412071228,0.6142180562019348,-0.2487087994813919,0.2880396544933319,0.5660278797149658,0.8642704486846924,-0.5372588038444519,0.9253597259521484,0.356508731842041,0.8362101316452026,-0.35657182335853577,0.7023674249649048,0.5500363707542419,0.898504912853241,-0.5993770360946655,0.9136154651641846,0.31766149401664734,0.8571259379386902,-0.3941727876663208,0.7153909802436829,0.5295699834823608,0.8865163922309875,-0.6137720346450806,0.9206231832504272,0.32843637466430664,0.8587445020675659,-0.4392086863517761,0.7250785827636719,0.53179532289505,0.8762825131416321,-0.5454155802726746,0.8852059245109558,0.34907686710357666,0.8549114465713501,-0.37938183546066284,0.7091063261032104,0.6198686361312866,0.4611877501010895,-0.05943385884165764,0.999614417552948,0.5367228388786316,0.4805326759815216,0.059217654168605804,0.9995245933532715,0.7064230442047119,0.6053065657615662,0.2383163869380951,0.3459961712360382,0.502031683921814,0.6445043087005615,0.1569308191537857,0.06009851023554802,0.7785137891769409,0.715577244758606,0.5339940190315247,0.5585877895355225,0.5464094877243042,0.6827142238616943,0.44635581970214844,0.0823679119348526,0.7991957068443298,0.7228075861930847,0.5589691400527954,0.4867139458656311,0.6049482822418213,0.6787575483322144,0.47915926575660706,0.11256157606840134,0.7775706052780151,0.8183056116104126,0.4549383521080017,0.6138513684272766,0.5850891470909119,0.7692635655403137,0.427508682012558,0.2106800377368927
0.3174416422843933,0.3156977891921997,-0.5340715050697327,0.9937088489532471,0.314470499753952,0.27382686734199524,-0.5490307807922363,0.9929279088973999,0.32087260484695435,0.26527079939842224,-0.5494806170463562,0.992169976234436,0.3277302384376526,0.2572845220565796,-0.5493261218070984,0.9933612942695618,0.30460238456726074,0.28045350313186646,-0.529556155204773,0.9942609667778015,0.30257731676101685,0.27895453572273254,-0.5302876234054565,0.9956106543540955,0.3003147840499878,0.2777860164642334,-0.5306717157363892,0.9970067143440247,0.3556731641292572,0.2239367663860321,-0.533873975276947,0.9949763417243958,0.32042592763900757,0.2502283453941345,-0.44989627599716187,0.9952756762504578,0.3409470319747925,0.3204818367958069,-0.5155701637268066,0.9942771792411804,0.329328328371048,0.3324558138847351,-0.49398723244667053,0.9943137168884277,0.47941526770591736,0.31615737080574036,-0.5145373940467834,0.999390184879303,0.3483213484287262,0.37028321623802185,-0.2991519570350647,0.999542772769928,0.5333261489868164,0.5923969745635986,-0.5049044489860535,0.9616625905036926,0.35031458735466003,0.6150984168052673,-0.22066867351531982,0.3222055435180664,0.565557599067688,0.8634335994720459,-0.5181122422218323,0.9317811727523804,0.3562954068183899,0.8365448117256165,-0.3269492983818054,0.7310804724693298,0.5501570105552673,0.897165834903717,-0.5812778472900391,0.9212338924407959,0.31782352924346924,0.8571831583976746,-0.36238667368888855,0.7428823113441467,0.5296366810798645,0.886161744594574,-0.5924547910690308,0.9277546405792236,0.32965487241744995,0.8590912818908691,-0.40836629271507263,0.7518454194068909,0.531819224357605,0.8762820959091187,-0.5247371196746826,0.8950298428535461,0.34960848093032837,0.8551610112190247,-0.3502504229545593,0.7370724081993103,0.6219359040260315,0.46323084831237793,-0.06463384628295898,0.9996255040168762,0.5410562753677368,0.4890088438987732,0.06445499509572983,0.9995543360710144,0.7065566778182983,0.6042196750640869,0.1988769769668579,0.35434988141059875,0.6417008638381958,0.6271072626113892,0.18615688383579254,0.058871205896139145,0.7794341444969177,0.7156195640563965,0.44240403175354004,0.5760015845298767,0.7327886819839478,0.6833882927894592,0.49556222558021545,0.08549940586090088,0.802028477191925,0.7258433103561401,0.4599694311618805,0.5074940919876099,0.7555409669876099,0.6821683049201965,0.5227565765380859,0.1184895932674408,0.7776107788085938,0.8167909979820251,0.3448319435119629,0.6351518034934998,0.7259330749511719,0.785791277885437,0.4409710466861725,0.22338742017745972
0.317035049200058,0.3228820562362671,-0.5260582566261292,0.9938232898712158,0.3148842453956604,0.2828522324562073,-0.5422682166099548,0.9928229451179504,0.3205154538154602,0.2755174934864044,-0.542713463306427,0.9921095967292786,0.32686668634414673,0.26758313179016113,-0.5425642728805542,0.9931842684745789,0.3053780794143677,0.28947940468788147,-0.5217989683151245,0.994408369064331,0.30279210209846497,0.2879747450351715,-0.5225239992141724,0.9958099126815796,0.29996538162231445,0.28670206665992737,-0.5229016542434692,0.9971519708633423,0.35431575775146484,0.22675016522407532,-0.5318406820297241,0.994913637638092,0.3186870217323303,0.25473013520240784,-0.443797767162323,0.9955763220787048,0.33875802159309387,0.32958438992500305,-0.5095019340515137,0.9943938851356506,0.32773107290267944,0.3408002555370331,-0.4865078032016754,0.9946852922439575,0.47965818643569946,0.3185546398162842,-0.5144029259681702,0.9993873834609985,0.34827661514282227,0.374774307012558,-0.2913243770599365,0.9995794892311096,0.5330113172531128,0.5875184535980225,-0.5065981149673462,0.9640355706214905,0.3521121144294739,0.6159075498580933,-0.2098100483417511,0.34095299243927,0.5653800368309021,0.8621552586555481,-0.522426426410675,0.9374037981033325,0.35614216327667236,0.8368146419525146,-0.3104587197303772,0.7564327120780945,0.5501881837844849,0.8965303897857666,-0.5867041945457458,0.9279754757881165,0.3183727562427521,0.8570212721824646,-0.34516456723213196,0.7672584652900696,0.5297421216964722,0.8861172795295715,-0.597145676612854,0.9340828061103821,0.33033204078674316,0.8595351576805115,-0.3914256691932678,0.775662899017334,0.5319870710372925,0.8762896060943604,-0.5288572907447815,0.9036519527435303,0.3499634861946106,0.8558335900306702,-0.3337947428226471,0.7618244886398315,0.6234899163246155,0.4673703908920288,-0.06772563606500626,0.9996353387832642,0.5460740327835083,0.4974692165851593,0.0675523430109024,0.9995803833007812,0.7071602940559387,0.6051855087280273,0.19164453446865082,0.348681777715683,0.6605591773986816,0.6196064949035645,0.21682819724082947,0.055933210998773575,0.7805901765823364,0.716453492641449,0.436957985162735,0.582530677318573,0.7545296549797058,0.6891285181045532,0.5073162317276001,0.0848853588104248,0.8039946556091309,0.727958619594574,0.4546750485897064,0.518336832523346,0.7756556272506714,0.6930240988731384,0.5329124927520752,0.11994054913520813,0.7781447172164917,0.8164424300193787,0.33977800607681274,0.6479375958442688,0.7434675097465515,0.7898232936859131,0.44567179679870605,0.22748732566833496
0.3139776885509491,0.33425599336624146,-0.5255889296531677,0.9934226870536804,0.3120066225528717,0.2924242913722992,-0.541584849357605,0.9918326735496521,0.3171033561229706,0.28521573543548584,-0.5420194268226624,0.991247832775116,0.3228375315666199,0.27802178263664246,-0.541791558265686,0.9921520352363586,0.30329519510269165,0.29899147152900696,-0.5186365842819214,0.9940624833106995,0.30110540986061096,0.2974737584590912,-0.5193966627120972,0.9957560896873474,0.298576682806015,0.2962442934513092,-0.5197727680206299,0.9971212148666382,0.3498031198978424,0.23881755769252777,-0.5289138555526733,0.9943809509277344,0.31695300340652466,0.2638176679611206,-0.4380892217159271,0.995712399482727,0.3350658714771271,0.3402234613895416,-0.5066143274307251,0.9941953420639038,0.32538414001464844,0.3492647111415863,-0.4817439615726471,0.9948772192001343,0.477335125207901,0.3220174014568329,-0.5087619423866272,0.9993732571601868,0.3467147946357727,0.3761291205883026,-0.28769317269325256,0.9996103644371033,0.5364019870758057,0.5894712209701538,-0.49934735894203186,0.9656139612197876,0.35384008288383484,0.6163609623908997,-0.21176794171333313,0.34445035457611084,0.5648154616355896,0.861883282661438,-0.516920804977417,0.9423936605453491,0.3560362458229065,0.836564302444458,-0.3123897910118103,0.7789351344108582,0.550180971622467,0.896357536315918,-0.5804903507232666,0.9341021776199341,0.31852108240127563,0.8567091822624207,-0.34757357835769653,0.7890890836715698,0.5297322869300842,0.8860762715339661,-0.5908889770507812,0.9398422241210938,0.3303634524345398,0.8593354821205139,-0.3927850127220154,0.797016978263855,0.5319815874099731,0.8762866258621216,-0.5233711004257202,0.9115631580352783,0.3500247299671173,0.8556151390075684,-0.3353886604309082,0.7840161919593811,0.6232383251190186,0.4735071063041687,-0.06885918229818344,0.9996379017829895,0.546139121055603,0.5010600686073303,0.0686769038438797,0.9995988607406616,0.7070454955101013,0.6067467331886292,0.19057458639144897,0.3365202248096466,0.6553541421890259,0.6169775724411011,0.25940266251564026,0.05228989198803902,0.7804762125015259,0.7159832715988159,0.4435579776763916,0.5834848284721375,0.7545207142829895,0.691874623298645,0.5157731175422668,0.08276177942752838,0.8036397099494934,0.7275105714797974,0.4624032974243164,0.5231022834777832,0.7742872834205627,0.6920391321182251,0.5449196100234985,0.11925535649061203,0.7792006731033325,0.8154218196868896,0.3514798581600189,0.6553917527198792,0.7462531328201294,0.7924246191978455,0.46886521577835083,0.22689123451709747
0.3111184239387512,0.3439890146255493,-0.5198251008987427,0.9931976199150085,0.30897921323776245,0.2996588945388794,-0.536688506603241,0.9912645220756531,0.3141773045063019,0.2908768951892853,-0.5371240377426147,0.9907065629959106,0.3200339674949646,0.2826584279537201,-0.5369195342063904,0.99151211977005,0.3002322316169739,0.3099190890789032,-0.5141419172286987,0.9939115047454834,0.29817068576812744,0.3088085949420929,-0.5148900747299194,0.9957721829414368,0.2957914471626282,0.30797597765922546,-0.5152696371078491,0.9971492886543274,0.34702005982398987,0.24531589448451996,-0.5285481810569763,0.9940118193626404,0.3143638074398041,0.2732349634170532,-0.43526536226272583,0.9958674907684326,0.33253511786460876,0.34905949234962463,-0.5031003952026367,0.9941117763519287,0.3231096863746643,0.35831865668296814,-0.47806984186172485,0.9950909614562988,0.4755454957485199,0.32271331548690796,-0.5053964853286743,0.9993560910224915,0.34530121088027954,0.38281920552253723,-0.2858843207359314,0.9996389746665955,0.5386805534362793,0.590665876865387,-0.49522948265075684,0.9665727019309998,0.355999231338501,0.6169827580451965,-0.210066556930542,0.3421339690685272,0.5647316575050354,0.8613178730010986,-0.5153636336326599,0.9465532302856445,0.3560124635696411,0.8364698886871338,-0.31384962797164917,0.7987819910049438,0.550481915473938,0.8963435888290405,-0.5786686539649963,0.9393021464347839,0.3187445402145386,0.8565279841423035,-0.3500862717628479,0.8084154725074768,0.5297704935073853,0.8859364986419678,-0.5895276665687561,0.9447773694992065,0.33031195402145386,0.8592126369476318,-0.3942745327949524,0.8159853219985962,0.5319969058036804,0.8761923909187317,-0.522040843963623,0.9181875586509705,0.349958598613739,0.855469286441803,-0.33647966384887695,0.8035997748374939,0.6228289604187012,0.4774477183818817,-0.06897742301225662,0.9996430277824402,0.5454686880111694,0.5024561882019043,0.06878867000341415,0.9996179938316345,0.7069547772407532,0.6087786555290222,0.19346830248832703,0.3219400644302368,0.6513168215751648,0.6166242957115173,0.28018778562545776,0.048698265105485916,0.7803696393966675,0.7151809930801392,0.45395559072494507,0.5769541263580322,0.7527057528495789,0.6937204003334045,0.5342715382575989,0.07928153872489929,0.8030694127082825,0.7273325324058533,0.4738270342350006,0.5196441411972046,0.7718881368637085,0.6917195320129395,0.5607173442840576,0.11578308790922165,0.7797504663467407,0.8144918084144592,0.363010048866272,0.6556256413459778,0.7455954551696777,0.7927290201187134,0.48029929399490356,0.22154855728149414
0.3079182505607605,0.3616274893283844,-0.513824999332428,0.9928250312805176,0.30544179677963257,0.3194357752799988,-0.530640721321106,0.9905298352241516,0.31066277623176575,0.31111010909080505,-0.5310660600662231,0.9900422692298889,0.3173995614051819,0.30336540937423706,-0.5309038758277893,0.9906966686248779,0.2964858412742615,0.32769396901130676,-0.5071680545806885,0.993645191192627,0.2950643002986908,0.32619601488113403,-0.5079033374786377,0.9957361817359924,0.29347673058509827,0.32501018047332764,-0.5082908868789673,0.9971330761909485,0.34475305676460266,0.2654913663864136,-0.5254164934158325,0.9936619400978088,0.31252720952033997,0.291289359331131,-0.42689070105552673,0.9959968328475952,0.32944971323013306,0.3655100166797638,-0.498801052570343,0.9939979910850525,0.3209686875343323,0.3748827278614044,-0.47220391035079956,0.9952633380889893,0.4743574559688568,0.33508947491645813,-0.4963741898536682,0.9993271827697754,0.34444522857666016,0.3832884132862091,-0.27707916498184204,0.9996647834777832,0.5564407110214233,0.5935500860214233,-0.49467143416404724,0.9676226377487183,0.3586108386516571,0.6203323006629944,-0.2017509937286377,0.33953148126602173,0.5646973848342896,0.861878514289856,-0.5064032673835754,0.9505726099014282,0.3545188307762146,0.8368265628814697,-0.304816871881485,0.8174877762794495,0.5507239103317261,0.8979263305664062,-0.5677530765533447,0.9442374110221863,0.31878989934921265,0.8564244508743286,-0.34019359946250916,0.8265194892883301,0.5297858119010925,0.886307954788208,-0.5789365768432617,0.9494062662124634,0.3293055593967438,0.8591250777244568,-0.3833521008491516,0.8335779905319214,0.5319147109985352,0.8765971064567566,-0.5129536390304565,0.9244823455810547,0.34900230169296265,0.8553823828697205,-0.32691994309425354,0.8219747543334961,0.6230048537254333,0.48454171419143677,-0.06942322105169296,0.9996458888053894,0.5456066131591797,0.5075739026069641,0.06922339648008347,0.9996348023414612,0.7068972587585449,0.61174476146698,0.1955433189868927,0.316812664270401,0.6498447060585022,0.6219561100006104,0.2886439859867096,0.04630550369620323,0.7802981734275818,0.715056836605072,0.45674195885658264,0.5832048654556274,0.7499895691871643,0.6949349641799927,0.5447691679000854,0.07907526195049286,0.8029462695121765,0.7264845967292786,0.47734490036964417,0.5262917876243591,0.7697094678878784,0.6908653974533081,0.5709723234176636,0.11682020127773285,0.7809768319129944,0.8144583106040955,0.3715098202228546,0.6655541658401489,0.7488810420036316,0.7956632971763611,0.48371729254722595,0.2250475436449051
0.2927412688732147,0.41342735290527344,-0.4860285818576813,0.9918397068977356,0.2905089259147644,0.37127965688705444,-0.5036144852638245,0.9891418814659119,0.29579731822013855,0.36269688606262207,-0.5039940476417542,0.9885576367378235,0.3022017478942871,0.3545932471752167,-0.5038352012634277,0.9892190098762512,0.28184744715690613,0.37983253598213196,-0.4781702160835266,0.9929577112197876,0.28016310930252075,0.3786831200122833,-0.4788970947265625,0.9954113960266113,0.27821242809295654,0.37775975465774536,-0.47926825284957886,0.9969637393951416,0.3340378403663635,0.31966710090637207,-0.504179060459137,0.9928091764450073,0.3000034689903259,0.3454221189022064,-0.39420458674430847,0.9959208369255066,0.31661826372146606,0.4205318093299866,-0.47378355264663696,0.9935634732246399,0.3080039620399475,0.4299541115760803,-0.4442550539970398,0.9952288866043091,0.47256794571876526,0.36326125264167786,-0.46033424139022827,0.9992748498916626,0.3421379029750824,0.40686097741127014,-0.24789106845855713,0.999686598777771,0.5721660852432251,0.5991214513778687,-0.4512454569339752,0.9673494100570679,0.3585125505924225,0.6220118403434753,-0.16202372312545776,0.32074323296546936,0.5646757483482361,0.8617746829986572,-0.4746558666229248,0.9528259634971619,0.3540762662887573,0.8367244005203247,-0.2677612900733948,0.8321943283081055,0.55155348777771,0.8985103368759155,-0.5289068818092346,0.9472782015800476,0.3189133405685425,0.8559327125549316,-0.30200937390327454,0.8412308096885681,0.5298073291778564,0.8863816261291504,-0.5384219884872437,0.9523946046829224,0.32896992564201355,0.8585484623908997,-0.339499294757843,0.84810471534729,0.5318987369537354,0.8765977621078491,-0.47967529296875,0.9276793003082275,0.3488270342350006,0.854985237121582,-0.28733891248703003,0.8365197777748108,0.6223732829093933,0.49714118242263794,-0.07100041955709457,0.9996418952941895,0.5459948778152466,0.5292187929153442,0.07078516483306885,0.9996475577354431,0.706849217414856,0.6164923906326294,0.19641844928264618,0.3018185794353485,0.6558882594108582,0.6246762871742249,0.28847211599349976,0.0428897924721241,0.7802408933639526,0.7141043543815613,0.46168071031570435,0.5743924379348755,0.7492722868919373,0.6941925287246704,0.5449426770210266,0.0754261314868927,0.8023943901062012,0.7197450995445251,0.48222604393959045,0.5196620225906372,0.7688912153244019,0.6862425208091736,0.5711917281150818,0.11299964040517807,0.7833222150802612,0.8140501379966736,0.3725462853908539,0.6630383729934692,0.7502647638320923,0.7929975986480713,0.4869980216026306,0.21960099041461945
0.2785656750202179,0.49365293979644775,-0.44306081533432007,0.9914459586143494,0.2741798162460327,0.4563555419445038,-0.4638978838920593,0.9886817932128906,0.2793595790863037,0.44828468561172485,-0.4642537534236908,0.9880902171134949,0.28543612360954285,0.440335214138031,-0.4640680253505707,0.988791823387146,0.26675909757614136,0.46084505319595337,-0.4365382194519043,0.9927147626876831,0.26598235964775085,0.4574228525161743,-0.43725618720054626,0.9953138828277588,0.2651013135910034,0.4541669189929962,-0.43760037422180176,0.9969276189804077,0.31730887293815613,0.3951913118362427,-0.4774077534675598,0.9925851225852966,0.2901431918144226,0.4121400713920593,-0.3565123975276947,0.9959502816200256,0.3036741316318512,0.495563805103302,-0.4353784918785095,0.9935227036476135,0.2963465452194214,0.4989529550075531,-0.40283307433128357,0.9952991604804993,0.46655240654945374,0.4074573218822479,-0.4316405653953552,0.9992752075195312,0.33889442682266235,0.44070717692375183,-0.2178976833820343,0.9997080564498901,0.5802052021026611,0.6083998680114746,-0.42365995049476624,0.9669449925422668,0.35464659333229065,0.6317340135574341,-0.13375699520111084,0.3015289008617401,0.565251350402832,0.8616667985916138,-0.4536696970462799,0.9546276330947876,0.3511490523815155,0.837429404258728,-0.23870201408863068,0.8448001742362976,0.5534100532531738,0.8984941244125366,-0.5052787065505981,0.9497880339622498,0.3175531029701233,0.855804979801178,-0.27333614230155945,0.8539071679115295,0.53099125623703,0.8864027857780457,-0.5158282518386841,0.9549068808555603,0.32687681913375854,0.85849928855896,-0.30827170610427856,0.8606744408607483,0.5328631401062012,0.8767579197883606,-0.45857247710227966,0.9300484657287598,0.34626397490501404,0.8553627133369446,-0.2575901448726654,0.8487780094146729,0.6169518232345581,0.5332213044166565,-0.07312840968370438,0.9996495842933655,0.5474884510040283,0.5640246868133545,0.07292068004608154,0.9996660351753235,0.7064777612686157,0.6317524313926697,0.1981905847787857,0.2874685823917389,0.6558310985565186,0.6428004503250122,0.28856390714645386,0.039909496903419495,0.7794615030288696,0.7139236330986023,0.463451087474823,0.5676771402359009,0.7496337890625,0.6975904107093811,0.5448089838027954,0.07289453595876694,0.802303671836853,0.7164764404296875,0.48447662591934204,0.5108646154403687,0.7686755657196045,0.6864363551139832,0.5709701776504517,0.11016415804624557,0.7844787836074829,0.8138608932495117,0.37552952766418457,0.6636579632759094,0.7512806057929993,0.7945863604545593,0.489208847284317,0.2185312956571579
0.2696113586425781,0.5707358717918396,-0.43615812063217163,0.9909648299217224,0.265019953250885,0.5301660299301147,-0.45544496178627014,0.9883979558944702,0.2697979211807251,0.5216391682624817,-0.4557812809944153,0.9876795411109924,0.27563363313674927,0.5131539106369019,-0.45561131834983826,0.9886292219161987,0.25690197944641113,0.5355867147445679,-0.4296747148036957,0.9923838973045349,0.25513991713523865,0.5324157476425171,-0.43037790060043335,0.9950201511383057,0.25316622853279114,0.5292559266090393,-0.43066057562828064,0.9967911243438721,0.3073592782020569,0.4670928120613098,-0.4605564475059509,0.9923813939094543,0.2743683457374573,0.49104076623916626,-0.3468298017978668,0.9957287907600403,0.29514506459236145,0.5662720799446106,-0.4251245856285095,0.9934313893318176,0.28634586930274963,0.572222888469696,-0.3949592709541321,0.9952166080474854,0.45429959893226624,0.47052842378616333,-0.4080258905887604,0.9992915391921997,0.3328932523727417,0.4948560893535614,-0.2029680758714676,0.9997259378433228,0.5854096412658691,0.6132864952087402,-0.38806548714637756,0.9679456353187561,0.3515622615814209,0.6465665698051453,-0.05719081312417984,0.28073957562446594,0.5658699870109558,0.8616760969161987,-0.4185151159763336,0.9565461277961731,0.34974026679992676,0.8406614661216736,-0.08484560251235962,0.853091299533844,0.5542077422142029,0.8970404863357544,-0.464914470911026,0.9517022967338562,0.3176562190055847,0.8563966751098633,-0.10565818846225739,0.8624812960624695,0.5320098996162415,0.8861802816390991,-0.47601938247680664,0.9568313360214233,0.32675039768218994,0.8594504594802856,-0.14407967031002045,0.8696504831314087,0.53449946641922,0.8767203688621521,-0.42307454347610474,0.9317378997802734,0.3453390896320343,0.8576674461364746,-0.10290522873401642,0.8562056422233582,0.6124829649925232,0.5907987356185913,-0.07419700920581818,0.9996521472930908,0.5478454828262329,0.6184595823287964,0.07399498671293259,0.9996770620346069,0.706318736076355,0.6620458960533142,0.19825351238250732,0.27234405279159546,0.6555339097976685,0.6819385886192322,0.27611780166625977,0.0372147373855114,0.7791367173194885,0.7140036821365356,0.46443629264831543,0.5506548881530762,0.748334527015686,0.7074036002159119,0.5274940729141235,0.06941838562488556,0.8022528886795044,0.7127474546432495,0.4849036633968353,0.4961589276790619,0.7666135430335999,0.6905454993247986,0.5547738075256348,0.10654174536466599,0.7862184643745422,0.8138696551322937,0.399275541305542,0.6526954174041748,0.7545677423477173,0.7960271239280701,0.4904037415981293,0.2135171890258789
0.2599392533302307,0.6321229338645935,-0.39517876505851746,0.990349531173706,0.2520470917224884,0.5942493677139282,-0.41468992829322815,0.9880556464195251,0.2569417357444763,0.5860235095024109,-0.4150388240814209,0.9873268008232117,0.26242631673812866,0.5779914855957031,-0.41487056016921997,0.9885956048965454,0.24350805580615997,0.5977891683578491,-0.3882247805595398,0.9918522238731384,0.24177248775959015,0.5942402482032776,-0.3888871371746063,0.9945457577705383,0.23996298015117645,0.5906549096107483,-0.3891286849975586,0.9964945912361145,0.28928691148757935,0.5329158902168274,-0.42460083961486816,0.9923874139785767,0.26122352480888367,0.5487325191497803,-0.30570709705352783,0.9951483607292175,0.28417834639549255,0.6314586400985718,-0.3860921263694763,0.9934011697769165,0.2765463590621948,0.6359986066818237,-0.354574590921402,0.9949647188186646,0.43496426939964294,0.5192731618881226,-0.3815179467201233,0.9993292093276978,0.3290497958660126,0.5347787737846375,-0.161874458193779,0.9997265338897705,0.5811102986335754,0.6133622527122498,-0.3665447235107422,0.9693326950073242,0.3519454002380371,0.6555992960929871,-0.01745501346886158,0.25598737597465515,0.5679455995559692,0.8625207543373108,-0.40623003244400024,0.958530604839325,0.34973207116127014,0.8429135680198669,-0.04491264000535011,0.8463866710662842,0.5541976690292358,0.8951774835586548,-0.45240965485572815,0.9534918665885925,0.31710854172706604,0.8582926988601685,-0.06546680629253387,0.8605221509933472,0.5344804525375366,0.8864914178848267,-0.46187418699264526,0.9585945010185242,0.323076069355011,0.8617441058158875,-0.10488178580999374,0.869307279586792,0.5380449891090393,0.8773816227912903,-0.4098544120788574,0.9334523677825928,0.3409048914909363,0.8601735234260559,-0.06397198885679245,0.8518017530441284,0.6106928586959839,0.6394882798194885,-0.07893260568380356,0.9996634125709534,0.5477783679962158,0.6618236899375916,0.07874766737222672,0.9996858239173889,0.7062888741493225,0.6881684064865112,0.19756841659545898,0.2592529356479645,0.6544383764266968,0.7092055082321167,0.29723504185676575,0.03436609357595444,0.7784255743026733,0.7161494493484497,0.46555012464523315,0.5319338440895081,0.7455171942710876,0.714705765247345,0.542701005935669,0.06549748033285141,0.8005455136299133,0.712500274181366,0.4857019782066345,0.4776105582714081,0.7657329440116882,0.6955443620681763,0.5688176155090332,0.10208710283041,0.7877998948097229,0.8184781670570374,0.4040617346763611,0.6393016576766968,0.7492597103118896,0.8022431135177612,0.5244858860969543,0.20636512339115143
0.2422223836183548,0.6998555660247803,-0.4289341866970062,0.990043580532074,0.2387540638446808,0.6582096815109253,-0.44825315475463867,0.9879812002182007,0.24389903247356415,0.6512307524681091,-0.4486277103424072,0.9872134923934937,0.24993658065795898,0.6436837911605835,-0.4484582841396332,0.9887368679046631,0.2297387570142746,0.6609843373298645,-0.4221736490726471,0.991531491279602,0.2278393805027008,0.6574280858039856,-0.4228529930114746,0.9942037463188171,0.22584214806556702,0.653965950012207,-0.423137366771698,0.9963042736053467,0.2820458710193634,0.5995593070983887,-0.4527398943901062,0.9924293160438538,0.2507469058036804,0.6136137843132019,-0.3349941074848175,0.9946293830871582,0.26858949661254883,0.7025749683380127,-0.4183062016963959,0.9933258891105652,0.2579089403152466,0.7098888158798218,-0.38710325956344604,0.9946781992912292,0.42054396867752075,0.5682330131530762,-0.4075741171836853,0.9993648529052734,0.3172484040260315,0.5808760523796082,-0.18739208579063416,0.9997314810752869,0.5863031148910522,0.615180492401123,-0.3838939070701599,0.9705593585968018,0.35436537861824036,0.6704826951026917,-0.03216525912284851,0.2325270026922226,0.5679008364677429,0.8634516596794128,-0.4122391641139984,0.9586136937141418,0.3497655987739563,0.8445290327072144,-0.04417334496974945,0.8307945728302002,0.5538455843925476,0.8953583836555481,-0.4560421109199524,0.9525098204612732,0.31720224022865295,0.8581712245941162,-0.06392133235931396,0.8503162264823914,0.5345808267593384,0.8864977359771729,-0.4645055830478668,0.957901656627655,0.3230289816856384,0.8617743849754333,-0.09964533150196075,0.8614863753318787,0.5382489562034607,0.8773749470710754,-0.4149142801761627,0.9305582046508789,0.34004971385002136,0.8602150082588196,-0.06122273951768875,0.8383482694625854,0.6059619784355164,0.6787027716636658,-0.08320982754230499,0.9996713995933533,0.5367838740348816,0.6960926651954651,0.08303442597389221,0.9996902942657471,0.7046831846237183,0.7066479325294495,0.19817255437374115,0.2429431825876236,0.6539886593818665,0.7210958003997803,0.315813273191452,0.03143952786922455,0.7753012776374817,0.7161434888839722,0.4793334901332855,0.5061372518539429,0.7448851466178894,0.7157998085021973,0.5776523351669312,0.060920894145965576,0.7971163988113403,0.7041028141975403,0.5019785165786743,0.4521627724170685,0.7610202431678772,0.6960901021957397,0.6058366894721985,0.09625165164470673,0.7876045107841492,0.8188670873641968,0.4225850999355316,0.6163149476051331,0.7490227222442627,0.8044683933258057,0.5676982998847961,0.19563034176826477
0.23930692672729492,0.7705642580986023,-0.4378933906555176,0.9905511736869812,0.23656103014945984,0.7398802638053894,-0.45881232619285583,0.9887340664863586,0.24142785370349884,0.7327942848205566,-0.45918378233909607,0.9879950284957886,0.24674656987190247,0.7251711487770081,-0.459001362323761,0.9895153641700745,0.22898685932159424,0.7416702508926392,-0.42970743775367737,0.9919615983963013,0.22777894139289856,0.7365706562995911,-0.43037500977516174,0.9944429397583008,0.22627706825733185,0.7304700016975403,-0.4306551516056061,0.9964613318443298,0.2765916883945465,0.6773961782455444,-0.46283668279647827,0.9929317831993103,0.25136929750442505,0.6793427467346191,-0.33399778604507446,0.994724690914154,0.26634570956230164,0.7694699764251709,-0.42807966470718384,0.9936805367469788,0.2581016421318054,0.774043083190918,-0.39257004857063293,0.9948292970657349,0.41500169038772583,0.6279353499412537,-0.4128793179988861,0.9994080662727356,0.3058062195777893,0.6231687068939209,-0.19127072393894196,0.9997385740280151,0.5832158327102661,0.6174407005310059,-0.3619200587272644,0.9727969169616699,0.3660246431827545,0.6688071489334106,-0.015847669914364815,0.21588574349880219,0.5672389268875122,0.8593122959136963,-0.35803404450416565,0.9583176374435425,0.3497419059276581,0.8383669257164001,0.005623779259622097,0.7828858494758606,0.5535434484481812,0.8945922255516052,-0.39339685440063477,0.9496245384216309,0.3172445595264435,0.8574921488761902,-0.00929117389023304,0.8023570775985718,0.5345474481582642,0.8852385878562927,-0.40359097719192505,0.9553936123847961,0.32288113236427307,0.8610221743583679,-0.04319306090474129,0.815887451171875,0.5381194353103638,0.8749672174453735,-0.3600101172924042,0.9246670603752136,0.33972612023353577,0.8578268885612488,-0.009847281500697136,0.7885995507240295,0.6001902222633362,0.7169058322906494,-0.0888921245932579,0.9996805787086487,0.5273939371109009,0.723875105381012,0.0886908769607544,0.9996902346611023,0.7029561996459961,0.7227835655212402,0.20095297694206238,0.2357272505760193,0.652977705001831,0.7309194803237915,0.3470313847064972,0.02892373874783516,0.7745928764343262,0.7208138108253479,0.48892727494239807,0.4933042824268341,0.7358835935592651,0.7237160801887512,0.6362747550010681,0.05705363303422928,0.7951762676239014,0.7028143405914307,0.5130429863929749,0.439870685338974,0.7518998980522156,0.697287380695343,0.6674219369888306,0.09265238046646118,0.7838869094848633,0.8191310167312622,0.4374004900455475,0.6051716804504395,0.7325141429901123,0.8044246435165405,0.641759991645813,0.1869959533214569
0.23420670628547668,0.7952052354812622,-0.43915510177612305,0.9911803603172302,0.23059847950935364,0.7674319744110107,-0.46147027611732483,0.9895461797714233,0.23573005199432373,0.7622742652893066,-0.4618287980556488,0.9888342618942261,0.24106276035308838,0.7562708258628845,-0.4616200029850006,0.9903193116188049,0.2233242243528366,0.7690534591674805,-0.43125438690185547,0.9924976229667664,0.2225259244441986,0.7649951577186584,-0.4319083094596863,0.994778037071228,0.22140543162822723,0.7605839371681213,-0.43216148018836975,0.9966773390769958,0.2717268764972687,0.7099964022636414,-0.46834325790405273,0.9934489727020264,0.248046875,0.7115768194198608,-0.33775749802589417,0.9949465990066528,0.26483309268951416,0.7929432988166809,-0.43045687675476074,0.994102418422699,0.2577216923236847,0.79627525806427,-0.3938458263874054,0.9950849413871765,0.41359519958496094,0.6427508592605591,-0.41618818044662476,0.9994521737098694,0.2988147437572479,0.6457301378250122,-0.19486378133296967,0.9997444748878479,0.5815833210945129,0.6175609827041626,-0.3519173860549927,0.9749512672424316,0.3669968545436859,0.6650775671005249,-0.00846400298178196,0.1979508399963379,0.5666172504425049,0.8586207032203674,-0.33154457807540894,0.9578600525856018,0.3499472737312317,0.8301997780799866,0.039965663105249405,0.7236167192459106,0.5516600608825684,0.8946295976638794,-0.36359816789627075,0.9465637803077698,0.32026249170303345,0.8534823060035706,0.029424592852592468,0.7441735863685608,0.5342346429824829,0.885104775428772,-0.37292200326919556,0.9527193903923035,0.32365334033966064,0.8596958518028259,-0.004873265046626329,0.7587616443634033,0.5380738973617554,0.8744732141494751,-0.3323294222354889,0.9188941717147827,0.3399593234062195,0.8546448349952698,0.02498912625014782,0.7304215431213379,0.60170978307724,0.723864734172821,-0.09014539420604706,0.9996898770332336,0.526633620262146,0.7278504967689514,0.08993226289749146,0.999687135219574,0.7040089964866638,0.7247820496559143,0.2010992020368576,0.2285861372947693,0.6521405577659607,0.7408135533332825,0.3355097770690918,0.026469558477401733,0.7740797996520996,0.7208408713340759,0.4875126779079437,0.47974151372909546,0.7290363907814026,0.7259547114372253,0.6287326812744141,0.05293285846710205,0.7951385378837585,0.6977503895759583,0.5105351209640503,0.4279780089855194,0.7482215166091919,0.6976425647735596,0.6605088710784912,0.08797270059585571,0.7826082706451416,0.8199153542518616,0.430382639169693,0.5935215353965759,0.7289053797721863,0.8044551610946655,0.6381356716156006,0.1764994114637375
0.2357991635799408,0.8341094255447388,-0.5292226672172546,0.9917248487472534,0.23241479694843292,0.8051972985267639,-0.55362868309021,0.9902645945549011,0.23797956109046936,0.7988011837005615,-0.5539846420288086,0.9895715713500977,0.24380946159362793,0.7922176718711853,-0.5537204742431641,0.9910402297973633,0.2231764793395996,0.808073878288269,-0.5227785110473633,0.9928985834121704,0.22107961773872375,0.8041760921478271,-0.5233971476554871,0.9949844479560852,0.21846942603588104,0.8001366257667542,-0.523648738861084,0.9967998266220093,0.2723223567008972,0.7468849420547485,-0.5503925085067749,0.9939014315605164,0.23199518024921417,0.7607524394989014,-0.41287994384765625,0.9949503540992737,0.2626689076423645,0.8294455409049988,-0.5118770599365234,0.9942992329597473,0.254497230052948,0.8350934982299805,-0.47509413957595825,0.9950001835823059,0.39987581968307495,0.6755564212799072,-0.4540260434150696,0.9994863867759705,0.2784356474876404,0.6653372049331665,-0.2520161271095276,0.9996986985206604,0.5746902227401733,0.6160493493080139,-0.37198641896247864,0.9765430688858032,0.3708224892616272,0.6619147658348083,-0.03810685873031616,0.17943663895130157,0.5645320415496826,0.8569536805152893,-0.34808292984962463,0.9539207220077515,0.34655338525772095,0.8243255615234375,-0.015142140910029411,0.6534491181373596,0.5520209670066833,0.8932928442955017,-0.3807915449142456,0.9388489127159119,0.32061904668807983,0.8443096876144409,-0.026163820177316666,0.6733267903327942,0.5346101522445679,0.8834214210510254,-0.39373624324798584,0.946017861366272,0.32248005270957947,0.8521856665611267,-0.05906802415847778,0.6869760751724243,0.5380274653434753,0.8725554347038269,-0.3503943085670471,0.9091628193855286,0.3365454077720642,0.8474878072738647,-0.029808172956109047,0.6612436771392822,0.5894152522087097,0.734986424446106,-0.08884984254837036,0.9996878504753113,0.5114316344261169,0.7293627262115479,0.0886315256357193,0.9996535778045654,0.6961535811424255,0.7392929792404175,0.20428061485290527,0.2235577404499054,0.6412920355796814,0.7445266842842102,0.34036749601364136,0.024450045078992844,0.7725934386253357,0.7211834192276001,0.4912416338920593,0.4717461168766022,0.7257994413375854,0.7278344631195068,0.6365481019020081,0.05055110529065132,0.7947956323623657,0.6950376629829407,0.5159464478492737,0.42498594522476196,0.7458943724632263,0.6979383826255798,0.6693368554115295,0.0863218605518341,0.7800005674362183,0.8201629519462585,0.44048547744750977,0.5800650715827942,0.7238759398460388,0.8043612837791443,0.6457964777946472,0.16761142015457153
0.2384035587310791,0.8746477961540222,-0.5239816904067993,0.9908938407897949,0.2357129156589508,0.84515780210495,-0.551654577255249,0.9895515441894531,0.2407212257385254,0.8375637531280518,-0.5520265102386475,0.9887073040008545,0.2458236962556839,0.8306529521942139,-0.5517547726631165,0.9907737374305725,0.22600527107715607,0.8489861488342285,-0.5202256441116333,0.9916934370994568,0.22308623790740967,0.844197154045105,-0.5208604335784912,0.9937491416931152,0.21944673359394073,0.8391693234443665,-0.5211438536643982,0.9959930181503296,0.2703407406806946,0.7820494174957275,-0.5572037100791931,0.9936306476593018,0.23119549453258514,0.7975855469703674,-0.41659656167030334,0.9928102493286133,0.2623733580112457,0.8609992861747742,-0.508625864982605,0.9933270215988159,0.2537224292755127,0.8669075965881348,-0.4712837338447571,0.9929890036582947,0.3957713842391968,0.6935057640075684,-0.4603654444217682,0.9995071291923523,0.26791882514953613,0.6862180829048157,-0.25808393955230713,0.9995808005332947,0.5664929151535034,0.6157387495040894,-0.37032049894332886,0.9771339893341064,0.36473220586776733,0.6575385928153992,-0.054159015417099,0.16196595132350922,0.5640116930007935,0.8571109175682068,-0.32224568724632263,0.9391327500343323,0.34295719861984253,0.8207078576087952,-0.015455225482583046,0.5884546637535095,0.5521951913833618,0.8933302760124207,-0.35130575299263,0.9163362383842468,0.32233890891075134,0.8354610800743103,-0.02506689354777336,0.6066581606864929,0.5345895886421204,0.8833826780319214,-0.36503511667251587,0.9257919192314148,0.3225920796394348,0.8432091474533081,-0.05615280196070671,0.6190353631973267,0.5376167297363281,0.8724295496940613,-0.3240654170513153,0.8832842111587524,0.33577603101730347,0.8418945074081421,-0.02932574972510338,0.5959113240242004,0.5873161554336548,0.7452147603034973,-0.08799994736909866,0.9996780753135681,0.5032796263694763,0.7329807877540588,0.08778749406337738,0.9996041059494019,0.6931403875350952,0.7479487657546997,0.20878860354423523,0.20948559045791626,0.6353799104690552,0.7513788938522339,0.35422247648239136,0.022270629182457924,0.769885778427124,0.7228538393974304,0.503899097442627,0.4462924599647522,0.7224522233009338,0.7310442328453064,0.6576322913169861,0.046938735991716385,0.7932119369506836,0.6948490142822266,0.5305348038673401,0.40755945444107056,0.7425580620765686,0.6990861296653748,0.6912378072738647,0.08170980960130692,0.7783340215682983,0.8224883079528809,0.45447564125061035,0.5472816228866577,0.7211695909500122,0.8049122095108032,0.6641263365745544,0.15491320192813873
0.24277856945991516,0.889039933681488,-0.5080164074897766,0.9909552335739136,0.23984745144844055,0.8639681339263916,-0.539150059223175,0.9898459911346436,0.24491091072559357,0.8550840616226196,-0.5395258069038391,0.9890126585960388,0.25019630789756775,0.8460346460342407,-0.5394419431686401,0.9911702275276184,0.22994036972522736,0.8709469437599182,-0.5160361528396606,0.991692841053009,0.22687514126300812,0.8678008317947388,-0.5166913866996765,0.9936366081237793,0.22306199371814728,0.864581286907196,-0.5170930624008179,0.9958676695823669,0.2723473906517029,0.7953900098800659,-0.536292552947998,0.9939321875572205,0.23365263640880585,0.8213014602661133,-0.40639740228652954,0.99236661195755,0.26714077591896057,0.8647688031196594,-0.49880367517471313,0.9933066368103027,0.25764164328575134,0.8774018883705139,-0.4543187618255615,0.9925102591514587,0.3936091959476471,0.7118658423423767,-0.45525822043418884,0.9995356798171997,0.27056995034217834,0.6902691125869751,-0.24991092085838318,0.9995221495628357,0.561930775642395,0.6156601905822754,-0.3580324649810791,0.9785727858543396,0.36463719606399536,0.6324630975723267,-0.06293074041604996,0.14617514610290527,0.5641505718231201,0.8584094643592834,-0.30593425035476685,0.9325100183486938,0.3473528325557709,0.8148831725120544,-0.01236216351389885,0.5298047661781311,0.5525954961776733,0.894654393196106,-0.33551546931266785,0.9058167934417725,0.3434518873691559,0.8154988884925842,-0.02172664739191532,0.5463851094245911,0.5348016023635864,0.8842397332191467,-0.34702831506729126,0.9166874885559082,0.34651434421539307,0.8426870703697205,-0.05000986531376839,0.5575733780860901,0.5375117659568787,0.87309330701828,-0.3070918917655945,0.8709943890571594,0.34142324328422546,0.8360542058944702,-0.02516593597829342,0.5368078947067261,0.5873329043388367,0.7532880306243896,-0.0875442698597908,0.9996889233589172,0.5063809156417847,0.7342193722724915,0.08731046319007874,0.9995993375778198,0.6912994384765625,0.75519198179245,0.2002984583377838,0.21052344143390656,0.6346014142036438,0.7556085586547852,0.3410269618034363,0.020685862749814987,0.7686275243759155,0.7250905632972717,0.48197755217552185,0.4485129117965698,0.7226150035858154,0.7330734133720398,0.6336292624473572,0.04535883665084839,0.7928206920623779,0.6948520541191101,0.5078412890434265,0.41347604990005493,0.742770254611969,0.6996123194694519,0.6650989055633545,0.08230552077293396,0.7785075306892395,0.8244558572769165,0.44243288040161133,0.542931318283081,0.7219055891036987,0.8065688014030457,0.6261988282203674,0.14812849462032318
0.24264664947986603,0.8854401707649231,-0.48364537954330444,0.991294264793396,0.2404264658689499,0.8576951622962952,-0.5210899710655212,0.9903526306152344,0.24588532745838165,0.8484883904457092,-0.5214556455612183,0.9895231127738953,0.2514364719390869,0.8390368223190308,-0.5211353898048401,0.991668701171875,0.22899118065834045,0.866875946521759,-0.4889586865901947,0.991982638835907,0.22546036541461945,0.8643519878387451,-0.48962846398353577,0.9937989115715027,0.22124528884887695,0.8614711165428162,-0.4899276793003082,0.9959554672241211,0.27080821990966797,0.7915779948234558,-0.5303778052330017,0.9942576885223389,0.2289271354675293,0.817667543888092,-0.38669365644454956,0.9923913478851318,0.2666884660720825,0.8643075823783875,-0.4751797318458557,0.9934707880020142,0.2552439570426941,0.8802696466445923,-0.43111348152160645,0.9924618601799011,0.39128217101097107,0.7192865014076233,-0.4395008683204651,0.9995624423027039,0.2648516297340393,0.691008448600769,-0.24064187705516815,0.999506950378418,0.5573325753211975,0.6151245832443237,-0.34030288457870483,0.9797760844230652,0.36122915148735046,0.627108633518219,-0.06436818838119507,0.13224509358406067,0.5636010766029358,0.8596166968345642,-0.27697649598121643,0.9282494187355042,0.3372778296470642,0.8132696151733398,-0.021127033978700638,0.47733741998672485,0.553517758846283,0.8952586650848389,-0.3034878075122833,0.897770345211029,0.3421652615070343,0.8109880089759827,-0.033269498497247696,0.4927087724208832,0.5347763299942017,0.8846827745437622,-0.3153468668460846,0.9094910025596619,0.3372897207736969,0.840124785900116,-0.059798307716846466,0.5029024481773376,0.536383867263794,0.874243438243866,-0.2775900065898895,0.8609404563903809,0.33397233486175537,0.8347787857055664,-0.03366898372769356,0.4842464327812195,0.5853682160377502,0.7489485144615173,-0.08723603188991547,0.9996922016143799,0.503772497177124,0.7265348434448242,0.08700411021709442,0.999585747718811,0.6822455525398254,0.7585843205451965,0.2004058063030243,0.2047094702720642,0.6283606290817261,0.7564554214477539,0.33713796734809875,0.0190206877887249,0.7663503885269165,0.7257137894630432,0.481982558965683,0.4375210702419281,0.720096230506897,0.7355520725250244,0.6232542991638184,0.042674075812101364,0.7913571000099182,0.6927637457847595,0.5077637434005737,0.41100651025772095,0.7417593002319336,0.6996971964836121,0.6546539664268494,0.08004234731197357,0.7770718932151794,0.8256763815879822,0.4381105899810791,0.5284105539321899,0.7147547006607056,0.8078253865242004,0.6267874240875244,0.13922704756259918
0.24165931344032288,0.8820609450340271,-0.47547101974487305,0.9916269183158875,0.23854756355285645,0.8539260625839233,-0.5128990411758423,0.9908429980278015,0.24371933937072754,0.8455783128738403,-0.5132680535316467,0.9900121092796326,0.24906811118125916,0.8372214436531067,-0.512860119342804,0.992138147354126,0.22763916850090027,0.8624494075775146,-0.4775436818599701,0.9923123717308044,0.224147766828537,0.8606561422348022,-0.4782463014125824,0.9940070509910583,0.22008895874023438,0.8587769269943237,-0.47851768136024475,0.9960817098617554,0.26823899149894714,0.7909106612205505,-0.5259146690368652,0.9945622086524963,0.22601398825645447,0.8173830509185791,-0.37746092677116394,0.9924808740615845,0.264057457447052,0.8672808408737183,-0.46743044257164,0.9936544895172119,0.2530903220176697,0.882148802280426,-0.42409658432006836,0.9925104975700378,0.39168617129325867,0.719487190246582,-0.4339750409126282,0.9995805621147156,0.26400965452194214,0.694248616695404,-0.23552918434143066,0.9994925260543823,0.5553243160247803,0.615048885345459,-0.32705986499786377,0.9810425043106079,0.3555530309677124,0.6224844455718994,-0.061135053634643555,0.11975186318159103,0.563108503818512,0.8596299886703491,-0.24990017712116241,0.9245206117630005,0.3376104235649109,0.8095769286155701,-0.015524594113230705,0.430123507976532,0.5543656945228577,0.8952546715736389,-0.2761096656322479,0.8906344175338745,0.3402004837989807,0.8075766563415527,-0.028024107217788696,0.44440674781799316,0.5347782373428345,0.8846896886825562,-0.2897811830043793,0.9032917022705078,0.3368013799190521,0.8366623520851135,-0.05704011768102646,0.45370522141456604,0.5356115102767944,0.8742552995681763,-0.2512654662132263,0.8526650071144104,0.33632099628448486,0.831876277923584,-0.029010754078626633,0.4369761049747467,0.5866011381149292,0.7480412125587463,-0.08692174404859543,0.9997036457061768,0.5051853656768799,0.7266584634780884,0.08668908476829529,0.9995914101600647,0.6794825792312622,0.7564159035682678,0.19988365471363068,0.2085747867822647,0.6288796067237854,0.7538004517555237,0.33584150671958923,0.0177686158567667,0.766139566898346,0.7272037267684937,0.48198604583740234,0.44211825728416443,0.7204203605651855,0.7357282638549805,0.6243387460708618,0.041554104536771774,0.7910297513008118,0.6932019591331482,0.5076896548271179,0.41679075360298157,0.7411876320838928,0.6996815800666809,0.6561769843101501,0.08066430687904358,0.7766250371932983,0.8265329003334045,0.435502827167511,0.5267289280891418,0.7147256731987,0.8086798191070557,0.6283702850341797,0.1343449354171753
0.243108868598938,0.8853765726089478,-0.4720773696899414,0.9918029308319092,0.23994705080986023,0.8590719699859619,-0.5113348364830017,0.9911687970161438,0.24510900676250458,0.8515511155128479,-0.5117024183273315,0.9903260469436646,0.25045135617256165,0.8440097570419312,-0.5112167596817017,0.992462158203125,0.22917744517326355,0.866709291934967,-0.47394227981567383,0.9925013184547424,0.22577762603759766,0.8649073243141174,-0.47467026114463806,0.994115948677063,0.22177410125732422,0.8629630208015442,-0.4749423563480377,0.9961392283439636,0.26936259865760803,0.7920453548431396,-0.522695004940033,0.9947754740715027,0.22595302760601044,0.8177297711372375,-0.37600821256637573,0.9924938678741455,0.26542991399765015,0.8697142601013184,-0.46428626775741577,0.9937248826026917,0.2546199560165405,0.8842187523841858,-0.42147573828697205,0.9924200773239136,0.3907347321510315,0.7215850949287415,-0.433422714471817,0.9995977878570557,0.26485124230384827,0.6919637322425842,-0.2351110726594925,0.9994896054267883,0.554960310459137,0.6150696873664856,-0.33277422189712524,0.9821261167526245,0.3528025448322296,0.6144050359725952,-0.06271109730005264,0.10853308439254761,0.5627908110618591,0.8596467971801758,-0.2605944275856018,0.9208133816719055,0.3463187515735626,0.799259603023529,-0.01659366860985756,0.3876373767852783,0.5547571182250977,0.8952297568321228,-0.2875777781009674,0.8843423128128052,0.3422735035419464,0.8080057501792908,-0.02912735566496849,0.400961697101593,0.53476881980896,0.8848099708557129,-0.30089086294174194,0.8978928327560425,0.34047478437423706,0.8268446326255798,-0.05727408081293106,0.40946200489997864,0.5347106456756592,0.8744938373565674,-0.26187342405319214,0.8455305695533752,0.3491820693016052,0.8224585056304932,-0.029589276760816574,0.39445939660072327,0.5848013758659363,0.7474296689033508,-0.08667837828397751,0.9997134208679199,0.5051337480545044,0.7244518995285034,0.08644677698612213,0.9995980262756348,0.6767534017562866,0.7566462159156799,0.20003478229045868,0.2112284153699875,0.6277817487716675,0.7535594701766968,0.33368098735809326,0.0167169701308012,0.7648590803146362,0.7276970148086548,0.4838239550590515,0.4460924565792084,0.7200887203216553,0.735801637172699,0.6195474863052368,0.04073728993535042,0.7905564308166504,0.6931313276290894,0.5095937252044678,0.42328083515167236,0.740251898765564,0.6996484994888306,0.6510354280471802,0.08175274729728699,0.7744470834732056,0.8267604112625122,0.43678563833236694,0.5257574319839478,0.7121354341506958,0.8090001344680786,0.6228704452514648,0.13034474849700928
0.24372634291648865,0.8780651688575745,-0.5121525526046753,0.9920217394828796,0.2408483326435089,0.8490045070648193,-0.5439785718917847,0.9915227890014648,0.24601177871227264,0.8422374129295349,-0.5443651080131531,0.9906789660453796,0.25137463212013245,0.8352265954017639,-0.5440153479576111,0.9928035736083984,0.22969046235084534,0.8558536171913147,-0.510643720626831,0.9927120208740234,0.22598764300346375,0.8543241024017334,-0.5113767385482788,0.9942377209663391,0.2215152531862259,0.8528177738189697,-0.5116674304008484,0.9962054491043091,0.2713131904602051,0.7820501327514648,-0.5530387163162231,0.9950078725814819,0.22572632133960724,0.8092438578605652,-0.40802091360092163,0.9925210475921631,0.26597172021865845,0.865917444229126,-0.4981706142425537,0.9937769770622253,0.25431275367736816,0.8810115456581116,-0.4587917923927307,0.9923240542411804,0.39002832770347595,0.716870129108429,-0.4507761001586914,0.9996106624603271,0.26244014501571655,0.6894031167030334,-0.2539147138595581,0.9994785785675049,0.5552992224693298,0.6154665350914001,-0.3420170843601227,0.9831807613372803,0.3505343496799469,0.6162135601043701,-0.06577272713184357,0.09836608171463013,0.562371015548706,0.8594529032707214,-0.27162861824035645,0.919127881526947,0.3570827841758728,0.7995878458023071,-0.02224040776491165,0.3495030403137207,0.5550578832626343,0.8951602578163147,-0.30044856667518616,0.8812692165374756,0.3469932973384857,0.8045681715011597,-0.0348459929227829,0.36212417483329773,0.5347532033920288,0.884996771812439,-0.31503063440322876,0.8954704403877258,0.34088626503944397,0.8284999132156372,-0.06561557948589325,0.3699550926685333,0.5343456864356995,0.8747187256813049,-0.27360743284225464,0.8429330587387085,0.3542913496494293,0.8229159712791443,-0.03616059571504593,0.35654357075691223,0.5856245756149292,0.7448877096176147,-0.08620934933423996,0.9997214078903198,0.5051057934761047,0.723924994468689,0.08597609400749207,0.9996020793914795,0.6790052056312561,0.7522056698799133,0.20800232887268066,0.21972323954105377,0.6283539533615112,0.7511700391769409,0.34213024377822876,0.016134334728121758,0.7646015882492065,0.7276406288146973,0.5118785500526428,0.45469531416893005,0.7199415564537048,0.7357008457183838,0.6469773054122925,0.04120557755231857,0.7904225587844849,0.6919389963150024,0.5395385026931763,0.4326905310153961,0.7387821674346924,0.6996342539787292,0.6814404726028442,0.08488277345895767,0.7739657759666443,0.8266953229904175,0.4681178629398346,0.5278146862983704,0.7133163213729858,0.8089460730552673,0.6592026352882385,0.1284974217414856
0.24335472285747528,0.8535188436508179,-0.4525357782840729,0.9923631548881531,0.24003657698631287,0.8248634934425354,-0.47646069526672363,0.9919578433036804,0.24498732388019562,0.8179962038993835,-0.47683224081993103,0.9911244511604309,0.2500767707824707,0.8108500838279724,-0.4764954447746277,0.9931681156158447,0.22981245815753937,0.8304225206375122,-0.4471861720085144,0.9930838942527771,0.22657819092273712,0.827761173248291,-0.4479372501373291,0.9945278763771057,0.22249451279640198,0.8249934911727905,-0.44819775223731995,0.9963940978050232,0.27053359150886536,0.7594696879386902,-0.4840102791786194,0.9952185153961182,0.22839875519275665,0.7808218002319336,-0.3539958894252777,0.9928582906723022,0.26676151156425476,0.8428374528884888,-0.4401821196079254,0.9939820766448975,0.2547934651374817,0.853990912437439,-0.40579408407211304,0.9925912022590637,0.39183422923088074,0.6986435651779175,-0.4085390567779541,0.9996129870414734,0.2698618769645691,0.6819970011711121,-0.21856705844402313,0.9994893074035645,0.5629670023918152,0.6158348321914673,-0.31598007678985596,0.9840245842933655,0.3545626401901245,0.6410207152366638,-0.04814297333359718,0.09060780704021454,0.5623733401298523,0.8579083681106567,-0.26020002365112305,0.9204369783401489,0.35306626558303833,0.8112937211990356,-0.013159021735191345,0.3202785849571228,0.5551341772079468,0.893680214881897,-0.2893272638320923,0.8827759623527527,0.3264697194099426,0.830682635307312,-0.02882758155465126,0.33490386605262756,0.5347662568092346,0.8845321536064148,-0.30405744910240173,0.8969430923461914,0.32767221331596375,0.8412860631942749,-0.05857440084218979,0.3431546986103058,0.5343605279922485,0.8742644190788269,-0.2627863585948944,0.8445046544075012,0.3443617820739746,0.8337392807006836,-0.027148252353072166,0.3298625648021698,0.5926249623298645,0.7366065979003906,-0.08467335999011993,0.9997262954711914,0.5167705416679382,0.7214426398277283,0.08443143963813782,0.9996079206466675,0.6824172735214233,0.7491362690925598,0.2102227509021759,0.22226564586162567,0.6334087252616882,0.7488670349121094,0.32647842168807983,0.01542090903967619,0.7648187875747681,0.7270744442939758,0.5060967206954956,0.4534842073917389,0.7200984358787537,0.7353953123092651,0.6196749806404114,0.040223103016614914,0.7906080484390259,0.6902924180030823,0.5324822068214417,0.43634313344955444,0.7368121147155762,0.6995314955711365,0.6531625986099243,0.0857781246304512,0.7745290994644165,0.8259850144386292,0.4596230983734131,0.5282822251319885,0.7206957340240479,0.8089047074317932,0.648649275302887,0.1272224336862564
0.23770244419574738,0.8430237770080566,-0.44239431619644165,0.9925047159194946,0.23441079258918762,0.8143647313117981,-0.4642299711704254,0.9921577572822571,0.23937568068504333,0.8066014647483826,-0.46460479497909546,0.9912998080253601,0.24437765777111053,0.7986016869544983,-0.4642929136753082,0.9933022856712341,0.22503671050071716,0.8242068886756897,-0.4356025755405426,0.9933160543441772,0.22268526256084442,0.824725866317749,-0.4363531172275543,0.9947314262390137,0.2196510136127472,0.8239997029304504,-0.4366248548030853,0.9965341091156006,0.2670908570289612,0.7521045207977295,-0.47300776839256287,0.9952353835105896,0.23008453845977783,0.7720533609390259,-0.3450462520122528,0.9931262135505676,0.2632856070995331,0.8301557898521423,-0.43156570196151733,0.9940884709358215,0.253958523273468,0.846321165561676,-0.3978569805622101,0.9928293228149414,0.39160341024398804,0.6905218958854675,-0.4049103856086731,0.9996038675308228,0.27562442421913147,0.6745670437812805,-0.2121300995349884,0.9995094537734985,0.5695378184318542,0.6154953837394714,-0.3235400319099426,0.9844406843185425,0.3642802834510803,0.6499667167663574,-0.04383353516459465,0.08482681214809418,0.5624688267707825,0.8567932844161987,-0.278493195772171,0.920654833316803,0.3528103232383728,0.8169803023338318,-0.017102178186178207,0.3046339750289917,0.5548201203346252,0.8930631875991821,-0.30965617299079895,0.8834654092788696,0.32229742407798767,0.8423222303390503,-0.03456107899546623,0.3238750696182251,0.5347439050674438,0.8845387697219849,-0.3234245181083679,0.8975862860679626,0.3241749405860901,0.8494459390640259,-0.06532396376132965,0.33391740918159485,0.5344539880752563,0.8742766380310059,-0.2809620499610901,0.8443906903266907,0.3409871757030487,0.8408962488174438,-0.031638484448194504,0.31812018156051636,0.5970681309700012,0.7356109023094177,-0.08442691713571548,0.9997307062149048,0.5247126221656799,0.7186774611473083,0.08418335765600204,0.9996181726455688,0.6831595301628113,0.7460790276527405,0.2150535136461258,0.22187037765979767,0.6373312473297119,0.7478044033050537,0.3204832971096039,0.014735518023371696,0.7649795413017273,0.7269937992095947,0.507853627204895,0.44953638315200806,0.720147967338562,0.7350708246231079,0.6038808822631836,0.039213113486766815,0.7909685373306274,0.6904807090759277,0.5333527326583862,0.4348682463169098,0.7370452880859375,0.6986557245254517,0.6357165575027466,0.08582323789596558,0.7747713327407837,0.8258845210075378,0.4633958339691162,0.5261017084121704,0.7251318693161011,0.8089264035224915,0.6239911317825317,0.12606839835643768
0.23621562123298645,0.7875137329101562,-0.42631664872169495,0.9926024079322815,0.23364463448524475,0.7588111162185669,-0.4480922222137451,0.9923331141471863,0.23860426247119904,0.7517964839935303,-0.44847050309181213,0.991431474685669,0.24366112053394318,0.7429665327072144,-0.44816160202026367,0.9933980107307434,0.22519266605377197,0.7610872983932495,-0.419095516204834,0.9935538172721863,0.223257377743721,0.7564952373504639,-0.4198670983314514,0.9949349761009216,0.22046920657157898,0.7505173683166504,-0.42015427350997925,0.9966890215873718,0.2677205204963684,0.6910416483879089,-0.46318936347961426,0.995179295539856,0.2365867644548416,0.6948787569999695,-0.33376094698905945,0.993461549282074,0.2603225111961365,0.7836360335350037,-0.41864848136901855,0.9942904114723206,0.25344589352607727,0.7903665900230408,-0.38450562953948975,0.9932039380073547,0.39791345596313477,0.639159619808197,-0.39896872639656067,0.9996036887168884,0.2874850928783417,0.637751579284668,-0.20395371317863464,0.9995439648628235,0.5768791437149048,0.6145023107528687,-0.3196566700935364,0.9850581288337708,0.3637188673019409,0.6498345136642456,-0.01752825453877449,0.08214940130710602,0.5623376369476318,0.8567505478858948,-0.27980080246925354,0.9254215359687805,0.35261812806129456,0.8227577209472656,0.014319357462227345,0.3265817165374756,0.5540633201599121,0.8930668234825134,-0.31171855330467224,0.8899115324020386,0.32123497128486633,0.8474459052085876,-0.0037215338088572025,0.3484254777431488,0.5339292287826538,0.8845873475074768,-0.3271954655647278,0.9032790660858154,0.3243013024330139,0.8531853556632996,-0.03779144585132599,0.3614353835582733,0.5332714915275574,0.8746989965438843,-0.2831200361251831,0.8517083525657654,0.34093761444091797,0.8464168906211853,-0.0011442655231803656,0.33936503529548645,0.6006616353988647,0.7112323045730591,-0.08436785638332367,0.9997254014015198,0.5255092978477478,0.7043632864952087,0.0841255858540535,0.9996215105056763,0.6845620274543762,0.7320337295532227,0.2260822355747223,0.21459005773067474,0.6360560655593872,0.7412891983985901,0.32060176134109497,0.013744352385401726,0.765751302242279,0.7253012657165527,0.5171028971672058,0.43341556191444397,0.7188248634338379,0.7281028032302856,0.6122690439224243,0.036538589745759964,0.7919618487358093,0.6906293034553528,0.5421890020370483,0.4226329028606415,0.7342325448989868,0.6943918466567993,0.6451912522315979,0.08129105716943741,0.7749131917953491,0.8267655372619629,0.474551260471344,0.5124911665916443,0.725104808807373,0.8084441423416138,0.6308780312538147,0.11956106126308441
0.23663648962974548,0.6995687484741211,-0.4263097643852234,0.9925404191017151,0.23387232422828674,0.6633402705192566,-0.4466233253479004,0.9922335743904114,0.2388458549976349,0.6566343307495117,-0.44698938727378845,0.9912084937095642,0.2440963089466095,0.6487403512001038,-0.4466714859008789,0.9931445121765137,0.22438588738441467,0.6636630296707153,-0.41769304871559143,0.9936277866363525,0.22163879871368408,0.6585572361946106,-0.4184545576572418,0.9950543642044067,0.2184547483921051,0.6535829901695251,-0.4187559187412262,0.996782660484314,0.26808953285217285,0.5951559543609619,-0.46029505133628845,0.9948499798774719,0.2373218536376953,0.6068249940872192,-0.33210137486457825,0.993762195110321,0.26031479239463806,0.6971502900123596,-0.41843557357788086,0.994213879108429,0.2519500255584717,0.7050819993019104,-0.38457638025283813,0.9934383034706116,0.4104049801826477,0.6041088104248047,-0.39983129501342773,0.9995613098144531,0.29967251420021057,0.5684675574302673,-0.20354890823364258,0.9995654225349426,0.5777883529663086,0.6135278344154358,-0.3258836567401886,0.9850834012031555,0.3638845384120941,0.6482935547828674,-0.017008252441883087,0.08665818721055984,0.5630158185958862,0.8582590818405151,-0.289409339427948,0.9286801218986511,0.3525063097476959,0.8262507915496826,0.013166151940822601,0.359173446893692,0.5530053377151489,0.8937388062477112,-0.32733505964279175,0.8947120308876038,0.3200923800468445,0.8482728004455566,-0.004549600649625063,0.3806537389755249,0.5309114456176758,0.8856919407844543,-0.34276750683784485,0.9073436856269836,0.32459649443626404,0.8542746901512146,-0.0387415811419487,0.39611855149269104,0.5308201909065247,0.8762156963348389,-0.29373544454574585,0.8564644455909729,0.34110620617866516,0.8487570285797119,-0.001925525488331914,0.3695778250694275,0.6045976281166077,0.6808696985244751,-0.08501745760440826,0.999710202217102,0.5294409394264221,0.6607920527458191,0.08476878702640533,0.9996057748794556,0.6915478110313416,0.7120246291160583,0.2330176830291748,0.2100272923707962,0.5468887090682983,0.685414731502533,0.37005969882011414,0.012707134708762169,0.7683702707290649,0.7220023274421692,0.5464489459991455,0.42348983883857727,0.6321971416473389,0.675331175327301,0.7106381058692932,0.03385576605796814,0.7923012971878052,0.69074547290802,0.5757409334182739,0.4171430468559265,0.651176929473877,0.657429575920105,0.7492367029190063,0.07658372074365616,0.7752362489700317,0.8268381953239441,0.5133326649665833,0.5002168416976929,0.6071117520332336,0.7659576535224915,0.7526425719261169,0.11212509870529175
0.2369081676006317,0.6238136887550354,-0.4304109513759613,0.9926184415817261,0.23527595400810242,0.5886498689651489,-0.45168471336364746,0.9922672510147095,0.2401849776506424,0.5820895433425903,-0.45207101106643677,0.9912750124931335,0.24551454186439514,0.5749230980873108,-0.4517737030982971,0.9930993318557739,0.2264365702867508,0.5904029607772827,-0.4230838418006897,0.9937480688095093,0.22461438179016113,0.5860327482223511,-0.4238535463809967,0.9952207803726196,0.22260913252830505,0.5822243690490723,-0.4241522252559662,0.9968730807304382,0.2764817774295807,0.5210068225860596,-0.46715521812438965,0.9948400855064392,0.2460630238056183,0.5430595278739929,-0.3393419086933136,0.9940720200538635,0.2610200047492981,0.6215686202049255,-0.4229702055454254,0.9943729639053345,0.2520909905433655,0.6259642839431763,-0.38939031958580017,0.9937902092933655,0.4278048574924469,0.5476028919219971,-0.40451186895370483,0.9995583891868591,0.301481693983078,0.5254223346710205,-0.205931156873703,0.9995956420898438,0.5828291177749634,0.6095719337463379,-0.35097262263298035,0.9856629967689514,0.3567582368850708,0.6450139284133911,-0.043467503041028976,0.08512181788682938,0.5655483603477478,0.8600829839706421,-0.3538731336593628,0.9348778128623962,0.3524056077003479,0.8318736553192139,-0.08791953325271606,0.41162610054016113,0.552545964717865,0.8953832983970642,-0.4005935788154602,0.9040720462799072,0.31889691948890686,0.8535890579223633,-0.11648042500019073,0.43408042192459106,0.5304035544395447,0.8859192728996277,-0.4128324091434479,0.915621280670166,0.3241726756095886,0.855753481388092,-0.1515095978975296,0.44943395256996155,0.530861496925354,0.8762593865394592,-0.3577820658683777,0.8687779307365417,0.34089165925979614,0.8509664535522461,-0.10543523728847504,0.4227112829685211,0.6067173480987549,0.6436764001846313,-0.08204899728298187,0.9996956586837769,0.5305235385894775,0.6207093596458435,0.0817347839474678,0.9995992183685303,0.6968650221824646,0.689064085483551,0.22962947189807892,0.20329950749874115,0.5716546773910522,0.6765719652175903,0.3583693504333496,0.011991655454039574,0.7684038281440735,0.7177309393882751,0.5358670353889465,0.4145476222038269,0.6624066233634949,0.685304582118988,0.6730293035507202,0.032390475273132324,0.7922773957252502,0.6917679309844971,0.5630429983139038,0.40970879793167114,0.6830266714096069,0.6638510227203369,0.70801842212677,0.07434934377670288,0.7745611071586609,0.8247325420379639,0.4938430190086365,0.4940054416656494,0.6528748273849487,0.7849207520484924,0.6947388052940369,0.10884397476911545
0.26001304388046265,0.5485904812812805,-0.4597856402397156,0.9929420351982117,0.257377564907074,0.5156464576721191,-0.4826943278312683,0.9925251603126526,0.2633206248283386,0.5069019794464111,-0.48310643434524536,0.991612434387207,0.2700808048248291,0.4982440173625946,-0.4828181862831116,0.9932553768157959,0.2491518259048462,0.5203316807746887,-0.45492830872535706,0.9940505623817444,0.24831119179725647,0.5175139307975769,-0.45577579736709595,0.995513379573822,0.24739131331443787,0.5146750807762146,-0.4561813473701477,0.9970542788505554,0.2992008924484253,0.4528428912162781,-0.5019067525863647,0.9949721693992615,0.27090734243392944,0.472817987203598,-0.37877291440963745,0.9945151805877686,0.2859577238559723,0.5457870960235596,-0.45310670137405396,0.9946131110191345,0.27758100628852844,0.5519332885742188,-0.4203872084617615,0.9942246079444885,0.44834327697753906,0.4657632112503052,-0.44805559515953064,0.9995514154434204,0.31215792894363403,0.4886763393878937,-0.23998430371284485,0.9996284246444702,0.5835086107254028,0.610683798789978,-0.4046056270599365,0.9864697456359863,0.34534186124801636,0.6515315175056458,-0.12372497469186783,0.09735290706157684,0.5669583082199097,0.8648824095726013,-0.4113255441188812,0.9408472776412964,0.35167214274406433,0.8346694111824036,-0.19727107882499695,0.4661442041397095,0.552603006362915,0.8983164429664612,-0.4658646583557129,0.9129971265792847,0.3158823251724243,0.8549562096595764,-0.23071694374084473,0.48694896697998047,0.5300548076629639,0.8857343792915344,-0.48016661405563354,0.9235216379165649,0.32297876477241516,0.8576005101203918,-0.26679474115371704,0.5015021562576294,0.5308539867401123,0.8759584426879883,-0.4173862040042877,0.8807290196418762,0.34021100401878357,0.8530030846595764,-0.21564939618110657,0.47614744305610657,0.6063894033432007,0.5800113081932068,-0.07978407293558121,0.9996947646141052,0.5301799774169922,0.5854409337043762,0.07947760820388794,0.9996128082275391,0.6977990865707397,0.6690042614936829,0.2284872829914093,0.2084330916404724,0.5881327986717224,0.653808057308197,0.3542228937149048,0.012528607621788979,0.7679513692855835,0.7110100984573364,0.531926691532135,0.42090845108032227,0.6744656562805176,0.6698123812675476,0.6606264114379883,0.034042246639728546,0.7912812829017639,0.6907299160957336,0.5578559637069702,0.4092365801334381,0.7073580026626587,0.6670334935188293,0.6947898864746094,0.07640966773033142,0.7737681865692139,0.8211377263069153,0.48582935333251953,0.5020280480384827,0.6681877374649048,0.787111759185791,0.689010739326477,0.11441091448068619
0.2700612246990204,0.47566232085227966,-0.47353267669677734,0.9923915863037109,0.26935452222824097,0.4423004686832428,-0.49603551626205444,0.9914253950119019,0.2751745283603668,0.43606746196746826,-0.49648165702819824,0.9906193017959595,0.28171828389167786,0.43006181716918945,-0.49620968103408813,0.9920214414596558,0.26154011487960815,0.44608497619628906,-0.4696890711784363,0.9935942888259888,0.26094162464141846,0.4438372850418091,-0.4705289304256439,0.9954122304916382,0.2602648138999939,0.4417910575866699,-0.47097405791282654,0.9969696998596191,0.3114209771156311,0.39232733845710754,-0.5123213529586792,0.9940174221992493,0.28612178564071655,0.40424826741218567,-0.39561522006988525,0.9946204423904419,0.2944703698158264,0.47964850068092346,-0.4658595621585846,0.9940484166145325,0.28551822900772095,0.48498421907424927,-0.4348680078983307,0.9942587614059448,0.45201000571250916,0.4199688732624054,-0.4662519097328186,0.9995067715644836,0.3160605728626251,0.4353317618370056,-0.2548677325248718,0.9996549487113953,0.5818350315093994,0.6098085045814514,-0.4352261424064636,0.9851688146591187,0.3456704616546631,0.6396080255508423,-0.17798617482185364,0.1020960807800293,0.5668895244598389,0.8661624193191528,-0.4482601284980774,0.9448103308677673,0.3522949814796448,0.8355738520622253,-0.29738903045654297,0.5146224498748779,0.5517571568489075,0.9031913876533508,-0.5047528147697449,0.919877290725708,0.31660693883895874,0.8557084798812866,-0.33675581216812134,0.534528911113739,0.5299910306930542,0.8858941197395325,-0.5181723237037659,0.9297375679016113,0.3232162892818451,0.8575375080108643,-0.372955858707428,0.5484154224395752,0.5309297442436218,0.8759680986404419,-0.45435866713523865,0.8896723389625549,0.3428760766983032,0.8529221415519714,-0.3171217143535614,0.5242540240287781,0.6070939302444458,0.5484386086463928,-0.07595685124397278,0.999688446521759,0.5318741798400879,0.559885561466217,0.07565948367118835,0.9996259212493896,0.698161244392395,0.6523407697677612,0.2277752161026001,0.1966048777103424,0.6327868700027466,0.6489554643630981,0.3219265341758728,0.012132419273257256,0.7679120302200317,0.7111316919326782,0.5283259153366089,0.4060298502445221,0.7193137407302856,0.6764035820960999,0.5910204648971558,0.034015074372291565,0.7904961109161377,0.6960203647613525,0.5547205209732056,0.3945176601409912,0.7596484422683716,0.6872979402542114,0.6197029948234558,0.07492265105247498,0.7742286920547485,0.814099907875061,0.46782058477401733,0.4913591742515564,0.7167558670043945,0.7845326662063599,0.5610009431838989,0.11440121382474899
0.28823432326316833,0.4192957580089569,-0.49750009179115295,0.991966187953949,0.28640544414520264,0.38374942541122437,-0.518129825592041,0.9906787276268005,0.2924424707889557,0.3766733705997467,-0.5186017751693726,0.9899078607559204,0.29853227734565735,0.37069040536880493,-0.5183610320091248,0.9911205768585205,0.2776210606098175,0.38842636346817017,-0.4946081042289734,0.9932923316955566,0.2766196131706238,0.3866623044013977,-0.49544161558151245,0.9953500032424927,0.2755684554576874,0.38532477617263794,-0.4959142208099365,0.9969177842140198,0.3253229260444641,0.3366003930568695,-0.5230733156204224,0.9933297634124756,0.2998262047767639,0.3527877628803253,-0.419787734746933,0.9947651028633118,0.31191208958625793,0.4251113831996918,-0.48563408851623535,0.9935204386711121,0.30167609453201294,0.4307255744934082,-0.45848068594932556,0.9943052530288696,0.4648343622684479,0.3830590546131134,-0.48218995332717896,0.9994496703147888,0.3256149888038635,0.4006647765636444,-0.2832964062690735,0.9996774196624756,0.5744614601135254,0.6096875071525574,-0.4514215886592865,0.9853249192237854,0.3465356230735779,0.6144323348999023,-0.21691298484802246,0.1274932324886322,0.566857099533081,0.8660204410552979,-0.4594114422798157,0.9493281841278076,0.3522593379020691,0.8352175951004028,-0.33500492572784424,0.5610700845718384,0.5532549023628235,0.902651309967041,-0.5157421827316284,0.9268249869346619,0.31711241602897644,0.855480968952179,-0.3738693594932556,0.5791200399398804,0.5313162207603455,0.8861483931541443,-0.5321642160415649,0.935930073261261,0.3233017325401306,0.8575007915496826,-0.4139167368412018,0.5920862555503845,0.5318857431411743,0.8764375448226929,-0.4670739769935608,0.8990160226821899,0.34397092461586,0.8528026342391968,-0.35612472891807556,0.5696501135826111,0.6104321479797363,0.5319157242774963,-0.0711742639541626,0.9996880292892456,0.5313387513160706,0.5456864833831787,0.07089167088270187,0.9996398687362671,0.6989715099334717,0.6392625570297241,0.22442805767059326,0.2033749222755432,0.6327306032180786,0.6544011235237122,0.2956475615501404,0.013942304998636246,0.7695571184158325,0.7114017009735107,0.5020185708999634,0.41997119784355164,0.715774655342102,0.7078174352645874,0.5775486826896667,0.03828219324350357,0.7908033132553101,0.6989632248878479,0.5236331224441528,0.3981330394744873,0.7505201697349548,0.7105677723884583,0.6081275343894958,0.07826050370931625,0.7752971649169922,0.8144206404685974,0.4245658814907074,0.5056535005569458,0.719241738319397,0.7859174013137817,0.551480770111084,0.12407106906175613
0.3060426115989685,0.3851841390132904,-0.49969902634620667,0.9908251762390137,0.301841676235199,0.3473944067955017,-0.5216899514198303,0.9884845614433289,0.3068689703941345,0.34029045701026917,-0.5221623182296753,0.9878411889076233,0.3121265172958374,0.33339497447013855,-0.521942675113678,0.9885872006416321,0.2937302887439728,0.35333290696144104,-0.4976809024810791,0.9923211336135864,0.29267340898513794,0.3509973883628845,-0.4984845221042633,0.9949982166290283,0.29145997762680054,0.3492806553840637,-0.49894213676452637,0.9966716766357422,0.33589860796928406,0.29628390073776245,-0.5301206111907959,0.9915159940719604,0.3101784884929657,0.31838640570640564,-0.42487627267837524,0.9947052597999573,0.3298972249031067,0.38700568675994873,-0.4887610077857971,0.9921544790267944,0.318543016910553,0.3938720226287842,-0.46080464124679565,0.9940268397331238,0.46919679641723633,0.3423722982406616,-0.5006030797958374,0.9993751049041748,0.3393322825431824,0.3947015106678009,-0.2874860167503357,0.9996976256370544,0.5593127608299255,0.6041575074195862,-0.48454514145851135,0.9843347668647766,0.3492426872253418,0.6173905730247498,-0.22689202427864075,0.1440741866827011,0.5668801069259644,0.8646726012229919,-0.4957945942878723,0.9527908563613892,0.3522253930568695,0.8363868594169617,-0.3526412844657898,0.603209376335144,0.553332507610321,0.9022696614265442,-0.5570579767227173,0.9327964782714844,0.31732267141342163,0.8559931516647339,-0.39281007647514343,0.6198614239692688,0.5312238931655884,0.8861657977104187,-0.5723133087158203,0.9413213133811951,0.3238619267940521,0.858070969581604,-0.4369494915008545,0.6318852305412292,0.531893789768219,0.8764562606811523,-0.5039025545120239,0.907067060470581,0.34495505690574646,0.8534666895866394,-0.3758576214313507,0.611179769039154,0.6195265054702759,0.5150928497314453,-0.07144616544246674,0.9996688365936279,0.5408918261528015,0.5354368686676025,0.07117316871881485,0.9996430277824402,0.7047879695892334,0.6313871145248413,0.2223280370235443,0.1918375939130783,0.6465694308280945,0.6526860594749451,0.30486398935317993,0.013406147249042988,0.7714846134185791,0.711265504360199,0.49230846762657166,0.4052859842777252,0.740037739276886,0.708836555480957,0.575472891330719,0.03704088553786278,0.7935352325439453,0.7048132419586182,0.5129355192184448,0.38909924030303955,0.7645182609558105,0.7078199982643127,0.6038577556610107,0.07606766372919083,0.7772458791732788,0.8142238259315491,0.41479092836380005,0.49752649664878845,0.7326454520225525,0.7868441343307495,0.5369008779525757,0.12144416570663452
0.3080299198627472,0.36219796538352966,-0.5127497911453247,0.9903215765953064,0.3042968809604645,0.3256058990955353,-0.5332982540130615,0.9874041080474854,0.30904659628868103,0.3184753954410553,-0.5337507724761963,0.9867848753929138,0.31412273645401,0.3116457760334015,-0.5335705280303955,0.9873300790786743,0.29690903425216675,0.33013901114463806,-0.5108610987663269,0.9919497966766357,0.29547807574272156,0.3279573321342468,-0.5116326212882996,0.9949023127555847,0.29367661476135254,0.3261374235153198,-0.5120726823806763,0.99662184715271,0.34101396799087524,0.2723890244960785,-0.5363984704017639,0.9907915592193604,0.31288373470306396,0.293205201625824,-0.43799763917922974,0.994848370552063,0.33002108335494995,0.3659684956073761,-0.5000973343849182,0.991847038269043,0.3209247887134552,0.3742646872997284,-0.47421902418136597,0.9941579699516296,0.4736465513706207,0.33849573135375977,-0.5079973936080933,0.9993501901626587,0.3441244065761566,0.3822091519832611,-0.2943269908428192,0.9997193217277527,0.5517082214355469,0.6038306951522827,-0.499955952167511,0.983644425868988,0.3509160578250885,0.6156671047210693,-0.22954845428466797,0.16295023262500763,0.566368818283081,0.8643226027488708,-0.5192424058914185,0.956027626991272,0.35379281640052795,0.8371333479881287,-0.3491128087043762,0.6411613821983337,0.552693784236908,0.9022166728973389,-0.5805976986885071,0.938215434551239,0.3174225687980652,0.8581086993217468,-0.3879038691520691,0.6565354466438293,0.5310322046279907,0.886378288269043,-0.5938150882720947,0.9461902976036072,0.3250945210456848,0.8597550988197327,-0.43204861879348755,0.6676955819129944,0.5318384170532227,0.8765015602111816,-0.5265486836433411,0.914364218711853,0.34645694494247437,0.855115532875061,-0.37205392122268677,0.6485549211502075,0.6206424236297607,0.5114914178848267,-0.0716472640633583,0.999667763710022,0.5409676432609558,0.526158332824707,0.07138286530971527,0.9996576309204102,0.7076224088668823,0.6244070529937744,0.22040598094463348,0.18976522982120514,0.6572256088256836,0.6456361413002014,0.30585741996765137,0.013785268180072308,0.7743963599205017,0.7113069891929626,0.48864689469337463,0.41403380036354065,0.7521296739578247,0.7097365260124207,0.5684352517127991,0.038965340703725815,0.7958402037620544,0.7108385562896729,0.5090862512588501,0.39621835947036743,0.7750367522239685,0.7079710960388184,0.5957604646682739,0.07793162018060684,0.7764800190925598,0.8142633438110352,0.401517391204834,0.5126935839653015,0.7415700554847717,0.7874851822853088,0.5147482752799988,0.12882454693317413
0.31016767024993896,0.3381391167640686,-0.5130115747451782,0.9905247092247009,0.30741623044013977,0.3000158667564392,-0.533156156539917,0.9874629378318787,0.3120157718658447,0.29308879375457764,-0.5335997343063354,0.98688143491745,0.31695979833602905,0.2858068645000458,-0.5334295630455017,0.987337052822113,0.30012065172195435,0.30402281880378723,-0.5110146403312683,0.9921212196350098,0.298725962638855,0.3012477159500122,-0.511764407157898,0.9950675368309021,0.2969650328159332,0.298591285943985,-0.5121775269508362,0.9967341423034668,0.3452860713005066,0.24600912630558014,-0.5365560054779053,0.9908861517906189,0.31820645928382874,0.26208823919296265,-0.4396098256111145,0.9951268434524536,0.33260902762413025,0.3422686755657196,-0.5007801055908203,0.9920349717140198,0.32419952750205994,0.35089632868766785,-0.4752580225467682,0.9944620728492737,0.4758175313472748,0.32755935192108154,-0.514024555683136,0.999351441860199,0.34754741191864014,0.3635713756084442,-0.2915647625923157,0.9997386932373047,0.5413652658462524,0.6043325066566467,-0.49995356798171997,0.9836531281471252,0.353654682636261,0.6088153123855591,-0.22369322180747986,0.19010932743549347,0.5663377642631531,0.8642756342887878,-0.5080946087837219,0.9593091607093811,0.3556162118911743,0.8353046774864197,-0.3376232385635376,0.6754900813102722,0.5510590672492981,0.9012054204940796,-0.5686205625534058,0.9433413743972778,0.3175124228000641,0.8579603433609009,-0.3739834427833557,0.6895644068717957,0.5310313105583191,0.8867632746696472,-0.58240807056427,0.9507613778114319,0.3262627124786377,0.8580973148345947,-0.4200284481048584,0.6999421119689941,0.5319796800613403,0.8769411444664001,-0.5153590440750122,0.9212819337844849,0.3470950722694397,0.8531512022018433,-0.3612622320652008,0.682213306427002,0.6238319873809814,0.48804113268852234,-0.07195936143398285,0.9996693730354309,0.5404757857322693,0.5044810175895691,0.07169881463050842,0.9996713995933533,0.7118496894836426,0.6133309006690979,0.20873789489269257,0.1971503347158432,0.658206582069397,0.6362469792366028,0.2891087532043457,0.01518779806792736,0.7788053154945374,0.7114031314849854,0.46447139978408813,0.434659481048584,0.7566522359848022,0.7105097770690918,0.5451313853263855,0.043036676943302155,0.8009904026985168,0.7163925766944885,0.48345765471458435,0.41242602467536926,0.7794238328933716,0.7097780704498291,0.5719451308250427,0.08200937509536743,0.7756170630455017,0.8142246603965759,0.37469810247421265,0.5359849333763123,0.7386131286621094,0.787921130657196,0.49295204877853394,0.1417161375284195
0.31528419256210327,0.31844618916511536,-0.5135592222213745,0.9911667704582214,0.31243473291397095,0.28036195039749146,-0.5317262411117554,0.9883713722229004,0.31743311882019043,0.27310696244239807,-0.5321958065032959,0.987775444984436,0.3231089413166046,0.2652449905872345,-0.5320385098457336,0.9882329702377319,0.30455920100212097,0.28466129302978516,-0.5115906596183777,0.9926902651786804,0.3027248978614807,0.282513827085495,-0.5123224854469299,0.9954110980033875,0.30058422684669495,0.28048375248908997,-0.5127444863319397,0.9969626665115356,0.3530880808830261,0.22681619226932526,-0.5324087142944336,0.9915727376937866,0.32214537262916565,0.24768854677677155,-0.44463449716567993,0.995521605014801,0.3379553258419037,0.32397598028182983,-0.5011574029922485,0.9925504922866821,0.32839250564575195,0.3337963819503784,-0.4787936806678772,0.9948596954345703,0.47970810532569885,0.3219631314277649,-0.5112491250038147,0.9993628263473511,0.35167813301086426,0.3626965284347534,-0.3099866509437561,0.9997475743293762,0.5368200540542603,0.6034864187240601,-0.5086327791213989,0.9839071035385132,0.35572516918182373,0.6099376678466797,-0.24836011230945587,0.23774488270282745,0.5663178563117981,0.8639016151428223,-0.5255013108253479,0.9621781706809998,0.3556351959705353,0.8352494239807129,-0.3524685502052307,0.705327033996582,0.5496736764907837,0.8993919491767883,-0.5829058885574341,0.947389543056488,0.3179470896720886,0.8578163981437683,-0.389530748128891,0.7172950506210327,0.5309036374092102,0.8867847919464111,-0.5982544422149658,0.9543078541755676,0.3269517421722412,0.8580312132835388,-0.43370717763900757,0.7274529337882996,0.5320743322372437,0.8769630193710327,-0.5334894061088562,0.9263279438018799,0.3470472991466522,0.8533852696418762,-0.37510713934898376,0.710313618183136,0.6249242424964905,0.4794650077819824,-0.06052090600132942,0.9996821880340576,0.5397962331771851,0.49058371782302856,0.06035400182008743,0.9996863603591919,0.7129157781600952,0.6087609529495239,0.28413233160972595,0.2561022937297821,0.42118000984191895,0.6370157599449158,0.12137392908334732,0.05430178344249725,0.7798298001289368,0.7114211320877075,0.5923050045967102,0.4845236837863922,0.5328797101974487,0.694331169128418,0.37124353647232056,0.07720077037811279,0.8010827898979187,0.7155293226242065,0.6184576153755188,0.45032820105552673,0.5558117628097534,0.6876826882362366,0.39996761083602905,0.10859169811010361,0.7747159004211426,0.8141854405403137,0.5270787477493286,0.5742155909538269,0.5208308696746826,0.7733407616615295,0.3533380925655365,0.18925029039382935
0.32027098536491394,0.3183968961238861,-0.5213234424591064,0.9918810129165649,0.3179144263267517,0.2786679267883301,-0.5370545983314514,0.989320695400238,0.3232627511024475,0.2716337740421295,-0.5375121235847473,0.9887516498565674,0.3294264078140259,0.26370513439178467,-0.5373566746711731,0.9891594648361206,0.30885568261146545,0.2844124734401703,-0.5182916522026062,0.9933014512062073,0.30637529492378235,0.28259095549583435,-0.5190332531929016,0.9957990646362305,0.3036171793937683,0.2810307443141937,-0.5194589495658875,0.9972195625305176,0.3575809895992279,0.22349315881729126,-0.5304804444313049,0.9922653436660767,0.32283341884613037,0.24886833131313324,-0.4474610686302185,0.995923638343811,0.34189140796661377,0.3245948255062103,-0.5059295892715454,0.9931389093399048,0.33120647072792053,0.3350013792514801,-0.4851132035255432,0.9953022003173828,0.48164883255958557,0.31903374195098877,-0.5078364610671997,0.9993718266487122,0.35328972339630127,0.3630729615688324,-0.3119070827960968,0.9997633695602417,0.5350960493087769,0.5962857604026794,-0.509515643119812,0.9841952323913574,0.35860878229141235,0.6113899350166321,-0.2510696053504944,0.28564146161079407,0.5662667751312256,0.8644166588783264,-0.5372680425643921,0.9649428725242615,0.3559069037437439,0.8357753157615662,-0.3550892472267151,0.7335216999053955,0.5488845705986023,0.8989895582199097,-0.5991536974906921,0.9514879584312439,0.3194667100906372,0.8577229976654053,-0.39210963249206543,0.7441460490226746,0.5306263566017151,0.8867928385734558,-0.6121224761009216,0.957932710647583,0.3279859721660614,0.858045220375061,-0.4338843822479248,0.7536439299583435,0.5320860147476196,0.8770923018455505,-0.54501873254776,0.9318385124206543,0.3472178876399994,0.8538007736206055,-0.37652406096458435,0.7377178072929382,0.6249154806137085,0.46894127130508423,-0.06145785003900528,0.9996989965438843,0.5400628447532654,0.48480644822120667,0.061244767159223557,0.9997058510780334,0.711767852306366,0.6040893793106079,0.283097505569458,0.304753839969635,0.5306026339530945,0.6282522082328796,0.18810635805130005,0.06660056859254837,0.7795892953872681,0.7105761766433716,0.5557900667190552,0.5237220525741577,0.5430052876472473,0.6914244890213013,0.5244796276092529,0.0884484127163887,0.8007321357727051,0.7147213220596313,0.5802468061447144,0.47931191325187683,0.6129031777381897,0.6793384552001953,0.5632948875427246,0.12022172659635544,0.7756860852241516,0.8142983317375183,0.45132526755332947,0.6065196394920349,0.5855340957641602,0.7570939064025879,0.5138039588928223,0.21500073373317719
0.3193390369415283,0.3224990963935852,-0.5162513852119446,0.9925424456596375,0.31765255331993103,0.28180089592933655,-0.5364998579025269,0.9901922345161438,0.3225279152393341,0.27507495880126953,-0.5369641184806824,0.9896517395973206,0.3281383514404297,0.2680909335613251,-0.536704421043396,0.9900233149528503,0.30904972553253174,0.28782638907432556,-0.5134555101394653,0.9938621520996094,0.30666881799697876,0.28629833459854126,-0.5142334699630737,0.9961540699005127,0.3040531277656555,0.28496408462524414,-0.5146473050117493,0.9974560737609863,0.35649585723876953,0.22877562046051025,-0.5270904302597046,0.9928943514823914,0.3228282928466797,0.2537267804145813,-0.4379749894142151,0.9962844252586365,0.33980128169059753,0.33052125573158264,-0.5016881227493286,0.9936871528625488,0.32993635535240173,0.3407152593135834,-0.47705307602882385,0.9957084655761719,0.48135972023010254,0.31910982728004456,-0.5040568113327026,0.9993934631347656,0.35437533259391785,0.36140042543411255,-0.30067965388298035,0.999779462814331,0.535611093044281,0.5927048325538635,-0.503839910030365,0.983721137046814,0.3610515892505646,0.6119470596313477,-0.23229897022247314,0.3113003969192505,0.5663958787918091,0.8637492656707764,-0.5267646908760071,0.9671405553817749,0.355999618768692,0.8357969522476196,-0.34160560369491577,0.758119523525238,0.5491130948066711,0.8945954442024231,-0.5884770750999451,0.9550007581710815,0.32095104455947876,0.8574694991111755,-0.37911105155944824,0.7677513360977173,0.531106173992157,0.8853788375854492,-0.6015266180038452,0.9610735177993774,0.3304678797721863,0.8576990962028503,-0.42178159952163696,0.7768076062202454,0.5333737134933472,0.8767397403717041,-0.5342174768447876,0.936505913734436,0.3483823537826538,0.8537551164627075,-0.36382997035980225,0.7618319392204285,0.6263660788536072,0.47124674916267395,-0.06277886033058167,0.9997126460075378,0.5440049767494202,0.4856679141521454,0.06255848705768585,0.9997221231460571,0.7112188935279846,0.6048548221588135,0.25235140323638916,0.31948426365852356,0.5905596017837524,0.6247097849845886,0.22954027354717255,0.06545356661081314,0.7792599201202393,0.7100205421447754,0.4965340197086334,0.5405362248420715,0.6119602918624878,0.6798185706138611,0.5513671636581421,0.08496494591236115,0.800613284111023,0.7143161296844482,0.5170537829399109,0.48651397228240967,0.6426633596420288,0.674868643283844,0.5890642404556274,0.11717567592859268,0.7756856083869934,0.812636137008667,0.4004596173763275,0.6230983734130859,0.6144277453422546,0.7392787337303162,0.5382148027420044,0.2128140926361084
0.318180114030838,0.3355942666530609,-0.5117994546890259,0.9927698373794556,0.3173081576824188,0.2934894859790802,-0.5315269827842712,0.990290641784668,0.322320818901062,0.2870364785194397,-0.5319792032241821,0.9898332953453064,0.32799679040908813,0.28077173233032227,-0.5317544937133789,0.9900947213172913,0.3084867596626282,0.3004663586616516,-0.5083998441696167,0.994025707244873,0.3063330054283142,0.29943206906318665,-0.5091671943664551,0.99631267786026,0.3038693368434906,0.29890480637550354,-0.5095750689506531,0.9975568056106567,0.3552772104740143,0.2422892451286316,-0.5286452770233154,0.9930711388587952,0.321282297372818,0.2671528160572052,-0.43455201387405396,0.996519923210144,0.33832114934921265,0.34235551953315735,-0.49897271394729614,0.9939154386520386,0.3289444148540497,0.35038965940475464,-0.4728119969367981,0.9959574937820435,0.4791964590549469,0.320512592792511,-0.5074193477630615,0.9993928074836731,0.3531630337238312,0.37026605010032654,-0.28988510370254517,0.999793529510498,0.5377426147460938,0.5913286805152893,-0.49821582436561584,0.9841430187225342,0.36150461435317993,0.6135110855102539,-0.22023721039295197,0.3252735435962677,0.5663533806800842,0.8637169599533081,-0.5146941542625427,0.9697343111038208,0.35594314336776733,0.8362334370613098,-0.3189314007759094,0.781271755695343,0.5496786236763,0.8945364356040955,-0.5776267647743225,0.9589026570320129,0.32097506523132324,0.8570910096168518,-0.3543667197227478,0.790154755115509,0.5312105417251587,0.8849190473556519,-0.5882426500320435,0.964494526386261,0.3305513262748718,0.8576589226722717,-0.39776432514190674,0.7985150814056396,0.5334092378616333,0.8764747381210327,-0.521203875541687,0.9418267011642456,0.34865322709083557,0.8537498712539673,-0.3411760926246643,0.7847129106521606,0.6270436644554138,0.4716625213623047,-0.06895198673009872,0.9997079968452454,0.5506672263145447,0.49720191955566406,0.06879165768623352,0.9997283220291138,0.710730254650116,0.6091339588165283,0.19576358795166016,0.32203707098960876,0.6532912850379944,0.6219305396080017,0.24645569920539856,0.06131603196263313,0.7808116674423218,0.7107753157615662,0.44390907883644104,0.5560500025749207,0.7401363253593445,0.6832685470581055,0.5349064469337463,0.084038145840168,0.8038630485534668,0.7167226076126099,0.4624999165534973,0.5046300292015076,0.7608821392059326,0.6810848116874695,0.5623706579208374,0.11899710446596146,0.7784498929977417,0.8127248287200928,0.34852081537246704,0.6412660479545593,0.7339602112770081,0.7784299254417419,0.4786888659000397,0.21851326525211334
0.31534311175346375,0.35209622979164124,-0.5021675229072571,0.992608904838562,0.3130192160606384,0.3101692497730255,-0.5206456184387207,0.9898216724395752,0.3179321587085724,0.3022577464580536,-0.521079957485199,0.9894511103630066,0.3235391080379486,0.2948765754699707,-0.5209299921989441,0.9896302223205566,0.3044707775115967,0.3188236951828003,-0.4978798031806946,0.993863046169281,0.30227071046829224,0.3179856836795807,-0.4986034035682678,0.9962849617004395,0.2997865378856659,0.31727176904678345,-0.4989891052246094,0.9975401759147644,0.35090118646621704,0.25970470905303955,-0.5201738476753235,0.9929643273353577,0.3179008662700653,0.2837058901786804,-0.42415982484817505,0.996635913848877,0.3363657593727112,0.358645498752594,-0.4900733530521393,0.9939427375793457,0.3263491094112396,0.3672613501548767,-0.4639523923397064,0.9961003065109253,0.477203905582428,0.3254518210887909,-0.5025951266288757,0.9993830919265747,0.3503258526325226,0.3802615702152252,-0.2734995484352112,0.999805212020874,0.5451191663742065,0.5960211157798767,-0.49016159772872925,0.9839109182357788,0.36164140701293945,0.6139182448387146,-0.2031070441007614,0.3245922327041626,0.5660201907157898,0.864337682723999,-0.5060638189315796,0.971703290939331,0.3559113144874573,0.8380836248397827,-0.317512571811676,0.8016332387924194,0.5500401258468628,0.8961008787155151,-0.5673972964286804,0.9621186852455139,0.32097968459129333,0.8567458987236023,-0.35378319025039673,0.8100211024284363,0.5312299728393555,0.8851447105407715,-0.5780932903289795,0.9673429131507874,0.3304843306541443,0.857799768447876,-0.3948419392108917,0.8178116679191589,0.533353865146637,0.8767032027244568,-0.5123980045318604,0.9461382031440735,0.34868404269218445,0.8541532158851624,-0.3404068946838379,0.8049423694610596,0.6272405385971069,0.4832545816898346,-0.07071429491043091,0.999708890914917,0.5516130328178406,0.5055510401725769,0.07053644210100174,0.9997366070747375,0.7104071378707886,0.6127854585647583,0.19077371060848236,0.317271888256073,0.6572380661964417,0.6219319105148315,0.2545437812805176,0.057462964206933975,0.7816306352615356,0.7135422825813293,0.4478902220726013,0.5671454668045044,0.7522591948509216,0.6888457536697388,0.5304628610610962,0.08378313481807709,0.8046102523803711,0.721453070640564,0.46696892380714417,0.5167408585548401,0.7735268473625183,0.6881120204925537,0.5563105344772339,0.1212608590722084,0.7789303064346313,0.8134831190109253,0.3543528914451599,0.6556092500686646,0.7429094314575195,0.7966874837875366,0.4716874957084656,0.22468380630016327
0.31163936853408813,0.3547559380531311,-0.5007311105728149,0.9923011660575867,0.31065109372138977,0.31465309858322144,-0.5192775726318359,0.9891247749328613,0.31565648317337036,0.3089437484741211,-0.5196940898895264,0.9888333678245544,0.3217846155166626,0.3033611476421356,-0.5195571780204773,0.988923192024231,0.30318278074264526,0.32140564918518066,-0.4959595203399658,0.9935262203216553,0.3017253279685974,0.32126232981681824,-0.4966723918914795,0.9961577653884888,0.29933083057403564,0.32091614603996277,-0.49704471230506897,0.9974541664123535,0.35016068816185,0.2630346715450287,-0.5192268490791321,0.9927068948745728,0.317121684551239,0.288007915019989,-0.41924476623535156,0.9966685175895691,0.3340913951396942,0.3648594617843628,-0.4883655905723572,0.9938606023788452,0.3247693181037903,0.37297701835632324,-0.4613525867462158,0.9961602687835693,0.4763302206993103,0.3379197120666504,-0.48999732732772827,0.9993658661842346,0.34902921319007874,0.3874790668487549,-0.2671191692352295,0.9998160004615784,0.5638127326965332,0.5962494611740112,-0.4849874973297119,0.9835634231567383,0.36142095923423767,0.613993763923645,-0.1890130341053009,0.3199710249900818,0.5660568475723267,0.8643184304237366,-0.5017051696777344,0.9734152555465698,0.35398218035697937,0.8380498290061951,-0.2990642189979553,0.8198875784873962,0.551819384098053,0.897447943687439,-0.562023401260376,0.9649109840393066,0.32064294815063477,0.8565396070480347,-0.3340362310409546,0.8278347849845886,0.5312579274177551,0.8852639198303223,-0.572591245174408,0.9698219895362854,0.3294622004032135,0.8576186299324036,-0.37428563833236694,0.8351147770881653,0.5333086252212524,0.8767083287239075,-0.5078534483909607,0.9498232007026672,0.34771016240119934,0.8540713787078857,-0.32046252489089966,0.8230212330818176,0.6267532110214233,0.4902161955833435,-0.0716514140367508,0.9997016191482544,0.5504686832427979,0.5089430809020996,0.07145911455154419,0.9997398257255554,0.7102607488632202,0.6139153242111206,0.19488368928432465,0.30833542346954346,0.6589880585670471,0.6243712902069092,0.2754034399986267,0.053512122482061386,0.7816327810287476,0.713911771774292,0.4584871232509613,0.5698115229606628,0.7522152662277222,0.6893229484558105,0.5353714823722839,0.0819028913974762,0.8043270111083984,0.7210349440574646,0.4783226549625397,0.521607518196106,0.7723467350006104,0.6882188320159912,0.5623639822006226,0.12089069187641144,0.7801479697227478,0.8134952187538147,0.36906421184539795,0.6632463335990906,0.7459035515785217,0.7979130148887634,0.4844197630882263,0.22625233232975006
0.30015018582344055,0.3922068774700165,-0.48219889402389526,0.9919251799583435,0.29972463846206665,0.35489723086357117,-0.5020063519477844,0.9884225726127625,0.30439701676368713,0.34875252842903137,-0.5023893713951111,0.9881829023361206,0.30966922640800476,0.34337136149406433,-0.502242922782898,0.9882382154464722,0.29278644919395447,0.3606422543525696,-0.47697383165359497,0.9931560754776001,0.2915775775909424,0.3589863181114197,-0.477681964635849,0.9959930181503296,0.2896668314933777,0.3573875427246094,-0.4780358374118805,0.9973523616790771,0.34130144119262695,0.30931857228279114,-0.5082611441612244,0.9924257397651672,0.3108294904232025,0.32653552293777466,-0.3991268575191498,0.9966592788696289,0.32379791140556335,0.40373221039772034,-0.4717411994934082,0.9937731623649597,0.31547439098358154,0.40984654426574707,-0.44239217042922974,0.9961847066879272,0.47381719946861267,0.35614296793937683,-0.46995311975479126,0.9993555545806885,0.345741331577301,0.3967881500720978,-0.24838761985301971,0.9998254776000977,0.572780966758728,0.6008163690567017,-0.4633425176143646,0.9828851222991943,0.36002638936042786,0.6141425371170044,-0.16491858661174774,0.30658039450645447,0.5660243034362793,0.8645557761192322,-0.4920732378959656,0.97463059425354,0.35273733735084534,0.837726354598999,-0.27001848816871643,0.8352924585342407,0.5526411533355713,0.8986997604370117,-0.550371527671814,0.9671010971069336,0.32039257884025574,0.8553179502487183,-0.3037954866886139,0.8431299924850464,0.5312751531600952,0.8854995965957642,-0.5586121678352356,0.9717853665351868,0.3284838795661926,0.8564822673797607,-0.34332412481307983,0.8500859141349792,0.5332784652709961,0.8768435120582581,-0.49707087874412537,0.9525071382522583,0.34694263339042664,0.8533093929290771,-0.29058173298835754,0.8383640050888062,0.6256074905395508,0.49611952900886536,-0.07358425110578537,0.999695360660553,0.549507737159729,0.5220164656639099,0.07339167594909668,0.9997432827949524,0.7101570963859558,0.6197792291641235,0.19584611058235168,0.29791608452796936,0.6626641750335693,0.6262159943580627,0.2762239873409271,0.04962647333741188,0.7820126414299011,0.7144715785980225,0.459722101688385,0.569336473941803,0.7527464032173157,0.692802369594574,0.5291517376899719,0.07919194549322128,0.8047500848770142,0.7210752964019775,0.4793316423892975,0.5229975581169128,0.773945689201355,0.690142035484314,0.554624080657959,0.11909835785627365,0.7826975584030151,0.8134912848472595,0.37124139070510864,0.6678250432014465,0.7459238767623901,0.8014471530914307,0.47638145089149475,0.22549889981746674
0.28310343623161316,0.4749930202960968,-0.4422723352909088,0.9915505647659302,0.2798807621002197,0.4400504529476166,-0.46359261870384216,0.9879270195960999,0.28443655371665955,0.4330900311470032,-0.4639531075954437,0.98773193359375,0.2897631525993347,0.4257814288139343,-0.4637787342071533,0.9878119826316833,0.27354156970977783,0.4437144100666046,-0.43578821420669556,0.9928549528121948,0.27311375737190247,0.4399909973144531,-0.436492383480072,0.9958473443984985,0.2724434733390808,0.43636947870254517,-0.4368365705013275,0.9972652196884155,0.3205970227718353,0.3820195496082306,-0.48039349913597107,0.9922752380371094,0.2971934676170349,0.3943203389644623,-0.35695451498031616,0.9966360330581665,0.3064267039299011,0.4801776111125946,-0.4357891082763672,0.9937277436256409,0.3002750873565674,0.4826955199241638,-0.4024769365787506,0.9961784482002258,0.46342939138412476,0.39701759815216064,-0.4373513162136078,0.9993525147438049,0.34198957681655884,0.42472589015960693,-0.21703167259693146,0.9998330473899841,0.5781689882278442,0.6098703742027283,-0.430838406085968,0.9811825752258301,0.3579269349575043,0.6218516826629639,-0.1393471509218216,0.28736406564712524,0.5659909844398499,0.8640457987785339,-0.46032825112342834,0.9748634696006775,0.34995371103286743,0.8381155133247375,-0.251501202583313,0.8482221961021423,0.5532132387161255,0.8987064957618713,-0.5124632120132446,0.9683577418327332,0.3183163106441498,0.855271577835083,-0.2866019606590271,0.8562949895858765,0.5313107371330261,0.8855234980583191,-0.5225046873092651,0.9729776382446289,0.32603833079338074,0.8564456701278687,-0.3221777081489563,0.8630231618881226,0.533277153968811,0.8768504858016968,-0.4650692939758301,0.953632116317749,0.3448924422264099,0.8533114194869995,-0.2709096074104309,0.851373553276062,0.6179248094558716,0.5284646153450012,-0.07566346973180771,0.9996888041496277,0.5493912100791931,0.5524401664733887,0.07547228783369064,0.999746561050415,0.7097882032394409,0.6339435577392578,0.19635382294654846,0.2812992036342621,0.661920428276062,0.6343962550163269,0.28029564023017883,0.045582812279462814,0.7821956276893616,0.7150330543518066,0.4576898515224457,0.5573660731315613,0.7537962198257446,0.6962547898292542,0.5313199758529663,0.07483883202075958,0.8053324818611145,0.7207227945327759,0.47671836614608765,0.5109896659851074,0.773892343044281,0.6903693675994873,0.5569689869880676,0.11412203311920166,0.7839031219482422,0.8135212659835815,0.3706294894218445,0.6630176305770874,0.7481768727302551,0.8019023537635803,0.4848049283027649,0.21906356513500214
0.2746748626232147,0.5533130168914795,-0.4297528862953186,0.9912002682685852,0.26917362213134766,0.5155799388885498,-0.450125128030777,0.9877987504005432,0.27303606271743774,0.5079771876335144,-0.4504595696926117,0.9875072836875916,0.27784037590026855,0.5001090168952942,-0.450289249420166,0.9878389239311218,0.26280614733695984,0.5195538997650146,-0.4231443405151367,0.9925806522369385,0.261665403842926,0.5161300897598267,-0.423839807510376,0.9955772757530212,0.26032742857933044,0.5126703977584839,-0.42413100600242615,0.9971280694007874,0.3083842694759369,0.45550405979156494,-0.4611862301826477,0.992241382598877,0.2829511761665344,0.4724745452404022,-0.3411150574684143,0.9964370727539062,0.29829004406929016,0.551891565322876,-0.42093339562416077,0.9937680959701538,0.29187315702438354,0.5558509826660156,-0.3888688087463379,0.9961118102073669,0.4557437300682068,0.449957013130188,-0.4137173295021057,0.9993699789047241,0.3389522433280945,0.4769746959209442,-0.19700782001018524,0.9998387098312378,0.5815778374671936,0.612664520740509,-0.40410637855529785,0.9808167219161987,0.3564760088920593,0.6470035910606384,-0.06433533132076263,0.2694946229457855,0.5667232275009155,0.8626164197921753,-0.44162043929100037,0.9754332900047302,0.34974947571754456,0.8397500514984131,-0.11025650799274445,0.8574619293212891,0.5550006628036499,0.8971015214920044,-0.49101367592811584,0.9693220853805542,0.31834930181503296,0.8555134534835815,-0.13415084779262543,0.8658245205879211,0.5327344536781311,0.8852494955062866,-0.5015078783035278,0.9738678932189941,0.3260825276374817,0.8570117354393005,-0.1720188409090042,0.872755765914917,0.5351887941360474,0.8766191005706787,-0.4462123513221741,0.954390823841095,0.34477800130844116,0.8546268939971924,-0.1287240982055664,0.8600436449050903,0.6142968535423279,0.5787228345870972,-0.07736329734325409,0.9996864199638367,0.5497243404388428,0.6011388897895813,0.07717340439558029,0.999749481678009,0.7091899514198303,0.6563053727149963,0.19801051914691925,0.2673591673374176,0.6597490906715393,0.6737244129180908,0.28020745515823364,0.042371947318315506,0.782001793384552,0.7150557637214661,0.4621105194091797,0.544349730014801,0.7501109838485718,0.7057657837867737,0.5322051644325256,0.07144604623317719,0.8046132922172546,0.7156165242195129,0.4817682206630707,0.49850955605506897,0.7707850933074951,0.6929279565811157,0.5586917996406555,0.11066356301307678,0.7846132516860962,0.8132798671722412,0.38605231046676636,0.6555113196372986,0.7495455741882324,0.8018202781677246,0.4951933026313782,0.2153526395559311
0.26161783933639526,0.6130955219268799,-0.4232563376426697,0.9905788898468018,0.25512558221817017,0.5739244222640991,-0.44145455956459045,0.9875326156616211,0.26028886437416077,0.5653926134109497,-0.44179922342300415,0.9871457815170288,0.2660304605960846,0.5573484897613525,-0.4416371285915375,0.9878913164138794,0.2465696632862091,0.5791468620300293,-0.41507434844970703,0.9919939041137695,0.2449675053358078,0.576201319694519,-0.41573983430862427,0.9949674606323242,0.24323256313800812,0.5732631087303162,-0.4159948229789734,0.9967652559280396,0.2931336760520935,0.5169373154640198,-0.44547829031944275,0.992193341255188,0.2645920515060425,0.5345599055290222,-0.3274185061454773,0.9956892132759094,0.28477925062179565,0.6153509020805359,-0.4121268689632416,0.993647038936615,0.2778738737106323,0.6190856099128723,-0.3808305561542511,0.9957341551780701,0.439382940530777,0.5156716704368591,-0.4012989103794098,0.9993933439254761,0.3341001868247986,0.5256533026695251,-0.17513778805732727,0.9998278617858887,0.5818985104560852,0.6148176789283752,-0.3860608637332916,0.9809612035751343,0.3546258509159088,0.6613748669624329,-0.018310625106096268,0.2465420961380005,0.5674326419830322,0.8634776473045349,-0.4262962341308594,0.9758255481719971,0.3495635688304901,0.8418716192245483,-0.034778039902448654,0.8519187569618225,0.5549654364585876,0.8960807919502258,-0.4745353162288666,0.9696219563484192,0.31803256273269653,0.8564252853393555,-0.05356089398264885,0.8633877038955688,0.5339013934135437,0.885766863822937,-0.484562486410141,0.9741895794868469,0.32375210523605347,0.8585423827171326,-0.0951431468129158,0.8722449541091919,0.5370149612426758,0.8770921230316162,-0.4303533434867859,0.9542025327682495,0.3415033221244812,0.8568153977394104,-0.054355185478925705,0.8552715182304382,0.6123459339141846,0.630757212638855,-0.08094070106744766,0.999683678150177,0.5494452118873596,0.6505001187324524,0.08075263351202011,0.9997426271438599,0.7090675830841064,0.6790940761566162,0.19906216859817505,0.2495873123407364,0.6562461256980896,0.69969642162323,0.3014441430568695,0.038752466440200806,0.7813923358917236,0.7137441039085388,0.47310423851013184,0.5153573155403137,0.7414224147796631,0.7078767418861389,0.5607315301895142,0.06613928079605103,0.8026399612426758,0.7066774368286133,0.49539056420326233,0.47134044766426086,0.7644035220146179,0.692931592464447,0.5884257555007935,0.10374437272548676,0.7892278432846069,0.8133618831634521,0.4153725504875183,0.628632664680481,0.745252251625061,0.8009729981422424,0.5479717254638672,0.20275303721427917
0.24750933051109314,0.6801947951316833,-0.4122873842716217,0.990420401096344,0.24211540818214417,0.6385034322738647,-0.43117189407348633,0.9876401424407959,0.24700847268104553,0.6314056515693665,-0.43151989579200745,0.9872169494628906,0.25297388434410095,0.6233479976654053,-0.43135660886764526,0.9882304072380066,0.23393790423870087,0.6413860321044922,-0.4032510817050934,0.99180006980896,0.23223569989204407,0.6379135847091675,-0.4038922190666199,0.9946986436843872,0.23036296665668488,0.6344614624977112,-0.4041382372379303,0.9966108202934265,0.28288841247558594,0.579905092716217,-0.4394032955169678,0.9923522472381592,0.2536124289035797,0.5938016176223755,-0.31387239694595337,0.9952464699745178,0.2715325355529785,0.682376503944397,-0.40287309885025024,0.9937246441841125,0.26196256279945374,0.6873726844787598,-0.369400292634964,0.9955592751502991,0.42135757207870483,0.5522137880325317,-0.39369383454322815,0.999427080154419,0.3248792886734009,0.569309651851654,-0.16677513718605042,0.9998227953910828,0.5840550065040588,0.6156337261199951,-0.3811562955379486,0.9812994003295898,0.35476911067962646,0.6779107451438904,-0.01432792842388153,0.22491322457790375,0.5674172043800354,0.8634952306747437,-0.4213176667690277,0.9757698178291321,0.3495997190475464,0.846304178237915,-0.031710900366306305,0.8442150950431824,0.553726315498352,0.8946067690849304,-0.46729332208633423,0.9692426323890686,0.318084180355072,0.8588154315948486,-0.05079792067408562,0.859488308429718,0.5341852307319641,0.8853498101234436,-0.4749782085418701,0.9738790392875671,0.3238988518714905,0.8601879477500916,-0.08909229934215546,0.8700273633003235,0.5377577543258667,0.8768243789672852,-0.42411842942237854,0.9528317451477051,0.34142330288887024,0.8588419556617737,-0.04997272416949272,0.8489236831665039,0.6051426529884338,0.6632066369056702,-0.08490052819252014,0.999688446521759,0.5422971844673157,0.6826947927474976,0.08473068475723267,0.999740719795227,0.7071136236190796,0.7015258073806763,0.19879667460918427,0.23438651859760284,0.6546432375907898,0.7133616805076599,0.31393855810165405,0.03534715995192528,0.7781609296798706,0.7157496809959412,0.47354793548583984,0.491894394159317,0.7372774481773376,0.7097516059875488,0.5761308670043945,0.06124952435493469,0.7981967926025391,0.706659734249115,0.49603843688964844,0.44765734672546387,0.7618291974067688,0.6935536861419678,0.6036063432693481,0.09728512167930603,0.7887799739837646,0.8167662024497986,0.41372671723365784,0.6075007915496826,0.746576189994812,0.8041359186172485,0.5619977712631226,0.19139739871025085
0.23368048667907715,0.7438833713531494,-0.3952599763870239,0.9905348420143127,0.23091790080070496,0.7063267230987549,-0.4165167808532715,0.9880495667457581,0.23579314351081848,0.7000851035118103,-0.4168616235256195,0.9876036047935486,0.24135002493858337,0.6938214302062988,-0.41667255759239197,0.9887853264808655,0.2237851619720459,0.7068489789962769,-0.3852371275424957,0.9918727278709412,0.2230510711669922,0.7016090750694275,-0.38586944341659546,0.9946319460868835,0.22221693396568298,0.6960442662239075,-0.3861108720302582,0.9965825080871582,0.27333754301071167,0.6485977172851562,-0.43384701013565063,0.9926553964614868,0.24899700284004211,0.6514372825622559,-0.2935824692249298,0.9950228333473206,0.2595917582511902,0.7437069416046143,-0.3893725872039795,0.9939225912094116,0.25140994787216187,0.7496235370635986,-0.3516300916671753,0.9954923391342163,0.41912317276000977,0.6031265258789062,-0.3851677179336548,0.9994658827781677,0.3109676241874695,0.6082370281219482,-0.15575440227985382,0.9998223781585693,0.5837815403938293,0.6170676946640015,-0.35319221019744873,0.9820833802223206,0.36216017603874207,0.6765886545181274,0.010836368426680565,0.20524610579013824,0.567409873008728,0.8635653257369995,-0.3640836775302887,0.9753021001815796,0.348807156085968,0.8439462184906006,0.02021750621497631,0.8164585828781128,0.5533840656280518,0.8959192037582397,-0.4011053442955017,0.9679046869277954,0.31714117527008057,0.8586151003837585,0.00463373027741909,0.8369002938270569,0.5341648459434509,0.8856172561645508,-0.4078971743583679,0.9726457595825195,0.32272160053253174,0.8601413369178772,-0.02914603054523468,0.8500394821166992,0.5380380749702454,0.8767410516738892,-0.36486515402793884,0.9496957659721375,0.3400774598121643,0.8584895730018616,0.0043414863757789135,0.8230771422386169,0.6033181548118591,0.702751874923706,-0.08871695399284363,0.9996921420097351,0.5367500185966492,0.7146934270858765,0.08855612576007843,0.9997341632843018,0.705163836479187,0.7160733342170715,0.1990443617105484,0.2185869812965393,0.6553704142570496,0.7296071648597717,0.31272485852241516,0.032126422971487045,0.7771310210227966,0.7170458436012268,0.4748964309692383,0.46915847063064575,0.7362238168716431,0.7188106179237366,0.5725098848342896,0.05650128424167633,0.7956936359405518,0.7007577419281006,0.49755367636680603,0.42752373218536377,0.7589101195335388,0.694689154624939,0.5998797416687012,0.09134683012962341,0.7889751195907593,0.8185133337974548,0.4168708920478821,0.5884808301925659,0.7472540140151978,0.8054080605506897,0.5588821768760681,0.18038912117481232
0.22887936234474182,0.7904241681098938,-0.3989729583263397,0.9911395311355591,0.22393102943897247,0.7573302984237671,-0.4192708432674408,0.9889153242111206,0.2289467304944992,0.7511743307113647,-0.4194466471672058,0.9884660243988037,0.2351749688386917,0.7440999150276184,-0.419071763753891,0.9896567463874817,0.21696345508098602,0.7590033411979675,-0.39791756868362427,0.9923912882804871,0.21641559898853302,0.7550601363182068,-0.39870157837867737,0.9949160218238831,0.21568462252616882,0.750698447227478,-0.3991524279117584,0.9967658519744873,0.26950159668922424,0.6995658278465271,-0.4406827986240387,0.993194580078125,0.24389639496803284,0.7036340236663818,-0.32237547636032104,0.9951648116111755,0.25630849599838257,0.7913120985031128,-0.3928602337837219,0.9942900538444519,0.24854639172554016,0.7976359128952026,-0.3690195679664612,0.9956304430961609,0.41211509704589844,0.6523473262786865,-0.404733270406723,0.99950110912323,0.3014127016067505,0.6464732885360718,-0.1808525025844574,0.9998102784156799,0.5821527242660522,0.6188448667526245,-0.3571195602416992,0.9832527041435242,0.3710325360298157,0.670979917049408,-0.015547076240181923,0.1875915229320526,0.5651682019233704,0.8633661866188049,-0.35093897581100464,0.9721308350563049,0.3493366837501526,0.8287453651428223,0.027202267199754715,0.7455192804336548,0.5503625273704529,0.8960463404655457,-0.3853548467159271,0.9614341259002686,0.32111454010009766,0.8547074198722839,0.01599804125726223,0.7657574415206909,0.5329887270927429,0.8855639100074768,-0.3943246304988861,0.9668291211128235,0.3245554566383362,0.8596428632736206,-0.017247114330530167,0.7790505886077881,0.5370133519172668,0.8764020204544067,-0.3521619439125061,0.9390237331390381,0.3403448760509491,0.8559466004371643,0.012431624345481396,0.7525841593742371,0.5992348790168762,0.723767101764679,-0.08908110857009888,0.9997014999389648,0.529242992401123,0.7314846515655518,0.08889829367399216,0.9997273683547974,0.7040905356407166,0.7232250571250916,0.19960445165634155,0.21237562596797943,0.654073178768158,0.7376970648765564,0.321286141872406,0.029374752193689346,0.7761882543563843,0.717262864112854,0.4751419126987457,0.4594430923461914,0.7356054782867432,0.7199076414108276,0.6007703542709351,0.05267961695790291,0.7959113121032715,0.6954740285873413,0.49803581833839417,0.417334645986557,0.7580322027206421,0.6946170330047607,0.6307631731033325,0.08735615760087967,0.7877981662750244,0.8208601474761963,0.41857314109802246,0.5798979997634888,0.7442739605903625,0.8051155209541321,0.6048911809921265,0.1716633439064026
0.22858992218971252,0.8279948830604553,-0.5004051327705383,0.99154132604599,0.22514820098876953,0.7972580194473267,-0.5226768255233765,0.989605188369751,0.22996151447296143,0.7929603457450867,-0.5230215787887573,0.9891399145126343,0.23550467193126678,0.7880557775497437,-0.5227583646774292,0.9903886318206787,0.21741557121276855,0.7977460026741028,-0.4931800365447998,0.9927122592926025,0.21637172996997833,0.7940329909324646,-0.49381622672080994,0.9950182437896729,0.21510934829711914,0.7899996638298035,-0.49408048391342163,0.9968190789222717,0.27002081274986267,0.7498610019683838,-0.5241310596466064,0.9936622381210327,0.2376343011856079,0.7519052028656006,-0.3885357975959778,0.9950088858604431,0.25295329093933105,0.833325207233429,-0.485781729221344,0.9944544434547424,0.2450324296951294,0.8361642360687256,-0.45076531171798706,0.9954219460487366,0.40142059326171875,0.6858005523681641,-0.44072452187538147,0.9995257258415222,0.2923775911331177,0.6712464094161987,-0.22736351191997528,0.9997289180755615,0.5744122266769409,0.619694709777832,-0.36564475297927856,0.9840534925460815,0.38115784525871277,0.6660342216491699,-0.04303767904639244,0.16946321725845337,0.5632680058479309,0.8607573509216309,-0.3347564935684204,0.9643155932426453,0.3493904173374176,0.8240334391593933,0.008291487582027912,0.672061562538147,0.5503832101821899,0.8952793478965759,-0.36739635467529297,0.9483869671821594,0.32722708582878113,0.8431470990180969,-0.0015895332908257842,0.6910284161567688,0.5330556035041809,0.8846178650856018,-0.3783833682537079,0.9551357626914978,0.3276159465312958,0.8520068526268005,-0.03472346439957619,0.7032152414321899,0.5366730690002441,0.8752027750015259,-0.33638378977775574,0.9216831922531128,0.3411661982536316,0.8482029438018799,-0.006441129837185144,0.6793096661567688,0.5976677536964417,0.7376970052719116,-0.08815030753612518,0.9996989965438843,0.5190276503562927,0.7291568517684937,0.0879620760679245,0.9996890425682068,0.7023388743400574,0.735325276851654,0.20496563613414764,0.20803691446781158,0.644044041633606,0.7411462664604187,0.34605705738067627,0.026883717626333237,0.7750269174575806,0.7181181907653809,0.4956728518009186,0.45250192284584045,0.7273074984550476,0.7200700640678406,0.6513152718544006,0.049536898732185364,0.7958520650863647,0.6934810876846313,0.5213274955749512,0.4132186770439148,0.7468973398208618,0.6944591999053955,0.6849714517593384,0.08497395366430283,0.785546064376831,0.8224071860313416,0.4443322718143463,0.5666536688804626,0.7281486392021179,0.8050287961959839,0.6648128032684326,0.16165469586849213
0.23493611812591553,0.8670647740364075,-0.49443569779396057,0.9911978244781494,0.23219318687915802,0.8378315567970276,-0.519379198551178,0.9893710613250732,0.23717260360717773,0.8317195177078247,-0.5197262763977051,0.9887577295303345,0.24230270087718964,0.8258259296417236,-0.5194500088691711,0.990431010723114,0.2227444350719452,0.8399062156677246,-0.4897425174713135,0.9920671582221985,0.22069339454174042,0.8352653384208679,-0.4903683662414551,0.9942822456359863,0.2182638943195343,0.8307950496673584,-0.4906245172023773,0.9963197708129883,0.27036482095718384,0.778429388999939,-0.5221213698387146,0.9936080574989319,0.23769739270210266,0.7897734045982361,-0.3889992833137512,0.9936418533325195,0.25842908024787903,0.8571338057518005,-0.4792208671569824,0.9938337206840515,0.25007304549217224,0.861779510974884,-0.4443010687828064,0.9940304756164551,0.39619705080986023,0.6977875232696533,-0.44024139642715454,0.9995428919792175,0.27649223804473877,0.6783471703529358,-0.2317124903202057,0.9996203184127808,0.5652958154678345,0.6187964677810669,-0.35170048475265503,0.9842349886894226,0.36761218309402466,0.6462287306785583,-0.04967375099658966,0.1531762182712555,0.5620977282524109,0.8604267835617065,-0.30281302332878113,0.9506758451461792,0.34163373708724976,0.8093379735946655,0.009585443884134293,0.6053398847579956,0.5505580902099609,0.8952982425689697,-0.3302358388900757,0.927856981754303,0.32711243629455566,0.825518786907196,0.002005294431000948,0.6228388547897339,0.5329868793487549,0.8842366337776184,-0.3420718312263489,0.9364839792251587,0.3269875645637512,0.833690881729126,-0.02818768285214901,0.6339187026023865,0.5352159738540649,0.8739222288131714,-0.3037477433681488,0.8976047039031982,0.3389742970466614,0.8303804993629456,-0.0036654311697930098,0.6124467849731445,0.5950422883033752,0.7418750524520874,-0.08759612590074539,0.9996790885925293,0.5104761719703674,0.7172285318374634,0.08740567415952682,0.9996200203895569,0.6979575753211975,0.7407384514808655,0.2086259424686432,0.199140265583992,0.6346116662025452,0.7404451966285706,0.3436380922794342,0.02452300861477852,0.7731865644454956,0.7197771072387695,0.5000739097595215,0.43790191411972046,0.7269459962844849,0.7211067080497742,0.6449953317642212,0.04632856696844101,0.7953101992607117,0.6925012469291687,0.5265687108039856,0.4072311520576477,0.74675452709198,0.6936966776847839,0.678266167640686,0.0811738520860672,0.782082736492157,0.8226093649864197,0.4569990038871765,0.5438662171363831,0.7266637682914734,0.8034692406654358,0.6568041443824768,0.15029276907444
0.23064526915550232,0.871181070804596,-0.478107213973999,0.9909335970878601,0.22838711738586426,0.8413337469100952,-0.5106126666069031,0.9893129467964172,0.2331586629152298,0.8346003890037537,-0.5109283328056335,0.988572895526886,0.23804202675819397,0.8276451826095581,-0.5104700922966003,0.9905628561973572,0.21949343383312225,0.8460597395896912,-0.47716155648231506,0.9917259216308594,0.21774069964885712,0.8423182368278503,-0.4777849614620209,0.9938592910766602,0.21557700634002686,0.8384463787078857,-0.4779812693595886,0.9960256218910217,0.26412302255630493,0.7882672548294067,-0.5139503479003906,0.9936334490776062,0.2352396547794342,0.7954183220863342,-0.38149213790893555,0.9927663207054138,0.25300484895706177,0.8649057149887085,-0.4664079546928406,0.9934810400009155,0.2445288598537445,0.8741803765296936,-0.42894911766052246,0.9931506514549255,0.39752885699272156,0.7116780877113342,-0.42636197805404663,0.9995558261871338,0.27472323179244995,0.689506471157074,-0.22958512604236603,0.9995301365852356,0.5623561143875122,0.6181233525276184,-0.3329116404056549,0.9845718741416931,0.36824941635131836,0.6247512102127075,-0.05622028559446335,0.13828468322753906,0.561663031578064,0.860602080821991,-0.2770201563835144,0.9365672469139099,0.35101068019866943,0.802972674369812,-0.003875450696796179,0.5449983477592468,0.5528282523155212,0.8955234885215759,-0.3046673834323883,0.9069902896881104,0.33880728483200073,0.8212040662765503,-0.01394481211900711,0.5609241724014282,0.5330650806427002,0.8845634460449219,-0.3153417110443115,0.9173585176467896,0.3417659401893616,0.8306389451026917,-0.04206471890211105,0.5709387063980103,0.5344458818435669,0.8740244507789612,-0.277616947889328,0.8726714253425598,0.34738776087760925,0.8255926966667175,-0.016498662531375885,0.5516456365585327,0.5942516922950745,0.7444323897361755,-0.08635906875133514,0.9996826648712158,0.5120357275009155,0.7189870476722717,0.08616609126329422,0.9995961785316467,0.6934915781021118,0.744181215763092,0.20858034491539001,0.1920168101787567,0.6341201663017273,0.7415629029273987,0.33367836475372314,0.022349707782268524,0.7714506387710571,0.7244182229042053,0.4965720772743225,0.4256334900856018,0.7220130562782288,0.7226857542991638,0.6227559447288513,0.0431741438806057,0.7949447631835938,0.6933265924453735,0.5216440558433533,0.40127116441726685,0.7451607584953308,0.6933360695838928,0.6547161936759949,0.07721269875764847,0.780015766620636,0.8236162662506104,0.4466428756713867,0.5250756740570068,0.7185993194580078,0.8032181859016418,0.628381073474884,0.13989390432834625
0.2335532009601593,0.882593035697937,-0.4698493480682373,0.9906160831451416,0.23092909157276154,0.8525490760803223,-0.5103257894515991,0.9892929792404175,0.2354448139667511,0.8448522090911865,-0.510615885257721,0.9884796142578125,0.2400856465101242,0.8368039727210999,-0.5100628733634949,0.9907164573669434,0.2223004400730133,0.8584124445915222,-0.4721793532371521,0.9914486408233643,0.22021372616291046,0.8550360798835754,-0.472850501537323,0.9935240745544434,0.21763670444488525,0.8514962792396545,-0.47304511070251465,0.9957771897315979,0.2643757462501526,0.7927936315536499,-0.5087498426437378,0.993736982345581,0.23349472880363464,0.8091135621070862,-0.3804936110973358,0.992051362991333,0.25546762347221375,0.8707128763198853,-0.46175092458724976,0.9932779669761658,0.24729852378368378,0.8821682333946228,-0.42190662026405334,0.9924818277359009,0.39870527386665344,0.7170833945274353,-0.42624932527542114,0.999571681022644,0.27285319566726685,0.6940783262252808,-0.22908508777618408,0.9994810223579407,0.5604219436645508,0.6154212355613708,-0.330379843711853,0.985227644443512,0.36828914284706116,0.619796633720398,-0.05870331451296806,0.12493033707141876,0.5617343783378601,0.8606390953063965,-0.26610174775123596,0.9278339743614197,0.35615628957748413,0.8001975417137146,-0.008077905513346195,0.49072152376174927,0.5543879270553589,0.8960577249526978,-0.29401689767837524,0.8932294845581055,0.350658655166626,0.8166924118995667,-0.019273636862635612,0.505252480506897,0.5331070423126221,0.8848147988319397,-0.30396145582199097,0.9049392938613892,0.3600834608078003,0.8277223110198975,-0.047178901731967926,0.5143141150474548,0.534184455871582,0.8741571307182312,-0.26631850004196167,0.8555326461791992,0.35904645919799805,0.8222734332084656,-0.020695393905043602,0.49698084592819214,0.5940991640090942,0.7467420697212219,-0.08625424653291702,0.9996919631958008,0.5115540027618408,0.720045804977417,0.08606906235218048,0.9995896220207214,0.690701961517334,0.7458590865135193,0.20651623606681824,0.19133497774600983,0.6344161629676819,0.7425900101661682,0.334125816822052,0.02051280438899994,0.7700544595718384,0.72721266746521,0.49585407972335815,0.42439454793930054,0.7215127944946289,0.7231296300888062,0.6281508803367615,0.04087284207344055,0.7945423126220703,0.6939420104026794,0.5195210576057434,0.4037855863571167,0.7446445226669312,0.6926637887954712,0.6607788801193237,0.07555440068244934,0.7796895503997803,0.8237619996070862,0.4408149719238281,0.5182910561561584,0.7192690372467041,0.8030074834823608,0.636917233467102,0.13230465352535248
0.2367233783006668,0.8791406154632568,-0.44486817717552185,0.9907371401786804,0.23389491438865662,0.8517142534255981,-0.48139485716819763,0.9896442890167236,0.23846551775932312,0.8442659974098206,-0.48175185918807983,0.9888201355934143,0.24323105812072754,0.8365960121154785,-0.4813142418861389,0.9911096096038818,0.22518110275268555,0.857751727104187,-0.4451248049736023,0.9915810227394104,0.22291266918182373,0.8548856973648071,-0.44582271575927734,0.9935654997825623,0.21997734904289246,0.8517926335334778,-0.44605714082717896,0.9957730770111084,0.26690682768821716,0.7928491234779358,-0.505571722984314,0.9940173029899597,0.23252134025096893,0.8119506239891052,-0.35835641622543335,0.9919390678405762,0.25887319445610046,0.8668375611305237,-0.4391106069087982,0.9933881163597107,0.25061944127082825,0.8786246180534363,-0.39860469102859497,0.9923455119132996,0.3977549076080322,0.7223794460296631,-0.4216283857822418,0.9995912313461304,0.27199453115463257,0.6926084160804749,-0.21810050308704376,0.9994626045227051,0.5578582882881165,0.612257182598114,-0.32047051191329956,0.9860261678695679,0.36819562315940857,0.6127051711082458,-0.04938369244337082,0.11323664337396622,0.56114661693573,0.8608137965202332,-0.2441484034061432,0.9242637753486633,0.3559620976448059,0.799959659576416,-0.002732734428718686,0.4420558214187622,0.5548778176307678,0.8961247205734253,-0.2699350416660309,0.886635959148407,0.34623274207115173,0.8171563744544983,-0.014359930530190468,0.45548292994499207,0.5331087112426758,0.8848511576652527,-0.280984103679657,0.8990116119384766,0.3538563549518585,0.8276762962341309,-0.042024873197078705,0.4637264311313629,0.5334697365760803,0.874279797077179,-0.24431510269641876,0.8470451235771179,0.35710328817367554,0.822287917137146,-0.01558908261358738,0.448180615901947,0.5927858948707581,0.7439067363739014,-0.08622021973133087,0.9997037649154663,0.5107797980308533,0.7178306579589844,0.08601865917444229,0.9995924830436707,0.6881153583526611,0.7468333840370178,0.20309090614318848,0.19953195750713348,0.6274088025093079,0.7469699382781982,0.33703646063804626,0.019126616418361664,0.7699315547943115,0.727882981300354,0.49485716223716736,0.43421193957328796,0.7194565534591675,0.7248796224594116,0.6342600584030151,0.039875227957963943,0.794173538684845,0.6941275596618652,0.5185523629188538,0.41404786705970764,0.7395411133766174,0.6926912069320679,0.6673579216003418,0.07671854645013809,0.7800904512405396,0.8243200778961182,0.4387819766998291,0.5226150155067444,0.7185510396957397,0.8044719099998474,0.6480699777603149,0.12848199903964996
0.23794309794902802,0.8815170526504517,-0.4386340081691742,0.9909189939498901,0.23644742369651794,0.8539920449256897,-0.47285181283950806,0.9900617599487305,0.24240760505199432,0.8469123840332031,-0.4732263684272766,0.9892354607582092,0.2484564483165741,0.839625358581543,-0.4728411138057709,0.9915209412574768,0.22652330994606018,0.8606964945793152,-0.43746012449264526,0.9918068647384644,0.22480759024620056,0.8586405515670776,-0.43816566467285156,0.9936981201171875,0.22191444039344788,0.8565645813941956,-0.43842506408691406,0.9958356618881226,0.26854485273361206,0.7923260927200317,-0.5052648186683655,0.994309663772583,0.2306453436613083,0.8166508078575134,-0.35004088282585144,0.9920065402984619,0.25933435559272766,0.869262158870697,-0.4326644837856293,0.9935024976730347,0.25254082679748535,0.8828175067901611,-0.3921756148338318,0.9922975897789001,0.39845386147499084,0.7242090702056885,-0.4194956421852112,0.9996089339256287,0.2697882056236267,0.6915581226348877,-0.2138451337814331,0.999457836151123,0.557216227054596,0.6113705039024353,-0.318797767162323,0.9867745041847229,0.3673107624053955,0.6135258674621582,-0.0495772510766983,0.10285402834415436,0.5607154965400696,0.8617360591888428,-0.24008114635944366,0.9218113422393799,0.3671046197414398,0.8006747961044312,-0.00791493896394968,0.39827650785446167,0.5549566745758057,0.8963673710823059,-0.2652015686035156,0.8817529678344727,0.3592323362827301,0.8060682415962219,-0.02016862854361534,0.4107016324996948,0.5331080555915833,0.8852227926254272,-0.27614474296569824,0.8946241140365601,0.36046379804611206,0.8291723728179932,-0.0478377565741539,0.41821718215942383,0.5330360531806946,0.8750560283660889,-0.2401178777217865,0.8406896591186523,0.3655549883842468,0.824029266834259,-0.02085479535162449,0.4042855501174927,0.59197998046875,0.7440848350524902,-0.08650237321853638,0.9997161626815796,0.5106486678123474,0.7220756411552429,0.08628734201192856,0.9995985627174377,0.6867372989654541,0.7467837929725647,0.20019038021564484,0.20976220071315765,0.6281282901763916,0.7486428022384644,0.33539658784866333,0.017981290817260742,0.7699102163314819,0.727806031703949,0.4856563210487366,0.44807785749435425,0.716364860534668,0.7263141870498657,0.6315388083457947,0.03939088433980942,0.7941136956214905,0.6934666037559509,0.5102595090866089,0.4278305172920227,0.7327743768692017,0.6930309534072876,0.6645413637161255,0.07903330028057098,0.7810627222061157,0.8243736028671265,0.43290871381759644,0.5313427448272705,0.7188100218772888,0.8373898267745972,0.6422986388206482,0.12627944350242615
0.23919081687927246,0.8747850060462952,-0.4476169943809509,0.9911959171295166,0.23751385509967804,0.8458762168884277,-0.4806640148162842,0.9905093908309937,0.24325492978096008,0.8392703533172607,-0.481045663356781,0.9896867275238037,0.24914789199829102,0.8320940732955933,-0.48067235946655273,0.9919504523277283,0.22706198692321777,0.8509734869003296,-0.4458615183830261,0.9920722246170044,0.22441668808460236,0.8487657904624939,-0.4465789198875427,0.9938600063323975,0.22058236598968506,0.8463608622550964,-0.44683462381362915,0.9959209561347961,0.27084288001060486,0.7836983799934387,-0.5055034160614014,0.9945908784866333,0.2305169403553009,0.8060714602470398,-0.3533394932746887,0.9920786023139954,0.26026514172554016,0.8686717748641968,-0.43947872519493103,0.9936389923095703,0.2519180178642273,0.8805885910987854,-0.39827096462249756,0.9922965168952942,0.39649659395217896,0.7193310856819153,-0.4203525185585022,0.9996227025985718,0.2676079571247101,0.6936085820198059,-0.21656711399555206,0.9994440674781799,0.5571762323379517,0.6113635301589966,-0.32295817136764526,0.9875995516777039,0.36298540234565735,0.6150640249252319,-0.05229685828089714,0.09350010752677917,0.5592467784881592,0.861721396446228,-0.2506563067436218,0.9222807288169861,0.3656616806983948,0.8002232909202576,-0.010229351930320263,0.3589402139186859,0.5552462339401245,0.8963817954063416,-0.27784037590026855,0.8814323544502258,0.3559664487838745,0.7985196709632874,-0.02259974554181099,0.37055137753486633,0.5330783128738403,0.8854838609695435,-0.28930169343948364,0.8944756388664246,0.35635676980018616,0.829714298248291,-0.050829995423555374,0.3774360716342926,0.5317579507827759,0.8753244876861572,-0.2511451244354248,0.8404421210289001,0.3643397092819214,0.8242143392562866,-0.023349711671471596,0.3649730682373047,0.5914175510406494,0.7412183880805969,-0.08645720034837723,0.9997269511222839,0.5099161863327026,0.7222774028778076,0.08623932301998138,0.9996030926704407,0.6867879629135132,0.7462940812110901,0.20032186806201935,0.2208789885044098,0.6286780834197998,0.7475054264068604,0.3334241807460785,0.017085976898670197,0.7695773839950562,0.7277265787124634,0.4862878918647766,0.46255776286125183,0.7163540124893188,0.7261346578598022,0.6269227862358093,0.039703939110040665,0.7938908338546753,0.6918705701828003,0.5113016366958618,0.44220149517059326,0.7338956594467163,0.6924701929092407,0.6597422957420349,0.08210470527410507,0.781171977519989,0.8245264887809753,0.434215784072876,0.540336549282074,0.7190224528312683,0.8293179869651794,0.6347967386245728,0.12544293701648712
0.23717626929283142,0.8534130454063416,-0.4475530683994293,0.9914571642875671,0.23448023200035095,0.8229044675827026,-0.47827664017677307,0.9909098148345947,0.2391863316297531,0.815902054309845,-0.4786624312400818,0.990094780921936,0.24390384554862976,0.8083791136741638,-0.47830161452293396,0.9923410415649414,0.22506658732891083,0.8277379274368286,-0.4452540874481201,0.992330014705658,0.22249598801136017,0.8245151042938232,-0.4459685683250427,0.9940266609191895,0.21908776462078094,0.8210619688034058,-0.44621843099594116,0.996013343334198,0.2657695412635803,0.7625932693481445,-0.501575231552124,0.9948469996452332,0.23065073788166046,0.778687059879303,-0.3540031313896179,0.992193341255188,0.2589098811149597,0.8479911684989929,-0.4390036165714264,0.9938102960586548,0.25147706270217896,0.8571807742118835,-0.3998137414455414,0.9923901557922363,0.39088496565818787,0.708516001701355,-0.42099690437316895,0.9996312856674194,0.2713596224784851,0.6847667694091797,-0.21605944633483887,0.9994168281555176,0.5576192140579224,0.6114533543586731,-0.32469111680984497,0.9881518483161926,0.3619428873062134,0.6163970828056335,-0.04185081645846367,0.08514293283224106,0.5585097074508667,0.8617085814476013,-0.26055243611335754,0.9204006195068359,0.3556140065193176,0.8014194965362549,0.01529092900454998,0.3236611485481262,0.5553075075149536,0.8962396383285522,-0.29077503085136414,0.8783870935440063,0.3389854431152344,0.8060162663459778,0.004399895202368498,0.33460643887519836,0.5330541133880615,0.8856046795845032,-0.30154523253440857,0.8918340802192688,0.3407311737537384,0.8299925327301025,-0.026467394083738327,0.3409513831138611,0.5313423871994019,0.8756160140037537,-0.2613629698753357,0.8364501595497131,0.3524712920188904,0.824975311756134,0.0010949705028906465,0.3297959566116333,0.5918419361114502,0.7359761595726013,-0.08617865294218063,0.9997369647026062,0.5100588798522949,0.7170149683952332,0.08595319092273712,0.9996076822280884,0.6870444416999817,0.7427859902381897,0.20448672771453857,0.2278679460287094,0.6228530406951904,0.7448770403862,0.3390290141105652,0.016161736100912094,0.7695586681365967,0.7277129888534546,0.5111322402954102,0.46952953934669495,0.7117703557014465,0.7259396910667419,0.6553030610084534,0.03912041336297989,0.7937334179878235,0.6921154260635376,0.539244532585144,0.44949620962142944,0.7271976470947266,0.692359209060669,0.6909963488578796,0.08317743241786957,0.781196117401123,0.8251520991325378,0.4705747067928314,0.5426739454269409,0.7191344499588013,0.8251282572746277,0.6757982969284058,0.12291528284549713
0.2261192351579666,0.8425144553184509,-0.44757112860679626,0.9917105436325073,0.22350676357746124,0.8075641393661499,-0.47333160042762756,0.9912423491477966,0.2282475233078003,0.7992089986801147,-0.4737246632575989,0.9904067516326904,0.23310787975788116,0.7926545143127441,-0.47340378165245056,0.9925832152366638,0.21640101075172424,0.8110007643699646,-0.4418010115623474,0.9926567077636719,0.21552905440330505,0.8065527081489563,-0.4425312578678131,0.9942920804023743,0.21405741572380066,0.8019525408744812,-0.4427918493747711,0.9961979389190674,0.26276499032974243,0.74583899974823,-0.4865715503692627,0.9949159026145935,0.23149004578590393,0.7544617652893066,-0.34745195508003235,0.9925510287284851,0.2512972950935364,0.8443769812583923,-0.43868279457092285,0.9940040707588196,0.24627180397510529,0.847735583782196,-0.40064844489097595,0.9927400350570679,0.3939080238342285,0.6953414678573608,-0.4163784384727478,0.9996225237846375,0.2790186107158661,0.6754480004310608,-0.21040764451026917,0.9994478225708008,0.5668045878410339,0.6125243902206421,-0.3303649127483368,0.9883924722671509,0.3662300705909729,0.6420499086380005,-0.031049981713294983,0.08125898987054825,0.5586011409759521,0.861598014831543,-0.27357104420661926,0.9225999712944031,0.356054425239563,0.8098466396331787,0.002585373353213072,0.31421229243278503,0.5543243288993835,0.8954445123672485,-0.3056347370147705,0.8817770481109619,0.3319913446903229,0.8305240869522095,-0.012252222746610641,0.32977476716041565,0.5329964756965637,0.88554847240448,-0.3230401873588562,0.8948225378990173,0.33401912450790405,0.843994677066803,-0.043756600469350815,0.33865681290626526,0.5314815640449524,0.8756687641143799,-0.2776901423931122,0.8393322825431824,0.34984302520751953,0.8364996910095215,-0.012210557237267494,0.323710173368454,0.5960264205932617,0.7308871746063232,-0.08606065064668655,0.9997350573539734,0.5196367502212524,0.7149761915206909,0.08583422005176544,0.9996107220649719,0.6875631213188171,0.739935040473938,0.21342191100120544,0.22560080885887146,0.628654420375824,0.744020938873291,0.3304104208946228,0.015181935392320156,0.7696277499198914,0.7276683449745178,0.5193515419960022,0.46242794394493103,0.717940092086792,0.7258788347244263,0.6394066214561462,0.037508774548769,0.7939426302909851,0.692232608795166,0.5461351275444031,0.4451582431793213,0.7322957515716553,0.6923556327819824,0.6736664772033691,0.08174007385969162,0.7807245850563049,0.8251387476921082,0.4793998599052429,0.5358454585075378,0.7257795929908752,0.8239324688911438,0.671369194984436,0.1195569708943367
0.2257939875125885,0.7771742343902588,-0.4585587978363037,0.9922012090682983,0.22289252281188965,0.7435572147369385,-0.4801587164402008,0.9917750954627991,0.22773972153663635,0.7363720536231995,-0.4805307388305664,0.9909276962280273,0.23284952342510223,0.7289868593215942,-0.48019418120384216,0.9929842352867126,0.21591556072235107,0.7430009841918945,-0.4495570659637451,0.9931401610374451,0.21523253619670868,0.7370116114616394,-0.45030197501182556,0.9946719408035278,0.21414530277252197,0.7310788631439209,-0.4505833089351654,0.9964632987976074,0.2631339132785797,0.681951642036438,-0.48907798528671265,0.9950679540634155,0.23321624100208282,0.6842579245567322,-0.3530403673648834,0.993079662322998,0.2507610321044922,0.7827269434928894,-0.4487326145172119,0.9942915439605713,0.246205136179924,0.7846329808235168,-0.41257962584495544,0.9931983947753906,0.3958725035190582,0.6521835923194885,-0.4186991751194,0.999610960483551,0.2883068919181824,0.6343696713447571,-0.21441754698753357,0.999482274055481,0.5741762518882751,0.6125227808952332,-0.33293822407722473,0.9881064295768738,0.3621390461921692,0.6442341804504395,-0.03007025644183159,0.08389120548963547,0.5586713552474976,0.8635953068733215,-0.2794976234436035,0.9247542023658752,0.35265636444091797,0.8179309368133545,0.001315338653512299,0.3284534215927124,0.5520016551017761,0.8958677649497986,-0.31144624948501587,0.8845219016075134,0.32388240098953247,0.845890462398529,-0.014879530295729637,0.34502214193344116,0.5308887362480164,0.8860854506492615,-0.32784491777420044,0.8971651792526245,0.32841527462005615,0.852728009223938,-0.04846886545419693,0.3570518493652344,0.5300004482269287,0.8772775530815125,-0.28304141759872437,0.8415640592575073,0.34502357244491577,0.8442978858947754,-0.014114325866103172,0.3369382619857788,0.5960607528686523,0.6983847618103027,-0.08786146342754364,0.999725878238678,0.5176470875740051,0.6837009787559509,0.08762876689434052,0.9996048212051392,0.6864361763000488,0.7283982038497925,0.22204160690307617,0.22141507267951965,0.5790513157844543,0.7170289754867554,0.3597371280193329,0.014149381779134274,0.769303560256958,0.7254034876823425,0.5243402719497681,0.452095627784729,0.6824830770492554,0.6989009976387024,0.6989187002182007,0.03521440178155899,0.7939389944076538,0.6921080946922302,0.551828145980835,0.43700629472732544,0.7017418146133423,0.6738912463188171,0.7371782064437866,0.07770229876041412,0.7803876996040344,0.825671374797821,0.49147137999534607,0.5252198576927185,0.6709087491035461,0.8068098425865173,0.7399255037307739,0.11368750035762787
0.21923664212226868,0.7325270175933838,-0.42340558767318726,0.9926778674125671,0.21663209795951843,0.6925138831138611,-0.442749559879303,0.9922968745231628,0.2217758595943451,0.6860597133636475,-0.4431006908416748,0.9914453625679016,0.22750291228294373,0.6794280409812927,-0.44276100397109985,0.9933741092681885,0.20929710566997528,0.6912702322006226,-0.41306281089782715,0.9936156272888184,0.20889028906822205,0.6856219172477722,-0.4138096272945404,0.9950515627861023,0.20834442973136902,0.6804040670394897,-0.4140903949737549,0.9967215061187744,0.2606413662433624,0.6355265974998474,-0.4583607316017151,0.9952702522277832,0.23302312195301056,0.6381660103797913,-0.3263755738735199,0.9936086535453796,0.24508695304393768,0.7386621236801147,-0.41688719391822815,0.994554877281189,0.24022957682609558,0.7416295409202576,-0.38196927309036255,0.993630588054657,0.3962676227092743,0.6276886463165283,-0.40297824144363403,0.9995947480201721,0.292908251285553,0.5972933769226074,-0.20335355401039124,0.9995051622390747,0.5755712389945984,0.6124427318572998,-0.3279295265674591,0.9872657656669617,0.3618890345096588,0.6430511474609375,-0.021253537386655807,0.08382660150527954,0.5590304732322693,0.8655220866203308,-0.282686710357666,0.9242439866065979,0.3496628403663635,0.8219640254974365,0.01217886246740818,0.33271870017051697,0.5492545366287231,0.8977787494659424,-0.3153512179851532,0.8841075301170349,0.31744250655174255,0.8506477475166321,-0.0053901998326182365,0.3497770130634308,0.5283288359642029,0.88836270570755,-0.33042600750923157,0.8966173529624939,0.32357195019721985,0.8552064895629883,-0.0375022329390049,0.3646849989891052,0.5286246538162231,0.880434513092041,-0.2859104871749878,0.8390189409255981,0.3407064378261566,0.8473317623138428,-0.002416144823655486,0.33976343274116516,0.5952340364456177,0.6802219748497009,-0.08812947571277618,0.9997170567512512,0.5166269540786743,0.6548069715499878,0.08789262175559998,0.999589741230011,0.6862326264381409,0.7167576551437378,0.2301829308271408,0.21425622701644897,0.540324330329895,0.665656566619873,0.3701269030570984,0.012962279841303825,0.7698410749435425,0.7236811518669128,0.529536783695221,0.43722814321517944,0.5607761740684509,0.6681103110313416,0.7158511877059937,0.03227008506655693,0.7938653230667114,0.6919945478439331,0.5575394034385681,0.4270533621311188,0.5997430682182312,0.6461728811264038,0.7553941011428833,0.0724400207400322,0.7800759077072144,0.8259446024894714,0.49454084038734436,0.509921133518219,0.5526596307754517,0.7520790100097656,0.7690470814704895,0.10565512627363205
0.21579734981060028,0.6606757044792175,-0.4221307635307312,0.9926878809928894,0.2146613597869873,0.620753824710846,-0.4418609142303467,0.9921733140945435,0.2202148735523224,0.6154825687408447,-0.4422425329685211,0.9912963509559631,0.22628562152385712,0.610368549823761,-0.4419427812099457,0.9931550621986389,0.20576044917106628,0.6182211637496948,-0.41259580850601196,0.9936429262161255,0.20530562102794647,0.6129944920539856,-0.4133327901363373,0.9951555728912354,0.20506668090820312,0.6084558963775635,-0.4136230945587158,0.9967843890190125,0.26076799631118774,0.5648691654205322,-0.4572155475616455,0.9950676560401917,0.23352158069610596,0.5697424411773682,-0.32765573263168335,0.9938969612121582,0.24034588038921356,0.6665300726890564,-0.4157123565673828,0.9945670962333679,0.2329520285129547,0.6689313054084778,-0.3814111351966858,0.9938883185386658,0.41111165285110474,0.5935154557228088,-0.4042675495147705,0.9995801448822021,0.29817768931388855,0.5511308312416077,-0.1954408884048462,0.9995343685150146,0.5773571729660034,0.6098994612693787,-0.3300657868385315,0.9869286417961121,0.35798412561416626,0.6423148512840271,-0.02598695456981659,0.0841616839170456,0.5619890093803406,0.8655044436454773,-0.29296204447746277,0.9290879368782043,0.3494136333465576,0.829683244228363,-0.031931474804878235,0.37318867444992065,0.5498214364051819,0.8984780311584473,-0.33153221011161804,0.8923206925392151,0.3139398694038391,0.8514312505722046,-0.0566188283264637,0.3944754898548126,0.528394877910614,0.8888266682624817,-0.34735211730003357,0.9039844870567322,0.3207530975341797,0.8556804060935974,-0.09157368540763855,0.4107362627983093,0.5287384390830994,0.8806887865066528,-0.2970811724662781,0.8495156168937683,0.3388683795928955,0.8508660793304443,-0.048822298645973206,0.38384193181991577,0.5971405506134033,0.6548855900764465,-0.08804315328598022,0.999695360660553,0.5214023590087891,0.638161301612854,0.08780398964881897,0.9995685815811157,0.6900366544723511,0.6950162649154663,0.22929707169532776,0.20544202625751495,0.5584830045700073,0.6754723191261292,0.3639140725135803,0.012059476226568222,0.7703434228897095,0.7187119126319885,0.5401065349578857,0.42601099610328674,0.60835200548172,0.6776605844497681,0.6863418817520142,0.030621469020843506,0.7938743829727173,0.6919271349906921,0.5688248872756958,0.41841408610343933,0.6384482383728027,0.6529600620269775,0.7225655913352966,0.06971658021211624,0.780066967010498,0.8234778642654419,0.5101600885391235,0.49924132227897644,0.6243783235549927,0.7615751624107361,0.7168108224868774,0.10162631422281265
0.24185237288475037,0.6072272658348083,-0.42685359716415405,0.9930327534675598,0.23763778805732727,0.5709133148193359,-0.4480157494544983,0.9924985766410828,0.241779163479805,0.5622023940086365,-0.4483986794948578,0.9916979074478149,0.24640123546123505,0.5541155934333801,-0.44810256361961365,0.9933706521987915,0.22929494082927704,0.5744818449020386,-0.41852760314941406,0.9939771890640259,0.22762735188007355,0.569592297077179,-0.41926461458206177,0.9954642653465271,0.22594456374645233,0.5651870965957642,-0.41955655813217163,0.996974527835846,0.2761209309101105,0.5013987421989441,-0.46312713623046875,0.9952426552772522,0.2455431967973709,0.5247723460197449,-0.33159977197647095,0.9943510293960571,0.2628841698169708,0.6027876734733582,-0.4199250340461731,0.99482661485672,0.2564459443092346,0.6059405207633972,-0.38528168201446533,0.9943100810050964,0.423520565032959,0.5271854996681213,-0.4094627797603607,0.9995827078819275,0.30407649278640747,0.5095432996749878,-0.19752804934978485,0.9995707869529724,0.5764626264572144,0.6102830171585083,-0.3808741271495819,0.9874025583267212,0.3447488844394684,0.6442244052886963,-0.071396104991436,0.08327777683734894,0.5644137263298035,0.865645170211792,-0.3954882025718689,0.9354988932609558,0.3490026593208313,0.834839940071106,-0.14945989847183228,0.42762601375579834,0.5498532056808472,0.8985744118690491,-0.4468022882938385,0.9023246765136719,0.31222814321517944,0.8556987047195435,-0.18182627856731415,0.4494369328022003,0.5284344553947449,0.8880982995033264,-0.45750269293785095,0.9129482507705688,0.31859123706817627,0.8573579788208008,-0.21535292267799377,0.46503347158432007,0.5290111303329468,0.8785160779953003,-0.3995116949081421,0.8631805181503296,0.3374430537223816,0.8532868027687073,-0.16723451018333435,0.43895015120506287,0.6005295515060425,0.612179696559906,-0.0847989171743393,0.9996851086616516,0.5267831087112427,0.6027828454971313,0.08454369008541107,0.9995737075805664,0.6947523951530457,0.6741812229156494,0.22604747116565704,0.20724332332611084,0.5907834768295288,0.671113133430481,0.32695943117141724,0.011951955035328865,0.7704283595085144,0.7144469618797302,0.5361847877502441,0.4324199855327606,0.699531078338623,0.6827293634414673,0.6055107116699219,0.03174012526869774,0.7928212881088257,0.69195157289505,0.5610464215278625,0.42423272132873535,0.7178562879562378,0.6560619473457336,0.6358088254928589,0.07190181314945221,0.7801777720451355,0.8197857141494751,0.4904780983924866,0.5098868012428284,0.7108485698699951,0.76894211769104,0.6038927435874939,0.10680980235338211
0.2546188235282898,0.5378556847572327,-0.4497595429420471,0.9933483004570007,0.25090140104293823,0.5008202195167542,-0.47126173973083496,0.9927830696105957,0.2555033564567566,0.49317970871925354,-0.4716835021972656,0.9920476675033569,0.2610497772693634,0.48532113432884216,-0.4714116156101227,0.9935681223869324,0.243334099650383,0.5061161518096924,-0.44328975677490234,0.9942806363105774,0.24205514788627625,0.5026630759239197,-0.444103479385376,0.9957446455955505,0.24050578474998474,0.4996013343334198,-0.4444938600063324,0.9971541166305542,0.29181450605392456,0.438863068819046,-0.4851754307746887,0.995397686958313,0.26375165581703186,0.4602791368961334,-0.36203834414482117,0.994772732257843,0.27712494134902954,0.5348092913627625,-0.4420931339263916,0.9950917363166809,0.2706763446331024,0.541098952293396,-0.4092727601528168,0.9947241544723511,0.43805256485939026,0.45987358689308167,-0.43821844458580017,0.9995818734169006,0.3103071451187134,0.4691976010799408,-0.21924236416816711,0.9996057152748108,0.5758834481239319,0.6110844612121582,-0.4092671871185303,0.9878933429718018,0.3397085666656494,0.648106575012207,-0.12398338317871094,0.09248194098472595,0.5653326511383057,0.8730725049972534,-0.4253658354282379,0.9413444995880127,0.3470192551612854,0.8419000506401062,-0.22951671481132507,0.47946909070014954,0.5498453378677368,0.9034087061882019,-0.4804876446723938,0.9113376140594482,0.31164219975471497,0.8574596643447876,-0.26611289381980896,0.5001660585403442,0.5280027985572815,0.8892250657081604,-0.4927089214324951,0.9210323095321655,0.31860142946243286,0.8595288395881653,-0.30046719312667847,0.5150271654129028,0.5290622115135193,0.8797764182090759,-0.4305148124694824,0.8754971027374268,0.33654892444610596,0.8558263182640076,-0.2480238974094391,0.4899921417236328,0.6031563878059387,0.5596514940261841,-0.08073277771472931,0.999686062335968,0.5315338373184204,0.5721864700317383,0.08047313243150711,0.9995906949043274,0.697506844997406,0.6553129553794861,0.2268628627061844,0.21133683621883392,0.6217769384384155,0.660815954208374,0.32010942697525024,0.012711716815829277,0.7705315947532654,0.7133990526199341,0.5349568724632263,0.4382820129394531,0.7154918313026428,0.6849291324615479,0.6078505516052246,0.034100886434316635,0.7925570011138916,0.6939852833747864,0.5599230527877808,0.42302268743515015,0.738986074924469,0.684707522392273,0.6391468644142151,0.07382790744304657,0.7794719934463501,0.8146085739135742,0.48920202255249023,0.5194501876831055,0.716126561164856,0.772973358631134,0.5943554639816284,0.11498238891363144
0.2647666335105896,0.4769745171070099,-0.4610578417778015,0.9933000802993774,0.2639703154563904,0.4384993612766266,-0.4831816256046295,0.9925475716590881,0.26892635226249695,0.43142127990722656,-0.48362842202186584,0.9918809533119202,0.2745653986930847,0.4249039888381958,-0.48336631059646606,0.9932407140731812,0.25588372349739075,0.44579845666885376,-0.4567500948905945,0.9942845702171326,0.25462284684181213,0.44283077120780945,-0.4575735628604889,0.9958617091178894,0.2531704306602478,0.44016775488853455,-0.45800352096557617,0.9972217082977295,0.3049007058143616,0.383480966091156,-0.49769100546836853,0.9951713681221008,0.2742123007774353,0.40193086862564087,-0.38190704584121704,0.9950547218322754,0.2870023846626282,0.47630438208580017,-0.4532051086425781,0.9950037002563477,0.27886155247688293,0.48265254497528076,-0.4222739636898041,0.9949417114257812,0.4423503875732422,0.41507476568222046,-0.4578956961631775,0.99956214427948,0.3119755685329437,0.42093148827552795,-0.24260607361793518,0.9996345639228821,0.5718504190444946,0.6053342223167419,-0.42599353194236755,0.987615168094635,0.3411356806755066,0.636114239692688,-0.17007599771022797,0.09928455203771591,0.5652998685836792,0.8687505722045898,-0.43205752968788147,0.9461783766746521,0.34941238164901733,0.8423076272010803,-0.2854459881782532,0.5267384648323059,0.5501331090927124,0.9029706120491028,-0.48643428087234497,0.9191576838493347,0.3118383586406708,0.8595834374427795,-0.3225826621055603,0.5465553402900696,0.5286046266555786,0.8879643678665161,-0.49980640411376953,0.9281022548675537,0.3194463849067688,0.8612767457962036,-0.35937464237213135,0.5606995224952698,0.5298863649368286,0.8776963353157043,-0.4378693699836731,0.8862329125404358,0.3402470350265503,0.8565107583999634,-0.30533555150032043,0.5369799733161926,0.6046274304389954,0.5312513709068298,-0.07556267827749252,0.9996922612190247,0.5314099192619324,0.5471306443214417,0.07530529797077179,0.9996113181114197,0.697256326675415,0.6368658542633057,0.2225932776927948,0.21162208914756775,0.6402861475944519,0.6487365365028381,0.2884688973426819,0.013529016636312008,0.7706787586212158,0.7112872004508972,0.5082181096076965,0.44523704051971436,0.735771894454956,0.685497522354126,0.5562352538108826,0.037264011800289154,0.7925721406936646,0.6942759156227112,0.5296158194541931,0.4240575134754181,0.7560218572616577,0.701677680015564,0.5852303504943848,0.07625354826450348,0.7796129584312439,0.814900279045105,0.43322768807411194,0.5309752821922302,0.7284518480300903,0.7749439477920532,0.5246502757072449,0.1243153065443039
0.28801411390304565,0.42415645718574524,-0.5117560625076294,0.9932799339294434,0.28510838747024536,0.3866458833217621,-0.5335327386856079,0.992241382598877,0.29026660323143005,0.3793148100376129,-0.5339759588241577,0.9915838837623596,0.29553982615470886,0.37271177768707275,-0.5337263345718384,0.9927071928977966,0.2758978009223938,0.39461055397987366,-0.5094828605651855,0.9943174719810486,0.27416107058525085,0.3924105763435364,-0.5102872252464294,0.9959949851036072,0.2721162438392639,0.3907555937767029,-0.5107283592224121,0.9973090887069702,0.31833794713020325,0.3324238359928131,-0.5362549424171448,0.9947221875190735,0.28508618474006653,0.35658714175224304,-0.4320434629917145,0.9953405261039734,0.3107720613479614,0.4246276319026947,-0.4983292520046234,0.9947307705879211,0.2995759844779968,0.43275853991508484,-0.47075730562210083,0.9951266646385193,0.45068567991256714,0.3690107464790344,-0.4983512759208679,0.9995211362838745,0.3153097331523895,0.39545875787734985,-0.28954917192459106,0.9996635317802429,0.5638764500617981,0.6037498116493225,-0.47881823778152466,0.9872484803199768,0.3429018557071686,0.6237456202507019,-0.23102791607379913,0.12518556416034698,0.5663521885871887,0.8678209185600281,-0.4826652407646179,0.9502301216125488,0.35015878081321716,0.8410689234733582,-0.35376083850860596,0.5723716020584106,0.5509458184242249,0.8984513282775879,-0.5400378704071045,0.9260119795799255,0.3128998279571533,0.8594751954078674,-0.39294931292533875,0.5905387997627258,0.5296915769577026,0.8880653977394104,-0.554482102394104,0.9343464374542236,0.31997522711753845,0.8611679077148438,-0.4327070713043213,0.6035972833633423,0.5314642190933228,0.8787763714790344,-0.489581435918808,0.8957634568214417,0.3434707224369049,0.8559855818748474,-0.37510591745376587,0.5817714929580688,0.6065616607666016,0.5045743584632874,-0.0723099410533905,0.9996890425682068,0.5307056307792664,0.5285371541976929,0.07207426428794861,0.9996293187141418,0.6980782747268677,0.6212795376777649,0.2124929130077362,0.21098947525024414,0.6443079113960266,0.646267294883728,0.282819539308548,0.014552587643265724,0.7718998789787292,0.7091917991638184,0.4764145314693451,0.45306023955345154,0.7430408596992493,0.6964208483695984,0.5335983633995056,0.041295621544122696,0.7929459810256958,0.6948632597923279,0.4962116777896881,0.4313274025917053,0.7642155885696411,0.700437605381012,0.5602325797080994,0.08002114295959473,0.7790312170982361,0.8151271343231201,0.3892265260219574,0.5451420545578003,0.7355629205703735,0.7832197546958923,0.4806061387062073,0.1350872665643692
0.2987126410007477,0.38088133931159973,-0.5276103019714355,0.9932549595832825,0.29639121890068054,0.3442659378051758,-0.5468624830245972,0.9919053912162781,0.3019677996635437,0.33673736453056335,-0.5473150014877319,0.9912425875663757,0.30770251154899597,0.3298923969268799,-0.5470840930938721,0.9921245574951172,0.28651851415634155,0.35245102643966675,-0.525204598903656,0.9943372011184692,0.28450846672058105,0.3511055111885071,-0.5259904861450195,0.9961107969284058,0.2822948098182678,0.350360244512558,-0.5264195799827576,0.9973864555358887,0.33079689741134644,0.29066038131713867,-0.5401286482810974,0.9942121505737305,0.2949015498161316,0.3197556734085083,-0.44638848304748535,0.9955910444259644,0.3214379847049713,0.3835392892360687,-0.5106675028800964,0.9943590760231018,0.3087596297264099,0.3930189907550812,-0.48620548844337463,0.9952724575996399,0.45540565252304077,0.35270991921424866,-0.5033642053604126,0.9994639754295349,0.32376307249069214,0.3788095712661743,-0.29801565408706665,0.9996891021728516,0.5563775300979614,0.6023753881454468,-0.4774400293827057,0.9863669872283936,0.3430149257183075,0.6148537397384644,-0.2322341948747635,0.1550218015909195,0.5667601227760315,0.8648926019668579,-0.4775559902191162,0.9535617232322693,0.35144102573394775,0.8390418291091919,-0.3507998287677765,0.6139718294143677,0.5515798330307007,0.8991211652755737,-0.5352519750595093,0.9319748878479004,0.3149506151676178,0.8588391542434692,-0.38792160153388977,0.6305532455444336,0.529803454875946,0.8878743648529053,-0.5498641729354858,0.9398103952407837,0.3244946002960205,0.8601122498512268,-0.43020009994506836,0.6425389647483826,0.5315957069396973,0.8783376216888428,-0.48478785157203674,0.9040929079055786,0.3470822274684906,0.8539079427719116,-0.3726504445075989,0.6225378513336182,0.6091707348823547,0.4904281198978424,-0.07107820361852646,0.9996780157089233,0.5306833982467651,0.508512020111084,0.07082806527614594,0.9996419548988342,0.6990408301353455,0.614863395690918,0.20439490675926208,0.20894639194011688,0.6440056562423706,0.6393754482269287,0.28572148084640503,0.015153148211538792,0.7718793749809265,0.7051423192024231,0.4676433205604553,0.45390304923057556,0.7405456304550171,0.6952331066131592,0.5326820611953735,0.043691590428352356,0.7927757501602173,0.6948757767677307,0.48817020654678345,0.4345376491546631,0.7610236406326294,0.6862289309501648,0.5591351389884949,0.08275476843118668,0.7792571187019348,0.8152889013290405,0.38871273398399353,0.5519715547561646,0.7394505739212036,0.7838022112846375,0.4850018620491028,0.1411442905664444
0.3025442957878113,0.35076141357421875,-0.5292482972145081,0.9928941130638123,0.3001958131790161,0.31274133920669556,-0.5475225448608398,0.991053581237793,0.3051362633705139,0.30576106905937195,-0.5479750633239746,0.9903391599655151,0.31037670373916626,0.2992004156112671,-0.5477795600891113,0.9910967350006104,0.2918086051940918,0.31891828775405884,-0.527152419090271,0.9940721392631531,0.29005807638168335,0.3169260621070862,-0.527922511100769,0.9960482120513916,0.2879689037799835,0.31558510661125183,-0.5283349752426147,0.9973618984222412,0.3342262804508209,0.26168057322502136,-0.5387989282608032,0.9933586716651917,0.30261510610580444,0.28589391708374023,-0.4509390890598297,0.9956955909729004,0.3236803710460663,0.3541886508464813,-0.511824369430542,0.9938988089561462,0.3132002651691437,0.3634118437767029,-0.48903346061706543,0.9953445196151733,0.46060246229171753,0.3453545570373535,-0.50589919090271,0.9994157552719116,0.33218294382095337,0.36844879388809204,-0.2975005805492401,0.9997107982635498,0.5478378534317017,0.6018156409263611,-0.47731128334999084,0.9859009981155396,0.34332168102264404,0.6147078275680542,-0.21904797852039337,0.1856725513935089,0.5667189359664917,0.8638612627983093,-0.4784921109676361,0.9568241834640503,0.3526195287704468,0.8382639288902283,-0.33333921432495117,0.6512526273727417,0.5516071319580078,0.8986606001853943,-0.5382471084594727,0.9374592900276184,0.31550925970077515,0.8582596778869629,-0.3696393370628357,0.6664133667945862,0.5298249125480652,0.8877061605453491,-0.5542013049125671,0.9448113441467285,0.3250691592693329,0.8598458766937256,-0.4154391288757324,0.6774773597717285,0.5315322279930115,0.8782556056976318,-0.48648661375045776,0.9116629362106323,0.34729254245758057,0.8536954522132874,-0.3564254939556122,0.6590248346328735,0.6144952178001404,0.47643792629241943,-0.07024425268173218,0.9996606111526489,0.5343099236488342,0.4915790557861328,0.06999195367097855,0.9996476173400879,0.6993633508682251,0.6055112481117249,0.20184652507305145,0.20476339757442474,0.6533054709434509,0.6264491677284241,0.2860685884952545,0.015211012214422226,0.7737749814987183,0.7067370414733887,0.45881715416908264,0.4512740969657898,0.7449274063110352,0.6952261328697205,0.5310750007629395,0.0437389574944973,0.7964532375335693,0.7178326845169067,0.47816234827041626,0.4369477331638336,0.7651123404502869,0.6869451999664307,0.556761622428894,0.08258235454559326,0.7712899446487427,0.8143571615219116,0.3719949424266815,0.5562841892242432,0.7329782247543335,0.7841780185699463,0.4746200144290924,0.14235031604766846
0.3038434088230133,0.33963504433631897,-0.5266621112823486,0.9931313395500183,0.30184662342071533,0.30278387665748596,-0.5452161431312561,0.9911962151527405,0.30672964453697205,0.2945873439311981,-0.5456628203392029,0.9905221462249756,0.3119114637374878,0.2874307930469513,-0.5454803705215454,0.9911923408508301,0.2942500710487366,0.30989110469818115,-0.5242465734481812,0.9942701458930969,0.2930700182914734,0.3075842261314392,-0.5249971747398376,0.9962242841720581,0.2915586233139038,0.30571824312210083,-0.5253937244415283,0.9974833130836487,0.33731311559677124,0.24961957335472107,-0.540735125541687,0.9933878183364868,0.3099133372306824,0.2718755602836609,-0.4505455493927002,0.9959542751312256,0.32600167393684387,0.34210506081581116,-0.511482298374176,0.9940518140792847,0.31669020652770996,0.35070765018463135,-0.48784536123275757,0.995615541934967,0.46349915862083435,0.33490750193595886,-0.5164504647254944,0.9994115829467773,0.3371984362602234,0.3668019473552704,-0.2944444417953491,0.9997317790985107,0.5451771020889282,0.6009121537208557,-0.4908660054206848,0.9857027530670166,0.34383338689804077,0.6137225031852722,-0.21481084823608398,0.21120433509349823,0.5666928291320801,0.8644711971282959,-0.49409493803977966,0.9601687788963318,0.3535795509815216,0.8380428552627563,-0.3247874677181244,0.684580385684967,0.5516248345375061,0.8997099995613098,-0.5566994547843933,0.9427704811096191,0.31584227085113525,0.859277606010437,-0.3603585660457611,0.698422372341156,0.5299617648124695,0.8885638117790222,-0.5704805254936218,0.9496004581451416,0.32548364996910095,0.8597804307937622,-0.40728139877319336,0.708723783493042,0.5318255424499512,0.878660261631012,-0.5015563368797302,0.9189674258232117,0.34768199920654297,0.8535834550857544,-0.3485073447227478,0.6915995478630066,0.6156384944915771,0.46442943811416626,-0.07073129713535309,0.999653160572052,0.5350302457809448,0.4821505546569824,0.07048095762729645,0.99965500831604,0.7000800967216492,0.6014738082885742,0.19864697754383087,0.20764750242233276,0.6492322087287903,0.6310441493988037,0.27779608964920044,0.015775205567479134,0.7739650011062622,0.7070114612579346,0.458828866481781,0.4585227966308594,0.747838020324707,0.6953850388526917,0.5418866276741028,0.043892752379179,0.7973435521125793,0.721262514591217,0.47860902547836304,0.4413986802101135,0.7598583102226257,0.6951923966407776,0.5699124336242676,0.08198149502277374,0.7712539434432983,0.8109807372093201,0.3704095184803009,0.5667956471443176,0.7290067076683044,0.7848877906799316,0.49327152967453003,0.14438635110855103
0.3055415749549866,0.33365049958229065,-0.521747887134552,0.9936484694480896,0.30344685912132263,0.2948155999183655,-0.5382524728775024,0.9918814897537231,0.308368980884552,0.2867284417152405,-0.5386974215507507,0.9912450313568115,0.31362515687942505,0.27917709946632385,-0.5385212302207947,0.991866946220398,0.29580551385879517,0.3017609417438507,-0.517193078994751,0.9947229027748108,0.2943473756313324,0.3000323176383972,-0.5179489850997925,0.9965243339538574,0.2924998700618744,0.29866987466812134,-0.5183510780334473,0.9976853728294373,0.340652734041214,0.24212034046649933,-0.5337924361228943,0.9938910007476807,0.3109321892261505,0.26683780550956726,-0.4389122426509857,0.9962925314903259,0.32746145129203796,0.33757922053337097,-0.5056396126747131,0.9944767355918884,0.3184641897678375,0.34647050499916077,-0.4821345806121826,0.9959691762924194,0.46638455986976624,0.32935628294944763,-0.5038198232650757,0.9994206428527832,0.3391818106174469,0.36675646901130676,-0.2887420058250427,0.9997473359107971,0.5400850176811218,0.5986136794090271,-0.48658591508865356,0.985932469367981,0.34493836760520935,0.6142050623893738,-0.21086284518241882,0.24798059463500977,0.5666707754135132,0.8632416725158691,-0.5036523342132568,0.9633086919784546,0.35355493426322937,0.8378121852874756,-0.32230907678604126,0.7136321663856506,0.5516406297683716,0.8983215093612671,-0.5658259987831116,0.947510838508606,0.3161696493625641,0.8588688969612122,-0.35850730538368225,0.7260395288467407,0.5303757786750793,0.8878178000450134,-0.5795043706893921,0.9538475275039673,0.3258047103881836,0.8597044348716736,-0.40303540229797363,0.7359474301338196,0.5325698852539062,0.8783537149429321,-0.5111314654350281,0.9254387021064758,0.347767174243927,0.853458046913147,-0.34510520100593567,0.7196835279464722,0.6163073778152466,0.4624181091785431,-0.06754609942436218,0.9996697902679443,0.5361990332603455,0.4790935516357422,0.06729833781719208,0.9996734261512756,0.7002581357955933,0.5987864136695862,0.20317813754081726,0.24788416922092438,0.6234146356582642,0.6299244165420532,0.2529335618019104,0.02463163435459137,0.7744147181510925,0.7082945108413696,0.461850106716156,0.4938279986381531,0.6562858819961548,0.6893526911735535,0.5488280057907104,0.049909256398677826,0.7980369329452515,0.7241892218589783,0.48140740394592285,0.46372467279434204,0.6686010956764221,0.6898828148841858,0.579806923866272,0.0875936821103096,0.7715868353843689,0.8111740946769714,0.3679523766040802,0.5951501131057739,0.6414260268211365,0.7590480446815491,0.515450119972229,0.1598222851753235
0.30623066425323486,0.3330615758895874,-0.5181048512458801,0.9941276907920837,0.3043995797634125,0.2938351035118103,-0.5299631357192993,0.9925081729888916,0.3094308376312256,0.28589507937431335,-0.5304279327392578,0.9919164776802063,0.3149755597114563,0.27817925810813904,-0.5303186178207397,0.9924864768981934,0.2961668372154236,0.30062344670295715,-0.5144869089126587,0.9951362609863281,0.29410505294799805,0.298999160528183,-0.5152009725570679,0.9968015551567078,0.29166170954704285,0.29772675037384033,-0.5156389474868774,0.997870683670044,0.34165483713150024,0.23995725810527802,-0.521755039691925,0.994365930557251,0.3087426722049713,0.26659372448921204,-0.43086615204811096,0.9966083765029907,0.3280177414417267,0.3362036943435669,-0.5020540356636047,0.9948969483375549,0.3181915581226349,0.3467109501361847,-0.4768754541873932,0.9963049292564392,0.4668899178504944,0.3242596983909607,-0.4963111877441406,0.9994397759437561,0.340835303068161,0.3685767352581024,-0.2833225429058075,0.999762773513794,0.5371897220611572,0.5907536745071411,-0.48122820258140564,0.9861041307449341,0.3466649055480957,0.6145300269126892,-0.2070426046848297,0.2765358090400696,0.5666466355323792,0.8625365495681763,-0.5045394897460938,0.966245174407959,0.35322535037994385,0.8373306393623352,-0.3112146258354187,0.739523708820343,0.5515791177749634,0.8972375392913818,-0.5675455927848816,0.9519497752189636,0.31654447317123413,0.8588023781776428,-0.34733453392982483,0.7507758736610413,0.5304810404777527,0.8870411515235901,-0.5798276662826538,0.9578110575675964,0.32611122727394104,0.859587550163269,-0.3900228440761566,0.760356068611145,0.5330451726913452,0.8780585527420044,-0.5116387605667114,0.9315180778503418,0.3477596342563629,0.8534823656082153,-0.33322444558143616,0.7448713183403015,0.6164449453353882,0.45815375447273254,-0.06445048749446869,0.9996888041496277,0.5370981097221375,0.478280633687973,0.06420344114303589,0.9996932148933411,0.700550377368927,0.597813606262207,0.20864558219909668,0.2797013223171234,0.6246203184127808,0.6192702651023865,0.25085052847862244,0.03099123202264309,0.7744148373603821,0.7062190771102905,0.46649593114852905,0.5229911804199219,0.6522403955459595,0.683352530002594,0.5544286966323853,0.052845511585474014,0.7978906631469727,0.7200241088867188,0.48710107803344727,0.48160552978515625,0.6649071574211121,0.6816053986549377,0.5827743411064148,0.09032273292541504,0.7755408883094788,0.8087477087974548,0.37934938073158264,0.6191256046295166,0.6452924609184265,0.7476950883865356,0.5158430337905884,0.1688520312309265
0.30816057324409485,0.3424358069896698,-0.517189085483551,0.9945518374443054,0.3070829510688782,0.30325639247894287,-0.528852641582489,0.993077278137207,0.3119247257709503,0.29602187871932983,-0.529325544834137,0.992520272731781,0.31729647517204285,0.28915461897850037,-0.5292822122573853,0.9930477738380432,0.29841628670692444,0.31054091453552246,-0.5109167695045471,0.9955031871795654,0.29598742723464966,0.3093164563179016,-0.511651873588562,0.997045636177063,0.2932186722755432,0.30848366022109985,-0.5120639204978943,0.9980337023735046,0.3425956964492798,0.24827072024345398,-0.5216624736785889,0.9948081374168396,0.3089526295661926,0.27336418628692627,-0.42861074209213257,0.9968913793563843,0.3291531503200531,0.345081627368927,-0.4997195303440094,0.9952667951583862,0.3187367618083954,0.3563443422317505,-0.4717472195625305,0.9965975880622864,0.46802568435668945,0.3242034912109375,-0.4949495196342468,0.9994532465934753,0.3411116600036621,0.3676920235157013,-0.2905431091785431,0.9997739195823669,0.5370067954063416,0.5908133387565613,-0.49414101243019104,0.9864997863769531,0.3475757837295532,0.6136954426765442,-0.22333021461963654,0.3097304403781891,0.5664561986923218,0.8626905083656311,-0.5234764814376831,0.9690245389938354,0.3527415096759796,0.8358495235443115,-0.31897759437561035,0.7627445459365845,0.5514481067657471,0.8976821899414062,-0.5861977338790894,0.9560150504112244,0.3169548511505127,0.8584997653961182,-0.35430777072906494,0.7726396918296814,0.53048175573349,0.8870304822921753,-0.5969817638397217,0.9614199995994568,0.3262128531932831,0.8595434427261353,-0.39499199390411377,0.7820099592208862,0.5330548882484436,0.8780372738838196,-0.5301843285560608,0.9371065497398376,0.3477431535720825,0.8534164428710938,-0.3399985134601593,0.7671058177947998,0.6172289848327637,0.46282726526260376,-0.0615486204624176,0.9997095465660095,0.5374877452850342,0.47844696044921875,0.061304353177547455,0.999713659286499,0.7013602256774902,0.6007031798362732,0.22414004802703857,0.32818445563316345,0.5937809348106384,0.6212144494056702,0.24874767661094666,0.047554634511470795,0.7748035192489624,0.7064061164855957,0.4750717580318451,0.5603870749473572,0.6082043051719666,0.6808583736419678,0.549270749092102,0.06452831625938416,0.7981775403022766,0.7188237309455872,0.4948844015598297,0.511481523513794,0.619243860244751,0.6791587471961975,0.5813418626785278,0.10314800590276718,0.7761332988739014,0.8079284429550171,0.38388681411743164,0.6485798954963684,0.5945668816566467,0.7465924024581909,0.5242895483970642,0.1961955726146698
0.30474260449409485,0.35506269335746765,-0.5122529864311218,0.9945347905158997,0.3046373724937439,0.31367936730384827,-0.5278581380844116,0.9929432272911072,0.309603214263916,0.3065372705459595,-0.5283048748970032,0.9924291968345642,0.31500834226608276,0.30013397336006165,-0.5281978249549866,0.9928968548774719,0.29525789618492126,0.32318204641342163,-0.5069306492805481,0.9954918622970581,0.29300203919410706,0.32251816987991333,-0.5076662302017212,0.9970893263816833,0.2904943823814392,0.3221931755542755,-0.5080622434616089,0.9980664253234863,0.34056609869003296,0.2618938684463501,-0.5267671346664429,0.9948036074638367,0.30596327781677246,0.28943416476249695,-0.4271088242530823,0.9970426559448242,0.32611507177352905,0.35860973596572876,-0.4977501928806305,0.9953431487083435,0.31612738966941833,0.3686973452568054,-0.4699283242225647,0.9967467784881592,0.46740636229515076,0.3306998908519745,-0.49817195534706116,0.999440610408783,0.33980652689933777,0.3710225522518158,-0.2860027849674225,0.9997872114181519,0.5392926931381226,0.5914962291717529,-0.4858856201171875,0.986550509929657,0.34843140840530396,0.6131194829940796,-0.2085370272397995,0.3162339925765991,0.5663368105888367,0.862858235836029,-0.5040341019630432,0.9714637398719788,0.3527158200740814,0.8356537818908691,-0.30104970932006836,0.7846941351890564,0.5514706969261169,0.8996021747589111,-0.5662747621536255,0.9597886800765991,0.317191481590271,0.8576228022575378,-0.3353281617164612,0.7939637303352356,0.5304919481277466,0.88701993227005,-0.5775141716003418,0.9647868275642395,0.3262970447540283,0.8588347434997559,-0.3776033818721771,0.8027468919754028,0.5330535173416138,0.8778703212738037,-0.510724663734436,0.9423503875732422,0.347728431224823,0.8532494306564331,-0.3224983811378479,0.788809597492218,0.6179021596908569,0.46802160143852234,-0.0642256811261177,0.9997109770774841,0.5412100553512573,0.4852416217327118,0.06401465833187103,0.9997231960296631,0.7013630867004395,0.6030408143997192,0.20366187393665314,0.32914161682128906,0.6294390559196472,0.6098893284797668,0.2597406804561615,0.04558800533413887,0.7752374410629272,0.7065247297286987,0.4645366668701172,0.5719219446182251,0.7265580892562866,0.6813890337944031,0.5499595403671265,0.06519217789173126,0.79847252368927,0.7186765670776367,0.4845467209815979,0.5232764482498169,0.747305691242218,0.6792241930961609,0.5794923901557922,0.10479076206684113,0.7772155404090881,0.8077871799468994,0.3722671866416931,0.6619065999984741,0.7256470918655396,0.775764524936676,0.503526508808136,0.2018248587846756
0.3040049076080322,0.3720112144947052,-0.5021899342536926,0.9942909479141235,0.30348750948905945,0.33151161670684814,-0.5191274285316467,0.9924697875976562,0.30880600214004517,0.32357850670814514,-0.5195462107658386,0.9920150637626648,0.3143296539783478,0.31581878662109375,-0.519442617893219,0.9924152493476868,0.29408520460128784,0.34052732586860657,-0.49740415811538696,0.9952818751335144,0.29227399826049805,0.3394568860530853,-0.498121976852417,0.9970256090164185,0.2902928292751312,0.338562548160553,-0.4985043406486511,0.9980283975601196,0.3384140133857727,0.2792857587337494,-0.5214813351631165,0.9946147799491882,0.3051450550556183,0.3050518333911896,-0.4224552512168884,0.9971195459365845,0.32572096586227417,0.37619346380233765,-0.48988184332847595,0.9952649474143982,0.31491363048553467,0.3855705261230469,-0.46273165941238403,0.9968133568763733,0.4657600522041321,0.3368522524833679,-0.4893506169319153,0.9994218349456787,0.33802562952041626,0.38089749217033386,-0.276934951543808,0.9997988939285278,0.550602912902832,0.5968908667564392,-0.4774514138698578,0.9858877062797546,0.3499343991279602,0.6133516430854797,-0.20022490620613098,0.3106323778629303,0.5663160085678101,0.8638488054275513,-0.5017998814582825,0.9732583165168762,0.35245734453201294,0.8354099988937378,-0.29592621326446533,0.8041715025901794,0.5519533157348633,0.9026862382888794,-0.5631366968154907,0.9628629684448242,0.31746938824653625,0.85750412940979,-0.33020198345184326,0.8130698800086975,0.5305448174476624,0.8872273564338684,-0.5667754411697388,0.9675583839416504,0.3264135718345642,0.8585454225540161,-0.37376564741134644,0.8213098645210266,0.5330432653427124,0.8779090642929077,-0.5061371326446533,0.9465234875679016,0.34771451354026794,0.8531425595283508,-0.31786206364631653,0.8081618547439575,0.6175776720046997,0.4722766876220703,-0.06439705938100815,0.9997055530548096,0.5405563712120056,0.4925725758075714,0.06419771909713745,0.9997276067733765,0.7016164660453796,0.605674684047699,0.19727644324302673,0.32043200731277466,0.646044135093689,0.6109766364097595,0.2634006440639496,0.04311845824122429,0.7757195234298706,0.7070910334587097,0.45160168409347534,0.5750151872634888,0.7472730278968811,0.6850894689559937,0.5208107829093933,0.06483244895935059,0.7988309860229492,0.7184375524520874,0.4706447124481201,0.5299065113067627,0.7680656313896179,0.6823597550392151,0.5470143556594849,0.10545814782381058,0.7779118418693542,0.8082548379898071,0.362295925617218,0.6691790223121643,0.7415558099746704,0.7897782921791077,0.46803003549575806,0.20421536266803741
0.29743582010269165,0.3964062035083771,-0.487701416015625,0.9942750930786133,0.29649603366851807,0.35872015357017517,-0.5062706470489502,0.9923534393310547,0.3017413914203644,0.35096386075019836,-0.5066425204277039,0.9919071793556213,0.3083077669143677,0.34280380606651306,-0.5065025091171265,0.992263674736023,0.28759869933128357,0.36645618081092834,-0.4818043112754822,0.9952595233917236,0.28560084104537964,0.3642604351043701,-0.482525110244751,0.9970499873161316,0.28320008516311646,0.36246272921562195,-0.4828776717185974,0.9980514049530029,0.33793753385543823,0.3020305335521698,-0.5099892020225525,0.9945927262306213,0.29964739084243774,0.3272395133972168,-0.4019649922847748,0.9972349405288696,0.32003453373908997,0.39854010939598083,-0.4760685861110687,0.995323896408081,0.3098842203617096,0.40684789419174194,-0.44692572951316833,0.9969269037246704,0.4648002088069916,0.3493838906288147,-0.462747186422348,0.9994051456451416,0.3349047005176544,0.3824460804462433,-0.25694167613983154,0.9998115301132202,0.5650864839553833,0.5990790724754333,-0.44150495529174805,0.9857878684997559,0.3498988747596741,0.6130130290985107,-0.17243261635303497,0.3060719668865204,0.5662713646888733,0.8642411828041077,-0.45635786652565,0.975044846534729,0.3523738384246826,0.8354024291038513,-0.2739335596561432,0.8218013644218445,0.5526458621025085,0.9037185907363892,-0.5113328695297241,0.9656808972358704,0.31762540340423584,0.8573524355888367,-0.30721667408943176,0.8302387595176697,0.5307080149650574,0.8872246742248535,-0.519443690776825,0.9700820446014404,0.32635238766670227,0.8584625124931335,-0.34711334109306335,0.8379750847816467,0.5330547094345093,0.8778512477874756,-0.4610890746116638,0.9503198862075806,0.3471922278404236,0.8530968427658081,-0.29423072934150696,0.8254846334457397,0.6159769892692566,0.4777534604072571,-0.0645269826054573,0.9996989965438843,0.5402097702026367,0.49508005380630493,0.06433505564928055,0.9997324347496033,0.7017454504966736,0.6064071655273438,0.19364045560359955,0.3136269450187683,0.6502529382705688,0.6146568059921265,0.257071852684021,0.040874116122722626,0.7757599949836731,0.7083971500396729,0.44487491250038147,0.577078104019165,0.7491409778594971,0.6909999847412109,0.49397629499435425,0.06448350846767426,0.7987655401229858,0.7180274128913879,0.4634990692138672,0.5366801023483276,0.7670797109603882,0.6843161582946777,0.51854407787323,0.10578669607639313,0.7783560752868652,0.8095924258232117,0.3577052652835846,0.6770862340927124,0.7444855570793152,0.7990586161613464,0.43980780243873596,0.20824363827705383
0.28159818053245544,0.46326395869255066,-0.45446115732192993,0.9937078356742859,0.27856239676475525,0.42666372656822205,-0.4760381281375885,0.9915322661399841,0.2834540009498596,0.4189353883266449,-0.47639650106430054,0.9911277890205383,0.28949353098869324,0.41079822182655334,-0.4762238562107086,0.9914964437484741,0.2708388566970825,0.4325631558895111,-0.45002683997154236,0.9947761297225952,0.269543319940567,0.43029922246932983,-0.4507361352443695,0.9968117475509644,0.26800498366355896,0.42801326513290405,-0.45107126235961914,0.9979025721549988,0.3193575441837311,0.36854350566864014,-0.4916688799858093,0.9942389130592346,0.28711050748825073,0.3890959322452545,-0.37679001688957214,0.9971681237220764,0.3042735457420349,0.4678550362586975,-0.44721072912216187,0.9951561093330383,0.29663631319999695,0.4710288941860199,-0.41630274057388306,0.9968619346618652,0.4591194689273834,0.38455674052238464,-0.44715410470962524,0.9993990063667297,0.3301149010658264,0.4145531952381134,-0.2374027967453003,0.9998201131820679,0.573168158531189,0.6046158671379089,-0.43182358145713806,0.9843555688858032,0.34956830739974976,0.621392011642456,-0.15449900925159454,0.2872196435928345,0.5661869645118713,0.8650117516517639,-0.451555073261261,0.9759277105331421,0.35185694694519043,0.8379263877868652,-0.25652462244033813,0.8356473445892334,0.552686333656311,0.904481828212738,-0.5051989555358887,0.9676283597946167,0.31784600019454956,0.8572059869766235,-0.29046544432640076,0.8444488644599915,0.530719518661499,0.8872241377830505,-0.5144742727279663,0.9718889594078064,0.32572370767593384,0.8585139513015747,-0.3272356390953064,0.8519541621208191,0.5330022573471069,0.8778495192527771,-0.4563196301460266,0.9527101516723633,0.34631699323654175,0.8536962866783142,-0.27594995498657227,0.8395636677742004,0.6106172800064087,0.5012668371200562,-0.06734786927700043,0.9996867179870605,0.5399094820022583,0.5315030217170715,0.06715261936187744,0.9997318983078003,0.7017162442207336,0.6212625503540039,0.1953563392162323,0.2947046458721161,0.6507319211959839,0.626542866230011,0.2618091404438019,0.03773529455065727,0.7754794359207153,0.708884060382843,0.4479133188724518,0.5603034496307373,0.7456191778182983,0.6940514445304871,0.5117613077163696,0.061213694512844086,0.7970048785209656,0.7162813544273376,0.4667506814002991,0.5234006643295288,0.7642708420753479,0.685714840888977,0.5395528078079224,0.1016383245587349,0.779647707939148,0.8111267685890198,0.3678397536277771,0.6687490344047546,0.7455351948738098,0.8015855550765991,0.46743646264076233,0.20222918689250946
0.27119991183280945,0.5428739786148071,-0.4372691512107849,0.9933791160583496,0.26696810126304626,0.5040213465690613,-0.4589383602142334,0.9912657737731934,0.2713020443916321,0.49600252509117126,-0.4592765271663666,0.9908260703086853,0.2770090103149414,0.48721835017204285,-0.45910006761550903,0.9913262128829956,0.2601592242717743,0.5087785720825195,-0.43141621351242065,0.9945186376571655,0.2593620717525482,0.5046206712722778,-0.4321214556694031,0.9966224431991577,0.2583274841308594,0.500758171081543,-0.4324275553226471,0.9978016018867493,0.3068622648715973,0.43873879313468933,-0.47469544410705566,0.9941599369049072,0.27981820702552795,0.4561508297920227,-0.35229530930519104,0.9970800280570984,0.2957661747932434,0.5373527407646179,-0.42995959520339966,0.9951608180999756,0.28891149163246155,0.5411166548728943,-0.3971656262874603,0.9968339204788208,0.4541030824184418,0.43287405371665955,-0.4258003830909729,0.9994086623191833,0.33007076382637024,0.4597953259944916,-0.21078899502754211,0.9998286366462708,0.5812497735023499,0.6082408428192139,-0.41610878705978394,0.9837358593940735,0.3490888476371765,0.6371520757675171,-0.09993795305490494,0.2698476016521454,0.5660862922668457,0.8649992346763611,-0.44592446088790894,0.9768201112747192,0.3509220480918884,0.8388944864273071,-0.17142310738563538,0.8466734886169434,0.5527244806289673,0.9026656150817871,-0.4972992539405823,0.9692163467407227,0.3180542588233948,0.857096254825592,-0.2004440277814865,0.8556699752807617,0.5307314991950989,0.8867886662483215,-0.5073853731155396,0.973355770111084,0.3255916237831116,0.8588024377822876,-0.23692922294139862,0.863203227519989,0.5330241918563843,0.8777757287025452,-0.4505689740180969,0.9544420838356018,0.34558144211769104,0.8550720810890198,-0.19011391699314117,0.8502103686332703,0.6095374822616577,0.547688364982605,-0.07373302429914474,0.999683678150177,0.5423117876052856,0.5721126198768616,0.07353795319795609,0.9997366070747375,0.7016280889511108,0.6437820196151733,0.1959892213344574,0.2785535752773285,0.6513152718544006,0.6586944460868835,0.2779860198497772,0.03510838747024536,0.7755001783370972,0.7117394208908081,0.4610357880592346,0.5474146604537964,0.7477927207946777,0.7067722082138062,0.5212640762329102,0.058894701302051544,0.7968968152999878,0.7162665724754333,0.4811735153198242,0.5096613764762878,0.7661959528923035,0.6938768625259399,0.5454899668693542,0.0987686961889267,0.7811761498451233,0.8119757771492004,0.38927802443504333,0.6615549921989441,0.7457520365715027,0.8050749897956848,0.4888741075992584,0.19937609136104584
0.26470834016799927,0.5766273736953735,-0.4299105107784271,0.9930455088615417,0.2599537670612335,0.5383565425872803,-0.4503350257873535,0.9910698533058167,0.26393961906433105,0.5307368636131287,-0.4506677985191345,0.990554928779602,0.26886552572250366,0.5225722193717957,-0.4504915177822113,0.9912497997283936,0.2532380521297455,0.5418285727500916,-0.42304331064224243,0.9942564964294434,0.25228583812713623,0.5372897386550903,-0.4237392544746399,0.9963786005973816,0.25110599398612976,0.5333108305931091,-0.424020379781723,0.9976772665977478,0.29996246099472046,0.47262242436408997,-0.4616243839263916,0.9940475821495056,0.2733435332775116,0.4918974041938782,-0.3402649462223053,0.9968859553337097,0.28770413994789124,0.5698762536048889,-0.42108553647994995,0.9951162934303284,0.2823645770549774,0.5717948079109192,-0.3887157440185547,0.9967330098152161,0.4517582356929779,0.47373417019844055,-0.41256189346313477,0.9994193911552429,0.32980889081954956,0.48696258664131165,-0.19584329426288605,0.999833345413208,0.5849704146385193,0.617003858089447,-0.39996418356895447,0.9836850762367249,0.34880825877189636,0.6567210555076599,-0.057140640914440155,0.25240233540534973,0.5662962198257446,0.8650078773498535,-0.43275174498558044,0.9776567220687866,0.3503546714782715,0.8407179713249207,-0.09429273009300232,0.8541417121887207,0.5530972480773926,0.9008458256721497,-0.4817771911621094,0.9704502820968628,0.3181794583797455,0.8569803237915039,-0.11662304401397705,0.8634101152420044,0.5318673253059387,0.8867978453636169,-0.4921702444553375,0.9744921922683716,0.32436248660087585,0.8591668009757996,-0.1555260419845581,0.8713710308074951,0.5348370671272278,0.8779264092445374,-0.43721646070480347,0.9556021094322205,0.34240856766700745,0.8572293519973755,-0.11301566660404205,0.8567844033241272,0.6091448068618774,0.5765620470046997,-0.0773252323269844,0.9996784925460815,0.5457322597503662,0.5963340401649475,0.07714466750621796,0.9997361898422241,0.7016676068305969,0.6567026376724243,0.19662730395793915,0.26330187916755676,0.6551183462142944,0.6720889806747437,0.2810741066932678,0.032556917518377304,0.7758033871650696,0.7115548849105835,0.46361851692199707,0.5315772294998169,0.746917188167572,0.7063754200935364,0.522077739238739,0.05592503398656845,0.797987699508667,0.7081772089004517,0.4841243326663971,0.4941866397857666,0.7654033899307251,0.6930192112922668,0.5476039052009583,0.09489969164133072,0.7876302003860474,0.8123558163642883,0.3990665674209595,0.6494580507278442,0.7511559128761292,0.8032243251800537,0.5061220526695251,0.1933499425649643
0.2572842240333557,0.635319173336029,-0.4229660630226135,0.9924022555351257,0.25012773275375366,0.5981654524803162,-0.44280368089675903,0.9905902147293091,0.2545682191848755,0.5915179252624512,-0.4431564211845398,0.9900744557380676,0.2593262791633606,0.5845479369163513,-0.4429876208305359,0.9910499453544617,0.24180030822753906,0.600226879119873,-0.41475018858909607,0.9936149716377258,0.24046048521995544,0.596344530582428,-0.41540318727493286,0.9958345293998718,0.2391473352909088,0.5927653312683105,-0.41565021872520447,0.9973220229148865,0.2871859669685364,0.5373913049697876,-0.4528566300868988,0.993939220905304,0.260222464799881,0.554915189743042,-0.3272588849067688,0.9962467551231384,0.2808936536312103,0.6338997483253479,-0.4138949513435364,0.9949830770492554,0.27451053261756897,0.6375805139541626,-0.38043680787086487,0.9964013695716858,0.43417906761169434,0.5346823930740356,-0.4054792523384094,0.9994451999664307,0.329780638217926,0.5328646302223206,-0.1730717122554779,0.9998265504837036,0.5839676856994629,0.6171572804450989,-0.3929719030857086,0.9837672710418701,0.3512074053287506,0.6587203741073608,-0.023422477766871452,0.22989796102046967,0.5674647092819214,0.865083634853363,-0.4308690130710602,0.9781597852706909,0.3500116467475891,0.8413140177726746,-0.05296706408262253,0.8472170233726501,0.553105354309082,0.8980075120925903,-0.4788002371788025,0.9710807800292969,0.316061407327652,0.8571265339851379,-0.07340706884860992,0.8611558675765991,0.5337406396865845,0.8867801427841187,-0.4866913855075836,0.9750684499740601,0.3210935592651367,0.8593894839286804,-0.11158808320760727,0.8706682920455933,0.5376598834991455,0.8779215216636658,-0.4338436722755432,0.9557065963745117,0.3392866551876068,0.8576501607894897,-0.07146824151277542,0.8521780371665955,0.6086165904998779,0.6216240525245667,-0.08417272567749023,0.9996702671051025,0.5455517172813416,0.6342031359672546,0.08398439735174179,0.9997214078903198,0.701855480670929,0.6789588928222656,0.1974688470363617,0.24706357717514038,0.6537669897079468,0.6958766579627991,0.3166128695011139,0.029807524755597115,0.776384174823761,0.7124246954917908,0.4824649691581726,0.5082947015762329,0.743502676486969,0.7084779739379883,0.5780256986618042,0.05226539820432663,0.7991417646408081,0.7056704759597778,0.5051610469818115,0.470808744430542,0.7604684233665466,0.6928147673606873,0.6053432822227478,0.08982028067111969,0.7902787923812866,0.8138107061386108,0.4219101071357727,0.6279144883155823,0.743186891078949,0.8018194437026978,0.5646787881851196,0.1834530532360077
0.25392386317253113,0.7142066359519958,-0.45675334334373474,0.9925447106361389,0.24896030128002167,0.6751831769943237,-0.47796931862831116,0.9909048676490784,0.25376373529434204,0.6677094101905823,-0.478299081325531,0.9903625845909119,0.2588755786418915,0.6600905060768127,-0.4781138300895691,0.9914343357086182,0.2396310567855835,0.6775074005126953,-0.4452327787876129,0.9936995506286621,0.2373570203781128,0.6728318333625793,-0.4458291530609131,0.995810329914093,0.2348768711090088,0.6684956550598145,-0.44601330161094666,0.9973233938217163,0.2856258749961853,0.6104476451873779,-0.4816761910915375,0.9941546320915222,0.25431960821151733,0.6268822550773621,-0.34467676281929016,0.9960900545120239,0.2789667546749115,0.7104446291923523,-0.4442017078399658,0.9950722455978394,0.2705073058605194,0.7176507115364075,-0.40304261445999146,0.9963023662567139,0.42840927839279175,0.5836226344108582,-0.42058950662612915,0.9994696378707886,0.32640594244003296,0.5778605341911316,-0.1984134465456009,0.999825656414032,0.5886924862861633,0.6211528182029724,-0.37856215238571167,0.9839715957641602,0.35895413160324097,0.663909375667572,-0.04503652825951576,0.2093580961227417,0.5674380660057068,0.8646135926246643,-0.3784814476966858,0.9763466715812683,0.3499971032142639,0.8425581455230713,-0.06339236348867416,0.8289070129394531,0.5529191493988037,0.8962201476097107,-0.41860589385032654,0.967700719833374,0.3158321678638458,0.8570614457130432,-0.084368996322155,0.8473467230796814,0.5339502096176147,0.8851447105407715,-0.4289878010749817,0.9721808433532715,0.32127565145492554,0.8594058752059937,-0.12088499218225479,0.8593664765357971,0.5380326509475708,0.8761452436447144,-0.38112136721611023,0.9497409462928772,0.33914846181869507,0.8577073812484741,-0.08089934289455414,0.8354097604751587,0.6032540202140808,0.6544854640960693,-0.0857044979929924,0.9996736645698547,0.5365041494369507,0.6710048317909241,0.08552137762308121,0.9997196793556213,0.7005859613418579,0.7014334201812744,0.19983801245689392,0.23480086028575897,0.6525855660438538,0.7143169045448303,0.3363247215747833,0.02737090177834034,0.7754690647125244,0.7124454975128174,0.49740609526634216,0.48549726605415344,0.7396502494812012,0.7108439803123474,0.6148384213447571,0.04903693124651909,0.7971542477607727,0.7040342688560486,0.5216435194015503,0.44610095024108887,0.7592173218727112,0.6937144994735718,0.6445233225822449,0.08496798574924469,0.7897014617919922,0.8143693804740906,0.4424883723258972,0.6055095791816711,0.7393162250518799,0.8026682734489441,0.6078380346298218,0.17466644942760468
0.2558092772960663,0.7685088515281677,-0.4404279589653015,0.9925655722618103,0.2521567940711975,0.739500105381012,-0.4623686373233795,0.9910176992416382,0.2567274570465088,0.7337656021118164,-0.46270352602005005,0.9904202818870544,0.26155978441238403,0.7275123596191406,-0.46248602867126465,0.9916402101516724,0.24353036284446716,0.7400527000427246,-0.429676353931427,0.9936057329177856,0.2413698434829712,0.735015332698822,-0.4302859306335449,0.9956557154655457,0.23902252316474915,0.7296660542488098,-0.4305175244808197,0.9972426891326904,0.28679174184799194,0.6805294752120972,-0.47239357233047485,0.9941784739494324,0.2592369318008423,0.683115541934967,-0.32961565256118774,0.9957659840583801,0.2791215777397156,0.7667465806007385,-0.43085727095603943,0.9949855208396912,0.2714582085609436,0.7721399068832397,-0.3911925256252289,0.9960269331932068,0.42222529649734497,0.6292650699615479,-0.406655877828598,0.9994930028915405,0.3194769024848938,0.6172110438346863,-0.18513545393943787,0.9998196959495544,0.5874084830284119,0.6233348250389099,-0.34584006667137146,0.9838088154792786,0.3684365153312683,0.6599794626235962,6.920091982465237e-05,0.19237874448299408,0.5664660334587097,0.8628808856010437,-0.3216499984264374,0.9716896414756775,0.3492733836174011,0.8388375043869019,0.026442131027579308,0.785269021987915,0.5518550276756287,0.8957993984222412,-0.35398179292678833,0.959751307964325,0.31586936116218567,0.8566535711288452,0.014082196168601513,0.8065909743309021,0.5329655408859253,0.8849011063575745,-0.364744633436203,0.9650349617004395,0.3214542865753174,0.8593665957450867,-0.021318618208169937,0.8212807774543762,0.5374801754951477,0.8755009174346924,-0.3233655095100403,0.9370449781417847,0.33832818269729614,0.8574647903442383,0.010578365996479988,0.7937214970588684,0.6033260822296143,0.6934903264045715,-0.09078840911388397,0.9996585249900818,0.5303857922554016,0.6998029351234436,0.09058667719364166,0.9996882677078247,0.7012600898742676,0.7102524042129517,0.20146982371807098,0.21806791424751282,0.6421756148338318,0.7222060561180115,0.34559011459350586,0.02485322766005993,0.7752231955528259,0.713955283164978,0.49353450536727905,0.45415225625038147,0.7259202599525452,0.7115746140480042,0.6429728269577026,0.04502270743250847,0.7965505123138428,0.7038275003433228,0.5177692770957947,0.41956400871276855,0.7474428415298462,0.6953400373458862,0.6751377582550049,0.07880768924951553,0.789730429649353,0.8170236349105835,0.445681095123291,0.5711090564727783,0.7372666597366333,0.8182617425918579,0.6517966389656067,0.1615162342786789
0.25545844435691833,0.8171312808990479,-0.44953441619873047,0.9925581812858582,0.25240588188171387,0.7898699641227722,-0.4724252223968506,0.9912140369415283,0.25699514150619507,0.7841905951499939,-0.4727482795715332,0.99055415391922,0.26201194524765015,0.7779900431632996,-0.4725017547607422,0.991935670375824,0.24389863014221191,0.7901113629341125,-0.4362703859806061,0.9935727119445801,0.24168403446674347,0.785757303237915,-0.4367876946926117,0.9955039024353027,0.23913054168224335,0.7813219428062439,-0.43695068359375,0.9971647262573242,0.2880842685699463,0.7320749759674072,-0.4763771593570709,0.9943126440048218,0.2595827877521515,0.7378430962562561,-0.3432098627090454,0.9953768849372864,0.278498113155365,0.8153343200683594,-0.43664130568504333,0.9949232935905457,0.2708621323108673,0.8191512823104858,-0.3940577805042267,0.9957053661346436,0.4195736348628998,0.6680334210395813,-0.41327959299087524,0.99951171875,0.3120587468147278,0.6619893312454224,-0.1962197721004486,0.9997905492782593,0.5855596661567688,0.622970461845398,-0.3361932635307312,0.9844653606414795,0.37754207849502563,0.6577090620994568,-0.00874752551317215,0.1764727234840393,0.5637132525444031,0.860150933265686,-0.30006763339042664,0.9667637348175049,0.3514551520347595,0.8297964930534363,0.03332027420401573,0.7160474061965942,0.5504580736160278,0.8958461284637451,-0.32961171865463257,0.950063943862915,0.32458391785621643,0.8528761267662048,0.022870946675539017,0.7373923063278198,0.5323385000228882,0.8850340843200684,-0.3423120677471161,0.9562267661094666,0.32839471101760864,0.858302652835846,-0.012580357491970062,0.7521563172340393,0.5368729829788208,0.8750953078269958,-0.30202150344848633,0.9227232933044434,0.34180310368537903,0.8538036942481995,0.01781974546611309,0.7255125045776367,0.6035295128822327,0.7211145162582397,-0.09109260141849518,0.9996537566184998,0.5291793942451477,0.7262736558914185,0.09089897572994232,0.9996597766876221,0.7032110095024109,0.719059407711029,0.19977691769599915,0.2073526382446289,0.6507503390312195,0.7320783138275146,0.33535778522491455,0.0226985402405262,0.7752300500869751,0.7147403955459595,0.4908297657966614,0.43224045634269714,0.7295399904251099,0.7157340049743652,0.6281341314315796,0.041836123913526535,0.7964768409729004,0.6982377171516418,0.5139594078063965,0.4020431637763977,0.7518966197967529,0.6943820118904114,0.6597774028778076,0.07459895312786102,0.7893811464309692,0.8179786801338196,0.43869033455848694,0.5446828007698059,0.7414746284484863,0.8226234316825867,0.6327377557754517,0.15075339376926422
0.2566887438297272,0.8530874252319336,-0.505484938621521,0.9927515983581543,0.25359874963760376,0.8264442682266235,-0.5324829816818237,0.9915809035301208,0.2580772042274475,0.8200035691261292,-0.5328264236450195,0.9908953905105591,0.26288729906082153,0.8136293292045593,-0.5325643420219421,0.9923598170280457,0.2447303831577301,0.8301483988761902,-0.4994388520717621,0.9936674237251282,0.24203506112098694,0.8264330625534058,-0.5000287294387817,0.9954521656036377,0.23868146538734436,0.8226708173751831,-0.5002764463424683,0.9971263408660889,0.286417156457901,0.7656970620155334,-0.5366541147232056,0.9946013689041138,0.251492440700531,0.7808500528335571,-0.3928704559803009,0.9950958490371704,0.2792477011680603,0.8426146507263184,-0.49017333984375,0.994892418384552,0.2714645266532898,0.8492528200149536,-0.4503726065158844,0.9952927231788635,0.4091542661190033,0.6897815465927124,-0.43966540694236755,0.999538779258728,0.29472100734710693,0.675809919834137,-0.23074641823768616,0.9997307658195496,0.5771290063858032,0.6223700046539307,-0.3517998456954956,0.984575092792511,0.3824117183685303,0.6490911245346069,-0.040371283888816833,0.15959052741527557,0.5630459785461426,0.8601594567298889,-0.2999110817909241,0.9526867270469666,0.35835376381874084,0.8210471868515015,-0.00048128043999895453,0.6452885270118713,0.5510753393173218,0.8960579633712769,-0.3282019793987274,0.9287716150283813,0.3392828404903412,0.839298665523529,-0.010649047791957855,0.6651328802108765,0.532677173614502,0.8850250840187073,-0.3397502899169922,0.9367735385894775,0.3431258201599121,0.845719575881958,-0.043795712292194366,0.6786198616027832,0.5367496013641357,0.8750556111335754,-0.3009004592895508,0.8969932198524475,0.3515654504299164,0.8425805568695068,-0.015221282839775085,0.654640257358551,0.5952374935150146,0.7320512533187866,-0.08975008875131607,0.9996442198753357,0.5158694982528687,0.7232459187507629,0.08955244719982147,0.9996088743209839,0.7033129334449768,0.7307335138320923,0.20878954231739044,0.20063072443008423,0.6433762311935425,0.7288900017738342,0.3540184497833252,0.020841283723711967,0.7734686136245728,0.7207743525505066,0.5044745206832886,0.41893550753593445,0.7281097173690796,0.7200229167938232,0.6715449094772339,0.03940853849053383,0.7948303818702698,0.6986237168312073,0.5310450196266174,0.39497026801109314,0.744835615158081,0.6949406266212463,0.7068120241165161,0.07189580798149109,0.7846006751060486,0.818044900894165,0.4613686203956604,0.5240461230278015,0.7247182130813599,0.8149544596672058,0.6864999532699585,0.14079132676124573
0.2580708861351013,0.878947377204895,-0.4928264021873474,0.9926924109458923,0.25495946407318115,0.8540720343589783,-0.5169170498847961,0.9916821122169495,0.25938472151756287,0.8468503355979919,-0.5172702074050903,0.9909297823905945,0.2640392780303955,0.8401079773902893,-0.5170263648033142,0.9925776720046997,0.2461356669664383,0.857943058013916,-0.48592305183410645,0.9935134053230286,0.24337852001190186,0.853528618812561,-0.48655271530151367,0.9951952695846558,0.23984189331531525,0.8491186499595642,-0.486824095249176,0.9969572424888611,0.285856157541275,0.7893497943878174,-0.5269750356674194,0.9947589635848999,0.2496356964111328,0.8068231344223022,-0.38706445693969727,0.9945735335350037,0.27991193532943726,0.8617404699325562,-0.4793566167354584,0.9947605133056641,0.27190718054771423,0.8682098984718323,-0.44415482878685,0.9947488903999329,0.4090349078178406,0.702709972858429,-0.4367278218269348,0.9995636343955994,0.2842411994934082,0.6832305788993835,-0.2305450439453125,0.9996830821037292,0.5701278448104858,0.6212104558944702,-0.3368070423603058,0.9843393564224243,0.379852831363678,0.6424817442893982,-0.04858625307679176,0.14440806210041046,0.5613687634468079,0.8596663475036621,-0.2758963108062744,0.936926007270813,0.3580356240272522,0.814793586730957,-0.005848769564181566,0.5812734365463257,0.551500141620636,0.8960945010185242,-0.3016433119773865,0.9054531455039978,0.34645745158195496,0.8289365172386169,-0.016178686171770096,0.5995439291000366,0.5326024293899536,0.8848490118980408,-0.31461113691329956,0.9153041839599609,0.34603267908096313,0.8371962904930115,-0.047462236136198044,0.611801028251648,0.5350676774978638,0.8745283484458923,-0.2770538628101349,0.8693246245384216,0.3520432114601135,0.8361876606941223,-0.019833793863654137,0.5902503728866577,0.5925699472427368,0.7333074808120728,-0.08889016509056091,0.9996465444564819,0.5093787908554077,0.7222368717193604,0.08869164437055588,0.9995850324630737,0.7030897736549377,0.7377997636795044,0.20658080279827118,0.19465462863445282,0.6357457041740417,0.739592432975769,0.34609705209732056,0.01918036676943302,0.7717666029930115,0.7234218120574951,0.503050684928894,0.4058181941509247,0.7256930470466614,0.7206929326057434,0.654886782169342,0.0371832512319088,0.7936476469039917,0.6981920003890991,0.5258643627166748,0.3875752091407776,0.7394812107086182,0.6948414444923401,0.689150333404541,0.06952879577875137,0.7833628058433533,0.8180570602416992,0.44858747720718384,0.502963125705719,0.7239338159561157,0.8205926418304443,0.6680647730827332,0.13136602938175201
0.25889310240745544,0.8942030072212219,-0.48404964804649353,0.9928037524223328,0.25582751631736755,0.8664075136184692,-0.5112422704696655,0.992016077041626,0.26019778847694397,0.8568490147590637,-0.5115879774093628,0.9912800192832947,0.26478856801986694,0.8475083112716675,-0.5113831758499146,0.992963969707489,0.24648013710975647,0.8749010562896729,-0.4850533604621887,0.993622899055481,0.24318523705005646,0.87209153175354,-0.48568791151046753,0.9951949715614319,0.23909242451190948,0.8692287802696228,-0.48597320914268494,0.9969264268875122,0.2855626940727234,0.7974786758422852,-0.5236355066299438,0.9950766563415527,0.2457987368106842,0.8241664171218872,-0.3843933939933777,0.9944247007369995,0.2809005677700043,0.8716890215873718,-0.47612714767456055,0.9948931336402893,0.27237480878829956,0.884495735168457,-0.4339902400970459,0.9945980310440063,0.4067489504814148,0.714232325553894,-0.43670448660850525,0.9995919466018677,0.274524062871933,0.6958070397377014,-0.2300359308719635,0.9996554851531982,0.5653117895126343,0.6197015643119812,-0.3357727527618408,0.985227644443512,0.37740859389305115,0.621921718120575,-0.0542072132229805,0.13063111901283264,0.5608493685722351,0.8593259453773499,-0.26449987292289734,0.9327126145362854,0.37364333868026733,0.8068050146102905,-0.015835173428058624,0.5234875082969666,0.5522798299789429,0.8957706093788147,-0.29011568427085876,0.8976849317550659,0.3624083399772644,0.8229484558105469,-0.02707754634320736,0.5402249097824097,0.5326040983200073,0.8843785524368286,-0.3020321726799011,0.9084502458572388,0.3656262755393982,0.8327109217643738,-0.05695511773228645,0.5513328909873962,0.5340905785560608,0.8736249208450317,-0.2651205062866211,0.8596973419189453,0.36919015645980835,0.8289576172828674,-0.029464587569236755,0.5320016741752625,0.5886712074279785,0.7352378964424133,-0.08847536891698837,0.9996634721755981,0.5049272775650024,0.7252843976020813,0.08828277885913849,0.9995896220207214,0.6995913982391357,0.7411255836486816,0.20120099186897278,0.20991280674934387,0.6348462104797363,0.7447683811187744,0.3390582501888275,0.018384071066975594,0.7712079286575317,0.7259292602539062,0.48718518018722534,0.42362457513809204,0.7241962552070618,0.7245112061500549,0.6398432850837708,0.03757435083389282,0.7932485938072205,0.69832444190979,0.511783242225647,0.40187951922416687,0.7367626428604126,0.6953075528144836,0.6731799840927124,0.07309406995773315,0.7831631302833557,0.818677544593811,0.4393067955970764,0.5118561387062073,0.7224570512771606,0.8180084824562073,0.6500277519226074,0.12883977591991425
0.25935155153274536,0.8907597661018372,-0.46241340041160583,0.9930823445320129,0.2563929259777069,0.864825963973999,-0.4943723678588867,0.9924476742744446,0.26079419255256653,0.8556113243103027,-0.4947367310523987,0.9917258024215698,0.265473872423172,0.8461756110191345,-0.4944473206996918,0.9933805465698242,0.24706117808818817,0.8748897314071655,-0.46200528740882874,0.9939018487930298,0.24381518363952637,0.872865617275238,-0.46268218755722046,0.9953687191009521,0.23981758952140808,0.8706245422363281,-0.4629560112953186,0.9970257878303528,0.2849557399749756,0.797170877456665,-0.5212714076042175,0.9953771233558655,0.24528443813323975,0.8208878636360168,-0.36535707116127014,0.9945133924484253,0.2815839648246765,0.8694337606430054,-0.4551287293434143,0.9950591921806335,0.2728378176689148,0.885541558265686,-0.4125797748565674,0.9946132302284241,0.405454158782959,0.7211244106292725,-0.42573314905166626,0.9996121525764465,0.2768927216529846,0.6969850063323975,-0.22043249011039734,0.9996449947357178,0.5630863904953003,0.6186258792877197,-0.3205661177635193,0.9857808351516724,0.37509745359420776,0.618700385093689,-0.049031034111976624,0.11858760565519333,0.5609135627746582,0.8598039150238037,-0.24748554825782776,0.9237586259841919,0.37255042791366577,0.8046586513519287,-0.017568519338965416,0.471696138381958,0.5538237690925598,0.8957899212837219,-0.2733795642852783,0.8838664293289185,0.3585559129714966,0.8206493854522705,-0.03209476172924042,0.48717451095581055,0.5332698225975037,0.8846213221549988,-0.2863583266735077,0.8959701657295227,0.3601076900959015,0.8300016522407532,-0.06149013713002205,0.49728792905807495,0.5340889096260071,0.8739162683486938,-0.24857306480407715,0.8428432941436768,0.3679289221763611,0.8263301253318787,-0.03133370727300644,0.4799090623855591,0.5905618071556091,0.7415415644645691,-0.0882222056388855,0.9996776580810547,0.5089073181152344,0.7243427634239197,0.08801879733800888,0.9995964765548706,0.6973702311515808,0.7451171875,0.19946466386318207,0.2159791737794876,0.6349364519119263,0.7450987100601196,0.3419916033744812,0.017306145280599594,0.771234393119812,0.7280709743499756,0.48677292466163635,0.4260961413383484,0.7256900668144226,0.7279622554779053,0.6387584805488586,0.03659248724579811,0.7932853698730469,0.6984913945198059,0.5114318132400513,0.4064887762069702,0.7370886206626892,0.6964858770370483,0.6714897751808167,0.07407456636428833,0.7831094861030579,0.8199738264083862,0.439439058303833,0.5082336068153381,0.722664475440979,0.8172533512115479,0.650091290473938,0.12401469051837921
0.25951170921325684,0.8873670101165771,-0.46199846267700195,0.9933518767356873,0.25628411769866943,0.862751841545105,-0.4941008687019348,0.9928587675094604,0.2607264816761017,0.8542693257331848,-0.49446529150009155,0.9921414852142334,0.26542389392852783,0.8457135558128357,-0.4941543638706207,0.9937626719474792,0.24663639068603516,0.8718476891517639,-0.4604741036891937,0.9941824078559875,0.24330203235149384,0.8707106709480286,-0.46115708351135254,0.9955499172210693,0.23925848305225372,0.8695239424705505,-0.46142563223838806,0.997133195400238,0.28368493914604187,0.7964959144592285,-0.5173203349113464,0.9956395626068115,0.24242296814918518,0.8236334323883057,-0.3618185520172119,0.9946213364601135,0.28100138902664185,0.8689414262771606,-0.45402806997299194,0.995182991027832,0.2718331515789032,0.8847174644470215,-0.4118225574493408,0.9946091771125793,0.4029894471168518,0.7262420654296875,-0.42407146096229553,0.9996256232261658,0.27804866433143616,0.695609986782074,-0.21667805314064026,0.9996308088302612,0.5609744787216187,0.6174934506416321,-0.3223704993724823,0.9862858057022095,0.37011298537254333,0.6112701892852783,-0.050955601036548615,0.10768819600343704,0.5609723329544067,0.8599108457565308,-0.24923701584339142,0.9163646697998047,0.3703213036060333,0.8034643530845642,-0.028821563348174095,0.4251425564289093,0.55485999584198,0.8959037065505981,-0.27488428354263306,0.8723738193511963,0.3561845123767853,0.8196294903755188,-0.044654738157987595,0.4395640194416046,0.5333443880081177,0.8849003911018372,-0.28778740763664246,0.8855425119400024,0.3573172688484192,0.8293589949607849,-0.07426974922418594,0.4487971365451813,0.5339392423629761,0.874133288860321,-0.2502360939979553,0.8288910984992981,0.3662928640842438,0.8255097270011902,-0.04299698397517204,0.43316149711608887,0.591720700263977,0.7452506422996521,-0.08861679583787918,0.9996898770332336,0.5113962888717651,0.7218695878982544,0.08840332925319672,0.9996023774147034,0.6965538263320923,0.7475762367248535,0.19615286588668823,0.2224535197019577,0.6376568675041199,0.7434672117233276,0.3430558741092682,0.016322428360581398,0.7714784741401672,0.7291251420974731,0.48499980568885803,0.4337630271911621,0.7286487817764282,0.7283701300621033,0.6339194774627686,0.03631165623664856,0.7937577962875366,0.6985908150672913,0.5103033781051636,0.41766321659088135,0.7427683472633362,0.6964885592460632,0.6658751964569092,0.07669125497341156,0.7834793925285339,0.820027232170105,0.4372476637363434,0.5106885433197021,0.7253804206848145,0.8153055906295776,0.6407440900802612,0.12122800946235657
0.25852522253990173,0.8893591165542603,-0.47199851274490356,0.9935229420661926,0.25532984733581543,0.8637219071388245,-0.5027605295181274,0.9931885004043579,0.2600848972797394,0.8558933734893799,-0.5031337141990662,0.992457926273346,0.26510095596313477,0.8481088280677795,-0.5028108954429626,0.9940780997276306,0.24521884322166443,0.8718253970146179,-0.4674578607082367,0.9943970441818237,0.2418198585510254,0.8705233931541443,-0.46815434098243713,0.9956722259521484,0.2377757579088211,0.869182825088501,-0.46843472123146057,0.9972124099731445,0.28372564911842346,0.7990987300872803,-0.5220068693161011,0.995835542678833,0.2403862476348877,0.8236958980560303,-0.3625524342060089,0.9946421384811401,0.2793201804161072,0.8760637044906616,-0.4627867341041565,0.9952330589294434,0.2699536979198456,0.890596330165863,-0.41916027665138245,0.9945307374000549,0.4030245840549469,0.7261120080947876,-0.42550602555274963,0.9996291995048523,0.2782249450683594,0.6959232687950134,-0.2174723893404007,0.9996082186698914,0.5589408874511719,0.6165709495544434,-0.3250441253185272,0.9866692423820496,0.36856454610824585,0.6111316084861755,-0.05087754875421524,0.09770401567220688,0.5608294606208801,0.8599349856376648,-0.2486007660627365,0.9082869291305542,0.36687833070755005,0.8017725348472595,-0.020845677703619003,0.3830946087837219,0.555462658405304,0.8959220051765442,-0.2745610773563385,0.8600714802742004,0.3532847762107849,0.805185854434967,-0.0363062247633934,0.39644938707351685,0.5333418250083923,0.8848700523376465,-0.2883933484554291,0.8743679523468018,0.3547350764274597,0.8297826051712036,-0.06618788093328476,0.40486112236976624,0.533065915107727,0.8741175532341003,-0.25000840425491333,0.8142064809799194,0.36482328176498413,0.8258597254753113,-0.0351073183119297,0.3908212184906006,0.5924497842788696,0.7413538694381714,-0.08873964101076126,0.9997038245201111,0.51286780834198,0.7216081619262695,0.08852650225162506,0.9996132254600525,0.6941030025482178,0.7482352256774902,0.19911493360996246,0.22779513895511627,0.6415126919746399,0.7420939207077026,0.3429405391216278,0.015471799299120903,0.7716294527053833,0.7295349836349487,0.49833497405052185,0.44226574897766113,0.7309072613716125,0.7285659909248352,0.6343193054199219,0.036535393446683884,0.7942653894424438,0.6985912322998047,0.5244015455245972,0.4259655773639679,0.7462579011917114,0.6964616775512695,0.666089653968811,0.07955893129110336,0.7819849848747253,0.8200408816337585,0.44490760564804077,0.5117072463035583,0.726781964302063,0.8145402669906616,0.6357464790344238,0.11918047070503235
0.2578417658805847,0.8829631209373474,-0.47007203102111816,0.9936293959617615,0.25443896651268005,0.8570066690444946,-0.502264678478241,0.9934440851211548,0.2592952847480774,0.850348174571991,-0.5026293992996216,0.9927195310592651,0.2642799913883209,0.8435038328170776,-0.5023404359817505,0.9943397045135498,0.2436186820268631,0.8631250262260437,-0.4653838574886322,0.9945390820503235,0.24015147984027863,0.8608648777008057,-0.4660927653312683,0.9957454800605774,0.23617812991142273,0.8585841059684753,-0.4663778841495514,0.9972514510154724,0.2828841805458069,0.7942144870758057,-0.520279049873352,0.9960172176361084,0.24080833792686462,0.8141677975654602,-0.3612630069255829,0.9946287274360657,0.2784332036972046,0.8694801926612854,-0.4622690677642822,0.9953080415725708,0.2693624794483185,0.8817085027694702,-0.4171869158744812,0.9944673776626587,0.40028247237205505,0.7215756177902222,-0.4278995394706726,0.9996421933174133,0.27761155366897583,0.6892333030700684,-0.21298854053020477,0.9995948672294617,0.5593562722206116,0.6165368556976318,-0.3298761248588562,0.9871587157249451,0.36823874711990356,0.6085675954818726,-0.03693185746669769,0.08858083188533783,0.560758650302887,0.8600640892982483,-0.2533103823661804,0.9041270613670349,0.36882010102272034,0.7968583106994629,-0.0014018946094438434,0.3451917767524719,0.5556513071060181,0.8962070941925049,-0.2797359526157379,0.8526290059089661,0.3521946370601654,0.8077422976493835,-0.014747547917068005,0.35753941535949707,0.5333396196365356,0.8849360942840576,-0.29180237650871277,0.8675228357315063,0.3542908728122711,0.826635479927063,-0.04473928362131119,0.36519676446914673,0.5325769782066345,0.8741816878318787,-0.25390374660491943,0.8041024208068848,0.3653276562690735,0.8223326206207275,-0.01548334676772356,0.3525872528553009,0.5928713083267212,0.7367613911628723,-0.09002917259931564,0.9997137188911438,0.5130961537361145,0.7157162427902222,0.08981646597385406,0.9996166229248047,0.6931155920028687,0.7466566562652588,0.20525845885276794,0.23253199458122253,0.6408501863479614,0.7419771552085876,0.34627565741539,0.014658523723483086,0.7716718316078186,0.72944176197052,0.5061283707618713,0.44817525148391724,0.7308159470558167,0.7282768487930298,0.6436718702316284,0.03597043827176094,0.7943326830863953,0.6967454552650452,0.5324142575263977,0.432140588760376,0.7465826272964478,0.6955950856208801,0.6762679815292358,0.08060809224843979,0.7809908986091614,0.8206092715263367,0.4541850984096527,0.5129151344299316,0.7278242707252502,0.8144217729568481,0.6483761072158813,0.11639503389596939
0.25705862045288086,0.8613443374633789,-0.4699646830558777,0.9937270879745483,0.253568172454834,0.8360806703567505,-0.5021334886550903,0.993645429611206,0.2581629753112793,0.8299364447593689,-0.5024983286857605,0.992897093296051,0.2628363072872162,0.8237945437431335,-0.5021809339523315,0.9945223927497864,0.2432982623577118,0.8406562805175781,-0.46519923210144043,0.9946771860122681,0.24002134799957275,0.837803840637207,-0.46590298414230347,0.995822012424469,0.23620791733264923,0.8349511027336121,-0.4661915898323059,0.9973027110099792,0.2827758193016052,0.7753214240074158,-0.5123050808906555,0.9960947036743164,0.2421758472919464,0.7915987372398376,-0.3611711263656616,0.9946439862251282,0.27816349267959595,0.851917028427124,-0.46212801337242126,0.9952698945999146,0.26955628395080566,0.8604918718338013,-0.41737017035484314,0.9943746328353882,0.40052399039268494,0.7118608355522156,-0.4253854751586914,0.9996353387832642,0.27987903356552124,0.6812548041343689,-0.20956408977508545,0.9995751976966858,0.5633238554000854,0.6190879940986633,-0.33345121145248413,0.9869303703308105,0.3731641173362732,0.6219819784164429,-0.030097881332039833,0.08064515888690948,0.5608963370323181,0.861163318157196,-0.269389808177948,0.897330641746521,0.3575860261917114,0.80635005235672,0.007888533174991608,0.3123493492603302,0.55564284324646,0.8963944315910339,-0.2984768748283386,0.8432208895683289,0.33411747217178345,0.8225918412208557,-0.006005491130053997,0.3245852589607239,0.5333415269851685,0.8850758075714111,-0.31056004762649536,0.8588981628417969,0.3379119634628296,0.8351477980613708,-0.03650081530213356,0.3318398594856262,0.53260737657547,0.8745298385620117,-0.2706136405467987,0.7918991446495056,0.3527297377586365,0.829650342464447,-0.006532927043735981,0.3202410936355591,0.595787525177002,0.7310734391212463,-0.08987929672002792,0.9997153282165527,0.5201359391212463,0.7118666172027588,0.08966735005378723,0.9996148943901062,0.6931931972503662,0.7428711652755737,0.206463024020195,0.23157887160778046,0.643484354019165,0.7397890686988831,0.3442065417766571,0.013787916861474514,0.7717068791389465,0.7291972041130066,0.5116048455238342,0.4467301368713379,0.731390118598938,0.7279402613639832,0.6401856541633606,0.03503984212875366,0.7943559288978577,0.6965668797492981,0.5384738445281982,0.4342727065086365,0.7472414970397949,0.6954898834228516,0.6725372672080994,0.08070836216211319,0.7810252904891968,0.8207453489303589,0.4662858545780182,0.509249210357666,0.7292752265930176,0.8140093684196472,0.6447978615760803,0.11347956210374832
0.24686351418495178,0.843109667301178,-0.4546831250190735,0.9938417077064514,0.24330668151378632,0.8092753887176514,-0.47763529419898987,0.9937965273857117,0.24889108538627625,0.8011237978935242,-0.4779888093471527,0.9930098056793213,0.25431960821151733,0.7932088971138,-0.47766876220703125,0.9946174621582031,0.23415282368659973,0.8114290833473206,-0.4458923935890198,0.9948362112045288,0.23255176842212677,0.8070307374000549,-0.4466110169887543,0.9959444999694824,0.23049600422382355,0.8026695847511292,-0.4468750059604645,0.9973909854888916,0.2816319167613983,0.7412147521972656,-0.48423439264297485,0.9960306882858276,0.24225576221942902,0.7485913634300232,-0.34644052386283875,0.9948063492774963,0.27279701828956604,0.84234219789505,-0.4451104700565338,0.995334804058075,0.26571187376976013,0.8424227237701416,-0.4067135453224182,0.9945311546325684,0.4044888913631439,0.684367299079895,-0.41123437881469727,0.9996302723884583,0.29099708795547485,0.675125002861023,-0.203871488571167,0.9995951652526855,0.5742541551589966,0.6189785599708557,-0.3350968658924103,0.9868206977844238,0.36684760451316833,0.6385373473167419,-0.01780974678695202,0.07619781792163849,0.5607728362083435,0.8640444278717041,-0.29339519143104553,0.902123749256134,0.3538525104522705,0.810260534286499,0.015951644629240036,0.3079732358455658,0.5538375973701477,0.8971352577209473,-0.3263248801231384,0.8507631421089172,0.3253061771392822,0.8379193544387817,-0.000293139077257365,0.32583656907081604,0.531908392906189,0.8863782286643982,-0.34111109375953674,0.865863561630249,0.3310374617576599,0.8448238968849182,-0.03320892155170441,0.33582931756973267,0.5315226912498474,0.8764082789421082,-0.2965165376663208,0.8003235459327698,0.3465268015861511,0.8369519710540771,0.0008128464105539024,0.3196600377559662,0.5992022752761841,0.7232210040092468,-0.08979223668575287,0.9997076988220215,0.5240923762321472,0.7091729640960693,0.08957932889461517,0.9996103644371033,0.6918803453445435,0.741951048374176,0.20820942521095276,0.22108139097690582,0.643517255783081,0.7393661737442017,0.3251537084579468,0.012823658064007759,0.7718780636787415,0.7292845249176025,0.5078821778297424,0.4320710003376007,0.7313258051872253,0.7300196290016174,0.6090322732925415,0.033057939261198044,0.7951386570930481,0.6975402235984802,0.5344151854515076,0.4248429238796234,0.7472408413887024,0.6964594125747681,0.6401519775390625,0.07733629643917084,0.7810560464859009,0.8220334649085999,0.46130481362342834,0.49707549810409546,0.7336826920509338,0.8134358525276184,0.6175915598869324,0.1085212454199791
0.2430773675441742,0.7767897844314575,-0.39789319038391113,0.9940652251243591,0.23877522349357605,0.7461543679237366,-0.41974687576293945,0.9939959645271301,0.2436210811138153,0.7384656071662903,-0.4200860559940338,0.9932140707969666,0.2485034465789795,0.7298315167427063,-0.41975244879722595,0.9947530627250671,0.23120880126953125,0.7453411817550659,-0.3884146809577942,0.995034396648407,0.2300552874803543,0.7388180494308472,-0.3891323506832123,0.9961183071136475,0.22856493294239044,0.7318045496940613,-0.38938313722610474,0.9975006580352783,0.27706724405288696,0.6777222752571106,-0.4399750828742981,0.9960386753082275,0.2445187121629715,0.6796601414680481,-0.3009008467197418,0.995073676109314,0.2683153748512268,0.7781126499176025,-0.39337021112442017,0.9955147504806519,0.2637239992618561,0.7809484601020813,-0.35602086782455444,0.9948163628578186,0.41176533699035645,0.6347845196723938,-0.38417473435401917,0.9996381998062134,0.30405616760253906,0.6215130090713501,-0.17248985171318054,0.9996206760406494,0.5776025056838989,0.6188270449638367,-0.3252949118614197,0.9872722625732422,0.3606542646884918,0.6396213173866272,0.01107245497405529,0.07645436376333237,0.5607572197914124,0.8683804273605347,-0.29319462180137634,0.9098226428031921,0.3473944067955017,0.8220921754837036,0.041376881301403046,0.327363520860672,0.5508595108985901,0.8994240760803223,-0.32608041167259216,0.8624453544616699,0.31738772988319397,0.8490976095199585,0.02730877324938774,0.3489566743373871,0.5298528671264648,0.8882490992546082,-0.34067022800445557,0.8763951659202576,0.3239216208457947,0.8531370162963867,-0.0057161482982337475,0.361526757478714,0.5305138826370239,0.8791955709457397,-0.2961362898349762,0.8147605657577515,0.3397517800331116,0.8462091088294983,0.026513153687119484,0.34115126729011536,0.6031860709190369,0.6931105256080627,-0.08998927474021912,0.9996961951255798,0.52772057056427,0.680884063243866,0.08977273851633072,0.9995982050895691,0.6919838190078735,0.7241487503051758,0.21045677363872528,0.21401925384998322,0.6180627942085266,0.728331983089447,0.32584041357040405,0.011911552399396896,0.7735853791236877,0.7286782264709473,0.5038710832595825,0.4249999523162842,0.7238742113113403,0.7240344285964966,0.6144949793815613,0.031180046498775482,0.7968169450759888,0.6989302039146423,0.5296963453292847,0.425048828125,0.7420481443405151,0.6942499279975891,0.646318793296814,0.07368877530097961,0.781487762928009,0.8225943446159363,0.46069517731666565,0.494544118642807,0.7139084935188293,0.8288335800170898,0.6386138796806335,0.1043446734547615
0.24200256168842316,0.6997305750846863,-0.4088352620601654,0.9942562580108643,0.23863741755485535,0.6631187796592712,-0.43349918723106384,0.9941790699958801,0.2434930056333542,0.6569321751594543,-0.4338366389274597,0.9934056997299194,0.24854879081249237,0.6504948139190674,-0.4335305690765381,0.9948710203170776,0.22950749099254608,0.6629292368888855,-0.3978426456451416,0.9952205419540405,0.2274349480867386,0.6580110788345337,-0.398408442735672,0.9962822198867798,0.22524118423461914,0.6533399820327759,-0.3986470103263855,0.9976003170013428,0.2777419686317444,0.601420521736145,-0.4606500566005707,0.9960686564445496,0.24508555233478546,0.6102191805839539,-0.3157369792461395,0.9953225255012512,0.26687997579574585,0.6982256770133972,-0.4005005955696106,0.9956637620925903,0.2586340308189392,0.7056354284286499,-0.36961257457733154,0.9950770735740662,0.4238887429237366,0.5869271755218506,-0.39291244745254517,0.999626100063324,0.31138965487480164,0.56242835521698,-0.18329036235809326,0.9996417164802551,0.5802448987960815,0.615693986415863,-0.34603896737098694,0.9876964688301086,0.36918482184410095,0.6364498138427734,-0.006475663743913174,0.07597677409648895,0.5608714818954468,0.8687947392463684,-0.33971038460731506,0.9174036979675293,0.34713083505630493,0.8251095414161682,0.010427005589008331,0.36363545060157776,0.5504277348518372,0.8994107842445374,-0.38067227602005005,0.8742298483848572,0.3155037760734558,0.8500596880912781,-0.013888495042920113,0.3891806900501251,0.52889084815979,0.8884827494621277,-0.3933607041835785,0.8870317339897156,0.32217565178871155,0.8535332679748535,-0.049754370003938675,0.40343520045280457,0.5297865271568298,0.8798887729644775,-0.34286826848983765,0.8298504948616028,0.33918628096580505,0.8475691080093384,-0.006870446261018515,0.37993964552879333,0.6070102453231812,0.6589961647987366,-0.08836106210947037,0.9996748566627502,0.5326493978500366,0.6489181518554688,0.08812625706195831,0.9995818734169006,0.694726288318634,0.7012687921524048,0.22197778522968292,0.2106878161430359,0.619439959526062,0.7005919218063354,0.32997262477874756,0.011400533840060234,0.7749322652816772,0.7270622253417969,0.527661919593811,0.427033007144928,0.7237581014633179,0.7161481380462646,0.6342657208442688,0.03043806180357933,0.7981299161911011,0.7002889513969421,0.5546482801437378,0.42950981855392456,0.7422091364860535,0.6919234991073608,0.6679335236549377,0.07277229428291321,0.7814997434616089,0.8225858211517334,0.4926486611366272,0.4979651868343353,0.7032266855239868,0.8289475440979004,0.6570555567741394,0.10317353159189224
0.24310365319252014,0.630070686340332,-0.42509931325912476,0.9946819543838501,0.23957321047782898,0.5978015661239624,-0.4486243724822998,0.9945913553237915,0.245191290974617,0.5902475714683533,-0.44897907972335815,0.9938802123069763,0.2507255971431732,0.5830422043800354,-0.44867801666259766,0.995205819606781,0.22967448830604553,0.600057065486908,-0.4160957932472229,0.9955843091011047,0.22794266045093536,0.5954643487930298,-0.4167546331882477,0.9965822100639343,0.22652146220207214,0.5908351540565491,-0.41701817512512207,0.9977868795394897,0.2823343873023987,0.5293254852294922,-0.46821385622024536,0.9963277578353882,0.250082790851593,0.5506527423858643,-0.32538527250289917,0.9957208037376404,0.26773926615715027,0.6225887537002563,-0.41633182764053345,0.9959790110588074,0.2594394385814667,0.6291664838790894,-0.38192880153656006,0.9954816102981567,0.4341675341129303,0.5357924103736877,-0.39544573426246643,0.9996350407600403,0.3129996061325073,0.5197767615318298,-0.18526628613471985,0.9996699690818787,0.5830865502357483,0.6141499280929565,-0.3714468777179718,0.9883323311805725,0.34907230734825134,0.6361017227172852,-0.06230824440717697,0.07723263651132584,0.5630068182945251,0.8673759698867798,-0.3760738968849182,0.925198495388031,0.3464195132255554,0.8322567343711853,-0.1237291544675827,0.4204012155532837,0.5504705905914307,0.8992708921432495,-0.42312151193618774,0.8862407803535461,0.31283459067344666,0.8554757237434387,-0.15440961718559265,0.44538119435310364,0.5288664102554321,0.8881444931030273,-0.43587249517440796,0.8978620171546936,0.3199921250343323,0.8552572727203369,-0.18760162591934204,0.45904219150543213,0.529807448387146,0.8790201544761658,-0.3803167939186096,0.845874011516571,0.33809760212898254,0.850688099861145,-0.1412147432565689,0.4362981617450714,0.606605052947998,0.6196193099021912,-0.08529218286275864,0.9996634125709534,0.5327231884002686,0.5983452200889587,0.0850326418876648,0.999580979347229,0.6977450251579285,0.6786401867866516,0.21913500130176544,0.21103377640247345,0.6028228998184204,0.6734418869018555,0.32489946484565735,0.011224743910133839,0.7749621272087097,0.7195942997932434,0.5171489119529724,0.4317246973514557,0.6990162134170532,0.712235689163208,0.6205852627754211,0.030468977987766266,0.7987737059593201,0.6999658942222595,0.5417729616165161,0.4316874146461487,0.7250234484672546,0.6919976472854614,0.6532052755355835,0.07290308177471161,0.7820990085601807,0.8220285773277283,0.4751419425010681,0.50716233253479,0.6808109879493713,0.827052116394043,0.6401041746139526,0.10560307651758194
0.25774332880973816,0.5911518335342407,-0.4387727677822113,0.9950510859489441,0.2560966908931732,0.5604000687599182,-0.4626712203025818,0.9949259161949158,0.2614930272102356,0.5530098676681519,-0.4630172848701477,0.994279146194458,0.2666587829589844,0.5459384322166443,-0.46270495653152466,0.9954776167869568,0.2456474006175995,0.5653146505355835,-0.4368405342102051,0.995895504951477,0.2436390370130539,0.5624504089355469,-0.43759870529174805,0.9968459606170654,0.24167601764202118,0.559624195098877,-0.4379049837589264,0.997951865196228,0.29095256328582764,0.49659907817840576,-0.48543691635131836,0.9965393543243408,0.26228076219558716,0.5169839859008789,-0.3676072359085083,0.9960778951644897,0.2817027270793915,0.5813789963722229,-0.4321900010108948,0.9962590932846069,0.2726001739501953,0.588236927986145,-0.4033415913581848,0.9958499073982239,0.43981337547302246,0.4870959520339966,-0.43005362153053284,0.9996504783630371,0.31402355432510376,0.4938255846500397,-0.22344021499156952,0.9996981620788574,0.5823120474815369,0.61695796251297,-0.40511244535446167,0.9888125658035278,0.34604427218437195,0.6505642533302307,-0.11263124644756317,0.07993458211421967,0.5642390847206116,0.8734311461448669,-0.4163491129875183,0.9320064187049866,0.346347838640213,0.8427637815475464,-0.179560586810112,0.4714786410331726,0.5498083233833313,0.9012810587882996,-0.4661068320274353,0.8968127965927124,0.31378787755966187,0.8562580347061157,-0.2098003327846527,0.4957314431667328,0.5284844636917114,0.8885193467140198,-0.4777359068393707,0.9074305295944214,0.3207278549671173,0.8580129146575928,-0.2419048547744751,0.5089155435562134,0.5298846960067749,0.8801981806755066,-0.4205107092857361,0.8599311113357544,0.3373853862285614,0.8555783033370972,-0.1964162141084671,0.4866255819797516,0.6065496206283569,0.5868362188339233,-0.08081008493900299,0.9996641278266907,0.532676637172699,0.5864465236663818,0.08057770133018494,0.9995967149734497,0.698691725730896,0.6653075218200684,0.21734890341758728,0.20877178013324738,0.6212385296821594,0.6681836843490601,0.3054870665073395,0.011250450275838375,0.7760912179946899,0.7194015383720398,0.5059693455696106,0.4300341308116913,0.7145133018493652,0.7064893245697021,0.5690085887908936,0.031457483768463135,0.7995790243148804,0.7046905159950256,0.5285611152648926,0.429490327835083,0.7438786029815674,0.691803514957428,0.5975143313407898,0.07348121702671051,0.7817583680152893,0.8201879858970642,0.4560287594795227,0.5124551057815552,0.7085115909576416,0.805970311164856,0.5605273246765137,0.11062238365411758
0.2660364508628845,0.53223717212677,-0.4531520903110504,0.9949397444725037,0.2659241557121277,0.4972718060016632,-0.4767099916934967,0.9946355819702148,0.2709989547729492,0.48965492844581604,-0.47709208726882935,0.9940336346626282,0.2760269045829773,0.4833570718765259,-0.4768105447292328,0.9951196312904358,0.25643178820610046,0.5035155415534973,-0.45206522941589355,0.9958418011665344,0.25441521406173706,0.5007792711257935,-0.45286720991134644,0.9968997836112976,0.25215819478034973,0.49828040599823,-0.4532547891139984,0.9979795217514038,0.30187660455703735,0.4389905333518982,-0.4968976080417633,0.9962983727455139,0.2720513939857483,0.45605942606925964,-0.3832632303237915,0.9962701797485352,0.2909126877784729,0.5266948938369751,-0.4464279115200043,0.9962123036384583,0.2820534110069275,0.5328280329704285,-0.41783785820007324,0.9960242509841919,0.44842734932899475,0.4424479603767395,-0.4516475200653076,0.9996345043182373,0.31629177927970886,0.45729655027389526,-0.241784006357193,0.9997202157974243,0.5824036598205566,0.6200454235076904,-0.4215896725654602,0.988686740398407,0.34557217359542847,0.6442963480949402,-0.15033414959907532,0.08402904868125916,0.5649882555007935,0.8730626702308655,-0.4269270896911621,0.937796413898468,0.34873828291893005,0.840659499168396,-0.24598534405231476,0.5183523893356323,0.5498738884925842,0.9012667536735535,-0.4788113534450531,0.9060425162315369,0.3155509829521179,0.8556478023529053,-0.2806021571159363,0.5417180061340332,0.5286639332771301,0.8872867226600647,-0.49244198203086853,0.9158280491828918,0.321870356798172,0.8574180603027344,-0.3150641620159149,0.554443895816803,0.5305196046829224,0.8786014914512634,-0.43248146772384644,0.8721717596054077,0.33847445249557495,0.8547561764717102,-0.2644752264022827,0.5328744053840637,0.6075645685195923,0.5606840252876282,-0.07784128189086914,0.9996666312217712,0.5325530171394348,0.5731452703475952,0.07761943340301514,0.999614417552948,0.6987751126289368,0.6503764986991882,0.21767441928386688,0.20584514737129211,0.6355943083763123,0.6622898578643799,0.2992718517780304,0.011643500998616219,0.7757996320724487,0.7156422138214111,0.510516881942749,0.43225276470184326,0.7286038398742676,0.7054768204689026,0.5707731246948242,0.033501509577035904,0.7981971502304077,0.7046205401420593,0.533614456653595,0.42558273673057556,0.7523702383041382,0.6900979280471802,0.6003103256225586,0.07451137155294418,0.781474769115448,0.8178789019584656,0.45368820428848267,0.5198999047279358,0.7238966822624207,0.7977551817893982,0.5488777160644531,0.11771770566701889
0.276245653629303,0.47421887516975403,-0.47608572244644165,0.9945791363716125,0.2762247920036316,0.4428960680961609,-0.49974560737609863,0.9939225912094116,0.2814381718635559,0.4366544187068939,-0.5001583695411682,0.9933539628982544,0.2866228520870209,0.43145278096199036,-0.4998989701271057,0.9943348169326782,0.26715999841690063,0.4467135965824127,-0.474637508392334,0.9955516457557678,0.2652241289615631,0.4438017010688782,-0.475440114736557,0.9968221783638,0.26296475529670715,0.4411792755126953,-0.4758702218532562,0.9979210495948792,0.3133651316165924,0.3877899944782257,-0.516787052154541,0.9957131743431091,0.28178802132606506,0.4007042646408081,-0.40392953157424927,0.9963441491127014,0.2994469404220581,0.47162967920303345,-0.4681660234928131,0.9958945512771606,0.2903607189655304,0.4756777584552765,-0.4387040138244629,0.9960521459579468,0.453173965215683,0.4030105471611023,-0.47237110137939453,0.9996077418327332,0.3166930377483368,0.40347933769226074,-0.2647363841533661,0.9997384548187256,0.5814690589904785,0.620001494884491,-0.4493722915649414,0.9879931807518005,0.3459787368774414,0.6199170351028442,-0.1950351595878601,0.09002439677715302,0.5658997297286987,0.8697132468223572,-0.45878344774246216,0.9429218173027039,0.3495456278324127,0.8392500877380371,-0.3115815818309784,0.5619667172431946,0.5521408319473267,0.8989154100418091,-0.5130305886268616,0.9143829345703125,0.31673067808151245,0.8555020689964294,-0.34902843832969666,0.5842186808586121,0.5307530164718628,0.8864442706108093,-0.5267220139503479,0.9234289526939392,0.3225594162940979,0.8569954037666321,-0.3853458762168884,0.5963841080665588,0.532336413860321,0.8780744671821594,-0.4648151993751526,0.8832650184631348,0.34178265929222107,0.8545835018157959,-0.3313274085521698,0.5758576393127441,0.6087436676025391,0.5266916751861572,-0.0742572620511055,0.9996599555015564,0.532533586025238,0.5435229539871216,0.07402760535478592,0.999625027179718,0.699419379234314,0.6338237524032593,0.2162538468837738,0.19669987261295319,0.6494539976119995,0.6440198421478271,0.28717029094696045,0.01149885356426239,0.7757885456085205,0.7150274515151978,0.4935637414455414,0.4257506728172302,0.7417835593223572,0.7060649394989014,0.5471900105476379,0.03379698097705841,0.7975791692733765,0.7054062485694885,0.5142782330513,0.4184841811656952,0.7630518674850464,0.6909584999084473,0.5749399065971375,0.0733289048075676,0.778856098651886,0.8179073929786682,0.4168090224266052,0.5195389986038208,0.7292224168777466,0.7977208495140076,0.5093311071395874,0.11895851045846939
0.29836517572402954,0.4269524812698364,-0.5173779726028442,0.9940592646598816,0.29439133405685425,0.393466979265213,-0.5410682559013367,0.9928202629089355,0.2989751696586609,0.38679924607276917,-0.5414966344833374,0.9922716021537781,0.3036532700061798,0.38113030791282654,-0.5412551760673523,0.9929431080818176,0.285667359828949,0.39962175488471985,-0.5165566205978394,0.9951342940330505,0.2834465503692627,0.39761093258857727,-0.5173513889312744,0.9967034459114075,0.2809768617153168,0.3963143527507782,-0.517795205116272,0.9978339672088623,0.32597774267196655,0.3377685248851776,-0.5491769313812256,0.9946774244308472,0.29435253143310547,0.3611782193183899,-0.4411998689174652,0.9964023232460022,0.3218333125114441,0.4250524342060089,-0.5053696632385254,0.9951286911964417,0.30892467498779297,0.4321979582309723,-0.4767739772796631,0.995943546295166,0.4582136273384094,0.35594481229782104,-0.5089914202690125,0.9995408654212952,0.3243960440158844,0.3915373980998993,-0.2989673614501953,0.9997562766075134,0.5702915191650391,0.6119128465652466,-0.4991134703159332,0.9868130087852478,0.34714698791503906,0.6144278645515442,-0.23850980401039124,0.11004731804132462,0.5676552057266235,0.8685463666915894,-0.5085471272468567,0.9469482898712158,0.34969526529312134,0.8386979103088379,-0.35377198457717896,0.6039623022079468,0.552871823310852,0.8983425498008728,-0.5671108365058899,0.9215422868728638,0.31723201274871826,0.8562049269676208,-0.39167067408561707,0.624434769153595,0.5317643880844116,0.8866554498672485,-0.5802657604217529,0.9300225973129272,0.32316046953201294,0.8586132526397705,-0.43201667070388794,0.6357111930847168,0.5333349704742432,0.8785008192062378,-0.5153652429580688,0.8928878307342529,0.3420582711696625,0.8552572727203369,-0.37520647048950195,0.6167707443237305,0.6129714250564575,0.5010010004043579,-0.07329621911048889,0.9996477961540222,0.5340336561203003,0.5247458815574646,0.07306452095508575,0.9996368885040283,0.6996830701828003,0.6232242584228516,0.21432271599769592,0.19100737571716309,0.6516075730323792,0.6441303491592407,0.29150304198265076,0.011943644843995571,0.7756088376045227,0.710307776927948,0.47884121537208557,0.4272933900356293,0.7463020086288452,0.7061909437179565,0.543768584728241,0.03635236248373985,0.7973405122756958,0.7053590416908264,0.4989282488822937,0.4223919212818146,0.7683686017990112,0.6913158297538757,0.5707176327705383,0.07608092576265335,0.7788587808609009,0.8179348707199097,0.3996090292930603,0.5280369520187378,0.7418572902679443,0.7981294989585876,0.4978165030479431,0.12613357603549957
0.31039851903915405,0.3890822231769562,-0.5095863342285156,0.9935543537139893,0.3066273331642151,0.3548331558704376,-0.5315068960189819,0.9918082356452942,0.31104540824890137,0.34804999828338623,-0.5319353938102722,0.9912363290786743,0.31551581621170044,0.3417634665966034,-0.5317155122756958,0.9916908144950867,0.2984050214290619,0.36031481623649597,-0.5084906220436096,0.9947586059570312,0.29646584391593933,0.3580944538116455,-0.5092688202857971,0.9965833425521851,0.29426291584968567,0.35652780532836914,-0.5096895098686218,0.9977573156356812,0.3371254801750183,0.29691314697265625,-0.5366266965866089,0.9937108755111694,0.3076501786708832,0.3218294084072113,-0.4354519844055176,0.996439516544342,0.3315490484237671,0.39210712909698486,-0.4967043995857239,0.9943920373916626,0.3196839690208435,0.3985440135002136,-0.4701503813266754,0.9958485960960388,0.46679458022117615,0.35452720522880554,-0.5003449320793152,0.9994680285453796,0.33946216106414795,0.38187316060066223,-0.29215091466903687,0.9997716546058655,0.5619943737983704,0.6152759790420532,-0.48082637786865234,0.9858989715576172,0.3493313491344452,0.6108317971229553,-0.22835151851177216,0.13895376026630402,0.5675710439682007,0.8684381246566772,-0.47890958189964294,0.9505099058151245,0.3498808443546295,0.8380239605903625,-0.3467716574668884,0.6422449946403503,0.5529109239578247,0.9004558324813843,-0.5342930555343628,0.927830159664154,0.317704975605011,0.8561499118804932,-0.3829718232154846,0.660921573638916,0.5317364931106567,0.887181282043457,-0.5483284592628479,0.9358218908309937,0.3236934244632721,0.8585634827613831,-0.4245518147945404,0.6713300347328186,0.5331813097000122,0.8785167932510376,-0.48567622900009155,0.9012578129768372,0.34317439794540405,0.8549363613128662,-0.3684758245944977,0.653850257396698,0.620649516582489,0.4953613579273224,-0.07233842462301254,0.9996326565742493,0.5433682203292847,0.509055495262146,0.07210355997085571,0.9996457695960999,0.7019988298416138,0.6176056265830994,0.20808009803295135,0.1863197386264801,0.6604059338569641,0.6329262852668762,0.2886098325252533,0.01236723456531763,0.7758020162582397,0.7101132869720459,0.46085458993911743,0.42473796010017395,0.7501739263534546,0.7045621871948242,0.524341881275177,0.03805380314588547,0.7976125478744507,0.7069069743156433,0.4801870882511139,0.423238605260849,0.7720337510108948,0.6908619999885559,0.5493921041488647,0.07778310775756836,0.7787781357765198,0.8175478577613831,0.3859996497631073,0.5321398377418518,0.7491246461868286,0.7985765337944031,0.4772065579891205,0.13117241859436035
0.31840530037879944,0.3567136526107788,-0.5089713335037231,0.9940481781959534,0.3150250315666199,0.3220081627368927,-0.526515543460846,0.9924441576004028,0.3199006915092468,0.3149277865886688,-0.5269514322280884,0.9919029474258423,0.32505542039871216,0.30809977650642395,-0.5267456769943237,0.9923133850097656,0.3054620325565338,0.3285415768623352,-0.504978597164154,0.9951766133308411,0.30324381589889526,0.3269515037536621,-0.5057528018951416,0.9968597888946533,0.3008315861225128,0.326087087392807,-0.5061675310134888,0.9979383945465088,0.34694889187812805,0.26617443561553955,-0.5306769609451294,0.9941636919975281,0.31211966276168823,0.2945138216018677,-0.4250814914703369,0.9967381954193115,0.33899539709091187,0.36011192202568054,-0.49231013655662537,0.9947482943534851,0.3274518549442291,0.3686286211013794,-0.4680350720882416,0.9961678981781006,0.47182998061180115,0.3384868800640106,-0.4880162179470062,0.999464213848114,0.3483271896839142,0.3733470141887665,-0.2836513817310333,0.9997856020927429,0.545062243938446,0.6122977137565613,-0.4704608917236328,0.9863074421882629,0.35184577107429504,0.611592173576355,-0.21607133746147156,0.1866937130689621,0.5675048828125,0.8681754469871521,-0.4817522466182709,0.9547125697135925,0.35120511054992676,0.8375170230865479,-0.33197444677352905,0.676597535610199,0.551818311214447,0.899458646774292,-0.5409364700317383,0.9342328906059265,0.31776732206344604,0.8570707440376282,-0.3680250942707062,0.6934382319450378,0.5316156148910522,0.8871598243713379,-0.5560190677642822,0.9416016340255737,0.32395321130752563,0.8587817549705505,-0.41173800826072693,0.7031605243682861,0.5331509709358215,0.878511369228363,-0.48969942331314087,0.9098553657531738,0.3437875509262085,0.8550264835357666,-0.3544790744781494,0.6869192123413086,0.6255417466163635,0.48441648483276367,-0.06759977340698242,0.9996463656425476,0.5441239476203918,0.4957912564277649,0.0673440471291542,0.9996632933616638,0.7041016817092896,0.6102365851402283,0.20321819186210632,0.22045661509037018,0.6364694237709045,0.6418830156326294,0.2654523253440857,0.019387153908610344,0.7764129638671875,0.7110558152198792,0.4405116140842438,0.45693671703338623,0.6958897709846497,0.7047788500785828,0.5306857824325562,0.044315092265605927,0.7987785339355469,0.7247539758682251,0.45888274908065796,0.4468580484390259,0.7134454250335693,0.6936193704605103,0.5597390532493591,0.08427153527736664,0.7708804607391357,0.816680371761322,0.3578405976295471,0.5611830353736877,0.688877522945404,0.7882040143013,0.5008368492126465,0.14725862443447113
0.32143229246139526,0.33501678705215454,-0.5161749124526978,0.994558572769165,0.3184628486633301,0.29770249128341675,-0.5314674377441406,0.9931016564369202,0.32398083806037903,0.2895579934120178,-0.5319048762321472,0.9925975799560547,0.33010751008987427,0.2818142771720886,-0.5317167043685913,0.9929711222648621,0.3082035183906555,0.30631545186042786,-0.5104979276657104,0.995600700378418,0.3058485686779022,0.30463242530822754,-0.5112527012825012,0.9971364736557007,0.3032919466495514,0.30316856503486633,-0.5116543769836426,0.9981200695037842,0.3549744188785553,0.2436755746603012,-0.5256956219673157,0.9946562647819519,0.3183412253856659,0.2707042098045349,-0.4280511438846588,0.9970308542251587,0.3437190353870392,0.3379684090614319,-0.4985826909542084,0.9951661229133606,0.3325475752353668,0.3488841950893402,-0.47516876459121704,0.9964996576309204,0.47378578782081604,0.3315969407558441,-0.49394282698631287,0.9994749426841736,0.3531295657157898,0.36117470264434814,-0.2829846739768982,0.9997983574867249,0.5370823740959167,0.6080412268638611,-0.4826790690422058,0.986625075340271,0.353781521320343,0.6087735891342163,-0.21017105877399445,0.22875110805034637,0.5674311518669128,0.8676918148994446,-0.4983174204826355,0.9584439992904663,0.3517612814903259,0.8365076780319214,-0.31909266114234924,0.7067908644676208,0.5518357157707214,0.89924156665802,-0.5596743822097778,0.9398858547210693,0.31811338663101196,0.8573598265647888,-0.3542437255382538,0.7218705415725708,0.5320088267326355,0.8877675533294678,-0.5734307169914246,0.9467037916183472,0.3241841793060303,0.8592372536659241,-0.3986814022064209,0.731184184551239,0.5339505672454834,0.8787546753883362,-0.5059322118759155,0.9173702597618103,0.34397029876708984,0.8551942706108093,-0.34182488918304443,0.7158440947532654,0.6259447336196899,0.4707210958003998,-0.0660306066274643,0.9996638894081116,0.5440205335617065,0.4798491299152374,0.06578096002340317,0.999681830406189,0.7039816379547119,0.6022657752037048,0.20460708439350128,0.2590424120426178,0.6176332831382751,0.6368712186813354,0.25800028443336487,0.026961401104927063,0.7774077653884888,0.7112190127372742,0.4502413868904114,0.4918143153190613,0.6581688523292542,0.6908689141273499,0.5404035449028015,0.04956136271357536,0.799773633480072,0.7274778485298157,0.46939167380332947,0.4702208340167999,0.6720154285430908,0.6863541007041931,0.5707377791404724,0.08884629607200623,0.7709547281265259,0.8153517246246338,0.3604753017425537,0.5902659893035889,0.6481997966766357,0.7518519759178162,0.5127947926521301,0.1613422930240631
0.3209449052810669,0.32936960458755493,-0.509093165397644,0.9948657155036926,0.31889328360557556,0.29105186462402344,-0.5261709094047546,0.993450939655304,0.3244909644126892,0.2828351855278015,-0.5266000628471375,0.9929836988449097,0.3304769694805145,0.2749716639518738,-0.5264102816581726,0.9933204650878906,0.30981674790382385,0.2978454530239105,-0.5040438175201416,0.9958517551422119,0.30795443058013916,0.295931875705719,-0.5047811269760132,0.997314453125,0.3057248890399933,0.29418593645095825,-0.5051636099815369,0.9982354044914246,0.35814958810806274,0.23726288974285126,-0.5230898857116699,0.9949439764022827,0.32446277141571045,0.26259103417396545,-0.42485564947128296,0.9972445368766785,0.34448328614234924,0.3330690562725067,-0.49401354789733887,0.9954386353492737,0.33435559272766113,0.34339264035224915,-0.4690662920475006,0.9967495799064636,0.4781598448753357,0.32742998003959656,-0.5038970708847046,0.9994841814041138,0.3577328026294708,0.3586655557155609,-0.27638331055641174,0.9998100399971008,0.5370839834213257,0.5988691449165344,-0.4986649453639984,0.9869261384010315,0.35658425092697144,0.6046391129493713,-0.2021128237247467,0.2540726661682129,0.5670002698898315,0.862775444984436,-0.5127341747283936,0.961955189704895,0.3514598309993744,0.8361304402351379,-0.3092479109764099,0.734045684337616,0.5520883202552795,0.8970057964324951,-0.5768327116966248,0.9452490210533142,0.31839457154273987,0.8571797609329224,-0.3439388573169708,0.7478993535041809,0.532180666923523,0.8869493007659912,-0.5871542096138,0.9515232443809509,0.3242853581905365,0.8591474890708923,-0.3897829055786133,0.7567345499992371,0.5340995788574219,0.8781830668449402,-0.5191702246665955,0.9245441555976868,0.3441474437713623,0.8550807237625122,-0.3328511118888855,0.7422997355461121,0.6289346814155579,0.4612272381782532,-0.06747665256261826,0.999672532081604,0.5494909286499023,0.4769453704357147,0.06725940108299255,0.9996951222419739,0.7063997387886047,0.599762499332428,0.19650223851203918,0.27115440368652344,0.6540451049804688,0.619834303855896,0.26377516984939575,0.028025463223457336,0.7785080671310425,0.7121266722679138,0.44187960028648376,0.5150590538978577,0.7398661375045776,0.6941719651222229,0.5241121649742126,0.052935849875211716,0.8015033602714539,0.7297695875167847,0.46025198698043823,0.4922819435596466,0.761684238910675,0.7000125050544739,0.5509969592094421,0.09381438791751862,0.7705124616622925,0.8140876889228821,0.3448323905467987,0.61341792345047,0.7098890542984009,0.7658520936965942,0.46716251969337463,0.17351438105106354
0.3225323259830475,0.33071038126945496,-0.5050251483917236,0.9952346682548523,0.320634126663208,0.29160964488983154,-0.523324191570282,0.993870735168457,0.3259601593017578,0.28420811891555786,-0.5237444639205933,0.9934598803520203,0.3318197429180145,0.27664101123809814,-0.523530900478363,0.9937431812286377,0.3112601637840271,0.29778623580932617,-0.5003915429115295,0.9961408972740173,0.3086862862110138,0.2960561513900757,-0.5011560320854187,0.9975184798240662,0.30575236678123474,0.29464271664619446,-0.501548707485199,0.9983655214309692,0.3591129779815674,0.2362423986196518,-0.5220259428024292,0.9952970147132874,0.3221614956855774,0.26263800263404846,-0.42044368386268616,0.9974768161773682,0.345092236995697,0.3340917229652405,-0.49094629287719727,0.9957717657089233,0.33452871441841125,0.3452133536338806,-0.46455398201942444,0.9970160722732544,0.4784470200538635,0.3254701495170593,-0.5027310848236084,0.9995062351226807,0.3570016622543335,0.3636484444141388,-0.2731134593486786,0.9998231530189514,0.5355960726737976,0.5956262946128845,-0.4896717071533203,0.9876247048377991,0.3594295382499695,0.6056740880012512,-0.2001989334821701,0.2814198136329651,0.566836953163147,0.8610560297966003,-0.5025355815887451,0.9655293226242065,0.3514939844608307,0.8359760046005249,-0.2992740273475647,0.7597285509109497,0.551667332649231,0.8956753015518188,-0.5666600465774536,0.9505134224891663,0.31850606203079224,0.8563277125358582,-0.33260074257850647,0.7723940014839172,0.5322229266166687,0.8865492343902588,-0.5757843852043152,0.956203818321228,0.32455554604530334,0.8591118454933167,-0.3784559369087219,0.7805336117744446,0.5347650647163391,0.8780794739723206,-0.5084775686264038,0.9317095279693604,0.3442456126213074,0.8549899458885193,-0.32268843054771423,0.7672832012176514,0.6281388998031616,0.45489874482154846,-0.06799516826868057,0.9996753334999084,0.5521718859672546,0.47581419348716736,0.06775132566690445,0.9997041821479797,0.7063561081886292,0.5976225137710571,0.18640533089637756,0.28743869066238403,0.6669365167617798,0.6092993021011353,0.25322195887565613,0.02859964594244957,0.7794944047927856,0.7110852003097534,0.42592301964759827,0.5400580763816833,0.7562882304191589,0.6951616406440735,0.4916071891784668,0.05677409842610359,0.802862823009491,0.728698194026947,0.44365963339805603,0.5201115012168884,0.7778773307800293,0.6996137499809265,0.5158377289772034,0.10024865716695786,0.7743315100669861,0.8128383159637451,0.3315105140209198,0.6385642290115356,0.7535253167152405,0.7777892351150513,0.42617639899253845,0.18851657211780548
0.3254602551460266,0.33887675404548645,-0.5088255405426025,0.9954613447189331,0.3243372440338135,0.29927852749824524,-0.5278213024139404,0.9941567182540894,0.32945215702056885,0.29227930307388306,-0.5282554030418396,0.9937742352485657,0.33502671122550964,0.2855103015899658,-0.5280877351760864,0.9940490126609802,0.3150582015514374,0.3055392801761627,-0.5051234364509583,0.9963173866271973,0.3122403025627136,0.30390405654907227,-0.5058438777923584,0.9976381063461304,0.30912187695503235,0.3025716245174408,-0.5062209367752075,0.9984431266784668,0.36095869541168213,0.2426539808511734,-0.5297149419784546,0.9955554008483887,0.32481035590171814,0.2680690586566925,-0.43066349625587463,0.9976311922073364,0.34649476408958435,0.3417189121246338,-0.49659043550491333,0.9959897994995117,0.3356214165687561,0.353082537651062,-0.4704045355319977,0.99720299243927,0.48107972741127014,0.32656311988830566,-0.5135874152183533,0.9995163679122925,0.3573649823665619,0.3622429370880127,-0.28037911653518677,0.9998298287391663,0.5369406938552856,0.596524178981781,-0.5141311883926392,0.9873679876327515,0.36136889457702637,0.6063949465751648,-0.21370342373847961,0.2926517426967621,0.5665994882583618,0.8617956638336182,-0.5353729724884033,0.9682505130767822,0.3515999913215637,0.8371879458427429,-0.3149532377719879,0.7797404527664185,0.5515259504318237,0.8982754945755005,-0.6012260913848877,0.9547172784805298,0.3187841773033142,0.8562571406364441,-0.3494528532028198,0.7916444540023804,0.5321179628372192,0.8865536451339722,-0.6095400452613831,0.9599863886833191,0.324846088886261,0.8590354323387146,-0.3933344781398773,0.7998422980308533,0.5347485542297363,0.8780490159988403,-0.5412120819091797,0.9372158646583557,0.3442590832710266,0.8554576635360718,-0.33772119879722595,0.7868191003799438,0.6276893615722656,0.45522934198379517,-0.06856028735637665,0.9996886253356934,0.553261935710907,0.4758750796318054,0.06832052022218704,0.9997169375419617,0.7067302465438843,0.5982374548912048,0.19558140635490417,0.2963564693927765,0.6652425527572632,0.6043307781219482,0.2612304389476776,0.029801709577441216,0.7801977396011353,0.7112390995025635,0.4306795597076416,0.559763491153717,0.725243091583252,0.6965664625167847,0.5340131521224976,0.05850699543952942,0.8033808469772339,0.7273093461990356,0.44537338614463806,0.5339885950088501,0.7426904439926147,0.7007231116294861,0.5647116303443909,0.1026502251625061,0.774473249912262,0.8111044764518738,0.3526948094367981,0.6561340093612671,0.7172883152961731,0.7787727117538452,0.4784049391746521,0.19505766034126282
0.3271757960319519,0.34162601828575134,-0.5125524401664734,0.9954619407653809,0.32601672410964966,0.301302045583725,-0.5314955711364746,0.9941098093986511,0.3308929204940796,0.29425010085105896,-0.5319310426712036,0.9937303066253662,0.3361860513687134,0.28771427273750305,-0.5317843556404114,0.9940354228019714,0.3163837194442749,0.3092108964920044,-0.5092605352401733,0.9962893724441528,0.3133928179740906,0.30858010053634644,-0.5099644660949707,0.997626543045044,0.31008246541023254,0.30832433700561523,-0.5103322267532349,0.9984413385391235,0.36121708154678345,0.24569500982761383,-0.5319018363952637,0.9955759048461914,0.3239646852016449,0.2747967541217804,-0.43478161096572876,0.9976786971092224,0.3480254113674164,0.34413260221481323,-0.49970942735671997,0.9960218071937561,0.3369922339916229,0.3563922941684723,-0.47404733300209045,0.9972867369651794,0.4803481101989746,0.3250076174736023,-0.5124067068099976,0.9995101094245911,0.35703349113464355,0.3642754554748535,-0.2824229598045349,0.9998344779014587,0.5381678342819214,0.5977087616920471,-0.5080374479293823,0.9869212508201599,0.3619799017906189,0.6059790849685669,-0.20959699153900146,0.29775112867355347,0.5662422776222229,0.8626334071159363,-0.5254621505737305,0.9704768061637878,0.3529874086380005,0.8370246291160583,-0.3030935823917389,0.7971526384353638,0.5506579279899597,0.8991833925247192,-0.590793251991272,0.9582347869873047,0.32125598192214966,0.8556293845176697,-0.33667001128196716,0.8084408640861511,0.5318920016288757,0.8866634964942932,-0.5999132394790649,0.9631800651550293,0.32652926445007324,0.8587676286697388,-0.38115328550338745,0.8168269395828247,0.5347375869750977,0.8781033158302307,-0.5316020846366882,0.9417312145233154,0.34533149003982544,0.8554314374923706,-0.3257150650024414,0.8037136197090149,0.62730872631073,0.45613014698028564,-0.06889963150024414,0.9996912479400635,0.5544411540031433,0.4807933270931244,0.06866727024316788,0.9997218251228333,0.7069164514541626,0.598002016544342,0.19612781703472137,0.2867943048477173,0.6641615629196167,0.6015704870223999,0.276172935962677,0.028372975066304207,0.7809761762619019,0.7113550901412964,0.4403302073478699,0.5546296238899231,0.7508779764175415,0.6972376704216003,0.5506584048271179,0.05617247894406319,0.8033472299575806,0.7265581488609314,0.4578295648097992,0.5297189354896545,0.7692764401435852,0.7004368901252747,0.5797592401504517,0.09952345490455627,0.7772611975669861,0.8095040321350098,0.3562166094779968,0.654321014881134,0.7398232221603394,0.780576229095459,0.48856496810913086,0.18958184123039246
0.322776734828949,0.3493841886520386,-0.5099905729293823,0.9954878091812134,0.32139429450035095,0.30713608860969543,-0.5290313959121704,0.9940646886825562,0.3264103829860687,0.2990943193435669,-0.5294608473777771,0.9937151670455933,0.3318406939506531,0.2914738953113556,-0.5292912721633911,0.9940206408500671,0.3117636740207672,0.3172719180583954,-0.5064499378204346,0.9962799549102783,0.3089848458766937,0.3164106607437134,-0.5071729421615601,0.9976439476013184,0.3058927655220032,0.3157501816749573,-0.5075449347496033,0.9984537959098816,0.3573061227798462,0.2526356875896454,-0.5305861830711365,0.9956141710281372,0.32088524103164673,0.27900391817092896,-0.43022194504737854,0.997749924659729,0.3441038727760315,0.352812796831131,-0.4970816969871521,0.9961138367652893,0.33348968625068665,0.36315062642097473,-0.470743328332901,0.9973971843719482,0.4785987436771393,0.3249845802783966,-0.508465588092804,0.9995128512382507,0.3547321557998657,0.3693494498729706,-0.27964985370635986,0.9998412728309631,0.5398168563842773,0.5979202389717102,-0.5022806525230408,0.9863642454147339,0.3620389699935913,0.6063790917396545,-0.2036403864622116,0.29577207565307617,0.5662169456481934,0.8630952835083008,-0.5234909653663635,0.9726331233978271,0.3534889817237854,0.836828887462616,-0.2983750104904175,0.8141297101974487,0.5505865812301636,0.8996684551239014,-0.5895612239837646,0.9616581797599792,0.32198861241340637,0.8554745316505432,-0.33300715684890747,0.8250399827957153,0.5318818092346191,0.8867756128311157,-0.5982939004898071,0.9662680625915527,0.3271743655204773,0.8586560487747192,-0.37805747985839844,0.8332346677780151,0.5347295999526978,0.8783169388771057,-0.529576301574707,0.9462379813194275,0.3459389805793762,0.8554045557975769,-0.32125788927078247,0.8205149173736572,0.626928448677063,0.4591301381587982,-0.06915418803691864,0.9996903538703918,0.5533405542373657,0.4832265079021454,0.06892562657594681,0.9997236728668213,0.7068477869033813,0.5995451807975769,0.19621601700782776,0.2715719938278198,0.6626892685890198,0.603289783000946,0.2802760601043701,0.026490041986107826,0.7813684940338135,0.7114132642745972,0.4448089599609375,0.5423599481582642,0.7561476230621338,0.6975592970848083,0.5527664422988892,0.05304610729217529,0.8032852411270142,0.7259366512298584,0.4633251130580902,0.5227662920951843,0.7743478417396545,0.700455367565155,0.5811713337898254,0.09516887366771698,0.7785611152648926,0.8095414638519287,0.3570151925086975,0.6484743356704712,0.7397498488426208,0.7807456851005554,0.494703471660614,0.1817757934331894
0.3216610550880432,0.36520126461982727,-0.5057070255279541,0.9952234625816345,0.3210473656654358,0.32581982016563416,-0.5247929692268372,0.9935418367385864,0.32618433237075806,0.31808164715766907,-0.5252068042755127,0.9932650327682495,0.3311593532562256,0.310407817363739,-0.5250626802444458,0.9935228228569031,0.31122836470603943,0.33428555727005005,-0.5007221102714539,0.9959908723831177,0.3078143000602722,0.3329275846481323,-0.5014232397079468,0.9975228905677795,0.3042873740196228,0.33176037669181824,-0.5017891526222229,0.99836665391922,0.3568482995033264,0.26979750394821167,-0.5301356315612793,0.9954378604888916,0.3191314935684204,0.2947391867637634,-0.42416924238204956,0.9977605938911438,0.3439785838127136,0.36827579140663147,-0.4953468441963196,0.9960170984268188,0.33178895711898804,0.37810376286506653,-0.4669606685638428,0.9973974823951721,0.4774695038795471,0.32690924406051636,-0.5037150382995605,0.9994887113571167,0.35409122705459595,0.3730211853981018,-0.2783679664134979,0.999845564365387,0.5475271940231323,0.5983418226242065,-0.4951707422733307,0.9863840341567993,0.3617808222770691,0.609638512134552,-0.2027311772108078,0.29320451617240906,0.5662329792976379,0.8632032871246338,-0.5151969194412231,0.9747259616851807,0.35349637269973755,0.836688756942749,-0.2938447594642639,0.8300052285194397,0.5509864687919617,0.8998525738716125,-0.5790287256240845,0.9649159908294678,0.3219764530658722,0.8553995490074158,-0.327861487865448,0.8404965996742249,0.5319673418998718,0.8867703676223755,-0.5871840715408325,0.9691847562789917,0.3272305727005005,0.8586251139640808,-0.3721751272678375,0.8483527302742004,0.5348122119903564,0.8783201575279236,-0.5209291577339172,0.9506010413169861,0.34597986936569214,0.8553445339202881,-0.3162805736064911,0.8361920118331909,0.6266999840736389,0.4639660716056824,-0.06920617818832397,0.9996899366378784,0.5538180470466614,0.4879378378391266,0.06898695975542068,0.9997289776802063,0.7067259550094604,0.6018457412719727,0.19498422741889954,0.2700737714767456,0.6647356748580933,0.6042556762695312,0.2804211974143982,0.025628140196204185,0.7816898822784424,0.7114889621734619,0.4463910162448883,0.5534266233444214,0.7578526139259338,0.6977101564407349,0.5388096570968628,0.05462881550192833,0.8033412098884583,0.7254929542541504,0.46518954634666443,0.5338672399520874,0.7756206393241882,0.6987839937210083,0.5646761059761047,0.09816649556159973,0.7796868085861206,0.8095950484275818,0.35819339752197266,0.6606631278991699,0.7505367398262024,0.7874313592910767,0.4811422824859619,0.1890445351600647
0.3157660961151123,0.3900233507156372,-0.5001914501190186,0.9949985146522522,0.31464099884033203,0.35022297501564026,-0.5182334780693054,0.9930949807167053,0.3194599449634552,0.34268295764923096,-0.5186115503311157,0.9928421974182129,0.3247383236885071,0.3351680338382721,-0.5184707641601562,0.9930874705314636,0.30581432580947876,0.35744810104370117,-0.4950197637081146,0.9957292079925537,0.3031444847583771,0.3551954925060272,-0.49571841955184937,0.9973917007446289,0.3001556098461151,0.35326331853866577,-0.4960644841194153,0.9982805252075195,0.35211893916130066,0.2949059307575226,-0.5167064666748047,0.9952148199081421,0.3156967759132385,0.3204571604728699,-0.4152985215187073,0.9977262020111084,0.3390696942806244,0.39276012778282166,-0.486998975276947,0.9958986043930054,0.32794609665870667,0.40157777070999146,-0.45995935797691345,0.9973795413970947,0.4771970212459564,0.3349127173423767,-0.4756234288215637,0.9994693398475647,0.3465803265571594,0.3930765688419342,-0.26360613107681274,0.9998512268066406,0.5647786855697632,0.6024286150932312,-0.46249717473983765,0.9863102436065674,0.3598397374153137,0.6091403365135193,-0.17731045186519623,0.2910745143890381,0.5664499998092651,0.8644139766693115,-0.4868859350681305,0.9764562845230103,0.3534955382347107,0.8365836143493652,-0.26077717542648315,0.844345211982727,0.5518932342529297,0.9008867740631104,-0.5458587408065796,0.9676069617271423,0.3217650055885315,0.855107307434082,-0.29020342230796814,0.8542879819869995,0.5320173501968384,0.8867990970611572,-0.5534542798995972,0.9716114401817322,0.32709917426109314,0.8583065271377563,-0.3320617079734802,0.8618233799934387,0.5348206758499146,0.8783984780311584,-0.492013156414032,0.954105794429779,0.3459540009498596,0.8551780581474304,-0.2814006209373474,0.8500056266784668,0.6232267022132874,0.46563711762428284,-0.06989782303571701,0.9996856451034546,0.5537329316139221,0.501132071018219,0.06967518478631973,0.9997324347496033,0.7061342597007751,0.6058738231658936,0.18956749141216278,0.2709801197052002,0.6624776721000671,0.607980489730835,0.2777716815471649,0.025203149765729904,0.7816475033760071,0.7115783095359802,0.4391483664512634,0.5634526014328003,0.7567049264907837,0.6979939937591553,0.5143344402313232,0.05724353343248367,0.8030254244804382,0.7246226072311401,0.45757755637168884,0.5432853102684021,0.774351179599762,0.698725163936615,0.5384155511856079,0.10184037685394287,0.7799328565597534,0.8113038539886475,0.35186704993247986,0.6720342636108398,0.7499054074287415,0.7966393232345581,0.4586121141910553,0.19915658235549927
0.2856612801551819,0.4371655285358429,-0.4523363709449768,0.9946445226669312,0.28401339054107666,0.3992424011230469,-0.4706459939479828,0.9926031231880188,0.2897211015224457,0.39278391003608704,-0.47100940346717834,0.992393434047699,0.2963155210018158,0.3854995667934418,-0.47084981203079224,0.9926854968070984,0.27496159076690674,0.4029574394226074,-0.4464506208896637,0.9954034686088562,0.2736278176307678,0.4005061388015747,-0.44713783264160156,0.9972160458564758,0.27214354276657104,0.39796337485313416,-0.4474547803401947,0.9981626272201538,0.3254276514053345,0.34997230768203735,-0.4773140549659729,0.9950994849205017,0.29474937915802,0.3649744391441345,-0.37050962448120117,0.997656524181366,0.3080783486366272,0.4448610842227936,-0.44259339570999146,0.9958875179290771,0.29976940155029297,0.4489913582801819,-0.41416773200035095,0.9973718523979187,0.46430379152297974,0.38073235750198364,-0.4411907196044922,0.999474287033081,0.33566755056381226,0.414429634809494,-0.2212434560060501,0.9998531937599182,0.5739827752113342,0.6050386428833008,-0.4262975752353668,0.9858364462852478,0.3571324646472931,0.6197608709335327,-0.13176986575126648,0.27578216791152954,0.5666474103927612,0.8644126057624817,-0.45034247636795044,0.9777300953865051,0.3532560467720032,0.8365932703018188,-0.2263987958431244,0.8557103276252747,0.554623544216156,0.901100754737854,-0.5041333436965942,0.9697884917259216,0.32134106755256653,0.8550640344619751,-0.2577671408653259,0.8659651875495911,0.5324360132217407,0.8867071270942688,-0.5128644108772278,0.9735908508300781,0.32672378420829773,0.8582096695899963,-0.29580217599868774,0.8733025193214417,0.5349830985069275,0.8781569004058838,-0.45472007989883423,0.9568000435829163,0.345829039812088,0.855053722858429,-0.24619252979755402,0.861490786075592,0.6159876585006714,0.5025790929794312,-0.07190614938735962,0.9996827244758606,0.5503616333007812,0.5304542779922485,0.07169605046510696,0.9997340440750122,0.706081211566925,0.6250640749931335,0.19012904167175293,0.2680421471595764,0.6611332297325134,0.6310313940048218,0.2756861746311188,0.024509917944669724,0.7822480201721191,0.7139515280723572,0.4436323046684265,0.5670484304428101,0.7543081641197205,0.6996004581451416,0.5195519924163818,0.05780402943491936,0.8031787872314453,0.7244531512260437,0.4632270336151123,0.5441473126411438,0.7730329036712646,0.6987285017967224,0.5450357794761658,0.10274171829223633,0.78153395652771,0.8142820596694946,0.3613860011100769,0.6783761382102966,0.7485252022743225,0.799801230430603,0.4712309241294861,0.2036895453929901
0.27461475133895874,0.5061937570571899,-0.434622198343277,0.9944316744804382,0.2709004282951355,0.47066548466682434,-0.45387229323387146,0.9924036860466003,0.27568772435188293,0.4626210629940033,-0.4542262554168701,0.9922019243240356,0.28118574619293213,0.4543195068836212,-0.4540497660636902,0.9925675392150879,0.26351505517959595,0.47531479597091675,-0.42737728357315063,0.9952131509780884,0.26239606738090515,0.47242528200149536,-0.42806753516197205,0.9970887303352356,0.2611178457736969,0.46938556432724,-0.42838555574417114,0.9980850219726562,0.3108444809913635,0.4123227298259735,-0.463390052318573,0.9950878620147705,0.2850465178489685,0.427240252494812,-0.3458494544029236,0.9975826144218445,0.298583447933197,0.5085074305534363,-0.42585378885269165,0.9959078431129456,0.29192373156547546,0.5130202174186707,-0.39439657330513,0.9973542094230652,0.45406728982925415,0.4160277843475342,-0.4246412217617035,0.9994829893112183,0.33321163058280945,0.45471569895744324,-0.19984956085681915,0.9998555779457092,0.580734133720398,0.6066052317619324,-0.411393404006958,0.9856033325195312,0.3492453694343567,0.6323696374893188,-0.11019755899906158,0.2607131004333496,0.5668973922729492,0.864418089389801,-0.43546372652053833,0.9785199165344238,0.35176587104797363,0.8378767371177673,-0.20535147190093994,0.8640487194061279,0.5552401542663574,0.9007006287574768,-0.48682183027267456,0.9712137579917908,0.3204730153083801,0.8552955389022827,-0.23692044615745544,0.8746157884597778,0.5324570536613464,0.8865411281585693,-0.49650755524635315,0.9749231338500977,0.32569876313209534,0.8586905598640442,-0.27277249097824097,0.8820798993110657,0.5350022912025452,0.8781350255012512,-0.43974965810775757,0.9581900238990784,0.34508374333381653,0.8556156754493713,-0.22445741295814514,0.8694688081741333,0.6077848672866821,0.5341830253601074,-0.07541763782501221,0.9996868968009949,0.5479964017868042,0.5604820847511292,0.07523037493228912,0.9997407793998718,0.7040318250656128,0.6430538296699524,0.19064733386039734,0.26365235447883606,0.6535078287124634,0.653351902961731,0.2799203097820282,0.023731132969260216,0.7795990705490112,0.7139827013015747,0.44427579641342163,0.566696286201477,0.7525323629379272,0.7037572264671326,0.5234681963920593,0.057986799627542496,0.8009317517280579,0.7202160954475403,0.4634471535682678,0.5367934703826904,0.7715259790420532,0.6986736059188843,0.5492934584617615,0.10222038626670837,0.7816205620765686,0.8143105506896973,0.36309006810188293,0.6811957955360413,0.746055006980896,0.800320029258728,0.4760640561580658,0.2073700875043869
0.27081960439682007,0.54607093334198,-0.4385260045528412,0.9942246675491333,0.26562124490737915,0.5093250870704651,-0.4566984176635742,0.992340624332428,0.27016228437423706,0.501005232334137,-0.45703834295272827,0.9920721054077148,0.2753404676914215,0.4919084310531616,-0.45686912536621094,0.992585301399231,0.2583237290382385,0.5147493481636047,-0.4308522343635559,0.9950662851333618,0.25729650259017944,0.5117599368095398,-0.43154287338256836,0.9969263672828674,0.25607067346572876,0.5088940262794495,-0.43184328079223633,0.9980032444000244,0.3031541705131531,0.4447493255138397,-0.4599616527557373,0.995083749294281,0.27993255853652954,0.4626850187778473,-0.34528765082359314,0.997450053691864,0.2952870726585388,0.5413608551025391,-0.4273454248905182,0.995935320854187,0.289584755897522,0.5459421277046204,-0.3968360722064972,0.9973123073577881,0.4526694715023041,0.4451712667942047,-0.4194876253604889,0.9994922876358032,0.3316255211830139,0.4829566180706024,-0.19606035947799683,0.9998565912246704,0.5862442255020142,0.613395094871521,-0.407879501581192,0.985913872718811,0.34684139490127563,0.6551093459129333,-0.07615543901920319,0.2489875853061676,0.5683673024177551,0.8637245893478394,-0.4352574348449707,0.9794946908950806,0.3513336777687073,0.8408661484718323,-0.13184571266174316,0.8703161478042603,0.5558410882949829,0.8978464007377625,-0.4851136803627014,0.9725242257118225,0.3202042877674103,0.8556931614875793,-0.15642942488193512,0.8806604743003845,0.5337761044502258,0.886462926864624,-0.4955838620662689,0.9761360287666321,0.3250298500061035,0.8600634932518005,-0.1947462111711502,0.8885496854782104,0.5375693440437317,0.8781442642211914,-0.4398086965084076,0.959575355052948,0.34444698691368103,0.8575459122657776,-0.15087710320949554,0.8745422959327698,0.6066861152648926,0.5640513896942139,-0.07907556742429733,0.999690592288971,0.5462013483047485,0.5909985303878784,0.07891102135181427,0.9997463226318359,0.7037127614021301,0.6551346778869629,0.1908838301897049,0.2624504268169403,0.6513265371322632,0.670348584651947,0.2884475886821747,0.023342523723840714,0.7784570455551147,0.7142906785011292,0.45511770248413086,0.5676345825195312,0.7515720725059509,0.7068914771080017,0.5358927845954895,0.0580841489136219,0.8001009225845337,0.7167818546295166,0.4758726954460144,0.5311695337295532,0.7708675265312195,0.6983937621116638,0.5617213249206543,0.10168634355068207,0.7839382886886597,0.8143478631973267,0.38184255361557007,0.6826130151748657,0.7446376085281372,0.7995932102203369,0.5020315647125244,0.2101372480392456
0.25446510314941406,0.6052902340888977,-0.4245728552341461,0.9938204288482666,0.24944207072257996,0.5648484826087952,-0.44207024574279785,0.992063581943512,0.2549927234649658,0.5572594404220581,-0.4424118399620056,0.9917518496513367,0.26094889640808105,0.5494474768638611,-0.4422489106655121,0.9924730658531189,0.2392633855342865,0.5701116919517517,-0.4148111939430237,0.9946764707565308,0.23760876059532166,0.5677297711372375,-0.41547197103500366,0.9965744018554688,0.23591002821922302,0.5654016137123108,-0.4157331585884094,0.9977912902832031,0.28864720463752747,0.5099501609802246,-0.4462607502937317,0.9949634075164795,0.2619364857673645,0.526258111000061,-0.32456520199775696,0.9970332384109497,0.27916818857192993,0.6028232574462891,-0.4141469895839691,0.995812714099884,0.26893216371536255,0.6086249351501465,-0.38172417879104614,0.997075617313385,0.434673935174942,0.49627256393432617,-0.40464234352111816,0.9995056390762329,0.32719820737838745,0.5228391289710999,-0.17398351430892944,0.999850869178772,0.5855807065963745,0.613436758518219,-0.39493095874786377,0.9857455492019653,0.3461166322231293,0.6692817807197571,-0.032953884452581406,0.22946567833423615,0.5689741373062134,0.8636294603347778,-0.43144288659095764,0.9796158075332642,0.3482593894004822,0.8446418046951294,-0.0668151006102562,0.8699896931648254,0.5560002326965332,0.8942224383354187,-0.47925686836242676,0.9728050827980042,0.31548255681991577,0.8559951782226562,-0.08763023465871811,0.8821402788162231,0.5359373688697815,0.8864628076553345,-0.4880359172821045,0.9764524698257446,0.3199310302734375,0.860650360584259,-0.12624581158161163,0.890915036201477,0.539914071559906,0.8781602382659912,-0.43498462438583374,0.959209144115448,0.33752045035362244,0.859366774559021,-0.0855790227651596,0.8742794990539551,0.605530321598053,0.6146352291107178,-0.08197388797998428,0.9996941089630127,0.5450239777565002,0.6369262933731079,0.08181985467672348,0.9997472763061523,0.7037166357040405,0.6736249923706055,0.19434033334255219,0.25084367394447327,0.6517850160598755,0.6917896866798401,0.295921266078949,0.021987413987517357,0.7783297300338745,0.7144461870193481,0.464383065700531,0.5519758462905884,0.7479139566421509,0.7098804712295532,0.5427685379981995,0.05557861179113388,0.8002067804336548,0.7117543816566467,0.48550835251808167,0.5134057998657227,0.765724241733551,0.6982534527778625,0.5684152245521545,0.09802990406751633,0.78839510679245,0.8146466612815857,0.39914005994796753,0.6691061854362488,0.7470865249633789,0.7995790839195251,0.5195809602737427,0.20389536023139954
0.24406850337982178,0.6755803823471069,-0.427745521068573,0.9935017824172974,0.23724830150604248,0.6319356560707092,-0.44777268171310425,0.9917733669281006,0.24167773127555847,0.6249831318855286,-0.44812139868736267,0.991469144821167,0.24720577895641327,0.6177160739898682,-0.4479561448097229,0.9923681616783142,0.22957535088062286,0.6350469589233398,-0.4187914729118347,0.9942793250083923,0.22814998030662537,0.631643533706665,-0.4194249212741852,0.9962522983551025,0.22664029896259308,0.628311276435852,-0.419668048620224,0.9975734353065491,0.2782749831676483,0.5745007991790771,-0.4578169286251068,0.9949264526367188,0.2509232759475708,0.587755560874939,-0.32866397500038147,0.9966185688972473,0.26769915223121643,0.676540195941925,-0.41921359300613403,0.9957664012908936,0.2573506832122803,0.6836768984794617,-0.3843173384666443,0.9968822002410889,0.4196900427341461,0.563616156578064,-0.40864259004592896,0.9995311498641968,0.31893473863601685,0.5534738898277283,-0.17798492312431335,0.9998491406440735,0.5890019536018372,0.6163401007652283,-0.39143282175064087,0.9857949614524841,0.3508393168449402,0.6702641248703003,-0.035132065415382385,0.2090976983308792,0.5683325529098511,0.8636583685874939,-0.4226084351539612,0.9799410700798035,0.34881746768951416,0.8449249863624573,-0.07508432865142822,0.866507887840271,0.5530909299850464,0.8941522240638733,-0.46833544969558716,0.9733406901359558,0.3157127797603607,0.8569782972335815,-0.09830224514007568,0.8826807737350464,0.5349580645561218,0.8839846253395081,-0.47601252794265747,0.9769692420959473,0.320762038230896,0.8609815239906311,-0.13537122309207916,0.8922510147094727,0.5396650433540344,0.8752666115760803,-0.42502909898757935,0.9592918157577515,0.33771276473999023,0.8595234155654907,-0.0934128537774086,0.8736092448234558,0.6026539206504822,0.6545834541320801,-0.08563686907291412,0.9996944069862366,0.5375338792800903,0.6676022410392761,0.08545694500207901,0.9997418522834778,0.7026466131210327,0.6960611939430237,0.20308952033519745,0.2359917014837265,0.6488622426986694,0.7066127061843872,0.3366197943687439,0.020252620801329613,0.7755295038223267,0.7154889702796936,0.5047255754470825,0.5289007425308228,0.7341517210006714,0.7101742625236511,0.6163870096206665,0.05220913887023926,0.7946066856384277,0.711604654788971,0.5292559862136841,0.48862898349761963,0.7507897615432739,0.6981119513511658,0.6455007791519165,0.09290637820959091,0.7846097350120544,0.8145097494125366,0.4477306306362152,0.6493304371833801,0.7355297207832336,0.7995657324790955,0.6049314737319946,0.19423408806324005
0.2360154688358307,0.7514991760253906,-0.4322635233402252,0.9934617280960083,0.23042412102222443,0.7176209092140198,-0.4530244767665863,0.991946816444397,0.23463556170463562,0.7110361456871033,-0.4533776640892029,0.9916059374809265,0.23967060446739197,0.7033820748329163,-0.4532151222229004,0.9926343560218811,0.2230592668056488,0.7187895774841309,-0.4228300154209137,0.9942486882209778,0.22166404128074646,0.714573085308075,-0.42345696687698364,0.9961238503456116,0.22013819217681885,0.7100152969360352,-0.423710435628891,0.9975122809410095,0.2708504796028137,0.6479662656784058,-0.4640350341796875,0.9950684309005737,0.24422922730445862,0.6597713232040405,-0.32863515615463257,0.9963735342025757,0.25939634442329407,0.7504399418830872,-0.42401376366615295,0.9957911372184753,0.2516769766807556,0.7575071454048157,-0.3874739706516266,0.9967167377471924,0.412437379360199,0.6160169243812561,-0.41006216406822205,0.999557614326477,0.31054720282554626,0.6100431084632874,-0.18213722109794617,0.9998444318771362,0.5884655714035034,0.6221640706062317,-0.37210220098495483,0.9859333038330078,0.3625466227531433,0.6745954155921936,-0.011376871727406979,0.19054287672042847,0.5668867230415344,0.8636053204536438,-0.3745909631252289,0.9784003496170044,0.3486700654029846,0.8428789973258972,-0.0015396436210721731,0.8396909236907959,0.5518634915351868,0.894182562828064,-0.41104555130004883,0.9704907536506653,0.3159137964248657,0.8567346334457397,-0.01708376035094261,0.8605955243110657,0.533330500125885,0.8839585781097412,-0.41959327459335327,0.974441409111023,0.3210342526435852,0.8609187006950378,-0.05249728634953499,0.8728636503219604,0.5379278659820557,0.8750873804092407,-0.37617406249046326,0.953774094581604,0.33825239539146423,0.8589156270027161,-0.017972957342863083,0.8486824035644531,0.598626434803009,0.6970621943473816,-0.08980467170476913,0.9996939301490784,0.5297954082489014,0.7094200849533081,0.08965526521205902,0.999732494354248,0.7011033892631531,0.7101327180862427,0.20296414196491241,0.22204796969890594,0.6489148736000061,0.727364182472229,0.32484787702560425,0.01859554648399353,0.7714362144470215,0.7156772017478943,0.4910539984703064,0.502982497215271,0.7336201667785645,0.714809775352478,0.5983439683914185,0.04840226471424103,0.7909188866615295,0.7038400173187256,0.5140306353569031,0.46364322304725647,0.7518348693847656,0.6980390548706055,0.6273682117462158,0.08750391751527786,0.7862988710403442,0.8154178857803345,0.43323081731796265,0.6241739988327026,0.7429566979408264,0.8033860921859741,0.5920737385749817,0.1826706975698471
0.23269009590148926,0.7973546981811523,-0.43836846947669983,0.9935513734817505,0.2253206968307495,0.7647580504417419,-0.4582298696041107,0.9922223687171936,0.22969312965869904,0.7580652236938477,-0.4585966169834137,0.9918461441993713,0.23527605831623077,0.7505571246147156,-0.45844021439552307,0.9929664731025696,0.21821805834770203,0.767947793006897,-0.42977142333984375,0.9943474531173706,0.21699552237987518,0.7643440961837769,-0.43041571974754333,0.9961137175559998,0.21558645367622375,0.7606675028800964,-0.43068552017211914,0.9975151419639587,0.2675323486328125,0.7035583257675171,-0.46495842933654785,0.9952636957168579,0.23965616524219513,0.7143309116363525,-0.3352075517177582,0.9962167739868164,0.2581928074359894,0.7964023947715759,-0.4292556345462799,0.995863676071167,0.25044944882392883,0.803691029548645,-0.3941979706287384,0.9966040253639221,0.4105624556541443,0.6519608497619629,-0.41430824995040894,0.9995796084403992,0.3013610243797302,0.6509929895401001,-0.19021840393543243,0.9998295307159424,0.5870391130447388,0.6215376853942871,-0.35720211267471313,0.986784040927887,0.3787226676940918,0.6689420938491821,-0.006524303462356329,0.17539477348327637,0.5634028911590576,0.8625050783157349,-0.3442704677581787,0.9759479761123657,0.35168811678886414,0.8269851803779602,0.03599969297647476,0.7750676274299622,0.5504719614982605,0.8942364454269409,-0.377206951379776,0.9653372764587402,0.3249668478965759,0.8493226170539856,0.025108585134148598,0.796434760093689,0.5319398641586304,0.8839787244796753,-0.3856975734233856,0.9697680473327637,0.3271217346191406,0.8571253418922424,-0.00910718459635973,0.8098350763320923,0.5357584953308105,0.8746707439422607,-0.3451048731803894,0.9448534250259399,0.34119659662246704,0.8523940443992615,0.020959412679076195,0.7842274308204651,0.594772219657898,0.7228248715400696,-0.09020514786243439,0.9996995329856873,0.5254804491996765,0.7336316704750061,0.09004316478967667,0.9997220039367676,0.7004570364952087,0.7238689064979553,0.2026832550764084,0.21771223843097687,0.6497460007667542,0.7368625998497009,0.3250836133956909,0.017286844551563263,0.7697200775146484,0.7204848527908325,0.4853854179382324,0.49327191710472107,0.7318710088729858,0.7200334072113037,0.6108789443969727,0.0456727035343647,0.7890511751174927,0.7027299404144287,0.5084677338600159,0.4534304738044739,0.7501371502876282,0.6980087161064148,0.6416231989860535,0.08467017114162445,0.7845343351364136,0.8181904554367065,0.42878594994544983,0.6134122610092163,0.7368985414505005,0.804259717464447,0.6137979030609131,0.174358531832695
0.2304932326078415,0.8321070075035095,-0.49091893434524536,0.9934700131416321,0.22594115138053894,0.8013946413993835,-0.5133718848228455,0.9923455119132996,0.2304469347000122,0.7967945337295532,-0.5137333869934082,0.991910457611084,0.23577603697776794,0.7913597226142883,-0.5135137438774109,0.9932102560997009,0.2181912660598755,0.8026819229125977,-0.48380541801452637,0.9942277669906616,0.2167326658964157,0.799153208732605,-0.48440486192703247,0.9958663582801819,0.2150777280330658,0.795447051525116,-0.4846397042274475,0.9973499774932861,0.26713812351226807,0.7488300800323486,-0.516990602016449,0.9954124093055725,0.2357083112001419,0.7553983926773071,-0.3830883204936981,0.9956172704696655,0.25475209951400757,0.8348819017410278,-0.47778111696243286,0.9957082271575928,0.2462979257106781,0.8383211493492126,-0.44212427735328674,0.9960408806800842,0.39722123742103577,0.693431556224823,-0.43692827224731445,0.9995941519737244,0.2908480763435364,0.6779423952102661,-0.227291539311409,0.9997318983078003,0.5753809213638306,0.6210790872573853,-0.3710653483867645,0.987189531326294,0.3775451183319092,0.6635746359825134,-0.03999625891447067,0.15849056839942932,0.5620004534721375,0.8598635196685791,-0.34847158193588257,0.9667500257492065,0.3518914580345154,0.8178173303604126,0.018076814711093903,0.6985365748405457,0.5506333112716675,0.8929561376571655,-0.382209837436676,0.9503741264343262,0.33232229948043823,0.8357405662536621,0.010341908782720566,0.7183721661567688,0.5326575636863708,0.8832427263259888,-0.3909892439842224,0.9563177227973938,0.33234846591949463,0.8470115661621094,-0.022993024438619614,0.7306184768676758,0.5357012152671814,0.8735688924789429,-0.34948402643203735,0.9245092868804932,0.343533456325531,0.8427393436431885,0.003629269078373909,0.7075256109237671,0.5948941707611084,0.733154296875,-0.08924376964569092,0.9996963143348694,0.5195273756980896,0.7277074456214905,0.08907871693372726,0.9996824264526367,0.7001674175262451,0.7315982580184937,0.2082487791776657,0.21123336255550385,0.6415528059005737,0.7407495379447937,0.3441334366798401,0.01593746803700924,0.7701617479324341,0.7219680547714233,0.4982079565525055,0.484318345785141,0.7235016822814941,0.7213901877403259,0.6473952531814575,0.04318781569600105,0.7899155616760254,0.700896680355072,0.5232113003730774,0.4454769194126129,0.7429286241531372,0.6979862451553345,0.6803311109542847,0.08190009742975235,0.7833766937255859,0.818945050239563,0.4422142505645752,0.5970865488052368,0.7297347784042358,0.80413818359375,0.6541182398796082,0.16373193264007568
0.23677103221416473,0.8703120946884155,-0.5141904950141907,0.9932431578636169,0.23201556503772736,0.8387612104415894,-0.5410961508750916,0.9922162890434265,0.23679539561271667,0.8323488831520081,-0.5414565801620483,0.991694986820221,0.24201297760009766,0.8260231614112854,-0.5411943197250366,0.9932425022125244,0.22306036949157715,0.8416727781295776,-0.5094319581985474,0.9938222169876099,0.2207503318786621,0.8370060324668884,-0.5100580453872681,0.9953956007957458,0.21797862648963928,0.8325388431549072,-0.5103316903114319,0.9970316290855408,0.26897570490837097,0.7792671918869019,-0.5466650724411011,0.9953911900520325,0.23383530974388123,0.7943235635757446,-0.4050694406032562,0.9947254657745361,0.2612062394618988,0.8596787452697754,-0.4993625283241272,0.9952451586723328,0.2526865303516388,0.864431619644165,-0.46160441637039185,0.9950374960899353,0.3947170376777649,0.6996328830718994,-0.454996258020401,0.9996070265769958,0.2779703140258789,0.6896690130233765,-0.24451100826263428,0.9996392726898193,0.563563346862793,0.6175469756126404,-0.3735122084617615,0.9870672821998596,0.37443244457244873,0.6379234194755554,-0.05293692275881767,0.14334487915039062,0.560712993144989,0.8588953614234924,-0.3285748362541199,0.9518239498138428,0.35188695788383484,0.8153367042541504,0.004698337987065315,0.6291212439537048,0.5512014031410217,0.8930085301399231,-0.3588712811470032,0.9283084273338318,0.3369031846523285,0.8302901387214661,-0.0031111419666558504,0.6473087668418884,0.532663106918335,0.8828012943267822,-0.37034255266189575,0.9362990260124207,0.3381876051425934,0.8401440978050232,-0.0352635458111763,0.6584296822547913,0.5344563126564026,0.8721871972084045,-0.3297579884529114,0.8980034589767456,0.34496229887008667,0.8378576636314392,-0.00931105948984623,0.6376915574073792,0.5926812887191772,0.7377490401268005,-0.08893635123968124,0.9996919631958008,0.5114904642105103,0.7258678674697876,0.08876557648181915,0.9996436238288879,0.697727620601654,0.7386332154273987,0.21279247105121613,0.20484453439712524,0.6365572810173035,0.7460514307022095,0.35902732610702515,0.014818161725997925,0.7699406743049622,0.722815215587616,0.5125418901443481,0.4692230522632599,0.7215607762336731,0.7231336236000061,0.6728060245513916,0.04114425927400589,0.7902795672416687,0.6981903910636902,0.5399760007858276,0.4358963072299957,0.7409506440162659,0.6979580521583557,0.7075029611587524,0.0794852003455162,0.7834722399711609,0.8218230605125427,0.4691520631313324,0.5733523368835449,0.7265978455543518,0.8040936589241028,0.6863821744918823,0.15339969098567963
0.23462286591529846,0.88206946849823,-0.5059438943862915,0.9929603934288025,0.23097912967205048,0.8519365191459656,-0.5245117545127869,0.992151141166687,0.23603689670562744,0.8438912034034729,-0.524865984916687,0.9915655255317688,0.24131779372692108,0.8365269899368286,-0.5247184634208679,0.993315577507019,0.22107195854187012,0.857327938079834,-0.49755486845970154,0.9935510158538818,0.21826794743537903,0.8535312414169312,-0.4981726109981537,0.9950640797615051,0.2149433195590973,0.8494172692298889,-0.4984934329986572,0.9967877864837646,0.2668452858924866,0.7920708656311035,-0.5272191166877747,0.9954436421394348,0.23173172771930695,0.8066410422325134,-0.40386754274368286,0.9940151572227478,0.2579716145992279,0.8749328851699829,-0.49160733819007874,0.9949787855148315,0.24816223978996277,0.8832460045814514,-0.46054211258888245,0.9943267107009888,0.3979978561401367,0.7142944931983948,-0.4414568543434143,0.9996170997619629,0.2751255929470062,0.7027515172958374,-0.23782460391521454,0.9995500445365906,0.5591830611228943,0.6144202947616577,-0.3448009192943573,0.9876270294189453,0.3727293014526367,0.6299756169319153,-0.055274851620197296,0.12940193712711334,0.560742974281311,0.859009861946106,-0.2916129529476166,0.9439254403114319,0.35466134548187256,0.8135513067245483,0.0041635408997535706,0.5663993954658508,0.553746223449707,0.8934107422828674,-0.3213028311729431,0.9153681993484497,0.3437086343765259,0.8280285596847534,-0.005129998084157705,0.5829371213912964,0.533076286315918,0.883558988571167,-0.3309098482131958,0.9246065020561218,0.35517242550849915,0.8408174514770508,-0.0346030667424202,0.5929856300354004,0.5341199636459351,0.8724668622016907,-0.2920796275138855,0.8814398646354675,0.3516623377799988,0.8349921107292175,-0.008850815705955029,0.5743626356124878,0.5940173864364624,0.7438016533851624,-0.08773863315582275,0.9997007250785828,0.513727068901062,0.7307295203208923,0.08754882216453552,0.9996292591094971,0.6962436437606812,0.7415133714675903,0.21524910628795624,0.20639480650424957,0.6367719173431396,0.7506723999977112,0.34466150403022766,0.013822438195347786,0.7696815133094788,0.7261812686920166,0.5116308927536011,0.47055166959762573,0.7172116041183472,0.7271664142608643,0.6467419862747192,0.039455167949199677,0.7906609773635864,0.6986417770385742,0.5377501249313354,0.4382787346839905,0.7401684522628784,0.6979708075523376,0.6799401044845581,0.07815948873758316,0.7828987836837769,0.8250735998153687,0.4573502540588379,0.567289412021637,0.719468355178833,0.8071019649505615,0.6509765386581421,0.14551928639411926
0.23102040588855743,0.8834810256958008,-0.47597742080688477,0.9928904175758362,0.22822456061840057,0.8542898297309875,-0.5016658306121826,0.9922587275505066,0.2329096496105194,0.8478742837905884,-0.502036452293396,0.991603672504425,0.23791901767253876,0.8412073850631714,-0.5017244219779968,0.993476152420044,0.21936878561973572,0.8570470213890076,-0.4686245024204254,0.9935084581375122,0.21700787544250488,0.853008508682251,-0.4692816138267517,0.9949536323547363,0.21407875418663025,0.8488137125968933,-0.46953192353248596,0.9967046976089478,0.2644047737121582,0.8002958297729492,-0.515387773513794,0.9955202341079712,0.22913703322410583,0.8091537356376648,-0.3674667477607727,0.9936390519142151,0.25330650806427,0.8757713437080383,-0.46471309661865234,0.9948744773864746,0.24489669501781464,0.8853664994239807,-0.4261113703250885,0.9939522743225098,0.39715367555618286,0.7237930297851562,-0.4253943860530853,0.9996259212493896,0.27148863673210144,0.6992686986923218,-0.2151366025209427,0.999498724937439,0.556176483631134,0.6125041246414185,-0.31877782940864563,0.9879421591758728,0.3693098723888397,0.619098424911499,-0.035720329731702805,0.11714960634708405,0.5598810911178589,0.8590284585952759,-0.24473771452903748,0.9362082481384277,0.34934473037719727,0.8085203170776367,0.01181437261402607,0.51011723279953,0.5546174645423889,0.8934497237205505,-0.27075737714767456,0.9023965001106262,0.34093964099884033,0.8254890441894531,0.0008595801773481071,0.5253040790557861,0.5330725908279419,0.8835992813110352,-0.28241899609565735,0.9126890301704407,0.3544081747531891,0.8366175889968872,-0.029232367873191833,0.5344211459159851,0.5326659679412842,0.8725153803825378,-0.24523110687732697,0.8649536967277527,0.3515229821205139,0.8318370580673218,-0.0020177073311060667,0.5176892876625061,0.5938384532928467,0.7456365823745728,-0.08913826942443848,0.9997071027755737,0.5142968893051147,0.7243582606315613,0.08892635256052017,0.9996172785758972,0.6928671598434448,0.7443856000900269,0.2110505998134613,0.20440006256103516,0.6369805335998535,0.746006190776825,0.34798377752304077,0.012825285084545612,0.7693882584571838,0.7293811440467834,0.5051729679107666,0.46590325236320496,0.71968674659729,0.726910412311554,0.6501865983009338,0.037873025983572006,0.7909302115440369,0.6991223692893982,0.531025767326355,0.4401496946811676,0.7415090203285217,0.6976077556610107,0.6830157041549683,0.07731170207262039,0.7825645804405212,0.8248530030250549,0.45205044746398926,0.5574823021888733,0.7214506268501282,0.8070104718208313,0.6542800664901733,0.13838361203670502
0.23166728019714355,0.8836893439292908,-0.45345669984817505,0.9926490187644958,0.229020357131958,0.853397786617279,-0.48108139634132385,0.9922345280647278,0.2337760627269745,0.8466638922691345,-0.4814755916595459,0.9915328621864319,0.2388191968202591,0.8392845392227173,-0.4811461567878723,0.9935553669929504,0.21984629333019257,0.8566994667053223,-0.447608083486557,0.9933261871337891,0.21702829003334045,0.8524687886238098,-0.44829168915748596,0.9947316646575928,0.21367445588111877,0.8481036424636841,-0.4485388398170471,0.9965308308601379,0.2639068067073822,0.7969962358474731,-0.5023824572563171,0.9955669641494751,0.2282569855451584,0.8079310655593872,-0.3518439829349518,0.9931014776229858,0.2521814703941345,0.8763850927352905,-0.44492048025131226,0.9947370290756226,0.2436104267835617,0.8856214880943298,-0.4055660367012024,0.9934898614883423,0.3973156809806824,0.7278634905815125,-0.4210328161716461,0.9996375441551208,0.26573604345321655,0.6958000659942627,-0.2075044810771942,0.9994481205940247,0.5546208620071411,0.6107670068740845,-0.31615084409713745,0.9884667992591858,0.36869847774505615,0.6129676103591919,-0.028410932049155235,0.10595794022083282,0.5598556995391846,0.8601329326629639,-0.24161675572395325,0.9319519400596619,0.34996336698532104,0.8058690428733826,0.02671569027006626,0.45935890078544617,0.555048406124115,0.8942351341247559,-0.2685973644256592,0.8946309685707092,0.3404926657676697,0.8232998251914978,0.01680872030556202,0.47325724363327026,0.5330552458763123,0.884074330329895,-0.27924349904060364,0.905697762966156,0.35002872347831726,0.8342445492744446,-0.01283882837742567,0.48152026534080505,0.532163679599762,0.873264491558075,-0.24177904427051544,0.8547784090042114,0.35131871700286865,0.8298544883728027,0.01318129152059555,0.46650147438049316,0.5927760601043701,0.7420752644538879,-0.08891753107309341,0.9997141361236572,0.5139751434326172,0.7226070761680603,0.08870003372430801,0.9996049404144287,0.6905947923660278,0.7448861002922058,0.2066844403743744,0.202317014336586,0.6293780207633972,0.7466443181037903,0.3421296179294586,0.011895475909113884,0.7695152163505554,0.7293779253959656,0.5036599040031433,0.46058231592178345,0.7192410230636597,0.7265615463256836,0.6460057497024536,0.03585803136229515,0.7911352515220642,0.6978774070739746,0.5275553464889526,0.43892765045166016,0.737714409828186,0.6963109374046326,0.6796547174453735,0.07528717815876007,0.7832366228103638,0.8251118063926697,0.44511348009109497,0.5482898950576782,0.7223408222198486,0.8068930506706238,0.6542660593986511,0.13059087097644806
0.23472829163074493,0.8808246850967407,-0.456744521856308,0.9927476644515991,0.231745645403862,0.8514217734336853,-0.4872293472290039,0.992451548576355,0.23650607466697693,0.8444153070449829,-0.4876116216182709,0.9917225241661072,0.2416379153728485,0.8367239236831665,-0.4872449040412903,0.9937689304351807,0.2225714474916458,0.8554452657699585,-0.45388078689575195,0.9934302568435669,0.21968141198158264,0.8519923686981201,-0.45459333062171936,0.9947784543037415,0.21606913208961487,0.848162055015564,-0.4548338055610657,0.9965424537658691,0.26704272627830505,0.790255069732666,-0.5077974200248718,0.9957064390182495,0.22889196872711182,0.8067315220832825,-0.36078301072120667,0.9930442571640015,0.25568175315856934,0.8732165098190308,-0.4478824734687805,0.9947322010993958,0.24689416587352753,0.8835916519165039,-0.40794873237609863,0.99334317445755,0.39745399355888367,0.7257760763168335,-0.4231259226799011,0.9996441006660461,0.26485103368759155,0.6966552138328552,-0.22087590396404266,0.9994239807128906,0.5538960695266724,0.6102844476699829,-0.32254379987716675,0.9890842437744141,0.36317822337150574,0.6134071946144104,-0.032660894095897675,0.09630252420902252,0.5594104528427124,0.8601563572883606,-0.2492542266845703,0.9299052953720093,0.35045748949050903,0.8061348795890808,0.009604446589946747,0.4138277471065521,0.5560418367385864,0.8943924903869629,-0.27686595916748047,0.8912706971168518,0.3432374596595764,0.8104104995727539,-0.0006006413605064154,0.42670854926109314,0.5332782864570618,0.8842353224754333,-0.2885758578777313,0.9029834866523743,0.3478025496006012,0.8350826501846313,-0.030091995373368263,0.43424564599990845,0.5319824814796448,0.8734917640686035,-0.25004497170448303,0.8515459299087524,0.3516879379749298,0.830299973487854,-0.0038189690094441175,0.4208078682422638,0.5920717716217041,0.7393048405647278,-0.08694896847009659,0.9997273087501526,0.5137608051300049,0.7214754819869995,0.0867142528295517,0.9996134638786316,0.68999183177948,0.7434031367301941,0.2021375447511673,0.21533438563346863,0.6309294104576111,0.7452806830406189,0.34003788232803345,0.01165356207638979,0.7697404623031616,0.7291581034660339,0.5022785067558289,0.47655734419822693,0.7198699116706848,0.7262876033782959,0.6371331214904785,0.03729315474629402,0.7915977239608765,0.6962082982063293,0.5248197317123413,0.45608168840408325,0.7390269041061401,0.6943010091781616,0.6701866388320923,0.08042167127132416,0.784451961517334,0.8251808881759644,0.4450802206993103,0.5564283132553101,0.7230764031410217,0.8068161606788635,0.6455692648887634,0.12998318672180176
0.23547473549842834,0.8712896704673767,-0.4602559506893158,0.9927787184715271,0.2327626645565033,0.8414958715438843,-0.49104246497154236,0.9925898313522339,0.23755541443824768,0.8347124457359314,-0.49142155051231384,0.991827130317688,0.2426501214504242,0.8276382684707642,-0.4910612106323242,0.9939039945602417,0.22255603969097137,0.8458616733551025,-0.45801490545272827,0.9934901595115662,0.2190348356962204,0.8427619338035583,-0.45873960852622986,0.994797945022583,0.2146909534931183,0.8395572304725647,-0.45898276567459106,0.996537983417511,0.26786670088768005,0.7800366878509521,-0.5097883939743042,0.995793879032135,0.22705042362213135,0.7976366877555847,-0.36517301201820374,0.9929664134979248,0.25586748123168945,0.8676930665969849,-0.45089688897132874,0.9946545362472534,0.24663814902305603,0.8776281476020813,-0.4110778272151947,0.9931641221046448,0.396625816822052,0.7239297032356262,-0.42335668206214905,0.9996461272239685,0.26546329259872437,0.6969061493873596,-0.22415630519390106,0.9994032979011536,0.5546070337295532,0.6102671027183533,-0.32933276891708374,0.9895439743995667,0.36344993114471436,0.6152913570404053,-0.034136541187763214,0.08749227970838547,0.5581770539283752,0.8598851561546326,-0.25592318177223206,0.9250661730766296,0.359954297542572,0.8060590028762817,-0.00020660748123191297,0.37281933426856995,0.5565246343612671,0.8944451212882996,-0.28345274925231934,0.8840773701667786,0.34716159105300903,0.8134982585906982,-0.011040889658033848,0.3847526013851166,0.5332742929458618,0.884276807308197,-0.29411831498146057,0.8966191411018372,0.34966546297073364,0.8355226516723633,-0.040371935814619064,0.39162689447402954,0.5310669541358948,0.8735114336013794,-0.2562651038169861,0.8434221148490906,0.35886940360069275,0.8305625319480896,-0.013651500456035137,0.37959980964660645,0.5920398235321045,0.7405264973640442,-0.08623339980840683,0.9997384548187256,0.5129928588867188,0.7223588824272156,0.08599822968244553,0.9996205568313599,0.6899296641349792,0.7430185675621033,0.20086820423603058,0.23039379715919495,0.6325527429580688,0.7429441809654236,0.3314973711967468,0.01157889049500227,0.7701050639152527,0.7290741801261902,0.5010339617729187,0.4931003749370575,0.7200624942779541,0.725475549697876,0.6362279653549194,0.03901985287666321,0.7923437356948853,0.6949789524078369,0.5230832099914551,0.47208571434020996,0.739860475063324,0.6920056939125061,0.6681182980537415,0.08542744815349579,0.7847738265991211,0.8251696825027466,0.44417604804039,0.5652284622192383,0.7247585654258728,0.8067569136619568,0.6361914277076721,0.13034400343894958
0.2363932877779007,0.8521489500999451,-0.4288591742515564,0.9923679232597351,0.2333213984966278,0.8226310610771179,-0.4566780626773834,0.9923036098480225,0.23771286010742188,0.8155065178871155,-0.4570651948451996,0.9914885759353638,0.2422676384449005,0.8080869317054749,-0.4567561745643616,0.9937178492546082,0.22372296452522278,0.8269898295402527,-0.4262939393520355,0.9931733012199402,0.22040268778800964,0.8232028484344482,-0.4270097315311432,0.9945371747016907,0.21626046299934387,0.8192707300186157,-0.4272579252719879,0.9963346123695374,0.2665606439113617,0.7603520154953003,-0.4792534410953522,0.9957095384597778,0.22977273166179657,0.7752701044082642,-0.34368354082107544,0.9925630688667297,0.2573946416378021,0.8457670211791992,-0.4211696684360504,0.9943457245826721,0.2474639117717743,0.8538729548454285,-0.38521867990493774,0.9926590323448181,0.39149603247642517,0.7152232527732849,-0.41402655839920044,0.9996402263641357,0.26969292759895325,0.6831828951835632,-0.2051551342010498,0.9993526339530945,0.5547062158584595,0.610268235206604,-0.3223472237586975,0.9895700216293335,0.3682422339916229,0.6163753271102905,-0.03551522269845009,0.07954149693250656,0.5565654635429382,0.8590697646141052,-0.2558804154396057,0.9160788059234619,0.3566214442253113,0.8063690066337585,0.0010668322211131454,0.33606892824172974,0.5565793514251709,0.8944663405418396,-0.2843823730945587,0.8721185922622681,0.33645230531692505,0.8146499395370483,-0.011633424088358879,0.3472767770290375,0.533159613609314,0.8843619227409363,-0.29388970136642456,0.8855831027030945,0.339173823595047,0.8349611759185791,-0.04043994098901749,0.35359007120132446,0.5301526784896851,0.8735343217849731,-0.25601983070373535,0.8286293148994446,0.3530483543872833,0.8300502300262451,-0.01270973403006792,0.342791348695755,0.5964358448982239,0.7381765842437744,-0.08616571128368378,0.9997416734695435,0.5155747532844543,0.7177804708480835,0.0859317034482956,0.9996132850646973,0.6899751424789429,0.7406755089759827,0.20313970744609833,0.23248305916786194,0.6329135894775391,0.7406142950057983,0.33175039291381836,0.011049809865653515,0.7701579332351685,0.7289634943008423,0.5071510076522827,0.4888369143009186,0.7169274091720581,0.7249712347984314,0.6405016779899597,0.037540536373853683,0.7928415536880493,0.6944262981414795,0.5335939526557922,0.47212162613868713,0.7325887680053711,0.690552294254303,0.6749253273010254,0.08481476455926895,0.7847588658332825,0.826511561870575,0.47109919786453247,0.5578981637954712,0.724966824054718,0.8067156672477722,0.663601815700531,0.12511058151721954
0.2344365119934082,0.8505498170852661,-0.428286612033844,0.9925491213798523,0.23141184449195862,0.8209950923919678,-0.45014315843582153,0.9925347566604614,0.2361767739057541,0.812806248664856,-0.45052796602249146,0.9916958808898926,0.24083328247070312,0.804140031337738,-0.4502323269844055,0.9938528537750244,0.22273902595043182,0.8259104490280151,-0.4208138883113861,0.9934467673301697,0.22049207985401154,0.8214067816734314,-0.4215471148490906,0.9947721362113953,0.2172497808933258,0.815374493598938,-0.4218066334724426,0.9964990615844727,0.26767048239707947,0.7530530095100403,-0.4611467719078064,0.995725154876709,0.23458106815814972,0.7595765590667725,-0.33075931668281555,0.9929212927818298,0.2578882873058319,0.8358703851699829,-0.4189996123313904,0.9945046305656433,0.24863401055335999,0.8514522910118103,-0.3843441605567932,0.9929903149604797,0.3972931504249573,0.7013674378395081,-0.3965986669063568,0.9996304512023926,0.2877501845359802,0.6754281520843506,-0.19774270057678223,0.999390721321106,0.5703392624855042,0.6132609248161316,-0.31381627917289734,0.9894498586654663,0.37542831897735596,0.626910388469696,-0.021756628528237343,0.075381338596344,0.5568252801895142,0.8590678572654724,-0.2662982642650604,0.9184336066246033,0.3558632731437683,0.810266375541687,0.007298017852008343,0.32405516505241394,0.5562883615493774,0.8941842913627625,-0.2965840697288513,0.876208484172821,0.326598584651947,0.8308283686637878,-0.009261506609618664,0.3410758376121521,0.5332037210464478,0.8843793272972107,-0.30959463119506836,0.8893431425094604,0.3301328420639038,0.8443184494972229,-0.040175482630729675,0.3497800827026367,0.5304760336875916,0.8737783432006836,-0.2684084475040436,0.8328328728675842,0.3463726341724396,0.8367215394973755,-0.007349275052547455,0.3356415033340454,0.603585422039032,0.7365162968635559,-0.08603827655315399,0.9997352957725525,0.5243936777114868,0.7164838910102844,0.08579244464635849,0.9996110200881958,0.6916921138763428,0.7402404546737671,0.21169035136699677,0.22775408625602722,0.6335527300834656,0.7391218543052673,0.32959291338920593,0.010456281714141369,0.7719964981079102,0.7287519574165344,0.51311194896698,0.478148490190506,0.7170880436897278,0.7246778607368469,0.638619065284729,0.03561417758464813,0.79497230052948,0.6945933699607849,0.5396218299865723,0.4663090705871582,0.7341076731681824,0.6905656456947327,0.67192542552948,0.08239423483610153,0.7847439050674438,0.8266113996505737,0.47729796171188354,0.5488615036010742,0.7251991033554077,0.806546688079834,0.6514104604721069,0.12011592090129852
0.23518653213977814,0.800490140914917,-0.4243980050086975,0.993098795413971,0.2340095341205597,0.7736422419548035,-0.4463871121406555,0.9930927753448486,0.23903577029705048,0.7668045163154602,-0.4467366337776184,0.9922818541526794,0.24383974075317383,0.7580370306968689,-0.4463922381401062,0.9942742586135864,0.22644546627998352,0.7738386392593384,-0.41636863350868225,0.9939672350883484,0.22541388869285583,0.7677494287490845,-0.4171193242073059,0.9951950907707214,0.22381460666656494,0.7599983811378479,-0.4173904359340668,0.9967870116233826,0.27000653743743896,0.7043653726577759,-0.4610282778739929,0.9959588646888733,0.24804918467998505,0.7004220485687256,-0.327786922454834,0.9935134053230286,0.25883325934410095,0.7964987754821777,-0.4162246286869049,0.9948687553405762,0.2524201273918152,0.8034365177154541,-0.38090115785598755,0.9935312271118164,0.41206422448158264,0.6569791436195374,-0.39377766847610474,0.9996277093887329,0.30096232891082764,0.6335463523864746,-0.1982165277004242,0.9994339942932129,0.5792573690414429,0.613238513469696,-0.30708640813827515,0.9893943667411804,0.36377424001693726,0.6374589800834656,-0.016737237572669983,0.08001324534416199,0.5569428205490112,0.8597434163093567,-0.2552952766418457,0.9219972491264343,0.35089030861854553,0.8158597350120544,0.016132090240716934,0.33540746569633484,0.5547645092010498,0.8941054344177246,-0.2853476405143738,0.8806686997413635,0.3204154372215271,0.8460536599159241,-0.0005304863443598151,0.3518999516963959,0.5325179100036621,0.8843737840652466,-0.30183687806129456,0.8933061361312866,0.3259475827217102,0.8535381555557251,-0.031993888318538666,0.36348509788513184,0.5301731824874878,0.8741768002510071,-0.25875017046928406,0.8373035788536072,0.34241652488708496,0.8447837829589844,0.001873666769824922,0.3439894914627075,0.6034592390060425,0.6997944712638855,-0.08656857907772064,0.9997354745864868,0.523909866809845,0.6752201914787292,0.08630744367837906,0.9996136426925659,0.6931033730506897,0.7295534610748291,0.21749833226203918,0.23098644614219666,0.577460527420044,0.6834347248077393,0.3670077919960022,0.009941140189766884,0.7748247385025024,0.7291429042816162,0.5196662545204163,0.4717426598072052,0.6327941417694092,0.6722508072853088,0.7082983255386353,0.0334150530397892,0.7974255084991455,0.6974222660064697,0.5478034019470215,0.4625188112258911,0.6512951850891113,0.6503673195838928,0.747032642364502,0.07843479514122009,0.7845683097839355,0.8280913233757019,0.48932838439941406,0.5427901744842529,0.6089156866073608,0.7663495540618896,0.7574549913406372,0.11453105509281158
0.23576895892620087,0.7245630025863647,-0.42839351296424866,0.9934709072113037,0.23819179832935333,0.69236159324646,-0.44956475496292114,0.9934715628623962,0.24379810690879822,0.6868551969528198,-0.44991183280944824,0.9926537275314331,0.24914288520812988,0.6812374591827393,-0.44956597685813904,0.9945143461227417,0.22806565463542938,0.6936131119728088,-0.41907626390457153,0.9943512082099915,0.22617992758750916,0.6892953515052795,-0.4198307991027832,0.9955199360847473,0.22408397495746613,0.6847944855690002,-0.4201119840145111,0.9970079660415649,0.27555400133132935,0.6350745558738708,-0.46257996559143066,0.9960343837738037,0.24817898869514465,0.6404415369033813,-0.3270217776298523,0.9939877986907959,0.260750412940979,0.7261910438537598,-0.41981619596481323,0.9950320720672607,0.2529476583003998,0.7357875108718872,-0.3840036988258362,0.9939056038856506,0.42098450660705566,0.6155794262886047,-0.3964827358722687,0.9995980858802795,0.3080388307571411,0.5786298513412476,-0.1990959197282791,0.9994631409645081,0.5831043124198914,0.6126428842544556,-0.3133063316345215,0.9889867901802063,0.36384469270706177,0.6343907713890076,-0.016732458025217056,0.08322971314191818,0.557223379611969,0.8616647720336914,-0.2838742434978485,0.9241246581077576,0.34840506315231323,0.8167170882225037,0.014848066493868828,0.344569593667984,0.552861750125885,0.8953230381011963,-0.3206463158130646,0.8839272260665894,0.31603574752807617,0.8479626178741455,-0.002422684570774436,0.36069899797439575,0.5295380353927612,0.8850551247596741,-0.3367258310317993,0.8961474299430847,0.32334837317466736,0.8543959856033325,-0.033689431846141815,0.3753373324871063,0.5279266834259033,0.8747304081916809,-0.288509339094162,0.8399173617362976,0.3401874005794525,0.8459265232086182,0.0006728354492224753,0.3509279489517212,0.6032732129096985,0.6676676273345947,-0.08655239641666412,0.9997236728668213,0.5238831639289856,0.6383914351463318,0.08628832548856735,0.9995965957641602,0.6971625089645386,0.70579993724823,0.2188951075077057,0.2326320856809616,0.5075377225875854,0.6584182381629944,0.37630337476730347,0.009342396631836891,0.7776780724525452,0.7249169945716858,0.5152775049209595,0.469442218542099,0.5726276636123657,0.6455046534538269,0.7087966203689575,0.031140310689806938,0.7998765110969543,0.6974275708198547,0.542624831199646,0.4644137918949127,0.590690016746521,0.6307219862937927,0.7465975880622864,0.07450135797262192,0.7842141389846802,0.8272661566734314,0.47815370559692383,0.5391726493835449,0.5394428372383118,0.729778528213501,0.7552031874656677,0.108370840549469
0.24725469946861267,0.6528257131576538,-0.4298720955848694,0.9937636852264404,0.24552614986896515,0.6169602870941162,-0.45286089181900024,0.9937700033187866,0.25060462951660156,0.6093652248382568,-0.4532042443752289,0.992975652217865,0.2558923065662384,0.6023053526878357,-0.4528757929801941,0.9946903586387634,0.23617765307426453,0.6189687252044678,-0.42084231972694397,0.9946730732917786,0.2342248409986496,0.6139822006225586,-0.42148202657699585,0.9958077073097229,0.23212361335754395,0.6094783544540405,-0.42170414328575134,0.997194766998291,0.28435876965522766,0.5502886176109314,-0.4654995799064636,0.9961588978767395,0.2547692060470581,0.5687973499298096,-0.3372192978858948,0.994437575340271,0.2730572819709778,0.6488699913024902,-0.4200681746006012,0.9952731728553772,0.2651441991329193,0.6545488834381104,-0.38757893443107605,0.9943274855613708,0.4348032474517822,0.5538308620452881,-0.40083378553390503,0.9995852112770081,0.30880019068717957,0.5407387018203735,-0.20852315425872803,0.9995027184486389,0.5863608717918396,0.6088534593582153,-0.3484380841255188,0.9894564151763916,0.35161155462265015,0.6343587040901184,-0.05519760400056839,0.08796291798353195,0.5614614486694336,0.8612779974937439,-0.34523671865463257,0.9306868314743042,0.34897980093955994,0.8276001214981079,-0.07669825851917267,0.39595380425453186,0.5529400110244751,0.895793080329895,-0.3901843726634979,0.8941069841384888,0.3157288134098053,0.854762613773346,-0.10214479267597198,0.4122903347015381,0.5296298861503601,0.885227620601654,-0.4032350182533264,0.9053056836128235,0.32328182458877563,0.8559303879737854,-0.13560113310813904,0.4273158013820648,0.5280144810676575,0.8746241927146912,-0.34973007440567017,0.8534938097000122,0.3405143618583679,0.8485498428344727,-0.09297677874565125,0.40180474519729614,0.6053050756454468,0.6357036828994751,-0.08323750644922256,0.9997201561927795,0.5250767469406128,0.6190293431282043,0.0829281285405159,0.9996031522750854,0.7007559537887573,0.6849746704101562,0.21806201338768005,0.2492559850215912,0.5361762642860413,0.665797233581543,0.3652035593986511,0.009977935813367367,0.778059720993042,0.7199041843414307,0.5134378671646118,0.4839182198047638,0.6262580156326294,0.6512348055839539,0.686279833316803,0.03216853365302086,0.8003804087638855,0.6971163153648376,0.5404180288314819,0.4740380644798279,0.6467068791389465,0.6491090655326843,0.7220256328582764,0.07714869827032089,0.7847898602485657,0.8244215846061707,0.47315675020217896,0.5511839985847473,0.6067215204238892,0.764734148979187,0.7135270237922668,0.11231055110692978
0.2543635070323944,0.6125715374946594,-0.4451991617679596,0.9941655993461609,0.25435876846313477,0.5812650322914124,-0.46586546301841736,0.9941638112068176,0.2602197527885437,0.5747405290603638,-0.46621936559677124,0.9934115409851074,0.26588568091392517,0.5684477090835571,-0.46589726209640503,0.9949783682823181,0.24347424507141113,0.584715723991394,-0.4401635527610779,0.9950518608093262,0.24167707562446594,0.581861674785614,-0.44094520807266235,0.9961252808570862,0.23978161811828613,0.5791589021682739,-0.44124889373779297,0.9974040389060974,0.2915383577346802,0.5230630040168762,-0.4749671518802643,0.996364951133728,0.25868281722068787,0.547687292098999,-0.36583417654037476,0.9948996305465698,0.28206080198287964,0.6061195731163025,-0.4343842566013336,0.9955797791481018,0.2711198925971985,0.613892138004303,-0.4065779745578766,0.9947725534439087,0.4432700276374817,0.5231122970581055,-0.4178384840488434,0.9995920062065125,0.3102451264858246,0.5175507664680481,-0.23280397057533264,0.999541699886322,0.5849134922027588,0.6128420233726501,-0.39349454641342163,0.9897777438163757,0.3417210876941681,0.6388187408447266,-0.11114778369665146,0.09427289664745331,0.5658684968948364,0.8634202480316162,-0.4150974750518799,0.9366506338119507,0.34746989607810974,0.8342743515968323,-0.16070446372032166,0.44716715812683105,0.5529298186302185,0.8960620164871216,-0.4652997553348541,0.9032949209213257,0.3133243918418884,0.8594523072242737,-0.19178976118564606,0.4626424312591553,0.5297010540962219,0.88401198387146,-0.47777366638183594,0.9135903120040894,0.3209317922592163,0.8593324422836304,-0.2220514714717865,0.4774932563304901,0.5291730165481567,0.8739884495735168,-0.4201967120170593,0.8657605051994324,0.33877918124198914,0.8515657782554626,-0.17643335461616516,0.45127156376838684,0.6050620079040527,0.6086576581001282,-0.08062364161014557,0.9997137784957886,0.5250484943389893,0.6007844805717468,0.0803249329328537,0.9996080994606018,0.704415500164032,0.6716539263725281,0.218004509806633,0.26673468947410583,0.5440993309020996,0.6564990282058716,0.3596150279045105,0.010670638643205166,0.7783836126327515,0.7168115377426147,0.5145734548568726,0.4943609833717346,0.6065642237663269,0.6613627076148987,0.6762267351150513,0.03257688507437706,0.8010732531547546,0.6979309916496277,0.5409991145133972,0.47630059719085693,0.6297285556793213,0.6555426716804504,0.7115949392318726,0.07774122804403305,0.7824016809463501,0.8201858401298523,0.4706302285194397,0.5622531175613403,0.574718177318573,0.7737842798233032,0.7026997804641724,0.11616121977567673
0.2719215750694275,0.5623350143432617,-0.4492829442024231,0.9946386218070984,0.27008897066116333,0.531190812587738,-0.47144442796707153,0.9945980310440063,0.2754620909690857,0.5234562754631042,-0.4717938303947449,0.9939127564430237,0.28025200963020325,0.5164620876312256,-0.47146207094192505,0.9953186511993408,0.2590181529521942,0.5373979210853577,-0.44803228974342346,0.9954594969749451,0.2564992308616638,0.534867525100708,-0.4488466680049896,0.9964619874954224,0.2536661624908447,0.532271683216095,-0.4491662085056305,0.9976269602775574,0.3016083240509033,0.4698614776134491,-0.4819243848323822,0.9966035485267639,0.2692797780036926,0.4966907501220703,-0.37991058826446533,0.9953647255897522,0.2985110580921173,0.5482368469238281,-0.4380839765071869,0.995911180973053,0.2862098217010498,0.557240903377533,-0.4119051992893219,0.9952276945114136,0.4435342252254486,0.4544370472431183,-0.43472933769226074,0.9996116757392883,0.3134421706199646,0.4770648181438446,-0.23677222430706024,0.9995836615562439,0.5834407210350037,0.6171234846115112,-0.40259337425231934,0.9903050065040588,0.34075927734375,0.6420708298683167,-0.12986710667610168,0.10726209729909897,0.5667935609817505,0.8705525994300842,-0.40033450722694397,0.9423543214797974,0.3475845158100128,0.8389402627944946,-0.19551023840904236,0.49851712584495544,0.5520262122154236,0.900660514831543,-0.448544979095459,0.9121910929679871,0.31339791417121887,0.8583829998970032,-0.22517535090446472,0.5132228136062622,0.5289981365203857,0.8853986859321594,-0.46063104271888733,0.9216153025627136,0.3209460377693176,0.8594470620155334,-0.2575684189796448,0.5271628499031067,0.5292033553123474,0.876413106918335,-0.4044007658958435,0.8779668211936951,0.33861270546913147,0.853541910648346,-0.21234385669231415,0.5023855566978455,0.6070911884307861,0.5677439570426941,-0.07811921834945679,0.9997105002403259,0.5303847789764404,0.5780947804450989,0.07787717133760452,0.9996244311332703,0.7040373086929321,0.6509495973587036,0.21267199516296387,0.2726459801197052,0.6403416991233826,0.6521902680397034,0.28873690962791443,0.012400713749229908,0.7794683575630188,0.7166276574134827,0.4759935736656189,0.496539831161499,0.7294245362281799,0.6804113388061523,0.5306316018104553,0.03619791567325592,0.8025568127632141,0.7023900747299194,0.49731022119522095,0.4811703860759735,0.7529519200325012,0.674429714679718,0.557600736618042,0.08215194195508957,0.7813631892204285,0.81748366355896,0.4289323687553406,0.5732828974723816,0.7190090417861938,0.7787411212921143,0.5205141305923462,0.12876930832862854
0.279910147190094,0.5132044553756714,-0.47675102949142456,0.9946824908256531,0.27835509181022644,0.48061418533325195,-0.5022692680358887,0.9945395588874817,0.28348928689956665,0.4732297658920288,-0.502707302570343,0.9939192533493042,0.2880500853061676,0.4670511484146118,-0.5024114847183228,0.9951860308647156,0.26810985803604126,0.4867893159389496,-0.4770927429199219,0.9955184459686279,0.2657727897167206,0.4844300150871277,-0.47795265913009644,0.9965921640396118,0.263119637966156,0.4822549521923065,-0.47840532660484314,0.9976996779441833,0.30908042192459106,0.41895946860313416,-0.5201502442359924,0.9965518712997437,0.2773582339286804,0.4433117210865021,-0.4079531133174896,0.995650589466095,0.3059496581554413,0.5002609491348267,-0.4679167866706848,0.9959389567375183,0.2930542230606079,0.510473906993866,-0.43848443031311035,0.9954514503479004,0.4458581507205963,0.4015163481235504,-0.47032347321510315,0.9996076226234436,0.3143228590488434,0.4356096386909485,-0.2732638716697693,0.9996126890182495,0.5771771669387817,0.6144866943359375,-0.4465194344520569,0.9907584190368652,0.34205323457717896,0.6317657232284546,-0.19688640534877777,0.1299647092819214,0.5665604472160339,0.8701053261756897,-0.46395713090896606,0.9476875066757202,0.34932535886764526,0.8392161726951599,-0.3014798164367676,0.544967770576477,0.552055835723877,0.9006600379943848,-0.5191447734832764,0.9204224348068237,0.31434616446495056,0.8590967059135437,-0.3381381332874298,0.558478593826294,0.5290456414222717,0.8854049444198608,-0.5328181982040405,0.9290084838867188,0.32145383954048157,0.8593661189079285,-0.37203550338745117,0.5716980695724487,0.5292447805404663,0.8762572407722473,-0.4699339270591736,0.8892532587051392,0.33947092294692993,0.853564977645874,-0.3196823000907898,0.5483072996139526,0.6082035303115845,0.5369443893432617,-0.07123647630214691,0.9997198581695557,0.5300819277763367,0.5558029413223267,0.07100440561771393,0.9996433854103088,0.7049721479415894,0.6407361626625061,0.21409332752227783,0.3130742311477661,0.5903491973876953,0.654756486415863,0.29525449872016907,0.023301944136619568,0.7794183492660522,0.7149524092674255,0.4823581576347351,0.5304351449012756,0.5917271971702576,0.6826376914978027,0.5743113160133362,0.05270139500498772,0.8024673461914062,0.7027221322059631,0.5053569674491882,0.5006346106529236,0.691480278968811,0.6953999996185303,0.6057952642440796,0.09578102827072144,0.7813157439231873,0.817566990852356,0.42252403497695923,0.6021016836166382,0.6541788578033447,0.8075246214866638,0.5731894969940186,0.1609681397676468
0.2949241101741791,0.46262770891189575,-0.4923233389854431,0.9941750168800354,0.2902623414993286,0.42741888761520386,-0.5163378119468689,0.9933948516845703,0.2951783239841461,0.4194938540458679,-0.5167821645736694,0.9928270578384399,0.2995971739292145,0.4127487242221832,-0.5165101289749146,0.9937660694122314,0.28113698959350586,0.43520253896713257,-0.4917077422142029,0.9950970411300659,0.2791045308113098,0.43391329050064087,-0.4925425052642822,0.9964988231658936,0.2769065201282501,0.43303942680358887,-0.49300116300582886,0.9976233243942261,0.3209834396839142,0.3649747967720032,-0.5284004211425781,0.9954578876495361,0.28983017802238464,0.393086314201355,-0.419658362865448,0.9957619309425354,0.32010403275489807,0.45556923747062683,-0.4814926087856293,0.9951290488243103,0.30653253197669983,0.46516913175582886,-0.45274749398231506,0.9953598380088806,0.45670491456985474,0.3807709217071533,-0.49023380875587463,0.9995519518852234,0.3203811049461365,0.40608274936676025,-0.285297691822052,0.9996421933174133,0.5643552541732788,0.6147986054420471,-0.47495293617248535,0.989876389503479,0.34256115555763245,0.6188496947288513,-0.2276012897491455,0.14887164533138275,0.5664000511169434,0.8697707056999207,-0.47911062836647034,0.951264500617981,0.34994596242904663,0.8384379148483276,-0.34600985050201416,0.5887544751167297,0.5519801378250122,0.9006264805793762,-0.5360345244407654,0.9268851280212402,0.31503239274024963,0.8589439392089844,-0.38529136776924133,0.6011990308761597,0.529251217842102,0.8863686323165894,-0.5494951009750366,0.9349730014801025,0.3217923939228058,0.859131932258606,-0.42262738943099976,0.6134324073791504,0.5297590494155884,0.8774455785751343,-0.48547643423080444,0.8981425166130066,0.3420448899269104,0.8533170223236084,-0.3663124144077301,0.5918788909912109,0.6128396391868591,0.517957329750061,-0.0709257572889328,0.9997062087059021,0.5318740606307983,0.536203920841217,0.0706840306520462,0.999653697013855,0.7047172784805298,0.6298664808273315,0.2129381150007248,0.2971023619174957,0.6333042979240417,0.6479231715202332,0.30019527673721313,0.022706404328346252,0.7789944410324097,0.7135758399963379,0.47554850578308105,0.5175536870956421,0.7189371585845947,0.7144184708595276,0.5624057650566101,0.05279314145445824,0.8010851144790649,0.7036707997322083,0.49653783440589905,0.4901123344898224,0.7579833269119263,0.6941527724266052,0.5906566977500916,0.09454526007175446,0.7788218259811401,0.8178566098213196,0.40412139892578125,0.5967231392860413,0.722136378288269,0.8059656023979187,0.5291725397109985,0.1611502468585968
0.30979427695274353,0.42049187421798706,-0.5032470226287842,0.994163453578949,0.3044605851173401,0.38395988941192627,-0.5275406837463379,0.9930921196937561,0.30945417284965515,0.37536051869392395,-0.5279823541641235,0.9925690293312073,0.31402403116226196,0.3676106035709381,-0.5277224779129028,0.9932488799095154,0.29419979453086853,0.3930527865886688,-0.5023940801620483,0.9950911402702332,0.29161208868026733,0.391919881105423,-0.5032113790512085,0.9966006875038147,0.2890118658542633,0.3912895917892456,-0.5036546587944031,0.9976846575737,0.33374229073524475,0.31841009855270386,-0.5377861857414246,0.994999349117279,0.3005266785621643,0.35163548588752747,-0.4276660084724426,0.9959949851036072,0.3352925479412079,0.4157507121562958,-0.4915453791618347,0.9947056770324707,0.31958383321762085,0.4266487956047058,-0.4622361660003662,0.9954444169998169,0.46037858724594116,0.3537813425064087,-0.504199206829071,0.9995110034942627,0.3280336856842041,0.37841081619262695,-0.29098328948020935,0.9996706247329712,0.5523127913475037,0.6156522631645203,-0.4844726622104645,0.9892482161521912,0.3435816764831543,0.6130875945091248,-0.23553545773029327,0.17877328395843506,0.5666194558143616,0.869207501411438,-0.47352614998817444,0.9548805952072144,0.3502029776573181,0.837888240814209,-0.3529675602912903,0.6287694573402405,0.5521693229675293,0.900662899017334,-0.5301260948181152,0.9330564737319946,0.3154676556587219,0.8584162592887878,-0.3903673589229584,0.6400962471961975,0.5295184850692749,0.8866398334503174,-0.5443995594978333,0.9406114816665649,0.32325291633605957,0.8591864705085754,-0.4319118559360504,0.6513546705245972,0.5300583243370056,0.877809464931488,-0.4803781509399414,0.9066697359085083,0.3443543016910553,0.8532156944274902,-0.37492913007736206,0.6315959095954895,0.6162416338920593,0.5007079243659973,-0.07112682610750198,0.9996939897537231,0.5347412824630737,0.5166770219802856,0.07088739424943924,0.9996637105941772,0.7045260667800903,0.6184356212615967,0.2115645408630371,0.2856210470199585,0.6465738415718079,0.6412370204925537,0.29823189973831177,0.022442417219281197,0.778648316860199,0.7101386785507202,0.4604758322238922,0.51235032081604,0.7451175451278687,0.7120823264122009,0.54692542552948,0.053080569952726364,0.7999403476715088,0.7028012871742249,0.4797442853450775,0.4907631576061249,0.7666794657707214,0.6906468272209167,0.5740686655044556,0.0947229266166687,0.778901219367981,0.8181329369544983,0.3868248462677002,0.6004993319511414,0.7357755899429321,0.7980082035064697,0.5092129111289978,0.16418376564979553
0.31514427065849304,0.38898494839668274,-0.5153008103370667,0.994037926197052,0.3104567527770996,0.3575291931629181,-0.5384799838066101,0.9926818609237671,0.3148697018623352,0.35008132457733154,-0.5389218926429749,0.9921735525131226,0.3189624547958374,0.34353435039520264,-0.5386934876441956,0.9927215576171875,0.30101048946380615,0.364212304353714,-0.5156747102737427,0.9949959516525269,0.29839593172073364,0.36299923062324524,-0.5164639949798584,0.996620237827301,0.2956539988517761,0.36241307854652405,-0.516891598701477,0.9977039694786072,0.3388807475566864,0.2962488532066345,-0.5442031621932983,0.9945051670074463,0.30561313033103943,0.3271070718765259,-0.4440067708492279,0.9961362481117249,0.33872514963150024,0.3883543312549591,-0.5019388794898987,0.9943881034851074,0.3241216540336609,0.39784693717956543,-0.47549837827682495,0.9955082535743713,0.46071189641952515,0.3423308730125427,-0.5157210826873779,0.9994879961013794,0.33665719628334045,0.3650670349597931,-0.29890206456184387,0.9996939897537231,0.5415805578231812,0.6154941320419312,-0.4977491497993469,0.9887536764144897,0.34545865654945374,0.6115618944168091,-0.23463264107704163,0.20464453101158142,0.5667389631271362,0.8689424991607666,-0.49667954444885254,0.9581865072250366,0.3518413305282593,0.8383374810218811,-0.3463249206542969,0.6640898585319519,0.5524588823318481,0.9007801413536072,-0.5562520027160645,0.9385455846786499,0.31671905517578125,0.8581637144088745,-0.3822621703147888,0.6744589805603027,0.5300503969192505,0.8890326023101807,-0.5713561177253723,0.9456321001052856,0.3249228894710541,0.8592945337295532,-0.4273906648159027,0.6850051879882812,0.5306295156478882,0.8800541162490845,-0.5043027997016907,0.914189875125885,0.34524816274642944,0.8541197776794434,-0.36953485012054443,0.666588306427002,0.6188971996307373,0.4871390163898468,-0.07139654457569122,0.9996809959411621,0.5376583933830261,0.5049804449081421,0.07116205245256424,0.9996705651283264,0.704499363899231,0.6111859679222107,0.2106345146894455,0.27432623505592346,0.6567146182060242,0.6390852332115173,0.29619210958480835,0.022104842588305473,0.7786957025527954,0.7103350758552551,0.4587203562259674,0.5031850934028625,0.7534734010696411,0.7109968662261963,0.5408459305763245,0.05230548977851868,0.7999948263168335,0.7079969644546509,0.4777873456478119,0.4854446351528168,0.773807168006897,0.6925248503684998,0.5672821998596191,0.09304863214492798,0.7775866389274597,0.8179399371147156,0.38217321038246155,0.5999109745025635,0.7389859557151794,0.7972492575645447,0.49766024947166443,0.1644604355096817
0.3176446557044983,0.3696283996105194,-0.5080461502075195,0.994188129901886,0.31221920251846313,0.3387020230293274,-0.5310877561569214,0.9926632046699524,0.3158932030200958,0.3322891592979431,-0.5315133333206177,0.9921785593032837,0.3195306658744812,0.32627880573272705,-0.5312899351119995,0.9926339983940125,0.3040545880794525,0.3426039218902588,-0.5085479021072388,0.9951052069664001,0.30149272084236145,0.34024956822395325,-0.509314239025116,0.9967451691627502,0.29870086908340454,0.3385917544364929,-0.5097180008888245,0.9977920651435852,0.3392419219017029,0.2777581810951233,-0.5386310815811157,0.9943937659263611,0.30893802642822266,0.30600330233573914,-0.44018474221229553,0.996350109577179,0.3389268219470978,0.3672233521938324,-0.4956892132759094,0.9944344162940979,0.32668715715408325,0.37585699558258057,-0.46959882974624634,0.9957147240638733,0.4609166085720062,0.33168333768844604,-0.5104748010635376,0.9994919896125793,0.34253549575805664,0.3485848009586334,-0.2970183491706848,0.999717652797699,0.5371371507644653,0.6137943863868713,-0.4911879897117615,0.9884239435195923,0.346077024936676,0.6051963567733765,-0.23214009404182434,0.23091387748718262,0.5666730403900146,0.868949830532074,-0.4865819811820984,0.9613791704177856,0.3533910810947418,0.8379875421524048,-0.34312960505485535,0.6961745023727417,0.5516725778579712,0.9011815190315247,-0.544813871383667,0.9437119364738464,0.31714385747909546,0.8595126867294312,-0.37882858514785767,0.7056967616081238,0.5297858119010925,0.8897632360458374,-0.5595049262046814,0.9503275752067566,0.32586807012557983,0.8600286841392517,-0.42435407638549805,0.7155277132987976,0.5306496620178223,0.8805789351463318,-0.49381884932518005,0.9212995767593384,0.3464438319206238,0.8546000123023987,-0.3664968013763428,0.6984344720840454,0.6194965839385986,0.46868494153022766,-0.0699523463845253,0.9996650218963623,0.5383340716362,0.48658129572868347,0.06973300874233246,0.9996738433837891,0.7043243646621704,0.6034309267997742,0.20798087120056152,0.2618384063243866,0.6638296246528625,0.6249911189079285,0.28315284848213196,0.02145279198884964,0.7789104580879211,0.7119696140289307,0.443472683429718,0.4915134012699127,0.7596544027328491,0.7111026644706726,0.5130730867385864,0.050592418760061264,0.8005654215812683,0.7228533625602722,0.4610828757286072,0.48080742359161377,0.7801740169525146,0.704153299331665,0.5375972390174866,0.08991707861423492,0.7712957859039307,0.813809871673584,0.36612266302108765,0.5979028940200806,0.7387953400611877,0.7886189222335815,0.4646986126899719,0.16203492879867554
0.32130587100982666,0.37116503715515137,-0.5176618099212646,0.9945611953735352,0.31692802906036377,0.3361285626888275,-0.5416883230209351,0.9930494427680969,0.32054242491722107,0.3296308219432831,-0.5421106219291687,0.9926138520240784,0.3240783214569092,0.32394394278526306,-0.5419026613235474,0.9929922223091125,0.30794182419776917,0.345093309879303,-0.5178825855255127,0.9954084753990173,0.3047158718109131,0.34518229961395264,-0.5186203718185425,0.9969719648361206,0.3011071979999542,0.3456854224205017,-0.5190081596374512,0.9979436993598938,0.34207430481910706,0.27835842967033386,-0.550822377204895,0.9946678280830383,0.3091300129890442,0.30939412117004395,-0.44660836458206177,0.9966375231742859,0.34300047159194946,0.36961859464645386,-0.5058563947677612,0.9947475790977478,0.3293223977088928,0.38140469789505005,-0.4781235158443451,0.9960247278213501,0.46240466833114624,0.32358232140541077,-0.5243972539901733,0.999507486820221,0.34644225239753723,0.34662383794784546,-0.29681628942489624,0.999740481376648,0.5346255302429199,0.6067962050437927,-0.5108367204666138,0.9886344075202942,0.3497777581214905,0.60414057970047,-0.22734442353248596,0.2649470567703247,0.5666192770004272,0.8686267137527466,-0.5149970650672913,0.9647288918495178,0.35471653938293457,0.837733805179596,-0.3296872675418854,0.7255721688270569,0.5516828894615173,0.9009048342704773,-0.5781093835830688,0.9488207697868347,0.3179958164691925,0.859271228313446,-0.36345940828323364,0.7341890335083008,0.5302600860595703,0.8897823095321655,-0.5887613892555237,0.9548934102058411,0.3263300657272339,0.8599615097045898,-0.41037702560424805,0.7432766556739807,0.5315428972244263,0.8805665969848633,-0.521259605884552,0.9283210635185242,0.3468901515007019,0.8546827435493469,-0.3533143103122711,0.7275264263153076,0.6196335554122925,0.45806360244750977,-0.07026245445013046,0.9996639490127563,0.5386362671852112,0.47513633966445923,0.07003849744796753,0.9996829032897949,0.7042732238769531,0.6005748510360718,0.1953166127204895,0.2707135081291199,0.6523185968399048,0.6313960552215576,0.27935147285461426,0.02276422455906868,0.7791064977645874,0.7120059728622437,0.43170514702796936,0.5102123618125916,0.7554532289505005,0.7098167538642883,0.532649040222168,0.05250358209013939,0.8016767501831055,0.7229948043823242,0.4496067464351654,0.49776747822761536,0.764690637588501,0.7035561800003052,0.5601100325584412,0.09227505326271057,0.7717871069908142,0.8122628927230835,0.3452438712120056,0.6184001564979553,0.7295879125595093,0.7886571884155273,0.4910399913787842,0.1711808443069458
0.48436611890792847,0.4003664255142212,-0.6945614814758301,0.9948488473892212,0.49502959847450256,0.3629962205886841,-0.6970831155776978,0.9934020638465881,0.501754641532898,0.3574487566947937,-0.6975938677787781,0.9929924011230469,0.5073087215423584,0.35228219628334045,-0.6975456476211548,0.9934212565422058,0.47526270151138306,0.36972013115882874,-0.7020031213760376,0.9955492615699768,0.46858668327331543,0.3687764108181,-0.7025894522666931,0.9970256090164185,0.4625953733921051,0.3674561679363251,-0.702998697757721,0.9979642033576965,0.5183821320533752,0.32821163535118103,-0.6194993853569031,0.994888424873352,0.4582856595516205,0.34840649366378784,-0.6480756998062134,0.9966145753860474,0.4955082833766937,0.4087616503238678,-0.6501506567001343,0.994754433631897,0.47490519285202026,0.41530469059944153,-0.6613606214523315,0.9960490465164185,0.5742577314376831,0.36218100786209106,-0.5256496667861938,0.9994868040084839,0.4268892705440521,0.442856103181839,-0.4875606596469879,0.9997344017028809,0.6133536696434021,0.6243469715118408,-0.4904789328575134,0.9860756993293762,0.40064454078674316,0.6477965712547302,-0.39103204011917114,0.3257824778556824,0.6442306041717529,0.8484892249107361,-0.5068618059158325,0.9678467512130737,0.37456825375556946,0.8529743552207947,-0.4172765612602234,0.7520368099212646,0.6593077182769775,0.875426709651947,-0.5667455196380615,0.9533466696739197,0.35772377252578735,0.8708919286727905,-0.44536417722702026,0.7593860626220703,0.6523997783660889,0.8776437640190125,-0.5925203561782837,0.9589164853096008,0.36877572536468506,0.8769493699073792,-0.491942822933197,0.7679882645606995,0.6451724767684937,0.8729287981987,-0.5200040340423584,0.9346986413002014,0.37740108370780945,0.8747998476028442,-0.43747615814208984,0.7534547448158264,0.549748420715332,0.47980228066444397,-0.017964961007237434,0.9996386170387268,0.48401346802711487,0.4987068474292755,0.017444048076868057,0.9996621608734131,0.6235424876213074,0.7443859577178955,0.021259766072034836,0.2506982386112213,0.5160670876502991,0.7412779331207275,0.031518299132585526,0.026150546967983246,0.5514897108078003,0.7080695033073425,0.3735252022743225,0.46067574620246887,0.4967613220214844,0.7380627393722534,0.3256428837776184,0.04839630052447319,0.5446645021438599,0.6823751926422119,0.41359931230545044,0.4509405493736267,0.496759831905365,0.7314971089363098,0.3663197159767151,0.0850258618593216,0.5436437726020813,0.7793720960617065,0.4257168769836426,0.5594125986099243,0.4695371687412262,0.7923258543014526,0.39851874113082886,0.15595661103725433
0.4874744415283203,0.40898841619491577,-0.7030221223831177,0.9953171610832214,0.5030680894851685,0.3695947527885437,-0.6999384164810181,0.9940099120140076,0.5106565356254578,0.36462274193763733,-0.7004299759864807,0.9936369061470032,0.5169278383255005,0.36056235432624817,-0.7003467679023743,0.994036853313446,0.48369890451431274,0.3773283362388611,-0.7047802209854126,0.9959396719932556,0.47821587324142456,0.3771141469478607,-0.7053321599960327,0.9972761273384094,0.4729533791542053,0.37650880217552185,-0.7057222127914429,0.9981298446655273,0.5267666578292847,0.3422662019729614,-0.6039131879806519,0.9953511357307434,0.4663485586643219,0.36052626371383667,-0.6306980848312378,0.9968786239624023,0.4989337921142578,0.42097851634025574,-0.6528507471084595,0.995138943195343,0.48075923323631287,0.4250812828540802,-0.6637648940086365,0.9963268637657166,0.5836888551712036,0.3951442241668701,-0.5245882868766785,0.9994839429855347,0.4403631091117859,0.47307437658309937,-0.4630224108695984,0.9997218251228333,0.6264681220054626,0.6331132054328918,-0.44111284613609314,0.9846185445785522,0.41097187995910645,0.6600137948989868,-0.38543346524238586,0.3786126673221588,0.6560631394386292,0.8452417850494385,-0.48889192938804626,0.9707909822463989,0.3793986439704895,0.8609747886657715,-0.41062813997268677,0.7744381427764893,0.6718108654022217,0.8668712973594666,-0.5452882051467896,0.9575945734977722,0.3615669906139374,0.8751199245452881,-0.43642908334732056,0.7802096009254456,0.6665230989456177,0.8722425103187561,-0.5651348829269409,0.9626904129981995,0.37246403098106384,0.8829665184020996,-0.47778162360191345,0.788888156414032,0.6585310697555542,0.8693355321884155,-0.4974973797798157,0.9407219290733337,0.38220134377479553,0.8819686770439148,-0.4290788173675537,0.7752745151519775,0.5453953742980957,0.4873431324958801,-0.013864387758076191,0.9996325969696045,0.4734199047088623,0.4993036985397339,0.013297873549163342,0.9996581077575684,0.5902390480041504,0.7815381288528442,0.04726971685886383,0.23698505759239197,0.5057820081710815,0.7384597659111023,0.0693400576710701,0.032303038984537125,0.5319948792457581,0.7096458673477173,0.4028509259223938,0.41862767934799194,0.5081950426101685,0.7396755814552307,0.3531753122806549,0.04755135998129845,0.5217406749725342,0.6857748627662659,0.4383910596370697,0.4129598140716553,0.49578166007995605,0.7263984084129333,0.39125704765319824,0.0823102593421936,0.5373393297195435,0.7773008346557617,0.47617942094802856,0.5096139311790466,0.5050004720687866,0.8028608560562134,0.4148262143135071,0.1454484909772873
0.4907898008823395,0.4089454114437103,-0.7115684747695923,0.9957640171051025,0.5075854659080505,0.37015068531036377,-0.7071993350982666,0.9945863485336304,0.5151719450950623,0.36651337146759033,-0.7076836824417114,0.9942463636398315,0.521172285079956,0.363756388425827,-0.7075977921485901,0.9946126341819763,0.4864078164100647,0.37636810541152954,-0.7120493650436401,0.9963234663009644,0.48066702485084534,0.3764938414096832,-0.7125899791717529,0.9975290298461914,0.4753435254096985,0.3761149048805237,-0.7129836082458496,0.9983019232749939,0.5286842584609985,0.3465040922164917,-0.6006761789321899,0.9957887530326843,0.46910661458969116,0.3593122661113739,-0.6287662386894226,0.9971586465835571,0.5037647485733032,0.4228150248527527,-0.6577860116958618,0.9955393671989441,0.4822136461734772,0.42528772354125977,-0.6686984300613403,0.9966331124305725,0.5848183631896973,0.4070442318916321,-0.51123046875,0.9994854927062988,0.437467485666275,0.47331681847572327,-0.4650370180606842,0.9997273087501526,0.6252447366714478,0.6343202590942383,-0.43624168634414673,0.9836834669113159,0.409048855304718,0.6669254302978516,-0.40275654196739197,0.4303604066371918,0.6540031433105469,0.843721330165863,-0.4969918727874756,0.9734095931053162,0.3818581700325012,0.8639548420906067,-0.4525720477104187,0.7955178022384644,0.6683937907218933,0.8645049929618835,-0.556245744228363,0.9613354206085205,0.3641887903213501,0.8763759136199951,-0.48504209518432617,0.7998513579368591,0.6590042114257812,0.8700027465820312,-0.5826976299285889,0.9660291075706482,0.37521862983703613,0.8831161260604858,-0.5248199701309204,0.8083961009979248,0.6516474485397339,0.8679711222648621,-0.5109885334968567,0.9460015892982483,0.3840633034706116,0.8831816911697388,-0.47099703550338745,0.7955655455589294,0.5573163628578186,0.493519127368927,-0.013562853448092937,0.999627411365509,0.47992029786109924,0.5064080357551575,0.013045577332377434,0.9996542930603027,0.6139193773269653,0.7795126438140869,0.0775069147348404,0.2237674444913864,0.5038185119628906,0.741348922252655,0.08075699955224991,0.0362573079764843,0.553600013256073,0.7098028659820557,0.44735461473464966,0.37984439730644226,0.49955978989601135,0.7500289082527161,0.39224618673324585,0.045122452080249786,0.5495390892028809,0.6813886165618896,0.4926876425743103,0.3762766420841217,0.5010651350021362,0.7246286273002625,0.4322482943534851,0.07763289660215378,0.5469449758529663,0.7764756679534912,0.5197206735610962,0.4636968970298767,0.49389904737472534,0.8028145432472229,0.44819769263267517,0.13447979092597961
0.4878254532814026,0.4125623106956482,-0.7093237638473511,0.9961562752723694,0.5032625198364258,0.3751809000968933,-0.7045204639434814,0.9950957894325256,0.5111224055290222,0.37097078561782837,-0.704976499080658,0.9947811961174011,0.5175697803497314,0.3678715229034424,-0.7049092054367065,0.9951229095458984,0.48284977674484253,0.3818920850753784,-0.7087806463241577,0.9966597557067871,0.4774390757083893,0.38168495893478394,-0.7093209624290466,0.9977453947067261,0.4721936583518982,0.38098251819610596,-0.709717869758606,0.9984503984451294,0.5278937220573425,0.34927093982696533,-0.5969468355178833,0.9961631894111633,0.46757379174232483,0.36201396584510803,-0.6226885914802551,0.9973942041397095,0.5012356638908386,0.4250122010707855,-0.6558244228363037,0.9958595633506775,0.481114000082016,0.4281068444252014,-0.6659507155418396,0.9968731999397278,0.5867546796798706,0.4088020622730255,-0.49724674224853516,0.9994741678237915,0.4390088617801666,0.4747506380081177,-0.46517783403396606,0.999729335308075,0.6255785226821899,0.6330536603927612,-0.43239450454711914,0.980131208896637,0.4115256667137146,0.6699900031089783,-0.4029032588005066,0.4689743220806122,0.6512197256088257,0.8385262489318848,-0.4999851584434509,0.9753214120864868,0.38332855701446533,0.8650301694869995,-0.445855051279068,0.8128111362457275,0.6697479486465454,0.8620734214782715,-0.557544469833374,0.9639224410057068,0.36442863941192627,0.8805149793624878,-0.478593111038208,0.8139964938163757,0.6579406261444092,0.8676173090934753,-0.5862581729888916,0.9684363603591919,0.376192569732666,0.8869832158088684,-0.51798415184021,0.8235662579536438,0.6492639780044556,0.8653483986854553,-0.5151407718658447,0.9497271180152893,0.38561367988586426,0.8866235613822937,-0.46417975425720215,0.8106424808502197,0.5646912455558777,0.49705207347869873,-0.008998367004096508,0.9995888471603394,0.4852156639099121,0.5080178380012512,0.008513709530234337,0.99962317943573,0.621178150177002,0.7941575050354004,0.07854785025119781,0.20602795481681824,0.5057283639907837,0.7745115756988525,0.0031124097295105457,0.039118122309446335,0.559083104133606,0.7117436528205872,0.4522441327571869,0.3429005444049835,0.5102471113204956,0.7487862706184387,0.33309170603752136,0.041390012949705124,0.5779708623886108,0.6968885660171509,0.49626702070236206,0.3400444984436035,0.5062562227249146,0.7187826633453369,0.3766244947910309,0.07103085517883301,0.5487035512924194,0.7746857404708862,0.5235564708709717,0.41914644837379456,0.5148289203643799,0.7982762455940247,0.4079297184944153,0.12230364978313446
0.48690444231033325,0.4137483239173889,-0.7226908802986145,0.9965150356292725,0.49950724840164185,0.3766300678253174,-0.716774582862854,0.9955595135688782,0.5077781081199646,0.3721008598804474,-0.7171925902366638,0.9952663779258728,0.5148504376411438,0.3685075044631958,-0.7171089053153992,0.9955844283103943,0.4802848696708679,0.382851779460907,-0.7180442810058594,0.9969716668128967,0.4747341573238373,0.38240063190460205,-0.7185649871826172,0.9979496002197266,0.4693429470062256,0.38172319531440735,-0.718956470489502,0.9985918402671814,0.5270427465438843,0.350163996219635,-0.6074960231781006,0.996502161026001,0.46428126096725464,0.3636777997016907,-0.6205354928970337,0.9976251721382141,0.5004456639289856,0.4266170859336853,-0.6702841520309448,0.9961878657341003,0.4805263876914978,0.4299723207950592,-0.6761990189552307,0.9971300363540649,0.586161196231842,0.40923842787742615,-0.49930229783058167,0.9994504451751709,0.437666118144989,0.48281586170196533,-0.4670521318912506,0.9997389912605286,0.6257113218307495,0.6320794224739075,-0.45830827951431274,0.9744454026222229,0.41286009550094604,0.6682575941085815,-0.42077207565307617,0.5086677670478821,0.6556392908096313,0.8378671407699585,-0.5392881631851196,0.9759020805358887,0.38232845067977905,0.867353081703186,-0.4778706431388855,0.8291986584663391,0.6761012673377991,0.8622499108314514,-0.599493682384491,0.9642395973205566,0.3617263734340668,0.8825631737709045,-0.5156248807907104,0.8273916840553284,0.6618592739105225,0.8680504560470581,-0.6284140944480896,0.969019889831543,0.37234851717948914,0.8879916667938232,-0.5525317788124084,0.8376656174659729,0.6517172455787659,0.864983856678009,-0.5550593733787537,0.9507145881652832,0.38336867094039917,0.887615978717804,-0.49605250358581543,0.8247148394584656,0.5635793209075928,0.4979427456855774,-0.010391682386398315,0.9995644688606262,0.4839049279689789,0.5083962082862854,0.009953873232007027,0.9996139407157898,0.6136217713356018,0.7853449583053589,0.04790539667010307,0.19108377397060394,0.5038819313049316,0.7679039835929871,0.035317227244377136,0.040816452354192734,0.5603756308555603,0.7336564064025879,0.43863147497177124,0.3098084032535553,0.5161257982254028,0.7577470541000366,0.3717731833457947,0.0382205955684185,0.5786687135696411,0.7475153803825378,0.48740941286087036,0.3073752522468567,0.5135291814804077,0.7181938886642456,0.4140380322933197,0.06497914344072342,0.552187442779541,0.7979969382286072,0.4906252324581146,0.37921738624572754,0.5221551060676575,0.8013827800750732,0.4222385883331299,0.11154178529977798
0.4860925078392029,0.41602736711502075,-0.7285383939743042,0.9968286752700806,0.4959493577480316,0.3796791434288025,-0.72223961353302,0.995971143245697,0.504074215888977,0.3753441572189331,-0.722649097442627,0.9956916570663452,0.5118281841278076,0.3716432750225067,-0.7225578427314758,0.9959926605224609,0.4788263738155365,0.38405370712280273,-0.7223677635192871,0.9972494840621948,0.47373223304748535,0.3830972909927368,-0.7228801250457764,0.9981298446655273,0.4688175618648529,0.38199496269226074,-0.7232736349105835,0.9987186193466187,0.5271772742271423,0.3520506024360657,-0.6120179891586304,0.9967861771583557,0.46442580223083496,0.3640225827693939,-0.6199831962585449,0.9978307485580444,0.49884772300720215,0.42900899052619934,-0.6765297651290894,0.9964771270751953,0.48038387298583984,0.4322272837162018,-0.680937647819519,0.9973613619804382,0.5848787426948547,0.40964561700820923,-0.4990261495113373,0.9994335770606995,0.43696579337120056,0.485250860452652,-0.4718450605869293,0.9997555017471313,0.625913679599762,0.6314169764518738,-0.461503267288208,0.9624472856521606,0.41233110427856445,0.666357159614563,-0.42973536252975464,0.5434114933013916,0.6548031568527222,0.8387256860733032,-0.5400846600532532,0.9745016694068909,0.3810274600982666,0.8670973181724548,-0.496800035238266,0.8446969985961914,0.6763555407524109,0.8632156252861023,-0.5985243916511536,0.9612677693367004,0.35926103591918945,0.8826143145561218,-0.5389517545700073,0.8407557010650635,0.6633423566818237,0.8686133623123169,-0.6279715299606323,0.9670096039772034,0.3697362542152405,0.8878039717674255,-0.5748082399368286,0.8513374328613281,0.6522672772407532,0.8653580546379089,-0.5557817220687866,0.9477086663246155,0.3818233907222748,0.8869903683662415,-0.5149038434028625,0.8383529186248779,0.5667208433151245,0.5030673742294312,-0.009451881051063538,0.999539852142334,0.4822586476802826,0.5279515385627747,0.009021417237818241,0.9996103644371033,0.6058616042137146,0.7830674648284912,0.08489890396595001,0.17402346432209015,0.5038511157035828,0.7827150821685791,0.056800682097673416,0.04041864350438118,0.5587629079818726,0.7433674931526184,0.49348264932632446,0.27955517172813416,0.5208715796470642,0.7630396485328674,0.38090166449546814,0.03499583154916763,0.5764333009719849,0.7573176026344299,0.5365854501724243,0.2774372696876526,0.5171406865119934,0.7186660170555115,0.437302827835083,0.05912800878286362,0.5491605401039124,0.8076356053352356,0.5316326022148132,0.3426274061203003,0.529370903968811,0.8022267818450928,0.44187355041503906,0.10136304050683975
0.4853990972042084,0.4177161455154419,-0.7421631813049316,0.9971266388893127,0.49389535188674927,0.3808608055114746,-0.7343202233314514,0.9963591694831848,0.5019325613975525,0.37639036774635315,-0.7347234487533569,0.9960981011390686,0.5101714730262756,0.3722916841506958,-0.7346014976501465,0.9963766932487488,0.47765159606933594,0.3842667043209076,-0.7346523404121399,0.9975130558013916,0.4727022647857666,0.3828772306442261,-0.7351663708686829,0.9983046054840088,0.4677800238132477,0.3810698688030243,-0.7355721592903137,0.9988399147987366,0.5276139974594116,0.3523479700088501,-0.6153787970542908,0.9970704317092896,0.4635389447212219,0.36112546920776367,-0.623835563659668,0.9980316758155823,0.4980224668979645,0.43037888407707214,-0.6873475909233093,0.9967723488807678,0.47964391112327576,0.43388891220092773,-0.6918529272079468,0.9975884556770325,0.5851535201072693,0.4050089418888092,-0.4968201220035553,0.9994088411331177,0.4371489882469177,0.4868617057800293,-0.4825754165649414,0.9997692108154297,0.6269698739051819,0.6309670209884644,-0.46419405937194824,0.9486140608787537,0.4127156734466553,0.6700080633163452,-0.4599267840385437,0.5766206383705139,0.654289186000824,0.838460385799408,-0.5503471493721008,0.9715002179145813,0.38059061765670776,0.8697784543037415,-0.530694842338562,0.8581501841545105,0.6733022928237915,0.8623711466789246,-0.6081018447875977,0.9558637142181396,0.3612322509288788,0.8863750100135803,-0.576863706111908,0.8510832786560059,0.6593878269195557,0.86864173412323,-0.637224555015564,0.9630931615829468,0.3710668683052063,0.8917134404182434,-0.6092115640640259,0.8624906539916992,0.6494476199150085,0.8655890822410583,-0.5661319494247437,0.9423481822013855,0.38187843561172485,0.8894870281219482,-0.5478684306144714,0.8489371538162231,0.5690209269523621,0.5173515677452087,-0.006106664426624775,0.9995371103286743,0.48299440741539,0.5455399751663208,0.005656343884766102,0.999622106552124,0.6020882725715637,0.7762884497642517,0.20137007534503937,0.15829016268253326,0.4986860156059265,0.7788752317428589,0.11595038324594498,0.04092321917414665,0.5495516061782837,0.748502254486084,0.5857332348823547,0.25312837958335876,0.5157067775726318,0.7649705410003662,0.49716177582740784,0.032945577055215836,0.5451779365539551,0.7464637756347656,0.6254944801330566,0.2511250078678131,0.5115153789520264,0.7187899947166443,0.5428428053855896,0.054598692804574966,0.5466306209564209,0.8167077898979187,0.5929962396621704,0.31128552556037903,0.5266098380088806,0.8065252304077148,0.5161169171333313,0.09361357241868973
0.4857630133628845,0.41791170835494995,-0.7480965852737427,0.9974085092544556,0.49236351251602173,0.3822955787181854,-0.7411214113235474,0.9967197775840759,0.49966901540756226,0.3779587149620056,-0.7415191531181335,0.9964826703071594,0.5078969597816467,0.37372270226478577,-0.7414265275001526,0.9967355728149414,0.4775429666042328,0.3845106363296509,-0.7415887117385864,0.9977583289146423,0.472953736782074,0.3822900056838989,-0.74205082654953,0.9984697103500366,0.46854496002197266,0.37960606813430786,-0.7424334287643433,0.9989533424377441,0.5273137092590332,0.35307544469833374,-0.623373806476593,0.997355580329895,0.4654289782047272,0.3597365617752075,-0.6325451135635376,0.9982210993766785,0.49850568175315857,0.4308152496814728,-0.6944503784179688,0.9970810413360596,0.4806186258792877,0.4337514340877533,-0.6990134119987488,0.9978166818618774,0.5872423052787781,0.4031963050365448,-0.4971340596675873,0.9994509816169739,0.43638214468955994,0.4872108995914459,-0.4939717650413513,0.9997857213020325,0.6269143223762512,0.6311939358711243,-0.4629819393157959,0.9425159692764282,0.41420912742614746,0.6682867407798767,-0.4790803790092468,0.601699948310852,0.6538642644882202,0.8388392925262451,-0.5337624549865723,0.9711969494819641,0.38101157546043396,0.8687872886657715,-0.5531969666481018,0.8666355013847351,0.6770690679550171,0.86326003074646,-0.5956282019615173,0.9542268514633179,0.3607223629951477,0.885679304599762,-0.5996565818786621,0.8517628908157349,0.6655017733573914,0.8689524531364441,-0.6193457841873169,0.9621263146400452,0.37160420417785645,0.8909189701080322,-0.6318632364273071,0.8665472269058228,0.6519023180007935,0.8657561540603638,-0.5481072664260864,0.9408546090126038,0.38308185338974,0.8886983394622803,-0.5707541704177856,0.8507684469223022,0.5701074600219727,0.5436055660247803,-0.0003319414099678397,0.9995548129081726,0.49126726388931274,0.5697985291481018,-8.61334556248039e-05,0.9996391534805298,0.5791532397270203,0.78730708360672,0.27821221947669983,0.1440000683069229,0.49882030487060547,0.8019140362739563,0.12328357994556427,0.04514547437429428,0.5438192486763,0.7449393272399902,0.6719049215316772,0.22951340675354004,0.5096985101699829,0.7669830918312073,0.5200024247169495,0.031208857893943787,0.5382943153381348,0.7457160949707031,0.7127540111541748,0.22728802263736725,0.510760486125946,0.7386209964752197,0.5669674277305603,0.050475846976041794,0.5412836074829102,0.8154169917106628,0.6905567646026611,0.28355059027671814,0.522465169429779,0.8126134872436523,0.5499990582466125,0.08687721937894821
0.4853828549385071,0.4177333116531372,-0.768825113773346,0.9976611733436584,0.4921296238899231,0.38288408517837524,-0.7632538080215454,0.9970443248748779,0.49963122606277466,0.3789466917514801,-0.7636611461639404,0.996829092502594,0.5079085230827332,0.3747536242008209,-0.7636157274246216,0.9970593452453613,0.4765358567237854,0.3832283914089203,-0.7632511854171753,0.9979774951934814,0.4721328318119049,0.38072437047958374,-0.7636545896530151,0.9986147880554199,0.4682151675224304,0.37807565927505493,-0.764017641544342,0.9990532994270325,0.5262584686279297,0.35332977771759033,-0.6480013728141785,0.9976151585578918,0.4662095904350281,0.3579874336719513,-0.6536338329315186,0.9983832240104675,0.500108540058136,0.4312034249305725,-0.7159897089004517,0.9973607063293457,0.4797999858856201,0.4328416585922241,-0.719502329826355,0.9980168342590332,0.5871774554252625,0.4041140675544739,-0.5136452913284302,0.9995015263557434,0.43536177277565,0.4851358234882355,-0.5121631622314453,0.9997966885566711,0.6277821660041809,0.6308701634407043,-0.4707232117652893,0.9390451312065125,0.41410502791404724,0.6696780323982239,-0.49966660141944885,0.5932767391204834,0.6557351350784302,0.8414650559425354,-0.531798243522644,0.9704843759536743,0.3814089596271515,0.8681235313415527,-0.5591039657592773,0.8245261311531067,0.677219033241272,0.8637996315956116,-0.5863341093063354,0.9503547549247742,0.362324595451355,0.885201096534729,-0.6024602651596069,0.7909518480300903,0.6663771867752075,0.8690581321716309,-0.6118873953819275,0.959003210067749,0.3720668852329254,0.8902513980865479,-0.6344529390335083,0.8118163347244263,0.6529567837715149,0.8660783767700195,-0.5454198122024536,0.9359745979309082,0.3824172914028168,0.8880789279937744,-0.5763438940048218,0.7943451404571533,0.5708948373794556,0.561181366443634,0.005299416370689869,0.9995891451835632,0.49194255471229553,0.5866982936859131,-0.005684890318661928,0.9996622204780579,0.5687035322189331,0.7908828854560852,0.30358943343162537,0.13184864819049835,0.4998982846736908,0.8152837157249451,0.13556315004825592,0.05348964408040047,0.5473225712776184,0.7440221309661865,0.7224864363670349,0.20919010043144226,0.4953429102897644,0.7727522850036621,0.5666031241416931,0.03036261349916458,0.5406849980354309,0.735561192035675,0.7652562856674194,0.20590268075466156,0.5019640326499939,0.7347899675369263,0.6165771484375,0.04687049239873886,0.5459177494049072,0.8189147114753723,0.7319671511650085,0.2603537142276764,0.5161138772964478,0.8164716362953186,0.5938504934310913,0.08204177767038345
0.4837842583656311,0.41795921325683594,-0.7612094283103943,0.9978929162025452,0.4911832809448242,0.3833232820034027,-0.7549590468406677,0.9973388910293579,0.4984253942966461,0.3796055316925049,-0.7553611397743225,0.9971446990966797,0.5063620805740356,0.3749058246612549,-0.7552988529205322,0.997352659702301,0.47564783692359924,0.38258814811706543,-0.7553262114524841,0.9981783032417297,0.47105008363723755,0.37987521290779114,-0.7557032108306885,0.9987508654594421,0.46676549315452576,0.3770599365234375,-0.7560526132583618,0.9991464614868164,0.5261522531509399,0.35444319248199463,-0.6401901245117188,0.9978525042533875,0.46467405557632446,0.3581351935863495,-0.6467452049255371,0.9985403418540955,0.4980901777744293,0.43068966269493103,-0.7087885141372681,0.9976211786270142,0.47875118255615234,0.4329091012477875,-0.7126410603523254,0.998209536075592,0.588787853717804,0.4063372015953064,-0.5094897150993347,0.9995501637458801,0.43493014574050903,0.4844060242176056,-0.5186716914176941,0.9998102188110352,0.6268572807312012,0.6271146535873413,-0.4755716919898987,0.943193256855011,0.4150785803794861,0.6718556880950928,-0.5272043943405151,0.6162710785865784,0.6560183763504028,0.8421351909637451,-0.547441840171814,0.9729629755020142,0.38116368651390076,0.8677830100059509,-0.6017878651618958,0.8201388716697693,0.6763237714767456,0.8636811971664429,-0.597095787525177,0.9540224075317383,0.36142638325691223,0.8862752914428711,-0.6528366804122925,0.7675500512123108,0.6643444299697876,0.86928391456604,-0.625443696975708,0.962039589881897,0.37119755148887634,0.8907908797264099,-0.6837818622589111,0.7945762276649475,0.6518902778625488,0.8661491274833679,-0.5612441301345825,0.9405232071876526,0.38227617740631104,0.8881164789199829,-0.6198056936264038,0.7741939425468445,0.5673549771308899,0.5678533911705017,0.019917285069823265,0.9996275901794434,0.4920318126678467,0.5953474640846252,-0.020229769870638847,0.9996918439865112,0.5599580407142639,0.7207670211791992,0.4098520278930664,0.12499496340751648,0.49978774785995483,0.8255220055580139,0.1090553030371666,0.10345678776502609,0.551196813583374,0.743345320224762,0.8142694234848022,0.20760132372379303,0.49862533807754517,0.7695373296737671,0.5316747426986694,0.0433456189930439,0.5457857847213745,0.7338218092918396,0.8532784581184387,0.19249138236045837,0.49843722581863403,0.7524596452713013,0.579708456993103,0.04963434860110283,0.5541603565216064,0.8209845423698425,0.7951638698577881,0.26819127798080444,0.5192304849624634,0.8267642259597778,0.5461755394935608,0.1012343317270279
0.4857061505317688,0.4172104597091675,-0.7420967817306519,0.9980918169021606,0.49291640520095825,0.38324305415153503,-0.7377071380615234,0.9975975751876831,0.5003403425216675,0.37982049584388733,-0.7381218671798706,0.9974189400672913,0.5087827444076538,0.3754179775714874,-0.7380363941192627,0.9976117014884949,0.477660596370697,0.38307926058769226,-0.7368887066841125,0.9983514547348022,0.4732418954372406,0.38066479563713074,-0.7373405694961548,0.9988610744476318,0.4691244065761566,0.3780696988105774,-0.7377077341079712,0.9992235898971558,0.5283709764480591,0.3545381426811218,-0.6398346424102783,0.9980574250221252,0.4668729305267334,0.35840022563934326,-0.6416910886764526,0.998664140701294,0.5009282231330872,0.43041589856147766,-0.6919097900390625,0.9978380799293518,0.48044562339782715,0.4325379729270935,-0.6945006847381592,0.9983612298965454,0.5885989665985107,0.4067074954509735,-0.49271124601364136,0.999592125415802,0.4345334470272064,0.4837881624698639,-0.49830499291419983,0.9998198747634888,0.6261382102966309,0.6253394484519958,-0.47428688406944275,0.9429588913917542,0.4158321022987366,0.6730899810791016,-0.4977233409881592,0.63240647315979,0.6553377509117126,0.8423148393630981,-0.5337608456611633,0.9735960364341736,0.3811940550804138,0.867563784122467,-0.5674766302108765,0.8175095319747925,0.6751061677932739,0.8628261089324951,-0.5681746006011963,0.9539194703102112,0.36176514625549316,0.8859501481056213,-0.6134247779846191,0.7472125291824341,0.6627151966094971,0.869327962398529,-0.5967729687690735,0.9619582295417786,0.3710925579071045,0.8905211687088013,-0.6446297764778137,0.7798033356666565,0.6511839032173157,0.8667114973068237,-0.5454087257385254,0.9400297999382019,0.3813270032405853,0.8882919549942017,-0.5850237011909485,0.756868839263916,0.5646923184394836,0.5679487586021423,0.019548896700143814,0.9996545910835266,0.4908430576324463,0.5964295864105225,-0.019806992262601852,0.999711275100708,0.5694886445999146,0.7639042139053345,0.33254146575927734,0.11399797350168228,0.5021414756774902,0.8374202251434326,-0.059469353407621384,0.1329418271780014,0.5507551431655884,0.7421824932098389,0.7137286067008972,0.1897278130054474,0.5091043710708618,0.7854636311531067,0.34363847970962524,0.04234172776341438,0.5469845533370972,0.7333046197891235,0.7511429190635681,0.1747322678565979,0.5094482898712158,0.763860821723938,0.3908941447734833,0.04723013937473297,0.5539112091064453,0.8216205835342407,0.7142179012298584,0.24688898026943207,0.5218279957771301,0.8248296976089478,0.36540573835372925,0.09744080901145935
0.4896210730075836,0.41847899556159973,-0.8182838559150696,0.9982154369354248,0.49820470809936523,0.3837811052799225,-0.810345470905304,0.9977977275848389,0.5049598217010498,0.3803066611289978,-0.8106988072395325,0.9976193904876709,0.5118621587753296,0.3757627606391907,-0.8106751441955566,0.9978240132331848,0.48126745223999023,0.38498929142951965,-0.8101352453231812,0.9984647035598755,0.47614312171936035,0.38298389315605164,-0.8104599714279175,0.998885452747345,0.4714100956916809,0.3804454803466797,-0.8108099102973938,0.9992501735687256,0.5297451615333557,0.3548109531402588,-0.6832861304283142,0.9982123970985413,0.46713200211524963,0.3588636517524719,-0.6854259967803955,0.998665452003479,0.5050578117370605,0.43115946650505066,-0.7606536149978638,0.9979305267333984,0.4841458797454834,0.4328362047672272,-0.7630482316017151,0.9983323216438293,0.5895332098007202,0.40874969959259033,-0.5406719446182251,0.9996293783187866,0.4352877140045166,0.4831169843673706,-0.5376137495040894,0.9998022317886353,0.625710666179657,0.6252940893173218,-0.5325053930282593,0.9421598315238953,0.4169955849647522,0.6736489534378052,-0.547970175743103,0.6114441156387329,0.6549216508865356,0.842603325843811,-0.6050980091094971,0.9717978835105896,0.3804495632648468,0.8718050718307495,-0.6207332015037537,0.7584459185600281,0.6743825674057007,0.8631083369255066,-0.6525120735168457,0.9475090503692627,0.36160603165626526,0.8959534764289856,-0.6730136871337891,0.6827505230903625,0.6611977815628052,0.87000572681427,-0.6809644103050232,0.9564590454101562,0.37057721614837646,0.8987601399421692,-0.7060548067092896,0.7149291038513184,0.6492210626602173,0.8675466775894165,-0.6184776425361633,0.9308151006698608,0.3810462951660156,0.8952488303184509,-0.6397238373756409,0.6929129958152771,0.5629037022590637,0.5689241886138916,0.016906943172216415,0.9996823668479919,0.4876515865325928,0.5954128503799438,-0.017089640721678734,0.9997305274009705,0.5639336705207825,0.7796527147293091,0.35040152072906494,0.10292358696460724,0.5015406012535095,0.84459388256073,-0.0695696622133255,0.13508136570453644,0.5475425124168396,0.7435629963874817,0.8152353167533875,0.1711960881948471,0.5089730024337769,0.7820426225662231,0.38198575377464294,0.03914959728717804,0.5425139665603638,0.7323215007781982,0.8607276082038879,0.1575499176979065,0.5095401406288147,0.7559049725532532,0.43307584524154663,0.043499357998371124,0.5494605898857117,0.8228781223297119,0.8162258267402649,0.2232053279876709,0.5179241299629211,0.8297995924949646,0.3927377462387085,0.09015493094921112
0.4871513247489929,0.4176194965839386,-0.8024054765701294,0.998337984085083,0.49662861227989197,0.38393884897232056,-0.7963147759437561,0.997983992099762,0.5037379264831543,0.3805810809135437,-0.7966734766960144,0.9978075623512268,0.5102922320365906,0.3762063682079315,-0.7966591119766235,0.9980195760726929,0.47898587584495544,0.38519346714019775,-0.7960858345031738,0.9985755085945129,0.47412872314453125,0.38307639956474304,-0.7964101433753967,0.9989225268363953,0.4697924256324768,0.38031256198883057,-0.7967606782913208,0.9992832541465759,0.5303462743759155,0.35490158200263977,-0.6783708930015564,0.9983614683151245,0.4677242636680603,0.3573443591594696,-0.6799063682556152,0.9986919164657593,0.5031665563583374,0.43117833137512207,-0.7486427426338196,0.9980533719062805,0.483279287815094,0.4319421052932739,-0.7507948875427246,0.998364269733429,0.5900515913963318,0.4099257290363312,-0.5414963364601135,0.9996641874313354,0.43631044030189514,0.4826175570487976,-0.5465683937072754,0.9997947216033936,0.625201404094696,0.6248255372047424,-0.5274231433868408,0.944065511226654,0.4171157479286194,0.6730654239654541,-0.5731708407402039,0.6017855405807495,0.6551811099052429,0.8437998294830322,-0.5897992849349976,0.9717483520507812,0.379721462726593,0.8716540932655334,-0.6527568101882935,0.7106098532676697,0.6750829815864563,0.8633143305778503,-0.6368740200996399,0.9446620941162109,0.36145395040512085,0.8954011797904968,-0.7080122828483582,0.626815915107727,0.6605014801025391,0.8708958029747009,-0.6668345332145691,0.9541575908660889,0.37041378021240234,0.8984330892562866,-0.7388484477996826,0.6591138243675232,0.6489652395248413,0.8683308959007263,-0.6039233207702637,0.9268597960472107,0.3808513283729553,0.8943624496459961,-0.671259880065918,0.6372814774513245,0.5601984262466431,0.5745037794113159,0.01743178442120552,0.9997105002403259,0.48423075675964355,0.5975826978683472,-0.01758766733109951,0.999751627445221,0.5604697465896606,0.780519425868988,0.36680132150650024,0.09312986582517624,0.5027682185173035,0.8439248204231262,-0.00724285002797842,0.13233336806297302,0.547185480594635,0.7438849806785583,0.8211394548416138,0.15487927198410034,0.5041365623474121,0.7767587304115295,0.4544057250022888,0.03642190247774124,0.541628897190094,0.7316693067550659,0.865134596824646,0.14224481582641602,0.5063669085502625,0.7646321058273315,0.5102357864379883,0.040126655250787735,0.5488333106040955,0.8247014284133911,0.8117698431015015,0.20283716917037964,0.5170172452926636,0.8291307091712952,0.45129308104515076,0.08415195345878601
0.4898722767829895,0.41787686944007874,-0.8149733543395996,0.9984967708587646,0.5012443661689758,0.3840562105178833,-0.8107266426086426,0.9981811046600342,0.5090794563293457,0.38055771589279175,-0.8110765218734741,0.9980202317237854,0.5152765512466431,0.37627193331718445,-0.8110636472702026,0.9982143044471741,0.48108068108558655,0.3854171633720398,-0.8110089302062988,0.9987128376960754,0.4760127663612366,0.38326334953308105,-0.8113174438476562,0.9990216493606567,0.47189801931381226,0.3805779814720154,-0.8116472363471985,0.9993495345115662,0.5331760048866272,0.3534533977508545,-0.6944602727890015,0.9985218644142151,0.46899452805519104,0.3577825725078583,-0.6971238851547241,0.9988117814064026,0.5077710151672363,0.4318046569824219,-0.7608569860458374,0.9982315897941589,0.48564738035202026,0.4320540428161621,-0.7632724046707153,0.9985015392303467,0.5903892517089844,0.4090918302536011,-0.5608769059181213,0.9996968507766724,0.4365784525871277,0.4824196994304657,-0.5655657649040222,0.99980229139328,0.6247548460960388,0.6247879266738892,-0.560269296169281,0.9484128355979919,0.41765880584716797,0.6726406812667847,-0.6021153926849365,0.6218867301940918,0.6550015807151794,0.8444662094116211,-0.6238651275634766,0.9729326367378235,0.3796912431716919,0.872682511806488,-0.6777521371841431,0.6904087662696838,0.6753437519073486,0.8636115789413452,-0.6737658977508545,0.944982647895813,0.356955349445343,0.8975209593772888,-0.7356687784194946,0.5891557335853577,0.6596282720565796,0.8714149594306946,-0.7029881477355957,0.9545191526412964,0.3689113259315491,0.8982927203178406,-0.7638958692550659,0.6235736012458801,0.6482569575309753,0.8686521649360657,-0.6380648016929626,0.9275123476982117,0.38106462359428406,0.8943216800689697,-0.6953421831130981,0.6004597544670105,0.5597134828567505,0.5789502859115601,0.01668761856853962,0.9997382760047913,0.48331889510154724,0.6005968451499939,-0.016825569793581963,0.9997745752334595,0.5575971603393555,0.7755520939826965,0.3963325023651123,0.08683173358440399,0.5029822587966919,0.8369484543800354,0.05571557953953743,0.15268521010875702,0.5457910299301147,0.7434088587760925,0.8522295951843262,0.14284810423851013,0.5029961466789246,0.7709373235702515,0.5464733242988586,0.03714999929070473,0.5412977933883667,0.7311906814575195,0.8964858055114746,0.12955299019813538,0.5058539509773254,0.7581191062927246,0.6001373529434204,0.03917103260755539,0.5456613898277283,0.8239575624465942,0.8408851623535156,0.190993070602417,0.5152817368507385,0.8287078738212585,0.5548030138015747,0.08693938702344894
0.4910142421722412,0.42037510871887207,-0.7931371331214905,0.9986407160758972,0.502578854560852,0.3866586983203888,-0.7864784002304077,0.9983589053153992,0.5104127526283264,0.3827555775642395,-0.7868813276290894,0.9982119798660278,0.5165767073631287,0.3781343698501587,-0.7868107557296753,0.9983895421028137,0.48298174142837524,0.387495219707489,-0.786626935005188,0.9988373517990112,0.4780959188938141,0.38488438725471497,-0.7870501279830933,0.999112606048584,0.47384852170944214,0.38166430592536926,-0.787441074848175,0.9994103312492371,0.5347047448158264,0.35356926918029785,-0.6727391481399536,0.9986664652824402,0.4708539843559265,0.35810959339141846,-0.6756620407104492,0.9989229440689087,0.5075904130935669,0.43425267934799194,-0.7384441494941711,0.9983939528465271,0.48685795068740845,0.4329896569252014,-0.7427958846092224,0.9986319541931152,0.5920172929763794,0.4091886281967163,-0.5442088842391968,0.9997263550758362,0.43758073449134827,0.4822038412094116,-0.5418528318405151,0.9998142123222351,0.6244821548461914,0.6225069761276245,-0.5484929084777832,0.9529200196266174,0.4177513122558594,0.6722695231437683,-0.5731939077377319,0.6526126265525818,0.6550237536430359,0.8428236246109009,-0.6105302572250366,0.9749049544334412,0.37961557507514954,0.8741244077682495,-0.649620532989502,0.708962619304657,0.6760125160217285,0.8634874224662781,-0.6569744348526001,0.9480247497558594,0.355903297662735,0.8973565697669983,-0.7046146988868713,0.5971953272819519,0.6590805649757385,0.8712795972824097,-0.6866071224212646,0.9571640491485596,0.3681599497795105,0.8987122178077698,-0.7332625985145569,0.6347628235816956,0.6479432582855225,0.868401825428009,-0.624626100063324,0.9317058324813843,0.38090676069259644,0.8944375514984131,-0.6670948266983032,0.6091278195381165,0.5593301057815552,0.5821200013160706,0.015375545248389244,0.9997625350952148,0.48228758573532104,0.6032150387763977,-0.015514925122261047,0.9997944831848145,0.5613779425621033,0.7721363306045532,0.3674790859222412,0.08410891890525818,0.5024728178977966,0.8405575156211853,0.03541344776749611,0.18651878833770752,0.5456122159957886,0.7426475286483765,0.7879635691642761,0.13306066393852234,0.5018421411514282,0.765744686126709,0.5206108093261719,0.03870466351509094,0.5405979752540588,0.7271051406860352,0.8289535641670227,0.11855896562337875,0.5030269622802734,0.7547889947891235,0.5665106773376465,0.03889533877372742,0.5458230376243591,0.8234259486198425,0.7834252119064331,0.18202167749404907,0.5133033394813538,0.8278626203536987,0.5266311764717102,0.09163423627614975
0.4905463755130768,0.4218248128890991,-0.7958911657333374,0.9987591505050659,0.5019513368606567,0.3889722526073456,-0.7939465045928955,0.9985120296478271,0.5095990896224976,0.38582974672317505,-0.7942920923233032,0.9983749389648438,0.5158355236053467,0.3815585672855377,-0.794287919998169,0.9985422492027283,0.4829750061035156,0.3886792063713074,-0.7922442555427551,0.9989410638809204,0.47805166244506836,0.38575443625450134,-0.7925838828086853,0.9991807341575623,0.4736933708190918,0.38219860196113586,-0.7929055690765381,0.9994561672210693,0.5341163873672485,0.35399091243743896,-0.6884752511978149,0.9987927675247192,0.4714438021183014,0.35834813117980957,-0.6809191107749939,0.9990086555480957,0.5069525837898254,0.43675002455711365,-0.7451738715171814,0.9985178709030151,0.48624318838119507,0.433821439743042,-0.745004415512085,0.9987173676490784,0.5925894975662231,0.4092448353767395,-0.5558117628097534,0.999752938747406,0.4387803077697754,0.47602981328964233,-0.5579534769058228,0.9998207688331604,0.6247321367263794,0.6213676929473877,-0.5689164400100708,0.9571312665939331,0.41790270805358887,0.6719717383384705,-0.5945429801940918,0.6771981716156006,0.6551584601402283,0.8429035544395447,-0.6357468962669373,0.9767593145370483,0.37955769896507263,0.8742241859436035,-0.6722553968429565,0.7169542908668518,0.6759658455848694,0.8634755611419678,-0.6820106506347656,0.9510266184806824,0.35592031478881836,0.8967534303665161,-0.7292684316635132,0.591569721698761,0.6586923003196716,0.8712825179100037,-0.7128697037696838,0.9597620964050293,0.36781081557273865,0.8983059525489807,-0.7578179836273193,0.6328868269920349,0.6477980613708496,0.868219256401062,-0.6502493619918823,0.9356400370597839,0.38057589530944824,0.8941584229469299,-0.6898552179336548,0.6048464179039001,0.5596290230751038,0.5812880992889404,0.01730046607553959,0.9997841715812683,0.4819687008857727,0.604206919670105,-0.01738400012254715,0.9998117685317993,0.5651274919509888,0.7673514485359192,0.3862695097923279,0.08105067908763885,0.5012936592102051,0.8407232761383057,0.003911094274371862,0.21393992006778717,0.5477644205093384,0.7425994277000427,0.8163574934005737,0.12299636006355286,0.5021157264709473,0.763287365436554,0.4713496267795563,0.03883504495024681,0.5422468185424805,0.7261970639228821,0.8580392599105835,0.10816757380962372,0.5019274950027466,0.7529587745666504,0.5230337977409363,0.03803131729364395,0.5469704866409302,0.8236831426620483,0.8148447871208191,0.17073005437850952,0.5127350091934204,0.8273978233337402,0.4938293397426605,0.09314753115177155
0.4912300705909729,0.4229583740234375,-0.7743647694587708,0.9988740682601929,0.5028855204582214,0.39044389128685,-0.7742483615875244,0.9986552596092224,0.5106815099716187,0.3875327706336975,-0.7745647430419922,0.9985291957855225,0.5170060396194458,0.38328811526298523,-0.7746162414550781,0.998683750629425,0.48417291045188904,0.3898729681968689,-0.7716454863548279,0.9990406632423401,0.4793166220188141,0.38675740361213684,-0.7719267010688782,0.9992519021034241,0.4749694764614105,0.3829542398452759,-0.772200345993042,0.9995035529136658,0.5349773168563843,0.3543906807899475,-0.6848951578140259,0.9989098310470581,0.4730186462402344,0.358401358127594,-0.6637347936630249,0.9990949630737305,0.5080986618995667,0.43826305866241455,-0.7278793454170227,0.9986474514007568,0.48690134286880493,0.43482768535614014,-0.7253668308258057,0.9988183975219727,0.5938734412193298,0.40978705883026123,-0.5481148958206177,0.99977707862854,0.439636766910553,0.4752224385738373,-0.5428362488746643,0.9998273849487305,0.6251083612442017,0.6212521195411682,-0.5530250072479248,0.9609198570251465,0.41807013750076294,0.6718692183494568,-0.5731401443481445,0.696563720703125,0.6551566123962402,0.8429639935493469,-0.6187052726745605,0.97846919298172,0.3789729177951813,0.8757191896438599,-0.6484956741333008,0.7177183628082275,0.6755039095878601,0.8635850548744202,-0.6632649898529053,0.9538070559501648,0.35528597235679626,0.8963237404823303,-0.7020688056945801,0.5775842666625977,0.6585397124290466,0.8713225722312927,-0.6930375099182129,0.9621835947036743,0.3636501729488373,0.8982260823249817,-0.7307671904563904,0.6233189702033997,0.6475514769554138,0.8680768609046936,-0.6326512694358826,0.9394615888595581,0.3776899576187134,0.8942883610725403,-0.6659987568855286,0.5940297245979309,0.5597559213638306,0.5821204781532288,0.017197594046592712,0.9998038411140442,0.4818248152732849,0.6051413416862488,-0.017290819436311722,0.9998275637626648,0.5653842687606812,0.7649014592170715,0.3762205243110657,0.07892070710659027,0.5006870627403259,0.8399789333343506,0.009005461819469929,0.24139980971813202,0.5487162470817566,0.741023063659668,0.7863685488700867,0.11511798948049545,0.5015736818313599,0.7587531208992004,0.44034433364868164,0.04063054919242859,0.5427810549736023,0.724383533000946,0.8264080882072449,0.09932439029216766,0.5014413595199585,0.752063512802124,0.48857563734054565,0.03833187744021416,0.5477399230003357,0.8234307169914246,0.7831400632858276,0.16290263831615448,0.511583685874939,0.8271389603614807,0.45890742540359497,0.09745971113443375
0.4925037920475006,0.42324167490005493,-0.7802435159683228,0.9989715814590454,0.5039975643157959,0.3908658027648926,-0.7788351774215698,0.9987800717353821,0.5114816427230835,0.38796553015708923,-0.7791694402694702,0.9986622929573059,0.5176019668579102,0.3837394416332245,-0.7791934013366699,0.9988076686859131,0.485433429479599,0.39034292101860046,-0.7770208120346069,0.999126136302948,0.48042839765548706,0.38710540533065796,-0.7773259282112122,0.9993098974227905,0.47589749097824097,0.38307955861091614,-0.7776232957839966,0.9995420575141907,0.5354565978050232,0.3544706404209137,-0.6777334213256836,0.9990125894546509,0.4737057089805603,0.35856306552886963,-0.6671336889266968,0.9991668462753296,0.5093165636062622,0.43843603134155273,-0.7314031720161438,0.9987461566925049,0.48812833428382874,0.4350601136684418,-0.7303248047828674,0.9988859295845032,0.5947147011756897,0.41068190336227417,-0.5483962297439575,0.9997984170913696,0.44043588638305664,0.4746880829334259,-0.5485618710517883,0.9998295903205872,0.6254398226737976,0.6212753057479858,-0.5650306940078735,0.9640682339668274,0.4179001450538635,0.6716502904891968,-0.5906453132629395,0.7137171626091003,0.6553624272346497,0.8431283831596375,-0.6321170926094055,0.9794813990592957,0.37836405634880066,0.875485897064209,-0.6696986556053162,0.7187977433204651,0.6754292249679565,0.8642785549163818,-0.6774426698684692,0.954901397228241,0.35530996322631836,0.8960123658180237,-0.7260820865631104,0.5667188763618469,0.6582970023155212,0.8716804385185242,-0.707545816898346,0.9632771015167236,0.36364036798477173,0.8980807065963745,-0.7533300518989563,0.6159699559211731,0.6472923159599304,0.8681200742721558,-0.6464426517486572,0.9412789940834045,0.37684619426727295,0.8939028978347778,-0.6869325637817383,0.5846570730209351,0.5598255395889282,0.5819111466407776,0.017149973660707474,0.9998209476470947,0.4815590977668762,0.605111300945282,-0.017236538231372833,0.9998410940170288,0.5670098662376404,0.7597467303276062,0.3889060616493225,0.07496920973062515,0.500412106513977,0.8378349542617798,0.010205605998635292,0.2541919946670532,0.549053966999054,0.7409563064575195,0.8068604469299316,0.10626345127820969,0.5024428963661194,0.7547920346260071,0.452364057302475,0.040409013628959656,0.5432678461074829,0.7243731021881104,0.8474070429801941,0.0907829999923706,0.5014498233795166,0.7513156533241272,0.5004111528396606,0.037623852491378784,0.5483072996139526,0.8241770267486572,0.8046405911445618,0.15233111381530762,0.5130656361579895,0.8275642991065979,0.4704831540584564,0.09722379595041275
0.49304062128067017,0.42339012026786804,-0.7875100374221802,0.9990491271018982,0.5041367411613464,0.39121565222740173,-0.7857863903045654,0.998885989189148,0.5114801526069641,0.38832995295524597,-0.786129355430603,0.9987735152244568,0.5176121592521667,0.3841390907764435,-0.7861440181732178,0.9989140629768372,0.4860606789588928,0.39068901538848877,-0.7838437557220459,0.9991954565048218,0.481073796749115,0.3873460590839386,-0.784157395362854,0.9993508458137512,0.4765470027923584,0.383136123418808,-0.7844709157943726,0.9995687007904053,0.5360497832298279,0.35455322265625,-0.6820148825645447,0.999101996421814,0.4744717478752136,0.3586611747741699,-0.6727348566055298,0.9992202520370483,0.5095126628875732,0.4384528696537018,-0.7381258606910706,0.9988143444061279,0.488949716091156,0.4351814389228821,-0.737080454826355,0.9989159107208252,0.5953463912010193,0.41140878200531006,-0.552987277507782,0.9998172521591187,0.4414580464363098,0.4734237790107727,-0.5549252033233643,0.9998241066932678,0.6256572604179382,0.6212064623832703,-0.5700120329856873,0.9668395519256592,0.4178265631198883,0.671572208404541,-0.599203884601593,0.7288368344306946,0.6552562117576599,0.8431900143623352,-0.6355597376823425,0.9803757071495056,0.3778744041919708,0.8752235174179077,-0.6809817552566528,0.7175919413566589,0.6753080487251282,0.8646937012672424,-0.681393027305603,0.9560062289237976,0.3552864193916321,0.895851731300354,-0.7391959428787231,0.5551658272743225,0.6584010720252991,0.8719800114631653,-0.7121725082397461,0.9643509984016418,0.3632606863975525,0.8980159163475037,-0.7661329507827759,0.6073176264762878,0.647131085395813,0.8682926893234253,-0.65019690990448,0.943082332611084,0.37605026364326477,0.8936837315559387,-0.6983743906021118,0.5742419958114624,0.5599971413612366,0.581596851348877,0.018056299537420273,0.9998361468315125,0.48185276985168457,0.6046750545501709,-0.018130406737327576,0.9998530149459839,0.5638625621795654,0.6933102011680603,0.415834903717041,0.071698859333992,0.49980562925338745,0.8368176221847534,0.04389672353863716,0.27112555503845215,0.549532949924469,0.7407947182655334,0.8347147107124329,0.09954596310853958,0.5031193494796753,0.7513341307640076,0.4784385561943054,0.04207369685173035,0.5441046953201294,0.7244895696640015,0.8749685287475586,0.08371798694133759,0.5027962923049927,0.732912003993988,0.5262657999992371,0.03834141045808792,0.5487611293792725,0.8245490193367004,0.8268293142318726,0.14500999450683594,0.5134192705154419,0.8280872702598572,0.48939523100852966,0.10049436241388321
0.49408745765686035,0.42343661189079285,-0.7997903823852539,0.9991156458854675,0.504959225654602,0.39120563864707947,-0.7981050610542297,0.9989792704582214,0.5123264789581299,0.3882945477962494,-0.7984549403190613,0.9988711476325989,0.5185195803642273,0.3841128349304199,-0.7984659075737,0.9990084171295166,0.4869875907897949,0.3907568156719208,-0.7965852618217468,0.9992558360099792,0.4819844365119934,0.38737717270851135,-0.7969043850898743,0.999385416507721,0.47739148139953613,0.3832440972328186,-0.797225832939148,0.9995911121368408,0.5370033383369446,0.3544861972332001,-0.6918851137161255,0.9991822242736816,0.4750516414642334,0.3587489128112793,-0.6847662925720215,0.9992679357528687,0.5106964111328125,0.438436895608902,-0.7491927742958069,0.9988774061203003,0.49008822441101074,0.4353181719779968,-0.7487186193466187,0.9989448189735413,0.5955818891525269,0.41163113713264465,-0.5583603382110596,0.9998342990875244,0.4425038695335388,0.4719454348087311,-0.5653486251831055,0.99982088804245,0.6259823441505432,0.6212688088417053,-0.5705950260162354,0.9694312810897827,0.417772114276886,0.6714067459106445,-0.6091247797012329,0.7448199987411499,0.655225932598114,0.8432535529136658,-0.6371968984603882,0.9813594818115234,0.37752896547317505,0.875025749206543,-0.6939430832862854,0.7208042740821838,0.6753465533256531,0.8650391697883606,-0.6846628189086914,0.9574756622314453,0.3536786437034607,0.8949102759361267,-0.7545150518417358,0.549980878829956,0.658866286277771,0.8722425103187561,-0.7162036299705505,0.965688169002533,0.3616054654121399,0.897411584854126,-0.7815006971359253,0.604471743106842,0.6469559669494629,0.8684093952178955,-0.652309775352478,0.9452258348464966,0.3756246268749237,0.8934867978096008,-0.7114438414573669,0.5690188407897949,0.5601751804351807,0.5827630162239075,0.01896001026034355,0.9998504519462585,0.48212796449661255,0.6056984663009644,-0.0190229844301939,0.9998645186424255,0.5628260970115662,0.687908947467804,0.4285108149051666,0.07034614682197571,0.4993325173854828,0.8357787132263184,0.07544662058353424,0.28900477290153503,0.5498737096786499,0.7407148480415344,0.8617140650749207,0.09496326744556427,0.5032202005386353,0.7511642575263977,0.528800904750824,0.044692132622003555,0.5445328950881958,0.7249167561531067,0.9033668637275696,0.07796730846166611,0.5036605596542358,0.7296008467674255,0.5787516832351685,0.039418213069438934,0.5488773584365845,0.8249393105506897,0.849593997001648,0.14164787530899048,0.5132511258125305,0.8291196823120117,0.5371078848838806,0.10634404420852661
0.49392008781433105,0.42344915866851807,-0.7976720333099365,0.9991773962974548,0.504726767539978,0.39127177000045776,-0.7953490614891052,0.9990643262863159,0.5120843648910522,0.388381689786911,-0.7957199811935425,0.9989603161811829,0.5182607173919678,0.38425031304359436,-0.795665979385376,0.9990942478179932,0.48706865310668945,0.39076656103134155,-0.7960101366043091,0.999311089515686,0.48209720849990845,0.38741248846054077,-0.7962513566017151,0.9994169473648071,0.47754645347595215,0.3833131492137909,-0.796551525592804,0.9996117353439331,0.5366569757461548,0.35450679063796997,-0.6838895678520203,0.999254584312439,0.47552919387817383,0.35878100991249084,-0.6832903623580933,0.9993096590042114,0.5100246667861938,0.4384128451347351,-0.7455061078071594,0.998935878276825,0.4901100695133209,0.43539899587631226,-0.7474241256713867,0.9989714622497559,0.5955145955085754,0.4119153618812561,-0.5531924962997437,0.9998496770858765,0.44270390272140503,0.47200825810432434,-0.5556015968322754,0.9998178482055664,0.6265300512313843,0.6212842464447021,-0.565976083278656,0.9717195630073547,0.4177826941013336,0.6713509559631348,-0.5959154963493347,0.7566484808921814,0.6552764773368835,0.8432968258857727,-0.6310964226722717,0.9821777939796448,0.3775290846824646,0.8745104670524597,-0.6793769598007202,0.7193090915679932,0.6752536296844482,0.8651956915855408,-0.6770774126052856,0.9586467146873474,0.3537570536136627,0.8938170671463013,-0.7376534938812256,0.5401028394699097,0.6588355898857117,0.8722643256187439,-0.7079261541366577,0.9667887091636658,0.36136266589164734,0.8966160416603088,-0.7646909952163696,0.5971314311027527,0.6466898322105408,0.8683817386627197,-0.6457329988479614,0.9470244646072388,0.3754707872867584,0.8930049538612366,-0.6968019604682922,0.5602346658706665,0.5603060126304626,0.583160936832428,0.01869766041636467,0.9998624324798584,0.482185423374176,0.6061961054801941,-0.0187673456966877,0.9998737573623657,0.5622357130050659,0.6873553395271301,0.420895516872406,0.06702719628810883,0.4993727207183838,0.8351461887359619,0.06179593876004219,0.3005874752998352,0.5501176714897156,0.7406367063522339,0.8402830958366394,0.08850424736738205,0.5033550262451172,0.750868558883667,0.5087675452232361,0.0449986457824707,0.5448843240737915,0.7226037979125977,0.8807584047317505,0.07183048874139786,0.5042020082473755,0.7399101853370667,0.5605679154396057,0.039385415613651276,0.5493258237838745,0.8248237371444702,0.8337334394454956,0.1339605748653412,0.513573408126831,0.8289552330970764,0.5252214670181274,0.10701321810483932
0.49353915452957153,0.4234490990638733,-0.7965003848075867,0.9992369413375854,0.5042887926101685,0.39127567410469055,-0.7917416095733643,0.9991434216499329,0.5116878747940063,0.38840222358703613,-0.7921298146247864,0.9990438222885132,0.5179040431976318,0.3843151926994324,-0.7920562028884888,0.9991734027862549,0.48686233162879944,0.3907490074634552,-0.7941135168075562,0.9993638396263123,0.4819594919681549,0.38739606738090515,-0.7944195866584778,0.9994497299194336,0.47749438881874084,0.38331058621406555,-0.7947524189949036,0.9996337294578552,0.536353349685669,0.3546137511730194,-0.6807271838188171,0.9993206262588501,0.47580981254577637,0.35880330204963684,-0.680730402469635,0.9993520975112915,0.509440541267395,0.4383929669857025,-0.7414589524269104,0.9989939332008362,0.48978662490844727,0.4354325532913208,-0.7454434633255005,0.9990042448043823,0.5954486131668091,0.4125063717365265,-0.5520258545875549,0.9998636245727539,0.4429798126220703,0.4720189869403839,-0.5527652502059937,0.9998182058334351,0.6268213987350464,0.6213017106056213,-0.5685242414474487,0.9737608432769775,0.4177965521812439,0.6712353825569153,-0.5929795503616333,0.7666172981262207,0.6553866863250732,0.8434229493141174,-0.6344354748725891,0.9828960299491882,0.3775298595428467,0.8744141459465027,-0.6753922700881958,0.7195289134979248,0.6752943396568298,0.865749180316925,-0.6798980832099915,0.9596481323242188,0.35349127650260925,0.893223762512207,-0.7334591746330261,0.5333316922187805,0.6587570309638977,0.8723538517951965,-0.7109013199806213,0.9677502512931824,0.3611200451850891,0.8959190249443054,-0.7609620094299316,0.5926986336708069,0.6465921998023987,0.8683941960334778,-0.6490916013717651,0.9485573172569275,0.37548908591270447,0.8925908207893372,-0.6930311918258667,0.554402768611908,0.5604105591773987,0.5828731656074524,0.018410775810480118,0.9998733997344971,0.48222842812538147,0.6062284111976624,-0.018484923988580704,0.9998823404312134,0.5618546009063721,0.6861464977264404,0.425942987203598,0.06369281560182571,0.4994350075721741,0.8348857164382935,0.05713557451963425,0.3101828396320343,0.5502511858940125,0.7405170798301697,0.8419796228408813,0.08245711773633957,0.5037379264831543,0.7499613165855408,0.4867502748966217,0.04503023624420166,0.5451307892799377,0.7210730910301208,0.8820225596427917,0.0661824569106102,0.504402220249176,0.7436476945877075,0.5353044271469116,0.039308663457632065,0.5497023463249207,0.8247457146644592,0.8362936973571777,0.1268576681613922,0.5129241943359375,0.828235387802124,0.5012587308883667,0.10787972807884216
0.49330562353134155,0.42343905568122864,-0.7760787010192871,0.9992974996566772,0.5042234659194946,0.3911083936691284,-0.7738083600997925,0.9992193579673767,0.5116989612579346,0.3882657289505005,-0.7741594910621643,0.9991255402565002,0.5179380774497986,0.3842187523841858,-0.7741491794586182,0.9992482662200928,0.486773818731308,0.39051899313926697,-0.7721565961837769,0.9994166493415833,0.4819065034389496,0.38720470666885376,-0.7724686861038208,0.999487578868866,0.4775039553642273,0.38314396142959595,-0.7727842926979065,0.9996588826179504,0.5363942384719849,0.35462719202041626,-0.672008216381073,0.9993828535079956,0.47596806287765503,0.3588089942932129,-0.6613384485244751,0.9993987679481506,0.5091990232467651,0.43838199973106384,-0.7270764112472534,0.9990614056587219,0.4895310401916504,0.4354681372642517,-0.7262666821479797,0.9990554451942444,0.5953634977340698,0.41288235783576965,-0.547528862953186,0.9998763203620911,0.44317907094955444,0.47196850180625916,-0.5469392538070679,0.9998201727867126,0.6269859075546265,0.6213499903678894,-0.5631828904151917,0.9756787419319153,0.4178532660007477,0.6710389852523804,-0.5873486995697021,0.7761940956115723,0.655451238155365,0.8439385294914246,-0.628708004951477,0.9836798310279846,0.3775223195552826,0.8738059997558594,-0.6679338812828064,0.7211767435073853,0.6753360033035278,0.8663701415061951,-0.6745625138282776,0.9609026908874512,0.35331958532333374,0.8928788304328918,-0.7246575355529785,0.5287937521934509,0.6587788462638855,0.8727948665618896,-0.7051652669906616,0.9688888788223267,0.3610793650150299,0.8955339789390564,-0.7529512643814087,0.5904046893119812,0.6464909911155701,0.8686777949333191,-0.6432276964187622,0.9504477977752686,0.37549740076065063,0.8921728134155273,-0.6855968832969666,0.5512917041778564,0.5604857206344604,0.5829301476478577,0.0181527491658926,0.9998835325241089,0.48230084776878357,0.6061276793479919,-0.01823379099369049,0.9998905062675476,0.5614331364631653,0.6860849261283875,0.42211517691612244,0.06169340759515762,0.49948984384536743,0.8347142338752747,0.05613846704363823,0.32356277108192444,0.550311803817749,0.740286111831665,0.8305021524429321,0.07818709313869476,0.50392085313797,0.7495303750038147,0.4797145426273346,0.046758849173784256,0.5453075766563416,0.7199593186378479,0.8699878454208374,0.061623528599739075,0.5041415095329285,0.7459127902984619,0.5262069702148438,0.040364623069763184,0.549930214881897,0.824811577796936,0.8235002756118774,0.12281741201877594,0.5124463438987732,0.8281876444816589,0.4911506175994873,0.11215272545814514
0.4933792054653168,0.42346203327178955,-0.7741682529449463,0.9993487000465393,0.5045146346092224,0.3910413086414337,-0.7723320722579956,0.9992856383323669,0.5120348334312439,0.3882322609424591,-0.7726795673370361,0.9991961121559143,0.5182569622993469,0.3842112123966217,-0.7726821899414062,0.9993138909339905,0.4869101047515869,0.39037781953811646,-0.7700322866439819,0.9994621872901917,0.48202553391456604,0.38708698749542236,-0.7703484296798706,0.9995186924934387,0.47762855887413025,0.3830353617668152,-0.7706652283668518,0.9996796250343323,0.5365611910820007,0.35478994250297546,-0.6715103983879089,0.9994377493858337,0.4760422110557556,0.35878583788871765,-0.6592823266983032,0.9994384050369263,0.5092085599899292,0.4383847117424011,-0.7258984446525574,0.999116063117981,0.48941946029663086,0.4355026185512543,-0.724321722984314,0.9990940690040588,0.5953550934791565,0.4132154583930969,-0.5470675230026245,0.9998875856399536,0.44344615936279297,0.4716799855232239,-0.5465790629386902,0.9998211860656738,0.6271201372146606,0.621371328830719,-0.5635383725166321,0.9772601127624512,0.417907178401947,0.6708309054374695,-0.5866709351539612,0.7848631143569946,0.6554295420646667,0.8439746499061584,-0.6287365555763245,0.9840759634971619,0.3774271607398987,0.8737062215805054,-0.6688905954360962,0.7216469049453735,0.6753170490264893,0.8665894269943237,-0.6742767691612244,0.961178719997406,0.3527347445487976,0.8927862644195557,-0.7264841198921204,0.5231424570083618,0.6587616205215454,0.872957170009613,-0.7050376534461975,0.969264030456543,0.3603684604167938,0.8954629898071289,-0.7539498209953308,0.5866905450820923,0.6464333534240723,0.868725061416626,-0.6433655619621277,0.951171875,0.375368595123291,0.8921269774436951,-0.6864950060844421,0.5465678572654724,0.560520350933075,0.5830154418945312,0.01804978959262371,0.9998927116394043,0.4825710654258728,0.6059008240699768,-0.01812194101512432,0.9998979568481445,0.5611312985420227,0.6877202391624451,0.42083948850631714,0.05971251428127289,0.49947428703308105,0.8345015645027161,0.06668499857187271,0.33015501499176025,0.5503784418106079,0.7393745183944702,0.8323114514350891,0.07386718690395355,0.5037339329719543,0.7481789588928223,0.4895091950893402,0.04732617735862732,0.5454172492027283,0.719123899936676,0.8719495534896851,0.05728399008512497,0.504326343536377,0.7319208979606628,0.5363627672195435,0.04058434069156647,0.5500286817550659,0.8248425722122192,0.8242066502571106,0.11825191974639893,0.5120806097984314,0.8280667662620544,0.500243067741394,0.11394663900136948
0.4938220977783203,0.4237116575241089,-0.7721688747406006,0.999396562576294,0.5053235292434692,0.39104580879211426,-0.7704827189445496,0.9993464350700378,0.5127493143081665,0.3882555663585663,-0.7708290219306946,0.9992613196372986,0.5188980102539062,0.3842974007129669,-0.7708383202552795,0.9993739128112793,0.48754367232322693,0.39037978649139404,-0.7680404186248779,0.9995043277740479,0.4825919568538666,0.38709768652915955,-0.7683577537536621,0.9995483756065369,0.478130578994751,0.38306236267089844,-0.7686736583709717,0.9996991753578186,0.5370453596115112,0.355017751455307,-0.6698437929153442,0.9994878172874451,0.47624507546424866,0.35880225896835327,-0.6575972437858582,0.9994753003120422,0.5096017122268677,0.4384474456310272,-0.724095344543457,0.9991678595542908,0.48958292603492737,0.4356667101383209,-0.7223607897758484,0.9991316199302673,0.5954304337501526,0.41361379623413086,-0.546779990196228,0.9998977780342102,0.44367092847824097,0.47137483954429626,-0.5451618432998657,0.9998215436935425,0.627220094203949,0.6213845610618591,-0.5633183717727661,0.9786357283592224,0.4179213047027588,0.6706622838973999,-0.5856844186782837,0.7917711734771729,0.6554375886917114,0.8439429998397827,-0.6286945343017578,0.984362781047821,0.3774065375328064,0.8733271360397339,-0.6683531403541565,0.7191638946533203,0.67536461353302,0.8666023015975952,-0.6741036772727966,0.961255669593811,0.35247230529785156,0.8925142288208008,-0.7258638143539429,0.5147062540054321,0.6587375998497009,0.8729645013809204,-0.7046636939048767,0.9694681167602539,0.3601580262184143,0.8952014446258545,-0.7530055642127991,0.5800037384033203,0.6464150547981262,0.8686599731445312,-0.6432530879974365,0.9516265392303467,0.3753304183483124,0.8919998407363892,-0.6858749985694885,0.5391611456871033,0.5605502128601074,0.582904577255249,0.017943505197763443,0.9999009370803833,0.48278337717056274,0.6056462526321411,-0.01800774782896042,0.9999046325683594,0.5608035326004028,0.6889267563819885,0.41896289587020874,0.05798329412937164,0.49940305948257446,0.8344084620475769,0.06703082472085953,0.3371717631816864,0.5504001379013062,0.7388882040977478,0.8302521705627441,0.07009845227003098,0.5036349296569824,0.7484115362167358,0.48947176337242126,0.048026375472545624,0.5455058813095093,0.718664288520813,0.869897186756134,0.05343080684542656,0.5044410824775696,0.7282333374023438,0.5364802479743958,0.04090823233127594,0.550102710723877,0.8248229026794434,0.8226484060287476,0.11426732689142227,0.5118603706359863,0.8280154466629028,0.5008071660995483,0.11572127789258957
0.49411922693252563,0.42382773756980896,-0.7725638747215271,0.999440610408783,0.5057865381240845,0.3910606801509857,-0.7707816958427429,0.9994017481803894,0.513141930103302,0.388300359249115,-0.77112877368927,0.9993210434913635,0.5192486047744751,0.384414404630661,-0.771135687828064,0.9994284510612488,0.4880843758583069,0.39038196206092834,-0.7684276103973389,0.999542772769928,0.48314523696899414,0.3871055543422699,-0.7687484622001648,0.9995761513710022,0.47866639494895935,0.3830844759941101,-0.7690660953521729,0.9997174143791199,0.5374032258987427,0.3552723526954651,-0.6700224280357361,0.999533474445343,0.4765475392341614,0.358813613653183,-0.6580380797386169,0.9995096921920776,0.5097789764404297,0.4385022521018982,-0.724306046962738,0.9992179870605469,0.48977988958358765,0.4357543885707855,-0.7227257490158081,0.9991702437400818,0.5954556465148926,0.41395431756973267,-0.5465139746665955,0.9999070763587952,0.44386690855026245,0.47111859917640686,-0.5449528098106384,0.9998230338096619,0.6272563934326172,0.6214866042137146,-0.5640327334403992,0.9800041317939758,0.41794508695602417,0.6705821752548218,-0.5867639780044556,0.7994433641433716,0.6554681062698364,0.8437809348106384,-0.6310974359512329,0.9848427176475525,0.377363383769989,0.8732115626335144,-0.6702501177787781,0.7179854512214661,0.6754487156867981,0.8666157126426697,-0.6770488023757935,0.9619067311286926,0.35250526666641235,0.8923547267913818,-0.7282372713088989,0.508329451084137,0.658694326877594,0.8729680180549622,-0.707655668258667,0.9700924754142761,0.3601394295692444,0.8951854109764099,-0.7551318407058716,0.5751121044158936,0.6463724970817566,0.8685933351516724,-0.6457417607307434,0.952669620513916,0.37518322467803955,0.891941249370575,-0.6877060532569885,0.5335612893104553,0.5605690479278564,0.5829909443855286,0.017800873145461082,0.9999086260795593,0.48292025923728943,0.6054610013961792,-0.017871370539069176,0.9999110102653503,0.5606998205184937,0.6887697577476501,0.420971155166626,0.0571039579808712,0.49937206506729126,0.8343672752380371,0.07186658680438995,0.34656068682670593,0.5504414439201355,0.7383354902267456,0.8341004252433777,0.06735174357891083,0.5034568905830383,0.7481087446212769,0.4960702955722809,0.049500253051519394,0.5455766916275024,0.718329131603241,0.8738303184509277,0.05023976415395737,0.5045188069343567,0.7267978191375732,0.5431901216506958,0.04165392741560936,0.5501446723937988,0.8248098492622375,0.8244518041610718,0.11205685138702393,0.5116106271743774,0.828013002872467,0.5054176449775696,0.11920390278100967
0.4941789209842682,0.42389801144599915,-0.773025393486023,0.9994823336601257,0.5058652758598328,0.3910631537437439,-0.7714879512786865,0.9994530081748962,0.5132245421409607,0.38831770420074463,-0.7718355059623718,0.9993770122528076,0.5193333625793457,0.38446861505508423,-0.7718477845191956,0.9994787573814392,0.4882199168205261,0.3903828561306,-0.7688674926757812,0.9995788335800171,0.48327845335006714,0.38711437582969666,-0.7691850066184998,0.9996036291122437,0.4788125455379486,0.38310325145721436,-0.7695004343986511,0.9997352361679077,0.5375661849975586,0.35547733306884766,-0.6708568930625916,0.999575674533844,0.47668784856796265,0.35882073640823364,-0.6582146286964417,0.9995432496070862,0.5097304582595825,0.43855515122413635,-0.7249129414558411,0.9992684721946716,0.4898279309272766,0.43581369519233704,-0.7229431867599487,0.9992114901542664,0.5954777002334595,0.41420894861221313,-0.546396791934967,0.9999154806137085,0.4440154433250427,0.47106924653053284,-0.5449486970901489,0.9998234510421753,0.6272807717323303,0.6215941309928894,-0.5640296339988708,0.9813703298568726,0.4179675579071045,0.6705432534217834,-0.5876067280769348,0.8072322010993958,0.6554986834526062,0.8436059951782227,-0.6322060227394104,0.985445499420166,0.3772805631160736,0.8731416463851929,-0.6718367338180542,0.7167335152626038,0.6755315661430359,0.8666273355484009,-0.6788501739501953,0.9629595279693604,0.35270628333091736,0.892329752445221,-0.7303675413131714,0.5026609897613525,0.6586283445358276,0.8729507327079773,-0.7095462679862976,0.9710060954093933,0.36013081669807434,0.8951689004898071,-0.7569501996040344,0.5705965757369995,0.6462922692298889,0.8685047626495361,-0.646968424320221,0.954181432723999,0.3751540780067444,0.8919514417648315,-0.6892187595367432,0.5286107659339905,0.5606650114059448,0.5830501317977905,0.01767585426568985,0.9999159574508667,0.48316487669944763,0.6053168773651123,-0.01775018312036991,0.9999172687530518,0.560693621635437,0.6881221532821655,0.4263249933719635,0.05901648849248886,0.49928992986679077,0.833914041519165,0.09182684868574142,0.3635926842689514,0.5506181120872498,0.738068163394928,0.8407723307609558,0.0678466260433197,0.5032585859298706,0.747998833656311,0.518046498298645,0.05447032302618027,0.5456146001815796,0.7183058261871338,0.8805010914802551,0.048585668206214905,0.5045355558395386,0.7264494299888611,0.5651169419288635,0.044399674981832504,0.5502040386199951,0.8248498439788818,0.8267720341682434,0.1155996173620224,0.5114759802818298,0.82844477891922,0.5228914022445679,0.12909552454948425
0.49459242820739746,0.4239136278629303,-0.7728554010391235,0.9995132088661194,0.5063735246658325,0.3910615146160126,-0.7712111473083496,0.9994949102401733,0.5136549472808838,0.38831934332847595,-0.7715596556663513,0.9994215965270996,0.5197323560714722,0.38448986411094666,-0.771574079990387,0.9995208978652954,0.48871439695358276,0.3903844952583313,-0.7687383890151978,0.9996066093444824,0.4837137758731842,0.38711947202682495,-0.7690573334693909,0.9996209144592285,0.47915178537368774,0.383116751909256,-0.7693747282028198,0.9997463226318359,0.5379725694656372,0.35555627942085266,-0.6700292825698853,0.9996115565299988,0.47676295042037964,0.35883212089538574,-0.6582082509994507,0.9995660781860352,0.5100399851799011,0.43856367468833923,-0.7245879173278809,0.9993031620979309,0.49013248085975647,0.4358491599559784,-0.7228302955627441,0.9992330074310303,0.5955838561058044,0.4144340455532074,-0.5446728467941284,0.9999228715896606,0.444101482629776,0.4710761308670044,-0.5449070334434509,0.999820351600647,0.6272976398468018,0.6217381954193115,-0.5629817247390747,0.9824428558349609,0.41801077127456665,0.6704981327056885,-0.5867904424667358,0.8124035596847534,0.6555110812187195,0.8433609008789062,-0.6315104365348816,0.985817015171051,0.37724223732948303,0.8730900883674622,-0.6701503396034241,0.7107888460159302,0.6756042242050171,0.8666253089904785,-0.6780785322189331,0.9634230732917786,0.3529759347438812,0.8922826051712036,-0.7282660007476807,0.491823673248291,0.6585980653762817,0.8729085922241211,-0.7084532976150513,0.9714624881744385,0.3601457476615906,0.8952863812446594,-0.7550431489944458,0.5607855916023254,0.646240234375,0.8683997392654419,-0.6460427641868591,0.954992413520813,0.3751484751701355,0.892014741897583,-0.6875420212745667,0.5186488628387451,0.5608111023902893,0.5830639600753784,0.017639189958572388,0.9999221563339233,0.4834066927433014,0.6052295565605164,-0.01771506853401661,0.9999222755432129,0.5606426000595093,0.6882868409156799,0.4230688512325287,0.058746710419654846,0.4992690980434418,0.8338735103607178,0.08463169634342194,0.3724400997161865,0.550854504108429,0.7377929091453552,0.8379175066947937,0.06634272634983063,0.5031274557113647,0.7478764653205872,0.5114052891731262,0.05640314891934395,0.5456992983818054,0.7182217240333557,0.8777481913566589,0.04624393209815025,0.5045561194419861,0.7261422276496887,0.5586692690849304,0.04529958963394165,0.5502509474754333,0.8248427510261536,0.8247828483581543,0.11488478630781174,0.5112521052360535,0.8284749984741211,0.5177134275436401,0.13283255696296692
0.49506086111068726,0.4239201843738556,-0.7719382047653198,0.999539852142334,0.5069154500961304,0.3910680115222931,-0.7702621221542358,0.9995316863059998,0.5141104459762573,0.3883376121520996,-0.7706119418144226,0.9994604587554932,0.5201507806777954,0.38453781604766846,-0.7706288695335388,0.9995580911636353,0.48924797773361206,0.39038795232772827,-0.7680201530456543,0.9996307492256165,0.484248548746109,0.3871307075023651,-0.7683395147323608,0.9996352195739746,0.47960934042930603,0.38312530517578125,-0.7686586976051331,0.9997555017471313,0.5383512377738953,0.3556813597679138,-0.6689355969429016,0.9996434450149536,0.47694721817970276,0.3588406443595886,-0.6581248044967651,0.9995856285095215,0.5104144811630249,0.438562273979187,-0.723642110824585,0.9993335008621216,0.4904632568359375,0.4358663260936737,-0.7221928834915161,0.999251663684845,0.5956878662109375,0.4144863486289978,-0.5433083176612854,0.9999294877052307,0.44417238235473633,0.4710415005683899,-0.5448583960533142,0.9998177886009216,0.627367377281189,0.6218766570091248,-0.5608950853347778,0.9834051132202148,0.41801363229751587,0.6704423427581787,-0.5864861011505127,0.817828357219696,0.65550696849823,0.8431036472320557,-0.6291744709014893,0.9861467480659485,0.3772028386592865,0.8730794191360474,-0.669590413570404,0.7064416408538818,0.6756223440170288,0.8666054606437683,-0.6755169630050659,0.9638236165046692,0.35321053862571716,0.8922327756881714,-0.7276138663291931,0.48292481899261475,0.6585391759872437,0.8728395104408264,-0.706187903881073,0.9718572497367859,0.36016151309013367,0.8953768610954285,-0.7542825937271118,0.5528168082237244,0.6461566090583801,0.8682655096054077,-0.6439114212989807,0.9557061791419983,0.3751492500305176,0.8920403122901917,-0.6869159936904907,0.51042640209198,0.5610246062278748,0.5831605792045593,0.017601758241653442,0.9999276995658875,0.4837215542793274,0.6051425933837891,-0.017679261043667793,0.999926745891571,0.5606359243392944,0.6883144378662109,0.42103585600852966,0.05863814800977707,0.499248206615448,0.8337945938110352,0.08574472367763519,0.37993738055229187,0.5510185956954956,0.7377428412437439,0.8359905481338501,0.06504920870065689,0.5030803084373474,0.7478517889976501,0.5124269127845764,0.05820677429437637,0.5457814335823059,0.7182310223579407,0.8758670687675476,0.044176291674375534,0.504583477973938,0.726068377494812,0.5596283674240112,0.04610121250152588,0.550287663936615,0.8248376846313477,0.8232995867729187,0.11434109508991241,0.5111433267593384,0.8286174535751343,0.5180507302284241,0.13617806136608124
0.4953893721103668,0.4239163398742676,-0.7712510824203491,0.9995653033256531,0.5073015093803406,0.39105457067489624,-0.7695011496543884,0.9995656609535217,0.5144364237785339,0.38833269476890564,-0.7698516249656677,0.999496579170227,0.5204551815986633,0.38454118371009827,-0.7698689699172974,0.9995921850204468,0.4896151125431061,0.39038679003715515,-0.7673596739768982,0.9996535181999207,0.4846273958683014,0.38713693618774414,-0.7676791548728943,0.9996497631072998,0.4799517095088959,0.38313284516334534,-0.7679988145828247,0.9997648596763611,0.538689136505127,0.3557576537132263,-0.6679933667182922,0.9996724128723145,0.47712764143943787,0.3588646352291107,-0.6577669978141785,0.9996047616004944,0.51071697473526,0.43853530287742615,-0.722942054271698,0.9993624687194824,0.4907291829586029,0.4358896017074585,-0.7216373682022095,0.9992712140083313,0.5958004593849182,0.4145286977291107,-0.5423440933227539,0.9999354481697083,0.44422560930252075,0.4710352122783661,-0.5445300936698914,0.9998158812522888,0.6274580359458923,0.6220340132713318,-0.5597893595695496,0.9842426180839539,0.41802945733070374,0.6703888177871704,-0.5861392021179199,0.8227985501289368,0.6555031538009644,0.8429026007652283,-0.6279414296150208,0.9864048957824707,0.37719401717185974,0.873049259185791,-0.6690331101417542,0.7034486532211304,0.6756386756896973,0.8665868043899536,-0.6740599274635315,0.9640945792198181,0.35337960720062256,0.8922151923179626,-0.7269498109817505,0.4759587049484253,0.6585044860839844,0.8727774024009705,-0.7048946022987366,0.9721456170082092,0.3601757884025574,0.8953667283058167,-0.7536489367485046,0.5467414259910583,0.6460772156715393,0.8681504130363464,-0.6427861452102661,0.9562537670135498,0.3751511573791504,0.8920221924781799,-0.6863548159599304,0.5040783882141113,0.56128990650177,0.5831699967384338,0.017556961625814438,0.9999327063560486,0.4840267598628998,0.6051146388053894,-0.01763564720749855,0.9999308586120605,0.5605849027633667,0.6881272196769714,0.42066121101379395,0.05874282866716385,0.4992259442806244,0.8337031602859497,0.08619681000709534,0.3877449631690979,0.5511575937271118,0.7374982833862305,0.8348627090454102,0.06422499567270279,0.5030604004859924,0.7477966547012329,0.511433482170105,0.06035074591636658,0.5458493828773499,0.7181586623191833,0.8746716380119324,0.04245889186859131,0.504609227180481,0.7259112596511841,0.5584734678268433,0.047170694917440414,0.5503160953521729,0.8248303532600403,0.8224342465400696,0.1145206168293953,0.5110651254653931,0.8286588191986084,0.5168382525444031,0.14021964371204376
0.49549373984336853,0.4238888621330261,-0.771431028842926,0.9995936751365662,0.5074728727340698,0.39101260900497437,-0.7696744203567505,0.999599814414978,0.5145822763442993,0.3883095681667328,-0.7700247764587402,0.9995340704917908,0.5205936431884766,0.3845403492450714,-0.7700411081314087,0.9996255040168762,0.4897755980491638,0.39035627245903015,-0.7675238251686096,0.999677836894989,0.4848005771636963,0.3871334493160248,-0.7678442001342773,0.9996688961982727,0.4801291525363922,0.38314127922058105,-0.768163800239563,0.9997772574424744,0.538891613483429,0.3558695912361145,-0.6680547595024109,0.9997004270553589,0.4773263931274414,0.35887598991394043,-0.6578463912010193,0.9996281862258911,0.5107880234718323,0.43852537870407104,-0.7230731844902039,0.9993969202041626,0.49085068702697754,0.4359097480773926,-0.721770167350769,0.9993004202842712,0.5959697961807251,0.4145277738571167,-0.5423161387443542,0.9999408721923828,0.4443856179714203,0.47091221809387207,-0.5444337725639343,0.9998161196708679,0.6276205778121948,0.6220926642417908,-0.5596432685852051,0.9851403832435608,0.41805601119995117,0.6703363656997681,-0.5870136618614197,0.8290414214134216,0.6554997563362122,0.8427284359931946,-0.627632200717926,0.9868075251579285,0.3771856129169464,0.8730238080024719,-0.6704496145248413,0.7043012976646423,0.6756571531295776,0.8665568828582764,-0.6736859083175659,0.9648116827011108,0.35343408584594727,0.8921458721160889,-0.7287524342536926,0.4739074409008026,0.6584927439689636,0.872712254524231,-0.7044420838356018,0.9727674722671509,0.36016812920570374,0.895356297492981,-0.7551575899124146,0.5454506874084473,0.6460261940956116,0.8680269718170166,-0.6423908472061157,0.95731520652771,0.37480875849723816,0.8920251727104187,-0.6877154111862183,0.5024258494377136,0.5615242123603821,0.5834254622459412,0.0175216943025589,0.9999375343322754,0.48433709144592285,0.6050369739532471,-0.017601337283849716,0.99993497133255,0.5605233907699585,0.688108503818512,0.42572593688964844,0.060833290219306946,0.49906545877456665,0.828553318977356,0.10145286470651627,0.40012529492378235,0.5513150095939636,0.7373707294464111,0.8390567898750305,0.06540398299694061,0.5029696226119995,0.7477976679801941,0.5254443883895874,0.06462468951940536,0.5458656549453735,0.7181277871131897,0.8787039518356323,0.04178353771567345,0.5045902729034424,0.7259873151779175,0.5721462965011597,0.049468401819467545,0.550338864326477,0.824826717376709,0.8241620063781738,0.11855985224246979,0.5109764337539673,0.8287564516067505,0.5284249782562256,0.14851035177707672
0.4954648017883301,0.42382121086120605,-0.7730234265327454,0.9996193051338196,0.5075057744979858,0.39098840951919556,-0.7715568542480469,0.9996305108070374,0.5146088600158691,0.38830044865608215,-0.7719074487686157,0.9995678067207336,0.5206226110458374,0.38454389572143555,-0.7719233632087708,0.9996554851531982,0.48980221152305603,0.3903301954269409,-0.7690740823745728,0.9996998310089111,0.48483210802078247,0.3871253430843353,-0.7693962454795837,0.999686598777771,0.4801848530769348,0.38313591480255127,-0.7697156667709351,0.999788761138916,0.5389596223831177,0.35607337951660156,-0.6698423624038696,0.9997257590293884,0.4774321913719177,0.35887405276298523,-0.6583652496337891,0.9996499419212341,0.5107466578483582,0.43852224946022034,-0.7245186567306519,0.9994297623634338,0.4908640384674072,0.43591150641441345,-0.7227901220321655,0.9993299245834351,0.5961481332778931,0.41451093554496765,-0.5425223708152771,0.9999458193778992,0.44458097219467163,0.47053325176239014,-0.5449710488319397,0.9998181462287903,0.6277695894241333,0.6220910549163818,-0.5594915151596069,0.9860643148422241,0.4181445240974426,0.670265257358551,-0.5884055495262146,0.8368909955024719,0.6554967164993286,0.8425604104995728,-0.6274685859680176,0.9873061180114746,0.37720075249671936,0.8728501200675964,-0.6731587052345276,0.7092485427856445,0.6756801605224609,0.8665367960929871,-0.6733968257904053,0.9657859206199646,0.35378551483154297,0.8919063806533813,-0.732582151889801,0.47669166326522827,0.6584652662277222,0.8726505041122437,-0.7041055560112,0.9735761284828186,0.36032819747924805,0.8951770067214966,-0.7586590051651001,0.5487216114997864,0.6460142135620117,0.8679176568984985,-0.6422704458236694,0.9586295485496521,0.3748653531074524,0.891888439655304,-0.6903601884841919,0.5050470232963562,0.5617926120758057,0.5837199091911316,0.017493747174739838,0.9999420642852783,0.484575092792511,0.604992151260376,-0.01757408306002617,0.9999390244483948,0.5604049563407898,0.6880602240562439,0.4284445643424988,0.06394049525260925,0.49895191192626953,0.8250178694725037,0.11556617170572281,0.41254302859306335,0.5513409972190857,0.7371384501457214,0.8483139276504517,0.06677108258008957,0.5029793977737427,0.7477567791938782,0.5466766953468323,0.06881962716579437,0.5459102988243103,0.717933714389801,0.8886283040046692,0.04124968498945236,0.504604697227478,0.7259953618049622,0.5939330458641052,0.05149166285991669,0.5503442287445068,0.8248182535171509,0.8307914733886719,0.12302262336015701,0.510975182056427,0.8288736343383789,0.5473386645317078,0.15689052641391754
0.49554237723350525,0.42360204458236694,-0.7747659087181091,0.9996424913406372,0.5076407194137573,0.39096590876579285,-0.7734495401382446,0.9996581673622131,0.5147277116775513,0.38828158378601074,-0.7737982273101807,0.9995979070663452,0.5207229852676392,0.38454127311706543,-0.7738128900527954,0.9996824860572815,0.4899113178253174,0.39031270146369934,-0.7708608508110046,0.9997197389602661,0.4849490225315094,0.38711875677108765,-0.7711829543113708,0.9997024536132812,0.4803163409233093,0.3831239342689514,-0.7715019583702087,0.999799370765686,0.5390524864196777,0.35621100664138794,-0.6718995571136475,0.9997482895851135,0.47764506936073303,0.3588239550590515,-0.6599409580230713,0.9996694326400757,0.5107403993606567,0.4383736848831177,-0.7262874245643616,0.999458909034729,0.4910126328468323,0.43581271171569824,-0.7244030833244324,0.999356746673584,0.5964013338088989,0.41450321674346924,-0.5433653593063354,0.9999502897262573,0.4449419379234314,0.4704029858112335,-0.5463950037956238,0.9998215436935425,0.6279242038726807,0.6220177412033081,-0.5593859553337097,0.9867710471153259,0.4182572364807129,0.6701763868331909,-0.5897838473320007,0.8430114388465881,0.6555123925209045,0.8424365520477295,-0.6274300813674927,0.9875549674034119,0.37719792127609253,0.8728276491165161,-0.6743751764297485,0.7120468616485596,0.6757543087005615,0.8665279746055603,-0.6732367277145386,0.9661004543304443,0.3541714549064636,0.8917083740234375,-0.7339110374450684,0.47686561942100525,0.6584382057189941,0.8725989460945129,-0.7038818001747131,0.9738712310791016,0.3604447841644287,0.8950568437576294,-0.7600228786468506,0.5493727922439575,0.6459729671478271,0.867850661277771,-0.6421473622322083,0.9591298699378967,0.3748687207698822,0.891754686832428,-0.6915561556816101,0.5049443244934082,0.5620424151420593,0.5838104486465454,0.017488699406385422,0.9999461770057678,0.4846958518028259,0.6049700975418091,-0.017569418996572495,0.9999427795410156,0.5602747201919556,0.6880099773406982,0.4282531142234802,0.06455270946025848,0.4989115297794342,0.8250738382339478,0.10562364012002945,0.41907528042793274,0.5514029860496521,0.7365353107452393,0.849165141582489,0.06614945828914642,0.5029899477958679,0.747648298740387,0.5377543568611145,0.07025077193975449,0.5458921194076538,0.717743992805481,0.8896255493164062,0.04000065103173256,0.5046131610870361,0.7257686853408813,0.5853569507598877,0.05207729712128639,0.5503333806991577,0.8248021602630615,0.8336458206176758,0.12370648235082626,0.5109742879867554,0.829024076461792,0.5414621829986572,0.16042251884937286
0.49574407935142517,0.42358827590942383,-0.7815028429031372,0.9996628761291504,0.5078522562980652,0.3910054564476013,-0.7801716923713684,0.9996826648712158,0.5148853063583374,0.388322114944458,-0.7805193662643433,0.9996246099472046,0.5208336710929871,0.38461029529571533,-0.7805317044258118,0.9997064471244812,0.49002060294151306,0.39033979177474976,-0.777747631072998,0.9997373819351196,0.4850393235683441,0.38715431094169617,-0.7780695557594299,0.9997165203094482,0.4804118275642395,0.3831561207771301,-0.7783889770507812,0.9998087882995605,0.5390993356704712,0.35651737451553345,-0.6776102185249329,0.9997684359550476,0.47784367203712463,0.35885369777679443,-0.6663099527359009,0.999687135219574,0.5107678174972534,0.4383375346660614,-0.7325353622436523,0.9994849562644958,0.49121347069740295,0.43581607937812805,-0.7308387756347656,0.999380886554718,0.596595823764801,0.41447117924690247,-0.5472940802574158,0.999954342842102,0.44514337182044983,0.4704364240169525,-0.5505361557006836,0.9998249411582947,0.6280837059020996,0.6219030022621155,-0.5615997910499573,0.9874222278594971,0.41831526160240173,0.6701347827911377,-0.593143880367279,0.8494706153869629,0.6555200815200806,0.8422447443008423,-0.6296721696853638,0.9877991080284119,0.3771893084049225,0.8727315068244934,-0.6781736612319946,0.7167357206344604,0.6758140325546265,0.8665105104446411,-0.6768411993980408,0.966461181640625,0.3542852997779846,0.8914899230003357,-0.7383739948272705,0.4799515902996063,0.6584287881851196,0.8725138902664185,-0.7078716158866882,0.9741926193237305,0.36050042510032654,0.8949110507965088,-0.764528214931488,0.5527610778808594,0.6459447741508484,0.8677539229393005,-0.6446183323860168,0.9596419334411621,0.3748715817928314,0.8915684819221497,-0.695374608039856,0.5074757933616638,0.5623161792755127,0.5838050842285156,0.01747467741370201,0.9999499917030334,0.4848823547363281,0.604939877986908,-0.01755610480904579,0.9999462962150574,0.5602700710296631,0.687624990940094,0.4297621250152588,0.0655706599354744,0.49886369705200195,0.8251779079437256,0.10609862953424454,0.42636412382125854,0.5514513254165649,0.7360414266586304,0.8562098741531372,0.06601861119270325,0.5029956698417664,0.7475240230560303,0.5448542833328247,0.0721922218799591,0.5458093881607056,0.7175737023353577,0.8972601890563965,0.03901081532239914,0.5047050714492798,0.7254646420478821,0.5931475162506104,0.052967920899391174,0.5503427386283875,0.8247791528701782,0.8408650159835815,0.12518666684627533,0.510989785194397,0.8293918967247009,0.5486654043197632,0.1649349480867386
0.49590808153152466,0.4235042929649353,-0.7836430072784424,0.9996835589408875,0.5080291032791138,0.3910031318664551,-0.7822939157485962,0.9997062683105469,0.5150339603424072,0.38832011818885803,-0.7826436161994934,0.9996509552001953,0.5209641456604004,0.3846190869808197,-0.7826533317565918,0.9997292160987854,0.4901939332485199,0.39035627245903015,-0.779960036277771,0.9997549653053284,0.4852224290370941,0.3871951699256897,-0.7802819013595581,0.9997321367263794,0.4805922508239746,0.38320794701576233,-0.7805995941162109,0.9998190402984619,0.5392429828643799,0.356807678937912,-0.6793503165245056,0.9997875690460205,0.4780515730381012,0.3589036166667938,-0.6684401631355286,0.999705970287323,0.5108786821365356,0.4382825195789337,-0.7345073819160461,0.9995146989822388,0.49144667387008667,0.4358048439025879,-0.7329219579696655,0.999411404132843,0.5967721939086914,0.41445258259773254,-0.5483716726303101,0.9999580383300781,0.4454933702945709,0.47045546770095825,-0.5519018173217773,0.9998287558555603,0.6282371282577515,0.6218323707580566,-0.5615329146385193,0.9881608486175537,0.41843605041503906,0.6700525879859924,-0.5942254066467285,0.8570104241371155,0.6555479168891907,0.8421672582626343,-0.6298241019248962,0.9882872104644775,0.37718290090560913,0.8726083636283875,-0.6798234581947327,0.7246579527854919,0.67589271068573,0.8665007948875427,-0.6777130961418152,0.9675444960594177,0.3543151021003723,0.891304612159729,-0.7403873205184937,0.48800504207611084,0.6583877205848694,0.8724658489227295,-0.7091507315635681,0.9750655293464661,0.36054977774620056,0.8947694301605225,-0.7666171193122864,0.5607958436012268,0.6459161043167114,0.86771559715271,-0.644973874092102,0.9610180854797363,0.374877393245697,0.8913769125938416,-0.6970673203468323,0.5148195624351501,0.5625486969947815,0.5838170647621155,0.017468344420194626,0.9999537467956543,0.48523443937301636,0.6048526167869568,-0.017550144344568253,0.9999499320983887,0.5602878928184509,0.6871369481086731,0.4319608807563782,0.07128915190696716,0.4986608624458313,0.8223024010658264,0.12902647256851196,0.4417959451675415,0.5514888167381287,0.7359534502029419,0.8587355613708496,0.07164528965950012,0.503003716468811,0.7475553154945374,0.5671971440315247,0.08075784146785736,0.5457916259765625,0.7175754308700562,0.8995567560195923,0.04039124399423599,0.5047388076782227,0.7255903482437134,0.6148669123649597,0.05711227282881737,0.5503721833229065,0.8247746229171753,0.838204562664032,0.13708698749542236,0.5109845399856567,0.8299594521522522,0.5630384683609009,0.1807372123003006
0.4962276518344879,0.42315253615379333,-0.783332347869873,0.9997041821479797,0.5084403157234192,0.39068686962127686,-0.7818306684494019,0.999728798866272,0.5154145359992981,0.38799357414245605,-0.7821800112724304,0.9996763467788696,0.5212985873222351,0.38441163301467896,-0.7821897864341736,0.9997507333755493,0.49049028754234314,0.39027121663093567,-0.7796286344528198,0.9997721314430237,0.48552194237709045,0.38717302680015564,-0.7799498438835144,0.9997479915618896,0.48084989190101624,0.3832045793533325,-0.7802666425704956,0.9998294711112976,0.5394906401634216,0.3568212389945984,-0.6788238286972046,0.9998053312301636,0.4781789779663086,0.35890933871269226,-0.6685441732406616,0.9997245669364929,0.5114744901657104,0.437906950712204,-0.7342377305030823,0.9995432496070862,0.4917503297328949,0.43575960397720337,-0.732843279838562,0.9994412660598755,0.597110390663147,0.41435012221336365,-0.5487695336341858,0.9999614357948303,0.44583234190940857,0.4703729748725891,-0.5519022345542908,0.9998324513435364,0.6283327341079712,0.6218324303627014,-0.5619491934776306,0.9888073205947876,0.41863012313842773,0.6699777245521545,-0.594463050365448,0.8633414506912231,0.6555622816085815,0.8421282172203064,-0.6298311352729797,0.9887036085128784,0.3772108554840088,0.8718733787536621,-0.680023193359375,0.7318702936172485,0.6759325265884399,0.8664993047714233,-0.6776363253593445,0.9684764742851257,0.3544602394104004,0.8910241723060608,-0.7402805685997009,0.4957537055015564,0.6583782434463501,0.8724283576011658,-0.7089848518371582,0.9758173823356628,0.36092954874038696,0.894381046295166,-0.7665654420852661,0.5685660243034363,0.6458883881568909,0.8676837682723999,-0.6449536085128784,0.9622032642364502,0.37511372566223145,0.8907395005226135,-0.6972798109054565,0.5220359563827515,0.5628032684326172,0.58387690782547,0.017456453293561935,0.9999569058418274,0.4854765832424164,0.6048316359519958,-0.017537379637360573,0.9999529123306274,0.560288667678833,0.6871287822723389,0.43238958716392517,0.07431472837924957,0.498636394739151,0.8221653699874878,0.11763515323400497,0.45432716608047485,0.5514959096908569,0.7359417676925659,0.8570398092269897,0.07389537990093231,0.5030111074447632,0.7474214434623718,0.5519706606864929,0.08556067943572998,0.5457230806350708,0.717572033405304,0.8977327346801758,0.04063103720545769,0.5048329830169678,0.72551029920578,0.5995555520057678,0.059695277363061905,0.5503805875778198,0.8247696161270142,0.8390580415725708,0.14273647964000702,0.5109938979148865,0.8301337361335754,0.552323579788208,0.19024541974067688
0.4962994456291199,0.42303818464279175,-0.7850278615951538,0.9997206926345825,0.5085112452507019,0.3906639814376831,-0.7837536931037903,0.9997478723526001,0.5155080556869507,0.38798704743385315,-0.784102737903595,0.9996975660324097,0.5214071869850159,0.3844150900840759,-0.784112811088562,0.9997690916061401,0.4905560612678528,0.3902192711830139,-0.781243622303009,0.9997862577438354,0.48561519384384155,0.3871464133262634,-0.7815657258033752,0.9997602105140686,0.4809691905975342,0.3831888437271118,-0.7818830609321594,0.9998374581336975,0.5396142601966858,0.3571956157684326,-0.6809779405593872,0.9998207092285156,0.47844967246055603,0.3589434325695038,-0.6693848371505737,0.9997392296791077,0.5116785764694214,0.4378260672092438,-0.7359620332717896,0.9995644688606262,0.4917882978916168,0.435758501291275,-0.7341753244400024,0.9994615316390991,0.5973833799362183,0.4141885042190552,-0.5511292219161987,0.9999643564224243,0.4463943839073181,0.46947526931762695,-0.5523999333381653,0.9998344779014587,0.6284725666046143,0.6218411922454834,-0.565855860710144,0.9893735647201538,0.41882768273353577,0.6699583530426025,-0.5953641533851624,0.8683812618255615,0.6555829644203186,0.842083752155304,-0.6344095468521118,0.9889620542526245,0.3772123157978058,0.8714761734008789,-0.6810447573661804,0.7356136441230774,0.675969123840332,0.8664968609809875,-0.6827774047851562,0.9689731597900391,0.3544650375843048,0.8907774090766907,-0.7413493990898132,0.4987892508506775,0.6583582758903503,0.8723868727684021,-0.7140258550643921,0.9762332439422607,0.36111992597579956,0.8941313028335571,-0.7676107287406921,0.5717151165008545,0.6458576321601868,0.8676509261131287,-0.6495773196220398,0.9628694653511047,0.3753144443035126,0.8903012871742249,-0.6983235478401184,0.5248042345046997,0.5631020665168762,0.5841076970100403,0.01721677929162979,0.9999598264694214,0.4859641194343567,0.6047403216362,-0.017296036705374718,0.9999556541442871,0.5603024959564209,0.6870657205581665,0.4318799078464508,0.07721798866987228,0.4985305666923523,0.8214958310127258,0.1213957667350769,0.46421557664871216,0.5515173673629761,0.7358683943748474,0.8579260110855103,0.07546445727348328,0.5030177235603333,0.7474489212036133,0.5568403005599976,0.08954061567783356,0.5457318425178528,0.717531681060791,0.8988440632820129,0.040580864995718,0.5048857927322388,0.7255715131759644,0.6044856309890747,0.06171193718910217,0.5503848195075989,0.8247644305229187,0.8402451276779175,0.1469285786151886,0.5109854936599731,0.8303943276405334,0.5568693280220032,0.19807438552379608
0.49647989869117737,0.42300036549568176,-0.7844849228858948,0.999738335609436,0.5087763071060181,0.3905981183052063,-0.7830408811569214,0.9997668266296387,0.5158212184906006,0.38794127106666565,-0.7833904027938843,0.9997190833091736,0.5217461585998535,0.3843989372253418,-0.7834012508392334,0.9997870326042175,0.49075278639793396,0.39016470313072205,-0.7807693481445312,0.9998008012771606,0.485861212015152,0.387123703956604,-0.7810919284820557,0.9997739791870117,0.48124441504478455,0.3831799030303955,-0.7814106345176697,0.9998464584350586,0.5400893688201904,0.3572975993156433,-0.6801682114601135,0.9998353719711304,0.47887152433395386,0.3589686453342438,-0.669121265411377,0.9997549653053284,0.5120553374290466,0.43774113059043884,-0.735315203666687,0.9995885491371155,0.49198469519615173,0.4358033835887909,-0.7338359951972961,0.9994865655899048,0.5981277227401733,0.41415104269981384,-0.5508538484573364,0.9999670386314392,0.44741034507751465,0.46828964352607727,-0.5521490573883057,0.9998376965522766,0.6286736726760864,0.6218641400337219,-0.5665625333786011,0.9898951053619385,0.41932249069213867,0.6698051691055298,-0.5949116945266724,0.8729772567749023,0.6556103825569153,0.8420645594596863,-0.635108470916748,0.9892176985740662,0.37728118896484375,0.8707025051116943,-0.6800991296768188,0.7389676570892334,0.675980269908905,0.8664978742599487,-0.6832191348075867,0.9694834351539612,0.3548412322998047,0.8906866908073425,-0.7401050329208374,0.5013441443443298,0.6583422422409058,0.8723757266998291,-0.7142382860183716,0.9766615033149719,0.362112820148468,0.8939532041549683,-0.7664576768875122,0.5744680762290955,0.6458350419998169,0.8676406145095825,-0.6501591801643372,0.9635588526725769,0.37598928809165955,0.8898241519927979,-0.6973831653594971,0.5273193717002869,0.5634812116622925,0.5839691162109375,0.01673630252480507,0.9999623894691467,0.48641592264175415,0.6035787463188171,-0.01681589148938656,0.9999580979347229,0.5602943301200867,0.6871017217636108,0.43113112449645996,0.07936752587556839,0.49842602014541626,0.8207604885101318,0.12188254296779633,0.47259995341300964,0.5515316724777222,0.7358185052871704,0.8536598086357117,0.07685834169387817,0.5030173063278198,0.7474543452262878,0.5509244203567505,0.09366393089294434,0.5457395315170288,0.7175085544586182,0.8940941691398621,0.040603309869766235,0.504898190498352,0.7256171107292175,0.5981106162071228,0.06390662491321564,0.5503920912742615,0.8247281312942505,0.8345675468444824,0.15078216791152954,0.5109726190567017,0.8305549621582031,0.5514651536941528,0.20593564212322235
