x1,y1,z1,v1,x2,y2,z2,v2,x3,y3,z3,v3,x4,y4,z4,v4,x5,y5,z5,v5,x6,y6,z6,v6,x7,y7,z7,v7,x8,y8,z8,v8,x9,y9,z9,v9,x10,y10,z10,v10,x11,y11,z11,v11,x12,y12,z12,v12,x13,y13,z13,v13,x14,y14,z14,v14,x15,y15,z15,v15,x16,y16,z16,v16,x17,y17,z17,v17,x18,y18,z18,v18,x19,y19,z19,v19,x20,y20,z20,v20,x21,y21,z21,v21,x22,y22,z22,v22,x23,y23,z23,v23,x24,y24,z24,v24,x25,y25,z25,v25,x26,y26,z26,v26,x27,y27,z27,v27,x28,y28,z28,v28,x29,y29,z29,v29,x30,y30,z30,v30,x31,y31,z31,v31,x32,y32,z32,v32,x33,y33,z33,v33
0.45525866746902466,0.3187502324581146,0.01561557687819004,0.9997374415397644,0.4661382734775543,0.32077664136886597,0.030748287215828896,0.9997314810752869,0.4675774574279785,0.3273891508579254,0.030445799231529236,0.9996830821037292,0.46931129693984985,0.33457815647125244,0.03044578991830349,0.9997390508651733,0.4605623185634613,0.3092345595359802,0.02170545980334282,0.9998378753662109,0.45820894837379456,0.30778375267982483,0.021488692611455917,0.9998595118522644,0.45562267303466797,0.3060418367385864,0.021382972598075867,0.9999030828475952,0.4602643847465515,0.37321117520332336,0.09084440767765045,0.9997438788414001,0.44153648614883423,0.3356234133243561,0.0289677195250988,0.9997609257698059,0.44427603483200073,0.3552430272102356,0.02533004619181156,0.9992256164550781,0.43817663192749023,0.33964115381240845,0.015927568078041077,0.999496579170227,0.42449069023132324,0.46923941373825073,0.09612274169921875,0.9999135732650757,0.3844112157821655,0.46086812019348145,0.014309448190033436,0.9999764561653137,0.41151803731918335,0.5140864253044128,0.08931021392345428,0.5296090841293335,0.37827208638191223,0.4857061207294464,-0.026389863342046738,0.8626067042350769,0.4045807421207428,0.43442001938819885,0.03880080580711365,0.5797983407974243,0.36512768268585205,0.4150794446468353,-0.021554309874773026,0.8547759056091309,0.40643325448036194,0.413939505815506,0.02621595188975334,0.5912222266197205,0.35840192437171936,0.3956521451473236,-0.03364883363246918,0.8505664467811584,0.4055187702178955,0.4057978391647339,0.013935131952166557,0.5863151550292969,0.36396950483322144,0.3849363923072815,-0.038210395723581314,0.8490927815437317,0.40225425362586975,0.4143345355987549,0.03189283236861229,0.5661870241165161,0.3669334053993225,0.390735000371933,-0.024394292384386063,0.8298056721687317,0.45467609167099,0.615340530872345,0.034947700798511505,0.9998981952667236,0.4337673783302307,0.6347383856773376,-0.035231806337833405,0.9999219179153442,0.541637122631073,0.5583810806274414,-0.053847022354602814,0.5336283445358276,0.4279819428920746,0.5541328191757202,-0.19770115613937378,0.9198853969573975,0.6034644842147827,0.5208775997161865,-0.28093355894088745,0.4552173912525177,0.38269516825675964,0.47696274518966675,-0.3680550456047058,0.83583003282547,0.6109258532524109,0.5484620332717896,-0.30682694911956787,0.655631422996521,0.38373076915740967,0.4895152747631073,-0.38024234771728516,0.878110408782959,0.6270418167114258,0.4344628155231476,-0.383028119802475,0.628666877746582,0.33690401911735535,0.39534059166908264,-0.45321741700172424,0.8431600332260132
0.48632678389549255,0.2558627724647522,-0.5467966794967651,0.9997634291648865,0.4982057511806488,0.2256910800933838,-0.5321034789085388,0.9997580051422119,0.5066419839859009,0.23006409406661987,-0.5325255990028381,0.9997142553329468,0.5101222395896912,0.23429693281650543,-0.5326047539710999,0.9997648596763611,0.48570284247398376,0.22045080363750458,-0.5298749208450317,0.9998538494110107,0.48225313425064087,0.21906211972236633,-0.5302573442459106,0.9998732805252075,0.4784836769104004,0.21860046684741974,-0.530424952507019,0.9999126195907593,0.5207594633102417,0.2618822455406189,-0.43864384293556213,0.9997690916061401,0.48095160722732544,0.23226287961006165,-0.43008676171302795,0.9997838735580444,0.4933745265007019,0.2906458079814911,-0.5091432929039001,0.9993004202842712,0.4819844365119934,0.28496718406677246,-0.5084605813026428,0.9995459318161011,0.5375973582267761,0.43179991841316223,-0.3538314700126648,0.9999158382415771,0.4316738545894623,0.3772161602973938,-0.3152162730693817,0.9999774098396301,0.5845203995704651,0.591073751449585,-0.2913404107093811,0.5007380247116089,0.40335536003112793,0.49179941415786743,-0.33873870968818665,0.8325135111808777,0.582645058631897,0.5225319266319275,-0.26326805353164673,0.5542603731155396,0.35405775904655457,0.41804251074790955,-0.40940767526626587,0.8621651530265808,0.6009560823440552,0.50129234790802,-0.2715769112110138,0.5600787401199341,0.3264312148094177,0.3941774070262909,-0.28271564841270447,0.8564659357070923,0.611760675907135,0.4681330919265747,-0.30089327692985535,0.5553127527236938,0.34038475155830383,0.3849950134754181,-0.3794557452201843,0.8557966351509094,0.6013259291648865,0.4756731390953064,-0.2745971083641052,0.5389279127120972,0.3516994118690491,0.3897455930709839,-0.42100635170936584,0.8356534838676453,0.5425055623054504,0.5980175733566284,-0.021513350307941437,0.9998887777328491,0.4962126314640045,0.5848631262779236,0.02100137248635292,0.9999066591262817,0.6578091382980347,0.71990567445755,-0.1503634750843048,0.5193427801132202,0.50238037109375,0.6284877061843872,0.13275618851184845,0.8281086683273315,0.6215716600418091,0.6756700873374939,0.010654346086084843,0.4114072918891907,0.4398316442966461,0.5927450656890869,0.33209365606307983,0.7523947954177856,0.6116207242012024,0.6802948117256165,0.028997663408517838,0.5954617261886597,0.44281306862831116,0.6084988713264465,0.35420486330986023,0.7909289002418518,0.6218406558036804,0.6554227471351624,0.023771168664097786,0.5686891078948975,0.38685718178749084,0.5688626766204834,0.3813980519771576,0.7591871023178101
0.48811522126197815,0.24498388171195984,-0.5876865386962891,0.9997852444648743,0.5020290613174438,0.2125464528799057,-0.5824369192123413,0.999779224395752,0.5098150372505188,0.21510764956474304,-0.582862138748169,0.9997398853302002,0.5180608034133911,0.22021372616291046,-0.5829674005508423,0.9997854828834534,0.48780569434165955,0.21019728481769562,-0.5725571513175964,0.9998667240142822,0.4844188690185547,0.20915086567401886,-0.572977602481842,0.9998847842216492,0.48123592138290405,0.20779678225517273,-0.5732468962669373,0.9999204874038696,0.5382803678512573,0.24892465770244598,-0.506889820098877,0.9997905492782593,0.4904100000858307,0.2204546332359314,-0.46504950523376465,0.9998039603233337,0.4973735213279724,0.28405582904815674,-0.5552563667297363,0.9993672966957092,0.4833351671695709,0.2809256911277771,-0.5447561740875244,0.9995902180671692,0.5695053339004517,0.43089213967323303,-0.40234002470970154,0.9999174475669861,0.43915337324142456,0.41748908162117004,-0.36560752987861633,0.9999793171882629,0.6159968376159668,0.6601065993309021,-0.38445284962654114,0.5376724004745483,0.37568947672843933,0.6473343372344971,-0.4649837017059326,0.8462972044944763,0.6274849772453308,0.5410225987434387,-0.43972015380859375,0.5926738977432251,0.35034218430519104,0.4650595486164093,-0.7010120153427124,0.8758842945098877,0.633540153503418,0.5005193948745728,-0.4715255796909332,0.5991461277008057,0.3284367322921753,0.40745285153388977,-0.7545479536056519,0.8707489371299744,0.6400928497314453,0.4593820869922638,-0.4976353049278259,0.595057487487793,0.3494623303413391,0.3892063498497009,-0.7583932280540466,0.870151937007904,0.632522702217102,0.47738730907440186,-0.4520789682865143,0.5787674784660339,0.36346012353897095,0.39853721857070923,-0.709987223148346,0.8519912958145142,0.5698664784431458,0.6163030862808228,-0.010569649748504162,0.9998688101768494,0.5019394159317017,0.6133297681808472,0.010108980350196362,0.9998940825462341,0.649825930595398,0.7424063682556152,-0.1045173779129982,0.5412421226501465,0.491230309009552,0.7111727595329285,0.14879420399665833,0.752890944480896,0.6471479535102844,0.777356743812561,0.20260527729988098,0.37998220324516296,0.5180248618125916,0.7633352279663086,0.46068471670150757,0.679476261138916,0.6427220702171326,0.7895463109016418,0.2338661253452301,0.5553622841835022,0.5290230512619019,0.77823805809021,0.49431782960891724,0.7161601781845093,0.6682507395744324,0.7883991599082947,0.21752789616584778,0.5258965492248535,0.5068783164024353,0.7821276187896729,0.48965325951576233,0.6861142516136169
0.48685359954833984,0.24531309306621552,-0.4805026650428772,0.9998039603233337,0.5016140937805176,0.2146715521812439,-0.47383636236190796,0.9997957348823547,0.5087805986404419,0.21602624654769897,-0.47421973943710327,0.9997606873512268,0.5180364847183228,0.21860051155090332,-0.4742719531059265,0.9998013973236084,0.48858222365379333,0.21424704790115356,-0.46282950043678284,0.9998769164085388,0.4852343201637268,0.2145146280527115,-0.46323150396347046,0.9998943209648132,0.4818095564842224,0.21475349366664886,-0.4635147154331207,0.9999268651008606,0.5440123081207275,0.2468976378440857,-0.3914381265640259,0.9998084306716919,0.4930121898651123,0.23038102686405182,-0.3446548879146576,0.9998209476470947,0.4975021481513977,0.279178649187088,-0.44551849365234375,0.9994264245033264,0.4841671586036682,0.27734848856925964,-0.4336380362510681,0.9996293187141418,0.5762346386909485,0.42987364530563354,-0.2817850708961487,0.9999202489852905,0.44310975074768066,0.4270380139350891,-0.24677829444408417,0.9999808073043823,0.6307266354560852,0.7011557817459106,-0.308227002620697,0.553841233253479,0.3692212402820587,0.6543902158737183,-0.3450585603713989,0.8459767699241638,0.6411786079406738,0.5210522413253784,-0.42708247900009155,0.6246750354766846,0.3525187373161316,0.45877334475517273,-0.5695040225982666,0.8880627155303955,0.6352030038833618,0.4610978066921234,-0.46291741728782654,0.6338789463043213,0.32652443647384644,0.3963887095451355,-0.6236021518707275,0.8834618330001831,0.6373555064201355,0.43567538261413574,-0.48187342286109924,0.6302792429924011,0.351075142621994,0.377630352973938,-0.6210520267486572,0.8829148411750793,0.639382004737854,0.4553089141845703,-0.4372057020664215,0.6127846240997314,0.36576876044273376,0.3902483582496643,-0.5758922100067139,0.86650151014328,0.5675839185714722,0.6621806025505066,-0.009648947045207024,0.9997289776802063,0.49616509675979614,0.6686777472496033,0.009164687246084213,0.9997981786727905,0.5832369923591614,0.7424226403236389,-0.08241207897663116,0.4991515576839447,0.4828844964504242,0.7924037575721741,0.16150709986686707,0.6790148019790649,0.5764813423156738,0.9582533240318298,0.1499066948890686,0.3460182249546051,0.5023815035820007,0.9451771974563599,0.46013468503952026,0.6125130653381348,0.5713621377944946,1.0007532835006714,0.16882070899009705,0.508169412612915,0.5113280415534973,0.9811638593673706,0.4892125725746155,0.6468528509140015,0.5847752094268799,1.0042037963867188,0.09201325476169586,0.4794113337993622,0.49181169271469116,0.9337525367736816,0.43506401777267456,0.6185818314552307
0.48841196298599243,0.2347041815519333,-0.29170334339141846,0.9998136162757874,0.5035161375999451,0.20185989141464233,-0.27138811349868774,0.999799370765686,0.5126193165779114,0.20071962475776672,-0.2717766761779785,0.9997667074203491,0.5228336453437805,0.20206771790981293,-0.2718048393726349,0.9998054504394531,0.487254798412323,0.20684869587421417,-0.2727225124835968,0.999879002571106,0.4830206334590912,0.20794185996055603,-0.27313727140426636,0.9998969435691833,0.47889941930770874,0.208710715174675,-0.27341213822364807,0.9999279379844666,0.5471317172050476,0.230269193649292,-0.1543644517660141,0.999822199344635,0.4894541800022125,0.22128185629844666,-0.19392532110214233,0.9998324513435364,0.5008089542388916,0.274747371673584,-0.244999960064888,0.999478280544281,0.48442378640174866,0.26855403184890747,-0.2495708167552948,0.999661922454834,0.5819345712661743,0.4115557372570038,-0.081285759806633,0.999923050403595,0.4332119822502136,0.44760942459106445,-0.06482896953821182,0.9999804496765137,0.6500076651573181,0.7318961024284363,-0.19716432690620422,0.5944153070449829,0.36267709732055664,0.6572815179824829,-0.18523377180099487,0.8584226965904236,0.6385730504989624,0.503156304359436,-0.40781983733177185,0.661873459815979,0.34885600209236145,0.4701688885688782,-0.42471742630004883,0.899175226688385,0.6315569281578064,0.4374791979789734,-0.454868882894516,0.670185387134552,0.3289603590965271,0.4098995327949524,-0.47964945435523987,0.895043671131134,0.6321359872817993,0.4068848490715027,-0.45811739563941956,0.6669357419013977,0.3479788899421692,0.38913455605506897,-0.46455779671669006,0.8945410847663879,0.6314781308174133,0.421916663646698,-0.4131399989128113,0.6510687470436096,0.35976701974868774,0.40420204401016235,-0.42776626348495483,0.8797222375869751,0.5622266530990601,0.7447866797447205,0.001763215521350503,0.9996700286865234,0.4746100902557373,0.7431963682174683,-0.0021347200963646173,0.9997633099555969,0.5383621454238892,0.9107108116149902,0.18316659331321716,0.4927723705768585,0.4264785647392273,0.933996856212616,0.19991335272789001,0.6607259511947632,0.519905686378479,1.1045926809310913,0.5976687669754028,0.3176157772541046,0.3705606460571289,1.091908574104309,0.4902091920375824,0.5748260021209717,0.5184534788131714,1.115973711013794,0.6369677782058716,0.47143805027008057,0.3692294657230377,1.1190788745880127,0.5180413126945496,0.6007776856422424,0.5112249255180359,1.219519853591919,0.5687142610549927,0.4421038329601288,0.3534783720970154,1.1782788038253784,0.42878422141075134,0.5807486176490784
0.4883483350276947,0.23372715711593628,-0.09669751673936844,0.9998070001602173,0.5021634101867676,0.20691649615764618,-0.08158783614635468,0.9997492432594299,0.5105642676353455,0.20707978308200836,-0.08189918845891953,0.9997256994247437,0.5199659466743469,0.20776192843914032,-0.08193714916706085,0.9997673034667969,0.48596030473709106,0.20883430540561676,-0.06547288596630096,0.999854564666748,0.4816083312034607,0.2098022848367691,-0.06585743278265,0.9998821020126343,0.47769075632095337,0.21028845012187958,-0.06621581315994263,0.9999138712882996,0.5457616448402405,0.2332572042942047,0.008420823141932487,0.9998189210891724,0.4851003587245941,0.22959773242473602,0.0790719985961914,0.999828577041626,0.5016797184944153,0.2687861919403076,-0.06041847541928291,0.9995230436325073,0.48282894492149353,0.2680895924568176,-0.04207334294915199,0.9996885061264038,0.5982649922370911,0.4275408089160919,0.007525732275098562,0.9999284148216248,0.43135952949523926,0.44483283162117004,0.1371126025915146,0.999980628490448,0.6615528464317322,0.7602757811546326,-0.0919012501835823,0.6333386898040771,0.3600512146949768,0.6676718592643738,-0.0005691417609341443,0.8585517406463623,0.6358009576797485,0.5105666518211365,-0.3568510413169861,0.6956015825271606,0.34480881690979004,0.4711548984050751,-0.28764981031417847,0.909126341342926,0.6312721371650696,0.4561462700366974,-0.4067450165748596,0.7031034231185913,0.33319398760795593,0.416150838136673,-0.3468080759048462,0.9054680466651917,0.6366103291511536,0.4179685413837433,-0.4092949330806732,0.7001831531524658,0.3442402780056,0.39148539304733276,-0.3376826047897339,0.9050108790397644,0.633761465549469,0.4312620460987091,-0.36157020926475525,0.6858722567558289,0.35327333211898804,0.4093988239765167,-0.29409849643707275,0.8916432857513428,0.5626091957092285,0.8521921634674072,-0.0011184036266058683,0.9992169737815857,0.45237818360328674,0.8406231999397278,0.0008929723990149796,0.9994774460792542,0.5340246558189392,1.1538902521133423,0.059243351221084595,0.4477885067462921,0.40159010887145996,1.1020796298980713,-0.04179256409406662,0.6110327243804932,0.4911925196647644,1.3930211067199707,0.41393256187438965,0.2861482799053192,0.3810498118400574,1.3899463415145874,0.15322810411453247,0.519306480884552,0.4915790557861328,1.4255157709121704,0.4478958249092102,0.4255691170692444,0.38242390751838684,1.4388363361358643,0.17189648747444153,0.5427759289741516,0.4585818350315094,1.4932942390441895,0.37553560733795166,0.39847201108932495,0.3775402903556824,1.473879337310791,0.06618241965770721,0.5245656371116638
0.4865493178367615,0.23824891448020935,-0.06561092287302017,0.9998073577880859,0.5028521418571472,0.20920611917972565,-0.04866659268736839,0.9997082948684692,0.5104694962501526,0.20935757458209991,-0.04893476516008377,0.9996857643127441,0.518599271774292,0.20961175858974457,-0.04892988130450249,0.9997333884239197,0.48675408959388733,0.2100147306919098,-0.0281355120241642,0.9998375773429871,0.4818013608455658,0.2108701765537262,-0.02858717367053032,0.9998712539672852,0.47774988412857056,0.21043239533901215,-0.028881648555397987,0.9999046325683594,0.5467559099197388,0.2270510345697403,0.053321026265621185,0.9998117685317993,0.4876670837402344,0.22409138083457947,0.1448104977607727,0.9998220801353455,0.5011401176452637,0.27078843116760254,-0.024974755942821503,0.9995640516281128,0.4819461703300476,0.27082666754722595,-0.0013578933430835605,0.9997126460075378,0.615795910358429,0.45015212893486023,0.08001700043678284,0.9999324679374695,0.4328100085258484,0.44473186135292053,0.22195200622081757,0.9999802112579346,0.6670385003089905,0.7831927537918091,-0.06720628589391708,0.6674802303314209,0.35639041662216187,0.6679227948188782,0.08338139951229095,0.8264127373695374,0.6323193311691284,0.49729716777801514,-0.3628264367580414,0.7256358861923218,0.34165748953819275,0.46753835678100586,-0.27617985010147095,0.9174098968505859,0.6316431760787964,0.43249595165252686,-0.41802364587783813,0.7324309945106506,0.3300235867500305,0.4121796488761902,-0.34459438920021057,0.914441704750061,0.6360379457473755,0.4116145372390747,-0.418933242559433,0.7298091650009155,0.34032726287841797,0.3892289102077484,-0.3413166403770447,0.9139887690544128,0.6314300894737244,0.43052512407302856,-0.3664523959159851,0.7165408134460449,0.3508415222167969,0.40825971961021423,-0.28640979528427124,0.901800274848938,0.5526739358901978,0.9126619696617126,-0.01504778303205967,0.9988773465156555,0.43914294242858887,0.8853659629821777,0.014773639850318432,0.999254584312439,0.5325791835784912,1.2769371271133423,-0.134205162525177,0.40539050102233887,0.3106992840766907,1.0976449251174927,-0.2976800203323364,0.563471257686615,0.4986293911933899,1.5296238660812378,0.21592780947685242,0.25772523880004883,0.3564424216747284,1.4768773317337036,-0.06753089278936386,0.46860846877098083,0.5006792545318604,1.559079885482788,0.24654941260814667,0.3834989368915558,0.36230379343032837,1.5292868614196777,-0.0344092957675457,0.49015042185783386,0.4589560925960541,1.642386555671692,0.14414948225021362,0.3589489758014679,0.34644538164138794,1.5757949352264404,-0.20300383865833282,0.4732966125011444
0.4873341917991638,0.2375238686800003,-0.14571373164653778,0.9998095035552979,0.5051692128181458,0.2049373984336853,-0.14192205667495728,0.9996733665466309,0.513573408126831,0.20471251010894775,-0.1420963853597641,0.9996539354324341,0.5219938158988953,0.20520873367786407,-0.14206582307815552,0.9996936917304993,0.48963871598243713,0.20551306009292603,-0.08711738139390945,0.9998242259025574,0.4858528971672058,0.20514298975467682,-0.08752040565013885,0.9998657703399658,0.4823421537876129,0.20383025705814362,-0.08755999058485031,0.9998975396156311,0.5480449199676514,0.22239653766155243,-0.0365263894200325,0.9998029470443726,0.49201297760009766,0.22026284039020538,0.06377076357603073,0.9998207092285156,0.5011684894561768,0.2708960771560669,-0.10740898549556732,0.999599039554596,0.4846164584159851,0.2692442238330841,-0.07999756932258606,0.999733567237854,0.6242997050285339,0.4466916024684906,0.02243647538125515,0.9999331831932068,0.434938907623291,0.4312312602996826,0.170519158244133,0.9999790191650391,0.6682770252227783,0.7860398292541504,-0.17525093257427216,0.6988690495491028,0.35146957635879517,0.6692259311676025,0.003309245454147458,0.8053995370864868,0.6302793622016907,0.515585720539093,-0.5148975849151611,0.7528579235076904,0.34146732091903687,0.47112220525741577,-0.3482058644294739,0.9253771901130676,0.6293780207633972,0.45080605149269104,-0.5811776518821716,0.7590186595916748,0.32928523421287537,0.41676151752471924,-0.47172433137893677,0.9228317141532898,0.6338053345680237,0.423411101102829,-0.5817432403564453,0.7566649317741394,0.3398585021495819,0.3897142708301544,-0.461867094039917,0.9224153757095337,0.6292101740837097,0.4418870210647583,-0.5183656215667725,0.7445402145385742,0.35025301575660706,0.4087997078895569,-0.3760185241699219,0.9114074110984802,0.5502908825874329,0.9335179924964905,-0.024743912741541862,0.9980182647705078,0.4305740296840668,0.9032143354415894,0.02446294017136097,0.9987112283706665,0.5295091867446899,1.3153940439224243,-0.15416887402534485,0.36647462844848633,0.2921826243400574,1.096291422843933,-0.31322962045669556,0.5145809650421143,0.5030919313430786,1.6055265665054321,0.21470506489276886,0.23219314217567444,0.335075318813324,1.5173118114471436,-0.07314590364694595,0.4228513836860657,0.5067368745803833,1.6482611894607544,0.24500134587287903,0.3456318974494934,0.342206209897995,1.57781183719635,-0.0504959300160408,0.4431210458278656,0.45793646574020386,1.7137086391448975,0.1081898957490921,0.3234157860279083,0.31630951166152954,1.610288381576538,-0.20639947056770325,0.4269813001155853
0.485849529504776,0.23480680584907532,-0.20091024041175842,0.9998096823692322,0.503311038017273,0.20615948736667633,-0.19007429480552673,0.9996360540390015,0.51131272315979,0.20675122737884521,-0.19036245346069336,0.9996240139007568,0.5203420519828796,0.20715472102165222,-0.19033385813236237,0.9996533393859863,0.4882817268371582,0.20529937744140625,-0.1387273669242859,0.999808132648468,0.4841128885746002,0.2047494649887085,-0.1391916424036026,0.9998591542243958,0.4802071154117584,0.20358997583389282,-0.13950374722480774,0.9998875260353088,0.5486275553703308,0.23084814846515656,-0.06839387118816376,0.9997923374176025,0.4937543272972107,0.2215677946805954,0.040416501462459564,0.999813437461853,0.4982028901576996,0.2693931758403778,-0.15237361192703247,0.9996287226676941,0.4832018315792084,0.26977476477622986,-0.08411769568920135,0.9997509121894836,0.6289093494415283,0.4456286132335663,0.010609124787151814,0.9999343752861023,0.4348880648612976,0.4328759014606476,0.15322764217853546,0.9999770522117615,0.668606162071228,0.7870321273803711,-0.18528112769126892,0.7272899150848389,0.3436260223388672,0.670979917049408,-0.024578262120485306,0.7733052968978882,0.6301319003105164,0.5148824453353882,-0.546776533126831,0.7774190306663513,0.3363507091999054,0.46810805797576904,-0.4451412260532379,0.9324622750282288,0.6279293298721313,0.4433595538139343,-0.6148180365562439,0.783007025718689,0.32579606771469116,0.4146111309528351,-0.5461805462837219,0.9303563237190247,0.6314095854759216,0.4168250262737274,-0.6167222857475281,0.7808957099914551,0.3382303714752197,0.38796374201774597,-0.5417815446853638,0.9299797415733337,0.6262568235397339,0.43876680731773376,-0.5506248474121094,0.769872784614563,0.34716981649398804,0.40661969780921936,-0.4632411599159241,0.9200483560562134,0.5519489049911499,0.9510884881019592,-0.015218806453049183,0.9972227811813354,0.42494115233421326,0.9193241596221924,0.014903212897479534,0.9981646537780762,0.5434284806251526,1.342735767364502,-0.13912804424762726,0.33068937063217163,0.34289810061454773,1.1831872463226318,-0.3925836682319641,0.4697440266609192,0.5199099183082581,1.6430109739303589,0.22872202098369598,0.20914000272750854,0.35272592306137085,1.5758180618286133,-0.18087036907672882,0.381919264793396,0.5219539999961853,1.6890696287155151,0.2576952576637268,0.31140440702438354,0.35851234197616577,1.6404876708984375,-0.16305311024188995,0.40101248025894165,0.48160991072654724,1.7533385753631592,0.11154443025588989,0.29133644700050354,0.3442738652229309,1.6769236326217651,-0.33521905541419983,0.3854277431964874
0.4885191023349762,0.2389173060655594,-0.19665028154850006,0.9998021721839905,0.5042117834091187,0.20701193809509277,-0.1820569932460785,0.9995773434638977,0.5118252038955688,0.20684650540351868,-0.18238522112369537,0.9995736479759216,0.520648181438446,0.20659005641937256,-0.18236592411994934,0.9995943903923035,0.4909907281398773,0.20756450295448303,-0.1445070207118988,0.9997798204421997,0.48737964034080505,0.20755445957183838,-0.14494767785072327,0.999843418598175,0.4835406243801117,0.2069990634918213,-0.1452113837003708,0.9998692870140076,0.5492846369743347,0.2272149622440338,-0.05723179504275322,0.9997705221176147,0.4953262209892273,0.2217346429824829,0.04061878100037575,0.9997938275337219,0.5005742311477661,0.27203312516212463,-0.14612892270088196,0.9996484518051147,0.48689255118370056,0.27277663350105286,-0.10410244762897491,0.9997589588165283,0.6285268664360046,0.43483060598373413,0.01973976008594036,0.9999353289604187,0.43381065130233765,0.4260203540325165,0.14522144198417664,0.9999739527702332,0.6726833581924438,0.7880197167396545,-0.17101004719734192,0.7524774074554443,0.3395627439022064,0.6654067039489746,-0.029175084084272385,0.7440577745437622,0.6285976767539978,0.5129517316818237,-0.5207166075706482,0.7993590831756592,0.3350718319416046,0.4632343351840973,-0.4418753981590271,0.9385597705841064,0.6273669004440308,0.44196879863739014,-0.5813254117965698,0.8044543862342834,0.3238987624645233,0.41296815872192383,-0.5287028551101685,0.9369301199913025,0.6312733888626099,0.41808488965034485,-0.5818814635276794,0.8025690913200378,0.3409596383571625,0.3912583291530609,-0.5257577300071716,0.9365823268890381,0.6260789036750793,0.4447076916694641,-0.5235732197761536,0.7924556136131287,0.35114797949790955,0.4098046123981476,-0.4561227858066559,0.9275970458984375,0.5479558110237122,0.9586129784584045,-0.012036183848977089,0.9967213273048401,0.4205726683139801,0.9235280156135559,0.011743299663066864,0.9978088736534119,0.5386804938316345,1.3567522764205933,-0.12512747943401337,0.2983788847923279,0.34512031078338623,1.2205138206481934,-0.3967127203941345,0.428292840719223,0.5089932084083557,1.6745319366455078,0.14566926658153534,0.18839643895626068,0.34662485122680664,1.6164593696594238,-0.26036807894706726,0.34469521045684814,0.5112959742546082,1.7225483655929565,0.1626274585723877,0.28056496381759644,0.3518053889274597,1.6793129444122314,-0.2503550350666046,0.36238521337509155,0.46926531195640564,1.789987564086914,0.028311017900705338,0.2624519467353821,0.33748316764831543,1.729240894317627,-0.4072238504886627,0.34766826033592224
0.4876582622528076,0.23942941427230835,-0.19516339898109436,0.999807596206665,0.5029119849205017,0.20760028064250946,-0.1770159900188446,0.9995702505111694,0.5107173919677734,0.20704935491085052,-0.17736883461475372,0.999570369720459,0.5202831029891968,0.20658694207668304,-0.17734447121620178,0.9995840191841125,0.49028855562210083,0.2078571915626526,-0.1447896808385849,0.9997760057449341,0.4873731732368469,0.20746402442455292,-0.1452712118625641,0.9998425841331482,0.48416033387184143,0.20643408596515656,-0.1455737203359604,0.9998652935028076,0.549562394618988,0.22624346613883972,-0.05018866807222366,0.9997697472572327,0.49592408537864685,0.2200489044189453,0.05768803879618645,0.9997897148132324,0.5009809732437134,0.2748423218727112,-0.14307169616222382,0.9996689558029175,0.4867490231990814,0.2741682529449463,-0.10589449107646942,0.9997681379318237,0.6264897584915161,0.4468322694301605,0.01827307604253292,0.999935507774353,0.43381255865097046,0.42749130725860596,0.15768755972385406,0.9999703168869019,0.6776097416877747,0.7829684019088745,-0.19703057408332825,0.7756911516189575,0.3374876379966736,0.6596423983573914,-0.04053901135921478,0.7206127047538757,0.6265226602554321,0.5026049017906189,-0.5399208664894104,0.8191495537757874,0.341972678899765,0.4450668692588806,-0.4599122405052185,0.9441888332366943,0.6266030073165894,0.43234989047050476,-0.599641740322113,0.8237706422805786,0.3227796256542206,0.3963533937931061,-0.5439406633377075,0.9429113864898682,0.6322984099388123,0.4102928936481476,-0.5952708125114441,0.8220853209495544,0.3417324423789978,0.3765159547328949,-0.5380075573921204,0.9425933957099915,0.6267485022544861,0.43833020329475403,-0.5406551361083984,0.8128318190574646,0.3567925691604614,0.39471790194511414,-0.4727841019630432,0.9344872832298279,0.5455144643783569,0.9647389650344849,-0.016126010566949844,0.9962521195411682,0.4165557324886322,0.9347636103630066,0.01584373600780964,0.9974480271339417,0.5346280336380005,1.3735483884811401,-0.13817207515239716,0.2692677676677704,0.34765416383743286,1.254590392112732,-0.3640115559101105,0.3890840709209442,0.5101944208145142,1.7078155279159546,0.10325255244970322,0.16970182955265045,0.34985655546188354,1.652014136314392,-0.25116443634033203,0.3108157515525818,0.5138550400733948,1.758350133895874,0.12420926243066788,0.2527681291103363,0.3545137941837311,1.7138230800628662,-0.24382326006889343,0.32717379927635193,0.47086939215660095,1.828595519065857,-0.04075227305293083,0.23641522228717804,0.343524694442749,1.771188497543335,-0.3942737877368927,0.3133780360221863
0.48740267753601074,0.23521097004413605,-0.18335548043251038,0.9998165965080261,0.5039157867431641,0.2049856334924698,-0.17019647359848022,0.9995802044868469,0.5118657350540161,0.20506300032138824,-0.17054571211338043,0.999583899974823,0.5215819478034973,0.20496082305908203,-0.17058822512626648,0.9995918273925781,0.4911153316497803,0.20298561453819275,-0.1366708129644394,0.9997807145118713,0.48845022916793823,0.20200811326503754,-0.13720057904720306,0.9998471140861511,0.4855593144893646,0.20029345154762268,-0.13752791285514832,0.999866783618927,0.5498085021972656,0.22689522802829742,-0.04691123217344284,0.999778687953949,0.49669766426086426,0.21834102272987366,0.06518511474132538,0.9997944831848145,0.5006281137466431,0.27274447679519653,-0.134930819272995,0.9996905326843262,0.48570871353149414,0.2681117355823517,-0.09848989546298981,0.9997797608375549,0.6261042952537537,0.4495191276073456,0.015046504326164722,0.9999374747276306,0.4325120449066162,0.4211576282978058,0.16364969313144684,0.999968409538269,0.6804392337799072,0.7816730737686157,-0.20161719620227814,0.7968132495880127,0.33568230271339417,0.6503382921218872,-0.03408500924706459,0.6942655444145203,0.6260997653007507,0.49358034133911133,-0.5047558546066284,0.8369660973548889,0.3376099765300751,0.4373088479042053,-0.450970321893692,0.9491778016090393,0.6265620589256287,0.42025071382522583,-0.553989052772522,0.8411313891410828,0.3224574327468872,0.38441014289855957,-0.5285696387290955,0.9482284784317017,0.6329115629196167,0.398885041475296,-0.5437106490135193,0.8396183252334595,0.3416009843349457,0.3649580180644989,-0.515322744846344,0.9479357600212097,0.6263748407363892,0.4286932945251465,-0.5015407800674438,0.8311303853988647,0.35562700033187866,0.38368889689445496,-0.4647367000579834,0.9406314492225647,0.5443335771560669,0.9658660292625427,-0.012665070593357086,0.9958946108818054,0.4137297570705414,0.942766547203064,0.012412246316671371,0.9971952438354492,0.5327292084693909,1.4087316989898682,-0.13510343432426453,0.2429446429014206,0.35645586252212524,1.2921792268753052,-0.4355291426181793,0.35632577538490295,0.5186441540718079,1.7397468090057373,0.09660112112760544,0.1528373658657074,0.3588418960571289,1.6951310634613037,-0.4109463095664978,0.2804916501045227,0.5236328840255737,1.7908294200897217,0.11114360392093658,0.22770655155181885,0.36143484711647034,1.7585813999176025,-0.41161003708839417,0.29570865631103516,0.4826071262359619,1.8629664182662964,-0.03210475295782089,0.21293093264102936,0.3600189685821533,1.8144214153289795,-0.5599280595779419,0.2826838493347168
0.4878053665161133,0.23466211557388306,-0.18790456652641296,0.999828040599823,0.5051777362823486,0.2033974826335907,-0.17474541068077087,0.9995996356010437,0.5134073495864868,0.20387563109397888,-0.1751137673854828,0.9996067881584167,0.5231014490127563,0.20418868958950043,-0.17516455054283142,0.9996095895767212,0.49176159501075745,0.20145103335380554,-0.13748699426651,0.999790370464325,0.4890129566192627,0.20032836496829987,-0.13794955611228943,0.9998549222946167,0.4861834943294525,0.19857989251613617,-0.13823680579662323,0.9998713731765747,0.5499796867370605,0.22581948339939117,-0.0564323253929615,0.9997914433479309,0.4971469044685364,0.2177872508764267,0.050437599420547485,0.9998044371604919,0.5007234811782837,0.27316713333129883,-0.14069461822509766,0.9997128844261169,0.485328733921051,0.2665463984012604,-0.10453534126281738,0.9997934103012085,0.6251529455184937,0.4521876871585846,-0.01338525302708149,0.9999395608901978,0.43156570196151733,0.42170968651771545,0.14564619958400726,0.9999669790267944,0.6807106733322144,0.7813530564308167,-0.2735308110713959,0.8160718083381653,0.3276727795600891,0.6448017954826355,-0.05909885838627815,0.6805887222290039,0.6258445978164673,0.47792696952819824,-0.6020155549049377,0.8531222343444824,0.3375072181224823,0.4309718608856201,-0.4590885043144226,0.9539477229118347,0.6263862252235413,0.40631091594696045,-0.6553038954734802,0.856893002986908,0.32449251413345337,0.3713567852973938,-0.5324941873550415,0.9531999826431274,0.6330068111419678,0.38328078389167786,-0.6405213475227356,0.8555360436439514,0.34279271960258484,0.353166401386261,-0.5195004343986511,0.9529362916946411,0.6261078715324402,0.4134717583656311,-0.5976985692977905,0.8478206992149353,0.3558189272880554,0.37341737747192383,-0.469763845205307,0.9463673233985901,0.54295814037323,0.9670976996421814,-0.01542817335575819,0.9954530596733093,0.4127611219882965,0.946786642074585,0.01516652386635542,0.9968803524971008,0.528918445110321,1.4168009757995605,-0.11612655222415924,0.21927469968795776,0.3537578284740448,1.2976330518722534,-0.45102062821388245,0.3273044526576996,0.5185929536819458,1.7556196451187134,0.06573160737752914,0.13771016895771027,0.357708603143692,1.7065807580947876,-0.4515922963619232,0.25349026918411255,0.5251305103302002,1.808592677116394,0.07320033013820648,0.2052101045846939,0.36124688386917114,1.7725993394851685,-0.45499277114868164,0.2678506374359131,0.4792380928993225,1.8816521167755127,-0.06404592096805573,0.19187989830970764,0.3569989502429962,1.8262939453125,-0.6052953004837036,0.25534147024154663
0.48723164200782776,0.23965147137641907,-0.23530319333076477,0.9998382329940796,0.5043582320213318,0.20748335123062134,-0.22058053314685822,0.9996157884597778,0.5126892328262329,0.20786210894584656,-0.22098615765571594,0.9996270537376404,0.5226589441299438,0.20726469159126282,-0.22102153301239014,0.9996252059936523,0.4898253381252289,0.20723025500774384,-0.19152137637138367,0.999797523021698,0.48663249611854553,0.2069052755832672,-0.19204139709472656,0.9998607635498047,0.48301440477371216,0.20588433742523193,-0.19235935807228088,0.9998741149902344,0.5502188801765442,0.22642406821250916,-0.10028532892465591,0.9998024106025696,0.49512457847595215,0.22464682161808014,0.03697655722498894,0.999811589717865,0.5009169578552246,0.2764591574668884,-0.18676085770130157,0.99973064661026,0.48485851287841797,0.2727181017398834,-0.15409459173679352,0.9998027086257935,0.6243969202041626,0.4623766541481018,-0.061513036489486694,0.9999406337738037,0.4314207136631012,0.4279676079750061,0.11824478954076767,0.9999635815620422,0.6815528273582458,0.7749439477920532,-0.3423212766647339,0.8336549997329712,0.3237854242324829,0.6343660950660706,-0.06435824185609818,0.6677026152610779,0.6255266070365906,0.4438630938529968,-0.6655111908912659,0.8676742315292358,0.33646994829177856,0.40418943762779236,-0.4599021077156067,0.9581698179244995,0.6286507844924927,0.3799760043621063,-0.7199832201004028,0.871069610118866,0.32307007908821106,0.34618285298347473,-0.5299972891807556,0.9576019644737244,0.63292396068573,0.3614693880081177,-0.7008215188980103,0.869848906993866,0.3440132141113281,0.3307870626449585,-0.5176772475242615,0.9573525786399841,0.6256328821182251,0.3873710334300995,-0.6598683595657349,0.8628122210502625,0.3579889237880707,0.3521386384963989,-0.4690799117088318,0.9514504671096802,0.5408447980880737,0.9724314212799072,-0.018641697242856026,0.994848906993866,0.411430686712265,0.9511059522628784,0.018407054245471954,0.9964622259140015,0.5258532166481018,1.4255752563476562,-0.10179878771305084,0.19783426821231842,0.35099512338638306,1.3090969324111938,-0.44439083337783813,0.30030301213264465,0.5133152008056641,1.7685670852661133,0.08449612557888031,0.12406070530414581,0.35409650206565857,1.7193070650100708,-0.43700504302978516,0.22896543145179749,0.519628643989563,1.821757197380066,0.09240810573101044,0.1849217712879181,0.3580179810523987,1.7860931158065796,-0.439727783203125,0.2425345629453659,0.47400981187820435,1.8964979648590088,-0.04195057228207588,0.17289617657661438,0.35120832920074463,1.8377736806869507,-0.5907351970672607,0.23059864342212677
0.48691052198410034,0.243336021900177,-0.2898024320602417,0.9998425841331482,0.5046747922897339,0.2116454392671585,-0.274350643157959,0.9996119737625122,0.5128616690635681,0.21121124923229218,-0.2747577726840973,0.9996293187141418,0.5232862830162048,0.2106136977672577,-0.27475935220718384,0.9996225833892822,0.48862114548683167,0.21191249787807465,-0.24594274163246155,0.9997923374176025,0.48518404364585876,0.21216970682144165,-0.24645356833934784,0.9998576641082764,0.48111915588378906,0.21119798719882965,-0.2467544823884964,0.9998682737350464,0.5503681898117065,0.2316829115152359,-0.15130609273910522,0.9998027682304382,0.49378424882888794,0.22789384424686432,-0.018679898232221603,0.9998045563697815,0.5012512803077698,0.27904245257377625,-0.23990574479103088,0.9997348189353943,0.4843122065067291,0.27685147523880005,-0.20706406235694885,0.9997990131378174,0.6238648891448975,0.46904444694519043,-0.1111048087477684,0.9999359846115112,0.4316975474357605,0.4305149018764496,0.10596814006567001,0.99995356798172,0.6811680197715759,0.7509936094284058,-0.4060908854007721,0.8495045304298401,0.31376591324806213,0.6161319017410278,-0.0719914585351944,0.6528729200363159,0.6250664591789246,0.41721436381340027,-0.7241461873054504,0.8806933760643005,0.3357442021369934,0.3806283175945282,-0.44205737113952637,0.9614192843437195,0.6336804628372192,0.34639978408813477,-0.7830905318260193,0.8837127685546875,0.3241557478904724,0.3242359161376953,-0.5056291818618774,0.9610624313354492,0.6344200968742371,0.33379504084587097,-0.7592577934265137,0.8826063275337219,0.3442228436470032,0.31184905767440796,-0.49049776792526245,0.9607962965965271,0.6253219842910767,0.36067160964012146,-0.7170092463493347,0.8760831952095032,0.35709264874458313,0.3334750831127167,-0.45010653138160706,0.9555552005767822,0.5413562059402466,0.9768614172935486,-0.01860123500227928,0.9935095310211182,0.4133574962615967,0.954500675201416,0.018397856503725052,0.9955711960792542,0.5316331386566162,1.4257044792175293,-0.04909520596265793,0.17832060158252716,0.3592943549156189,1.3099366426467896,-0.4320642948150635,0.2739349603652954,0.5161803960800171,1.7715585231781006,0.19884198904037476,0.11172375828027725,0.3565979599952698,1.7210396528244019,-0.3830307424068451,0.20660579204559326,0.5209202766418457,1.8257288932800293,0.2135065793991089,0.1665714681148529,0.35831981897354126,1.7881858348846436,-0.3819344937801361,0.2192334681749344,0.47793206572532654,1.8958358764648438,0.07849614322185516,0.1557246446609497,0.3576023578643799,1.8364514112472534,-0.5421359539031982,0.20807293057441711
0.4872586131095886,0.23996217548847198,-0.29812052845954895,0.9998462200164795,0.5052863955497742,0.2084820419549942,-0.2820938527584076,0.9996087551116943,0.5132817625999451,0.20862364768981934,-0.2824966311454773,0.9996306896209717,0.5237590074539185,0.20859889686107635,-0.2825119197368622,0.9996225833892822,0.4889043867588043,0.20798106491565704,-0.2529456317424774,0.9997876882553101,0.4853113293647766,0.20819364488124847,-0.2534535229206085,0.9998539686203003,0.48100385069847107,0.20716407895088196,-0.2537558972835541,0.9998628497123718,0.5505216121673584,0.23189616203308105,-0.16354694962501526,0.9998038411140442,0.49284180998802185,0.22573783993721008,-0.030834710225462914,0.9997961521148682,0.5012081861495972,0.2772628962993622,-0.25023287534713745,0.9997365474700928,0.48387566208839417,0.2733727991580963,-0.21626333892345428,0.999793291091919,0.6213313341140747,0.4651170074939728,-0.12930741906166077,0.9999285936355591,0.43061739206314087,0.43089166283607483,0.10020856559276581,0.9999362826347351,0.6830741167068481,0.7132937908172607,-0.3842828869819641,0.8638003468513489,0.30444157123565674,0.5967684984207153,-0.069819875061512,0.6416077017784119,0.624855101108551,0.38812509179115295,-0.6381919980049133,0.892383337020874,0.33533090353012085,0.3493991792201996,-0.3695090413093567,0.9640325903892517,0.6362337470054626,0.30803579092025757,-0.6880150437355042,0.8950390815734863,0.32444828748703003,0.29028674960136414,-0.42472514510154724,0.9637962579727173,0.6338017582893372,0.30218347907066345,-0.6635386347770691,0.894030749797821,0.34577512741088867,0.28516581654548645,-0.40760141611099243,0.963489830493927,0.6229596734046936,0.32981258630752563,-0.6288124322891235,0.8879547715187073,0.35886818170547485,0.30899932980537415,-0.37528592348098755,0.9589798450469971,0.5387507677078247,0.9807795882225037,-0.02835998497903347,0.9923428893089294,0.41380006074905396,0.9559854865074158,0.02813112363219261,0.9946631193161011,0.5335221886634827,1.4154688119888306,-0.05654827505350113,0.16074524819850922,0.35352152585983276,1.3012447357177734,-0.4208853840827942,0.24926334619522095,0.51795893907547,1.7773714065551758,0.17921030521392822,0.10062998533248901,0.3569640815258026,1.7217549085617065,-0.36227890849113464,0.18648095428943634,0.5230985879898071,1.8339234590530396,0.1935575157403946,0.15005087852478027,0.36172419786453247,1.7913992404937744,-0.36046725511550903,0.19838011264801025,0.47762331366539,1.9048445224761963,0.05356545001268387,0.14027585089206696,0.35005778074264526,1.8358721733093262,-0.521392822265625,0.18779528141021729
0.4872647821903229,0.23692212998867035,-0.3012886643409729,0.9998466372489929,0.5054473876953125,0.20465265214443207,-0.2877144515514374,0.9995934367179871,0.5133434534072876,0.20542198419570923,-0.28814995288848877,0.9996225237846375,0.5237860083580017,0.20554734766483307,-0.28818267583847046,0.9996121525764465,0.48914146423339844,0.20328958332538605,-0.25697824358940125,0.9997769594192505,0.4856870770454407,0.20300273597240448,-0.25749051570892334,0.9998467564582825,0.481575071811676,0.20166435837745667,-0.2578155994415283,0.9998537302017212,0.5506423711776733,0.22776000201702118,-0.18574804067611694,0.9998022317886353,0.4927958846092224,0.221687912940979,-0.04563754051923752,0.9997861981391907,0.5011152029037476,0.27526426315307617,-0.2593550384044647,0.9997241497039795,0.4839187562465668,0.2695322334766388,-0.22308452427387238,0.9997768998146057,0.6192724704742432,0.4608727693557739,-0.15280821919441223,0.9999057054519653,0.429315984249115,0.43207821249961853,0.07937051355838776,0.9999029636383057,0.6849440336227417,0.6712440848350525,-0.3538776636123657,0.8760561347007751,0.29493018984794617,0.5801206231117249,-0.07513106614351273,0.6299154162406921,0.6252192854881287,0.3421414792537689,-0.5331565141677856,0.9026523232460022,0.3312837481498718,0.3191415071487427,-0.32621726393699646,0.9659038186073303,0.639836847782135,0.2687728703022003,-0.5583316683769226,0.9049555063247681,0.32335901260375977,0.2589345872402191,-0.3732718229293823,0.9657838344573975,0.6341585516929626,0.2627641260623932,-0.5257805585861206,0.9040266871452332,0.3446110188961029,0.25494393706321716,-0.35132357478141785,0.9653968811035156,0.6224982738494873,0.2891317307949066,-0.5149257183074951,0.8982363343238831,0.3540852665901184,0.2794313132762909,-0.3289775550365448,0.9616800546646118,0.538040280342102,0.9848381280899048,-0.032883673906326294,0.989258885383606,0.41433101892471313,0.9575631618499756,0.0326220840215683,0.9922914505004883,0.5246289968490601,1.416259527206421,-0.0541057214140892,0.14481307566165924,0.35819146037101746,1.308977723121643,-0.32134488224983215,0.22536005079746246,0.5136253833770752,1.778719425201416,0.18612051010131836,0.09061408787965775,0.3573525547981262,1.7196499109268188,-0.2351539582014084,0.16807730495929718,0.5203530192375183,1.8346428871154785,0.20027974247932434,0.13513359427452087,0.36140507459640503,1.7875362634658813,-0.23112039268016815,0.17909841239452362,0.47108373045921326,1.9015185832977295,0.061633359640836716,0.1263280063867569,0.34831076860427856,1.8286471366882324,-0.38044488430023193,0.16926492750644684
0.48761701583862305,0.23833705484867096,-0.30892524123191833,0.9998416900634766,0.5054913759231567,0.20558084547519684,-0.29317882657051086,0.9995529055595398,0.5135071277618408,0.2059762328863144,-0.29362210631370544,0.9995932579040527,0.5238620042800903,0.20632533729076385,-0.29367226362228394,0.9995827078819275,0.4889957010746002,0.20467448234558105,-0.26650357246398926,0.9997491836547852,0.48557576537132263,0.2047310322523117,-0.2669987976551056,0.999826192855835,0.48166078329086304,0.2037915289402008,-0.267324835062027,0.9998287558555603,0.5507338643074036,0.22632408142089844,-0.18253715336322784,0.9997889399528503,0.49146080017089844,0.22290055453777313,-0.0614594928920269,0.9997478127479553,0.5018503665924072,0.27625754475593567,-0.26409345865249634,0.9996916055679321,0.4846455156803131,0.2715355455875397,-0.23294606804847717,0.9997345209121704,0.6166045665740967,0.44943898916244507,-0.15471786260604858,0.9998833537101746,0.427639901638031,0.43205544352531433,0.052205491811037064,0.9998366832733154,0.6890736818313599,0.6366851925849915,-0.3644336760044098,0.8871959447860718,0.29436665773391724,0.5462159514427185,-0.13895627856254578,0.6110250353813171,0.628466010093689,0.308186799287796,-0.5430143475532532,0.911877453327179,0.330131858587265,0.28333422541618347,-0.3948809802532196,0.9653698205947876,0.6426143646240234,0.2301359623670578,-0.574093759059906,0.9139012694358826,0.3254416286945343,0.22759698331356049,-0.4357950687408447,0.9658493995666504,0.6341404318809509,0.21679195761680603,-0.5279078483581543,0.913066565990448,0.34434542059898376,0.22135765850543976,-0.384881854057312,0.9652695655822754,0.6220464706420898,0.24755458533763885,-0.5282189846038818,0.907588541507721,0.35130491852760315,0.24292488396167755,-0.39510199427604675,0.9627847075462341,0.5355978608131409,0.985657274723053,-0.03447975963354111,0.9869614839553833,0.41245102882385254,0.9581677913665771,0.03418351709842682,0.9900645017623901,0.5217929482460022,1.4073936939239502,-0.06971923261880875,0.13049407303333282,0.3544275164604187,1.2973588705062866,-0.30175554752349854,0.20367442071437836,0.5135377049446106,1.76983642578125,0.16105802357196808,0.08161494135856628,0.356895387172699,1.702168583869934,-0.2224351465702057,0.15152208507061005,0.520695149898529,1.8247541189193726,0.1713731437921524,0.121719129383564,0.3631516396999359,1.7687182426452637,-0.21950826048851013,0.16174699366092682,0.47341036796569824,1.8937208652496338,0.014562850818037987,0.11379088461399078,0.3443705439567566,1.8124613761901855,-0.3645048141479492,0.15256594121456146
0.48795071244239807,0.2354421615600586,-0.2937856614589691,0.9998411536216736,0.5048080682754517,0.20373795926570892,-0.2840813398361206,0.9995340704917908,0.5125899314880371,0.20397664606571198,-0.2845291495323181,0.9995784163475037,0.5229330658912659,0.20364581048488617,-0.28444814682006836,0.9995718002319336,0.4888669550418854,0.20359665155410767,-0.2584799826145172,0.9997354745864868,0.48551782965660095,0.2042454034090042,-0.2590155005455017,0.9998129606246948,0.481771856546402,0.20408494770526886,-0.2593979835510254,0.9998143911361694,0.5505954027175903,0.2242187112569809,-0.16056543588638306,0.9997807145118713,0.4906807839870453,0.22359739243984222,-0.03268123418092728,0.9997203946113586,0.5020859241485596,0.2727199196815491,-0.24310633540153503,0.9996652603149414,0.4852401614189148,0.27065593004226685,-0.2253008782863617,0.9996997117996216,0.6130565404891968,0.44231829047203064,-0.1255074441432953,0.9998565912246704,0.4246516823768616,0.43071627616882324,0.08326659351587296,0.999764084815979,0.6887118220329285,0.5923489332199097,-0.3264768123626709,0.8969539999961853,0.29147690534591675,0.5024651885032654,-0.08103223145008087,0.607959508895874,0.6299784779548645,0.2620737850666046,-0.45631036162376404,0.9199451208114624,0.32865336537361145,0.25652843713760376,-0.29752659797668457,0.965049147605896,0.6417922973632812,0.19113896787166595,-0.48861056566238403,0.9216075539588928,0.32733428478240967,0.20479585230350494,-0.3403220474720001,0.9652539491653442,0.6350539922714233,0.18054580688476562,-0.4584941864013672,0.9208511710166931,0.34591132402420044,0.1996084451675415,-0.31615301966667175,0.9644302725791931,0.6225947737693787,0.21139191091060638,-0.4437130391597748,0.9155511260032654,0.3517598509788513,0.22036942839622498,-0.29993492364883423,0.9632576704025269,0.5368696451187134,0.9856310486793518,-0.04546411335468292,0.9852970242500305,0.41257810592651367,0.9567919969558716,0.045129891484975815,0.988551914691925,0.5227480530738831,1.393184781074524,-0.13913801312446594,0.11772002279758453,0.3522348999977112,1.2874422073364258,-0.29272398352622986,0.18448084592819214,0.5150999426841736,1.7565007209777832,0.0018071321537718177,0.0735517367720604,0.3572874665260315,1.6892303228378296,-0.2175866812467575,0.13665889203548431,0.5228107571601868,1.8104490041732788,0.005454150028526783,0.10966230183839798,0.36558350920677185,1.753124713897705,-0.21471917629241943,0.14616648852825165,0.47342705726623535,1.8797028064727783,-0.14902091026306152,0.10254862904548645,0.34065380692481995,1.8033686876296997,-0.3536011576652527,0.13756094872951508
0.4871511459350586,0.23180676996707916,-0.281263530254364,0.9998441338539124,0.5040136575698853,0.20066189765930176,-0.26681986451148987,0.9995303153991699,0.5120828151702881,0.2013871967792511,-0.2672414183616638,0.9995763301849365,0.5226749777793884,0.20148904621601105,-0.267231285572052,0.9995722770690918,0.488114595413208,0.2000773549079895,-0.24298915266990662,0.9997304677963257,0.48499417304992676,0.20045949518680573,-0.24350431561470032,0.9998070001602173,0.48151350021362305,0.2000310868024826,-0.24385221302509308,0.9998068809509277,0.5510475039482117,0.22192879021167755,-0.15003500878810883,0.9997784495353699,0.4907285273075104,0.21945522725582123,-0.018574032932519913,0.9997044801712036,0.5020359754562378,0.2708483636379242,-0.23408213257789612,0.9996499419212341,0.4849720597267151,0.26797929406166077,-0.20961597561836243,0.9996781945228577,0.6116102933883667,0.4334709644317627,-0.13711830973625183,0.9998274445533752,0.4248380661010742,0.42731478810310364,0.10378994792699814,0.9997012615203857,0.6894792318344116,0.5417040586471558,-0.3463199734687805,0.9056853652000427,0.2873584032058716,0.4736689329147339,-0.06413127481937408,0.6055110096931458,0.6325862407684326,0.21298819780349731,-0.4803352952003479,0.9273164868354797,0.32763034105300903,0.21758119761943817,-0.3110429346561432,0.9650645852088928,0.6410031914710999,0.13974258303642273,-0.5208762288093567,0.928767204284668,0.32637903094291687,0.16462253034114838,-0.3600981831550598,0.9653280973434448,0.638877272605896,0.13383661210536957,-0.49649208784103394,0.9281003475189209,0.3469783663749695,0.16018781065940857,-0.33980149030685425,0.9643614888191223,0.6297927498817444,0.1659756451845169,-0.47086501121520996,0.923028290271759,0.35181236267089844,0.18320374190807343,-0.315414696931839,0.9643014669418335,0.5365153551101685,0.9830042719841003,-0.05870999023318291,0.9839162230491638,0.41189050674438477,0.9517497420310974,0.058288346976041794,0.9872874617576599,0.5182597637176514,1.3872694969177246,-0.20112304389476776,0.10626878589391708,0.33924081921577454,1.2826454639434814,-0.2820577919483185,0.16727013885974884,0.5106395483016968,1.7507281303405762,-0.07543377578258514,0.06635261327028275,0.35046178102493286,1.676230549812317,-0.18377327919006348,0.12337277084589005,0.5185540318489075,1.8055182695388794,-0.07362102717161179,0.09887252748012543,0.36105579137802124,1.7396613359451294,-0.17884357273578644,0.1324024498462677,0.46658167243003845,1.875832438468933,-0.24849264323711395,0.09252707660198212,0.32991787791252136,1.7933201789855957,-0.32518425583839417,0.12415120750665665
0.48721733689308167,0.23109465837478638,-0.2606165409088135,0.9998456239700317,0.504295825958252,0.20039764046669006,-0.24339306354522705,0.999517560005188,0.5125365853309631,0.2013183981180191,-0.2437732219696045,0.9995675086975098,0.5232845544815063,0.20248349010944366,-0.24382302165031433,0.9995659589767456,0.48850440979003906,0.19911573827266693,-0.21611173450946808,0.9997202157974243,0.485330194234848,0.19975000619888306,-0.21666905283927917,0.9997966885566711,0.48181742429733276,0.19976526498794556,-0.21700206398963928,0.9997954368591309,0.5516030788421631,0.22331523895263672,-0.13996246457099915,0.999771773815155,0.49035197496414185,0.21963991224765778,-0.003964276053011417,0.9996834397315979,0.5036327838897705,0.2704673409461975,-0.21905609965324402,0.9996271729469299,0.48532113432884216,0.2678585648536682,-0.18741193413734436,0.9996495246887207,0.6103733777999878,0.4266611337661743,-0.1272302269935608,0.9998098611831665,0.42513102293014526,0.4258800446987152,0.10629252344369888,0.9996592402458191,0.6898000240325928,0.5075287818908691,-0.3445621728897095,0.913385272026062,0.2896180748939514,0.43546828627586365,-0.0336555540561676,0.6053442358970642,0.6347813606262207,0.16925011575222015,-0.48811429738998413,0.9338937401771545,0.3300567865371704,0.17918647825717926,-0.21441486477851868,0.9649515151977539,0.6420785188674927,0.09826536476612091,-0.5295815467834473,0.9351620674133301,0.3278535008430481,0.12871961295604706,-0.2520584166049957,0.9650864005088806,0.6432719826698303,0.0891723707318306,-0.5041890740394592,0.934586226940155,0.3480086326599121,0.12594008445739746,-0.23257696628570557,0.9639312624931335,0.6343694925308228,0.11768024414777756,-0.47888121008872986,0.9297762513160706,0.3530932068824768,0.14846676588058472,-0.21762028336524963,0.9650793671607971,0.5379486680030823,0.9800569415092468,-0.057116568088531494,0.9832372665405273,0.41339272260665894,0.9497062563896179,0.056705933064222336,0.9866992235183716,0.5208406448364258,1.3827680349349976,-0.2128181755542755,0.09599282592535019,0.3527648150920868,1.2777973413467407,-0.2584366202354431,0.15161211788654327,0.5135812163352966,1.7457611560821533,-0.13486014306545258,0.059849463403224945,0.35808607935905457,1.6717970371246338,-0.19821996986865997,0.11132343113422394,0.5232056379318237,1.799054503440857,-0.1371559053659439,0.08914308249950409,0.36586853861808777,1.7342352867126465,-0.1966676563024521,0.11976651847362518,0.4665965139865875,1.869119644165039,-0.30360835790634155,0.08348315954208374,0.3414592146873474,1.7882115840911865,-0.3380642235279083,0.11199700832366943
0.487347275018692,0.23392164707183838,-0.22564661502838135,0.9998452663421631,0.5046180486679077,0.20148880779743195,-0.20552845299243927,0.999496340751648,0.5138145685195923,0.20253054797649384,-0.20586331188678741,0.9995489716529846,0.5239566564559937,0.20405477285385132,-0.20590052008628845,0.9995483160018921,0.4887371063232422,0.20094560086727142,-0.17822587490081787,0.9997097849845886,0.48555269837379456,0.20156849920749664,-0.17880943417549133,0.9997864365577698,0.48196715116500854,0.20167073607444763,-0.17913642525672913,0.999785840511322,0.5516819953918457,0.22557364404201508,-0.10065877437591553,0.9997530579566956,0.4898156523704529,0.220479816198349,0.028485843911767006,0.9996674656867981,0.5046818852424622,0.2721904218196869,-0.18423400819301605,0.9995760917663574,0.4855622351169586,0.2705596387386322,-0.15141652524471283,0.9996037483215332,0.6091786623001099,0.42881491780281067,-0.11813612282276154,0.9997584819793701,0.42536622285842896,0.4247186481952667,0.1262873262166977,0.999613344669342,0.6896182298660278,0.45502862334251404,-0.3385920226573944,0.9180020093917847,0.29378649592399597,0.3947208821773529,0.029017984867095947,0.6002249121665955,0.6388018131256104,0.11889936774969101,-0.4777105748653412,0.9385404586791992,0.3314373195171356,0.13585516810417175,-0.09354216605424881,0.9641167521476746,0.6486501693725586,0.0550614669919014,-0.5169418454170227,0.9398840069770813,0.3293227553367615,0.07916469126939774,-0.12322527170181274,0.9642814993858337,0.6509429812431335,0.04718863219022751,-0.4914376735687256,0.9394690990447998,0.3483404815196991,0.07608791440725327,-0.1056906133890152,0.9629862904548645,0.6406623721122742,0.07595428824424744,-0.4687998294830322,0.9347108602523804,0.3534563183784485,0.09826023131608963,-0.0963825136423111,0.965466320514679,0.5389757752418518,0.9767899513244629,-0.05823098495602608,0.9819084405899048,0.41506829857826233,0.9488012790679932,0.057822756469249725,0.9860227704048157,0.525454044342041,1.3824435472488403,-0.25009897351264954,0.08659623563289642,0.3589605987071991,1.2756671905517578,-0.26035499572753906,0.13722775876522064,0.5181993246078491,1.748707890510559,-0.23707301914691925,0.05395841225981712,0.36499902606010437,1.6777594089508057,-0.3080209195613861,0.10040829330682755,0.5281397104263306,1.803604245185852,-0.2461981475353241,0.08036031574010849,0.37288013100624084,1.741854190826416,-0.31487783789634705,0.10828742384910583,0.47104406356811523,1.8692610263824463,-0.42310085892677307,0.07530368119478226,0.34960466623306274,1.7942841053009033,-0.4671074450016022,0.10101272910833359
0.48769617080688477,0.2369167059659958,-0.22406217455863953,0.9998161792755127,0.5048273801803589,0.20378871262073517,-0.2040443867444992,0.9993360638618469,0.514144241809845,0.2045840173959732,-0.20436322689056396,0.9993917942047119,0.5242618918418884,0.20589573681354523,-0.20438650250434875,0.999393880367279,0.48895007371902466,0.204142764210701,-0.17699426412582397,0.9996355772018433,0.4854850769042969,0.2046852707862854,-0.17759719491004944,0.9997263550758362,0.4818052649497986,0.20463821291923523,-0.17793789505958557,0.9997367858886719,0.5517098903656006,0.22713157534599304,-0.09736146777868271,0.9996300339698792,0.48984354734420776,0.2213522344827652,0.0288248173892498,0.9995900988578796,0.5047682523727417,0.2744719684123993,-0.1815061718225479,0.9993029832839966,0.48523083329200745,0.27307620644569397,-0.1490071713924408,0.9993902444839478,0.608412504196167,0.4319109618663788,-0.11643896996974945,0.9995754361152649,0.42602068185806274,0.4235174059867859,0.12255585193634033,0.9995189309120178,0.6896711587905884,0.3998298943042755,-0.35725897550582886,0.9145312905311584,0.2963234782218933,0.3565971255302429,0.025634746998548508,0.5819531679153442,0.6424629092216492,0.060682594776153564,-0.484732061624527,0.9337400794029236,0.33262380957603455,0.10857589542865753,-0.10726004838943481,0.9594998955726624,0.6489549875259399,-0.004587405826896429,-0.5260317921638489,0.9366171956062317,0.3309037983417511,0.050810813903808594,-0.1411377638578415,0.9603314399719238,0.6503422856330872,0.0029107537120580673,-0.5024154186248779,0.9367969036102295,0.3490915298461914,0.04412901774048805,-0.12691572308540344,0.9589080214500427,0.6417840123176575,0.04013204202055931,-0.47651249170303345,0.9313254952430725,0.3539344370365143,0.06686795502901077,-0.11172499507665634,0.9632447361946106,0.538780689239502,0.975499153137207,-0.058949537575244904,0.9792491793632507,0.4154132902622223,0.9492129683494568,0.05853855609893799,0.9848014116287231,0.5231751203536987,1.3794453144073486,-0.24408653378486633,0.07804261893033981,0.3615580201148987,1.2807027101516724,-0.2849092185497284,0.12396693229675293,0.5182424783706665,1.755928874015808,-0.23860883712768555,0.048617806285619736,0.3669494688510895,1.6918997764587402,-0.3285372257232666,0.09049475938081741,0.529734194278717,1.8117913007736206,-0.24851365387439728,0.07241684943437576,0.37435534596443176,1.755072832107544,-0.3345414996147156,0.09776856005191803,0.46765199303627014,1.8746774196624756,-0.42575883865356445,0.06787532567977905,0.35206207633018494,1.8097870349884033,-0.4877275824546814,0.09104451537132263
0.48797282576560974,0.23887750506401062,-0.20986561477184296,0.9996553659439087,0.5049477219581604,0.20572151243686676,-0.19025613367557526,0.9986478090286255,0.514561653137207,0.20651505887508392,-0.19056382775306702,0.9986743330955505,0.5247014760971069,0.2078229933977127,-0.19058600068092346,0.998784601688385,0.4890821576118469,0.20583905279636383,-0.16412353515625,0.9992751479148865,0.4853684902191162,0.20639701187610626,-0.16477902233600616,0.9994083046913147,0.48148560523986816,0.206404447555542,-0.16516217589378357,0.9994965195655823,0.5517476797103882,0.22838933765888214,-0.08675448596477509,0.9991098642349243,0.48965659737586975,0.22073349356651306,0.034478552639484406,0.9991433024406433,0.5050452947616577,0.2765130400657654,-0.16788551211357117,0.9980912804603577,0.48500093817710876,0.2749116122722626,-0.13679693639278412,0.9983806610107422,0.6088482141494751,0.43387070298194885,-0.1099192351102829,0.9991878867149353,0.4289405345916748,0.41851070523262024,0.11641518771648407,0.9992443323135376,0.6895462274551392,0.35720396041870117,-0.3461863696575165,0.897716760635376,0.2976377606391907,0.3248707950115204,0.030039355158805847,0.547448992729187,0.6440088748931885,0.030357349663972855,-0.45587214827537537,0.9060895442962646,0.3407896161079407,0.0628376305103302,-0.0701860636472702,0.9237603545188904,0.6485521197319031,-0.046919021755456924,-0.4981929361820221,0.9132481813430786,0.3512803912162781,0.009723441675305367,-0.1024751290678978,0.9266588687896729,0.6495587825775146,-0.0502457357943058,-0.4743489623069763,0.9147824645042419,0.3619857430458069,0.006840983871370554,-0.08963079750537872,0.9247348308563232,0.6401171088218689,-0.0015036033000797033,-0.44909244775772095,0.9077969193458557,0.3621181845664978,0.032194435596466064,-0.07462706416845322,0.9364708662033081,0.5394235253334045,0.9745211005210876,-0.05804731696844101,0.9772881269454956,0.4164583086967468,0.9491790533065796,0.057710058987140656,0.983730673789978,0.5260671973228455,1.3831950426101685,-0.2282770872116089,0.07030308991670609,0.37514859437942505,1.2989482879638672,-0.3364993929862976,0.11188189685344696,0.5199917554855347,1.7684521675109863,-0.2441554069519043,0.04378857836127281,0.3704259991645813,1.7141417264938354,-0.3780095875263214,0.08151732385158539,0.5306936502456665,1.8221402168273926,-0.2561759948730469,0.06523960083723068,0.37709641456604004,1.7738715410232544,-0.3854005038738251,0.08815779536962509,0.4713311791419983,1.8875848054885864,-0.4358043670654297,0.06114349141716957,0.35610243678092957,1.8376495838165283,-0.543768584728241,0.08201220631599426
0.4881829619407654,0.24024081230163574,-0.21540245413780212,0.9990657567977905,0.5052878856658936,0.20715747773647308,-0.19626758992671967,0.9960713982582092,0.5148202180862427,0.20771658420562744,-0.1966068297624588,0.9961450099945068,0.5247737169265747,0.2081955522298813,-0.1966305673122406,0.9964626431465149,0.48931580781936646,0.20726308226585388,-0.17222408950328827,0.9978958368301392,0.48566222190856934,0.20779158174991608,-0.17276857793331146,0.9983452558517456,0.48169630765914917,0.20772811770439148,-0.17308060824871063,0.9986496567726135,0.5514179468154907,0.23070128262043,-0.09264890849590302,0.9972662329673767,0.4902257025241852,0.22244593501091003,0.02599896863102913,0.9976449608802795,0.5051065683364868,0.2767917811870575,-0.17046961188316345,0.9936710000038147,0.4844205975532532,0.2758180499076843,-0.14287792146205902,0.9947783946990967,0.6087237596511841,0.4361557066440582,-0.11718878895044327,0.9983969330787659,0.43201178312301636,0.4126848578453064,0.08544618636369705,0.9987241625785828,0.6893090605735779,0.31771817803382874,-0.34801748394966125,0.8807279467582703,0.3031214773654938,0.2949746549129486,-0.035888202488422394,0.517168402671814,0.6524528861045837,-0.007492926437407732,-0.46698814630508423,0.872806191444397,0.35185137391090393,0.021703820675611496,-0.12496133148670197,0.8899968862533569,0.657363772392273,-0.10133274644613266,-0.511027455329895,0.8840739130973816,0.3625015914440155,-0.049348846077919006,-0.14190414547920227,0.8950930833816528,0.6533946990966797,-0.09548190236091614,-0.48791998624801636,0.887349009513855,0.3714325726032257,-0.05914589390158653,-0.09461091458797455,0.892738401889801,0.6431102752685547,-0.03811910003423691,-0.4610308110713959,0.8803781270980835,0.37147361040115356,-0.017942730337381363,-0.1121535524725914,0.9113829731941223,0.5384133458137512,0.9748870134353638,-0.05705729126930237,0.9763013124465942,0.41531577706336975,0.9479174017906189,0.05656568333506584,0.9829584360122681,0.5175405144691467,1.3905733823776245,-0.29367634654045105,0.06342603266239166,0.37424153089523315,1.3043237924575806,-0.3562965989112854,0.10117381066083908,0.5014132261276245,1.793880581855774,-0.3398619592189789,0.03948661684989929,0.3610817790031433,1.724698781967163,-0.35162633657455444,0.07347115129232407,0.5102039575576782,1.8501081466674805,-0.356468141078949,0.05883553624153137,0.36451637744903564,1.7837536334991455,-0.3554990291595459,0.0795702189207077,0.44795188307762146,1.908607840538025,-0.5767781138420105,0.05514843389391899,0.3521405756473541,1.8500076532363892,-0.5312950611114502,0.07391147315502167
0.4903407096862793,0.24113766849040985,-0.2175961434841156,0.9987831115722656,0.5084697604179382,0.21054166555404663,-0.20135526359081268,0.9949368238449097,0.5175237655639648,0.21244587004184723,-0.20170843601226807,0.9949353933334351,0.5265587568283081,0.21446001529693604,-0.20173649489879608,0.9954339861869812,0.4900588095188141,0.21023796498775482,-0.17477157711982727,0.9972550868988037,0.48582014441490173,0.2117203325033188,-0.17518578469753265,0.9977751970291138,0.4817865788936615,0.21287210285663605,-0.17542888224124908,0.9981974959373474,0.5514265298843384,0.23952172696590424,-0.09586088359355927,0.9961277842521667,0.4900589883327484,0.2305246740579605,0.014844405464828014,0.9965476393699646,0.5081014633178711,0.2788632810115814,-0.17326325178146362,0.9904857277870178,0.4845148026943207,0.2762235105037689,-0.1469041109085083,0.9918068647384644,0.607086181640625,0.43765532970428467,-0.12203322350978851,0.9977103471755981,0.433084636926651,0.4114709496498108,0.05393018573522568,0.997957170009613,0.6856018304824829,0.2924096882343292,-0.3703615963459015,0.8525941371917725,0.31469929218292236,0.2635040581226349,-0.0987476333975792,0.481067955493927,0.6580860018730164,-0.03212452679872513,-0.5419419407844543,0.8214930891990662,0.35443994402885437,-0.007637374103069305,-0.26039624214172363,0.82940274477005,0.6654883623123169,-0.13965590298175812,-0.6003743410110474,0.8385041356086731,0.36112427711486816,-0.0892602726817131,-0.31107133626937866,0.837544858455658,0.6560221910476685,-0.14088203012943268,-0.5875306129455566,0.8443641662597656,0.37016454339027405,-0.10406149923801422,-0.303659588098526,0.8355596661567688,0.6455897092819214,-0.09497963637113571,-0.5442591905593872,0.838312029838562,0.3717266619205475,-0.058959607034921646,-0.2706837058067322,0.8612177968025208,0.5364602208137512,0.9716933965682983,-0.05389334633946419,0.9750118851661682,0.41474565863609314,0.9448474645614624,0.053489990532398224,0.9815107583999634,0.5054488778114319,1.390298843383789,-0.3263557553291321,0.05720147117972374,0.3732284903526306,1.3091546297073364,-0.3278621733188629,0.09124936163425446,0.49036306142807007,1.810457468032837,-0.471759557723999,0.035600654780864716,0.35397467017173767,1.732362151145935,-0.3298291563987732,0.06617627292871475,0.5009902715682983,1.869407296180725,-0.49870872497558594,0.053055450320243835,0.35699909925460815,1.7920869588851929,-0.3312554955482483,0.07175914943218231,0.43193894624710083,1.9233968257904053,-0.7250958681106567,0.04973014071583748,0.3412979245185852,1.855910062789917,-0.4939448833465576,0.06657475978136063
0.4901615083217621,0.24213740229606628,-0.28058332204818726,0.9982741475105286,0.5084897875785828,0.21063414216041565,-0.26441314816474915,0.9933739304542542,0.5175421833992004,0.21266993880271912,-0.26482364535331726,0.9934170842170715,0.5265689492225647,0.21461611986160278,-0.2648579478263855,0.9941191077232361,0.4899144172668457,0.21074295043945312,-0.23505613207817078,0.9961767196655273,0.4855364263057709,0.21210293471813202,-0.2357281744480133,0.9968260526657104,0.4812454581260681,0.21317116916179657,-0.23613634705543518,0.9973450899124146,0.5514964461326599,0.23992866277694702,-0.1722237765789032,0.9949334263801575,0.4901732802391052,0.23081883788108826,-0.03879585862159729,0.9947733879089355,0.5080894231796265,0.27972084283828735,-0.24207982420921326,0.9864562153816223,0.48369479179382324,0.2765824496746063,-0.20789864659309387,0.9873361587524414,0.607069194316864,0.43536376953125,-0.21482865512371063,0.9971605539321899,0.43443018198013306,0.4063182771205902,0.005610286258161068,0.996857225894928,0.6798308491706848,0.2647695243358612,-0.5309038162231445,0.8290929198265076,0.32902657985687256,0.24340951442718506,-0.1886293739080429,0.4418129324913025,0.6590152978897095,-0.05622216686606407,-0.7671068906784058,0.7787503600120544,0.3569295406341553,-0.01870756410062313,-0.4249041676521301,0.7598758935928345,0.6692038774490356,-0.14909544587135315,-0.8433219194412231,0.8039131760597229,0.3642978072166443,-0.08913617581129074,-0.49205684661865234,0.7712492346763611,0.657198965549469,-0.16857899725437164,-0.8336262702941895,0.8131294250488281,0.37284055352211,-0.10766252130270004,-0.4913708567619324,0.7700182199478149,0.6481389403343201,-0.09765886515378952,-0.7726868987083435,0.8070345520973206,0.3746398687362671,-0.06652513891458511,-0.4414443373680115,0.8005020618438721,0.5324727296829224,0.9682766199111938,-0.055868346244096756,0.9735184907913208,0.41337427496910095,0.9423103928565979,0.055360160768032074,0.9794490337371826,0.48922261595726013,1.4004178047180176,-0.3572750389575958,0.05159108340740204,0.36733803153038025,1.3197792768478394,-0.3101983368396759,0.0823025107383728,0.47421693801879883,1.8404552936553955,-0.476555198431015,0.032114021480083466,0.3465805649757385,1.7624439001083374,-0.32649579644203186,0.05962805077433586,0.48671746253967285,1.9018309116363525,-0.5022586584091187,0.047871410846710205,0.35017868876457214,1.8267641067504883,-0.32245180010795593,0.06479330360889435,0.408308207988739,1.9569224119186401,-0.7532507181167603,0.04488034173846245,0.3291981816291809,1.8878190517425537,-0.4912659227848053,0.05999702960252762
0.4912838339805603,0.24814379215240479,-0.2616307735443115,0.9979516267776489,0.5101642608642578,0.2152363657951355,-0.24701106548309326,0.992720365524292,0.5196064114570618,0.21681229770183563,-0.2474299669265747,0.9926323890686035,0.5284672379493713,0.218429833650589,-0.24741359055042267,0.9935348033905029,0.48997658491134644,0.21332594752311707,-0.21812804043293,0.9957169890403748,0.4855502247810364,0.21356357634067535,-0.2190166413784027,0.9963477849960327,0.481052964925766,0.21379736065864563,-0.21950837969779968,0.9969958662986755,0.5516144037246704,0.2429535686969757,-0.1560097485780716,0.9940686225891113,0.48911523818969727,0.23091299831867218,-0.0320236012339592,0.9938059449195862,0.5093299746513367,0.28393781185150146,-0.2326202392578125,0.9832092523574829,0.48372116684913635,0.2782202363014221,-0.19752731919288635,0.9840003848075867,0.6068675518035889,0.43369120359420776,-0.1830492913722992,0.9964389801025391,0.4359489977359772,0.40225863456726074,0.004143505357205868,0.995836079120636,0.667328417301178,0.2281145304441452,-0.462816059589386,0.8003750443458557,0.35184797644615173,0.23037533462047577,-0.16136717796325684,0.41322335600852966,0.6605605483055115,-0.05869700014591217,-0.6658231019973755,0.7212926149368286,0.3623499274253845,-0.025562623515725136,-0.35523688793182373,0.692562997341156,0.6727427244186401,-0.13574236631393433,-0.729572057723999,0.7491229176521301,0.36942651867866516,-0.08358138799667358,-0.41092634201049805,0.7028310298919678,0.6561701893806458,-0.1080174371600151,-0.7250024080276489,0.7604232430458069,0.3816285729408264,-0.101324662566185,-0.40458112955093384,0.7022204399108887,0.6497629880905151,-0.0786910355091095,-0.6718776822090149,0.7564920783042908,0.38226208090782166,-0.06262873858213425,-0.3653962016105652,0.7337683439254761,0.5281423330307007,0.9667612910270691,-0.05229616165161133,0.9728144407272339,0.40960174798965454,0.9384494423866272,0.05169590562582016,0.9785223007202148,0.4929610788822174,1.4182003736495972,-0.33407923579216003,0.04665093868970871,0.36759039759635925,1.3375378847122192,-0.3155192732810974,0.07441368699073792,0.46960020065307617,1.8707188367843628,-0.5215781927108765,0.02901194803416729,0.34410715103149414,1.7966233491897583,-0.34545525908470154,0.053742386400699615,0.47984448075294495,1.933747410774231,-0.5553255677223206,0.04324531555175781,0.3449689745903015,1.8594801425933838,-0.3526785969734192,0.058502595871686935,0.40392670035362244,1.9774583578109741,-0.8149703741073608,0.04055548459291458,0.331059992313385,1.9244072437286377,-0.5402950048446655,0.05408748239278793
0.49322447180747986,0.24931444227695465,-0.22025711834430695,0.9977958798408508,0.5124019384384155,0.21732497215270996,-0.20564725995063782,0.9925097227096558,0.5216634273529053,0.21912246942520142,-0.20609088242053986,0.9923328161239624,0.5301384329795837,0.2210705578327179,-0.20607852935791016,0.993375301361084,0.4921088218688965,0.21424207091331482,-0.1777648627758026,0.9955251216888428,0.4865949749946594,0.21401692926883698,-0.1786348968744278,0.9961174726486206,0.48172932863235474,0.21392163634300232,-0.17912350594997406,0.9968374371528625,0.5519402623176575,0.246267169713974,-0.13334986567497253,0.9936508536338806,0.48929381370544434,0.23114877939224243,-0.004089728929102421,0.9931820631027222,0.5104517340660095,0.28485599160194397,-0.19095303118228912,0.9814308881759644,0.4839234948158264,0.2788247764110565,-0.15748673677444458,0.9819508790969849,0.6066296696662903,0.43298107385635376,-0.1691742241382599,0.9960706830024719,0.43702927231788635,0.4003489911556244,0.020326318219304085,0.9951112866401672,0.653730034828186,0.2282264530658722,-0.43616169691085815,0.7695451378822327,0.36077210307121277,0.19594885408878326,-0.15577587485313416,0.38891616463661194,0.6586129069328308,-0.03160027787089348,-0.5096312165260315,0.666138768196106,0.3723415732383728,-0.05675606057047844,-0.3358875811100006,0.6320235729217529,0.6698007583618164,-0.06675232201814651,-0.5556328296661377,0.6953829526901245,0.3740369379520416,-0.11295799911022186,-0.3913155794143677,0.641074001789093,0.6553658843040466,-0.06493207067251205,-0.5615001916885376,0.7080886363983154,0.3935169279575348,-0.11472438275814056,-0.38867849111557007,0.6410080194473267,0.6497972011566162,-0.04039899259805679,-0.5178295373916626,0.7067962288856506,0.39526039361953735,-0.08888141065835953,-0.34941035509109497,0.6736654043197632,0.5227476358413696,0.9685370326042175,-0.05094108730554581,0.97278892993927,0.4079449772834778,0.938665509223938,0.05037618428468704,0.9783399701118469,0.48073989152908325,1.4479113817214966,-0.3142448663711548,0.04218926653265953,0.3633248209953308,1.3526294231414795,-0.2923513352870941,0.067251056432724,0.4547243118286133,1.8969141244888306,-0.4811091423034668,0.026191439479589462,0.32812973856925964,1.8179514408111572,-0.3335941433906555,0.04844221472740173,0.4657694399356842,1.9580832719802856,-0.5119849443435669,0.039034999907016754,0.3274393677711487,1.8821371793746948,-0.3382279574871063,0.05283621698617935,0.3837623596191406,1.9996180534362793,-0.7582715749740601,0.03662330284714699,0.31359541416168213,1.9395735263824463,-0.5170047283172607,0.048768602311611176
0.49355173110961914,0.2524350583553314,-0.2817324101924896,0.9973531365394592,0.5132061839103699,0.2188693732023239,-0.271768182516098,0.9917217493057251,0.5224536657333374,0.22007595002651215,-0.27217569947242737,0.9913358092308044,0.5308912396430969,0.22170208394527435,-0.27215903997421265,0.9926848411560059,0.4922913610935211,0.21609927713871002,-0.2437056601047516,0.99495530128479,0.4866267740726471,0.2154664844274521,-0.24455471336841583,0.9955366253852844,0.48175278306007385,0.2146935760974884,-0.24508967995643616,0.9964138865470886,0.5521969795227051,0.2463425248861313,-0.19737793505191803,0.9927729964256287,0.48929986357688904,0.23137257993221283,-0.06828032433986664,0.9919586181640625,0.5110881924629211,0.28689542412757874,-0.24893303215503693,0.9770067930221558,0.48393648862838745,0.2801109850406647,-0.2157231569290161,0.9772863984107971,0.6066462993621826,0.4322264492511749,-0.23361948132514954,0.9952894449234009,0.43803852796554565,0.40046340227127075,-0.04863915964961052,0.9939308166503906,0.6465062499046326,0.20836497843265533,-0.478889524936676,0.7468490600585938,0.36706170439720154,0.17965728044509888,-0.23807871341705322,0.3701210021972656,0.6574612855911255,-0.061200182884931564,-0.606281578540802,0.6152504682540894,0.3800188899040222,-0.09962588548660278,-0.4270889163017273,0.5771324038505554,0.6695928573608398,-0.0774652510881424,-0.6587009429931641,0.6464754939079285,0.3781091570854187,-0.16648419201374054,-0.4878726899623871,0.5851855874061584,0.6548147201538086,-0.09696342796087265,-0.6653627157211304,0.6602537631988525,0.39858120679855347,-0.17650841176509857,-0.49231234192848206,0.5854436159133911,0.6500498056411743,-0.07832469046115875,-0.6161642670631409,0.6613200306892395,0.3978089690208435,-0.14927035570144653,-0.4457612633705139,0.6198021769523621,0.5163558721542358,0.9824278950691223,-0.04361985623836517,0.9715813994407654,0.4016610085964203,0.9444188475608826,0.04303576052188873,0.9769740104675293,0.4865116477012634,1.4690154790878296,-0.29485028982162476,0.03812839463353157,0.363280326128006,1.38076651096344,-0.3438577950000763,0.060942329466342926,0.45804280042648315,1.9110147953033447,-0.4550192952156067,0.023649463430047035,0.3239630162715912,1.8306211233139038,-0.38006851077079773,0.04368482530117035,0.4664231836795807,1.9734851121902466,-0.4868461489677429,0.03525177016854286,0.3201233148574829,1.88960599899292,-0.3891465961933136,0.04775631055235863,0.3922080397605896,2.0105268955230713,-0.7384365200996399,0.03308020532131195,0.31781005859375,1.9574419260025024,-0.5785828828811646,0.043996572494506836
0.49358612298965454,0.25618642568588257,-0.27320197224617004,0.9961362481117249,0.5134042501449585,0.2205849140882492,-0.2606618404388428,0.9893059730529785,0.5227643251419067,0.2209606170654297,-0.2610645890235901,0.9880743026733398,0.5315094590187073,0.22197377681732178,-0.26106441020965576,0.9905150532722473,0.4922555983066559,0.21841777861118317,-0.2332337647676468,0.9933440685272217,0.4865444600582123,0.2176649570465088,-0.23403318226337433,0.9937559366226196,0.4814109206199646,0.2164551168680191,-0.23452654480934143,0.995368242263794,0.5533877611160278,0.24600203335285187,-0.18067222833633423,0.9895480275154114,0.48891910910606384,0.23175591230392456,-0.05270387604832649,0.9885358810424805,0.5118824243545532,0.2908594608306885,-0.23722203075885773,0.9658911228179932,0.4839142858982086,0.28284135460853577,-0.2051660716533661,0.9666276574134827,0.606885552406311,0.42936092615127563,-0.20285868644714355,0.9936361312866211,0.4411086440086365,0.39703691005706787,-0.027767037972807884,0.9924013614654541,0.6449505090713501,0.19960352778434753,-0.33900102972984314,0.7070409655570984,0.3743252456188202,0.18570777773857117,-0.1838913857936859,0.35126882791519165,0.6577804088592529,-0.03265230730175972,-0.3549397587776184,0.5582374334335327,0.38529232144355774,-0.08477215468883514,-0.33378034830093384,0.5231754183769226,0.6676955223083496,-0.05499335005879402,-0.38271597027778625,0.5866914987564087,0.3856079578399658,-0.13802418112754822,-0.38165462017059326,0.5296024680137634,0.6567254066467285,-0.06927020847797394,-0.39447522163391113,0.5995997786521912,0.4036538600921631,-0.16132478415966034,-0.3995978832244873,0.5300023555755615,0.6540799140930176,-0.0496324859559536,-0.362409383058548,0.6013866662979126,0.4014139771461487,-0.1301851123571396,-0.3566879630088806,0.5623420476913452,0.5171202421188354,0.989652693271637,-0.033482518047094345,0.9706481695175171,0.40025681257247925,0.9506934881210327,0.03293152153491974,0.9762683510780334,0.49054402112960815,1.4753682613372803,-0.2615106999874115,0.03447839617729187,0.36354824900627136,1.3870619535446167,-0.35432785749435425,0.0552656427025795,0.46165403723716736,1.9187757968902588,-0.4051993787288666,0.02133534476161003,0.325255423784256,1.838870882987976,-0.3836715519428253,0.03936944901943207,0.46887293457984924,1.9809856414794922,-0.4333827495574951,0.03180437535047531,0.32165318727493286,1.896122694015503,-0.3918297588825226,0.04309898987412453,0.39751192927360535,2.0188729763031006,-0.6660833954811096,0.02983711287379265,0.3205462098121643,1.9726828336715698,-0.5682876706123352,0.03965615853667259
0.49387186765670776,0.25919976830482483,-0.2696875333786011,0.9954526424407959,0.5140276551246643,0.22378036379814148,-0.25807443261146545,0.9881141781806946,0.5233408808708191,0.22392874956130981,-0.2584913671016693,0.9864307641983032,0.5322111248970032,0.22453899681568146,-0.25849443674087524,0.989475667476654,0.4925888478755951,0.2211352437734604,-0.23065416514873505,0.9925026893615723,0.48678627610206604,0.22011640667915344,-0.23150081932544708,0.9927747249603271,0.4816144108772278,0.21848361194133759,-0.2320059984922409,0.9947942495346069,0.5543640851974487,0.24755150079727173,-0.17975112795829773,0.9878164529800415,0.4890584945678711,0.23280031979084015,-0.05327369645237923,0.9864773750305176,0.5124265551567078,0.2943791449069977,-0.2336689978837967,0.9600300192832947,0.483928382396698,0.28493356704711914,-0.20176629722118378,0.9607598781585693,0.6069239974021912,0.4289146959781647,-0.1973331868648529,0.9925541281700134,0.441795289516449,0.3962528109550476,-0.024142803624272346,0.9908478856086731,0.6452195644378662,0.1894230991601944,-0.3063219487667084,0.683492124080658,0.37617069482803345,0.17576971650123596,-0.16511476039886475,0.33584505319595337,0.6571743488311768,-0.0522785522043705,-0.3208668828010559,0.5096303224563599,0.3900530934333801,-0.09709297865629196,-0.2971917986869812,0.4746423065662384,0.6647606492042542,-0.065228670835495,-0.3498736023902893,0.535193681716919,0.3916437029838562,-0.15353630483150482,-0.34439173340797424,0.4796578884124756,0.6565897464752197,-0.07952458411455154,-0.3621181547641754,0.5476159453392029,0.4087000787258148,-0.17511484026908875,-0.36029642820358276,0.4802434742450714,0.65334552526474,-0.06426390260457993,-0.3280695378780365,0.5502088069915771,0.40481752157211304,-0.14763140678405762,-0.3185988664627075,0.5107059478759766,0.5183448195457458,0.99039626121521,-0.031776491552591324,0.9689043164253235,0.40084657073020935,0.9515361189842224,0.03123997151851654,0.9744417667388916,0.4921521246433258,1.4721654653549194,-0.25554361939430237,0.03130774199962616,0.36407965421676636,1.3816828727722168,-0.3441888988018036,0.05020672455430031,0.4608205258846283,1.9338879585266113,-0.41660040616989136,0.019275661557912827,0.324767529964447,1.8358961343765259,-0.3825288712978363,0.03548850864171982,0.4680129587650299,1.9992659091949463,-0.4469684660434723,0.028730716556310654,0.321100115776062,1.8935638666152954,-0.3909904360771179,0.038912925869226456,0.3930825889110565,2.0326359272003174,-0.6808110475540161,0.026951875537633896,0.3205871880054474,1.9671775102615356,-0.5485411882400513,0.035757604986429214
0.4939279556274414,0.2598850131034851,-0.27002596855163574,0.9952349066734314,0.5144619345664978,0.22465619444847107,-0.2589522898197174,0.9877160787582397,0.5234988927841187,0.22486670315265656,-0.2593762278556824,0.9859622120857239,0.5322790145874023,0.22551032900810242,-0.259372740983963,0.9891302585601807,0.49321597814559937,0.22185109555721283,-0.23163220286369324,0.9922096133232117,0.4874156415462494,0.22079156339168549,-0.2324756681919098,0.992501437664032,0.4823760390281677,0.21910984814167023,-0.23299536108970642,0.9945939779281616,0.5544202923774719,0.24836114048957825,-0.18415126204490662,0.9873691201210022,0.48995643854141235,0.23356366157531738,-0.05814620852470398,0.9859377145767212,0.51241534948349,0.296240895986557,-0.2358279973268509,0.9581869840621948,0.4839159846305847,0.2857130467891693,-0.2039221078157425,0.9589309692382812,0.6069733500480652,0.4282952547073364,-0.2128051519393921,0.9922585487365723,0.4418002963066101,0.39680880308151245,-0.04135904461145401,0.9903672337532043,0.6453494429588318,0.206592857837677,-0.3633325695991516,0.6785390377044678,0.37485721707344055,0.18457597494125366,-0.20297713577747345,0.3315022885799408,0.6568247675895691,-0.051001425832509995,-0.4067848324775696,0.47971123456954956,0.3879699110984802,-0.09123124182224274,-0.3661523163318634,0.44160816073417664,0.6634029746055603,-0.06168191879987717,-0.45021122694015503,0.5055805444717407,0.3883982300758362,-0.14890210330486298,-0.4230671525001526,0.44460028409957886,0.6559861898422241,-0.07868244498968124,-0.43994107842445374,0.5191843509674072,0.40754714608192444,-0.17314523458480835,-0.4305485188961029,0.4457908570766449,0.6528700590133667,-0.06240298971533775,-0.40552106499671936,0.5243046283721924,0.4067392349243164,-0.13718648254871368,-0.385684609413147,0.47906145453453064,0.5192915201187134,0.9906807541847229,-0.029123201966285706,0.968132495880127,0.40145453810691833,0.9522478580474854,0.028609707951545715,0.9738096594810486,0.4936898350715637,1.478766918182373,-0.2240016907453537,0.028414027765393257,0.3665190637111664,1.3867822885513306,-0.3472232222557068,0.04581182077527046,0.46497783064842224,1.9365251064300537,-0.38329824805259705,0.017434991896152496,0.3276074528694153,1.846375584602356,-0.3783130645751953,0.03204291686415672,0.47255030274391174,1.9999908208847046,-0.4200823903083801,0.025990953668951988,0.3240186274051666,1.904677152633667,-0.3870278000831604,0.0352371484041214,0.399905800819397,2.041224956512451,-0.6700692176818848,0.02438572607934475,0.3231750428676605,1.978669285774231,-0.5623232126235962,0.03230464830994606
0.4946664273738861,0.2607991397380829,-0.26896974444389343,0.9947235584259033,0.5154266357421875,0.226139634847641,-0.2563285231590271,0.9863849878311157,0.5242345333099365,0.22683686017990112,-0.2567385733127594,0.9846047163009644,0.5328277349472046,0.22801393270492554,-0.256735622882843,0.9879505634307861,0.4945760667324066,0.22278137505054474,-0.22935649752616882,0.9913060069084167,0.48839324712753296,0.22171005606651306,-0.2301674634218216,0.9917390942573547,0.4833230972290039,0.22006557881832123,-0.23066475987434387,0.9939861297607422,0.5548339486122131,0.2515571713447571,-0.18068736791610718,0.9861123561859131,0.4908270239830017,0.23476335406303406,-0.05432695895433426,0.9846050143241882,0.5127423405647278,0.298006534576416,-0.23297104239463806,0.9543361663818359,0.48410624265670776,0.28691521286964417,-0.20119480788707733,0.9552382826805115,0.6070659756660461,0.42843666672706604,-0.2147337943315506,0.9919624924659729,0.4417269825935364,0.3974483609199524,-0.03953005373477936,0.9899144768714905,0.6453417539596558,0.22293676435947418,-0.4038302004337311,0.6733700633049011,0.3721314072608948,0.19572821259498596,-0.21433386206626892,0.32049301266670227,0.6570589542388916,-0.03918610140681267,-0.4815064072608948,0.45511147379875183,0.38560083508491516,-0.07895630598068237,-0.40293294191360474,0.4113650321960449,0.662899911403656,-0.05465945228934288,-0.5255455374717712,0.4825502634048462,0.38612502813339233,-0.13676629960536957,-0.46387940645217896,0.4140213131904602,0.6557414531707764,-0.07039488852024078,-0.5329256653785706,0.49776148796081543,0.4050302505493164,-0.1627560257911682,-0.4701204299926758,0.4160054326057434,0.6524267792701721,-0.05202062427997589,-0.48939329385757446,0.5049943327903748,0.40562161803245544,-0.12167910486459732,-0.4224613308906555,0.4517662525177002,0.5199095606803894,0.993405818939209,-0.02771395817399025,0.9676530957221985,0.40155544877052307,0.9544896483421326,0.027237597852945328,0.9734987616539001,0.4948105216026306,1.4809144735336304,-0.2111055850982666,0.02581780031323433,0.3678710162639618,1.3899378776550293,-0.36877086758613586,0.04188020899891853,0.4673747420310974,1.9396570920944214,-0.37521764636039734,0.015805155038833618,0.3296065330505371,1.858414888381958,-0.4272436201572418,0.028949834406375885,0.4750747084617615,2.004664897918701,-0.40713849663734436,0.023561766371130943,0.32636183500289917,1.9192357063293457,-0.44017133116722107,0.03195175901055336,0.4036778509616852,2.042642593383789,-0.6511167883872986,0.022122079506516457,0.32354649901390076,1.9906541109085083,-0.6343165040016174,0.029205482453107834
0.4964846968650818,0.2640756070613861,-0.27679958939552307,0.9944853186607361,0.5168845057487488,0.2293320745229721,-0.26168352365493774,0.9857324957847595,0.5259033441543579,0.23050306737422943,-0.2620886564254761,0.9838127493858337,0.5344036817550659,0.2322675734758377,-0.26206880807876587,0.9872800707817078,0.49601858854293823,0.22557854652404785,-0.23652426898479462,0.9909838438034058,0.48925647139549255,0.22445237636566162,-0.23735925555229187,0.991470217704773,0.4839739203453064,0.22296886146068573,-0.23789441585540771,0.9938014149665833,0.556259036064148,0.2562830448150635,-0.1784573793411255,0.9851195812225342,0.49117511510849,0.23772981762886047,-0.06032677739858627,0.9840865135192871,0.51413893699646,0.3024692237377167,-0.23967905342578888,0.9514464139938354,0.4852638244628906,0.29180118441581726,-0.21054013073444366,0.953194797039032,0.6076761484146118,0.433838814496994,-0.20758137106895447,0.9914551973342896,0.4417167603969574,0.40038901567459106,-0.05077896639704704,0.9897463917732239,0.6467016935348511,0.22784653306007385,-0.40303993225097656,0.6580449342727661,0.369934618473053,0.20531605184078217,-0.22132094204425812,0.31728601455688477,0.6638064980506897,-0.04186118021607399,-0.49141725897789,0.4262130558490753,0.38458818197250366,-0.07156174629926682,-0.3979220688343048,0.3897791802883148,0.6660817861557007,-0.050970565527677536,-0.5339103937149048,0.4557078182697296,0.38509827852249146,-0.13127441704273224,-0.45749932527542114,0.3905754089355469,0.6596705913543701,-0.0692087709903717,-0.5436362028121948,0.47181451320648193,0.4035215973854065,-0.15506897866725922,-0.46291813254356384,0.39306220412254333,0.6570561528205872,-0.0508074127137661,-0.5009990334510803,0.4813411831855774,0.40401706099510193,-0.11411287635564804,-0.41649848222732544,0.4328072965145111,0.5215192437171936,1.000184416770935,-0.022749921306967735,0.9668463468551636,0.4017861783504486,0.9632718563079834,0.02225586399435997,0.9732660055160522,0.5064626336097717,1.492896318435669,-0.18929864466190338,0.023371875286102295,0.3754003345966339,1.4115126132965088,-0.3838891088962555,0.03817974030971527,0.476245254278183,1.9468623399734497,-0.35321763157844543,0.014303612522780895,0.3328273892402649,1.8822721242904663,-0.44063782691955566,0.02615264430642128,0.48359689116477966,2.011319398880005,-0.38791489601135254,0.0213330015540123,0.32767486572265625,1.9416149854660034,-0.45312270522117615,0.028956694528460503,0.41389721632003784,2.0514252185821533,-0.6447664499282837,0.02002728544175625,0.33340317010879517,2.0214149951934814,-0.650039553642273,0.0263958852738142
0.4973236918449402,0.2666425406932831,-0.3018189072608948,0.9946390390396118,0.5179944634437561,0.2309773713350296,-0.29049426317214966,0.986088216304779,0.5276790857315063,0.23222853243350983,-0.29095259308815,0.9843209981918335,0.5366467833518982,0.2342984527349472,-0.29096564650535583,0.9875966906547546,0.4964926838874817,0.22711186110973358,-0.2604209780693054,0.9912009239196777,0.48956090211868286,0.22585292160511017,-0.2612598240375519,0.9917124509811401,0.48414111137390137,0.2241588979959488,-0.26176124811172485,0.9939368963241577,0.5586801767349243,0.25886058807373047,-0.21770033240318298,0.9856067895889282,0.49128150939941406,0.23845386505126953,-0.07846890389919281,0.9845539331436157,0.5157236456871033,0.30623161792755127,-0.26896584033966064,0.9518847465515137,0.485870361328125,0.2955322563648224,-0.23342852294445038,0.9536211490631104,0.60862797498703,0.43899738788604736,-0.25559312105178833,0.9913245439529419,0.4419475495815277,0.4072658121585846,-0.05119701102375984,0.9894402623176575,0.6534159183502197,0.23304244875907898,-0.46981722116470337,0.6581946015357971,0.3691541254520416,0.20797228813171387,-0.20405332744121552,0.30310070514678955,0.6648186445236206,-0.04818473756313324,-0.5540779829025269,0.4120333194732666,0.38333505392074585,-0.06397096067667007,-0.3870827555656433,0.36629343032836914,0.6662439107894897,-0.05274411290884018,-0.5992540121078491,0.44402581453323364,0.38490891456604004,-0.1220320463180542,-0.4487777650356293,0.36818817257881165,0.6594621539115906,-0.07563690096139908,-0.5986151099205017,0.4621819853782654,0.4021891951560974,-0.1435241550207138,-0.44713324308395386,0.37184908986091614,0.6571530103683472,-0.05485887452960014,-0.558657169342041,0.4734240770339966,0.40295982360839844,-0.11194558441638947,-0.40233707427978516,0.41448095440864563,0.5216480493545532,1.0057415962219238,-0.02931276522576809,0.9632082581520081,0.40196433663368225,0.9670528769493103,0.02886827290058136,0.9703867435455322,0.5064683556556702,1.501265287399292,-0.1818142980337143,0.021165594458580017,0.37719738483428955,1.4152129888534546,-0.33314386010169983,0.03468933328986168,0.4764670431613922,1.9627701044082642,-0.3290936350822449,0.012945719063282013,0.33316826820373535,1.8915585279464722,-0.38929489254951477,0.023610737174749374,0.48544731736183167,2.028200626373291,-0.36000439524650574,0.01934027671813965,0.3289422392845154,1.9546838998794556,-0.4026821553707123,0.026248712092638016,0.4141209125518799,2.0727953910827637,-0.5979514718055725,0.018146192654967308,0.3335779309272766,2.027698278427124,-0.587546706199646,0.023850036785006523
0.4984270930290222,0.26913580298423767,-0.3198472261428833,0.9945192337036133,0.5194624066352844,0.23279906809329987,-0.30638039112091064,0.9854873418807983,0.5296069383621216,0.2343294322490692,-0.3068487048149109,0.9839039444923401,0.5388681292533875,0.23702961206436157,-0.3068723678588867,0.9870798587799072,0.49758249521255493,0.22885699570178986,-0.27982965111732483,0.9908100366592407,0.49021729826927185,0.22766384482383728,-0.2806418836116791,0.9914730191230774,0.48453259468078613,0.22600580751895905,-0.28113359212875366,0.9936568737030029,0.5608126521110535,0.26211097836494446,-0.22300858795642853,0.9853713512420654,0.4913315773010254,0.24002744257450104,-0.09976042807102203,0.9842625260353088,0.5172656774520874,0.3095702826976776,-0.28331130743026733,0.9507943987846375,0.4867773652076721,0.2996005713939667,-0.2522556781768799,0.952620267868042,0.6100435853004456,0.4436880648136139,-0.25010401010513306,0.991210401058197,0.4420352578163147,0.41263389587402344,-0.08264167606830597,0.9891106486320496,0.6679176092147827,0.23683834075927734,-0.5060585141181946,0.6585880517959595,0.35828372836112976,0.21611298620700836,-0.2759908437728882,0.2897827625274658,0.6675992012023926,-0.04504308104515076,-0.6511850953102112,0.4062148630619049,0.3825013041496277,-0.05923234671354294,-0.4775882363319397,0.3485487401485443,0.6680039167404175,-0.05308172479271889,-0.7066509127616882,0.4424408972263336,0.3886978328227997,-0.10721191018819809,-0.5445310473442078,0.352668434381485,0.659286379814148,-0.07884460687637329,-0.7009172439575195,0.4627535343170166,0.40444856882095337,-0.11777520924806595,-0.5402950048446655,0.35730624198913574,0.6570748686790466,-0.05608692020177841,-0.6553069353103638,0.4748291075229645,0.4044818878173828,-0.07907730340957642,-0.4924771189689636,0.40320298075675964,0.5222638845443726,1.0100177526474,-0.02586684748530388,0.9605280756950378,0.40221327543258667,0.9703667759895325,0.025436092168092728,0.9681562185287476,0.5064684152603149,1.5065689086914062,-0.19375377893447876,0.019183563068509102,0.3773984909057617,1.4183604717254639,-0.36267292499542236,0.0316050685942173,0.47670745849609375,1.9650598764419556,-0.321842759847641,0.011736458167433739,0.3335133492946625,1.8965734243392944,-0.3935224115848541,0.02134585566818714,0.48553839325904846,2.0280470848083496,-0.3499862551689148,0.017546791583299637,0.3293878138065338,1.9591643810272217,-0.40418487787246704,0.023825377225875854,0.4130604863166809,2.081686019897461,-0.595615565776825,0.016471562907099724,0.33352896571159363,2.039503574371338,-0.6017190217971802,0.02157491259276867
0.49975553154945374,0.26946336030960083,-0.3102436363697052,0.9945333003997803,0.520769476890564,0.2331559956073761,-0.2954656481742859,0.985181450843811,0.5306059122085571,0.23495127260684967,-0.295925498008728,0.9838593006134033,0.5398746132850647,0.2381000518798828,-0.29594507813453674,0.9867965579032898,0.5000417232513428,0.22894984483718872,-0.2687685787677765,0.9906131029129028,0.49239736795425415,0.2277367115020752,-0.26955002546310425,0.9914498329162598,0.4861173629760742,0.22604283690452576,-0.2700217664241791,0.9935130476951599,0.5619652271270752,0.26368245482444763,-0.2108517587184906,0.9855318665504456,0.4920356869697571,0.2400437295436859,-0.08713486790657043,0.984470784664154,0.5182495713233948,0.31022316217422485,-0.27298811078071594,0.9517558217048645,0.4875888228416443,0.3002491891384125,-0.24189624190330505,0.9537312388420105,0.611679196357727,0.44914618134498596,-0.24146847426891327,0.9914346933364868,0.4418407082557678,0.4149203896522522,-0.06479664146900177,0.9893401861190796,0.680408775806427,0.26820850372314453,-0.5626895427703857,0.6724811792373657,0.34323766827583313,0.24390125274658203,-0.28394997119903564,0.28063297271728516,0.6678305268287659,-0.04243234544992447,-0.7612191438674927,0.4304344356060028,0.379545122385025,-0.046650197356939316,-0.5218517184257507,0.35944515466690063,0.6679455041885376,-0.09528961032629013,-0.825918972492218,0.4688265919685364,0.38778460025787354,-0.09704586863517761,-0.5947257280349731,0.3689551055431366,0.658748984336853,-0.09858231246471405,-0.8101967573165894,0.4897017180919647,0.4041069447994232,-0.10443340986967087,-0.5844370722770691,0.3745187520980835,0.6541913151741028,-0.06033578887581825,-0.7620735764503479,0.5007819533348083,0.40417104959487915,-0.06381211429834366,-0.535619854927063,0.42467811703681946,0.5291093587875366,1.0140877962112427,-0.025332290679216385,0.9570819735527039,0.40387314558029175,0.9763484597206116,0.024909421801567078,0.9655008316040039,0.5124691724777222,1.5155121088027954,-0.19149693846702576,0.017406223341822624,0.37863966822624207,1.4360178709030151,-0.40308576822280884,0.028939226642251015,0.4886775016784668,1.9798080921173096,-0.2798113524913788,0.010673369280993938,0.33846932649612427,1.9282902479171753,-0.43930894136428833,0.019358603283762932,0.49963536858558655,2.045482635498047,-0.30434513092041016,0.015958106145262718,0.33499759435653687,1.9952585697174072,-0.4513794481754303,0.02173086255788803,0.4243707060813904,2.0967154502868652,-0.5612958073616028,0.015011224895715714,0.34000831842422485,2.069439172744751,-0.671345591545105,0.0195762999355793
0.5003823041915894,0.2699430584907532,-0.3051300346851349,0.9947933554649353,0.5212855339050293,0.23349450528621674,-0.289689302444458,0.9857512712478638,0.5309081673622131,0.2354784458875656,-0.29015547037124634,0.9845749139785767,0.540081262588501,0.2388298064470291,-0.29018634557724,0.9872632622718811,0.500917911529541,0.22910284996032715,-0.26278218626976013,0.9910048842430115,0.4932931065559387,0.22789478302001953,-0.2635783553123474,0.9918822646141052,0.487063467502594,0.2262396216392517,-0.2640591859817505,0.9938005208969116,0.5624825954437256,0.26415058970451355,-0.18983657658100128,0.9862000942230225,0.4931122660636902,0.24007850885391235,-0.07109334319829941,0.9853494167327881,0.5189518928527832,0.31108853220939636,-0.2669963240623474,0.954818606376648,0.48788079619407654,0.301349014043808,-0.23578563332557678,0.9568870663642883,0.6141178011894226,0.45993947982788086,-0.23039324581623077,0.9920313358306885,0.44046562910079956,0.4198404848575592,-0.05147937685251236,0.9901796579360962,0.6878461241722107,0.3087550401687622,-0.5664525032043457,0.6897163987159729,0.3312194049358368,0.2849024534225464,-0.26240846514701843,0.28762921690940857,0.6677528619766235,-0.040647923946380615,-0.8068010210990906,0.46623972058296204,0.3766319453716278,-0.01075933501124382,-0.5049878358840942,0.4033125042915344,0.6676239967346191,-0.09417814761400223,-0.877507209777832,0.5054219365119934,0.38736313581466675,-0.06401427835226059,-0.5799632668495178,0.4137240946292877,0.658435583114624,-0.09776294231414795,-0.8574773669242859,0.5257089138031006,0.40360942482948303,-0.072848841547966,-0.5670193433761597,0.41908782720565796,0.6511976718902588,-0.05763845518231392,-0.8062947392463684,0.5353391170501709,0.40379518270492554,-0.037400197237730026,-0.5173661708831787,0.4688469171524048,0.5356390476226807,1.017249584197998,-0.023973878473043442,0.9496302008628845,0.4041074812412262,0.9829893112182617,0.023522192612290382,0.9603512287139893,0.5239177942276001,1.5226770639419556,-0.19473019242286682,0.01573137566447258,0.3802342414855957,1.452405333518982,-0.4368079602718353,0.026388874277472496,0.5019336938858032,1.9878512620925903,-0.2741534113883972,0.009686009958386421,0.3459298312664032,1.9479295015335083,-0.45099377632141113,0.017571723088622093,0.5132397413253784,2.054177761077881,-0.29665613174438477,0.014499376527965069,0.34257254004478455,2.015331745147705,-0.46096116304397583,0.019861971959471703,0.4394611716270447,2.1081440448760986,-0.5555940866470337,0.013639206998050213,0.3496602177619934,2.090597629547119,-0.6845705509185791,0.017767824232578278
0.4974783957004547,0.27276211977005005,-0.22835206985473633,0.9950788021087646,0.5193701982498169,0.23506982624530792,-0.21033041179180145,0.9865057468414307,0.528486967086792,0.2370862066745758,-0.21064071357250214,0.98543781042099,0.5378051996231079,0.24031135439872742,-0.21057815849781036,0.9879323244094849,0.49961787462234497,0.23171888291835785,-0.17821045219898224,0.9914978742599487,0.49303025007247925,0.2305251508951187,-0.17894971370697021,0.9923666715621948,0.48703402280807495,0.22867465019226074,-0.1793956756591797,0.9941719770431519,0.5622908473014832,0.265525758266449,-0.12302704900503159,0.986982524394989,0.4941352307796478,0.241539865732193,0.0228398647159338,0.986291229724884,0.5176103711128235,0.31413015723228455,-0.19285936653614044,0.9579742550849915,0.48690882325172424,0.3053610622882843,-0.15493233501911163,0.9600954651832581,0.6161216497421265,0.4656318128108978,-0.1454542726278305,0.9926208853721619,0.43965858221054077,0.4269041419029236,0.07038861513137817,0.9910218715667725,0.6911217570304871,0.35210540890693665,-0.3488466143608093,0.7118882536888123,0.3208397924900055,0.31729206442832947,0.010367859154939651,0.30694204568862915,0.6606618165969849,-0.006566316355019808,-0.4200919270515442,0.5065683126449585,0.37486889958381653,0.03906014934182167,-0.07597435265779495,0.44900602102279663,0.655864417552948,-0.08902215212583542,-0.45240721106529236,0.542777955532074,0.38621607422828674,-0.01924966275691986,-0.11404861509799957,0.4563540518283844,0.6496344804763794,-0.09420087933540344,-0.4321661591529846,0.5618002414703369,0.4022365212440491,-0.01884283497929573,-0.10316164791584015,0.46130654215812683,0.6426680088043213,-0.036616310477256775,-0.41177234053611755,0.5699086785316467,0.4029403328895569,0.012176607735455036,-0.08298823237419128,0.510147750377655,0.5392777323722839,1.016280174255371,-0.025772392749786377,0.9418738484382629,0.4067680239677429,0.9825131893157959,0.025320744141936302,0.9553585052490234,0.5263673067092896,1.5165385007858276,-0.17920008301734924,0.014238913543522358,0.3812759518623352,1.4425314664840698,-0.41504812240600586,0.02425919845700264,0.5048269629478455,1.979590892791748,-0.24051408469676971,0.008782492950558662,0.3493288457393646,1.9368789196014404,-0.4690907597541809,0.015973947942256927,0.5179319977760315,2.0443081855773926,-0.2598467469215393,0.01318083144724369,0.34575286507606506,2.004539728164673,-0.4822196066379547,0.01822594366967678,0.43995046615600586,2.103201389312744,-0.48144203424453735,0.012370539829134941,0.35077211260795593,2.0758848190307617,-0.6824766397476196,0.016143623739480972
0.49638524651527405,0.2750934064388275,-0.21452967822551727,0.9955244660377502,0.5179047584533691,0.2371973842382431,-0.19469276070594788,0.9877293109893799,0.5271815061569214,0.2388155609369278,-0.1949966847896576,0.9867781400680542,0.5366799831390381,0.2414584755897522,-0.19494690001010895,0.9890255928039551,0.49762383103370667,0.2357872575521469,-0.1659832000732422,0.9922699928283691,0.4916393756866455,0.23495614528656006,-0.1667046844959259,0.9930686950683594,0.48539605736732483,0.23362435400485992,-0.16706815361976624,0.9947031140327454,0.5622071027755737,0.2660585045814514,-0.10306708514690399,0.988190233707428,0.4923134446144104,0.2460447996854782,0.02865784801542759,0.9875699281692505,0.5176090002059937,0.3152987062931061,-0.17699851095676422,0.9619603157043457,0.4867125153541565,0.30908775329589844,-0.14313845336437225,0.9639076590538025,0.6167274713516235,0.4675537645816803,-0.11773614585399628,0.9933130741119385,0.4380047917366028,0.44201990962028503,0.07586885988712311,0.9918797016143799,0.6893844604492188,0.4042174816131592,-0.31692418456077576,0.733504056930542,0.3142850399017334,0.35693100094795227,0.018250003457069397,0.3226543068885803,0.6593526601791382,0.03680640459060669,-0.3946112394332886,0.550218939781189,0.3663898706436157,0.09194575250148773,-0.05044259503483772,0.49319344758987427,0.6552385091781616,-0.050888799130916595,-0.42402225732803345,0.5831803679466248,0.37219834327697754,0.03186449036002159,-0.08279789984226227,0.49894434213638306,0.6495517492294312,-0.06050780043005943,-0.40628328919410706,0.6009491682052612,0.38802313804626465,0.029549967497587204,-0.0705142542719841,0.504098653793335,0.6429435014724731,-0.005358277820050716,-0.38741955161094666,0.6078298687934875,0.39098095893859863,0.05686455965042114,-0.05605820566415787,0.5508341193199158,0.5427664518356323,1.0168554782867432,-0.024274885654449463,0.9209337830543518,0.4087325930595398,0.9864716529846191,0.023848725482821465,0.940753698348999,0.5360926985740662,1.5337916612625122,-0.1306937038898468,0.012857886962592602,0.38543468713760376,1.4599500894546509,-0.3920718729496002,0.022140981629490852,0.5173500776290894,1.9866522550582886,-0.14451934397220612,0.00795029103755951,0.35713350772857666,1.9566453695297241,-0.4620080590248108,0.014494412578642368,0.532355546951294,2.048464775085449,-0.15802274644374847,0.011965221725404263,0.3540022075176239,2.0262343883514404,-0.4764220714569092,0.016653530299663544,0.45231929421424866,2.1129610538482666,-0.36058738827705383,0.011207272298634052,0.3595215976238251,2.095188856124878,-0.6491140127182007,0.014646993018686771
0.49579137563705444,0.275402694940567,-0.2254495620727539,0.9959409236907959,0.5173837542533875,0.2371872365474701,-0.20701006054878235,0.9888700842857361,0.5264719128608704,0.2387496381998062,-0.2073289453983307,0.9880226850509644,0.5357900261878967,0.2412881702184677,-0.20730121433734894,0.9900462031364441,0.49741965532302856,0.23624059557914734,-0.17839425802230835,0.9929860234260559,0.49163684248924255,0.2356032431125641,-0.17909064888954163,0.9937177896499634,0.4854504466056824,0.23428328335285187,-0.17943021655082703,0.9951935410499573,0.5619437098503113,0.2656857669353485,-0.11486543715000153,0.9893087148666382,0.49241095781326294,0.2461944818496704,0.016827937215566635,0.988739550113678,0.5176368951797485,0.31554821133613586,-0.18753409385681152,0.9656469821929932,0.48678725957870483,0.3094715178012848,-0.1537320613861084,0.9674124121665955,0.6167243719100952,0.4673895537853241,-0.12756024301052094,0.9939571619033813,0.4379231929779053,0.44294580817222595,0.06596189737319946,0.9926674365997314,0.6893566846847534,0.45243605971336365,-0.364355206489563,0.7556203007698059,0.31127798557281494,0.38911354541778564,-0.04004338011145592,0.34596914052963257,0.6552889347076416,0.10144158452749252,-0.4501792788505554,0.592997133731842,0.360906183719635,0.1301923394203186,-0.17443226277828217,0.5382819771766663,0.6557231545448303,0.022263789549469948,-0.46188074350357056,0.6227397918701172,0.3612094819545746,0.07063107192516327,-0.21776719391345978,0.5428314208984375,0.6533540487289429,0.013632750138640404,-0.4341164231300354,0.6389829516410828,0.3771349787712097,0.06385103613138199,-0.20613989233970642,0.5478050112724304,0.6443954110145569,0.052962712943553925,-0.41433700919151306,0.6448266506195068,0.38206905126571655,0.08783362060785294,-0.1821623593568802,0.5913428068161011,0.5430941581726074,1.0176554918289185,-0.024047793820500374,0.9001460075378418,0.4094916880130768,0.9879918694496155,0.023616967722773552,0.925079345703125,0.5354853868484497,1.5316879749298096,-0.15259775519371033,0.011609802953898907,0.38556385040283203,1.456330418586731,-0.38820070028305054,0.020171893760561943,0.5165961980819702,1.981566071510315,-0.17220130562782288,0.007191752549260855,0.35871249437332153,1.945284128189087,-0.42015886306762695,0.013128843158483505,0.531239926815033,2.043581008911133,-0.1863444298505783,0.010849717073142529,0.35569316148757935,2.0141308307647705,-0.42946118116378784,0.015192791819572449,0.4522280693054199,2.105344533920288,-0.39374038577079773,0.010147401131689548,0.36131197214126587,2.0813870429992676,-0.6001126170158386,0.01326860673725605
0.4948245882987976,0.2732641398906708,-0.18086855113506317,0.9963021278381348,0.5162268280982971,0.23512545228004456,-0.16152837872505188,0.9898713231086731,0.5255388021469116,0.23722504079341888,-0.16182871162891388,0.98912113904953,0.5348070859909058,0.24001622200012207,-0.16182026267051697,0.9909421801567078,0.4971584677696228,0.2339896559715271,-0.1303568035364151,0.9936143159866333,0.49163609743118286,0.23338583111763,-0.13109156489372253,0.9942891001701355,0.48559173941612244,0.2320784628391266,-0.13148623704910278,0.9956230521202087,0.5618943572044373,0.2643560767173767,-0.06701947003602982,0.9903106689453125,0.4945068955421448,0.2450968474149704,0.07467411458492279,0.9897801876068115,0.5169286727905273,0.31451478600502014,-0.14171913266181946,0.9689294695854187,0.4868394434452057,0.30884137749671936,-0.1050136461853981,0.9705417156219482,0.6179639101028442,0.4670197069644928,-0.052058976143598557,0.9945225119590759,0.43794116377830505,0.4416619539260864,0.15604668855667114,0.9933732151985168,0.6884124875068665,0.49728924036026,-0.16649524867534637,0.7736818194389343,0.3099614083766937,0.42317357659339905,0.17610850930213928,0.366319477558136,0.6496461629867554,0.1506798416376114,-0.17035117745399475,0.6301506757736206,0.35936033725738525,0.16615474224090576,0.16740670800209045,0.5767319798469543,0.6544476747512817,0.08482211083173752,-0.1770852953195572,0.6567579507827759,0.36106330156326294,0.10786447674036026,0.1550685465335846,0.5789535641670227,0.6542761921882629,0.06979162245988846,-0.16416874527931213,0.6717356443405151,0.37786421179771423,0.10394926369190216,0.17022907733917236,0.58376544713974,0.6446067690849304,0.09979153424501419,-0.16016162931919098,0.676405131816864,0.3820651173591614,0.12766359746456146,0.16629639267921448,0.6250401735305786,0.5434136986732483,1.0172631740570068,-0.025156831368803978,0.8855937123298645,0.40950822830200195,0.9875044822692871,0.02477978728711605,0.9150407910346985,0.5345581769943237,1.5282769203186035,-0.16224625706672668,0.010510015301406384,0.38795292377471924,1.454622507095337,-0.3349897563457489,0.018507421016693115,0.5140585899353027,1.973922610282898,-0.18445760011672974,0.006511744111776352,0.36203786730766296,1.9373778104782104,-0.3347991704940796,0.011905117891728878,0.5280138850212097,2.0294644832611084,-0.19682851433753967,0.009849024936556816,0.3587666153907776,2.005147695541382,-0.3399990200996399,0.013873187825083733,0.4501720070838928,2.102242946624756,-0.389611154794693,0.009190795011818409,0.36381691694259644,2.0739831924438477,-0.5022672414779663,0.012022625654935837
0.4948124289512634,0.2683664560317993,-0.1768517643213272,0.9965999126434326,0.5162053108215332,0.23327261209487915,-0.1617737114429474,0.9907047152519226,0.5254170298576355,0.23582914471626282,-0.1620839536190033,0.9900525808334351,0.5345550775527954,0.23898544907569885,-0.1620517075061798,0.9916930198669434,0.4979928135871887,0.23060065507888794,-0.12974736094474792,0.9941400289535522,0.4937590956687927,0.22989843785762787,-0.13049307465553284,0.9947755932807922,0.48918992280960083,0.2284981608390808,-0.1309087872505188,0.9959874749183655,0.5623390674591064,0.26391732692718506,-0.08016586303710938,0.9911851286888123,0.5019625425338745,0.2435571700334549,0.06454691290855408,0.9906919598579407,0.5163499116897583,0.31342384219169617,-0.14153499901294708,0.971859335899353,0.487903892993927,0.3076919913291931,-0.10379074513912201,0.9733446836471558,0.6196826100349426,0.46674108505249023,-0.05587649345397949,0.9950317740440369,0.4381917119026184,0.44395574927330017,0.1708538979291916,0.9940100312232971,0.6906810998916626,0.5350108742713928,-0.11747728288173676,0.7862081527709961,0.30635884404182434,0.4525088369846344,0.28651124238967896,0.37754306197166443,0.6485044956207275,0.19420874118804932,-0.07829990237951279,0.661350667476654,0.35644614696502686,0.1937352567911148,0.3675338327884674,0.6104229092597961,0.6533273458480835,0.1254040151834488,-0.07701857388019562,0.685295045375824,0.3619442880153656,0.13870391249656677,0.37196478247642517,0.6106340885162354,0.6543091535568237,0.11087493598461151,-0.06344367563724518,0.699259877204895,0.3781003952026367,0.13795295357704163,0.38505974411964417,0.6153790950775146,0.6447476744651794,0.13993743062019348,-0.06648464500904083,0.7021772861480713,0.38082626461982727,0.16083364188671112,0.369039922952652,0.6542785167694092,0.5464997887611389,1.0164557695388794,-0.02920786663889885,0.8653827905654907,0.41238951683044434,0.9877987504005432,0.028904041275382042,0.9001045227050781,0.5385162830352783,1.5258480310440063,-0.157998189330101,0.009504749439656734,0.3953664302825928,1.4514333009719849,-0.28933626413345337,0.016893401741981506,0.5167433023452759,1.963095784187317,-0.13800844550132751,0.005892352666705847,0.369136244058609,1.9350533485412598,-0.2629408836364746,0.010783514939248562,0.5309858918190002,2.016146421432495,-0.14502669870853424,0.008940927684307098,0.365305632352829,2.0039963722229004,-0.2652348577976227,0.012651033699512482,0.4531107544898987,2.094791889190674,-0.3279133141040802,0.00832003727555275,0.37028560042381287,2.071462869644165,-0.42456308007240295,0.01088608056306839
0.49481216073036194,0.2682511806488037,-0.18759772181510925,0.9968698024749756,0.5161126852035522,0.2331763356924057,-0.16632293164730072,0.9914647340774536,0.5252118110656738,0.23555247485637665,-0.16674181818962097,0.990896463394165,0.5342646837234497,0.23853056132793427,-0.1667371690273285,0.9923738837242126,0.4981834888458252,0.23051993548870087,-0.13969074189662933,0.9946180582046509,0.49436599016189575,0.22980394959449768,-0.14037856459617615,0.995212972164154,0.49010810256004333,0.22832359373569489,-0.140700563788414,0.9963152408599854,0.5632641911506653,0.26337167620658875,-0.08328914642333984,0.9919687509536743,0.5053237080574036,0.24354572594165802,0.045690011233091354,0.991509199142456,0.5163437724113464,0.3133912980556488,-0.1546183079481125,0.9744896292686462,0.4893646836280823,0.30773448944091797,-0.1208922266960144,0.9758581519126892,0.6227480173110962,0.4662576913833618,-0.07720638811588287,0.9954828023910522,0.43887844681739807,0.4461296498775482,0.1492619812488556,0.9945761561393738,0.6898382902145386,0.5668927431106567,-0.15724590420722961,0.796897292137146,0.3053185045719147,0.47737404704093933,0.2752462923526764,0.38999298214912415,0.6480251550674438,0.23605793714523315,-0.1576942652463913,0.6890518069267273,0.3531931936740875,0.22517313063144684,0.36201274394989014,0.6393365263938904,0.6520596146583557,0.164894238114357,-0.16097578406333923,0.7107384204864502,0.3618989586830139,0.1778726726770401,0.36805659532546997,0.6372182369232178,0.6560828685760498,0.15419888496398926,-0.15100276470184326,0.7237922549247742,0.3777465224266052,0.17698931694030762,0.3796803653240204,0.6417913436889648,0.6458198428153992,0.18431326746940613,-0.14818772673606873,0.7250617146492004,0.378334641456604,0.1993761509656906,0.363614022731781,0.678862452507019,0.5489579439163208,1.0156527757644653,-0.034987445920705795,0.8540173768997192,0.41574040055274963,0.9879554510116577,0.03473571687936783,0.8928989171981812,0.5420613884925842,1.52073073387146,-0.15406054258346558,0.008629714138805866,0.39829832315444946,1.450596570968628,-0.2710247337818146,0.015597417950630188,0.5210188627243042,1.9447530508041382,-0.12637867033481598,0.005353345535695553,0.3736530840396881,1.9247897863388062,-0.24929383397102356,0.009817719459533691,0.5360336899757385,1.9980692863464355,-0.13293156027793884,0.00814428273588419,0.3714568018913269,1.992371916770935,-0.2522541284561157,0.011618031188845634,0.45653194189071655,2.0764048099517822,-0.3108254373073578,0.007558582816272974,0.371236115694046,2.059701442718506,-0.407863050699234,0.009897425770759583
0.49506768584251404,0.26976749300956726,-0.19800680875778198,0.9971646666526794,0.516169548034668,0.23469483852386475,-0.1680375039577484,0.9922811388969421,0.5252397060394287,0.23653842508792877,-0.16829022765159607,0.9917731881141663,0.5343485474586487,0.23928731679916382,-0.16818633675575256,0.9931021332740784,0.4991160035133362,0.23180919885635376,-0.15045446157455444,0.9951315522193909,0.49609845876693726,0.2306925654411316,-0.15111824870109558,0.9956715106964111,0.4926985204219818,0.22879339754581451,-0.15147970616817474,0.996665894985199,0.5656982064247131,0.2635153830051422,-0.10304827988147736,0.9927488565444946,0.5105798840522766,0.2438405603170395,0.035427890717983246,0.9923296570777893,0.5165308117866516,0.3147013187408447,-0.16290421783924103,0.9769889712333679,0.49187326431274414,0.3096500039100647,-0.13205178081989288,0.9782284498214722,0.6258925795555115,0.4662547707557678,-0.09177374094724655,0.9959131479263306,0.44090133905410767,0.4506564140319824,0.17226220667362213,0.9951028227806091,0.6893191933631897,0.5989518761634827,-0.1795898824930191,0.811408281326294,0.3062681257724762,0.5063873529434204,0.31457409262657166,0.4092826545238495,0.6479959487915039,0.2613922655582428,-0.1749051809310913,0.7172053456306458,0.35132789611816406,0.2578640580177307,0.39466479420661926,0.6695470213890076,0.6507375240325928,0.1925039440393448,-0.1751362383365631,0.7364557981491089,0.36144697666168213,0.20941424369812012,0.4059423506259918,0.6660099625587463,0.6564761400222778,0.1832609623670578,-0.16261878609657288,0.7483882904052734,0.37757936120033264,0.20626318454742432,0.4159797132015228,0.6702989935874939,0.646289050579071,0.2099517434835434,-0.16329863667488098,0.7485325932502747,0.3775686025619507,0.22735880315303802,0.3958372473716736,0.7047069668769836,0.5487125515937805,1.0154807567596436,-0.04980769753456116,0.8464077711105347,0.41754770278930664,0.9881356358528137,0.04957837611436844,0.8885560035705566,0.5416647791862488,1.5178817510604858,-0.15645579993724823,0.007929888553917408,0.3993341028690338,1.446115255355835,-0.2658020853996277,0.014826012775301933,0.521378219127655,1.9304568767547607,-0.14391043782234192,0.004915161989629269,0.3748844265937805,1.909923791885376,-0.2651363015174866,0.009044568054378033,0.5372363328933716,1.9851170778274536,-0.15186139941215515,0.0075149997137486935,0.3737087845802307,1.9780638217926025,-0.2698991000652313,0.010892711579799652,0.4556373953819275,2.0579140186309814,-0.3183650076389313,0.0069426558911800385,0.3695571720600128,2.0391952991485596,-0.41396623849868774,0.009113600477576256
0.4982570707798004,0.27199485898017883,-0.18819783627986908,0.9974383115768433,0.517724871635437,0.23703235387802124,-0.17078565061092377,0.9930323958396912,0.5263136625289917,0.238243967294693,-0.1710604727268219,0.992576539516449,0.5354692339897156,0.24054130911827087,-0.1710025817155838,0.9937725067138672,0.5012383460998535,0.23459158837795258,-0.14131969213485718,0.9956046342849731,0.4983837604522705,0.23354913294315338,-0.14205479621887207,0.9960926175117493,0.49510687589645386,0.23183833062648773,-0.14243459701538086,0.9969888925552368,0.5673731565475464,0.2640654444694519,-0.09091881662607193,0.9934601187705994,0.5132230520248413,0.24739964306354523,0.05783587694168091,0.9930779933929443,0.5180577039718628,0.3154217600822449,-0.15144364535808563,0.9792593717575073,0.4953462481498718,0.31181055307388306,-0.11397559940814972,0.9803774952888489,0.6277514696121216,0.46670159697532654,-0.07167448103427887,0.9963071942329407,0.4446118474006653,0.4564931094646454,0.1973108947277069,0.9955803751945496,0.6892233490943909,0.6274833083152771,-0.15715552866458893,0.8246557116508484,0.3078574538230896,0.5237497091293335,0.289542019367218,0.4230148494243622,0.648196816444397,0.3005111813545227,-0.14921489357948303,0.742152214050293,0.3517749607563019,0.2851457893848419,0.3183152377605438,0.6963024735450745,0.6509264707565308,0.23124629259109497,-0.14649894833564758,0.7590425610542297,0.3601074516773224,0.23591499030590057,0.32375818490982056,0.6916609406471252,0.6568436622619629,0.21981281042099,-0.13130860030651093,0.7699309587478638,0.37699800729751587,0.22884665429592133,0.3355174660682678,0.6955658197402954,0.6470288634300232,0.2443614900112152,-0.1361481249332428,0.7690690159797668,0.37753593921661377,0.24871021509170532,0.318680077791214,0.7277284264564514,0.5483322739601135,1.015392541885376,-0.05247306078672409,0.84401535987854,0.418877512216568,0.9880411624908447,0.052218176424503326,0.8879488110542297,0.5415177941322327,1.5153354406356812,-0.14455503225326538,0.007320290431380272,0.39877021312713623,1.4402477741241455,-0.2628878951072693,0.014186400920152664,0.5210596323013306,1.9179433584213257,-0.1377689391374588,0.0045091863721609116,0.37367135286331177,1.8954001665115356,-0.2758190333843231,0.00833581481128931,0.5362001061439514,1.9726296663284302,-0.14526240527629852,0.006918927654623985,0.3726998269557953,1.9630084037780762,-0.28128451108932495,0.01018458791077137,0.457733154296875,2.0444180965423584,-0.2865956127643585,0.006366237532347441,0.36942291259765625,2.023407220840454,-0.40782028436660767,0.008384796790778637
0.5030338168144226,0.2740962505340576,-0.1932048797607422,0.9976858496665955,0.5208314061164856,0.23840859532356262,-0.17853467166423798,0.9937109351158142,0.5287649035453796,0.23916172981262207,-0.1788291037082672,0.9933013319969177,0.5377569794654846,0.24117037653923035,-0.17879046499729156,0.9943790435791016,0.504526674747467,0.23755097389221191,-0.14781132340431213,0.9960317611694336,0.5012021064758301,0.23693767189979553,-0.14853732287883759,0.9964722394943237,0.4976065754890442,0.23562009632587433,-0.14891809225082397,0.9972802996635437,0.5681031942367554,0.2641254663467407,-0.09462039917707443,0.9941009283065796,0.5141139626502991,0.2503719925880432,0.051308102905750275,0.9937496781349182,0.521447479724884,0.3158833086490631,-0.1560981720685959,0.981306791305542,0.49916958808898926,0.3126996159553528,-0.11872823536396027,0.9823122620582581,0.6304250955581665,0.4687656760215759,-0.0808267742395401,0.9966623187065125,0.4467483460903168,0.4629361033439636,0.1810736060142517,0.9960045218467712,0.6891438961029053,0.6563131213188171,-0.20170478522777557,0.8379223346710205,0.30879199504852295,0.5503928065299988,0.21802406013011932,0.4397781789302826,0.6474276781082153,0.3315674364566803,-0.19646857678890228,0.7659204006195068,0.3521271347999573,0.3098891079425812,0.19111430644989014,0.7210574746131897,0.6522046327590942,0.2624724209308624,-0.16566534340381622,0.7809005379676819,0.3604888916015625,0.25524261593818665,0.1823875606060028,0.7156522274017334,0.6568334102630615,0.2522035539150238,-0.15625198185443878,0.7907906174659729,0.3773050904273987,0.24877804517745972,0.19203995168209076,0.7191814184188843,0.6465517282485962,0.27753138542175293,-0.16096779704093933,0.7893326282501221,0.37768256664276123,0.2700243294239044,0.1884257048368454,0.7492683529853821,0.5484980940818787,1.0152772665023804,-0.055695753544569016,0.8413478136062622,0.42087411880493164,0.9878854751586914,0.05536508560180664,0.8861256241798401,0.5413836240768433,1.5149270296096802,-0.13824793696403503,0.006691503804177046,0.39868444204330444,1.4400767087936401,-0.2464437484741211,0.013212590478360653,0.520173966884613,1.9168423414230347,-0.1491215080022812,0.004100842401385307,0.37340298295021057,1.8861377239227295,-0.27892619371414185,0.007597716990858316,0.5350220799446106,1.972543478012085,-0.15877965092658997,0.006317661143839359,0.37168192863464355,1.9520939588546753,-0.286024808883667,0.009388914331793785,0.4575222134590149,2.0397679805755615,-0.2996634840965271,0.005797564517706633,0.3638644814491272,2.0099105834960938,-0.4049606919288635,0.0076485429890453815
0.5075362920761108,0.2750222384929657,-0.19693414866924286,0.9979091882705688,0.5246815085411072,0.23873920738697052,-0.18533620238304138,0.994323194026947,0.5325092673301697,0.23961906135082245,-0.1856229603290558,0.9939547777175903,0.5418616533279419,0.2417130321264267,-0.18559610843658447,0.9949262142181396,0.5084303617477417,0.23797772824764252,-0.153847336769104,0.9964171648025513,0.5043773651123047,0.23760037124156952,-0.15452724695205688,0.9968142509460449,0.5003291368484497,0.23652523756027222,-0.15482376515865326,0.997543215751648,0.5700371861457825,0.26415908336639404,-0.10149498283863068,0.9946783185005188,0.5154540538787842,0.2512516379356384,0.04720186069607735,0.9943556785583496,0.5250410437583923,0.3165469169616699,-0.15983256697654724,0.9831541180610657,0.5019136071205139,0.3134955167770386,-0.12190406024456024,0.9840582013130188,0.6329455971717834,0.47432127594947815,-0.09256909042596817,0.9969814419746399,0.4502940773963928,0.4669560194015503,0.1753292828798294,0.9963843822479248,0.6900457143783569,0.685549259185791,-0.28113028407096863,0.8513142466545105,0.3149452209472656,0.5693978667259216,0.26771584153175354,0.4570164084434509,0.6463733911514282,0.3562798500061035,-0.4247722029685974,0.7877732515335083,0.353225439786911,0.3377629816532135,0.29396289587020874,0.7432593703269958,0.6546196937561035,0.2849943935871124,-0.4434685707092285,0.8007134795188904,0.360461562871933,0.2805282473564148,0.2991388142108917,0.7362462878227234,0.6565861105918884,0.273891419172287,-0.4222877025604248,0.8096179366111755,0.377537339925766,0.27446553111076355,0.3021460473537445,0.7393654584884644,0.6436889171600342,0.3036043047904968,-0.4104180335998535,0.8074191212654114,0.37796521186828613,0.2985084652900696,0.29086339473724365,0.7673606276512146,0.5518187284469604,1.0149918794631958,-0.05969025939702988,0.8445745706558228,0.42660030722618103,0.987822949886322,0.05939740687608719,0.8892307281494141,0.5463890433311462,1.514528751373291,-0.11588890850543976,0.006172674708068371,0.39982104301452637,1.433335542678833,-0.26582247018814087,0.01263170875608921,0.5273047685623169,1.9112247228622437,-0.09945226460695267,0.0037316209636628628,0.3760783076286316,1.87522554397583,-0.33498746156692505,0.006945587228983641,0.5429304838180542,1.9672610759735107,-0.10576660931110382,0.0057703168131411076,0.3762694299221039,1.9413436651229858,-0.3479869067668915,0.00868530385196209,0.46627679467201233,2.0285520553588867,-0.23692862689495087,0.005283038131892681,0.36542361974716187,1.9937008619308472,-0.4596380591392517,0.007002729922533035
0.5100796222686768,0.2752138376235962,-0.20669448375701904,0.998110830783844,0.5276304483413696,0.23875240981578827,-0.19658461213111877,0.9948764443397522,0.5358759164810181,0.2397032380104065,-0.1968882977962494,0.9945451617240906,0.5458077788352966,0.24182434380054474,-0.19685949385166168,0.9954206943511963,0.5108828544616699,0.23799069225788116,-0.1615866720676422,0.9967653751373291,0.5065230131149292,0.23767460882663727,-0.1622413545846939,0.9971233010292053,0.5022870302200317,0.23668640851974487,-0.1624956727027893,0.9977806806564331,0.5732213854789734,0.263874888420105,-0.11158303171396255,0.9952002763748169,0.5166477560997009,0.2512321174144745,0.04297003895044327,0.9949033260345459,0.5280526280403137,0.31725889444351196,-0.1690981686115265,0.9848182201385498,0.5035990476608276,0.3140668570995331,-0.12665164470672607,0.985630452632904,0.6370017528533936,0.47929203510284424,-0.09977297484874725,0.9972652196884155,0.45458826422691345,0.46852681040763855,0.18593528866767883,0.996719241142273,0.6939399838447571,0.7038736343383789,-0.2993040680885315,0.8633893132209778,0.3238205909729004,0.5869730114936829,0.29005029797554016,0.4640182554721832,0.6459519863128662,0.3755827248096466,-0.4582824110984802,0.8073549866676331,0.35464924573898315,0.3525053560733795,0.30913808941841125,0.7607847452163696,0.6568630337715149,0.30849602818489075,-0.4840654730796814,0.8184595108032227,0.35935407876968384,0.29460567235946655,0.3130286931991577,0.7523266077041626,0.6564267873764038,0.2993810176849365,-0.4616919457912445,0.8264752626419067,0.37765657901763916,0.28718701004981995,0.3151921331882477,0.7551214098930359,0.6412782669067383,0.3278604745864868,-0.44595974683761597,0.8234868049621582,0.37886151671409607,0.31191226840019226,0.3054836094379425,0.7813637256622314,0.5548227429389954,1.0149365663528442,-0.06284845620393753,0.8478155136108398,0.429799884557724,0.9875337481498718,0.06258971989154816,0.8916956186294556,0.5478456020355225,1.5143355131149292,-0.11248906701803207,0.005757972598075867,0.3996485471725464,1.4290714263916016,-0.2565670907497406,0.012240953743457794,0.5276941061019897,1.909794807434082,-0.0714937373995781,0.003414891893044114,0.3764457106590271,1.8718434572219849,-0.3295743465423584,0.00639337208122015,0.5430017709732056,1.9660351276397705,-0.07529620826244354,0.005311721004545689,0.3772476315498352,1.938402771949768,-0.34501194953918457,0.00811894703656435,0.4663388729095459,2.026432514190674,-0.21324637532234192,0.004846162162721157,0.3656547963619232,1.9902055263519287,-0.4626348614692688,0.006460953503847122
0.5126180648803711,0.27705812454223633,-0.2255205363035202,0.9982926249504089,0.5299409627914429,0.24119679629802704,-0.2132570445537567,0.9953740835189819,0.5380223393440247,0.24228331446647644,-0.21354885399341583,0.9950767755508423,0.5477224588394165,0.2439173310995102,-0.21350142359733582,0.9958657026290894,0.5131964087486267,0.2405719757080078,-0.1816628873348236,0.997078537940979,0.5086318850517273,0.2407645732164383,-0.18230491876602173,0.997401773929596,0.5042930245399475,0.24039553105831146,-0.18257106840610504,0.9979944229125977,0.5744206309318542,0.2646101713180542,-0.11970299482345581,0.9956703782081604,0.5176588892936707,0.25579455494880676,0.02417781949043274,0.9953970909118652,0.5304645299911499,0.3192095458507538,-0.18467126786708832,0.9863218069076538,0.5059083104133606,0.31628191471099854,-0.14682146906852722,0.9870519042015076,0.6378830671310425,0.4828495979309082,-0.10134178400039673,0.9975309371948242,0.45577603578567505,0.4702919125556946,0.17214156687259674,0.9970353841781616,0.6960821151733398,0.726297914981842,-0.33421075344085693,0.8748652338981628,0.3278017044067383,0.5979980826377869,0.2441319227218628,0.4806135892868042,0.6458076238632202,0.3924591839313507,-0.556256890296936,0.825733482837677,0.3547281324863434,0.36842629313468933,0.23993341624736786,0.7808524966239929,0.6577862501144409,0.32646170258522034,-0.5919569134712219,0.8354244232177734,0.35903406143188477,0.31283292174339294,0.2360014170408249,0.7718420028686523,0.6557402014732361,0.31499603390693665,-0.5680491328239441,0.8426355719566345,0.37759122252464294,0.3037113547325134,0.24125370383262634,0.7742836475372314,0.6401441693305969,0.3418352007865906,-0.5451673269271851,0.8393080234527588,0.37892985343933105,0.32881465554237366,0.236425518989563,0.7984668016433716,0.5569378137588501,1.0141351222991943,-0.06055852770805359,0.8493037819862366,0.43169158697128296,0.9874839782714844,0.06028274446725845,0.8928452134132385,0.5522475242614746,1.5139942169189453,-0.12135195732116699,0.005363983567804098,0.40517401695251465,1.4239776134490967,-0.26052483916282654,0.01182569656521082,0.531864583492279,1.9018293619155884,-0.08900399506092072,0.0031439715530723333,0.38003823161125183,1.8607196807861328,-0.31897443532943726,0.0059049674309790134,0.546463668346405,1.9578888416290283,-0.09407833963632584,0.004920563194900751,0.3803645968437195,1.9261184930801392,-0.329437255859375,0.007619533687829971,0.47313833236694336,2.015773296356201,-0.24277503788471222,0.004472082015126944,0.3697676658630371,1.9807368516921997,-0.456434965133667,0.005980134941637516
0.5149016976356506,0.27854979038238525,-0.23985405266284943,0.9984531998634338,0.5318039655685425,0.24249358475208282,-0.2255437672138214,0.9958142638206482,0.5402324199676514,0.24323715269565582,-0.22583353519439697,0.995547890663147,0.5501343011856079,0.24444018304347992,-0.22578004002571106,0.9962594509124756,0.5149084329605103,0.24227218329906464,-0.19567786157131195,0.997355043888092,0.5101467967033386,0.24253572523593903,-0.19631797075271606,0.9976475238800049,0.5056513547897339,0.24228622019290924,-0.19661572575569153,0.998182475566864,0.5765938758850098,0.2647225558757782,-0.12368174642324448,0.9960880279541016,0.5180823802947998,0.25648295879364014,0.014225673861801624,0.9958322644233704,0.533049464225769,0.31960806250572205,-0.19595304131507874,0.9876683354377747,0.5075515508651733,0.3180191218852997,-0.1605718433856964,0.9883232116699219,0.6397693753242493,0.48348015546798706,-0.10202451795339584,0.997768759727478,0.4584217667579651,0.4711105227470398,0.1672554910182953,0.9973159432411194,0.7001714110374451,0.7344972491264343,-0.34326890110969543,0.8852406144142151,0.33111849427223206,0.604866623878479,0.23138944804668427,0.4891637861728668,0.6456738710403442,0.4027838706970215,-0.5883550047874451,0.8422176241874695,0.3567856252193451,0.37732914090156555,0.22426705062389374,0.7979275584220886,0.6586679220199585,0.3375350832939148,-0.628170371055603,0.8506778478622437,0.35909926891326904,0.32200199365615845,0.21964700520038605,0.7885762453079224,0.6551481485366821,0.32478344440460205,-0.6048403382301331,0.8571703433990479,0.37823858857154846,0.3123173713684082,0.23311761021614075,0.7906460165977478,0.638374924659729,0.35236817598342896,-0.5778673887252808,0.8535216450691223,0.38114258646965027,0.33683595061302185,0.22186660766601562,0.8130578398704529,0.5592026710510254,1.0140948295593262,-0.059972651302814484,0.8525438904762268,0.4343642592430115,0.9868232607841492,0.059699125587940216,0.8952578902244568,0.5543635487556458,1.5129733085632324,-0.1184372678399086,0.005003928206861019,0.407217413187027,1.419312596321106,-0.26405319571495056,0.011490516364574432,0.5361084938049316,1.8923640251159668,-0.05520404130220413,0.0028919449541717768,0.3826748728752136,1.8525346517562866,-0.32160812616348267,0.005481270607560873,0.5515791177749634,1.9471420049667358,-0.05677870661020279,0.004561688285320997,0.3836536705493927,1.9181581735610962,-0.3313913643360138,0.007208730094134808,0.47681689262390137,2.0070483684539795,-0.1965368688106537,0.00412236200645566,0.370551198720932,1.971462368965149,-0.4569970965385437,0.005559935234487057
0.5176802277565002,0.27887335419654846,-0.2141244113445282,0.9986011385917664,0.533753514289856,0.2428346425294876,-0.1975547969341278,0.9962173104286194,0.5420848727226257,0.2434007078409195,-0.1978420615196228,0.9959783554077148,0.5519198179244995,0.24453213810920715,-0.19780093431472778,0.9966192841529846,0.5180326700210571,0.24280333518981934,-0.168083056807518,0.9976094365119934,0.5130621194839478,0.24302546679973602,-0.1687365472316742,0.9978737831115723,0.5085569620132446,0.2427542358636856,-0.16905595362186432,0.9983561635017395,0.5776221752166748,0.2648634612560272,-0.0950055941939354,0.9964672923088074,0.5194880366325378,0.25639161467552185,0.04043933376669884,0.9962322115898132,0.5350350141525269,0.319590300321579,-0.17072144150733948,0.9888809323310852,0.5103713274002075,0.3179577589035034,-0.13624456524848938,0.9894700646400452,0.6403619050979614,0.48323744535446167,-0.0769430473446846,0.9979770183563232,0.460244357585907,0.47028881311416626,0.2032535970211029,0.9975627660751343,0.7003104090690613,0.7279353737831116,-0.2728792726993561,0.8942261934280396,0.33486899733543396,0.6001211404800415,0.30843332409858704,0.4950748085975647,0.645721971988678,0.4020504355430603,-0.4972357153892517,0.856395959854126,0.3598845601081848,0.3764737844467163,0.3307857811450958,0.8112777471542358,0.6594898104667664,0.33606359362602234,-0.5190394520759583,0.8634384870529175,0.3591499924659729,0.3197402358055115,0.3362012207508087,0.8006749153137207,0.6552887558937073,0.32369810342788696,-0.49339762330055237,0.8692414164543152,0.3788559138774872,0.31067395210266113,0.3415340483188629,0.8022346496582031,0.6385558843612671,0.3518421947956085,-0.48134931921958923,0.8648995757102966,0.3838912546634674,0.33538931608200073,0.32909008860588074,0.8233470320701599,0.5600453615188599,1.0074197053909302,-0.061768583953380585,0.8623648285865784,0.4358655512332916,0.9775128960609436,0.06152569130063057,0.902393102645874,0.5551262497901917,1.479834794998169,-0.16635675728321075,0.004974951036274433,0.40639907121658325,1.3849494457244873,-0.3086146116256714,0.012142384424805641,0.5378378629684448,1.8686448335647583,-0.15889137983322144,0.002713375026360154,0.38238731026649475,1.8303580284118652,-0.426291286945343,0.0052236588671803474,0.5530991554260254,1.9250681400299072,-0.16673891246318817,0.004292691592127085,0.3839128911495209,1.8995217084884644,-0.44349271059036255,0.007030651438981295,0.4781342148780823,1.9793543815612793,-0.3152204751968384,0.0038798502646386623,0.3701700270175934,1.941702961921692,-0.596887469291687,0.005306608509272337
0.5173569321632385,0.2789120674133301,-0.229324609041214,0.9987343549728394,0.5342221856117249,0.24254463613033295,-0.21457672119140625,0.9965813755989075,0.5426723957061768,0.2429625689983368,-0.21482741832733154,0.9963672757148743,0.5526027083396912,0.24423202872276306,-0.21472899615764618,0.9969443678855896,0.5178225040435791,0.24232228100299835,-0.1813352406024933,0.99783855676651,0.5132854580879211,0.24246445298194885,-0.18195199966430664,0.998077929019928,0.5088837146759033,0.24214361608028412,-0.18227335810661316,0.9985125064849854,0.5787445306777954,0.2644672691822052,-0.11042344570159912,0.9968109726905823,0.5197848677635193,0.2546515464782715,0.03889456391334534,0.9965939521789551,0.5351516008377075,0.31918683648109436,-0.1854763776063919,0.9899749159812927,0.5108202695846558,0.3179086744785309,-0.14621683955192566,0.9905047416687012,0.6416833400726318,0.4828376770019531,-0.08700654655694962,0.9981684684753418,0.4623866677284241,0.4687546193599701,0.19129212200641632,0.9977919459342957,0.7015401124954224,0.7120208144187927,-0.33277037739753723,0.9032853245735168,0.3356851637363434,0.592863917350769,0.26800620555877686,0.5120196342468262,0.6458317041397095,0.39273953437805176,-0.55176842212677,0.8700852394104004,0.35970261693000793,0.3717934489250183,0.3021342158317566,0.8271289467811584,0.6609801054000854,0.3231681287288666,-0.5856619477272034,0.8762657642364502,0.35923320055007935,0.3150537610054016,0.3025718331336975,0.8167132139205933,0.6566437482833862,0.31073036789894104,-0.5611346960067749,0.881464421749115,0.37887829542160034,0.30325233936309814,0.3089348375797272,0.817938506603241,0.6388052701950073,0.33997559547424316,-0.5398958921432495,0.8770947456359863,0.38391202688217163,0.32584503293037415,0.30006328225135803,0.837658703327179,0.5598315000534058,1.0062636137008667,-0.0610203742980957,0.8662558794021606,0.43586063385009766,0.9729641675949097,0.06076362729072571,0.9050100445747375,0.5554858446121216,1.475022554397583,-0.17004024982452393,0.004803733434528112,0.40679407119750977,1.3817437887191772,-0.33669084310531616,0.012799965217709541,0.5400623083114624,1.8603442907333374,-0.1552085280418396,0.0025699178222566843,0.38244742155075073,1.8232213258743286,-0.4075779318809509,0.00510333850979805,0.5546373724937439,1.9179325103759766,-0.1584758162498474,0.0041023907251656055,0.38334643840789795,1.890709400177002,-0.4199441969394684,0.00706005934625864,0.4823552072048187,1.9711666107177734,-0.31066352128982544,0.003700732719153166,0.37179094552993774,1.9389920234680176,-0.5764186382293701,0.005219871643930674
0.51726233959198,0.2794068157672882,-0.20187833905220032,0.9988536834716797,0.5344147086143494,0.24265675246715546,-0.18767912685871124,0.9969080686569214,0.5425957441329956,0.2430737018585205,-0.1879347562789917,0.9967160820960999,0.5523912906646729,0.24460670351982117,-0.18786191940307617,0.9972355365753174,0.5182583332061768,0.24240851402282715,-0.15329185128211975,0.9980445504188538,0.5141301155090332,0.24256831407546997,-0.15394987165927887,0.9982613921165466,0.5098069906234741,0.24227169156074524,-0.15428073704242706,0.9986535310745239,0.579451322555542,0.2649024426937103,-0.09300374239683151,0.9971194863319397,0.5203276872634888,0.25460538268089294,0.06187499314546585,0.9969199299812317,0.5353782773017883,0.3193885087966919,-0.16175906360149384,0.9909568428993225,0.5111119151115417,0.3178560137748718,-0.12100382894277573,0.9914343953132629,0.642291247844696,0.4809260964393616,-0.07725591957569122,0.998336136341095,0.46438121795654297,0.46779388189315796,0.2075507640838623,0.9979974627494812,0.7018007040023804,0.6977102756500244,-0.27226608991622925,0.9101611375808716,0.3351392149925232,0.5820077061653137,0.26603347063064575,0.5225038528442383,0.6471849679946899,0.3763454854488373,-0.3923237919807434,0.8813567161560059,0.3602403998374939,0.3576037883758545,0.25935643911361694,0.8392523527145386,0.6626117825508118,0.3060125708580017,-0.40999770164489746,0.8862537145614624,0.3598043620586395,0.3005272150039673,0.2564871907234192,0.8280673623085022,0.6581854224205017,0.29472383856773376,-0.38736775517463684,0.8908944129943848,0.37945231795310974,0.29102036356925964,0.26366251707077026,0.8290632963180542,0.6419333219528198,0.3225456774234772,-0.37921756505966187,0.8859381079673767,0.38444679975509644,0.31334447860717773,0.25680774450302124,0.8478186130523682,0.5598021745681763,1.004555106163025,-0.06119788438081741,0.8685975670814514,0.4363310933113098,0.9697677493095398,0.06094023585319519,0.907053530216217,0.5550121068954468,1.4659696817398071,-0.18890312314033508,0.0046579111367464066,0.40636205673217773,1.3759112358093262,-0.3273674547672272,0.013059252873063087,0.5391894578933716,1.8555675745010376,-0.1709832400083542,0.0024218454491347075,0.381928026676178,1.8101333379745483,-0.40532106161117554,0.004878954030573368,0.5536428689956665,1.911656141281128,-0.17719469964504242,0.0038612845819443464,0.38269704580307007,1.8760713338851929,-0.4171507954597473,0.006882599089294672,0.4802614152431488,1.9700754880905151,-0.3348599672317505,0.003490674076601863,0.3713535666465759,1.9267942905426025,-0.5638377666473389,0.004996558651328087
0.5177708864212036,0.28068017959594727,-0.1613042801618576,0.9989633560180664,0.5344880819320679,0.24456697702407837,-0.14283521473407745,0.9972066879272461,0.5426648855209351,0.2443455308675766,-0.14309340715408325,0.9970346689224243,0.5522280931472778,0.2456459403038025,-0.14306926727294922,0.9975026845932007,0.5180284380912781,0.24589307606220245,-0.11490248143672943,0.9982327818870544,0.5138835906982422,0.24632138013839722,-0.11557092517614365,0.998428463935852,0.509423017501831,0.24643376469612122,-0.11589726060628891,0.9987818598747253,0.5792279243469238,0.2653501331806183,-0.04661078751087189,0.9974004626274109,0.5197315812110901,0.2564595639705658,0.08191327005624771,0.9972153306007385,0.5369331240653992,0.3196314573287964,-0.12144434452056885,0.9918437004089355,0.5117636919021606,0.31902873516082764,-0.08856698870658875,0.9922723174095154,0.6419193744659424,0.4784621000289917,-0.03916378319263458,0.9984906911849976,0.4636400640010834,0.46738430857658386,0.2119409590959549,0.9981773495674133,0.7017319798469543,0.6900261044502258,-0.18293382227420807,0.9153182506561279,0.33465051651000977,0.578906774520874,0.27735787630081177,0.5221705436706543,0.6494616866111755,0.3753816783428192,-0.2328936606645584,0.8905680775642395,0.362295538187027,0.3549456298351288,0.3177226781845093,0.8427044153213501,0.6626707315444946,0.3041912615299225,-0.2360464632511139,0.8940275311470032,0.3647640347480774,0.2953450381755829,0.3283624053001404,0.8283790946006775,0.659276008605957,0.29317012429237366,-0.21571239829063416,0.8982531428337097,0.3817051351070404,0.28470364212989807,0.34165632724761963,0.8289786577224731,0.6458884477615356,0.3141329884529114,-0.21948905289173126,0.8926927447319031,0.38546624779701233,0.30844178795814514,0.31956416368484497,0.8488547205924988,0.5597865581512451,0.9983077049255371,-0.0611194483935833,0.8712745308876038,0.43669939041137695,0.9646403193473816,0.06086244061589241,0.9083771109580994,0.5547472238540649,1.4481995105743408,-0.2252839058637619,0.004441701341420412,0.40603405237197876,1.3670964241027832,-0.32869136333465576,0.012647854164242744,0.5389307737350464,1.8462766408920288,-0.31080347299575806,0.002264604903757572,0.38309499621391296,1.802518367767334,-0.43076419830322266,0.00455956906080246,0.5532079935073853,1.9035340547561646,-0.328274130821228,0.003610538085922599,0.3849857449531555,1.8700143098831177,-0.44597798585891724,0.0065466961823403835,0.4805680811405182,1.958158254623413,-0.4839884340763092,0.0032657731790095568,0.3710969090461731,1.9145150184631348,-0.5808399319648743,0.004670930560678244
0.5176280736923218,0.2815776467323303,-0.13211584091186523,0.999064028263092,0.5338606834411621,0.24630412459373474,-0.11275716125965118,0.9974797368049622,0.5422676205635071,0.24606187641620636,-0.11300287395715714,0.9973251223564148,0.5515705347061157,0.2471470683813095,-0.11296359449625015,0.9977466464042664,0.517707347869873,0.24728237092494965,-0.08605728298425674,0.9984052181243896,0.5135809779167175,0.24764320254325867,-0.08674963563680649,0.99858158826828,0.5089061856269836,0.2477191537618637,-0.08706365525722504,0.9988999962806702,0.5789382457733154,0.266080766916275,-0.019287632778286934,0.9976555109024048,0.5185707211494446,0.25748130679130554,0.10339836776256561,0.9974862337112427,0.5365886688232422,0.3203618824481964,-0.09362240135669708,0.9926456809043884,0.511437177658081,0.3195241093635559,-0.062361836433410645,0.9930310845375061,0.6416435837745667,0.47615915536880493,-0.012250549159944057,0.9986304044723511,0.4631636142730713,0.46716561913490295,0.21688878536224365,0.9983438849449158,0.7014825344085693,0.657988965511322,-0.13888950645923615,0.9193975329399109,0.3345823287963867,0.5532957911491394,0.2862032949924469,0.5263999104499817,0.6506353616714478,0.3517633080482483,-0.1701347529888153,0.898563027381897,0.3655753433704376,0.3265070617198944,0.34744566679000854,0.8492888808250427,0.6621242165565491,0.28737807273864746,-0.17018142342567444,0.9008603096008301,0.36658400297164917,0.27995556592941284,0.36010411381721497,0.8329014778137207,0.6593708992004395,0.2748686969280243,-0.15175066888332367,0.9047282338142395,0.38421207666397095,0.2743801474571228,0.3738578259944916,0.8331298232078552,0.6468012928962708,0.2985529899597168,-0.15765318274497986,0.8987190127372742,0.38800016045570374,0.2952136695384979,0.34982290863990784,0.8532391786575317,0.5597407221794128,0.9928763508796692,-0.060045015066862106,0.8769908547401428,0.43654608726501465,0.9604907631874084,0.05975892394781113,0.9120838046073914,0.5536648035049438,1.432220458984375,-0.24415767192840576,0.004338772501796484,0.40581807494163513,1.3564718961715698,-0.32444027066230774,0.012350141070783138,0.5380524396896362,1.838234305381775,-0.3777414560317993,0.0021746496204286814,0.3833833336830139,1.795778751373291,-0.41944757103919983,0.0042955330573022366,0.5513046383857727,1.8962763547897339,-0.39983272552490234,0.0034613395109772682,0.38598620891571045,1.8634626865386963,-0.4341132640838623,0.0062918164767324924,0.4796028137207031,1.9510071277618408,-0.552848756313324,0.003135083010420203,0.37020760774612427,1.9093254804611206,-0.5613877177238464,0.004403702914714813
0.5181503295898438,0.2798810601234436,-0.11276037991046906,0.9991528987884521,0.5350857973098755,0.24434445798397064,-0.0912761241197586,0.997721254825592,0.543605625629425,0.2440764158964157,-0.09154807776212692,0.9975824356079102,0.5524901151657104,0.2449709177017212,-0.09154011309146881,0.997962474822998,0.5183535218238831,0.2451232522726059,-0.06365110725164413,0.9985578656196594,0.5143269300460815,0.2452208399772644,-0.06433847546577454,0.998717188835144,0.5096715092658997,0.24462871253490448,-0.06466458737850189,0.9990044832229614,0.5797275900840759,0.2644924521446228,0.003402748377993703,0.9978824853897095,0.5184634923934937,0.2565951645374298,0.12957102060317993,0.997725784778595,0.5368672609329224,0.3183903694152832,-0.07474417984485626,0.9933604001998901,0.5120524168014526,0.31838321685791016,-0.042383819818496704,0.9937078952789307,0.6414903402328491,0.4715006947517395,-0.00483330525457859,0.9987525939941406,0.46278300881385803,0.46192440390586853,0.236990287899971,0.9984925985336304,0.7016323804855347,0.6135985255241394,-0.11006847769021988,0.9222044944763184,0.334322988986969,0.521756112575531,0.2936188578605652,0.5296107530593872,0.6518067121505737,0.3083988130092621,-0.0854632630944252,0.9043995141983032,0.36838725209236145,0.2895304262638092,0.33286935091018677,0.8543566465377808,0.6619287729263306,0.25104305148124695,-0.0811963602900505,0.9050475358963013,0.37107962369918823,0.24085862934589386,0.34076446294784546,0.8360227942466736,0.6594976186752319,0.22838428616523743,-0.06180489808320999,0.908617377281189,0.3893769681453705,0.23950999975204468,0.3554578721523285,0.8359916806221008,0.6476324796676636,0.253344863653183,-0.07178066670894623,0.9020233154296875,0.39220649003982544,0.2577524483203888,0.3346264958381653,0.8565788865089417,0.560187041759491,0.9930545091629028,-0.05986727029085159,0.882351815700531,0.43631428480148315,0.9612414836883545,0.059577275067567825,0.9157528877258301,0.5535517930984497,1.4335201978683472,-0.2573516368865967,0.0041521647945046425,0.40478062629699707,1.3583754301071167,-0.318868488073349,0.011805691756308079,0.5379689931869507,1.8365213871002197,-0.3652271628379822,0.0020383831579238176,0.3841249644756317,1.790379285812378,-0.408487468957901,0.0039895023219287395,0.5512970089912415,1.8941144943237305,-0.38449886441230774,0.0032540191896259785,0.38732248544692993,1.855873942375183,-0.42152923345565796,0.005948410369455814,0.48068028688430786,1.949250340461731,-0.543976366519928,0.0029396137688308954,0.37020397186279297,1.9051376581192017,-0.5477373600006104,0.004090436268597841
0.517892599105835,0.2852034568786621,-0.10648207366466522,0.9992191195487976,0.5339206457138062,0.25196439027786255,-0.08663316071033478,0.9978970289230347,0.541995644569397,0.25219208002090454,-0.08690233528614044,0.9977757334709167,0.5499141216278076,0.2527100741863251,-0.0869092047214508,0.9981198906898499,0.5182938575744629,0.2523910105228424,-0.06156681850552559,0.9986706972122192,0.5142146348953247,0.2522316575050354,-0.062211357057094574,0.9988204836845398,0.509506106376648,0.2515580356121063,-0.06253951042890549,0.9990823864936829,0.5785387754440308,0.26882660388946533,0.004205436445772648,0.9980607628822327,0.5183936357498169,0.2636857032775879,0.12007556110620499,0.9979102611541748,0.5364024043083191,0.32508018612861633,-0.0697561725974083,0.9939631223678589,0.5119081735610962,0.32302311062812805,-0.04035087674856186,0.9942827820777893,0.641079306602478,0.4721173048019409,0.004355719778686762,0.9988598823547363,0.46236997842788696,0.4620516002178192,0.20694568753242493,0.9986287355422974,0.7037999033927917,0.5825071334838867,-0.10512125492095947,0.920353889465332,0.334198921918869,0.49877476692199707,0.15656641125679016,0.5249738097190857,0.6547308564186096,0.2725650668144226,-0.11373778432607651,0.9083783030509949,0.3693879544734955,0.26735079288482666,0.0897342711687088,0.8607573509216309,0.6620512008666992,0.2200881689786911,-0.1182740107178688,0.9084893465042114,0.371570885181427,0.2197820246219635,0.0716245174407959,0.8428319692611694,0.6620714664459229,0.19689807295799255,-0.1025594100356102,0.9121633172035217,0.39086541533470154,0.2186528742313385,0.08885833621025085,0.8430138826370239,0.6514124274253845,0.22432994842529297,-0.10339196771383286,0.9053165912628174,0.3942406475543976,0.23502883315086365,0.0889347642660141,0.8634772896766663,0.5620573163032532,0.9932001829147339,-0.037381574511528015,0.8761720061302185,0.43799537420272827,0.9655560851097107,0.03703897446393967,0.9116430878639221,0.5564618706703186,1.4383786916732788,-0.21035322546958923,0.003777598263695836,0.4096356928348541,1.3624138832092285,-0.31184449791908264,0.010829659178853035,0.5424395203590393,1.8421461582183838,-0.27347034215927124,0.001857734052464366,0.3913503587245941,1.797769546508789,-0.33962884545326233,0.0036441416013985872,0.554986298084259,1.8979324102401733,-0.2893271744251251,0.00297497003339231,0.3923880159854889,1.8625425100326538,-0.3462783694267273,0.005477581638842821,0.4871952533721924,1.9551390409469604,-0.4754966199398041,0.002680413890630007,0.38797682523727417,1.9082162380218506,-0.48430004715919495,0.0037327008321881294
0.5184863805770874,0.29811665415763855,-0.11045502126216888,0.9992773532867432,0.5344493985176086,0.26598045229911804,-0.08899864554405212,0.9980486631393433,0.5425394773483276,0.26727262139320374,-0.08927221596240997,0.9979432821273804,0.5505679249763489,0.26861369609832764,-0.08926458656787872,0.99825519323349,0.5185593962669373,0.2664226293563843,-0.06479620933532715,0.9987688064575195,0.5145412087440491,0.26722103357315063,-0.06543709337711334,0.9989104270935059,0.5100957155227661,0.2672666609287262,-0.06575610488653183,0.9991496205329895,0.5784530639648438,0.2901462912559509,0.00878639705479145,0.9982152581214905,0.518500804901123,0.2806617021560669,0.12014193832874298,0.9980741739273071,0.5370324850082397,0.3391799330711365,-0.07143740355968475,0.994482159614563,0.5128005743026733,0.33585089445114136,-0.0430634468793869,0.9947827458381653,0.6405457258224487,0.48363494873046875,0.009125322103500366,0.9989414215087891,0.4623085856437683,0.4672194719314575,0.19638855755329132,0.9987403750419617,0.706165075302124,0.5571486353874207,-0.11767230182886124,0.9176486134529114,0.33413469791412354,0.4822094738483429,0.15681271255016327,0.5205000638961792,0.6615197062492371,0.25037094950675964,-0.13909222185611725,0.9103654623031616,0.37319159507751465,0.24085034430027008,0.12075735628604889,0.866393506526947,0.6637071371078491,0.19422060251235962,-0.14855965971946716,0.9104622602462769,0.3767410218715668,0.19087450206279755,0.10736703872680664,0.8490550518035889,0.6667078137397766,0.17414933443069458,-0.12870115041732788,0.9144051671028137,0.39508357644081116,0.19439926743507385,0.12394855171442032,0.8495103716850281,0.6580169200897217,0.20459279417991638,-0.1282244324684143,0.9073008894920349,0.3977503478527069,0.21314358711242676,0.12040988355875015,0.8699480891227722,0.5662833452224731,0.9998355507850647,-0.0322686992585659,0.8656560182571411,0.44148555397987366,0.9773682355880737,0.031882695853710175,0.9041127562522888,0.562214732170105,1.4678164720535278,-0.20257052779197693,0.0034350529313087463,0.417005717754364,1.3960490226745605,-0.28163132071495056,0.009890332818031311,0.5499047636985779,1.8575447797775269,-0.2623470425605774,0.0016984101384878159,0.3987436294555664,1.82008957862854,-0.2817065119743347,0.0033236073795706034,0.5622304081916809,1.9075682163238525,-0.2778703570365906,0.0027363623958081007,0.3985033631324768,1.876050353050232,-0.28590160608291626,0.005037953611463308,0.49713677167892456,1.981170654296875,-0.45141252875328064,0.0024547306820750237,0.3994908928871155,1.955606460571289,-0.42144423723220825,0.003402997273951769
0.5198663473129272,0.32011860609054565,-0.1257559210062027,0.9993155002593994,0.5351321697235107,0.28692829608917236,-0.1066342368721962,0.9981394410133362,0.5430645942687988,0.28771892189979553,-0.10690875351428986,0.9980549812316895,0.5509148836135864,0.2888934910297394,-0.10689042508602142,0.9983399510383606,0.5190921425819397,0.2889750003814697,-0.07601858675479889,0.998827338218689,0.5150460004806519,0.2900245785713196,-0.07675766199827194,0.9989686012268066,0.5106198787689209,0.29027456045150757,-0.07711812853813171,0.9991897344589233,0.5779564380645752,0.3123958706855774,-0.008998489007353783,0.9983280897140503,0.518506646156311,0.30441173911094666,0.09150025993585587,0.9981881976127625,0.538061261177063,0.358896940946579,-0.08531540632247925,0.9949253797531128,0.5145794153213501,0.3589489459991455,-0.04448616877198219,0.9952058792114258,0.6394766569137573,0.504865288734436,-0.015486638061702251,0.9990237355232239,0.46206241846084595,0.4851658344268799,0.1398630142211914,0.9988425970077515,0.707102358341217,0.5361689925193787,-0.19659169018268585,0.9193639755249023,0.3353291153907776,0.4679088294506073,0.0910952240228653,0.527039110660553,0.6649316549301147,0.22792695462703705,-0.2922153174877167,0.9162694215774536,0.37451791763305664,0.2312769591808319,0.032311584800481796,0.8755144476890564,0.6701461672782898,0.1655658483505249,-0.32196539640426636,0.9164332747459412,0.37627774477005005,0.17484691739082336,0.01059757824987173,0.8591919541358948,0.6682528257369995,0.14511920511722565,-0.3028668761253357,0.9202789664268494,0.3945353627204895,0.17588892579078674,0.02109633758664131,0.8597421050071716,0.6596895456314087,0.17546401917934418,-0.28536105155944824,0.9133991599082947,0.3976755440235138,0.19768965244293213,0.028078246861696243,0.8793560266494751,0.5694127678871155,1.0111281871795654,-0.03196856379508972,0.8569269180297852,0.4452493190765381,0.9950889348983765,0.031558942049741745,0.896694004535675,0.5689939856529236,1.483690857887268,-0.19906163215637207,0.003135829698294401,0.42317214608192444,1.4149580001831055,-0.23402221500873566,0.009056352078914642,0.5592554807662964,1.8760532140731812,-0.2551030218601227,0.001571979490108788,0.4054628312587738,1.8309861421585083,-0.1668536365032196,0.00304531492292881,0.5718744397163391,1.9259953498840332,-0.26940375566482544,0.002550494624301791,0.40466976165771484,1.8818869590759277,-0.16461226344108582,0.004668825771659613,0.5083209276199341,2.001652717590332,-0.4442633092403412,0.0022745400201529264,0.40707117319107056,1.9746499061584473,-0.2988312840461731,0.0031138635240495205
0.5196633338928223,0.34627994894981384,-0.18556059896945953,0.9993444085121155,0.5350539088249207,0.3124643862247467,-0.16653385758399963,0.9982135891914368,0.543030321598053,0.31445425748825073,-0.16682502627372742,0.9981418251991272,0.5508626699447632,0.316802442073822,-0.16679614782333374,0.9984092116355896,0.5189968943595886,0.31114545464515686,-0.13689258694648743,0.998871386051178,0.5149339437484741,0.31185317039489746,-0.13750573992729187,0.9990096092224121,0.5105006694793701,0.312252014875412,-0.13777537643909454,0.9992193579673767,0.5775499939918518,0.3414615988731384,-0.07156115770339966,0.998418390750885,0.5183817744255066,0.3272846043109894,0.055130183696746826,0.998274028301239,0.5379679203033447,0.38563355803489685,-0.1471843421459198,0.9952847361564636,0.5143880844116211,0.38495588302612305,-0.11069883406162262,0.9955503344535828,0.6399088501930237,0.5382841229438782,-0.08828946948051453,0.999070942401886,0.4620916247367859,0.5069714784622192,0.11920692026615143,0.9989126324653625,0.7084558606147766,0.5184584856033325,-0.32284319400787354,0.9213871955871582,0.3384626507759094,0.45520520210266113,0.08667680621147156,0.5224597454071045,0.6679664850234985,0.20353318750858307,-0.466378390789032,0.9205098152160645,0.37506741285324097,0.22910314798355103,0.020767372101545334,0.878670334815979,0.6749135851860046,0.1337122768163681,-0.5109438896179199,0.9201372861862183,0.3763318657875061,0.17383812367916107,-0.006354670971632004,0.8625995516777039,0.6723307371139526,0.12176917493343353,-0.4867876470088959,0.9240290522575378,0.3943145275115967,0.1712973713874817,-0.002119528828188777,0.8637442588806152,0.66317218542099,0.15318407118320465,-0.4588891565799713,0.9168400764465332,0.39761003851890564,0.1938466578722,0.0130359698086977,0.883747398853302,0.5742935538291931,1.0354440212249756,-0.03235941380262375,0.8381850123405457,0.45100855827331543,1.0235564708709717,0.03197397664189339,0.8808440566062927,0.5756421089172363,1.516505241394043,-0.17982006072998047,0.002842268906533718,0.4272685945034027,1.4538586139678955,-0.296164870262146,0.008276696316897869,0.564449667930603,1.9159272909164429,-0.17884603142738342,0.0014330549165606499,0.40944504737854004,1.8676873445510864,-0.22351005673408508,0.002769815968349576,0.5757005214691162,1.9681142568588257,-0.18936112523078918,0.002340272068977356,0.40804582834243774,1.9168798923492432,-0.2201921045780182,0.004290872253477573,0.5144340395927429,2.040733575820923,-0.38635510206222534,0.0020778013858944178,0.4141506254673004,2.0123727321624756,-0.3671841323375702,0.0028342946898192167
0.5200890302658081,0.375447541475296,-0.18133363127708435,0.9993920922279358,0.5357387065887451,0.34306976199150085,-0.16387100517749786,0.9983429908752441,0.5433676242828369,0.3444681167602539,-0.16416361927986145,0.9982835054397583,0.550919771194458,0.3461599051952362,-0.16413281857967377,0.9985274076461792,0.5205399394035339,0.34246185421943665,-0.13397343456745148,0.9989510178565979,0.5160090923309326,0.3425326943397522,-0.13466855883598328,0.9990816116333008,0.5114916563034058,0.3424871861934662,-0.13503846526145935,0.9992727637290955,0.57695472240448,0.3705652356147766,-0.06907100230455399,0.9985441565513611,0.5188437104225159,0.3571092486381531,0.059217166155576706,0.9983974695205688,0.5378595590591431,0.41166257858276367,-0.14230279624462128,0.9956961870193481,0.5143119096755981,0.41007834672927856,-0.10692684352397919,0.9959376454353333,0.6398574113845825,0.5710806250572205,-0.0888434424996376,0.999148428440094,0.46244463324546814,0.5319066643714905,0.12558118999004364,0.9989996552467346,0.7107766270637512,0.5043836832046509,-0.3469426929950714,0.9255114793777466,0.3418557941913605,0.44984686374664307,0.03482876718044281,0.5137165784835815,0.6692812442779541,0.18457427620887756,-0.5353211164474487,0.9267557263374329,0.3755457401275635,0.224067822098732,-0.11267542839050293,0.883261501789093,0.6787823438644409,0.11833027750253677,-0.5898576974868774,0.9262984991073608,0.3781275451183319,0.17192776501178741,-0.15484142303466797,0.8687635660171509,0.6738342046737671,0.11389420926570892,-0.5678311586380005,0.9300652742385864,0.39484137296676636,0.16943460702896118,-0.15252521634101868,0.870494544506073,0.6633275151252747,0.1449490338563919,-0.530232310295105,0.9231687784194946,0.39781948924064636,0.19111312925815582,-0.124114491045475,0.8902197480201721,0.578515350818634,1.037124752998352,-0.03321859613060951,0.8087628483772278,0.4593031406402588,1.031091332435608,0.0328189954161644,0.8522120714187622,0.5864189267158508,1.5294299125671387,-0.18843235075473785,0.002570606069639325,0.43657389283180237,1.4750654697418213,-0.34427350759506226,0.007524731568992138,0.575014591217041,1.9341286420822144,-0.19702094793319702,0.001305369078181684,0.42514047026634216,1.8998522758483887,-0.2587023377418518,0.0025176829658448696,0.586620032787323,1.9902552366256714,-0.2125907838344574,0.0021525744814425707,0.4246143400669098,1.955284595489502,-0.243539959192276,0.003954493906348944,0.5261136293411255,2.0524277687072754,-0.44055992364883423,0.0018994819838553667,0.4296332001686096,2.0339062213897705,-0.4430471360683441,0.0025812156964093447
0.5230564475059509,0.3972482979297638,-0.12513300776481628,0.9994281530380249,0.5375373959541321,0.36740827560424805,-0.09950119256973267,0.9984353184700012,0.5445202589035034,0.3683903217315674,-0.09977453947067261,0.9983859658241272,0.5514063835144043,0.3697202801704407,-0.0997438132762909,0.9986123442649841,0.5229741334915161,0.3662906587123871,-0.07531527429819107,0.9990100860595703,0.5178571343421936,0.3665083944797516,-0.0758485496044159,0.9991353750228882,0.5127430558204651,0.36690518260002136,-0.07602643221616745,0.999312162399292,0.5767025351524353,0.3925090730190277,0.0073889391496777534,0.9986324310302734,0.5189270377159119,0.382966011762619,0.1182798519730568,0.9984824657440186,0.5387857556343079,0.43252161145210266,-0.08419592678546906,0.9960306286811829,0.5156949162483215,0.4316869080066681,-0.055385179817676544,0.9962531328201294,0.639778733253479,0.588869571685791,-0.054106347262859344,0.999212384223938,0.463864266872406,0.5586605072021484,0.14060933887958527,0.999072790145874,0.7125592827796936,0.4797987937927246,-0.3306569457054138,0.9254496097564697,0.34975960850715637,0.4414609670639038,0.0395805686712265,0.5017496943473816,0.6726597547531128,0.16877831518650055,-0.5543627738952637,0.9300015568733215,0.37804847955703735,0.20898014307022095,-0.14736433327198029,0.886289119720459,0.6825318932533264,0.10531674325466156,-0.6190306544303894,0.929546594619751,0.38239604234695435,0.15840695798397064,-0.19997426867485046,0.8735207915306091,0.6767929792404175,0.10188240557909012,-0.5989809036254883,0.9336082935333252,0.39857831597328186,0.15925170481204987,-0.20151963829994202,0.8759617209434509,0.6656278371810913,0.12969668209552765,-0.5524236559867859,0.9266843199729919,0.4008677899837494,0.18080244958400726,-0.1620968133211136,0.8953847289085388,0.5830673575401306,1.0480518341064453,-0.03366401791572571,0.7876355051994324,0.4679098129272461,1.040761947631836,0.03324257209897041,0.8325031995773315,0.5925575494766235,1.5565567016601562,-0.2252553254365921,0.0023230931255966425,0.44246965646743774,1.5052412748336792,-0.3723562955856323,0.006823691539466381,0.578458309173584,1.966530680656433,-0.27526959776878357,0.001185965840704739,0.43300771713256836,1.9299734830856323,-0.2951282560825348,0.002280846703797579,0.5892112851142883,2.023221731185913,-0.2934545576572418,0.0019712664652615786,0.4332801401615143,1.9846439361572266,-0.2824667692184448,0.0036181153263896704,0.5300508141517639,2.085388422012329,-0.5224899053573608,0.0017314087599515915,0.43884581327438354,2.0678608417510986,-0.4820777475833893,0.0023425559047609568
0.5250250697135925,0.41707730293273926,-0.07734544575214386,0.9994571805000305,0.5403756499290466,0.38429221510887146,-0.05113314464688301,0.9985146522521973,0.5470314025878906,0.38535329699516296,-0.05139009281992912,0.9984699487686157,0.5533868074417114,0.3870614767074585,-0.051363397389650345,0.9986830949783325,0.5250396132469177,0.3832736015319824,-0.02707575261592865,0.9990633130073547,0.5192793607711792,0.3837893605232239,-0.027619685977697372,0.9991827607154846,0.5137075781822205,0.3845585584640503,-0.027804318815469742,0.9993499517440796,0.57674640417099,0.40921083092689514,0.05368917062878609,0.9987021684646606,0.5200117826461792,0.40006664395332336,0.1647333800792694,0.9985611438751221,0.5403398275375366,0.4506564736366272,-0.037180542945861816,0.9963214993476868,0.5165310502052307,0.45085644721984863,-0.008793709799647331,0.996535062789917,0.6399799585342407,0.5976259112358093,-0.00480937585234642,0.9992652535438538,0.4671350121498108,0.5685223340988159,0.18954116106033325,0.9991441369056702,0.7121689319610596,0.45760032534599304,-0.28526243567466736,0.9230354428291321,0.36168545484542847,0.4349061846733093,0.08599680662155151,0.49566736817359924,0.6736816167831421,0.15170669555664062,-0.45207685232162476,0.9307988286018372,0.3839583992958069,0.19443844258785248,-0.0696457177400589,0.8905258774757385,0.6849055290222168,0.08744372427463531,-0.5020577311515808,0.9300493597984314,0.3882310390472412,0.14532527327537537,-0.11872130632400513,0.8786877393722534,0.6788212656974792,0.08364364504814148,-0.4851360321044922,0.934718132019043,0.4062831401824951,0.1443910151720047,-0.1222786158323288,0.8817355632781982,0.6661155819892883,0.1105881929397583,-0.4479747414588928,0.9275217652320862,0.40870723128318787,0.16745896637439728,-0.08447558432817459,0.9004483222961426,0.5862592458724976,1.0504324436187744,-0.03335151821374893,0.7667045593261719,0.4726496636867523,1.0492358207702637,0.03291436284780502,0.815276026725769,0.6006494760513306,1.558225154876709,-0.22006528079509735,0.002100244164466858,0.4486656188964844,1.5168167352676392,-0.3585191071033478,0.006195859983563423,0.5897253155708313,1.9742374420166016,-0.27032119035720825,0.0010761177400127053,0.44412484765052795,1.9432393312454224,-0.28683996200561523,0.0020647775381803513,0.6004726886749268,2.031491279602051,-0.2872278690338135,0.001802036538720131,0.4448394775390625,1.9965686798095703,-0.28064021468162537,0.003303638193756342,0.543669581413269,2.093418598175049,-0.5046897530555725,0.001574161695316434,0.4524390697479248,2.0820045471191406,-0.463883638381958,0.0021228669211268425
0.524922251701355,0.42722049355506897,-0.08214128017425537,0.9994524121284485,0.5402661561965942,0.39904892444610596,-0.06326169520616531,0.9984930753707886,0.5469926595687866,0.4008355438709259,-0.06342276930809021,0.9984589219093323,0.5534034967422485,0.40353673696517944,-0.0633593499660492,0.9986637830734253,0.5247499346733093,0.3969847857952118,-0.033203162252902985,0.9990515112876892,0.5191715955734253,0.39693599939346313,-0.03391105681657791,0.9991810321807861,0.5136262774467468,0.39691251516342163,-0.034190788865089417,0.9993453621864319,0.5766048431396484,0.42924970388412476,0.027326595038175583,0.9986927509307861,0.5200430154800415,0.41071873903274536,0.16209465265274048,0.9985514283180237,0.5394436717033386,0.4636414349079132,-0.03939078003168106,0.9964444637298584,0.5153846740722656,0.4584290087223053,-0.019840124994516373,0.9966741800308228,0.6330844759941101,0.6081787347793579,-0.019205842167139053,0.9992875456809998,0.46697625517845154,0.575507640838623,0.1367626190185547,0.9991884231567383,0.7061364054679871,0.4336357116699219,-0.27746954560279846,0.9236657619476318,0.36739322543144226,0.4191158711910248,-0.007797027938067913,0.49674317240715027,0.6727281212806702,0.1327020823955536,-0.46121877431869507,0.9328827857971191,0.38717085123062134,0.17253684997558594,-0.2378290891647339,0.8945778012275696,0.6835046410560608,0.07589317113161087,-0.5233693718910217,0.9322172999382019,0.39371684193611145,0.11952626705169678,-0.3051541745662689,0.8836190700531006,0.6780567169189453,0.07496200501918793,-0.5169067978858948,0.9372100234031677,0.4120204448699951,0.11870437115430832,-0.3087180256843567,0.8871511816978455,0.6656025648117065,0.10170495510101318,-0.4642341136932373,0.930085301399231,0.4137870669364929,0.14210160076618195,-0.2552724778652191,0.9052075147628784,0.5845794081687927,1.0476409196853638,-0.0257622841745615,0.7549213767051697,0.47256985306739807,1.0502521991729736,0.025296280160546303,0.8041368722915649,0.5995014905929565,1.5564799308776855,-0.19781433045864105,0.0019129322608932853,0.4514249265193939,1.5140963792800903,-0.3437553346157074,0.005669853184372187,0.5888198018074036,1.9763317108154297,-0.2159160077571869,0.0009880337165668607,0.44723063707351685,1.940039873123169,-0.22550249099731445,0.0018797552911564708,0.5987345576286316,2.035994052886963,-0.2309069186449051,0.0016794976545497775,0.4467344284057617,1.9943269491195679,-0.22053742408752441,0.0030473920051008463,0.5449063777923584,2.087714910507202,-0.5009785890579224,0.0014496984658762813,0.45854681730270386,2.0711286067962646,-0.407412588596344,0.0019340217113494873
0.5210889577865601,0.43472960591316223,-0.1939341127872467,0.9994441866874695,0.5392133593559265,0.4051138460636139,-0.1717388778924942,0.9984424114227295,0.5462013483047485,0.40750202536582947,-0.17205910384655,0.9984146952629089,0.5529142618179321,0.41098591685295105,-0.1720375418663025,0.9986087679862976,0.5221330523490906,0.40502768754959106,-0.14570215344429016,0.9990320205688477,0.5171010494232178,0.406022310256958,-0.1462891697883606,0.9991735219955444,0.5118331909179688,0.4069623351097107,-0.14656105637550354,0.9993363618850708,0.5757402777671814,0.4388370215892792,-0.07210569083690643,0.9986405968666077,0.5192316770553589,0.4240916073322296,0.047084443271160126,0.9985309839248657,0.5356804132461548,0.4744676351547241,-0.1536358743906021,0.9964455366134644,0.5120173692703247,0.46816134452819824,-0.1254640519618988,0.996715247631073,0.6267406940460205,0.609768271446228,-0.10522971302270889,0.9992486238479614,0.46677184104919434,0.5835253596305847,0.06446917355060577,0.9991987943649292,0.6907504796981812,0.40921786427497864,-0.35249844193458557,0.9229381680488586,0.37546274065971375,0.4074069857597351,-0.06829608976840973,0.5035277605056763,0.6744665503501892,0.10393586754798889,-0.5749825239181519,0.932153046131134,0.38742896914482117,0.16242918372154236,-0.3046005368232727,0.8984618782997131,0.6841597557067871,0.04510608687996864,-0.6492121815681458,0.9320355653762817,0.392090380191803,0.10534283518791199,-0.37717121839523315,0.8882260918617249,0.6792112588882446,0.04670287296175957,-0.6494284868240356,0.9377586245536804,0.41021519899368286,0.10312183201313019,-0.38946831226348877,0.8922016620635986,0.6671075224876404,0.07494868338108063,-0.5834857225418091,0.9306826591491699,0.4124666154384613,0.12599268555641174,-0.3261042833328247,0.909615695476532,0.5836748480796814,1.0476844310760498,-0.025330284610390663,0.7529680132865906,0.4695889949798584,1.0777418613433838,0.02487250231206417,0.8026358485221863,0.5965786576271057,1.5610085725784302,-0.18346007168293,0.0017528751632198691,0.45256486535072327,1.5225545167922974,-0.2929393947124481,0.005203622858971357,0.5865130424499512,1.982148289680481,-0.18828892707824707,0.0009112395928241313,0.4462248682975769,1.946500539779663,-0.16106942296028137,0.0017114946385845542,0.5960474610328674,2.0448617935180664,-0.20282450318336487,0.001579909585416317,0.4455968737602234,2.002922296524048,-0.15511366724967957,0.0028169890865683556,0.54459547996521,2.0833897590637207,-0.46839818358421326,0.0013444367796182632,0.4555847644805908,2.0683350563049316,-0.3414608836174011,0.0017639192519709468
0.5185121297836304,0.4450196623802185,-0.1839188039302826,0.9994490742683411,0.5380359888076782,0.415480375289917,-0.16242201626300812,0.9984705448150635,0.5452335476875305,0.4176563620567322,-0.16272136569023132,0.9984316229820251,0.5524612665176392,0.4210042655467987,-0.16269811987876892,0.9986305236816406,0.5188460350036621,0.41428107023239136,-0.1360713541507721,0.9990547299385071,0.5140351057052612,0.41564759612083435,-0.13667383790016174,0.9991865158081055,0.5084959268569946,0.41661083698272705,-0.1369400918483734,0.9993530511856079,0.575274646282196,0.4461943805217743,-0.06361483037471771,0.998641312122345,0.5156457424163818,0.4331517815589905,0.057627301663160324,0.9985507130622864,0.5344446897506714,0.4857887327671051,-0.14393679797649384,0.9965336918830872,0.5093404054641724,0.47892382740974426,-0.11380557715892792,0.9968157410621643,0.623878538608551,0.6093761324882507,-0.0975542888045311,0.9992125630378723,0.46669667959213257,0.5872675776481628,0.09964960068464279,0.9991987347602844,0.6777330636978149,0.40064096450805664,-0.31914496421813965,0.9221821427345276,0.3866720199584961,0.39891189336776733,0.01438899151980877,0.5117108821868896,0.6748653650283813,0.0859384536743164,-0.5241812467575073,0.9291104078292847,0.38926011323928833,0.14996027946472168,-0.2669444680213928,0.8980613350868225,0.683398425579071,0.036263495683670044,-0.5938875079154968,0.9288483262062073,0.3909520208835602,0.09251614660024643,-0.2293556183576584,0.8870856165885925,0.6787722706794739,0.03813939541578293,-0.5974329710006714,0.93582683801651,0.40888404846191406,0.0888928696513176,-0.19612112641334534,0.8922972083091736,0.6680130958557129,0.06346061080694199,-0.5326448082923889,0.9285187125205994,0.411468505859375,0.11245562136173248,-0.19865307211875916,0.9094672799110413,0.5833317637443542,1.0521421432495117,-0.031022146344184875,0.7407398819923401,0.4678114056587219,1.0950874090194702,0.030587583780288696,0.7930405735969543,0.5983474254608154,1.5740758180618286,-0.15103138983249664,0.0016076554311439395,0.455213725566864,1.5404646396636963,-0.22854375839233398,0.004781618714332581,0.590175449848175,2.006007194519043,-0.14520348608493805,0.0008353087469004095,0.4498492181301117,1.9631597995758057,-0.1186801940202713,0.0015551358228549361,0.6017914414405823,2.0708377361297607,-0.15674659609794617,0.0014764799270778894,0.4502052664756775,2.020709991455078,-0.11315874755382538,0.0025945270899683237,0.5451845526695251,2.0996015071868896,-0.37435320019721985,0.001236522221006453,0.45538386702537537,2.075000524520874,-0.27613383531570435,0.0016063913935795426
0.5182177424430847,0.44862455129623413,-0.16123028099536896,0.9993767738342285,0.5378252267837524,0.4201892018318176,-0.13345995545387268,0.9982734322547913,0.5451800227165222,0.4223872423171997,-0.1337459683418274,0.9981828927993774,0.5524300932884216,0.4254269599914551,-0.13371914625167847,0.9984422326087952,0.5177805423736572,0.41847026348114014,-0.11637523025274277,0.9989630579948425,0.5126118063926697,0.41999512910842896,-0.11701302230358124,0.9990952610969543,0.5071247816085815,0.42124855518341064,-0.11731193959712982,0.9993024468421936,0.5750447511672974,0.450308620929718,-0.01538870669901371,0.9983699321746826,0.513679563999176,0.43895423412323,0.06472904980182648,0.9983897805213928,0.5343270897865295,0.4892028272151947,-0.11373700201511383,0.9962339401245117,0.5085962414741516,0.48262134194374084,-0.09517107903957367,0.9966317415237427,0.6218575239181519,0.6139546036720276,-0.03967372328042984,0.9990860223770142,0.4665887951850891,0.58688884973526,0.10697299242019653,0.9991645216941833,0.6715173125267029,0.3930632770061493,-0.21876366436481476,0.9120562672615051,0.39441654086112976,0.3911968171596527,0.03124004229903221,0.5124531984329224,0.6752063035964966,0.08468393236398697,-0.42851224541664124,0.9146428108215332,0.3932808041572571,0.13728000223636627,-0.14963939785957336,0.8939781785011292,0.6829186081886292,0.027721311897039413,-0.5057024359703064,0.9149627685546875,0.3940666913986206,0.0845159962773323,-0.19442416727542877,0.881749153137207,0.6783862709999084,0.02802838571369648,-0.547505795955658,0.9247917532920837,0.40996211767196655,0.07899923622608185,-0.20573385059833527,0.8883576393127441,0.6683046817779541,0.05575459823012352,-0.44688162207603455,0.9172563552856445,0.4127903878688812,0.10214363038539886,-0.15609970688819885,0.9054622054100037,0.5831649303436279,1.101409673690796,-0.025107871741056442,0.7216334939002991,0.4667021334171295,1.1014646291732788,0.024648793041706085,0.7770226001739502,0.6004033088684082,1.5815047025680542,-0.13567611575126648,0.0014693750999867916,0.45768922567367554,1.5479663610458374,-0.21857663989067078,0.004362783394753933,0.5922070741653442,2.0200765132904053,-0.1339952051639557,0.000762022624257952,0.453715980052948,1.9757380485534668,-0.09063676744699478,0.001408757409080863,0.6032751798629761,2.0871667861938477,-0.145900160074234,0.0013637128286063671,0.45459407567977905,2.0355145931243896,-0.08296938985586166,0.0023692240938544273,0.5474641919136047,2.1067733764648438,-0.35939010977745056,0.0011295578442513943,0.457825243473053,2.081329345703125,-0.2440350353717804,0.0014564095763489604
0.5160486102104187,0.4528191089630127,-0.1676647961139679,0.9993498921394348,0.5361409187316895,0.4224169850349426,-0.14573979377746582,0.9982529282569885,0.5436667203903198,0.42407405376434326,-0.14604352414608002,0.9981331825256348,0.5514061450958252,0.4266106188297272,-0.14600929617881775,0.9984190464019775,0.515488862991333,0.42174360156059265,-0.12353105843067169,0.998956561088562,0.5106242895126343,0.42350858449935913,-0.12419644743204117,0.9990801215171814,0.5054134130477905,0.42490074038505554,-0.12448900938034058,0.9993039965629578,0.5738230347633362,0.45042189955711365,-0.046210698783397675,0.9983362555503845,0.512427568435669,0.44147753715515137,0.05935375764966011,0.9983885288238525,0.5326273441314697,0.4937053620815277,-0.12551172077655792,0.9962741732597351,0.5068374872207642,0.48775675892829895,-0.10035054385662079,0.9966937899589539,0.6206218004226685,0.6143792271614075,-0.0703166127204895,0.9990140199661255,0.46652013063430786,0.5910345911979675,0.09583227336406708,0.9991573691368103,0.6652489900588989,0.3836870789527893,-0.23243024945259094,0.9065695405006409,0.3971644639968872,0.3789670765399933,0.023773042485117912,0.517987847328186,0.6758126616477966,0.07933996617794037,-0.45320016145706177,0.9067187905311584,0.39881035685539246,0.1348283886909485,-0.16875632107257843,0.8921682834625244,0.6829211711883545,0.02213297411799431,-0.5289705395698547,0.9066009521484375,0.3970901370048523,0.08105095475912094,-0.23365838825702667,0.8791131377220154,0.6785602569580078,0.023191820830106735,-0.5466858148574829,0.9184613227844238,0.41160503029823303,0.07440043985843658,-0.2549053728580475,0.8871591687202454,0.6689051389694214,0.053202178329229355,-0.4693923890590668,0.9103482365608215,0.415020614862442,0.09908570349216461,-0.19089548289775848,0.9032412171363831,0.5827153325080872,1.1297471523284912,-0.025630787014961243,0.6963861584663391,0.466590940952301,1.1159822940826416,0.025185057893395424,0.7546427845954895,0.5991206765174866,1.6082334518432617,-0.11425165086984634,0.0013453131541609764,0.4566915035247803,1.5718306303024292,-0.18438872694969177,0.003988716285675764,0.5912813544273376,2.052720546722412,-0.07225634902715683,0.0006968816742300987,0.45029836893081665,2.0009539127349854,-0.021620089188218117,0.0012774586211889982,0.6022025942802429,2.122178316116333,-0.08035828173160553,0.0012684401590377092,0.4509461522102356,2.0619099140167236,-0.010439334437251091,0.0021704169921576977,0.5474861264228821,2.1326401233673096,-0.29362860321998596,0.0010367392096668482,0.4527808725833893,2.099168062210083,-0.16947808861732483,0.0013243022840470076
0.513952910900116,0.46079909801483154,-0.1675032675266266,0.9993640780448914,0.5339123606681824,0.429225891828537,-0.1446112096309662,0.9983264803886414,0.5412899255752563,0.43008214235305786,-0.14491258561611176,0.9982013702392578,0.5490562319755554,0.43168336153030396,-0.14487865567207336,0.9984839558601379,0.5138200521469116,0.4285890460014343,-0.12275787442922592,0.9990022778511047,0.5091233849525452,0.4298781156539917,-0.1233740821480751,0.9991168975830078,0.5042158365249634,0.43086105585098267,-0.1236681342124939,0.9993369579315186,0.5716551542282104,0.4529927670955658,-0.0503222830593586,0.9984059929847717,0.5118401646614075,0.44587916135787964,0.059979069977998734,0.9984650015830994,0.530387282371521,0.5007139444351196,-0.124748095870018,0.9964791536331177,0.5055159330368042,0.4950382113456726,-0.09856566786766052,0.9968858361244202,0.6202656030654907,0.615103006362915,-0.07614132016897202,0.9990105628967285,0.46650537848472595,0.5952150821685791,0.10105389356613159,0.9991814494132996,0.6610279679298401,0.38225969672203064,-0.2399764060974121,0.9084064364433289,0.39864933490753174,0.38398122787475586,0.04841243848204613,0.5339047908782959,0.6755361557006836,0.0717490091919899,-0.4520959258079529,0.9088850021362305,0.40105852484703064,0.14050301909446716,-0.1319301873445511,0.8964487910270691,0.6825839281082153,0.001444921363145113,-0.5241075754165649,0.9078542590141296,0.3987438976764679,0.08554613590240479,-0.19261613488197327,0.8832686543464661,0.6782731413841248,-0.001045553246513009,-0.5351063013076782,0.920101523399353,0.4120451509952545,0.07872911542654037,-0.21501266956329346,0.8918432593345642,0.6687740683555603,0.03467551991343498,-0.46511954069137573,0.9118635654449463,0.4159085154533386,0.10489298403263092,-0.15413808822631836,0.9065563082695007,0.5822482109069824,1.1367896795272827,-0.030436402186751366,0.6699034571647644,0.46601638197898865,1.1197868585586548,0.029968291521072388,0.7303529381752014,0.5983014106750488,1.626440405845642,-0.11892609298229218,0.001245589111931622,0.45531338453292847,1.580193281173706,-0.19234785437583923,0.0036909673362970352,0.5894106030464172,2.0758183002471924,-0.08130926638841629,0.0006433384260162711,0.4475027620792389,2.01539945602417,-0.03728674724698067,0.0011635404080152512,0.6004144549369812,2.1453585624694824,-0.08989568054676056,0.001199839636683464,0.44802308082580566,2.0760138034820557,-0.026738962158560753,0.0020057361107319593,0.5446740388870239,2.156564235687256,-0.30658531188964844,0.0009637419716455042,0.4500151574611664,2.115377902984619,-0.18857380747795105,0.0012127812951803207
0.5053154230117798,0.46214649081230164,-0.11384351551532745,0.9993410706520081,0.5246049761772156,0.4329736530780792,-0.10422428697347641,0.9983125329017639,0.532793402671814,0.43498650193214417,-0.1045488491654396,0.9981907606124878,0.5401738882064819,0.43787872791290283,-0.10451920330524445,0.9984829425811768,0.5088603496551514,0.4328640401363373,-0.06984373182058334,0.9989907741546631,0.5051851272583008,0.4342900514602661,-0.07048963010311127,0.9991098046302795,0.5011709928512573,0.43544772267341614,-0.07073143869638443,0.9993367195129395,0.5640411376953125,0.4628116190433502,-0.04883619397878647,0.9984344840049744,0.5113489031791687,0.45417192578315735,0.10375936329364777,0.998483419418335,0.5199313759803772,0.503170371055603,-0.09074518084526062,0.996626615524292,0.5006973147392273,0.49697357416152954,-0.048727601766586304,0.9970127940177917,0.6163078546524048,0.6198174953460693,-0.0969466120004654,0.999032735824585,0.4653843343257904,0.6028199791908264,0.13902533054351807,0.9992052316665649,0.6605460047721863,0.3906337320804596,-0.3020111322402954,0.9099137783050537,0.39575910568237305,0.3905768096446991,0.08266932517290115,0.5400691628456116,0.6747747659683228,0.08351562917232513,-0.5205851197242737,0.910234272480011,0.39994463324546814,0.14406245946884155,-0.12214373052120209,0.8987144827842712,0.6815329790115356,0.019000692293047905,-0.6012476682662964,0.9092737436294556,0.3978375792503357,0.08977903425693512,-0.1865701973438263,0.8861666321754456,0.6775730848312378,0.015983710065484047,-0.610476016998291,0.9218530654907227,0.411489874124527,0.08205997198820114,-0.21249249577522278,0.8953514099121094,0.6682677865028381,0.04720449075102806,-0.5329030156135559,0.9133396744728088,0.4153238832950592,0.10744272917509079,-0.14724870026111603,0.909169614315033,0.5806316137313843,1.1493854522705078,-0.045515675097703934,0.6509118676185608,0.46349287033081055,1.1352012157440186,0.045032668858766556,0.7113299369812012,0.5976443886756897,1.6520589590072632,-0.1570860743522644,0.001151919481344521,0.4556358754634857,1.6058080196380615,-0.1677626520395279,0.003386958735063672,0.5886784791946411,2.1080918312072754,-0.09610672295093536,0.0005955604719929397,0.4490131437778473,2.0540428161621094,-0.005699175875633955,0.0010581560200080276,0.5996180176734924,2.179028034210205,-0.10883530229330063,0.001143531408160925,0.44972068071365356,2.1171875,0.004628176800906658,0.0018572794506326318,0.5440042614936829,2.185969829559326,-0.35996177792549133,0.000899499049410224,0.44999226927757263,2.1537911891937256,-0.16187193989753723,0.0011088766623288393
0.5022400617599487,0.465997576713562,-0.09839984029531479,0.9993413090705872,0.5219960808753967,0.43987715244293213,-0.07941729575395584,0.9983237981796265,0.5304248332977295,0.44259902834892273,-0.07974701374769211,0.998207688331604,0.5379501581192017,0.4463486671447754,-0.07972215116024017,0.9985061287879944,0.5058976411819458,0.439901739358902,-0.04990663379430771,0.9989925026893616,0.5022426247596741,0.4417683482170105,-0.050534687936306,0.9991093277931213,0.49827831983566284,0.44321635365486145,-0.05076729506254196,0.9993373155593872,0.5612671971321106,0.4741894602775574,-0.0016976945335045457,0.9984551668167114,0.5089547634124756,0.4625643491744995,0.1342051923274994,0.9984620213508606,0.5168498754501343,0.5075061917304993,-0.06692808866500854,0.9967463612556458,0.49734392762184143,0.5007378458976746,-0.03135078400373459,0.9971063137054443,0.6124575734138489,0.6314506530761719,-0.0571223683655262,0.9990698099136353,0.4594624936580658,0.6105841398239136,0.15955667197704315,0.9992201328277588,0.6586068272590637,0.3981688618659973,-0.2444653958082199,0.911780059337616,0.392524391412735,0.39430761337280273,0.0861438661813736,0.5438355207443237,0.6724041700363159,0.09259838610887527,-0.4539780020713806,0.9125742316246033,0.39935094118118286,0.148483008146286,-0.12105449289083481,0.8972060084342957,0.680815577507019,0.029982471838593483,-0.5385012030601501,0.911506175994873,0.39736121892929077,0.09500113874673843,-0.18840926885604858,0.8844992518424988,0.6769641041755676,0.026413924992084503,-0.5654269456863403,0.9241747260093689,0.41027775406837463,0.08815866708755493,-0.21195006370544434,0.8945293426513672,0.6666553616523743,0.05615530163049698,-0.470034122467041,0.9157400131225586,0.4140900671482086,0.11301170289516449,-0.14642903208732605,0.9085108637809753,0.5779755711555481,1.1611253023147583,-0.04532631114125252,0.6445280313491821,0.45772266387939453,1.15071439743042,0.04487750679254532,0.7019107937812805,0.5971847772598267,1.6628466844558716,-0.17812487483024597,0.0010775052942335606,0.4547494947910309,1.6178239583969116,-0.19761183857917786,0.0031258761882781982,0.5879032611846924,2.1243999004364014,-0.15190353989601135,0.0005551218637265265,0.4479897618293762,2.0714046955108643,-0.049062687903642654,0.0009644878446124494,0.5988849401473999,2.198040008544922,-0.16622111201286316,0.0010935425525531173,0.44863852858543396,2.136575222015381,-0.03989829495549202,0.001722818473353982,0.5433090925216675,2.1999526023864746,-0.42233577370643616,0.0008427015854977071,0.4495278298854828,2.170616388320923,-0.21261969208717346,0.001014534616842866
0.5012295842170715,0.47091272473335266,-0.07590783387422562,0.9993557333946228,0.5209372639656067,0.44662758708000183,-0.04915046691894531,0.9983554482460022,0.5292972326278687,0.44990456104278564,-0.04947304353117943,0.9982489347457886,0.5371560454368591,0.4546911418437958,-0.0494394525885582,0.9985417723655701,0.5033347606658936,0.4461996853351593,-0.02493910677731037,0.999009907245636,0.49925678968429565,0.4481847882270813,-0.025548601523041725,0.9991243481636047,0.49452152848243713,0.44968366622924805,-0.02577509917318821,0.9993453025817871,0.5601521730422974,0.48416629433631897,0.05273755267262459,0.9984755516052246,0.50332111120224,0.4689016044139862,0.16479803621768951,0.9984519481658936,0.5169312357902527,0.5123334527015686,-0.03646302595734596,0.9968373775482178,0.4954034388065338,0.5057255625724792,-0.007864313200116158,0.9971780180931091,0.6067816615104675,0.6442898511886597,-0.0007723726448602974,0.9990989565849304,0.45426368713378906,0.6168158650398254,0.18480184674263,0.9992255568504333,0.6577078700065613,0.40367504954338074,-0.19805581867694855,0.9115806221961975,0.3916897773742676,0.40884461998939514,0.0997898206114769,0.5438278913497925,0.6689664125442505,0.0963529720902443,-0.40951666235923767,0.9130758047103882,0.38867413997650146,0.16008524596691132,-0.11203669011592865,0.8940356373786926,0.6741946935653687,0.0411943681538105,-0.48526349663734436,0.9122685790061951,0.38978925347328186,0.10799608379602432,-0.1830594539642334,0.8810734748840332,0.6709332466125488,0.03657953068614006,-0.5021465420722961,0.9253129363059998,0.4035434126853943,0.10185934603214264,-0.19983765482902527,0.8919804692268372,0.6621052026748657,0.05735953152179718,-0.4230869710445404,0.9170148968696594,0.40654245018959045,0.12449084222316742,-0.14170819520950317,0.9065901637077332,0.5736418962478638,1.1623727083206177,-0.04383713752031326,0.6435618996620178,0.45342230796813965,1.1558940410614014,0.043340083211660385,0.6978734731674194,0.5935746431350708,1.6610203981399536,-0.2159995585680008,0.001015108311548829,0.45462003350257874,1.6190361976623535,-0.20898516476154327,0.002881555585190654,0.5791198015213013,2.125810384750366,-0.27597618103027344,0.0005226606735959649,0.4470532536506653,2.0807902812957764,-0.072699174284935,0.000880245235748589,0.5887260437011719,2.1998257637023926,-0.2969355881214142,0.0010572491446509957,0.4476843476295471,2.1471168994903564,-0.06518734991550446,0.001601058174856007,0.5328145027160645,2.203052043914795,-0.5566726326942444,0.0007986883283592761,0.44876059889793396,2.1837735176086426,-0.23850250244140625,0.0009291784954257309
0.49645668268203735,0.47521018981933594,-0.0920606330037117,0.9994010925292969,0.5151705741882324,0.44943028688430786,-0.06897342950105667,0.9984772801399231,0.5253620743751526,0.452495276927948,-0.06929075717926025,0.998383104801178,0.534000039100647,0.4569967985153198,-0.06925204396247864,0.998651921749115,0.4981566369533539,0.44984766840934753,-0.03955554589629173,0.9990801215171814,0.4935452938079834,0.4515431821346283,-0.04016600921750069,0.999187171459198,0.48894867300987244,0.45284250378608704,-0.04036955162882805,0.9993898272514343,0.5577210187911987,0.4861973226070404,0.025055041536688805,0.9985929131507874,0.4991127550601959,0.4719620645046234,0.16327139735221863,0.9985561370849609,0.5137423872947693,0.5164660811424255,-0.05534772202372551,0.9970789551734924,0.49045267701148987,0.5101514458656311,-0.020348478108644485,0.997383713722229,0.6040066480636597,0.6541173458099365,-0.03675549849867821,0.999154269695282,0.4517936110496521,0.62580806016922,0.2060966044664383,0.9992590546607971,0.6568809151649475,0.42071059346199036,-0.31161123514175415,0.9161898493766785,0.3784475326538086,0.42797452211380005,0.12612423300743103,0.547471284866333,0.6599107384681702,0.104793481528759,-0.5729595422744751,0.918366014957428,0.37868744134902954,0.17254243791103363,-0.10478325188159943,0.8963241577148438,0.6669192910194397,0.06111843138933182,-0.6594876050949097,0.9177597165107727,0.3795661926269531,0.12094081193208694,-0.18141388893127441,0.884427547454834,0.6655596494674683,0.0587473139166832,-0.6621739864349365,0.9301961064338684,0.3955763876438141,0.11784160137176514,-0.19226528704166412,0.8955708742141724,0.6555948257446289,0.07484380900859833,-0.5827851295471191,0.9222050905227661,0.39908403158187866,0.13855573534965515,-0.1391688734292984,0.9099203944206238,0.5694142580032349,1.1750853061676025,-0.05955260992050171,0.6351945400238037,0.44864898920059204,1.1695398092269897,0.059012215584516525,0.6869886517524719,0.5889772772789001,1.6816788911819458,-0.2677628695964813,0.0009705201955512166,0.4534984230995178,1.6358542442321777,-0.2000543773174286,0.0026738359592854977,0.5743569731712341,2.144437074661255,-0.33852922916412354,0.0005066965823061764,0.4463661313056946,2.100851535797119,-0.062132757157087326,0.0008111690985970199,0.5856575965881348,2.2176342010498047,-0.3599381744861603,0.001087983837351203,0.4472653269767761,2.1692349910736084,-0.055537085980176926,0.0015401917044073343,0.5239416360855103,2.2260982990264893,-0.6238759160041809,0.0007932893931865692,0.4433799386024475,2.2043066024780273,-0.23607487976551056,0.00086629280121997
0.49358996748924255,0.4790162444114685,-0.05706625059247017,0.9994451403617859,0.5096597671508789,0.4522349536418915,-0.028423592448234558,0.998590350151062,0.520868182182312,0.4546820819377899,-0.028705885633826256,0.9985067248344421,0.5302725434303284,0.4588829576969147,-0.028654973953962326,0.9987538456916809,0.4926892817020416,0.45420747995376587,-0.0006771886837668717,0.9991464018821716,0.487460196018219,0.45607835054397583,-0.0012613743310794234,0.9992457628250122,0.48284459114074707,0.4576185345649719,-0.0014169870410114527,0.9994315505027771,0.5533193349838257,0.4871459901332855,0.07470540702342987,0.9986947178840637,0.4903052747249603,0.47711411118507385,0.20510394871234894,0.9986456632614136,0.5125978589057922,0.5174042582511902,-0.018103865906596184,0.997300922870636,0.4875706732273102,0.5137659907341003,0.015512190759181976,0.99757319688797,0.6021086573600769,0.6563253402709961,0.002252573613077402,0.9992126226425171,0.4472765326499939,0.6280569434165955,0.236126109957695,0.9992992281913757,0.6583187580108643,0.4448184669017792,-0.29332414269447327,0.9180757403373718,0.36302492022514343,0.45251476764678955,0.16004398465156555,0.5482369065284729,0.650251567363739,0.13380171358585358,-0.5375682711601257,0.9215975999832153,0.3709031343460083,0.19284027814865112,-0.04015694931149483,0.8974224925041199,0.6603928804397583,0.07981541752815247,-0.6185418963432312,0.9213508367538452,0.37270888686180115,0.1408264935016632,-0.10355092585086823,0.8860516548156738,0.6580712199211121,0.07803075760602951,-0.6188291907310486,0.9335393905639648,0.38896968960762024,0.13884128630161285,-0.1216888278722763,0.8975139856338501,0.6455018520355225,0.09814929217100143,-0.5461530089378357,0.9257254600524902,0.39301347732543945,0.16103672981262207,-0.06565503776073456,0.9119401574134827,0.566510796546936,1.1700478792190552,-0.05709444731473923,0.62196946144104,0.44350942969322205,1.1665841341018677,0.056551408022642136,0.6721198558807373,0.5833845734596252,1.6809195280075073,-0.30979615449905396,0.0009034170652739704,0.447448194026947,1.6321171522140503,-0.22995981574058533,0.0024546030908823013,0.5716544389724731,2.1404147148132324,-0.47352322936058044,0.0004781188617926091,0.4397456645965576,2.0977163314819336,-0.13765519857406616,0.0007412204286083579,0.5839374661445618,2.2115728855133057,-0.5042617917060852,0.0010635441867634654,0.43964242935180664,2.1640803813934326,-0.13625475764274597,0.0014425677945837379,0.5216030478477478,2.2261431217193604,-0.7769625782966614,0.0007577353972010314,0.43997979164123535,2.2094271183013916,-0.32463061809539795,0.0007957209600135684
0.49206358194351196,0.47576776146888733,-0.07536479085683823,0.999476969242096,0.5082898736000061,0.44949060678482056,-0.05040205270051956,0.9986733794212341,0.5190461874008179,0.4520305097103119,-0.050698667764663696,0.9986003041267395,0.5284782648086548,0.4563325345516205,-0.0506555549800396,0.9988300800323486,0.49144965410232544,0.4502119719982147,-0.022574711591005325,0.9991916418075562,0.4863506257534027,0.4518512189388275,-0.023177839815616608,0.9992867708206177,0.4816933274269104,0.45343711972236633,-0.023372408002614975,0.999458909034729,0.5503965020179749,0.48456189036369324,0.05027822405099869,0.9987741708755493,0.4890158772468567,0.47383803129196167,0.17688192427158356,0.9987046718597412,0.5111892223358154,0.5135224461555481,-0.03789447993040085,0.9974892735481262,0.48507872223854065,0.5103282332420349,-0.003700574394315481,0.9977323412895203,0.5985263586044312,0.6626635789871216,-0.011798681691288948,0.9992673397064209,0.4393039643764496,0.6244140863418579,0.21250025928020477,0.9993366003036499,0.6582808494567871,0.4801289737224579,-0.32588106393814087,0.9212544560432434,0.3452199697494507,0.4701712727546692,0.08793031424283981,0.5428177118301392,0.6400269269943237,0.18125778436660767,-0.606155514717102,0.92567378282547,0.3668186068534851,0.2122061848640442,-0.1526675820350647,0.9009485244750977,0.6450681686401367,0.11302661895751953,-0.688625693321228,0.9254137277603149,0.36982160806655884,0.15607117116451263,-0.22160688042640686,0.8907438516616821,0.6411659717559814,0.10949932038784027,-0.6794685125350952,0.9370473623275757,0.3866283893585205,0.15724226832389832,-0.2296357899904251,0.9019109010696411,0.6321596503257751,0.13723339140415192,-0.6105995178222656,0.9293882846832275,0.390818327665329,0.18268434703350067,-0.1728496253490448,0.9157029986381531,0.5541945695877075,1.1339445114135742,-0.05546808987855911,0.6141218543052673,0.4418884813785553,1.127440333366394,0.05492819473147392,0.6618682742118835,0.577328085899353,1.676052212715149,-0.2935250699520111,0.0008449192973785102,0.4446817934513092,1.6264631748199463,-0.23590342700481415,0.002250054618343711,0.570419192314148,2.133394479751587,-0.4303390383720398,0.00045524872257374227,0.43969622254371643,2.093261241912842,-0.1476840078830719,0.0006803051801398396,0.5835338830947876,2.203437566757202,-0.4582896828651428,0.0010472775902599096,0.4396151900291443,2.159450054168701,-0.14695359766483307,0.0013627329608425498,0.5214847326278687,2.225139617919922,-0.7264462113380432,0.0007332419045269489,0.44046664237976074,2.2079412937164307,-0.3376362919807434,0.0007350870291702449
0.49146753549575806,0.4730464518070221,-0.057971298694610596,0.9994995594024658,0.5074962377548218,0.4466206133365631,-0.025016453117132187,0.9987256526947021,0.5182479619979858,0.4491316080093384,-0.025299543514847755,0.9986617565155029,0.5278624296188354,0.4532943367958069,-0.025264963507652283,0.9988803863525391,0.49028974771499634,0.4469677805900574,-0.004130305256694555,0.9992185831069946,0.4854060113430023,0.44852063059806824,-0.004684688989073038,0.9993110299110413,0.4806458353996277,0.45002153515815735,-0.004839322064071894,0.9994735717773438,0.5492261648178101,0.4810434877872467,0.09361065924167633,0.9988187551498413,0.486818790435791,0.4701264798641205,0.19029942154884338,0.9987225532531738,0.510717511177063,0.5110041499137878,-0.014834759756922722,0.9976256489753723,0.4842146337032318,0.507733941078186,0.009712336584925652,0.9978456497192383,0.5963417291641235,0.6628071069717407,0.03304428607225418,0.9993142485618591,0.4353213310241699,0.6235048770904541,0.21381299197673798,0.99936842918396,0.659024178981781,0.5003258585929871,-0.24838626384735107,0.923334538936615,0.3322286009788513,0.4939127564430237,0.08923782408237457,0.5436837673187256,0.6365194916725159,0.20866775512695312,-0.5387181043624878,0.9293041229248047,0.3633587658405304,0.2375645935535431,-0.14280804991722107,0.9045493602752686,0.6428431272506714,0.14115098118782043,-0.6081680059432983,0.9288897514343262,0.3667367100715637,0.18534605205059052,-0.20160281658172607,0.8945028781890869,0.6375979781150818,0.1382262110710144,-0.5887230634689331,0.9400196075439453,0.3833872973918915,0.18727724254131317,-0.18923869729042053,0.9053037762641907,0.6292213201522827,0.16654916107654572,-0.5364835858345032,0.9325639605522156,0.38718265295028687,0.21193167567253113,-0.14921854436397552,0.9187496900558472,0.5494421720504761,1.1037890911102295,-0.04747319594025612,0.609034538269043,0.4400804042816162,1.1000069379806519,0.04687265306711197,0.6546605229377747,0.5740520358085632,1.671726942062378,-0.2834281325340271,0.0007916667382232845,0.43924450874328613,1.6238431930541992,-0.2755838930606842,0.0020750504918396473,0.5669863224029541,2.1268882751464844,-0.43753939867019653,0.000434486020822078,0.43516308069229126,2.081902027130127,-0.23156723380088806,0.0006279376684688032,0.580191433429718,2.198331356048584,-0.46711596846580505,0.0010210430482402444,0.43512073159217834,2.1470391750335693,-0.2349890023469925,0.0012904192553833127,0.5186660289764404,2.2142577171325684,-0.7271708846092224,0.0007057681796140969,0.4370425343513489,2.1948673725128174,-0.4245775640010834,0.000681519799400121
0.48992377519607544,0.47131893038749695,-0.06784727424383163,0.999512791633606,0.505668044090271,0.4447701871395111,-0.0405147522687912,0.9987559914588928,0.5162547826766968,0.44716331362724304,-0.04081525281071663,0.998706042766571,0.5258690118789673,0.45126670598983765,-0.040779393166303635,0.9989132285118103,0.4884432852268219,0.4449879825115204,-0.015839699655771255,0.9992305636405945,0.48379334807395935,0.44645658135414124,-0.016400517895817757,0.9993243217468262,0.4790068566799164,0.44790366291999817,-0.016550222411751747,0.999478280544281,0.5474086999893188,0.4806306064128876,0.0684397965669632,0.9988617300987244,0.48492661118507385,0.46781837940216064,0.17733076214790344,0.9987386465072632,0.5096839666366577,0.5096781849861145,-0.029282262548804283,0.9977434277534485,0.4832729697227478,0.505998432636261,-0.0003934397827833891,0.9979451894760132,0.5964791178703308,0.660960853099823,0.030702318996191025,0.9993587732315063,0.433704137802124,0.6220129132270813,0.21737618744373322,0.9994019865989685,0.6617648005485535,0.5385100245475769,-0.16174998879432678,0.926382839679718,0.322205126285553,0.5221242904663086,0.18807470798492432,0.5469404458999634,0.6323891282081604,0.24210378527641296,-0.33362334966659546,0.9337653517723083,0.35791414976119995,0.27577316761016846,0.0907704159617424,0.909247636795044,0.6417790651321411,0.1704799085855484,-0.38149556517601013,0.933253288269043,0.36135920882225037,0.22431126236915588,0.05532994866371155,0.8994078040122986,0.636730432510376,0.16778041422367096,-0.3724282383918762,0.9437191486358643,0.37812861800193787,0.22405126690864563,0.053151439875364304,0.9096859693527222,0.6274706125259399,0.1968066394329071,-0.33258751034736633,0.9365850687026978,0.3816160261631012,0.24764378368854523,0.07980696856975555,0.9227274656295776,0.5484069585800171,1.0919252634048462,-0.04733920842409134,0.5978833436965942,0.43913060426712036,1.0882799625396729,0.046727295964956284,0.6416467428207397,0.5706464648246765,1.6631927490234375,-0.2812024652957916,0.0007482512737624347,0.4357903003692627,1.6216833591461182,-0.24719783663749695,0.0019227445591241121,0.5656986236572266,2.1248974800109863,-0.4389811158180237,0.0004224090080242604,0.4318736493587494,2.0789616107940674,-0.18982556462287903,0.000584962428547442,0.5800431370735168,2.1904304027557373,-0.46725207567214966,0.0010172347538173199,0.4313112199306488,2.143686056137085,-0.18884766101837158,0.0012407226022332907,0.5155243873596191,2.209453582763672,-0.7137192487716675,0.0006914928671903908,0.43355363607406616,2.1885769367218018,-0.3747459053993225,0.0006371780764311552
0.4900181293487549,0.4704166054725647,-0.0893506407737732,0.9995296001434326,0.5058261156082153,0.44359859824180603,-0.06307031214237213,0.9988026022911072,0.5160099267959595,0.44584953784942627,-0.06336776167154312,0.9987662434577942,0.5253509283065796,0.4499770998954773,-0.06333549320697784,0.998960554599762,0.4882013201713562,0.4439087212085724,-0.03849189728498459,0.9992510080337524,0.4836025834083557,0.4452710449695587,-0.03910249471664429,0.9993436932563782,0.4786296486854553,0.44664886593818665,-0.03932160139083862,0.9994874596595764,0.546970546245575,0.4774756133556366,0.04007037356495857,0.9989199638366699,0.48439639806747437,0.4663505256175995,0.151836097240448,0.9987690448760986,0.5099227428436279,0.5085828900337219,-0.05072600767016411,0.9978594779968262,0.4834703803062439,0.5049068331718445,-0.021914301440119743,0.9980389475822449,0.5971125364303589,0.6584728360176086,0.021046141162514687,0.999396800994873,0.4335709512233734,0.6218015551567078,0.21110311150550842,0.9994224905967712,0.6619528532028198,0.5851637721061707,-0.19186006486415863,0.9291334748268127,0.3156262934207916,0.5526165962219238,0.19993354380130768,0.5503211617469788,0.630202054977417,0.2922583818435669,-0.34300947189331055,0.9373844265937805,0.35247236490249634,0.3100575804710388,0.1511295586824417,0.911014199256897,0.6397445797920227,0.21550559997558594,-0.38536617159843445,0.9366326928138733,0.35354217886924744,0.25259944796562195,0.12793269753456116,0.9003745317459106,0.636116087436676,0.21123388409614563,-0.37500736117362976,0.9465409517288208,0.3666172921657562,0.2507549822330475,0.12534435093402863,0.9104630947113037,0.6271307468414307,0.24337898194789886,-0.34091779589653015,0.9396002292633057,0.37063461542129517,0.27393078804016113,0.14107096195220947,0.9239488244056702,0.549920380115509,1.085679292678833,-0.04776887223124504,0.5934149622917175,0.43941012024879456,1.0813429355621338,0.047170110046863556,0.6347121000289917,0.5701935887336731,1.6521204710006714,-0.3024396002292633,0.0007247869507409632,0.4358998239040375,1.6092541217803955,-0.24637000262737274,0.001806126907467842,0.5643681287765503,2.1124863624572754,-0.483945369720459,0.00042335179750807583,0.431791216135025,2.068045139312744,-0.19755716621875763,0.0005511417402885854,0.5791326761245728,2.173250198364258,-0.51439368724823,0.00103335315361619,0.4311324656009674,2.13102388381958,-0.19951428472995758,0.0012083215406164527,0.5134543776512146,2.206146478652954,-0.7602359056472778,0.0007008326356299222,0.43370217084884644,2.1867008209228516,-0.37188881635665894,0.0006043983739800751
0.4890022873878479,0.46963855624198914,-0.03884313255548477,0.9995612502098083,0.5043215751647949,0.443259596824646,-0.011245925910770893,0.9988840818405151,0.5144583582878113,0.44441303610801697,-0.011517513543367386,0.9988569021224976,0.5238305330276489,0.4470219910144806,-0.011461778543889523,0.9990341663360596,0.4868052899837494,0.4430815875530243,0.013142483308911324,0.9992980360984802,0.4822109639644623,0.4443895220756531,0.012538837268948555,0.9993858933448792,0.47713083028793335,0.4457339346408844,0.012316984124481678,0.999516487121582,0.5461836457252502,0.4679933786392212,0.08982566744089127,0.9990027546882629,0.48255714774131775,0.4661949872970581,0.20360124111175537,0.998845100402832,0.5098179578781128,0.5076321959495544,4.321481901570223e-05,0.9980202317237854,0.48342570662498474,0.5042688846588135,0.02886250987648964,0.9981787204742432,0.5977621078491211,0.6574304103851318,0.06044665724039078,0.9994391202926636,0.4323318600654602,0.6209278106689453,0.2749878764152527,0.9994516968727112,0.6620935201644897,0.6303255558013916,-0.11740901321172714,0.9319788217544556,0.3108646273612976,0.5826578140258789,0.31938493251800537,0.5615278482437134,0.6273645162582397,0.3447215259075165,-0.23662486672401428,0.9411609172821045,0.3489660322666168,0.3417326509952545,0.3264155983924866,0.9146391749382019,0.6323776841163635,0.2713960111141205,-0.2692050635814667,0.9401010274887085,0.3469979166984558,0.2822325527667999,0.31811609864234924,0.903208315372467,0.6284245848655701,0.2646614611148834,-0.2537568211555481,0.9493797421455383,0.3616887927055359,0.2783869206905365,0.3204864263534546,0.9127934575080872,0.6215395331382751,0.2958229184150696,-0.23081102967262268,0.9425930976867676,0.3669378161430359,0.30221986770629883,0.32051828503608704,0.9262923002243042,0.5510050058364868,1.078574538230896,-0.05051415413618088,0.59769606590271,0.4394625723361969,1.0748401880264282,0.04994543269276619,0.6370331048965454,0.5708768367767334,1.626904845237732,-0.32710352540016174,0.0007833518320694566,0.4361238479614258,1.5833865404129028,-0.181980699300766,0.0017592490185052156,0.5629096627235413,2.081416130065918,-0.5335551500320435,0.0004595731443259865,0.4312744736671448,2.038588285446167,-0.14728252589702606,0.0005340108764357865,0.577340841293335,2.1392526626586914,-0.5652196407318115,0.0010982293169945478,0.4302768111228943,2.1004397869110107,-0.15129777789115906,0.001201269100420177,0.5107802748680115,2.193037986755371,-0.8036408424377441,0.0007676534587517381,0.43376511335372925,2.161304473876953,-0.30472439527511597,0.000589097966440022
0.4860747456550598,0.4693843424320221,-0.038969628512859344,0.9995980858802795,0.5015955567359924,0.44256073236465454,-0.015103215351700783,0.9989829659461975,0.5120295882225037,0.44317924976348877,-0.015375688672065735,0.998960018157959,0.5216790437698364,0.4451165199279785,-0.01530335284769535,0.9991205930709839,0.48473066091537476,0.4429318606853485,0.014658814296126366,0.9993582963943481,0.48045220971107483,0.44419199228286743,0.014037963934242725,0.9994381070137024,0.4758162498474121,0.44560787081718445,0.013819959945976734,0.9995561242103577,0.5457276105880737,0.4606410562992096,0.07655233889818192,0.9990943670272827,0.4827319085597992,0.46483513712882996,0.21296468377113342,0.998942494392395,0.5066119432449341,0.5068391561508179,-0.003135563340038061,0.9981966018676758,0.4822515845298767,0.50386643409729,0.032678697258234024,0.998337984085083,0.5981136560440063,0.6536504626274109,0.046278636902570724,0.9994832277297974,0.43243616819381714,0.6207560300827026,0.327353298664093,0.9994863867759705,0.6623427271842957,0.6774483919143677,-0.11545844376087189,0.9332213997840881,0.3076052963733673,0.628788948059082,0.4875118136405945,0.5616665482521057,0.6248486042022705,0.3867588937282562,-0.20063474774360657,0.9439375400543213,0.3476956784725189,0.38222917914390564,0.6005584001541138,0.913919985294342,0.6287418603897095,0.31922855973243713,-0.22676296532154083,0.9424692392349243,0.34843891859054565,0.32076209783554077,0.6164286136627197,0.9003302454948425,0.6285865306854248,0.30939701199531555,-0.2088446170091629,0.9511987566947937,0.36397847533226013,0.3178751766681671,0.6185007095336914,0.9098118543624878,0.6220183372497559,0.33938029408454895,-0.1916416734457016,0.9439997673034668,0.3681204915046692,0.340861052274704,0.5984185934066772,0.9237812161445618,0.5499856472015381,1.073951244354248,-0.0713064968585968,0.594565749168396,0.43968549370765686,1.0710726976394653,0.07081305235624313,0.6317982077598572,0.5711349248886108,1.6229387521743774,-0.34518197178840637,0.0008169060456566513,0.4357219338417053,1.5818225145339966,-0.1179332509636879,0.0016780876321718097,0.5614043474197388,2.0739564895629883,-0.5621980428695679,0.0004836921871174127,0.4312799870967865,2.0306637287139893,-0.08242928981781006,0.00050910230493173,0.5764454007148743,2.132676601409912,-0.5935060977935791,0.001183407730422914,0.43040528893470764,2.092252492904663,-0.08525335043668747,0.001188609516248107,0.506486713886261,2.1909003257751465,-0.8228698968887329,0.0008186582126654685,0.4329912066459656,2.1539220809936523,-0.22876620292663574,0.0005673335981555283
0.4847792685031891,0.46928146481513977,-0.05224919319152832,0.9996346831321716,0.5011097192764282,0.43860283493995667,-0.035774800926446915,0.9990783333778381,0.5116719007492065,0.43910789489746094,-0.03602024167776108,0.999058723449707,0.5212980508804321,0.44115474820137024,-0.035893507301807404,0.999203085899353,0.4843878149986267,0.44011253118515015,0.001728276489302516,0.9994180202484131,0.48023685812950134,0.4413144886493683,0.0010184661950916052,0.9994905591011047,0.4757283627986908,0.44250521063804626,0.0007002818747423589,0.9995967149734497,0.5457710027694702,0.45616182684898376,0.03836171329021454,0.9991813898086548,0.4833358824253082,0.4586114287376404,0.19806316494941711,0.9990419745445251,0.5056473016738892,0.5060541033744812,-0.023254333063960075,0.9983652234077454,0.48186057806015015,0.5033159852027893,0.02247810736298561,0.998493492603302,0.5984352231025696,0.6473291516304016,0.03439171612262726,0.9995253086090088,0.4324719309806824,0.6233335137367249,0.3007381558418274,0.9995262622833252,0.6614851355552673,0.7155171036720276,-0.04832049831748009,0.9327486753463745,0.30595043301582336,0.6531264185905457,0.4707575738430023,0.5555965900421143,0.6194406747817993,0.4084456264972687,0.010164966806769371,0.9457828998565674,0.34759125113487244,0.405698299407959,0.6103993058204651,0.9151138663291931,0.6233810782432556,0.341471791267395,0.013856155797839165,0.9445129632949829,0.3505474328994751,0.3455066382884979,0.6348552107810974,0.9014379382133484,0.6249380111694336,0.33275115489959717,0.02926355041563511,0.9528328776359558,0.3660115599632263,0.34375500679016113,0.6457079648971558,0.9106416702270508,0.6184641718864441,0.361166387796402,0.023079415783286095,0.9454171061515808,0.3694213330745697,0.3686615526676178,0.6132818460464478,0.9246935248374939,0.5502904653549194,1.0702325105667114,-0.07472652941942215,0.573977530002594,0.4398154318332672,1.0662891864776611,0.07427756488323212,0.6113227605819702,0.5714516639709473,1.6200026273727417,-0.33215776085853577,0.0008310102275572717,0.4374310374259949,1.5792361497879028,-0.12752944231033325,0.0015952927060425282,0.5618354082107544,2.066859006881714,-0.5340632200241089,0.0005222763866186142,0.43279117345809937,2.026758909225464,-0.08879026770591736,0.0004996935604140162,0.5790659189224243,2.127368450164795,-0.5632778406143188,0.0013304599560797215,0.4318716526031494,2.090637445449829,-0.0907442718744278,0.0012243931414559484,0.5074836611747742,2.186359405517578,-0.7796660661697388,0.000902072002645582,0.4330061376094818,2.145994186401367,-0.2282581776380539,0.0005651327082887292
0.4852219223976135,0.46999311447143555,-0.13807499408721924,0.9996696710586548,0.5018532276153564,0.4382458031177521,-0.1182427778840065,0.9991680979728699,0.5120429992675781,0.4388071596622467,-0.11847399175167084,0.9991506338119507,0.5214002728462219,0.4408801198005676,-0.11837378889322281,0.9992806911468506,0.4847952723503113,0.4397626519203186,-0.08933478593826294,0.9994744658470154,0.48061156272888184,0.44091275334358215,-0.08999539166688919,0.999539852142334,0.47613945603370667,0.44213226437568665,-0.0902259349822998,0.9996355175971985,0.5460303425788879,0.4551098346710205,-0.02213972620666027,0.9992616176605225,0.48338356614112854,0.4570883810520172,0.10797329246997833,0.9991347789764404,0.5064510107040405,0.5056259036064148,-0.09794197976589203,0.9985241293907166,0.48202553391456604,0.5029920339584351,-0.06374920904636383,0.9986397624015808,0.5993117094039917,0.6449170112609863,-0.009071612730622292,0.9995679259300232,0.4328595697879791,0.6261345148086548,0.28072118759155273,0.9995668530464172,0.6618139147758484,0.7569591999053955,-0.10929902642965317,0.9351538419723511,0.30592286586761475,0.6832218766212463,0.3714802861213684,0.5633575320243835,0.6193447709083557,0.45142585039138794,-0.14124853909015656,0.9491704702377319,0.3489692807197571,0.4344571530818939,0.4434160590171814,0.918941855430603,0.6234515309333801,0.3830566108226776,-0.15223491191864014,0.9476858377456665,0.35141250491142273,0.387673020362854,0.4564613401889801,0.9049332141876221,0.6257752776145935,0.3696080148220062,-0.13553687930107117,0.9554206132888794,0.3665786385536194,0.38668641448020935,0.4650301933288574,0.913638710975647,0.6187822818756104,0.3982616066932678,-0.13024361431598663,0.9479801058769226,0.3708491325378418,0.4089878797531128,0.4440200924873352,0.9270411729812622,0.5505262017250061,1.0730795860290527,-0.07287192344665527,0.5547682642936707,0.44052690267562866,1.0684369802474976,0.07242673635482788,0.5936170220375061,0.5717025995254517,1.6204211711883545,-0.27706390619277954,0.0008525781449861825,0.4375913739204407,1.5756025314331055,-0.15570610761642456,0.0015947013162076473,0.5626802444458008,2.058011293411255,-0.4158901274204254,0.00056534877512604,0.43281760811805725,2.018671751022339,-0.1021738052368164,0.0005193024408072233,0.5807837843894958,2.116948366165161,-0.437241792678833,0.0014517364325001836,0.43190035223960876,2.083350896835327,-0.10324065387248993,0.0013207182055339217,0.5083190202713013,2.180137872695923,-0.6199856400489807,0.0009814264485612512,0.4310428500175476,2.1349401473999023,-0.2393229752779007,0.0005992957158014178
0.48569998145103455,0.4697185158729553,-0.1555999219417572,0.9997014999389648,0.5021430850028992,0.4380860924720764,-0.13791219890117645,0.9992498159408569,0.5124515295028687,0.4381870627403259,-0.13812361657619476,0.9992340803146362,0.5218114852905273,0.43966275453567505,-0.13801705837249756,0.9993513822555542,0.4851418137550354,0.43948909640312195,-0.1051168218255043,0.999525785446167,0.480806827545166,0.4404018819332123,-0.10575717687606812,0.9995845556259155,0.4763067662715912,0.44112247228622437,-0.10594544559717178,0.9996708035469055,0.5462309122085571,0.4540102183818817,-0.045156482607126236,0.9993345141410828,0.48367494344711304,0.45340996980667114,0.10411801189184189,0.9992188215255737,0.5065097212791443,0.5054560899734497,-0.11576394736766815,0.9986689686775208,0.4821776747703552,0.5025085210800171,-0.07672040909528732,0.9987726211547852,0.5998965501785278,0.6427465081214905,-0.03705211728811264,0.9996075630187988,0.43388471007347107,0.6274303197860718,0.27368801832199097,0.9996030330657959,0.6647880673408508,0.7854197025299072,-0.16286030411720276,0.9386348724365234,0.30772802233695984,0.7098643779754639,0.42085161805152893,0.5635624527931213,0.6190085411071777,0.4848979413509369,-0.17260247468948364,0.9526492953300476,0.34999001026153564,0.46477195620536804,0.5015656352043152,0.9173862338066101,0.6250646114349365,0.4214935004711151,-0.2159738540649414,0.9506385326385498,0.3521576523780823,0.4147578477859497,0.5173100233078003,0.9007136821746826,0.6238218545913696,0.41460978984832764,-0.22306279838085175,0.957760214805603,0.3671431243419647,0.4119395911693573,0.5206772089004517,0.9094454050064087,0.6137740612030029,0.4445819854736328,-0.16707798838615417,0.9499905109405518,0.3717499077320099,0.4345349073410034,0.5004611015319824,0.922845721244812,0.5508295893669128,1.0746716260910034,-0.08194907009601593,0.5342997908592224,0.4406098425388336,1.0695220232009888,0.08153869211673737,0.571829080581665,0.5718866586685181,1.6209611892700195,-0.2695661187171936,0.0008596624829806387,0.4377891421318054,1.5757417678833008,-0.16309507191181183,0.001589503139257431,0.5628172159194946,2.0592939853668213,-0.38281911611557007,0.000581745058298111,0.4331898093223572,2.016632318496704,-0.10842697322368622,0.0005214310367591679,0.5814532041549683,2.118954658508301,-0.4023345410823822,0.0015053893439471722,0.43335193395614624,2.0819828510284424,-0.10884203016757965,0.0013914122246205807,0.5086314082145691,2.1800146102905273,-0.5931718945503235,0.0010078955674543977,0.42741209268569946,2.1286888122558594,-0.24118563532829285,0.0006160119082778692
0.4858887195587158,0.46829092502593994,-0.17708590626716614,0.99973064661026,0.5031242370605469,0.4362574815750122,-0.15773823857307434,0.9993239045143127,0.5131429433822632,0.4365655779838562,-0.15794584155082703,0.9993097186088562,0.5224474668502808,0.437936395406723,-0.1578352153301239,0.999415397644043,0.4854230284690857,0.43575096130371094,-0.12588757276535034,0.9995724558830261,0.4811782240867615,0.43538668751716614,-0.12652035057544708,0.9996253252029419,0.4763790965080261,0.434821754693985,-0.1266944706439972,0.999703049659729,0.5473002195358276,0.45228174328804016,-0.04959750548005104,0.9994003176689148,0.4843723177909851,0.443709135055542,0.09580285847187042,0.9992952942848206,0.5064119100570679,0.5047367215156555,-0.13197626173496246,0.99880051612854,0.48233166337013245,0.49983057379722595,-0.09405339509248734,0.9988935589790344,0.6030954718589783,0.6421194076538086,-0.03780978173017502,0.9996438026428223,0.4342730939388275,0.626860499382019,0.2668321430683136,0.9996377825737,0.6661559343338013,0.8214364647865295,-0.2334856539964676,0.9429343938827515,0.31017348170280457,0.735587477684021,0.2893351912498474,0.5749050378799438,0.6181271076202393,0.5079953670501709,-0.450287401676178,0.9566519856452942,0.3503183424472809,0.49980825185775757,0.1742338240146637,0.9209744930267334,0.6262196898460388,0.4478745460510254,-0.4984845519065857,0.9545246362686157,0.35226908326148987,0.4499798119068146,0.15806704759597778,0.904202938079834,0.6233371496200562,0.4432913064956665,-0.4796615242958069,0.9610113501548767,0.36745771765708923,0.4410935640335083,0.16092826426029205,0.9124371409416199,0.6124681234359741,0.4696831703186035,-0.442493200302124,0.9534701108932495,0.3716718256473541,0.46448856592178345,0.16857244074344635,0.9249789714813232,0.5516473054885864,1.076941967010498,-0.08074207603931427,0.5227206945419312,0.4407373368740082,1.0709599256515503,0.0802653506398201,0.5597084760665894,0.5724112391471863,1.6256014108657837,-0.26851314306259155,0.0009359656251035631,0.4378100335597992,1.5744684934616089,-0.12448786199092865,0.0016043998766690493,0.5635359287261963,2.0517520904541016,-0.3657206892967224,0.0006382582942023873,0.4332295358181,2.0063092708587646,-0.004409919027239084,0.000529408105649054,0.5828810930252075,2.1104321479797363,-0.3845926523208618,0.0016409986419603229,0.43387526273727417,2.0708067417144775,0.0032048397697508335,0.0014706474030390382,0.5087182521820068,2.1666886806488037,-0.5859576463699341,0.0011143608717247844,0.4242381453514099,2.1177327632904053,-0.11711528152227402,0.0006445599719882011
0.4863055646419525,0.46601203083992004,-0.19178584218025208,0.9997565150260925,0.5038861036300659,0.4339253008365631,-0.17132680118083954,0.9993897676467896,0.513204038143158,0.4342627227306366,-0.17153005301952362,0.9993770122528076,0.5226898193359375,0.43540218472480774,-0.17140379548072815,0.9994722008705139,0.48643597960472107,0.4338604807853699,-0.14093390107154846,0.9996139407157898,0.48245126008987427,0.4334818422794342,-0.14153547585010529,0.9996616244316101,0.4774877429008484,0.43292665481567383,-0.14172884821891785,0.999731719493866,0.547423243522644,0.45093244314193726,-0.05441659688949585,0.9994588494300842,0.4864823818206787,0.4415282905101776,0.08551477640867233,0.9993634819984436,0.5065400004386902,0.5025185346603394,-0.14341707527637482,0.9989182949066162,0.48240914940834045,0.4972374439239502,-0.10718591511249542,0.9990018606185913,0.6046474575996399,0.6418837904930115,-0.038969267159700394,0.9996760487556458,0.4362703859806061,0.6269329786300659,0.25576847791671753,0.999670147895813,0.6661656498908997,0.8538740277290344,-0.2788371443748474,0.9460723996162415,0.310600221157074,0.7581692337989807,0.24826863408088684,0.5834015607833862,0.6180544495582581,0.5597197413444519,-0.5832485556602478,0.9602550268173218,0.3505936563014984,0.5245855450630188,0.09068460762500763,0.9269219636917114,0.6271418333053589,0.4857544004917145,-0.6442428827285767,0.958264172077179,0.3518180251121521,0.47436171770095825,0.061637602746486664,0.9114614129066467,0.6241886615753174,0.47486287355422974,-0.6271690130233765,0.964180052280426,0.36789169907569885,0.4641610085964203,0.06186024099588394,0.919004499912262,0.6128538846969604,0.504842221736908,-0.5783409476280212,0.9569366574287415,0.37211012840270996,0.48484179377555847,0.08253008127212524,0.9303880929946899,0.5518432855606079,1.0779805183410645,-0.0809280052781105,0.5102775692939758,0.4419112205505371,1.0719733238220215,0.08042708039283752,0.5505596995353699,0.5728748440742493,1.6310064792633057,-0.2529078423976898,0.0009731603204272687,0.43768709897994995,1.5730619430541992,-0.10798101127147675,0.0015923578757792711,0.5638027191162109,2.040287494659424,-0.30104464292526245,0.0006754184141755104,0.43325257301330566,1.9997920989990234,0.023551244288682938,0.0005373587482608855,0.5838041305541992,2.098116397857666,-0.3151380717754364,0.0017498934175819159,0.43455544114112854,2.0653510093688965,0.031706977635622025,0.0015447592595592141,0.5082177519798279,2.1477410793304443,-0.5157527923583984,0.0011964323930442333,0.422349750995636,2.108764886856079,-0.09810090810060501,0.0006675879703834653
0.4870118498802185,0.46329692006111145,-0.17323414981365204,0.9997786283493042,0.5046178698539734,0.4323101043701172,-0.15468820929527283,0.9994475245475769,0.5134444832801819,0.4328216016292572,-0.15489594638347626,0.9994359612464905,0.5227680206298828,0.43374964594841003,-0.15479344129562378,0.9995219707489014,0.4870339035987854,0.4321388602256775,-0.1225375160574913,0.9996501207351685,0.4830876886844635,0.43174752593040466,-0.12315021455287933,0.9996931552886963,0.47810235619544983,0.43127408623695374,-0.12335829436779022,0.9997566938400269,0.547653317451477,0.45010122656822205,-0.05015695095062256,0.9995103478431702,0.4877358376979828,0.44038835167884827,0.09761262685060501,0.9994227886199951,0.5065921545028687,0.49898165464401245,-0.12922266125679016,0.9990231394767761,0.48260584473609924,0.49375802278518677,-0.09101195633411407,0.9990980625152588,0.606325089931488,0.6414189338684082,-0.0365518257021904,0.999704122543335,0.43786555528640747,0.6271721720695496,0.2595331072807312,0.99969881772995,0.6661713719367981,0.87239009141922,-0.2589132785797119,0.9485815167427063,0.31689658761024475,0.777689516544342,0.29336100816726685,0.5951685309410095,0.617483377456665,0.5850470662117004,-0.5347161889076233,0.9631364941596985,0.35072988271713257,0.5532279014587402,0.16634830832481384,0.9315791130065918,0.6273733377456665,0.514927089214325,-0.5911332368850708,0.9609957933425903,0.3518456518650055,0.5027993321418762,0.1435839682817459,0.9167290329933167,0.6248776316642761,0.500900149345398,-0.5784378051757812,0.9664192795753479,0.36749064922332764,0.48963838815689087,0.13996808230876923,0.9237533211708069,0.6138238906860352,0.528451681137085,-0.5306530594825745,0.9590594172477722,0.37199610471725464,0.5089408159255981,0.15755322575569153,0.9339883923530579,0.553082287311554,1.077901840209961,-0.0822596326470375,0.5057916045188904,0.44484743475914,1.0716677904129028,0.08180048316717148,0.5500189661979675,0.5728992223739624,1.6275919675827026,-0.2567792534828186,0.0010937670012935996,0.43743738532066345,1.566859483718872,-0.12901294231414795,0.0017444833647459745,0.5639972686767578,2.0254666805267334,-0.29045018553733826,0.0007408592500723898,0.4330843985080719,1.9883836507797241,-0.007409997284412384,0.0005778208142146468,0.5837127566337585,2.08204984664917,-0.3029073476791382,0.0018651147838681936,0.434611976146698,2.053230047225952,0.00040767109021544456,0.0016860044561326504,0.5066856145858765,2.132664203643799,-0.5051936507225037,0.001281072967685759,0.41841426491737366,2.0968642234802246,-0.13330525159835815,0.0007184864953160286
0.48932570219039917,0.46255090832710266,-0.16804595291614532,0.9997981786727905,0.5067622661590576,0.4314095377922058,-0.14376701414585114,0.9994985461235046,0.5151531100273132,0.4319821298122406,-0.14400409162044525,0.9994882941246033,0.524011492729187,0.4327836334705353,-0.1439151167869568,0.9995658993721008,0.4886298179626465,0.4307650625705719,-0.11653190851211548,0.9996820092201233,0.48430269956588745,0.43021243810653687,-0.11715449392795563,0.999721109867096,0.4793891906738281,0.42956283688545227,-0.1173214539885521,0.9997785687446594,0.5489121079444885,0.4482572376728058,-0.039714790880680084,0.9995559453964233,0.48929786682128906,0.43822717666625977,0.11398396641016006,0.9994749426841736,0.5074282884597778,0.4973492920398712,-0.12595734000205994,0.9991167187690735,0.4835526943206787,0.4927215874195099,-0.08277373015880585,0.9991836547851562,0.6107686758041382,0.6397179961204529,-0.02528725005686283,0.9997301697731018,0.4408636689186096,0.6270920634269714,0.28039976954460144,0.9997251033782959,0.6676333546638489,0.8871891498565674,-0.24188010394573212,0.9499797821044922,0.32376402616500854,0.788521409034729,0.29496803879737854,0.5976927280426025,0.6169275641441345,0.6139224767684937,-0.5309253931045532,0.9657836556434631,0.3508618474006653,0.564512312412262,0.11626827716827393,0.9364081621170044,0.6226938962936401,0.5577276945114136,-0.5890346169471741,0.9637828469276428,0.3522281050682068,0.5138508081436157,0.0837801918387413,0.9227782487869263,0.6248194575309753,0.5344899892807007,-0.5784835815429688,0.9687691330909729,0.3676954209804535,0.5027058720588684,0.07834264636039734,0.9292545318603516,0.6144987344741821,0.5570724010467529,-0.5275341272354126,0.9614714980125427,0.3725396692752838,0.5207114815711975,0.10539321601390839,0.9384543299674988,0.5540351867675781,1.0770236253738403,-0.085894875228405,0.49873462319374084,0.4468851685523987,1.0699423551559448,0.08539239317178726,0.5451270341873169,0.5729517340660095,1.62540864944458,-0.29211652278900146,0.0011548358015716076,0.4365171790122986,1.5629265308380127,-0.1373302936553955,0.0017592060612514615,0.5640925765037537,2.0166521072387695,-0.383179247379303,0.0007822937914170325,0.4330938756465912,1.9822497367858887,-0.03132624179124832,0.0005791816511191428,0.5837082862854004,2.075793743133545,-0.4019376337528229,0.0019497976172715425,0.4354228079319,2.048189163208008,-0.02563837543129921,0.001750580733641982,0.5038073062896729,2.1156301498413086,-0.6022681593894958,0.0013472611317411065,0.41486430168151855,2.089040756225586,-0.15628394484519958,0.0007259714766405523
0.49006587266921997,0.45931535959243774,-0.1715983748435974,0.9998143911361694,0.5073127150535583,0.4282994270324707,-0.1557740867137909,0.9995423555374146,0.5153523087501526,0.42873916029930115,-0.15601173043251038,0.9995336532592773,0.5240444540977478,0.4289020001888275,-0.15593400597572327,0.9996038675308228,0.4899905323982239,0.4275333881378174,-0.12495075166225433,0.9997087717056274,0.48618197441101074,0.4266822338104248,-0.1255907118320465,0.9997446537017822,0.4819096624851227,0.42585617303848267,-0.12582197785377502,0.9997967481613159,0.5504645109176636,0.4431743323802948,-0.057259488850831985,0.9995961785316467,0.4945281147956848,0.43506133556365967,0.09238593280315399,0.9995186924934387,0.5076524615287781,0.49306315183639526,-0.129024475812912,0.999200165271759,0.4848910868167877,0.4881734251976013,-0.08914417028427124,0.9992592334747314,0.6163023710250854,0.6347833275794983,-0.027609441429376602,0.9997538924217224,0.44442644715309143,0.6205469965934753,0.26314905285835266,0.9997481107711792,0.6702678203582764,0.8970152735710144,-0.24305841326713562,0.9524824023246765,0.3293522000312805,0.7915135622024536,0.2831014096736908,0.6002100706100464,0.617108166217804,0.6386861801147461,-0.5665240287780762,0.9685935378074646,0.3536447286605835,0.5691589117050171,0.10514984279870987,0.9405863881111145,0.6188226938247681,0.5885013341903687,-0.6279687881469727,0.9667204022407532,0.3544654846191406,0.520031213760376,0.07309752702713013,0.928076446056366,0.6251142621040344,0.5565675497055054,-0.6193321943283081,0.971278727054596,0.37146276235580444,0.5089453458786011,0.0659366101026535,0.934070348739624,0.6147541999816895,0.5789710879325867,-0.5644378662109375,0.964270830154419,0.3769746422767639,0.5262932181358337,0.09417009353637695,0.9423261880874634,0.5584613084793091,1.0718220472335815,-0.08490362763404846,0.4944183826446533,0.45011720061302185,1.0656061172485352,0.08440637588500977,0.5419133305549622,0.574482798576355,1.609083890914917,-0.28125494718551636,0.0012451555812731385,0.4367244243621826,1.5520436763763428,-0.13701024651527405,0.00182717212010175,0.5649645924568176,1.9884260892868042,-0.34504586458206177,0.0008263496565632522,0.43436869978904724,1.9644895792007446,-0.020553935319185257,0.0005834532785229385,0.5841307044029236,2.0449469089508057,-0.36095404624938965,0.0020346937235444784,0.43762722611427307,2.0281949043273926,-0.013011552393436432,0.001797875389456749,0.5042153596878052,2.0882771015167236,-0.55289226770401,0.001419263775460422,0.4155709147453308,2.07426381111145,-0.1304209679365158,0.0007347792852669954
0.492592990398407,0.4537607729434967,-0.16886529326438904,0.9998234510421753,0.5086225271224976,0.4246470034122467,-0.15311676263809204,0.9995730519294739,0.5167211294174194,0.42471691966056824,-0.15334641933441162,0.999565839767456,0.525312066078186,0.42428529262542725,-0.15323641896247864,0.999630868434906,0.49133920669555664,0.4233122169971466,-0.12016793340444565,0.9997258186340332,0.4874221682548523,0.4223962128162384,-0.12078046798706055,0.9997587203979492,0.48308616876602173,0.4215828776359558,-0.12092207372188568,0.9998074769973755,0.552086591720581,0.43589332699775696,-0.047576870769262314,0.999626100063324,0.4952896237373352,0.4312227964401245,0.09365963190793991,0.9995445609092712,0.5099637508392334,0.4859358072280884,-0.11967834085226059,0.9992678165435791,0.48718443512916565,0.4815029501914978,-0.08308054506778717,0.9993179440498352,0.6205105185508728,0.6278067827224731,0.0005195070989429951,0.9997720718383789,0.44611936807632446,0.6186000108718872,0.27154189348220825,0.999763548374176,0.6713451147079468,0.8999230861663818,-0.2071247398853302,0.953423023223877,0.3339601457118988,0.7963870763778687,0.3439897894859314,0.6037493944168091,0.6170426607131958,0.6385135054588318,-0.5062376260757446,0.9705379009246826,0.35733500123023987,0.5786020159721375,0.22824493050575256,0.9424305558204651,0.6177660226821899,0.587532639503479,-0.5604456067085266,0.9684538245201111,0.3545064628124237,0.5301820635795593,0.20612196624279022,0.929929792881012,0.6253794431686401,0.555368185043335,-0.5515081286430359,0.972661018371582,0.3732483685016632,0.5165124535560608,0.19696150720119476,0.9356228113174438,0.6154285073280334,0.5787326693534851,-0.5033873915672302,0.9653708934783936,0.3811078369617462,0.532882571220398,0.2186528891324997,0.9428788423538208,0.5631507635116577,1.0672986507415771,-0.08276066184043884,0.49578389525413513,0.4535384178161621,1.0633317232131958,0.08236757665872574,0.5438516139984131,0.5779650807380676,1.5940475463867188,-0.26778319478034973,0.0013450614642351866,0.43905138969421387,1.544701337814331,-0.15596097707748413,0.0019488109974190593,0.5696786046028137,1.980259895324707,-0.32132747769355774,0.0008299078326672316,0.4394056797027588,1.954307198524475,-0.038826026022434235,0.0005779526545666158,0.5879796147346497,2.0375325679779053,-0.3358829617500305,0.002016677288338542,0.4441796839237213,2.0162246227264404,-0.02917204238474369,0.0017840934451669455,0.5078397393226624,2.080444574356079,-0.5213570594787598,0.0014081205008551478,0.4197670817375183,2.0647778511047363,-0.1503951996564865,0.0007246013265103102
0.49766460061073303,0.45256441831588745,-0.16778455674648285,0.9998354315757751,0.5138441324234009,0.42339468002319336,-0.14877082407474518,0.9996060132980347,0.5221719145774841,0.42355215549468994,-0.14900818467140198,0.9995999932289124,0.5307667255401611,0.4234256446361542,-0.14891962707042694,0.9996591210365295,0.4955466389656067,0.42157796025276184,-0.1188531294465065,0.9997458457946777,0.49083203077316284,0.4206070303916931,-0.11947357654571533,0.9997762441635132,0.4866248667240143,0.41961541771888733,-0.11968906968832016,0.99982088804245,0.5566689968109131,0.4360680878162384,-0.04705888777971268,0.9996559619903564,0.49923795461654663,0.4294237792491913,0.09997916966676712,0.9995760321617126,0.5136016607284546,0.48517876863479614,-0.11748947203159332,0.99933260679245,0.4897540211677551,0.4802592396736145,-0.08261869847774506,0.9993762969970703,0.6218566298484802,0.6273971199989319,0.005494346376508474,0.9997889399528503,0.44838547706604004,0.6167083978652954,0.2710393965244293,0.9997797012329102,0.6713643670082092,0.8910831809043884,-0.21254289150238037,0.954962432384491,0.33839139342308044,0.7935373783111572,0.3313550055027008,0.6063878536224365,0.6172059178352356,0.6291640996932983,-0.5693082213401794,0.9726685881614685,0.35742247104644775,0.5810214281082153,0.18464043736457825,0.9458389282226562,0.618583083152771,0.5759800672531128,-0.6356872320175171,0.9706360697746277,0.35366666316986084,0.5284722447395325,0.15192128717899323,0.9342212677001953,0.627261221408844,0.5495485067367554,-0.6298560500144958,0.9745136499404907,0.37335288524627686,0.513396143913269,0.1383015662431717,0.9395395517349243,0.6183289289474487,0.5725396275520325,-0.5695493221282959,0.9673581123352051,0.38183873891830444,0.5312718749046326,0.17144782841205597,0.9459562301635742,0.5651279091835022,1.0634855031967163,-0.08133845776319504,0.4983251392841339,0.45426782965660095,1.0608184337615967,0.0809817984700203,0.5478424429893494,0.5789926648139954,1.5889877080917358,-0.2681092619895935,0.0014528169995173812,0.4402407109737396,1.5374162197113037,-0.16761299967765808,0.002043298212811351,0.5700799226760864,1.9777971506118774,-0.3266318142414093,0.000843449030071497,0.44032788276672363,1.9467812776565552,-0.04892563074827194,0.0005734157166443765,0.5880345106124878,2.0352425575256348,-0.34193897247314453,0.0020338643807917833,0.4448666572570801,2.008366107940674,-0.03947650268673897,0.0017821281217038631,0.5084746479988098,2.078962564468384,-0.5375322103500366,0.0014260406605899334,0.4222196936607361,2.0574777126312256,-0.16153547167778015,0.000717442890163511
0.49859946966171265,0.4484841227531433,-0.16032828390598297,0.99984210729599,0.5154625177383423,0.42094430327415466,-0.14819523692131042,0.9996267557144165,0.5237151384353638,0.4213130474090576,-0.14846277236938477,0.9996228814125061,0.5321950316429138,0.4215950071811676,-0.14839592576026917,0.9996762871742249,0.49798446893692017,0.4181186556816101,-0.11539487540721893,0.9997581243515015,0.4937279224395752,0.4169764220714569,-0.11602820456027985,0.9997881650924683,0.48999929428100586,0.4158153533935547,-0.11632887274026871,0.9998295307159424,0.5588675737380981,0.43575042486190796,-0.04071098938584328,0.9996770024299622,0.5054555535316467,0.4266420006752014,0.10191492736339569,0.9995996952056885,0.5137603282928467,0.48335838317871094,-0.11566756665706635,0.9993851184844971,0.4915007948875427,0.4768746793270111,-0.07778018712997437,0.9994235634803772,0.6238663196563721,0.6275332570075989,0.003257114440202713,0.9998013377189636,0.4522217810153961,0.6142318844795227,0.26243025064468384,0.9997942447662354,0.6753183603286743,0.8879566788673401,-0.2208140641450882,0.9543032050132751,0.34013858437538147,0.787510097026825,0.25720494985580444,0.6058993935585022,0.6172481775283813,0.6232424974441528,-0.5447210669517517,0.9741021394729614,0.3599180281162262,0.5722431540489197,0.050484009087085724,0.9492823481559753,0.6188749670982361,0.5668478012084961,-0.6040591597557068,0.9722423553466797,0.3543529808521271,0.5204746723175049,0.011779336258769035,0.9386667013168335,0.628157377243042,0.5435703992843628,-0.5964094400405884,0.9758436679840088,0.3740566372871399,0.5076398849487305,0.0058272238820791245,0.9435827136039734,0.6201105117797852,0.5663198828697205,-0.5434166193008423,0.968625545501709,0.382868230342865,0.5253509283065796,0.03887395188212395,0.9493396878242493,0.5650676488876343,1.0643916130065918,-0.07801161706447601,0.5010535717010498,0.45563650131225586,1.0600839853286743,0.07761500030755997,0.5530799031257629,0.5789629220962524,1.5895779132843018,-0.2682233154773712,0.0014666945207864046,0.4397648274898529,1.5340757369995117,-0.1766708940267563,0.0020470856688916683,0.5699700117111206,1.9747644662857056,-0.33237725496292114,0.0008405387634411454,0.4383077621459961,1.9395045042037964,-0.07221803069114685,0.0005590263172052801,0.5873987078666687,2.0328006744384766,-0.3481522798538208,0.0020126320887356997,0.4426579475402832,2.0009398460388184,-0.06531184911727905,0.0017593643860891461,0.5085310339927673,2.073838949203491,-0.551153838634491,0.001421095454134047,0.42096146941185,2.0494134426116943,-0.18397699296474457,0.0007018321775831282
0.5016032457351685,0.4485955536365509,-0.17469826340675354,0.999854564666748,0.518410325050354,0.42099905014038086,-0.16143426299095154,0.9996580481529236,0.5263208746910095,0.42137396335601807,-0.1616785228252411,0.9996551275253296,0.5346619486808777,0.42166417837142944,-0.16159629821777344,0.9997031688690186,0.5025235414505005,0.41829970479011536,-0.12976789474487305,0.9997780919075012,0.49825137853622437,0.41723188757896423,-0.13038745522499084,0.9998059272766113,0.4947662353515625,0.4161437451839447,-0.13063989579677582,0.999843418598175,0.5613373517990112,0.43629223108291626,-0.06448692828416824,0.9997051954269409,0.5111171007156372,0.4270021319389343,0.07926442474126816,0.9996336102485657,0.5157955884933472,0.4835248291492462,-0.13335087895393372,0.9994418621063232,0.49496498703956604,0.47724825143814087,-0.0955907553434372,0.9994760751724243,0.6244014501571655,0.6292374730110168,-0.036628831177949905,0.9998167157173157,0.4559338092803955,0.6143820285797119,0.2332947999238968,0.9998100399971008,0.6799492239952087,0.8787024021148682,-0.25490397214889526,0.9560741782188416,0.34091436862945557,0.7792916297912598,0.2360110729932785,0.6056729555130005,0.6185921430587769,0.6040788888931274,-0.5534135103225708,0.9759461283683777,0.36122041940689087,0.5609060525894165,0.05914707109332085,0.9527227282524109,0.6263913512229919,0.5434449315071106,-0.6101046800613403,0.9742084741592407,0.3566339910030365,0.5086042881011963,0.02819078229367733,0.9430471062660217,0.6307486295700073,0.5228014588356018,-0.5985687971115112,0.9775299429893494,0.3758586049079895,0.4974142611026764,0.02199852094054222,0.9475972056388855,0.6213878393173218,0.5479245781898499,-0.5499925017356873,0.970561683177948,0.3837135434150696,0.516189455986023,0.048303212970495224,0.952815055847168,0.565719723701477,1.0649561882019043,-0.07816462218761444,0.4889472723007202,0.45840731263160706,1.0605754852294922,0.07773392647504807,0.5420190691947937,0.5799858570098877,1.5916507244110107,-0.2740163803100586,0.0014578289119526744,0.44117680191993713,1.5363689661026,-0.15722250938415527,0.0019792758394032717,0.5720411539077759,1.9805734157562256,-0.36895743012428284,0.0008526042220182717,0.43832534551620483,1.9467612504959106,-0.044590435922145844,0.0005444979760795832,0.5898451209068298,2.0377652645111084,-0.3885670304298401,0.0020632531959563494,0.44249963760375977,2.0089237689971924,-0.037659380584955215,0.0017537684179842472,0.5127566456794739,2.082559108734131,-0.5899956822395325,0.0014566397294402122,0.4210203289985657,2.055911064147949,-0.1558426320552826,0.0006910119554959238
0.5033288598060608,0.44575148820877075,-0.1835935115814209,0.9998654723167419,0.5200423002243042,0.4190332591533661,-0.17329302430152893,0.9996858239173889,0.5280183553695679,0.4195403754711151,-0.17354412376880646,0.9996837377548218,0.5366700887680054,0.420229971408844,-0.17346623539924622,0.9997273087501526,0.5052750110626221,0.4164601266384125,-0.14173418283462524,0.9997954964637756,0.5015139579772949,0.41566628217697144,-0.14235426485538483,0.9998211860656738,0.49824872612953186,0.4147986173629761,-0.1426021158695221,0.9998553991317749,0.5637627840042114,0.4365338981151581,-0.09282062202692032,0.9997305274009705,0.5161964297294617,0.4267542064189911,0.05221769958734512,0.9996630549430847,0.5184729099273682,0.48289573192596436,-0.14738887548446655,0.9994927048683167,0.49893778562545776,0.47644487023353577,-0.10943703353404999,0.9995228052139282,0.6250022053718567,0.6292190551757812,-0.07154512405395508,0.9998304843902588,0.45955777168273926,0.6144327521324158,0.19837555289268494,0.9998228549957275,0.6819013357162476,0.871490478515625,-0.26617151498794556,0.9581499695777893,0.340385377407074,0.7736374735832214,0.22322070598602295,0.6108486652374268,0.6229237914085388,0.5832614302635193,-0.5301536321640015,0.9776915907859802,0.363403856754303,0.55622398853302,0.09062408655881882,0.9548381567001343,0.6339594721794128,0.5130698084831238,-0.5861074924468994,0.975982666015625,0.3610323667526245,0.5060281753540039,0.06527014076709747,0.9455565810203552,0.633845329284668,0.5024749636650085,-0.5758839249610901,0.9790405631065369,0.3789527714252472,0.496033638715744,0.06085185334086418,0.949860692024231,0.6235069036483765,0.5306297540664673,-0.5269279479980469,0.972285270690918,0.38506755232810974,0.512010931968689,0.08130013942718506,0.9547154903411865,0.5666013360023499,1.065486192703247,-0.0776834636926651,0.48025646805763245,0.459707111120224,1.0607166290283203,0.07725406438112259,0.5328618884086609,0.5826224088668823,1.5936816930770874,-0.24487678706645966,0.0014342409558594227,0.4454200267791748,1.5379976034164429,-0.1145976334810257,0.0019099416676908731,0.5768111944198608,1.9836562871932983,-0.3124834895133972,0.0008464647107757628,0.44011420011520386,1.9500664472579956,0.029493067413568497,0.0005253252456896007,0.5942516326904297,2.0390775203704834,-0.32904452085494995,0.002051623072475195,0.4432395100593567,2.0122506618499756,0.039314575493335724,0.0017173860687762499,0.5206960439682007,2.0873210430145264,-0.5235875248908997,0.0014510607579723,0.42588678002357483,2.0588912963867188,-0.07535775750875473,0.0006728482549078763
0.5048147439956665,0.4458867311477661,-0.17863330245018005,0.9998771548271179,0.5214950442314148,0.4190881550312042,-0.16925624012947083,0.9997147917747498,0.5295382142066956,0.4196101427078247,-0.16949214041233063,0.9997130632400513,0.5384301543235779,0.4203127920627594,-0.16942159831523895,0.9997525215148926,0.506994903087616,0.41651642322540283,-0.1411532759666443,0.999813973903656,0.5033903121948242,0.4157942533493042,-0.14170466363430023,0.9998371005058289,0.5000535249710083,0.4150025248527527,-0.14196418225765228,0.9998680949211121,0.5655637979507446,0.43668001890182495,-0.07608088850975037,0.9997560381889343,0.5167433023452759,0.42694804072380066,0.06877273321151733,0.9996935725212097,0.5207288861274719,0.48352810740470886,-0.14068426191806793,0.9995402097702026,0.5006255507469177,0.47705820202827454,-0.10560430586338043,0.9995667338371277,0.6248072981834412,0.6291528940200806,-0.05875878781080246,0.9998425245285034,0.45935767889022827,0.6145560145378113,0.21858227252960205,0.9998326897621155,0.684951901435852,0.8277760744094849,-0.19140620529651642,0.9603487849235535,0.34008339047431946,0.7400456070899963,0.4275755286216736,0.6176990270614624,0.6265816688537598,0.5330038070678711,-0.2848617434501648,0.9789914488792419,0.3670366406440735,0.5151033401489258,0.5350977778434753,0.9546273350715637,0.6408078670501709,0.46768900752067566,-0.3078659772872925,0.9769997000694275,0.3677440285682678,0.4703255891799927,0.5540790557861328,0.943760335445404,0.6345871090888977,0.46359315514564514,-0.29046544432640076,0.9798291921615601,0.38418617844581604,0.46615922451019287,0.5512059926986694,0.9480574131011963,0.6233471632003784,0.4929840564727783,-0.2743021845817566,0.9730144739151001,0.3879125714302063,0.4828769266605377,0.5325006246566772,0.9529738426208496,0.5664453506469727,1.0690028667449951,-0.07899655401706696,0.4844856858253479,0.4593905806541443,1.0620514154434204,0.07861559092998505,0.536002516746521,0.5839635729789734,1.5932834148406982,-0.24431972205638885,0.0015237228944897652,0.4466068744659424,1.5361796617507935,-0.07779605686664581,0.0019452930428087711,0.5776116251945496,1.986337661743164,-0.3363223671913147,0.000880754494573921,0.44003424048423767,1.9495829343795776,0.030832955613732338,0.0005177432904019952,0.5948488712310791,2.0408990383148193,-0.3561703860759735,0.00212408066727221,0.44281643629074097,2.010209798812866,0.03764306753873825,0.0017218721332028508,0.5212811231613159,2.0976243019104004,-0.5341099500656128,0.0015009469352662563,0.42657360434532166,2.0608701705932617,-0.0667695701122284,0.0006685141124762595
0.508320689201355,0.44605186581611633,-0.12565407156944275,0.9998850226402283,0.5242102146148682,0.41858214139938354,-0.11242856830358505,0.9997349977493286,0.5322446227073669,0.418925404548645,-0.11267098039388657,0.9997344017028809,0.5412572622299194,0.4197084307670593,-0.11260364949703217,0.9997701048851013,0.5099533796310425,0.41663840413093567,-0.08785825967788696,0.9998266100883484,0.5061126947402954,0.4159427583217621,-0.08850567787885666,0.9998482465744019,0.502506673336029,0.41513803601264954,-0.08879922330379486,0.9998765587806702,0.5673021078109741,0.43652382493019104,-0.03625309839844704,0.9997754096984863,0.5182088613510132,0.42652031779289246,0.07596848160028458,0.9997158646583557,0.5245170593261719,0.4836239814758301,-0.09265784919261932,0.9995754361152649,0.5035063624382019,0.47749680280685425,-0.06358272582292557,0.9995989799499512,0.6245156526565552,0.625452995300293,-0.01719728112220764,0.9998505711555481,0.45967182517051697,0.6145888566970825,0.22093355655670166,0.9998389482498169,0.6879213452339172,0.7816095352172852,-0.06745939701795578,0.9589832425117493,0.3397922217845917,0.7084943652153015,0.3707963824272156,0.6131369471549988,0.6324771642684937,0.5003962516784668,-0.08303540199995041,0.9785121083259583,0.3684864044189453,0.48760566115379333,0.4405926764011383,0.953174889087677,0.6436795592308044,0.43681252002716064,-0.08676876127719879,0.9764429330825806,0.37431085109710693,0.44920551776885986,0.45410385727882385,0.9417648315429688,0.6361172795295715,0.4309116005897522,-0.0761786550283432,0.9792859554290771,0.38878029584884644,0.44526973366737366,0.45665374398231506,0.9461431503295898,0.6246232986450195,0.4607132077217102,-0.07352733612060547,0.9723525643348694,0.3897419273853302,0.4619346559047699,0.4393850862979889,0.9514601230621338,0.5661829710006714,1.0650944709777832,-0.06657657772302628,0.48756980895996094,0.459186315536499,1.0601787567138672,0.06619681417942047,0.5383824110031128,0.5838331580162048,1.572440266609192,-0.23756082355976105,0.0014926968142390251,0.4479897916316986,1.5187952518463135,-0.10047483444213867,0.0018770856549963355,0.5774181485176086,1.9808437824249268,-0.3943633437156677,0.0008648068178445101,0.4399838447570801,1.9356907606124878,-0.038530342280864716,0.0004982355749234557,0.5945152044296265,2.0374162197113037,-0.41943231225013733,0.002084913896396756,0.4418086111545563,1.9936360120773315,-0.038097746670246124,0.0016533505404368043,0.523847222328186,2.0903992652893066,-0.5827537178993225,0.001473459298722446,0.43102604150772095,2.0505709648132324,-0.12057588249444962,0.0006421149591915309
0.5107775926589966,0.44589105248451233,-0.1007935181260109,0.9998900890350342,0.5269303321838379,0.4169924855232239,-0.0904163345694542,0.9997466802597046,0.5343188047409058,0.41773271560668945,-0.09070764482021332,0.9997488856315613,0.542721688747406,0.4188688397407532,-0.09064140170812607,0.9997800588607788,0.5142087340354919,0.41506755352020264,-0.06050727516412735,0.9998340606689453,0.5107457637786865,0.4144611358642578,-0.061185337603092194,0.9998561143875122,0.5071420073509216,0.4135715961456299,-0.06149391457438469,0.999881386756897,0.5683951377868652,0.4358299672603607,-0.030381038784980774,0.9997898936271667,0.525035560131073,0.42538484930992126,0.10013870894908905,0.9997326135635376,0.5260457992553711,0.4834953248500824,-0.07397643476724625,0.9995965957641602,0.5068694949150085,0.47769275307655334,-0.038595713675022125,0.9996197819709778,0.6243260502815247,0.6236981153488159,-0.018146023154258728,0.9998530745506287,0.46307849884033203,0.611670196056366,0.2230415791273117,0.9998419880867004,0.6904525756835938,0.7525160312652588,-0.023495519533753395,0.9584043622016907,0.3395662009716034,0.6705901622772217,0.36041727662086487,0.6073282361030579,0.6387122869491577,0.46107903122901917,0.06882300972938538,0.9782180190086365,0.3725871443748474,0.44417309761047363,0.4179084897041321,0.9535374641418457,0.64311683177948,0.4021283984184265,0.07991751283407211,0.9763680696487427,0.38355985283851624,0.4040822684764862,0.43110352754592896,0.9427245259284973,0.6408898830413818,0.39223650097846985,0.0892263725399971,0.9791873693466187,0.3963865339756012,0.4020364582538605,0.4379197955131531,0.9469722509384155,0.6334288716316223,0.41556909680366516,0.08040708303451538,0.9723953008651733,0.3947341740131378,0.4233882427215576,0.41745901107788086,0.9525673985481262,0.5650985836982727,1.0597233772277832,-0.06709160655736923,0.4996286928653717,0.45906123518943787,1.0574982166290283,0.06670351326465607,0.5488247871398926,0.581256091594696,1.5600392818450928,-0.25701990723609924,0.0015685298712924123,0.44826740026474,1.4935299158096313,-0.07536105066537857,0.001811426249332726,0.5741481184959412,1.9739413261413574,-0.47872552275657654,0.0009365617879666388,0.4390915036201477,1.9207956790924072,-0.03415035456418991,0.0004907308612018824,0.5904209613800049,2.0349972248077393,-0.5086496472358704,0.002269857795909047,0.4391755163669586,1.9806463718414307,-0.037087582051754,0.0016342347953468561,0.5226739645004272,2.071375846862793,-0.6908917427062988,0.0016202371334657073,0.4313477873802185,2.0340678691864014,-0.1267719864845276,0.000633302959613502
0.5114098787307739,0.4450690448284149,-0.10233747959136963,0.9998910427093506,0.5277673006057739,0.4156288206577301,-0.08748458325862885,0.9997473359107971,0.5353062152862549,0.41671162843704224,-0.08777599036693573,0.9997532963752747,0.5436109304428101,0.4181623160839081,-0.08773434907197952,0.9997807741165161,0.5137366652488708,0.4137539863586426,-0.0601884126663208,0.9998341798782349,0.510158121585846,0.41328883171081543,-0.060846079140901566,0.9998579621315002,0.5064250230789185,0.4122469127178192,-0.06116355583071709,0.9998805522918701,0.5690630674362183,0.43557217717170715,-0.015730302780866623,0.9997974634170532,0.5228224992752075,0.42450422048568726,0.10465186834335327,0.9997367858886719,0.5280176997184753,0.48324695229530334,-0.07132861763238907,0.9996001124382019,0.5076261162757874,0.47780439257621765,-0.03921308368444443,0.999623715877533,0.6243816018104553,0.6231047511100769,-0.0006982550257816911,0.999851405620575,0.4626474976539612,0.6099376082420349,0.2141558825969696,0.9998392462730408,0.6916284561157227,0.709876537322998,0.002039483282715082,0.9566193222999573,0.34072345495224,0.6406956911087036,0.2915324866771698,0.5981650948524475,0.6414004564285278,0.42167967557907104,0.09942091256380081,0.9772275686264038,0.37723246216773987,0.4145590364933014,0.3801341652870178,0.9511400461196899,0.6433180570602417,0.3647489845752716,0.11237896978855133,0.9752470850944519,0.3896426558494568,0.36638250946998596,0.3555156886577606,0.9401902556419373,0.6441048383712769,0.35161668062210083,0.1221187561750412,0.9781655669212341,0.40219125151634216,0.3657165467739105,0.34708482027053833,0.9444865584373474,0.6373090147972107,0.3768129050731659,0.11061762273311615,0.9714047908782959,0.40070071816444397,0.38576775789260864,0.35832479596138,0.9510723948478699,0.5650452375411987,1.0582711696624756,-0.05238869786262512,0.5069774985313416,0.45916756987571716,1.0550198554992676,0.052036069333553314,0.5539954304695129,0.5803976655006409,1.5560483932495117,-0.24410057067871094,0.0015021177241578698,0.44812169671058655,1.4971561431884766,-0.1464630514383316,0.0017304657958447933,0.5742359757423401,1.9737086296081543,-0.43342193961143494,0.0009001143043860793,0.43866509199142456,1.9172534942626953,-0.09125487506389618,0.0004661332641262561,0.5903131365776062,2.034994602203369,-0.4570344090461731,0.0021871584467589855,0.43716827034950256,1.9740195274353027,-0.09048092365264893,0.0015513719990849495,0.5261532664299011,2.0731911659240723,-0.6453264951705933,0.001557506388053298,0.43696993589401245,2.0319387912750244,-0.20604583621025085,0.0005990784848108888
0.5123404264450073,0.4451359212398529,-0.09102349728345871,0.9998886585235596,0.5282801389694214,0.4158205986022949,-0.07524116337299347,0.999741792678833,0.5359286069869995,0.41702479124069214,-0.07551790028810501,0.9997501969337463,0.5441129207611084,0.41860902309417725,-0.07548893988132477,0.9997769594192505,0.5133917331695557,0.41400179266929626,-0.048432860523462296,0.9998293519020081,0.5096771121025085,0.4138072431087494,-0.049056943506002426,0.999854326248169,0.5058266520500183,0.41298049688339233,-0.049332186579704285,0.9998762607574463,0.5691136121749878,0.4369259178638458,-0.0025422521866858006,0.9998002052307129,0.5218100547790527,0.4259112775325775,0.11728330701589584,0.9997325539588928,0.5296167135238647,0.4838207960128784,-0.06019042059779167,0.9995964169502258,0.5082622766494751,0.478813499212265,-0.02880335971713066,0.9996196031570435,0.6242655515670776,0.6234384179115295,-0.002511621220037341,0.9998483657836914,0.4623602032661438,0.6088894605636597,0.21708062291145325,0.9998331069946289,0.6923545598983765,0.6754376888275146,-0.05718217417597771,0.9556359648704529,0.3415999114513397,0.6018617153167725,0.28109824657440186,0.5878357887268066,0.6433947682380676,0.3803095519542694,-0.02597939968109131,0.9762519598007202,0.381704181432724,0.3805670142173767,0.3482327163219452,0.9473020434379578,0.6437596082687378,0.3247470557689667,-0.02864764630794525,0.9737896919250488,0.39474886655807495,0.3315894901752472,0.3249051570892334,0.9355303049087524,0.6451560258865356,0.3089119791984558,-0.01349692977964878,0.9768192172050476,0.40632954239845276,0.33096420764923096,0.32072213292121887,0.9401013851165771,0.6384486556053162,0.33501899242401123,-0.014977028593420982,0.9699210524559021,0.4055419862270355,0.34965842962265015,0.3285524845123291,0.9477867484092712,0.5651415586471558,1.0585211515426636,-0.05109680816531181,0.507540225982666,0.45919352769851685,1.054290533065796,0.05075395107269287,0.5532474517822266,0.5800915360450745,1.558971881866455,-0.22010383009910583,0.0013949054991826415,0.448399156332016,1.5010480880737305,-0.15393762290477753,0.0016148429131135345,0.5748463869094849,1.9760830402374268,-0.3753194212913513,0.0008395058684982359,0.4389002323150635,1.9223458766937256,-0.09898334741592407,0.00043340621050447226,0.5906492471694946,2.036949396133423,-0.39892733097076416,0.0020599598065018654,0.4371853470802307,1.9802758693695068,-0.09800151735544205,0.0014498918317258358,0.5279759168624878,2.073948383331299,-0.5810927748680115,0.0014551891945302486,0.44231468439102173,2.032958745956421,-0.2180260717868805,0.0005569522036239505
0.5129832625389099,0.4529971778392792,-0.10171826928853989,0.9998894929885864,0.5290960669517517,0.4234064221382141,-0.08570634573698044,0.9997420907020569,0.5368132591247559,0.4253459572792053,-0.08597102016210556,0.9997517466545105,0.5449137687683105,0.4277551770210266,-0.08592581003904343,0.9997766613960266,0.5143464207649231,0.4212290942668915,-0.05856119841337204,0.9998300671577454,0.5106247067451477,0.4210818111896515,-0.05919056385755539,0.9998561143875122,0.5068603754043579,0.4203322231769562,-0.05945979431271553,0.999877393245697,0.5692011713981628,0.44810378551483154,-0.007117300294339657,0.9998046159744263,0.5212733149528503,0.4315059781074524,0.11662571132183075,0.9997401237487793,0.5297307968139648,0.4930117428302765,-0.0686308890581131,0.9995999336242676,0.5082805752754211,0.4882171154022217,-0.03630205616354942,0.9996266961097717,0.6238669157028198,0.6319511532783508,-0.005125117022544146,0.9998389482498169,0.46201902627944946,0.608985185623169,0.19702589511871338,0.999830424785614,0.6939729452133179,0.6506623029708862,-0.07199528068304062,0.9567387700080872,0.34395256638526917,0.5771909356117249,0.23476700484752655,0.598086953163147,0.6440451145172119,0.35521987080574036,-0.054844699800014496,0.9764783382415771,0.3825114071369171,0.35394319891929626,0.2410934865474701,0.9493775367736816,0.6437006592750549,0.2972586154937744,-0.06195103004574776,0.9737721085548401,0.39121395349502563,0.30226007103919983,0.23066405951976776,0.9378936886787415,0.6449495553970337,0.28534996509552,-0.04767049476504326,0.9767892360687256,0.40382665395736694,0.30303630232810974,0.23679682612419128,0.9423312544822693,0.6386500000953674,0.313190758228302,-0.045215703547000885,0.9700990915298462,0.40432843565940857,0.32449543476104736,0.23550871014595032,0.9499192237854004,0.5651148557662964,1.1009989976882935,-0.04472232609987259,0.5088284015655518,0.4599951207637787,1.0580272674560547,0.04435831308364868,0.5557667016983032,0.5786182284355164,1.5560346841812134,-0.20891854166984558,0.001351578044705093,0.4483082890510559,1.5112711191177368,-0.20133177936077118,0.0016253245994448662,0.5735410451889038,1.9774030447006226,-0.30538925528526306,0.0008218134753406048,0.4366234838962555,1.9320236444473267,-0.11729232966899872,0.00043220436782576144,0.5884190797805786,2.0372796058654785,-0.32410046458244324,0.002032656455412507,0.4335504174232483,1.9862405061721802,-0.11325367540121078,0.0014380163047462702,0.5276139974594116,2.0770881175994873,-0.5107954740524292,0.0014313366264104843,0.44147032499313354,2.045271158218384,-0.24233686923980713,0.0005545640015043318
0.5134196877479553,0.46297356486320496,-0.164274200797081,0.9998827576637268,0.5295655727386475,0.43417230248451233,-0.14718714356422424,0.9997283816337585,0.5372329950332642,0.43620097637176514,-0.1474737524986267,0.9997402429580688,0.5452728867530823,0.43879857659339905,-0.14743192493915558,0.9997667074203491,0.5145593881607056,0.4320251941680908,-0.11858727037906647,0.9998186230659485,0.5106805562973022,0.4321374297142029,-0.11917591094970703,0.9998462200164795,0.5068040490150452,0.4318414032459259,-0.11940512806177139,0.9998683929443359,0.5690829753875732,0.46073198318481445,-0.06442596018314362,0.9998013973236084,0.5208299160003662,0.44326651096343994,0.06565211713314056,0.9997282028198242,0.5299269556999207,0.502597987651825,-0.13019517064094543,0.9995834827423096,0.508081316947937,0.4981919229030609,-0.09632282704114914,0.9996085166931152,0.6238023042678833,0.6459983587265015,-0.07811586558818817,0.9998265504837036,0.46179088950157166,0.6159213781356812,0.15221527218818665,0.9998111724853516,0.6936241388320923,0.6335424184799194,-0.20219306647777557,0.9580793380737305,0.34557709097862244,0.558743953704834,0.17740559577941895,0.595161497592926,0.6464207768440247,0.3206723630428314,-0.24842524528503418,0.9769628047943115,0.38204705715179443,0.3384990394115448,0.1435445249080658,0.9472759962081909,0.646240234375,0.2579617500305176,-0.27810972929000854,0.9741623401641846,0.3899741768836975,0.2886171042919159,0.12604111433029175,0.9356662034988403,0.6484388113021851,0.2509607672691345,-0.26388585567474365,0.9771978259086609,0.40259456634521484,0.28820398449897766,0.12482737004756927,0.9406248331069946,0.6431540846824646,0.2788095772266388,-0.24241158366203308,0.9706556797027588,0.40328702330589294,0.3085603713989258,0.13483302295207977,0.9489120841026306,0.565737247467041,1.1319996118545532,-0.04736354947090149,0.4962391257286072,0.46092528104782104,1.0764302015304565,0.046989429742097855,0.5418838262557983,0.5786573886871338,1.5824759006500244,-0.18701502680778503,0.0012490524677559733,0.4483407139778137,1.532677173614502,-0.17975422739982605,0.0015268493443727493,0.5737850666046143,1.9963101148605347,-0.21860074996948242,0.0007710505742579699,0.43662720918655396,1.9471287727355957,-0.07299167662858963,0.0004114684124942869,0.588560163974762,2.0539422035217285,-0.23137111961841583,0.0019420633325353265,0.4337043762207031,1.9998565912246704,-0.06350872665643692,0.001387990778312087,0.5278797149658203,2.101550817489624,-0.4274202883243561,0.0013536843471229076,0.44072309136390686,2.06351900100708,-0.2270728051662445,0.0005325970705598593
0.5131390690803528,0.47618457674980164,-0.1667582094669342,0.9998719096183777,0.5293014645576477,0.4460744559764862,-0.14904862642288208,0.9997029900550842,0.53699791431427,0.44827884435653687,-0.1493234485387802,0.9997137784957886,0.5450750589370728,0.45154809951782227,-0.14928361773490906,0.9997462034225464,0.5142841935157776,0.4436729848384857,-0.12229841947555542,0.9998006820678711,0.5104832649230957,0.4438164532184601,-0.12286144495010376,0.9998297095298767,0.5066510438919067,0.44385409355163574,-0.12305966764688492,0.9998560547828674,0.5689879655838013,0.4757770597934723,-0.06433787941932678,0.9997843503952026,0.5203054547309875,0.45728445053100586,0.05756285786628723,0.999705970287323,0.5296825170516968,0.5140260457992554,-0.1325550675392151,0.9995675086975098,0.507797360420227,0.5103396773338318,-0.10113666206598282,0.9995923042297363,0.6240116953849792,0.6633609533309937,-0.09071238338947296,0.9998216032981873,0.4616212248802185,0.6242014765739441,0.11780892312526703,0.9998055100440979,0.6933479309082031,0.5982135534286499,-0.3015064597129822,0.9589271545410156,0.35030704736709595,0.5431773066520691,0.05500432848930359,0.5962156653404236,0.6481403112411499,0.29675769805908203,-0.47159314155578613,0.977613627910614,0.38517048954963684,0.31474292278289795,-0.07870293408632278,0.948729395866394,0.6503746509552002,0.23108568787574768,-0.5233801603317261,0.9748508930206299,0.39136356115341187,0.27101585268974304,-0.11945947259664536,0.9376811981201172,0.6506602168083191,0.2255566269159317,-0.5092607736587524,0.977871298789978,0.4054635465145111,0.27170124650001526,-0.12253614515066147,0.942707359790802,0.6451385021209717,0.25310513377189636,-0.4692196846008301,0.9715330004692078,0.40657782554626465,0.29175761342048645,-0.09149471670389175,0.9507378339767456,0.5686758756637573,1.149775743484497,-0.042456887662410736,0.4820283055305481,0.45909395813941956,1.1306101083755493,0.042037397623062134,0.5291786789894104,0.5791980028152466,1.6034834384918213,-0.1595008671283722,0.0011392156593501568,0.4497067332267761,1.5543255805969238,-0.23032096028327942,0.001421007327735424,0.5749961137771606,2.0156188011169434,-0.16727660596370697,0.0007115465705282986,0.4381940960884094,1.970658540725708,-0.12383891642093658,0.00038689514622092247,0.5896466970443726,2.0729708671569824,-0.1787533015012741,0.001815133960917592,0.4355034828186035,2.0234811305999756,-0.11760852485895157,0.0013181738322600722,0.5298901796340942,2.1221723556518555,-0.37729310989379883,0.0012565802317112684,0.44312533736228943,2.0905065536499023,-0.2705531120300293,0.0005046367878094316
0.5136183500289917,0.4871877431869507,-0.16570742428302765,0.999855101108551,0.5301030278205872,0.4578954577445984,-0.14932331442832947,0.9996589422225952,0.5377238392829895,0.4608127474784851,-0.14959993958473206,0.9996697306632996,0.5456064343452454,0.46496641635894775,-0.14956651628017426,0.9997079968452454,0.515325665473938,0.4541064500808716,-0.12112096697092056,0.9997743964195251,0.5113417506217957,0.4541756808757782,-0.12170171737670898,0.9998090267181396,0.5072694420814514,0.45441868901252747,-0.12190760672092438,0.999840497970581,0.5689164400100708,0.4879719614982605,-0.06806834042072296,0.9997513890266418,0.5198829174041748,0.4701618552207947,0.06035372614860535,0.9996739029884338,0.5296772718429565,0.525036096572876,-0.13243120908737183,0.9995165467262268,0.5077681541442871,0.5199490189552307,-0.09905694425106049,0.9995495080947876,0.6239525079727173,0.6668866872787476,-0.09882880747318268,0.9998081922531128,0.4625009596347809,0.6297253370285034,0.12712474167346954,0.9997999668121338,0.6923300623893738,0.5453471541404724,-0.26478341221809387,0.9586232304573059,0.3611038029193878,0.5221242904663086,0.06830008327960968,0.5907902717590332,0.6481567025184631,0.2617488205432892,-0.36898118257522583,0.97648686170578,0.38769885897636414,0.29218629002571106,-0.09056136012077332,0.9493183493614197,0.6523414254188538,0.19782643020153046,-0.41123270988464355,0.9734883904457092,0.3944619596004486,0.24666288495063782,-0.134408637881279,0.9389128684997559,0.6504815816879272,0.1957768350839615,-0.4008774161338806,0.9768257141113281,0.41024118661880493,0.24722330272197723,-0.1414942592382431,0.9441609382629395,0.6442334055900574,0.22217991948127747,-0.36619049310684204,0.9704318642616272,0.41169705986976624,0.2692811191082001,-0.10568834841251373,0.952006459236145,0.5687997937202454,1.1514899730682373,-0.044357866048812866,0.46580013632774353,0.45540958642959595,1.1365303993225098,0.04393342137336731,0.5148695707321167,0.574539303779602,1.6071223020553589,-0.18311941623687744,0.001037843176163733,0.4466618597507477,1.55641508102417,-0.2688267230987549,0.0013200707035139203,0.5679954290390015,2.0208208560943604,-0.22919543087482452,0.0006510841194540262,0.43544745445251465,1.9745322465896606,-0.18538430333137512,0.0003592305874917656,0.5813204050064087,2.0803158283233643,-0.244464710354805,0.0016807166393846273,0.43281131982803345,2.029505729675293,-0.18201559782028198,0.001240684068761766,0.5243306159973145,2.121891975402832,-0.4449971318244934,0.0011544503504410386,0.44093331694602966,2.0889766216278076,-0.3354247808456421,0.0004712384834419936
0.5165830850601196,0.49377548694610596,-0.160104438662529,0.9998428821563721,0.5327355861663818,0.46806657314300537,-0.14432068169116974,0.9996312856674194,0.5399309396743774,0.4711105227470398,-0.14459970593452454,0.9996431469917297,0.5472902059555054,0.47503769397735596,-0.14456063508987427,0.9996868968009949,0.5183286666870117,0.46306663751602173,-0.11576485633850098,0.9997565150260925,0.5139210820198059,0.4626016914844513,-0.11635422706604004,0.9997937083244324,0.5093254446983337,0.4625423550605774,-0.11656318604946136,0.999828040599823,0.5688773989677429,0.4975575804710388,-0.06707395613193512,0.9997328519821167,0.5207067728042603,0.4801609516143799,0.06498284637928009,0.9996493458747864,0.5306092500686646,0.530910313129425,-0.12725943326950073,0.9994925260543823,0.5088481307029724,0.526147723197937,-0.09325890988111496,0.9995249509811401,0.6221780180931091,0.671449601650238,-0.10784075409173965,0.9998037219047546,0.46458515524864197,0.6382876038551331,0.13914334774017334,0.999789297580719,0.686468243598938,0.5184034705162048,-0.3092166781425476,0.9576631188392639,0.3737860321998596,0.5090463161468506,0.10256798565387726,0.5719646215438843,0.6501405835151672,0.23535051941871643,-0.48511871695518494,0.9759742617607117,0.38915759325027466,0.2710273861885071,-0.050405025482177734,0.9475504755973816,0.6550906896591187,0.17237460613250732,-0.5464824438095093,0.9732929468154907,0.3956388831138611,0.21647077798843384,-0.09454108774662018,0.9386584758758545,0.6514390110969543,0.17345386743545532,-0.5385409593582153,0.9768419861793518,0.41266751289367676,0.21544116735458374,-0.10970398038625717,0.9444047808647156,0.6443883180618286,0.2000899612903595,-0.48636165261268616,0.9704486727714539,0.414400190114975,0.23913663625717163,-0.06889898329973221,0.9521077275276184,0.5691285729408264,1.1528000831604004,-0.044933125376701355,0.44678741693496704,0.4555507302284241,1.1411131620407104,0.04444703832268715,0.4942498803138733,0.5739538073539734,1.620390772819519,-0.19293765723705292,0.0009433465893380344,0.4445382058620453,1.5618460178375244,-0.2424355447292328,0.0012088567018508911,0.5639588832855225,2.036332845687866,-0.25960081815719604,0.0005952657666057348,0.43275731801986694,1.9872074127197266,-0.16688676178455353,0.0003294645866844803,0.5763686895370483,2.1014060974121094,-0.2769107520580292,0.001565429731272161,0.43041014671325684,2.0458271503448486,-0.16488291323184967,0.0011523767607286572,0.5232234001159668,2.1218338012695312,-0.46610862016677856,0.0010625915601849556,0.4380912780761719,2.0922658443450928,-0.32010143995285034,0.00043504463974386454
0.5187524557113647,0.5009503960609436,-0.16584838926792145,0.999834418296814,0.5355554819107056,0.4773804247379303,-0.14908376336097717,0.9996146559715271,0.5428067445755005,0.48039525747299194,-0.14940091967582703,0.999628484249115,0.5501259565353394,0.4840860068798065,-0.14936746656894684,0.9996727108955383,0.5199995040893555,0.47193053364753723,-0.11999757587909698,0.9997441172599792,0.514969527721405,0.4710383415222168,-0.12056221812963486,0.9997836947441101,0.5098885893821716,0.4706219434738159,-0.12074320018291473,0.9998175501823425,0.569315493106842,0.5079541802406311,-0.07358084619045258,0.9997225403785706,0.5205045342445374,0.4880649447441101,0.06008501723408699,0.9996308088302612,0.5321502089500427,0.5371554493904114,-0.1352016031742096,0.9994572401046753,0.5094660520553589,0.5324119925498962,-0.1004280298948288,0.999485969543457,0.6190184354782104,0.6743418574333191,-0.13378578424453735,0.9997928738594055,0.4658554196357727,0.6430641412734985,0.11289600282907486,0.9997647404670715,0.6756128072738647,0.49154776334762573,-0.38630974292755127,0.9575042724609375,0.3895246982574463,0.4995526969432831,0.011640460230410099,0.5551912188529968,0.6512877345085144,0.20867837965488434,-0.6005943417549133,0.9754740595817566,0.39442700147628784,0.25815609097480774,-0.2007811814546585,0.943446159362793,0.6557486057281494,0.14645695686340332,-0.6738185882568359,0.9732328057289124,0.4010900557041168,0.20263375341892242,-0.26126569509506226,0.9365953207015991,0.6512662172317505,0.14771004021167755,-0.6683053970336914,0.9769643545150757,0.4147563874721527,0.20081354677677155,-0.27542659640312195,0.9430292248725891,0.6439878344535828,0.1752339005470276,-0.6054643988609314,0.9707258939743042,0.4161451458930969,0.22385726869106293,-0.22204890847206116,0.9510001540184021,0.569161057472229,1.150270700454712,-0.04628831148147583,0.45045870542526245,0.45572829246520996,1.1389720439910889,0.04581683129072189,0.49490660429000854,0.5719690322875977,1.6170450448989868,-0.19529500603675842,0.0008780970820225775,0.44418391585350037,1.559435486793518,-0.23243555426597595,0.001141394954174757,0.557375431060791,2.035144805908203,-0.237094447016716,0.0005622436292469501,0.4314814507961273,1.9840905666351318,-0.14963947236537933,0.0003145293449051678,0.5674147009849548,2.1016948223114014,-0.25338447093963623,0.0015267616836354136,0.4296536445617676,2.0443367958068848,-0.14773033559322357,0.0011248830705881119,0.5191065073013306,2.1210408210754395,-0.470750093460083,0.0010182000696659088,0.43323224782943726,2.0905816555023193,-0.31396031379699707,0.0004211435734760016
0.5201583504676819,0.5119450688362122,-0.16510197520256042,0.9998021125793457,0.5369232892990112,0.49019572138786316,-0.14273981750011444,0.9995236396789551,0.544192373752594,0.49320635199546814,-0.14308837056159973,0.9995423555374146,0.5512685775756836,0.4969250559806824,-0.14306695759296417,0.99959397315979,0.5210577249526978,0.4849399924278259,-0.11900516599416733,0.9996916055679321,0.5155881643295288,0.4838135242462158,-0.11951063573360443,0.9997432231903076,0.510148823261261,0.48313331604003906,-0.11965988576412201,0.9997826814651489,0.5694051384925842,0.5220127701759338,-0.058151453733444214,0.9996491074562073,0.5202763676643372,0.5003770589828491,0.06375560909509659,0.9995613098144531,0.5327836275100708,0.5472879409790039,-0.13315875828266144,0.9993309378623962,0.5102707147598267,0.5421118140220642,-0.09664815664291382,0.9993830919265747,0.6157342791557312,0.6806461811065674,-0.10922012478113174,0.9997602701187134,0.4657076895236969,0.6474008560180664,0.10406289249658585,0.9997378587722778,0.6614712476730347,0.486733078956604,-0.3322001099586487,0.9545761942863464,0.3963969051837921,0.4842890799045563,-0.012556096538901329,0.5483734607696533,0.6528174877166748,0.20089378952980042,-0.5401067137718201,0.9733977317810059,0.39668363332748413,0.24430035054683685,-0.23115769028663635,0.9419758915901184,0.6601125597953796,0.13682308793067932,-0.6107327342033386,0.9718751311302185,0.40149250626564026,0.19476701319217682,-0.29654091596603394,0.9362300634384155,0.6532245874404907,0.13628509640693665,-0.6121623516082764,0.9760909080505371,0.4159654676914215,0.19034706056118011,-0.31077224016189575,0.943039059638977,0.6447147727012634,0.1630244106054306,-0.5480251908302307,0.969947874546051,0.41730770468711853,0.21123696863651276,-0.25256460905075073,0.9510762691497803,0.5693982243537903,1.1495739221572876,-0.041484273970127106,0.4507456123828888,0.455893337726593,1.1374199390411377,0.04100509732961655,0.4954086244106293,0.57125324010849,1.6193772554397583,-0.19180837273597717,0.0008131814538501203,0.4439074993133545,1.559141993522644,-0.23944005370140076,0.0010742009617388248,0.5536289215087891,2.040229320526123,-0.2220374047756195,0.0005246933433227241,0.4309566915035248,1.9879850149154663,-0.15847715735435486,0.00029842127696610987,0.5626516342163086,2.1091814041137695,-0.2385106086730957,0.0014493627240881324,0.42953234910964966,2.053050994873047,-0.15780892968177795,0.001081878668628633,0.5131282210350037,2.120847225189209,-0.4691999852657318,0.0009589536348357797,0.4305097460746765,2.089707612991333,-0.33864790201187134,0.0004026653477922082
0.5199165940284729,0.5233346223831177,-0.13252012431621552,0.9997997283935547,0.5366584062576294,0.49848416447639465,-0.11228416115045547,0.9995272755622864,0.5440328121185303,0.5007134079933167,-0.1125815361738205,0.9995424747467041,0.5511896014213562,0.5039770603179932,-0.11254625022411346,0.999596893787384,0.5207827687263489,0.49514299631118774,-0.08657003939151764,0.9996942281723022,0.5153356194496155,0.49494144320487976,-0.08712555468082428,0.9997435212135315,0.5099778771400452,0.494873046875,-0.0872647687792778,0.9997844099998474,0.5694097280502319,0.5275884866714478,-0.02777475118637085,0.9996504187583923,0.5202069282531738,0.5110318660736084,0.09379501640796661,0.999562680721283,0.5327494740486145,0.5580940842628479,-0.09874185919761658,0.9993333220481873,0.5102869272232056,0.5528910756111145,-0.0659906417131424,0.9993848204612732,0.6137942671775818,0.6886284947395325,-0.10017295181751251,0.9997501373291016,0.4661392271518707,0.6526876091957092,0.12215502560138702,0.9997272491455078,0.6551055312156677,0.48715463280677795,-0.29930466413497925,0.95479416847229,0.40265169739723206,0.4736570119857788,0.0657753199338913,0.5486342906951904,0.6529603004455566,0.19493655860424042,-0.4961620271205902,0.9726294875144958,0.4036381244659424,0.23756976425647736,-0.11763453483581543,0.9396170377731323,0.6627131700515747,0.1313323974609375,-0.566209614276886,0.9709392786026001,0.40488356351852417,0.1903182715177536,-0.17386165261268616,0.9341372847557068,0.6542211771011353,0.12813915312290192,-0.5669262409210205,0.9755107164382935,0.4196532368659973,0.1867760568857193,-0.1938827633857727,0.941716730594635,0.6446799039840698,0.15472659468650818,-0.5032287836074829,0.9693886041641235,0.42208895087242126,0.20712310075759888,-0.13996949791908264,0.9497135281562805,0.5681645274162292,1.1561168432235718,-0.04166517034173012,0.4382423162460327,0.45565152168273926,1.1418818235397339,0.04117349162697792,0.48283103108406067,0.5690950155258179,1.6381912231445312,-0.1819288581609726,0.0007623113924637437,0.44015926122665405,1.5736193656921387,-0.22933587431907654,0.001032832427881658,0.5500404834747314,2.0592572689056396,-0.1926857978105545,0.0004905194509774446,0.42773836851119995,2.007073163986206,-0.1495346575975418,0.0002834986662492156,0.559287428855896,2.128582239151001,-0.206086203455925,0.0013860240578651428,0.42725086212158203,2.07297420501709,-0.14769014716148376,0.001043560216203332,0.5091480016708374,2.1271424293518066,-0.424818754196167,0.000901950930710882,0.4241268038749695,2.0959789752960205,-0.3072560727596283,0.0003863661258947104
0.5198086500167847,0.5289484262466431,-0.13545012474060059,0.9997916221618652,0.5364725589752197,0.5034302473068237,-0.11781026422977448,0.9995212554931641,0.5438467860221863,0.5056851506233215,-0.1181122437119484,0.9995328187942505,0.5510048866271973,0.5089942216873169,-0.11807411909103394,0.9995916485786438,0.520976185798645,0.5000832676887512,-0.0899994894862175,0.9996898770332336,0.5154821872711182,0.49984532594680786,-0.09056131541728973,0.9997379779815674,0.5100938081741333,0.4998476207256317,-0.09067755192518234,0.9997811913490295,0.5694282054901123,0.5326927304267883,-0.040268752723932266,0.9996457099914551,0.5207306146621704,0.5164312124252319,0.09031534940004349,0.9995549321174622,0.5326389074325562,0.5644530653953552,-0.10304319858551025,0.9993286728858948,0.5103826522827148,0.558277428150177,-0.06843346357345581,0.9993793368339539,0.6131778955459595,0.6925771236419678,-0.10549192130565643,0.9997458457946777,0.4664476811885834,0.654079020023346,0.13228707015514374,0.9997224807739258,0.6534650921821594,0.47853952646255493,-0.31531834602355957,0.954643964767456,0.40611833333969116,0.4601230323314667,0.06952618062496185,0.5435545444488525,0.6530160307884216,0.1894812434911728,-0.5224329233169556,0.9721013903617859,0.40654459595680237,0.22584602236747742,-0.14328286051750183,0.9376217722892761,0.6632966995239258,0.12981419265270233,-0.596653401851654,0.9705418944358826,0.4075097441673279,0.1818363219499588,-0.20533578097820282,0.9330152273178101,0.6556780934333801,0.12851659953594208,-0.6004523634910583,0.9753864407539368,0.4230130612850189,0.18041080236434937,-0.2291022092103958,0.9412119388580322,0.6454179883003235,0.15368889272212982,-0.5309461951255798,0.9692668914794922,0.425830602645874,0.20031669735908508,-0.16816115379333496,0.9490163922309875,0.5662136673927307,1.164541482925415,-0.04517722874879837,0.42323893308639526,0.45457249879837036,1.1489287614822388,0.04468026012182236,0.46650931239128113,0.5662039518356323,1.648259162902832,-0.1770220249891281,0.0007075915927998722,0.4365105628967285,1.5841718912124634,-0.22578124701976776,0.0009781988337635994,0.5475566387176514,2.074267864227295,-0.1882803738117218,0.0004579932428896427,0.42452913522720337,2.019235849380493,-0.12668481469154358,0.0002678407181520015,0.5571883916854858,2.146134376525879,-0.20226232707500458,0.001325329882092774,0.42447414994239807,2.0862529277801514,-0.12342993170022964,0.0010061743669211864,0.5056661367416382,2.135488986968994,-0.4246543347835541,0.0008480748510919511,0.41870203614234924,2.102005958557129,-0.30025598406791687,0.00036906462628394365
0.5196388363838196,0.5276014804840088,-0.1496981829404831,0.9997658729553223,0.5362630486488342,0.502768337726593,-0.13711515069007874,0.9994861483573914,0.5436710715293884,0.5050627589225769,-0.13742418587207794,0.9994905591011047,0.5509685277938843,0.508251428604126,-0.13739080727100372,0.9995622634887695,0.5210881233215332,0.4993082284927368,-0.10601277649402618,0.9996669888496399,0.5158108472824097,0.49885886907577515,-0.10660935938358307,0.9997159242630005,0.5106155872344971,0.498649924993515,-0.1067696362733841,0.9997677803039551,0.5693902969360352,0.5328444838523865,-0.07170583307743073,0.9996228814125061,0.5231610536575317,0.5160678625106812,0.07159873098134995,0.999528706073761,0.5319920778274536,0.5642674565315247,-0.1209716647863388,0.999308168888092,0.5103294253349304,0.5573127269744873,-0.08307552337646484,0.9993613362312317,0.6133214235305786,0.6921811103820801,-0.12671971321105957,0.9997352361679077,0.4666040539741516,0.6551704406738281,0.13102377951145172,0.9997170567512512,0.6517304182052612,0.4692319631576538,-0.31797048449516296,0.9544562101364136,0.40578192472457886,0.4550606906414032,0.07826672494411469,0.5458921194076538,0.652699887752533,0.18589265644550323,-0.5154930353164673,0.9710469245910645,0.4074426293373108,0.22055178880691528,-0.13416741788387299,0.9370702505111694,0.6634252071380615,0.127607524394989,-0.5903700590133667,0.9694438576698303,0.40845346450805664,0.17580625414848328,-0.1967490315437317,0.9328173398971558,0.6567674279212952,0.12700217962265015,-0.597697377204895,0.9746866822242737,0.4246920943260193,0.17512521147727966,-0.22335436940193176,0.9414772391319275,0.6457092761993408,0.15196174383163452,-0.5251487493515015,0.9684551358222961,0.42764267325401306,0.19578903913497925,-0.15996457636356354,0.948861300945282,0.5660859942436218,1.1677439212799072,-0.05183126777410507,0.407540500164032,0.45458704233169556,1.1525317430496216,0.05132809281349182,0.45057442784309387,0.5663824081420898,1.6527260541915894,-0.166556715965271,0.0006605410017073154,0.4365209937095642,1.5921145677566528,-0.1620825231075287,0.0009284032857976854,0.547396183013916,2.0804812908172607,-0.14150892198085785,0.0004292578378226608,0.42410850524902344,2.023775100708008,-0.01501056831330061,0.0002546007453929633,0.5574742555618286,2.1515774726867676,-0.15140004456043243,0.0012712334282696247,0.4239349961280823,2.0896668434143066,-0.006853519473224878,0.0009760610410012305,0.5033456087112427,2.1419193744659424,-0.37547045946121216,0.0007987848366610706,0.41710537672042847,2.105079412460327,-0.17447681725025177,0.00035410671262070537
0.519722580909729,0.5264930129051208,-0.1503075659275055,0.9997199773788452,0.5364711284637451,0.501983642578125,-0.13692499697208405,0.999409556388855,0.5438459515571594,0.5044151544570923,-0.13723425567150116,0.9994018077850342,0.5510812997817993,0.5076097846031189,-0.1372036337852478,0.9995010495185852,0.5216596722602844,0.4982447624206543,-0.1069108098745346,0.9996170997619629,0.5165642499923706,0.4975506365299225,-0.10750897973775864,0.999666690826416,0.5115004777908325,0.49708956480026245,-0.10768093168735504,0.9997360706329346,0.5693784952163696,0.5327621102333069,-0.06769783794879913,0.9995684623718262,0.5233392715454102,0.515878438949585,0.06905726343393326,0.999458372592926,0.5319340825080872,0.5634422898292542,-0.1206323653459549,0.9992404580116272,0.5103988647460938,0.5567290782928467,-0.08441620320081711,0.999299168586731,0.6132216453552246,0.6916530132293701,-0.11723525822162628,0.9997170567512512,0.4665597379207611,0.6578010320663452,0.131035715341568,0.9996944665908813,0.6500982642173767,0.47039496898651123,-0.30638617277145386,0.9527382254600525,0.4037695825099945,0.46130022406578064,0.08128999173641205,0.5407333970069885,0.6524766683578491,0.1867259293794632,-0.5041942596435547,0.9689266085624695,0.40673431754112244,0.22195106744766235,-0.11862798780202866,0.9324945211410522,0.6631202697753906,0.1261320412158966,-0.5787689089775085,0.9672378301620483,0.4083171486854553,0.17993706464767456,-0.1795351803302765,0.9286305904388428,0.6551142334938049,0.12560363113880157,-0.585558295249939,0.9730932116508484,0.42441239953041077,0.17905597388744354,-0.20596039295196533,0.9383838176727295,0.6443533301353455,0.1507502645254135,-0.5138874650001526,0.9666000604629517,0.4272584915161133,0.19781388342380524,-0.1440264880657196,0.9456179738044739,0.5670428276062012,1.1757619380950928,-0.0518905445933342,0.3927808105945587,0.45535486936569214,1.1628563404083252,0.051390957087278366,0.4349789619445801,0.5714426040649414,1.6564499139785767,-0.14769256114959717,0.0006091610412113369,0.4370121955871582,1.6010479927062988,-0.16065220534801483,0.0008677695877850056,0.5540827512741089,2.0889744758605957,-0.09353078156709671,0.0003964275820180774,0.4249259829521179,2.034518241882324,-0.02469690516591072,0.00023853011953178793,0.5638604760169983,2.1595115661621094,-0.10030971467494965,0.0011933818459510803,0.4249337315559387,2.1001665592193604,-0.01777028478682041,0.000924977008253336,0.5123578310012817,2.1535096168518066,-0.3184072971343994,0.000740049232263118,0.4180067181587219,2.115440607070923,-0.18727019429206848,0.0003335332148708403
0.5187820196151733,0.5274586081504822,-0.1377428025007248,0.9997005462646484,0.5362279415130615,0.5027478933334351,-0.12612919509410858,0.9993833303451538,0.5435272455215454,0.505158007144928,-0.12644748389720917,0.9993741512298584,0.5507227778434753,0.5083763003349304,-0.12642116844654083,0.9994840025901794,0.5216015577316284,0.49926021695137024,-0.09338591992855072,0.9995952844619751,0.5164983868598938,0.4989451467990875,-0.09396101534366608,0.9996439218521118,0.511422336101532,0.49876266717910767,-0.09411472082138062,0.9997190237045288,0.5690721273422241,0.5337051153182983,-0.06574515253305435,0.9995535612106323,0.5232934951782227,0.5186045169830322,0.08179039508104324,0.9994218945503235,0.5308020710945129,0.5643141865730286,-0.1123892292380333,0.9992181658744812,0.5096639394760132,0.5578870177268982,-0.0727013424038887,0.9992678165435791,0.6131777763366699,0.692628800868988,-0.12505607306957245,0.9997172951698303,0.4665321409702301,0.6628178954124451,0.14297480881214142,0.9996803998947144,0.6502979397773743,0.4808919131755829,-0.3557758033275604,0.9514799118041992,0.401174932718277,0.47297197580337524,0.08597469329833984,0.5225468873977661,0.6523420810699463,0.19319309294223785,-0.5817080140113831,0.9680368304252625,0.40619897842407227,0.23052191734313965,-0.1038593277335167,0.9235836267471313,0.6628407835960388,0.1310671716928482,-0.6629611253738403,0.9665021300315857,0.4078831672668457,0.18690605461597443,-0.16256862878799438,0.921040952205658,0.653327465057373,0.13083669543266296,-0.6634703874588013,0.9726142883300781,0.4236324727535248,0.18525107204914093,-0.1875201016664505,0.9323052167892456,0.6434499621391296,0.15780839323997498,-0.589579164981842,0.9658519625663757,0.4264245629310608,0.20398534834384918,-0.12890279293060303,0.9401128888130188,0.5681456327438354,1.1808185577392578,-0.05735445022583008,0.38070911169052124,0.4566318988800049,1.1710617542266846,0.056859660893678665,0.420766144990921,0.5729001760482788,1.66937255859375,-0.15646544098854065,0.000557194696739316,0.43711262941360474,1.609406590461731,-0.1685202568769455,0.0008013012120500207,0.5551670789718628,2.0957882404327393,-0.14940118789672852,0.0003646471886895597,0.4269603192806244,2.0514516830444336,-0.047093477100133896,0.00022075747256167233,0.5644984841346741,2.165956497192383,-0.16082242131233215,0.0011194193502888083,0.42764514684677124,2.117642641067505,-0.04198136553168297,0.0008721931953914464,0.5151196718215942,2.160123109817505,-0.37652480602264404,0.0006836020038463175,0.41915637254714966,2.1383931636810303,-0.20190951228141785,0.0003106870281044394
0.5187340974807739,0.5282774567604065,-0.13524673879146576,0.9996855854988098,0.5361407399177551,0.5019028782844543,-0.1251213103532791,0.9993585348129272,0.5434222221374512,0.504463255405426,-0.1254446655511856,0.9993493556976318,0.5506433248519897,0.5078580379486084,-0.12541097402572632,0.9994646906852722,0.5216025114059448,0.497935950756073,-0.0896214172244072,0.999579131603241,0.5166275501251221,0.4973669648170471,-0.09019213169813156,0.9996301531791687,0.5117098093032837,0.49698659777641296,-0.09034645557403564,0.9997092485427856,0.5686866044998169,0.5323960185050964,-0.06723625957965851,0.999535858631134,0.5238509774208069,0.5163209438323975,0.09331885725259781,0.9994062781333923,0.5306707620620728,0.5651494860649109,-0.1112922877073288,0.9991973042488098,0.5096396207809448,0.5595604777336121,-0.06771396100521088,0.9992501139640808,0.6132252812385559,0.6918951869010925,-0.13443544507026672,0.9997062087059021,0.46657437086105347,0.6630808115005493,0.16808131337165833,0.9996734857559204,0.6513018608093262,0.4918707013130188,-0.3707903027534485,0.9497559070587158,0.3990979790687561,0.47484174370765686,0.13083066046237946,0.5112839341163635,0.6522641181945801,0.20038999617099762,-0.5972696542739868,0.9671838283538818,0.4055870473384857,0.23895825445652008,-0.08690938353538513,0.9240317344665527,0.6612029075622559,0.13436253368854523,-0.6795653104782104,0.9660120010375977,0.40753334760665894,0.19399501383304596,-0.16001398861408234,0.9222806096076965,0.6503352522850037,0.1343248039484024,-0.6785616874694824,0.9723523855209351,0.4231719970703125,0.1917155534029007,-0.1695568561553955,0.9337774515151978,0.6417841911315918,0.16380079090595245,-0.6039929986000061,0.9652953743934631,0.42575106024742126,0.2115202099084854,-0.12139938026666641,0.9410629272460938,0.5687188506126404,1.1787422895431519,-0.0688418298959732,0.3601943552494049,0.45744648575782776,1.1696431636810303,0.06835094839334488,0.3998698592185974,0.5731836557388306,1.6753177642822266,-0.16275882720947266,0.0005076428642496467,0.43731552362442017,1.610567331314087,-0.15436811745166779,0.0007334508700296283,0.555676281452179,2.10099458694458,-0.16636310517787933,0.00033353749313391745,0.4270218014717102,2.0570127964019775,-0.021447833627462387,0.00020238793513271958,0.5659276843070984,2.172229290008545,-0.1786462366580963,0.0010438950266689062,0.4277607798576355,2.124028444290161,-0.01470316480845213,0.0008133325027301908,0.5152437686920166,2.1630094051361084,-0.39568692445755005,0.00062923802761361,0.4197496473789215,2.1436431407928467,-0.17577572166919708,0.00028688678867183626
0.5173367261886597,0.5265768766403198,-0.12061615288257599,0.9996866583824158,0.535760223865509,0.5007627010345459,-0.10977951437234879,0.9993624091148376,0.5430384874343872,0.5030962228775024,-0.11010123789310455,0.9993550181388855,0.5501036643981934,0.5062627792358398,-0.11006204783916473,0.999471127986908,0.5205522775650024,0.4969311058521271,-0.07171203941106796,0.9995784759521484,0.5153225660324097,0.4963071942329407,-0.07227276265621185,0.9996278882026672,0.5104049444198608,0.4958604574203491,-0.07240699976682663,0.9997066855430603,0.5677706003189087,0.5305200815200806,-0.056055180728435516,0.999536395072937,0.5223439931869507,0.5148959159851074,0.1193784698843956,0.9993934035301208,0.5300589799880981,0.5634970664978027,-0.09737993776798248,0.9991973042488098,0.5082703828811646,0.5578785538673401,-0.050670772790908813,0.9992427825927734,0.6129817962646484,0.6918959617614746,-0.1273379772901535,0.9997104406356812,0.46644163131713867,0.6620596051216125,0.20295646786689758,0.9996691346168518,0.652347207069397,0.4967620372772217,-0.3676670789718628,0.9486034512519836,0.39259102940559387,0.4759109914302826,0.18752560019493103,0.49281957745552063,0.6509717702865601,0.2042131870985031,-0.5840625166893005,0.9670892357826233,0.40383201837539673,0.24038520455360413,0.01827114447951317,0.9200007915496826,0.6593739986419678,0.13804836571216583,-0.6605240106582642,0.9660627245903015,0.4070044457912445,0.19657878577709198,-0.030910775065422058,0.9192681908607483,0.6494299173355103,0.13475090265274048,-0.6544809341430664,0.9724276065826416,0.423020601272583,0.1931164264678955,-0.053913652896881104,0.9315217137336731,0.6405585408210754,0.16463489830493927,-0.5876677632331848,0.9651473760604858,0.4250868856906891,0.2123291790485382,-0.007024131715297699,0.9390909671783447,0.5694873332977295,1.179288387298584,-0.07573074847459793,0.3482300043106079,0.4580917954444885,1.1737475395202637,0.07523015886545181,0.3867226243019104,0.574968695640564,1.673283576965332,-0.21404556930065155,0.0004619514220394194,0.43824663758277893,1.612146019935608,-0.16556993126869202,0.0006694881012663245,0.560422420501709,2.101048707962036,-0.29320457577705383,0.0003054049448110163,0.42961421608924866,2.0578300952911377,-0.07552624493837357,0.00018511665984988213,0.5723205208778381,2.172848701477051,-0.31355613470077515,0.0009760462562553585,0.4303509593009949,2.1235382556915283,-0.07351138442754745,0.000756234279833734,0.5208243727684021,2.165477991104126,-0.5418103933334351,0.0005804539541713893,0.4241161346435547,2.1492273807525635,-0.2349080741405487,0.00026417162735015154
0.5146625638008118,0.5258859992027283,-0.14974074065685272,0.9996917843818665,0.5342907905578613,0.4964548647403717,-0.13505683839321136,0.999366283416748,0.5419082641601562,0.4994129240512848,-0.13538455963134766,0.9993617534637451,0.549214780330658,0.5037057399749756,-0.1353299468755722,0.9994749426841736,0.5178363919258118,0.4929768741130829,-0.09892962872982025,0.9995786547660828,0.5127641558647156,0.493029922246933,-0.09945676475763321,0.999628484249115,0.5080409646034241,0.49314650893211365,-0.09956890344619751,0.9997046589851379,0.5670009851455688,0.5275036096572876,-0.06424136459827423,0.9995362162590027,0.5182051658630371,0.5112327337265015,0.10748694092035294,0.9993871450424194,0.5291691422462463,0.5626291632652283,-0.12003572285175323,0.9991832971572876,0.505754828453064,0.5569998025894165,-0.07604514807462692,0.9992254376411438,0.6119279861450195,0.6913270950317383,-0.13092681765556335,0.9997007846832275,0.46523317694664,0.6618423461914062,0.17979781329631805,0.9996529221534729,0.6524734497070312,0.5206775069236755,-0.4246465563774109,0.9469785690307617,0.3764486610889435,0.4945226013660431,0.07862840592861176,0.4804550111293793,0.6492701768875122,0.22048746049404144,-0.6710172891616821,0.9668482542037964,0.39987772703170776,0.25203937292099,-0.13057871162891388,0.9188621044158936,0.6572788953781128,0.15436570346355438,-0.7502914667129517,0.9660142660140991,0.4045926034450531,0.19941368699073792,-0.18741215765476227,0.9189311861991882,0.6488022208213806,0.1539066731929779,-0.7370710372924805,0.9723728895187378,0.421440988779068,0.19895552098751068,-0.1982322633266449,0.9312772154808044,0.6397737264633179,0.17953063547611237,-0.6726459860801697,0.9648454785346985,0.42357978224754333,0.21904698014259338,-0.15015345811843872,0.9388231635093689,0.5702619552612305,1.180727243423462,-0.07493461668491364,0.33581697940826416,0.45775264501571655,1.174228310585022,0.07445856183767319,0.3736277222633362,0.5750243067741394,1.671358346939087,-0.22710421681404114,0.00042115780524909496,0.43898001313209534,1.6099250316619873,-0.23352119326591492,0.0006148087559267879,0.5616632699966431,2.100615978240967,-0.30447494983673096,0.0002812530437950045,0.4297584891319275,2.059190511703491,-0.16401109099388123,0.00017113650392275304,0.5737603306770325,2.172279119491577,-0.325836718082428,0.0009165913797914982,0.430403470993042,2.1262848377227783,-0.16463395953178406,0.0007115031476132572,0.5215921998023987,2.1696927547454834,-0.5662633180618286,0.0005413772887550294,0.42570924758911133,2.1545183658599854,-0.3445172905921936,0.000247084884904325
0.5111184120178223,0.5249313116073608,-0.15560969710350037,0.9997051954269409,0.5316705107688904,0.49163275957107544,-0.13859575986862183,0.999387264251709,0.5398292541503906,0.4947969615459442,-0.13891099393367767,0.9993852376937866,0.5474618673324585,0.4996677339076996,-0.13885453343391418,0.9994912147521973,0.5142353177070618,0.48891305923461914,-0.10492650419473648,0.9995924830436707,0.5098074078559875,0.4892817735671997,-0.10544241964817047,0.9996417760848999,0.5055602788925171,0.4896852672100067,-0.1055564284324646,0.9997130036354065,0.5655688047409058,0.5218302607536316,-0.06410911679267883,0.9995477795600891,0.5159888863563538,0.5049542784690857,0.1041119247674942,0.9994035363197327,0.527549147605896,0.5615631341934204,-0.12338791787624359,0.9992036819458008,0.5034281611442566,0.5563557744026184,-0.0827237218618393,0.9992446303367615,0.6119114756584167,0.6908339858055115,-0.12718799710273743,0.9997047781944275,0.4607410430908203,0.6583080887794495,0.17202797532081604,0.9996599555015564,0.6564719080924988,0.5541712045669556,-0.4192141592502594,0.9470628499984741,0.3622751832008362,0.5259885787963867,0.042575933039188385,0.47177842259407043,0.6461838483810425,0.25256219506263733,-0.655239462852478,0.9674685001373291,0.3910466134548187,0.2833709418773651,-0.17958907783031464,0.9215793609619141,0.6538865566253662,0.18655133247375488,-0.7278751134872437,0.9667382836341858,0.39455580711364746,0.23384606838226318,-0.23549754917621613,0.9221047759056091,0.6488040089607239,0.1808929443359375,-0.713167667388916,0.9729312062263489,0.4121592044830322,0.23403415083885193,-0.24188117682933807,0.9339210987091064,0.6398345828056335,0.2055969089269638,-0.6552261710166931,0.9654735922813416,0.41420188546180725,0.25566980242729187,-0.1969953328371048,0.9412294626235962,0.567609429359436,1.1792936325073242,-0.07300739735364914,0.32797971367836,0.45087042450904846,1.1718568801879883,0.07253371924161911,0.36610284447669983,0.5712453126907349,1.670822024345398,-0.25821277499198914,0.0003865956387016922,0.43878674507141113,1.6089380979537964,-0.2417958676815033,0.0005666271317750216,0.5617290139198303,2.098926305770874,-0.3865280747413635,0.0002629235968925059,0.4305676817893982,2.0547420978546143,-0.19392874836921692,0.00016016190056689084,0.5747360587120056,2.169135808944702,-0.41354361176490784,0.0008754096343182027,0.43142104148864746,2.122121572494507,-0.19726860523223877,0.0006805931334383786,0.5213703513145447,2.168196678161621,-0.6594253778457642,0.0005156900151632726,0.42692023515701294,2.1494503021240234,-0.37613338232040405,0.00023434357717633247
0.505744993686676,0.5241757035255432,-0.14411133527755737,0.9997108578681946,0.5245727896690369,0.49121251702308655,-0.13168497383594513,0.999401330947876,0.5337641835212708,0.49400436878204346,-0.13198542594909668,0.9994015693664551,0.5422163605690002,0.4985259473323822,-0.13193830847740173,0.9995046257972717,0.5076895356178284,0.4885622560977936,-0.09715954959392548,0.9996005296707153,0.5040460228919983,0.48881030082702637,-0.0977201834321022,0.9996492862701416,0.5001959204673767,0.48912110924720764,-0.09786710888147354,0.9997184872627258,0.5630849003791809,0.5184959769248962,-0.06351394951343536,0.9995622634887695,0.5126525163650513,0.503346860408783,0.10131380707025528,0.9994189143180847,0.5236263275146484,0.5612550377845764,-0.11634453386068344,0.9992318749427795,0.5000680088996887,0.5559611916542053,-0.07460526376962662,0.9992712736129761,0.6118809580802917,0.6903989315032959,-0.11280524730682373,0.9997167587280273,0.457197904586792,0.6579263806343079,0.18291503190994263,0.9996736645698547,0.6642274260520935,0.5998844504356384,-0.2812994122505188,0.9476267099380493,0.3513813018798828,0.5543756484985352,0.17605963349342346,0.46756717562675476,0.6425564885139465,0.2936773896217346,-0.38464105129241943,0.9684746861457825,0.38799339532852173,0.3092798888683319,0.08139686286449432,0.9244502186775208,0.650572657585144,0.2220100611448288,-0.42643624544143677,0.9676777720451355,0.39181071519851685,0.26332566142082214,0.05602646619081497,0.9247515201568604,0.6476053595542908,0.214560866355896,-0.4142208993434906,0.9736729860305786,0.40848827362060547,0.26396429538726807,0.046419303864240646,0.9362016320228577,0.6389267444610596,0.2446911484003067,-0.38006332516670227,0.9663589596748352,0.41034871339797974,0.284064918756485,0.06770257651805878,0.9432836771011353,0.5664976835250854,1.1806305646896362,-0.07340239733457565,0.3091401159763336,0.44999489188194275,1.1746267080307007,0.07288684695959091,0.34580036997795105,0.5713084936141968,1.6732391119003296,-0.24501092731952667,0.000353707728208974,0.44005832076072693,1.6137300729751587,-0.17592188715934753,0.0005177074344828725,0.5662024021148682,2.096994161605835,-0.4000241160392761,0.0002448856539558619,0.4345088601112366,2.0574467182159424,-0.17926187813282013,0.00014771221322007477,0.5827709436416626,2.166832685470581,-0.42743873596191406,0.0008420447702519596,0.43453460931777954,2.1229476928710938,-0.19023285806179047,0.0006392351351678371,0.5248093008995056,2.1678194999694824,-0.6444701552391052,0.0004863634239882231,0.4324583411216736,2.1551125049591064,-0.29613596200942993,0.0002177869901061058
0.5061628818511963,0.519717812538147,-0.1370348036289215,0.999718189239502,0.5249210000038147,0.48703712224960327,-0.12511560320854187,0.9994125962257385,0.5338751077651978,0.48985299468040466,-0.1254146546125412,0.9994184374809265,0.5421510934829712,0.4942076504230499,-0.12536893784999847,0.9995143413543701,0.5081945061683655,0.4847463071346283,-0.09210064262151718,0.9996092319488525,0.5044360160827637,0.48505309224128723,-0.09269702434539795,0.9996604919433594,0.5005227327346802,0.4853466749191284,-0.09288404881954193,0.9997255802154541,0.5630229711532593,0.5139323472976685,-0.06038745492696762,0.9995779395103455,0.512802004814148,0.49732479453086853,0.10068980604410172,0.999441921710968,0.5236554741859436,0.5570557117462158,-0.10975553095340729,0.9992583394050598,0.500249445438385,0.5528473854064941,-0.07021942734718323,0.9993018507957458,0.6118668913841248,0.6902974247932434,-0.08601701259613037,0.9997279644012451,0.45596829056739807,0.657384991645813,0.18922314047813416,0.9996911287307739,0.6663815975189209,0.6425984501838684,-0.16966338455677032,0.9475524425506592,0.3431161940097809,0.580446720123291,0.20735755562782288,0.47000929713249207,0.6390641927719116,0.3448146879673004,-0.16636458039283752,0.9690831303596497,0.3844946622848511,0.34268704056739807,0.14655108749866486,0.9290024042129517,0.6434908509254456,0.2822016179561615,-0.1829947829246521,0.9683580994606018,0.3881853520870209,0.2934395670890808,0.1315235197544098,0.9292120337486267,0.6424874067306519,0.2708587348461151,-0.17156898975372314,0.9741785526275635,0.4043630063533783,0.29391640424728394,0.1299625188112259,0.9399403929710388,0.6354163289070129,0.29976871609687805,-0.15820887684822083,0.9670868515968323,0.4068075120449066,0.3151153326034546,0.13773415982723236,0.9467085003852844,0.565570592880249,1.1792323589324951,-0.0727810338139534,0.29475653171539307,0.44691938161849976,1.1743335723876953,0.0722789615392685,0.33166563510894775,0.570874035358429,1.6719411611557007,-0.24262121319770813,0.0003307039150968194,0.4405285716056824,1.6111499071121216,-0.17498749494552612,0.0004819367895834148,0.5682103037834167,2.0945143699645996,-0.39848217368125916,0.0002375585027039051,0.43467792868614197,2.055558919906616,-0.15781062841415405,0.00014184517203830183,0.5858231782913208,2.1635921001434326,-0.42517679929733276,0.0008450153982266784,0.4344991147518158,2.1208443641662598,-0.1627674400806427,0.0006225148099474609,0.5260987281799316,2.166548013687134,-0.6373407244682312,0.0004828905512113124,0.4343181550502777,2.1521263122558594,-0.301672101020813,0.00021152007684577256
0.5062845945358276,0.5126940608024597,-0.11706645786762238,0.9997336864471436,0.5249394178390503,0.48026275634765625,-0.10433875024318695,0.9994451403617859,0.5335836410522461,0.482695609331131,-0.1046367660164833,0.9994534254074097,0.5416240096092224,0.4859502911567688,-0.1046057939529419,0.9995421171188354,0.5082215070724487,0.4785134196281433,-0.07334620505571365,0.9996301531791687,0.5044458508491516,0.4786723554134369,-0.07397757470607758,0.999679446220398,0.5005182027816772,0.47867149114608765,-0.0742046982049942,0.999739408493042,0.5626832246780396,0.5031129717826843,-0.03899514302611351,0.9996064305305481,0.5124620199203491,0.48852241039276123,0.10577934980392456,0.9994746446609497,0.5237330198287964,0.5511710047721863,-0.0886835977435112,0.9993005394935608,0.5003942251205444,0.54722660779953,-0.05205623060464859,0.9993422627449036,0.611856997013092,0.6884495615959167,-0.05549892038106918,0.9997432827949524,0.4548262655735016,0.6573209762573242,0.21716590225696564,0.9997057318687439,0.6673664450645447,0.6721900701522827,-0.0922895073890686,0.9489352703094482,0.3376944959163666,0.6085363626480103,0.27393990755081177,0.4726542532444,0.6341369152069092,0.38240575790405273,-0.01209461223334074,0.970024585723877,0.38173913955688477,0.36987584829330444,0.27569594979286194,0.9312684535980225,0.637464165687561,0.3215251564979553,-0.009562088176608086,0.9689295291900635,0.3836061358451843,0.31316062808036804,0.2776534855365753,0.9307357668876648,0.6372140645980835,0.3114272654056549,0.0032612537033855915,0.9745349287986755,0.3981918692588806,0.3136873245239258,0.28148117661476135,0.9410208463668823,0.630986213684082,0.3379632234573364,-0.0005024573183618486,0.9676281213760376,0.40157628059387207,0.3369118571281433,0.2712227404117584,0.9479429721832275,0.5656642913818359,1.1767324209213257,-0.07222616672515869,0.28633004426956177,0.4472043514251709,1.173531174659729,0.07172517478466034,0.3221070468425751,0.5725607872009277,1.670780897140503,-0.26115211844444275,0.00031973590375855565,0.44351720809936523,1.610209345817566,-0.17283682525157928,0.0004536249325610697,0.572024941444397,2.093390464782715,-0.45423465967178345,0.00023656271514482796,0.4381938576698303,2.0541582107543945,-0.15182054042816162,0.00013565576227847487,0.5908079743385315,2.162548780441284,-0.48309898376464844,0.0008630318916402757,0.43722662329673767,2.120290517807007,-0.15534451603889465,0.0006018747226335108,0.5274518132209778,2.169168710708618,-0.6812162399291992,0.0004885670496150851,0.4390406012535095,2.1502747535705566,-0.2966214418411255,0.00020398528431542218
0.5029079914093018,0.5107324719429016,-0.10244844108819962,0.9997521638870239,0.5211179256439209,0.476163774728775,-0.09085103869438171,0.9994853734970093,0.5302817225456238,0.47809889912605286,-0.09112919867038727,0.9994946718215942,0.5386908650398254,0.4807162880897522,-0.0910792127251625,0.9995754957199097,0.5040332674980164,0.4756544828414917,-0.05779464170336723,0.9996562600135803,0.5003759264945984,0.4757903218269348,-0.05844305083155632,0.9997023344039917,0.4964523911476135,0.4755275249481201,-0.0587051697075367,0.9997568130493164,0.5619603991508484,0.4963172972202301,-0.028291592374444008,0.9996376633644104,0.5111359357833862,0.48271793127059937,0.12232772260904312,0.9995126724243164,0.5227175354957581,0.5483560562133789,-0.07431496679782867,0.9993500709533691,0.4994952082633972,0.5461442470550537,-0.03493047505617142,0.9993888735771179,0.613021731376648,0.681718111038208,-0.027857434004545212,0.9997603893280029,0.45450669527053833,0.6571270227432251,0.2511131763458252,0.9997231960296631,0.6707237958908081,0.7158210873603821,-0.031734708696603775,0.9498986005783081,0.33704671263694763,0.6499620676040649,0.360180526971817,0.4714023470878601,0.6314390301704407,0.4186888039112091,0.07149167358875275,0.9708652496337891,0.37995848059654236,0.40471339225769043,0.40444034337997437,0.9320920705795288,0.6326196789741516,0.3644176423549652,0.08155418187379837,0.9696270227432251,0.3828335404396057,0.3509405851364136,0.41639724373817444,0.9308559894561768,0.6369155645370483,0.3572710156440735,0.09180161356925964,0.97501540184021,0.39622265100479126,0.3474271893501282,0.42206984758377075,0.9408065676689148,0.6308356523513794,0.38166096806526184,0.08378155529499054,0.9681879878044128,0.39901596307754517,0.3692050576210022,0.40266913175582886,0.9479781985282898,0.5680838227272034,1.1625550985336304,-0.07290122658014297,0.27953246235847473,0.45690304040908813,1.112386703491211,0.07240554690361023,0.31359586119651794,0.5796757936477661,1.661776065826416,-0.29012104868888855,0.0003238883218728006,0.4502330422401428,1.6035088300704956,-0.14965252578258514,0.00043380577699281275,0.5798227787017822,2.0890297889709473,-0.5315930247306824,0.00025324037414975464,0.44516611099243164,2.0441854000091553,-0.12533332407474518,0.0001324434851994738,0.5994611382484436,2.1581547260284424,-0.5644312500953674,0.0009421500144526362,0.443474680185318,2.1068670749664307,-0.12839528918266296,0.0005925831501372159,0.5325043201446533,2.1684939861297607,-0.7624472379684448,0.000527126481756568,0.4470388889312744,2.148569345474243,-0.23754289746284485,0.0001998964580707252
0.5031866431236267,0.509578287601471,-0.07113052904605865,0.9997730255126953,0.5214992761611938,0.4741418659687042,-0.06277795135974884,0.9995306730270386,0.5305390357971191,0.47598135471343994,-0.06305799633264542,0.9995397925376892,0.5388290286064148,0.47853657603263855,-0.0629870742559433,0.9996127486228943,0.5045477151870728,0.47394633293151855,-0.023485440760850906,0.999686062335968,0.5008534789085388,0.4740137457847595,-0.02416086569428444,0.9997280836105347,0.4968857765197754,0.4734829068183899,-0.024413440376520157,0.9997771382331848,0.5630263090133667,0.4948078691959381,-0.014725429005920887,0.999670684337616,0.5111813545227051,0.48126089572906494,0.16312424838542938,0.9995548129081726,0.5228062272071838,0.5462525486946106,-0.04829682409763336,0.9994048476219177,0.4995659291744232,0.5449438095092773,-0.0006768650491721928,0.9994399547576904,0.6153236031532288,0.6781983971595764,-0.02688414230942726,0.9997774362564087,0.4546648859977722,0.6596119999885559,0.31682342290878296,0.9997404217720032,0.6718053817749023,0.7558742165565491,-0.04390473663806915,0.9496404528617859,0.33559685945510864,0.6797119379043579,0.4944240152835846,0.46577924489974976,0.6297458410263062,0.46074432134628296,0.0726156234741211,0.9710822701454163,0.37595558166503906,0.44515880942344666,0.6033644676208496,0.9282951354980469,0.6328314542770386,0.4003172516822815,0.0825512483716011,0.969692051410675,0.3836182951927185,0.3977791666984558,0.6300032734870911,0.9256964325904846,0.6372979283332825,0.3925114572048187,0.09574488550424576,0.9748636484146118,0.3966691792011261,0.394592821598053,0.6344567537307739,0.9356293678283691,0.6307751536369324,0.4171885550022125,0.08657073974609375,0.9677382707595825,0.39769113063812256,0.4159561097621918,0.6028061509132385,0.9437188506126404,0.5701425075531006,1.1578235626220703,-0.08905477821826935,0.2898195683956146,0.46290332078933716,1.1044420003890991,0.08862634748220444,0.3222081661224365,0.5800737142562866,1.6440225839614868,-0.34766608476638794,0.000383569800760597,0.4501875936985016,1.5797545909881592,-0.11901803314685822,0.000439662195276469,0.5785430669784546,2.0720160007476807,-0.6065894365310669,0.00031309976475313306,0.4444941580295563,2.0129754543304443,-0.0847855731844902,0.0001357301080133766,0.5973266959190369,2.142620325088501,-0.6404024362564087,0.00115946342702955,0.44282522797584534,2.0736894607543945,-0.08644765615463257,0.0006153166177682579,0.530706524848938,2.1542696952819824,-0.8395269513130188,0.0006416098913177848,0.4440179467201233,2.125948905944824,-0.19110724329948425,0.00020474677148740739
0.5034545063972473,0.5083624124526978,-0.07850519567728043,0.9997923970222473,0.5217899084091187,0.4731564521789551,-0.06652521342039108,0.9995728135108948,0.5307264924049377,0.4749213755130768,-0.06678880751132965,0.9995812177658081,0.5390063524246216,0.47751253843307495,-0.06671503186225891,0.9996471405029297,0.5049247145652771,0.4729723334312439,-0.030149057507514954,0.9997139573097229,0.5011916160583496,0.47294628620147705,-0.030819430947303772,0.9997519254684448,0.497205913066864,0.4722662568092346,-0.031069422140717506,0.9997962713241577,0.5638715624809265,0.4943605065345764,-0.002330855233594775,0.9997006058692932,0.5113174319267273,0.479705274105072,0.16199254989624023,0.9995938539505005,0.5228737592697144,0.5448450446128845,-0.05033474043011665,0.9994547367095947,0.49966591596603394,0.5430416464805603,-0.006706170737743378,0.9994867444038391,0.6158416271209717,0.6755948066711426,-0.012755235657095909,0.9997908473014832,0.4545885920524597,0.6605796217918396,0.31085196137428284,0.9997544288635254,0.6715821623802185,0.7939565777778625,-0.046333953738212585,0.9496055841445923,0.3355034291744232,0.7075837254524231,0.46377936005592346,0.46697044372558594,0.6269043684005737,0.49430206418037415,0.0405791737139225,0.9703841209411621,0.37419217824935913,0.4761146605014801,0.5606513023376465,0.9248667359352112,0.6318919062614441,0.43111202120780945,0.04876219481229782,0.9684827923774719,0.3825995922088623,0.4333294630050659,0.5848410129547119,0.9198307991027832,0.6355743408203125,0.4220685660839081,0.06215783208608627,0.9735274910926819,0.39553341269493103,0.4272509813308716,0.590438961982727,0.9296955466270447,0.6280032396316528,0.44679367542266846,0.05373384431004524,0.9659258723258972,0.3959124684333801,0.447959303855896,0.5602900385856628,0.9383453726768494,0.5707714557647705,1.1479564905166626,-0.08826904743909836,0.30159035325050354,0.46390122175216675,1.0991230010986328,0.08785904943943024,0.3345196545124054,0.5810468196868896,1.6309454441070557,-0.3207778036594391,0.0005111029604449868,0.4500338137149811,1.5669716596603394,-0.12128466367721558,0.0004961555823683739,0.578231930732727,2.0559933185577393,-0.5414656400680542,0.0003990040859207511,0.4438874125480652,1.9942866563796997,-0.08696656674146652,0.00015293483738787472,0.5965390801429749,2.124290704727173,-0.5709148049354553,0.0014025960117578506,0.4427209496498108,2.0539777278900146,-0.08816894888877869,0.0006739582167938352,0.5301597118377686,2.1450066566467285,-0.7568802833557129,0.0007790318340994418,0.44327378273010254,2.1082897186279297,-0.19230231642723083,0.00022561318473890424
0.503595232963562,0.5054835677146912,-0.10155761241912842,0.9998098611831665,0.522003173828125,0.4715622663497925,-0.08856968581676483,0.9996104836463928,0.5308042168617249,0.47280845046043396,-0.0888197273015976,0.9996185302734375,0.5391051769256592,0.47489336133003235,-0.08874507993459702,0.9996777772903442,0.5050783753395081,0.47137945890426636,-0.04996414855122566,0.999738872051239,0.5012363195419312,0.47107264399528503,-0.05067712068557739,0.9997734427452087,0.4972464144229889,0.47012823820114136,-0.051007796078920364,0.9998133778572083,0.5638960599899292,0.4919835925102234,-0.0048201000317931175,0.9997277855873108,0.5123871564865112,0.4771440327167511,0.14840997755527496,0.9996291995048523,0.5228195190429688,0.5406989455223083,-0.06375867128372192,0.999500572681427,0.49968862533569336,0.5368102788925171,-0.01580772176384926,0.9995294809341431,0.617211639881134,0.6729778051376343,-0.022750865668058395,0.9998035430908203,0.4546719193458557,0.6604748368263245,0.3132370114326477,0.999769389629364,0.6726282238960266,0.8264396786689758,-0.06705180555582047,0.950901210308075,0.33777350187301636,0.7347730994224548,0.516586422920227,0.4757046401500702,0.6263555884361267,0.5292186737060547,-0.005084981210529804,0.9709891080856323,0.37285202741622925,0.5153527855873108,0.6355017423629761,0.9274870157241821,0.6324683427810669,0.4711523652076721,-0.00017693002882879227,0.96873939037323,0.3799342215061188,0.4691845774650574,0.662895679473877,0.9215195178985596,0.6341512799263,0.46071943640708923,0.014008675701916218,0.9734881520271301,0.3945258557796478,0.46221721172332764,0.6652947068214417,0.9307879209518433,0.6249268054962158,0.4867646396160126,0.008785592392086983,0.9655329585075378,0.39542698860168457,0.4800960123538971,0.6351094245910645,0.9390048384666443,0.5692368745803833,1.1129474639892578,-0.0922296941280365,0.32167914509773254,0.4637807011604309,1.0975228548049927,0.09192097932100296,0.3569490313529968,0.5819241404533386,1.612058162689209,-0.3155548870563507,0.0007832074770703912,0.44987502694129944,1.551681637763977,-0.11743799597024918,0.0006893957615830004,0.577895998954773,2.025599479675293,-0.5052403807640076,0.0005289535038173199,0.4434625506401062,1.969348430633545,-0.08266891539096832,0.0001946610864251852,0.5959230661392212,2.089540958404541,-0.5312577486038208,0.0017184587195515633,0.442791223526001,2.0285840034484863,-0.08377009630203247,0.0008154130191542208,0.5293067693710327,2.125577688217163,-0.7171989679336548,0.0009721821406856179,0.44008690118789673,2.0869996547698975,-0.18950971961021423,0.00027040380518883467
0.504229724407196,0.4999985694885254,-0.13655796647071838,0.9998260140419006,0.5223220586776733,0.4680279493331909,-0.12190806865692139,0.9996451139450073,0.5311284065246582,0.4685576260089874,-0.1221824511885643,0.9996528029441833,0.5395067930221558,0.4700391888618469,-0.12213043868541718,0.9997061491012573,0.5051961541175842,0.46748319268226624,-0.08465558290481567,0.999761700630188,0.5013047456741333,0.46692755818367004,-0.08530879765748978,0.9997931122779846,0.4974069595336914,0.4659067392349243,-0.08560191839933395,0.999829113483429,0.5641158223152161,0.4879296123981476,-0.025149744004011154,0.9997527003288269,0.5124450325965881,0.47301584482192993,0.1409827023744583,0.9996612071990967,0.5228477120399475,0.533122718334198,-0.09550920128822327,0.9995440244674683,0.49996209144592285,0.5292478203773499,-0.04958007484674454,0.9995695352554321,0.6181079149246216,0.6730199456214905,-0.031821008771657944,0.9998142123222351,0.4547271728515625,0.6594886779785156,0.3031853437423706,0.999779462814331,0.6731967329978943,0.864158570766449,-0.06915244460105896,0.9539363384246826,0.33737418055534363,0.7639706134796143,0.45484185218811035,0.4916853606700897,0.6262055039405823,0.5545820593833923,-0.15970195829868317,0.9729929566383362,0.3715053200721741,0.5391637086868286,0.48838311433792114,0.931429922580719,0.6330335140228271,0.49709340929985046,-0.17025426030158997,0.9705894589424133,0.3754352033138275,0.4859512448310852,0.5001658201217651,0.9249531030654907,0.6333369612693787,0.48754432797431946,-0.14909715950489044,0.9749373197555542,0.3921499252319336,0.47917911410331726,0.4995587468147278,0.9335616230964661,0.6236258149147034,0.5119638442993164,-0.14451132714748383,0.9671111106872559,0.3944093883037567,0.49921900033950806,0.4846177101135254,0.9412597417831421,0.5699688792228699,1.1193543672561646,-0.09453035145998001,0.3386830687522888,0.462235689163208,1.1128288507461548,0.09423761814832687,0.3745719790458679,0.5838316679000854,1.6160410642623901,-0.3369136154651642,0.0011761101195588708,0.44975143671035767,1.5565599203109741,-0.12808240950107574,0.000921251776162535,0.5821619629859924,2.0250258445739746,-0.5116106271743774,0.000684170750901103,0.44468969106674194,1.9709621667861938,-0.06998181343078613,0.00022772471129428595,0.6009719371795654,2.0885586738586426,-0.537063479423523,0.0020542903803288937,0.4458368718624115,2.029527425765991,-0.06811310350894928,0.0009520851890556514,0.5293076634407043,2.123400926589966,-0.732273519039154,0.0012284823460504413,0.4396906793117523,2.0880396366119385,-0.18069620430469513,0.0003149907570332289
0.5053954720497131,0.4985736012458801,-0.19441694021224976,0.9998389482498169,0.522819459438324,0.46686023473739624,-0.1792251318693161,0.9996732473373413,0.5318654775619507,0.46685460209846497,-0.1795186549425125,0.9996809363365173,0.5405076146125793,0.4679069221019745,-0.17947430908679962,0.9997289180755615,0.5052503347396851,0.4662880003452301,-0.1456771194934845,0.9997801184654236,0.5014015436172485,0.4656430184841156,-0.14630083739757538,0.9998089671134949,0.4975898265838623,0.4646887481212616,-0.14658154547214508,0.9998414516448975,0.5645296573638916,0.4852321743965149,-0.07400783896446228,0.9997729659080505,0.5124921202659607,0.47218263149261475,0.0803794115781784,0.9996863603591919,0.5233728885650635,0.5303164124488831,-0.14950986206531525,0.9995806217193604,0.5006054639816284,0.527305006980896,-0.1088085025548935,0.9996025562286377,0.618354082107544,0.672993540763855,-0.05217891186475754,0.9998220205307007,0.45615991950035095,0.6594060063362122,0.2986229956150055,0.9997866749763489,0.6734151840209961,0.9018645286560059,-0.22278842329978943,0.9562026262283325,0.33839887380599976,0.7888486981391907,0.40199899673461914,0.5027527213096619,0.6250269412994385,0.5943080186843872,-0.427237331867218,0.9748457670211792,0.3698596954345703,0.5628491640090942,0.4250163435935974,0.9363222718238831,0.6329880952835083,0.5318483114242554,-0.4660349488258362,0.9724705219268799,0.37105458974838257,0.5129538774490356,0.4263271391391754,0.93006831407547,0.6334317922592163,0.5180342793464661,-0.44974756240844727,0.9764472246170044,0.38765376806259155,0.5032584071159363,0.4015346169471741,0.9379485249519348,0.6238234043121338,0.5422416925430298,-0.41871967911720276,0.968714714050293,0.39160048961639404,0.5234166979789734,0.4139561057090759,0.9448962807655334,0.5715804696083069,1.121863842010498,-0.09501488506793976,0.3546695411205292,0.46214738488197327,1.124616026878357,0.0946689024567604,0.3926610052585602,0.5873960256576538,1.6187230348587036,-0.32723066210746765,0.001501235761679709,0.4529535174369812,1.5582045316696167,-0.12571623921394348,0.0010966506088152528,0.5875734686851501,2.0117177963256836,-0.49152079224586487,0.0008074672659859061,0.453787237405777,1.9655990600585938,-0.05965203046798706,0.0002547399199102074,0.6061575412750244,2.0725760459899902,-0.5173720121383667,0.0023190206848084927,0.4577905535697937,2.025174140930176,-0.05731620267033577,0.0010797020513564348,0.5332123637199402,2.1079137325286865,-0.722335934638977,0.0014505377039313316,0.4432457983493805,2.0811970233917236,-0.16671547293663025,0.0003546098305378109
0.5054624676704407,0.4976455569267273,-0.18574532866477966,0.9998517632484436,0.522890567779541,0.46639522910118103,-0.17306290566921234,0.9997005462646484,0.5319411158561707,0.4663144052028656,-0.17334485054016113,0.9997081756591797,0.540493369102478,0.4671807885169983,-0.17329905927181244,0.9997512102127075,0.5053654313087463,0.4653361141681671,-0.1379963755607605,0.9997981190681458,0.5015450716018677,0.4644583761692047,-0.13860365748405457,0.9998247027397156,0.49766644835472107,0.46337637305259705,-0.1388414204120636,0.9998539686203003,0.5645345449447632,0.483751505613327,-0.08278390020132065,0.9997923374176025,0.512521505355835,0.471992164850235,0.07817061245441437,0.999711275100708,0.5229107737541199,0.5289282202720642,-0.1470700204372406,0.9996172785758972,0.5006688833236694,0.5261402130126953,-0.10443814098834991,0.9996363520622253,0.6191384196281433,0.6740480065345764,-0.07332168519496918,0.9998353123664856,0.45724350214004517,0.6593998670578003,0.2856138050556183,0.9998016953468323,0.6745980381965637,0.921205997467041,-0.2919151484966278,0.957865834236145,0.3396502137184143,0.8111178874969482,0.31878766417503357,0.5008254051208496,0.6228662133216858,0.6506919264793396,-0.5578505396842957,0.9766280055046082,0.36928269267082214,0.592361330986023,0.1789330691099167,0.9410324692726135,0.6286081075668335,0.5879321694374084,-0.6096497774124146,0.9744957685470581,0.3688929080963135,0.5379137992858887,0.16110557317733765,0.935458242893219,0.6337283253669739,0.5688295364379883,-0.5936340689659119,0.9781430959701538,0.3860541582107544,0.5242794752120972,0.14937064051628113,0.9426698684692383,0.6256106495857239,0.5892215371131897,-0.5512322187423706,0.9706918597221375,0.39140912890434265,0.5441009998321533,0.16708225011825562,0.9489310383796692,0.5717900991439819,1.1279504299163818,-0.09739536046981812,0.3618450164794922,0.4620537757873535,1.1377861499786377,0.09695126861333847,0.4009501338005066,0.5901023149490356,1.624971628189087,-0.35186266899108887,0.0015407183673232794,0.45485860109329224,1.5663447380065918,-0.13318495452404022,0.0010886747622862458,0.5898804068565369,2.01761531829834,-0.5549667477607727,0.0008794403402134776,0.4589378237724304,1.9728225469589233,-0.06115471199154854,0.00025864149210974574,0.6086015701293945,2.080137252807617,-0.5846019387245178,0.002591666765511036,0.46363911032676697,2.0330889225006104,-0.06141297146677971,0.0011531186755746603,0.5364869236946106,2.1111032962799072,-0.7838281393051147,0.0016120699001476169,0.44507065415382385,2.0856292247772217,-0.18265119194984436,0.0003678330103866756
0.5054615139961243,0.49575525522232056,-0.15758231282234192,0.9998615384101868,0.5223145484924316,0.46567896008491516,-0.1511363834142685,0.9997217655181885,0.5307978391647339,0.46569615602493286,-0.15141242742538452,0.9997299313545227,0.5390034914016724,0.466411292552948,-0.15140113234519958,0.9997686743736267,0.5055688619613647,0.464000403881073,-0.11243116855621338,0.9998116493225098,0.5016109943389893,0.4630306363105774,-0.11298149824142456,0.9998368620872498,0.49791470170021057,0.4617670774459839,-0.11322684586048126,0.9998632669448853,0.5638090372085571,0.4831311106681824,-0.07861945033073425,0.9998079538345337,0.5132213830947876,0.4719836711883545,0.09883199632167816,0.9997295141220093,0.5205616354942322,0.5277031064033508,-0.12539908289909363,0.99964839220047,0.5007153749465942,0.524302065372467,-0.07814338803291321,0.999664306640625,0.6193397641181946,0.6764428615570068,-0.06752082705497742,0.9998472332954407,0.45825204253196716,0.6599039435386658,0.28057777881622314,0.999813973903656,0.6743577718734741,0.9367122054100037,-0.2706896960735321,0.9590853452682495,0.34454965591430664,0.823608934879303,0.30860936641693115,0.5008674263954163,0.6222959160804749,0.664233922958374,-0.5443505644798279,0.9782029986381531,0.36956673860549927,0.6056761145591736,0.13374820351600647,0.9449383616447449,0.6277222037315369,0.6022455096244812,-0.5987113118171692,0.9762803912162781,0.3659852147102356,0.5515636801719666,0.10908661037683487,0.9400224685668945,0.6339207291603088,0.5847800970077515,-0.5853949785232544,0.979625403881073,0.3843361735343933,0.5368224382400513,0.09720292687416077,0.9466485381126404,0.626034677028656,0.6048176884651184,-0.5392346978187561,0.9724050164222717,0.3911743462085724,0.5558968186378479,0.12053458392620087,0.9523028135299683,0.5718014240264893,1.109250783920288,-0.09720523655414581,0.3819672763347626,0.4621310234069824,1.1377192735671997,0.0967457965016365,0.4199322760105133,0.5930200219154358,1.6190383434295654,-0.353941947221756,0.0016818918520584702,0.45587730407714844,1.5621610879898071,-0.1445319652557373,0.0011572107905521989,0.5901347398757935,1.9948817491531372,-0.5438785552978516,0.0009795617079362273,0.461204469203949,1.9607679843902588,-0.06933680176734924,0.0002764431992545724,0.6080320477485657,2.0558905601501465,-0.5720944404602051,0.002824341179803014,0.4662834703922272,2.0196311473846436,-0.0689236968755722,0.0012564375065267086,0.537646472454071,2.08524227142334,-0.7709964513778687,0.001781164319254458,0.44631877541542053,2.0738563537597656,-0.18199609220027924,0.00039495472447015345
0.5054510831832886,0.49563419818878174,-0.1240447387099266,0.999870777130127,0.5215101838111877,0.465683251619339,-0.11663533747196198,0.9997415542602539,0.5295053720474243,0.46573951840400696,-0.11690686643123627,0.999750018119812,0.53739333152771,0.4663681983947754,-0.11689230054616928,0.9997848868370056,0.5057443976402283,0.46398866176605225,-0.08026563376188278,0.9998243451118469,0.5016610026359558,0.4630464017391205,-0.08083748072385788,0.9998482465744019,0.4982777237892151,0.461811363697052,-0.0810888260602951,0.9998720288276672,0.5630558729171753,0.48266106843948364,-0.044860970228910446,0.999822199344635,0.5141018629074097,0.4722009003162384,0.12293604761362076,0.9997460246086121,0.5193395018577576,0.5276941657066345,-0.09180421382188797,0.9996769428253174,0.5007354021072388,0.5243167281150818,-0.04738643020391464,0.9996898174285889,0.6214537620544434,0.6764540672302246,-0.040344882756471634,0.9998587965965271,0.45949500799179077,0.659606397151947,0.28399500250816345,0.9998257160186768,0.6737083792686462,0.9432893395423889,-0.24968716502189636,0.9605428576469421,0.3524991571903229,0.8317396640777588,0.3046876788139343,0.5034521222114563,0.6216006875038147,0.6726862788200378,-0.5403164625167847,0.979708731174469,0.36811375617980957,0.6212494969367981,0.11280064284801483,0.9484586715698242,0.6270877718925476,0.6126531362533569,-0.5962719917297363,0.9779497981071472,0.36511483788490295,0.5670627355575562,0.08502177149057388,0.9441336393356323,0.6340698599815369,0.595683753490448,-0.5851984620094299,0.9810201525688171,0.3825884163379669,0.55111163854599,0.07127134501934052,0.9502370953559875,0.6261153817176819,0.6164438128471375,-0.5366284847259521,0.9740606546401978,0.3894781172275543,0.5677874088287354,0.09835580736398697,0.9553142189979553,0.5749620199203491,1.0924891233444214,-0.09650151431560516,0.407416433095932,0.4636467397212982,1.1340495347976685,0.09605207294225693,0.44365623593330383,0.5983458161354065,1.6034796237945557,-0.35361629724502563,0.001952650141902268,0.4589363634586334,1.550055980682373,-0.14879077672958374,0.0012923371978104115,0.5931422114372253,1.9741737842559814,-0.5460067987442017,0.0010931809665635228,0.46432995796203613,1.9405169486999512,-0.07505626976490021,0.0002991299843415618,0.6100680232048035,2.034672498703003,-0.5743111371994019,0.003037150949239731,0.46938997507095337,1.997473955154419,-0.07314886897802353,0.001346453558653593,0.5419394373893738,2.0618736743927,-0.7694864869117737,0.00196204730309546,0.4514194130897522,2.0526044368743896,-0.1873706877231598,0.0004249665071256459
0.5054673552513123,0.49546706676483154,-0.08371301740407944,0.9998810887336731,0.5213257074356079,0.46574920415878296,-0.0712566003203392,0.9997637271881104,0.5293028354644775,0.4658537209033966,-0.0715063065290451,0.9997715950012207,0.5372288823127747,0.46651679277420044,-0.07147479057312012,0.9998032450675964,0.505881667137146,0.4639988839626312,-0.03590232506394386,0.9998390674591064,0.5018366575241089,0.46305131912231445,-0.03650224581360817,0.9998607039451599,0.49840837717056274,0.4618098735809326,-0.03674241155385971,0.9998823404312134,0.5624602437019348,0.48258209228515625,0.008498208597302437,0.9998376369476318,0.513831377029419,0.47237083315849304,0.1715376377105713,0.9997659921646118,0.5192519426345825,0.5277225971221924,-0.04899117723107338,0.9997052550315857,0.5008670687675476,0.5240212082862854,-0.006005713250488043,0.9997159838676453,0.6215966939926147,0.6762456893920898,0.0020134702790528536,0.9998676180839539,0.45979636907577515,0.6598439812660217,0.3401910960674286,0.9998340010643005,0.6729549765586853,0.9431202411651611,-0.196248859167099,0.9614613056182861,0.3553735911846161,0.8321376442909241,0.4610930383205414,0.5106453895568848,0.6216690540313721,0.6764973402023315,-0.4354425072669983,0.9805391430854797,0.367989718914032,0.6233813762664795,0.3986548185348511,0.9505173563957214,0.6273875832557678,0.62628573179245,-0.478105366230011,0.9786414504051208,0.3637065291404724,0.5681583285331726,0.39524728059768677,0.9460387229919434,0.6341569423675537,0.6062828898429871,-0.46573561429977417,0.9814921021461487,0.381794810295105,0.5515173673629761,0.37875989079475403,0.95183265209198,0.626291811466217,0.6265080571174622,-0.42944544553756714,0.9742701053619385,0.38921400904655457,0.5688395500183105,0.3867364823818207,0.9562947154045105,0.5780206918716431,1.084991216659546,-0.09702061116695404,0.42327195405960083,0.46575474739074707,1.132599949836731,0.09660526365041733,0.45990291237831116,0.6055930852890015,1.600515365600586,-0.36425986886024475,0.002300355350598693,0.46447673439979553,1.5504451990127563,-0.1748095452785492,0.0014834561152383685,0.6000193357467651,1.9750539064407349,-0.5689755082130432,0.001153667806647718,0.4761320948600769,1.9429223537445068,-0.1100880354642868,0.00030499949934892356,0.6169567108154297,2.0355794429779053,-0.5972551703453064,0.0031390958465635777,0.4830711781978607,1.9986567497253418,-0.10666213184595108,0.0013829859672114253,0.5474125742912292,2.0591492652893066,-0.7812222242355347,0.0020423426758497953,0.462374746799469,2.0552175045013428,-0.19390037655830383,0.00043411029037088156
0.5054956078529358,0.4937533438205719,-0.09748460352420807,0.9998888969421387,0.5213392376899719,0.4651454985141754,-0.08524046838283539,0.999780535697937,0.5292681455612183,0.465401828289032,-0.08550964295864105,0.9997885227203369,0.5371266007423401,0.46604374051094055,-0.08547799289226532,0.9998171925544739,0.5059596300125122,0.46305808424949646,-0.05004936456680298,0.9998500347137451,0.5019263029098511,0.46214646100997925,-0.05065467953681946,0.9998701810836792,0.49846500158309937,0.46091583371162415,-0.050899796187877655,0.9998897910118103,0.5618976950645447,0.4821929633617401,-0.005474479403346777,0.9998496770858765,0.5138019919395447,0.4721492826938629,0.15644964575767517,0.999779999256134,0.5190632343292236,0.5265511274337769,-0.0628570020198822,0.9997283220291138,0.5008885264396667,0.5222207903862,-0.020110275596380234,0.9997365474700928,0.621680736541748,0.6757636666297913,-0.011770348995923996,0.9998742341995239,0.4597674012184143,0.6594334840774536,0.3220157325267792,0.9998388290405273,0.6726847887039185,0.9409627318382263,-0.2128426730632782,0.9626835584640503,0.35535377264022827,0.8306983709335327,0.4081888794898987,0.5175414681434631,0.6213410496711731,0.6710923910140991,-0.4974404275417328,0.9816737174987793,0.36556485295295715,0.6286895275115967,0.2903107702732086,0.9531965851783752,0.6275634169578552,0.6204272508621216,-0.5507238507270813,0.979857861995697,0.36080798506736755,0.5743849873542786,0.27031683921813965,0.9490712285041809,0.6341947317123413,0.600770890712738,-0.5398241877555847,0.9824900031089783,0.3777112066745758,0.5536144375801086,0.2472294121980667,0.9544734954833984,0.6264336109161377,0.6211743950843811,-0.4934878945350647,0.975382924079895,0.38607749342918396,0.5695276260375977,0.2727845311164856,0.9584429860115051,0.5782132148742676,1.0954992771148682,-0.09794948995113373,0.4494330883026123,0.4659718871116638,1.1323580741882324,0.09753679484128952,0.485223650932312,0.6052541732788086,1.59950852394104,-0.37340062856674194,0.0028331447392702103,0.46388450264930725,1.5470525026321411,-0.17131973803043365,0.0017319684848189354,0.6003926992416382,1.966341495513916,-0.5672694444656372,0.0012718894286081195,0.4748525023460388,1.9381102323532104,-0.10961887985467911,0.0003256612690165639,0.6172865629196167,2.025500774383545,-0.5949479341506958,0.0033402724657207727,0.4818897247314453,1.9935365915298462,-0.1045190840959549,0.0014734527794644237,0.5480602979660034,2.049513816833496,-0.7832425832748413,0.0022348493803292513,0.4605916440486908,2.0511927604675293,-0.18997040390968323,0.00046319339890033007
0.5054095387458801,0.49384596943855286,-0.13646234571933746,0.9998966455459595,0.5208414793014526,0.46527940034866333,-0.12373515218496323,0.999796450138092,0.528770923614502,0.46555134654045105,-0.12400436401367188,0.9998044371604919,0.5366532802581787,0.4661022126674652,-0.12393399327993393,0.9998299479484558,0.5058280229568481,0.4632190763950348,-0.08955403417348862,0.9998607635498047,0.5018312335014343,0.46230849623680115,-0.09012304246425629,0.9998798966407776,0.4981464743614197,0.4611191749572754,-0.09035571664571762,0.9998975396156311,0.5609791278839111,0.48235639929771423,-0.034427888691425323,0.9998607635498047,0.512704074382782,0.4722420573234558,0.12264152616262436,0.9997957348823547,0.518532931804657,0.526699423789978,-0.09831540286540985,0.9997506141662598,0.5007187724113464,0.5223742723464966,-0.05663003399968147,0.999757707118988,0.6216052174568176,0.6779528260231018,-0.02212807908654213,0.9998824000358582,0.4596068263053894,0.6588984727859497,0.2834677994251251,0.9998499155044556,0.6726335287094116,0.9354410767555237,-0.2472953051328659,0.9634981155395508,0.3537484407424927,0.8267750144004822,0.28808990120887756,0.5263156294822693,0.620152473449707,0.662529706954956,-0.5437957644462585,0.9828601479530334,0.36575090885162354,0.6170578598976135,0.08596613258123398,0.956858217716217,0.6275433301925659,0.6081607937812805,-0.6032581329345703,0.9812558889389038,0.35974958539009094,0.5615610480308533,0.05235736444592476,0.9531863927841187,0.6336963176727295,0.59040766954422,-0.5927229523658752,0.9836893081665039,0.37818795442581177,0.5453436970710754,0.042336564511060715,0.9581314921379089,0.6261540055274963,0.6102616786956787,-0.5407816171646118,0.9768813252449036,0.3864309787750244,0.5640503168106079,0.07274134457111359,0.9616873860359192,0.5780816078186035,1.105819582939148,-0.09785552322864532,0.4500896632671356,0.46905550360679626,1.1119787693023682,0.09747558832168579,0.4868909418582916,0.6046226024627686,1.601813793182373,-0.34979525208473206,0.0028920909389853477,0.4636344909667969,1.5477476119995117,-0.10208060592412949,0.0017500375397503376,0.5995294451713562,1.9733108282089233,-0.46206051111221313,0.0013858661986887455,0.47359952330589294,1.9386998414993286,0.040258146822452545,0.00035673659294843674,0.6160467863082886,2.033464193344116,-0.4833104610443115,0.0035396593157202005,0.4806719720363617,1.9968839883804321,0.049845144152641296,0.0015847537433728576,0.5443959832191467,2.058178424835205,-0.6898414492607117,0.002426543738692999,0.4560694098472595,2.046473503112793,-0.0636080875992775,0.0005033430061303079
0.5051424503326416,0.4935697317123413,-0.15682896971702576,0.9999037981033325,0.5201197862625122,0.4653193950653076,-0.1487351655960083,0.999811589717865,0.5279306173324585,0.4656190574169159,-0.14901213347911835,0.9998193383216858,0.5358288288116455,0.4661997854709625,-0.14894844591617584,0.9998422265052795,0.5058871507644653,0.46322453022003174,-0.11195123195648193,0.9998708963394165,0.5019141435623169,0.46232664585113525,-0.11253975331783295,0.9998888373374939,0.4981989860534668,0.46115365624427795,-0.11276645958423615,0.9999048709869385,0.5602753162384033,0.4824795722961426,-0.07777561247348785,0.9998713731765747,0.5130237936973572,0.4723112881183624,0.09122266620397568,0.9998106956481934,0.5171619057655334,0.5268228054046631,-0.12456279993057251,0.9997711777687073,0.5006297826766968,0.5219932794570923,-0.07962121069431305,0.9997771978378296,0.6212450265884399,0.6793777346611023,-0.07258179038763046,0.9998896718025208,0.4592146873474121,0.658866822719574,0.252555787563324,0.9998600482940674,0.6725934743881226,0.9220014810562134,-0.2919028401374817,0.9646288752555847,0.35206201672554016,0.816103458404541,0.28334200382232666,0.5327351093292236,0.6196287870407104,0.6491518616676331,-0.5662405490875244,0.9839266538619995,0.3652741014957428,0.6055976152420044,0.11653786897659302,0.9598726034164429,0.6274508237838745,0.5921464562416077,-0.6239506602287292,0.9824631214141846,0.3599763512611389,0.5507994294166565,0.08851100504398346,0.9565439820289612,0.633762776851654,0.5758702754974365,-0.6126448512077332,0.9847145676612854,0.3780851364135742,0.5365373492240906,0.07713015377521515,0.9611077904701233,0.6261917948722839,0.5957084894180298,-0.5626273155212402,0.9781273007392883,0.38584309816360474,0.555749773979187,0.10337071120738983,0.9642940163612366,0.5724133253097534,1.099214792251587,-0.09737396240234375,0.4521596431732178,0.4687914252281189,1.099853277206421,0.09698888659477234,0.49082520604133606,0.5891780853271484,1.6035099029541016,-0.3081503212451935,0.0028516268357634544,0.45968589186668396,1.5448496341705322,-0.10900425910949707,0.0017434852197766304,0.5823911428451538,1.9781131744384766,-0.4172624945640564,0.0014202373567968607,0.46114039421081543,1.9376418590545654,0.0131912212818861,0.00036394299240782857,0.5986006259918213,2.039240837097168,-0.43848609924316406,0.0036275505553931,0.46563833951950073,1.9976520538330078,0.020363323390483856,0.0016357757849618793,0.5280380845069885,2.062220335006714,-0.6403919458389282,0.0024995494168251753,0.44379839301109314,2.0409085750579834,-0.09373437613248825,0.0005191645468585193
0.5047954320907593,0.49347442388534546,-0.16596241295337677,0.9999104738235474,0.5182268619537354,0.46535247564315796,-0.15696969628334045,0.9998259544372559,0.5266100168228149,0.46567484736442566,-0.1572471559047699,0.9998332262039185,0.5349512696266174,0.4662792980670929,-0.15719176828861237,0.9998540878295898,0.5055918097496033,0.46326568722724915,-0.12135572731494904,0.9998803734779358,0.5018510818481445,0.4624941051006317,-0.12195290625095367,0.9998968243598938,0.4981610178947449,0.46149784326553345,-0.12216971814632416,0.9999114871025085,0.5597479939460754,0.48258593678474426,-0.08218711614608765,0.999881386756897,0.5129961967468262,0.47259601950645447,0.08128277212381363,0.9998242259025574,0.5167650580406189,0.5268189311027527,-0.13228385150432587,0.9997893571853638,0.5005654096603394,0.5217694640159607,-0.08897669613361359,0.9997941255569458,0.6206874847412109,0.6788067817687988,-0.07995285838842392,0.9998944997787476,0.45815977454185486,0.6576715707778931,0.24468906223773956,0.9998664259910583,0.6716293692588806,0.9139184951782227,-0.3036959171295166,0.966001570224762,0.34662511944770813,0.814119815826416,0.30199605226516724,0.54387366771698,0.619125247001648,0.6390124559402466,-0.5611534118652344,0.9849438667297363,0.3646300733089447,0.600487470626831,0.19947417080402374,0.9622015357017517,0.6275275349617004,0.5703389644622803,-0.6155728101730347,0.9835038185119629,0.3599638342857361,0.5491465926170349,0.1828528344631195,0.9588476419448853,0.6336894035339355,0.5586193799972534,-0.6007422208786011,0.9855827689170837,0.37777847051620483,0.5326575636863708,0.17171329259872437,0.9631152749061584,0.6255255341529846,0.5829194188117981,-0.5560696125030518,0.9791523218154907,0.38498014211654663,0.5506734848022461,0.1883516013622284,0.965980589389801,0.5681124329566956,1.0949323177337646,-0.09552614390850067,0.4551335275173187,0.46746015548706055,1.0961058139801025,0.09516437351703644,0.49616849422454834,0.5843504071235657,1.604642629623413,-0.2715762257575989,0.002775713102892041,0.456829696893692,1.5449930429458618,-0.11790025234222412,0.001745483255945146,0.5776056051254272,1.9811651706695557,-0.37177544832229614,0.0013976814225316048,0.4537599980831146,1.93948495388031,-0.011356096714735031,0.00036090603680349886,0.5933516025543213,2.042693614959717,-0.3912724554538727,0.003582586534321308,0.4573746621608734,1.9993287324905396,-0.005404286086559296,0.0016357742715626955,0.5247557163238525,2.0629849433898926,-0.5798920392990112,0.0024778833612799644,0.43792468309402466,2.044647455215454,-0.11585696786642075,0.0005214211414568126
0.5040595531463623,0.4932062029838562,-0.11727297306060791,0.9999178647994995,0.5165530443191528,0.4654722511768341,-0.10608828067779541,0.9998412728309631,0.5250602960586548,0.46580642461776733,-0.10634863376617432,0.9998480081558228,0.5337814688682556,0.46640744805336,-0.10629739612340927,0.9998669028282166,0.5051289796829224,0.4635125398635864,-0.06919368356466293,0.9998906254768372,0.5015618205070496,0.46292608976364136,-0.06978151947259903,0.999905526638031,0.49787989258766174,0.46204403042793274,-0.06998299062252045,0.9999188184738159,0.5586941838264465,0.48269861936569214,-0.03612205758690834,0.9998921155929565,0.5120722055435181,0.47268596291542053,0.13270960748195648,0.9998390674591064,0.5159857869148254,0.5265724658966064,-0.08589749038219452,0.999807596206665,0.5002857446670532,0.5211840271949768,-0.041108351200819016,0.9998114705085754,0.6193827986717224,0.6770183444023132,-0.04599819332361221,0.9999003410339355,0.4555087983608246,0.6559963226318359,0.2980101704597473,0.9998725652694702,0.6716130375862122,0.8880259394645691,-0.2041342556476593,0.967877984046936,0.33576998114585876,0.7907905578613281,0.4279789328575134,0.5606063604354858,0.6190508008003235,0.5864459872245789,-0.30736416578292847,0.9858760833740234,0.36368465423583984,0.563750684261322,0.4395737051963806,0.963336706161499,0.6280697584152222,0.5249173045158386,-0.3343278467655182,0.9842503070831299,0.3602493405342102,0.5123153924942017,0.44631534814834595,0.959068238735199,0.6304727792739868,0.5172415971755981,-0.31379544734954834,0.986150860786438,0.3781440854072571,0.5100085139274597,0.4453677237033844,0.9631302952766418,0.6202098727226257,0.5438735485076904,-0.2957964539527893,0.9797903299331665,0.38500329852104187,0.5292949080467224,0.4349495470523834,0.9659423828125,0.5670204162597656,1.0954477787017822,-0.09528172016143799,0.4633772373199463,0.46513238549232483,1.09469473361969,0.09491659700870514,0.5043379664421082,0.584705114364624,1.601182222366333,-0.28616535663604736,0.0028969787526875734,0.45477986335754395,1.542949914932251,-0.11742623150348663,0.0019257364328950644,0.5783290863037109,1.9827888011932373,-0.4092366695404053,0.0014311147388070822,0.4511166214942932,1.938563346862793,-0.016685161739587784,0.0003845501341857016,0.5942376852035522,2.043731689453125,-0.4302848279476166,0.003603615565225482,0.45419517159461975,1.9976162910461426,-0.011164842173457146,0.0017086565494537354,0.5253638029098511,2.064032554626465,-0.6202318072319031,0.0025131739675998688,0.43703126907348633,2.045795440673828,-0.12065383046865463,0.0005520196282304823
0.5036168098449707,0.4931829273700714,-0.06358040869235992,0.9999251961708069,0.5159125924110413,0.4654936194419861,-0.05249016731977463,0.9998559355735779,0.5240865349769592,0.4658394753932953,-0.05274651572108269,0.9998621344566345,0.5326219201087952,0.46644914150238037,-0.05268698185682297,0.9998791217803955,0.5048056840896606,0.46370986104011536,-0.01657887175679207,0.9999006390571594,0.5013923645019531,0.46333640813827515,-0.017207492142915726,0.9999141693115234,0.4977599084377289,0.46267008781433105,-0.017431655898690224,0.9999260902404785,0.5570663809776306,0.48282384872436523,0.006793562322854996,0.9999023079872131,0.5106350183486938,0.47313016653060913,0.16964471340179443,0.9998538494110107,0.515796422958374,0.5266135334968567,-0.03670664504170418,0.9998248219490051,0.5001323223114014,0.5212315320968628,0.0065049403347074986,0.9998282790184021,0.6172164678573608,0.6749555468559265,0.00033771846210584044,0.9999064803123474,0.4540237784385681,0.6559165716171265,0.3207462430000305,0.999880313873291,0.6698495149612427,0.8344563245773315,-0.015600393526256084,0.9684428572654724,0.3297317624092102,0.7479037046432495,0.5011793375015259,0.5737019777297974,0.6186765432357788,0.5453572869300842,0.08334366232156754,0.9858859181404114,0.36304229497909546,0.5244883298873901,0.6073082685470581,0.9626682996749878,0.626477837562561,0.48795759677886963,0.09350686520338058,0.9840631484985352,0.36112362146377563,0.4786839783191681,0.6323977708816528,0.957286536693573,0.6277858018875122,0.47828182578086853,0.1063961535692215,0.9859396815299988,0.3787527084350586,0.47735679149627686,0.6367706060409546,0.9614641070365906,0.6191136240959167,0.5031464099884033,0.09706161916255951,0.9795688986778259,0.38515064120292664,0.4980776607990265,0.6070943474769592,0.9646291136741638,0.5652442574501038,1.0837078094482422,-0.09180132299661636,0.46309372782707214,0.46416860818862915,1.0830620527267456,0.0914870947599411,0.5042868256568909,0.5831628441810608,1.5889379978179932,-0.2935178279876709,0.002956787822768092,0.4529317319393158,1.539252758026123,-0.0884629338979721,0.0019451844273135066,0.5754437446594238,1.9813653230667114,-0.4892619550228119,0.0014752834104001522,0.44545331597328186,1.9387695789337158,-0.010461712256073952,0.00039325683610513806,0.5912026166915894,2.0427653789520264,-0.5158560872077942,0.0037552157882601023,0.4466732144355774,1.996410608291626,-0.006510204169899225,0.0017166640609502792,0.5239807367324829,2.0668303966522217,-0.6871051788330078,0.0025954516604542732,0.43632763624191284,2.047581195831299,-0.10319767147302628,0.0005616089329123497
0.5015276670455933,0.4932977855205536,-0.08136366307735443,0.9999308586120605,0.5142937898635864,0.4655189514160156,-0.07019411772489548,0.9998672604560852,0.5223675966262817,0.466018408536911,-0.07047227770090103,0.9998732209205627,0.5309197306632996,0.4669816195964813,-0.07040949910879135,0.99988853931427,0.5030218362808228,0.4637720286846161,-0.03360990434885025,0.9999082684516907,0.4997716546058655,0.4635131061077118,-0.03423139452934265,0.9999207854270935,0.49634823203086853,0.46294885873794556,-0.034458957612514496,0.9999314546585083,0.5560469627380371,0.4830801784992218,-0.005057346075773239,0.999910295009613,0.5089951157569885,0.47362324595451355,0.1605733036994934,0.9998648166656494,0.51486736536026,0.5271533727645874,-0.05214517563581467,0.9998361468315125,0.49919694662094116,0.5220769643783569,-0.008092669770121574,0.9998394250869751,0.6162782311439514,0.6707624793052673,-0.007052877452224493,0.999907374382019,0.4537282884120941,0.6545061469078064,0.3096666634082794,0.9998816847801208,0.666623055934906,0.7963027358055115,-0.05840242654085159,0.9679597020149231,0.32841813564300537,0.709814727306366,0.4376433789730072,0.57718425989151,0.6186986565589905,0.5071998834609985,-0.0184097271412611,0.9858607053756714,0.3624902665615082,0.49536073207855225,0.4492451250553131,0.9614068865776062,0.6250081062316895,0.44644975662231445,-0.021695662289857864,0.9839814305305481,0.3613256514072418,0.44529014825820923,0.4567149579524994,0.955451250076294,0.627597451210022,0.43812650442123413,-0.009727342054247856,0.9858341217041016,0.3789587914943695,0.4390198290348053,0.4589490294456482,0.9597469568252563,0.6195195913314819,0.4627054035663605,-0.00735520338639617,0.979399561882019,0.3849339783191681,0.46312421560287476,0.44553613662719727,0.963284969329834,0.5639585256576538,1.0788707733154297,-0.08537624776363373,0.4652675986289978,0.46267080307006836,1.0765129327774048,0.0850389301776886,0.5051537752151489,0.5813661217689514,1.5868936777114868,-0.2870509922504425,0.0028490282129496336,0.4529496133327484,1.5276522636413574,-0.09673385322093964,0.0018824907019734383,0.5755879282951355,1.9802968502044678,-0.468423992395401,0.0014545224839821458,0.4435639977455139,1.929793119430542,-0.014601084403693676,0.00038859585765749216,0.5909827351570129,2.0425758361816406,-0.4955371916294098,0.00374447088688612,0.44317641854286194,1.9877103567123413,-0.01114455796778202,0.0016780704027041793,0.5244939923286438,2.065032482147217,-0.6827044486999512,0.0025892858393490314,0.43668708205223083,2.035149574279785,-0.1133807897567749,0.0005567963817156851
0.4995807111263275,0.4934455454349518,-0.08238057792186737,0.9999353289604187,0.5131276249885559,0.46533605456352234,-0.0671270415186882,0.9998762607574463,0.5217911005020142,0.4657624065876007,-0.0674126073718071,0.9998819828033447,0.5305835008621216,0.4667486846446991,-0.06735879182815552,0.9998961687088013,0.4995311200618744,0.46384721994400024,-0.032854415476322174,0.9999140501022339,0.4958344101905823,0.4636405110359192,-0.03346062824130058,0.999925434589386,0.4925888180732727,0.46306145191192627,-0.03367070108652115,0.9999350905418396,0.5557980537414551,0.4813263416290283,0.006479622330516577,0.9999163746833801,0.5032662153244019,0.4736829996109009,0.16178545355796814,0.9998712539672852,0.514915406703949,0.5271840691566467,-0.05174829438328743,0.9998419880867004,0.49843844771385193,0.5223735570907593,-0.010280190035700798,0.9998441934585571,0.614059567451477,0.6683019399642944,-0.006939311977475882,0.999905526638031,0.45189905166625977,0.652648389339447,0.2977195680141449,0.9998741745948792,0.6634977459907532,0.7476727962493896,-0.10908154398202896,0.9671051502227783,0.32785895466804504,0.6806917786598206,0.38317328691482544,0.573989748954773,0.6186357140541077,0.45997267961502075,-0.12091416120529175,0.9852756261825562,0.36295849084854126,0.44970038533210754,0.4023734927177429,0.9552615880966187,0.6233826279640198,0.3989516496658325,-0.1325586587190628,0.9830018281936646,0.3622651994228363,0.3973473906517029,0.40785670280456543,0.9464600086212158,0.6271927356719971,0.3905608654022217,-0.11539743840694427,0.9848649501800537,0.3800354301929474,0.39206618070602417,0.41226083040237427,0.9510627388954163,0.6194589734077454,0.417418897151947,-0.1099250316619873,0.9781080484390259,0.3856239914894104,0.41384708881378174,0.39870333671569824,0.956281304359436,0.5605682730674744,1.0789746046066284,-0.07833512127399445,0.47914600372314453,0.4575428068637848,1.0758110284805298,0.07795872539281845,0.5158531069755554,0.5756441950798035,1.5798910856246948,-0.29017215967178345,0.002663504332304001,0.449861615896225,1.518556833267212,-0.13023868203163147,0.00176712847314775,0.5697430968284607,1.9758634567260742,-0.5290308594703674,0.0013733997475355864,0.4385761618614197,1.917790174484253,-0.08950191736221313,0.0003650038270279765,0.583570122718811,2.038715124130249,-0.5617445707321167,0.0035647768527269363,0.43724218010902405,1.973623275756836,-0.09071163833141327,0.0015777613734826446,0.5233787894248962,2.0599653720855713,-0.764324963092804,0.002461451105773449,0.43651455640792847,2.025085926055908,-0.21006834506988525,0.0005245513748377562
0.4978460371494293,0.49351850152015686,-0.0841156393289566,0.9999363422393799,0.5118852853775024,0.4653488099575043,-0.06672649085521698,0.9998767971992493,0.5209041833877563,0.4657896161079407,-0.06701167672872543,0.9998830556869507,0.529941201210022,0.46678856015205383,-0.06696547567844391,0.9998963475227356,0.4976744055747986,0.46390271186828613,-0.03490453585982323,0.9999141693115234,0.49402183294296265,0.4636918306350708,-0.03550916165113449,0.9999256730079651,0.4908510744571686,0.463114857673645,-0.03572865575551987,0.9999346137046814,0.5546172857284546,0.48094791173934937,0.014508838765323162,0.9999164938926697,0.5017055869102478,0.47372928261756897,0.15840387344360352,0.9998698234558105,0.5145549178123474,0.5273078680038452,-0.05155404657125473,0.9998303651809692,0.49720388650894165,0.5227528214454651,-0.013023446314036846,0.9998342990875244,0.6110801696777344,0.6671856641769409,0.0033286032266914845,0.99989253282547,0.4509875178337097,0.6489792466163635,0.25477221608161926,0.9998632073402405,0.6605956554412842,0.6974675059318542,-0.10180127620697021,0.9644323587417603,0.3283279538154602,0.6419700384140015,0.2694510519504547,0.5739484429359436,0.6185308694839478,0.41439002752304077,-0.10476581752300262,0.9835869669914246,0.36341995000839233,0.4116455018520355,0.2477881908416748,0.9527580738067627,0.6227393746376038,0.35558852553367615,-0.11701339483261108,0.9811397790908813,0.36285966634750366,0.3564421236515045,0.24224917590618134,0.942939043045044,0.6268550753593445,0.34631019830703735,-0.10277070850133896,0.9832409620285034,0.3803185224533081,0.35664528608322144,0.25140732526779175,0.9477478265762329,0.6195226907730103,0.3732668459415436,-0.09620539098978043,0.9763844013214111,0.3856901228427887,0.3796643614768982,0.24461254477500916,0.954052209854126,0.5590978860855103,1.0782923698425293,-0.06251642853021622,0.4847221076488495,0.45398926734924316,1.0772608518600464,0.06209006905555725,0.5215229392051697,0.5728257894515991,1.581851840019226,-0.2829365134239197,0.0024433948565274477,0.4479060769081116,1.5217341184616089,-0.15549729764461517,0.0016385611379519105,0.5676229000091553,1.9763091802597046,-0.5170317888259888,0.0012714012991636992,0.43682441115379333,1.9214476346969604,-0.09973960369825363,0.00033978556166402996,0.5806342363357544,2.0394954681396484,-0.5595547556877136,0.0033265624660998583,0.4350113272666931,1.9775060415267944,-0.09923970699310303,0.0014701907057315111,0.523595929145813,2.063509464263916,-0.7392948269844055,0.0022906803060323,0.43662887811660767,2.0289885997772217,-0.22405335307121277,0.0004889634437859058
0.4975143373012543,0.4932471811771393,-0.08831098675727844,0.9999270439147949,0.5113365054130554,0.46520745754241943,-0.07281383126974106,0.9998472332954407,0.5203591585159302,0.46571800112724304,-0.073096863925457,0.9998582005500793,0.5294318795204163,0.4667937457561493,-0.07305087149143219,0.999872088432312,0.4975740909576416,0.46392449736595154,-0.03765133023262024,0.9998948574066162,0.494060218334198,0.46385836601257324,-0.03828597441315651,0.9999114274978638,0.4908340871334076,0.4635988473892212,-0.03853042796254158,0.9999217391014099,0.5531084537506104,0.4810677468776703,0.00822429545223713,0.9998974204063416,0.5020172595977783,0.4743739664554596,0.14086565375328064,0.9998474717140198,0.5145634412765503,0.5272747278213501,-0.05407344549894333,0.9997954368591309,0.49678435921669006,0.5227932333946228,-0.017525989562273026,0.9998048543930054,0.6081291437149048,0.6682839393615723,-0.011858287267386913,0.9998779296875,0.45082932710647583,0.6461729407310486,0.20926189422607422,0.9998554587364197,0.6605352163314819,0.6492640972137451,-0.15963023900985718,0.9627426862716675,0.32886797189712524,0.6007595658302307,0.20148584246635437,0.5777739882469177,0.6198326945304871,0.3751383125782013,-0.2167411744594574,0.983009397983551,0.36550086736679077,0.3756605386734009,0.12867471575737,0.9544591307640076,0.6236843466758728,0.31223902106285095,-0.2508121728897095,0.980709969997406,0.36475661396980286,0.3220672309398651,0.10794651508331299,0.9450922608375549,0.6269082427024841,0.30347129702568054,-0.23931345343589783,0.9829501509666443,0.38205498456954956,0.3265131413936615,0.10918688774108887,0.949811577796936,0.619659960269928,0.3290376365184784,-0.2143593579530716,0.9762293100357056,0.38700956106185913,0.35015276074409485,0.12061502039432526,0.9560084939002991,0.5544675588607788,1.079655408859253,-0.05551443248987198,0.4726649522781372,0.45242294669151306,1.0789153575897217,0.05506259202957153,0.5116294622421265,0.5687443614006042,1.5820977687835693,-0.2427682876586914,0.002219483954831958,0.4478810429573059,1.5222433805465698,-0.1606648862361908,0.00150357186794281,0.5642317533493042,1.9768081903457642,-0.3803686499595642,0.001164272427558899,0.43514639139175415,1.9257245063781738,-0.0857652872800827,0.00031352421501651406,0.5774038434028625,2.0396618843078613,-0.40570205450057983,0.0030730734579265118,0.4324986934661865,1.980717420578003,-0.0836772546172142,0.0013597605284303427,0.5215646028518677,2.064671754837036,-0.609573245048523,0.0021102915052324533,0.43675169348716736,2.0304784774780273,-0.21388640999794006,0.0004529495781753212
0.4973185658454895,0.4932366609573364,-0.09998233616352081,0.9999229907989502,0.5107787251472473,0.4654437303543091,-0.0750129446387291,0.9998310208320618,0.5197179913520813,0.46606171131134033,-0.07527143508195877,0.9998427629470825,0.5286681056022644,0.4674771726131439,-0.07521609216928482,0.9998575448989868,0.49719253182411194,0.4648299813270569,-0.05334857106208801,0.9998840689659119,0.4936490058898926,0.46527981758117676,-0.05382262542843819,0.9999024868011475,0.49022263288497925,0.4658549427986145,-0.05393589287996292,0.9999132752418518,0.5505035519599915,0.48264071345329285,0.008137830533087254,0.9998822808265686,0.5001702904701233,0.47690916061401367,0.12206079065799713,0.9998294115066528,0.5144904851913452,0.5269366502761841,-0.05932909995317459,0.9997780919075012,0.4955211579799652,0.5228075385093689,-0.036250121891498566,0.9997879862785339,0.6048108339309692,0.6680791974067688,-0.018623914569616318,0.9998723268508911,0.4495438039302826,0.6427326202392578,0.16040602326393127,0.9998499751091003,0.6598564386367798,0.601928174495697,-0.33059799671173096,0.9611854553222656,0.33103469014167786,0.5724962949752808,0.010843520052731037,0.5694040656089783,0.6213961839675903,0.330965131521225,-0.6006461381912231,0.9829390048980713,0.3670123219490051,0.34931039810180664,-0.1962893307209015,0.9556501507759094,0.6266183257102966,0.26337894797325134,-0.6687451601028442,0.9808684587478638,0.3669624924659729,0.29862314462661743,-0.24959102272987366,0.9472388029098511,0.6272326707839966,0.25597497820854187,-0.6488524675369263,0.9831505417823792,0.3833466172218323,0.2974783480167389,-0.2440357506275177,0.9518120288848877,0.6198680400848389,0.28299275040626526,-0.599056601524353,0.976574718952179,0.38773128390312195,0.32056665420532227,-0.20728102326393127,0.9577584266662598,0.5523744225502014,1.079511046409607,-0.03806918114423752,0.46324700117111206,0.4520069658756256,1.0802778005599976,0.03758172690868378,0.5037113428115845,0.5692147612571716,1.5750885009765625,-0.195686936378479,0.002007555216550827,0.4478950500488281,1.5236281156539917,-0.2729100286960602,0.001386029995046556,0.564390242099762,1.9755696058273315,-0.27938133478164673,0.0010596092324703932,0.43610724806785583,1.9302501678466797,-0.20590722560882568,0.00029205327155068517,0.5768412947654724,2.0385162830352783,-0.3003465235233307,0.002808192977681756,0.43431559205055237,1.986546516418457,-0.20541325211524963,0.0012665296671912074,0.5218818187713623,2.06398606300354,-0.5141717791557312,0.0019288703333586454,0.44105616211891174,2.033285617828369,-0.36288362741470337,0.00042308695265091956
0.49718403816223145,0.49309709668159485,-0.11171804368495941,0.9999123811721802,0.5108359456062317,0.4655327796936035,-0.08577929437160492,0.9997992515563965,0.5197716951370239,0.46632376313209534,-0.08603857457637787,0.9998140931129456,0.5286957025527954,0.4681403636932373,-0.0859743133187294,0.9998298287391663,0.49727368354797363,0.4651540517807007,-0.0647498220205307,0.9998607039451599,0.4937315583229065,0.46585220098495483,-0.06520934402942657,0.9998835325241089,0.4901796281337738,0.46687960624694824,-0.06528877466917038,0.9998947978019714,0.5498756170272827,0.48534873127937317,0.0036421064287424088,0.9998549818992615,0.5000990629196167,0.47953522205352783,0.11592968553304672,0.9997919201850891,0.5142806172370911,0.526652455329895,-0.07260929048061371,0.9997318387031555,0.49418243765830994,0.522830069065094,-0.047688283026218414,0.999741792678833,0.6028669476509094,0.6658333539962769,-0.044654734432697296,0.9998618960380554,0.44919705390930176,0.6416143774986267,0.1492796689271927,0.9998369216918945,0.6582015156745911,0.5565496683120728,-0.40301841497421265,0.9590787291526794,0.33603331446647644,0.5474783778190613,-0.006979295052587986,0.5554282069206238,0.624360203742981,0.28955405950546265,-0.7048086524009705,0.982449471950531,0.3671801686286926,0.31936782598495483,-0.2216547429561615,0.9548789262771606,0.6301208734512329,0.22243283689022064,-0.7806072235107422,0.9805852174758911,0.367402046918869,0.2638106942176819,-0.27703478932380676,0.9473978281021118,0.6286273002624512,0.21749339997768402,-0.7601516842842102,0.982974648475647,0.3834291100502014,0.2583659589290619,-0.2754532992839813,0.9520664811134338,0.6206376552581787,0.24395014345645905,-0.7047159075737,0.976416826248169,0.3877445459365845,0.28006330132484436,-0.2351994812488556,0.9580990672111511,0.552118182182312,1.0786192417144775,-0.03552130609750748,0.45862433314323425,0.45172008872032166,1.0806108713150024,0.035016365349292755,0.49936842918395996,0.5693468451499939,1.5699164867401123,-0.21663391590118408,0.0018151320982724428,0.44631829857826233,1.5240310430526733,-0.3368852436542511,0.0012814659858122468,0.5634878873825073,1.9703035354614258,-0.3414202332496643,0.0009658203925937414,0.43627506494522095,1.9309790134429932,-0.29061445593833923,0.00027174403658136725,0.5745283365249634,2.033191204071045,-0.3670610189437866,0.0025730363558977842,0.4349133372306824,1.9872757196426392,-0.2923533022403717,0.0011829627910628915,0.522193193435669,2.057844638824463,-0.588337242603302,0.0017673824913799763,0.441840797662735,2.03474760055542,-0.45970505475997925,0.00039572446257807314
0.49712973833084106,0.49211230874061584,-0.16650985181331635,0.9998931288719177,0.5109708309173584,0.46531516313552856,-0.14954811334609985,0.999752938747406,0.5198969841003418,0.4663042426109314,-0.14982816576957703,0.9997696876525879,0.5287851691246033,0.46821123361587524,-0.1497672200202942,0.9997900724411011,0.49736660718917847,0.4651198983192444,-0.11960063129663467,0.9998265504837036,0.49385565519332886,0.46587038040161133,-0.12012354284524918,0.999854326248169,0.490307092666626,0.4668988585472107,-0.12022286653518677,0.9998704791069031,0.5500450730323792,0.48759862780570984,-0.06973232328891754,0.9998165369033813,0.500320553779602,0.47971054911613464,0.06912633031606674,0.9997425675392151,0.5135823488235474,0.5262871980667114,-0.133891299366951,0.999653697013855,0.49306732416152954,0.5227409601211548,-0.09797811508178711,0.9996687173843384,0.6003078818321228,0.6644397974014282,-0.1237015351653099,0.9998412132263184,0.4492664337158203,0.6398269534111023,0.12649571895599365,0.999819278717041,0.6523886919021606,0.524664580821991,-0.45437803864479065,0.9567444920539856,0.34525489807128906,0.5142998099327087,0.0455903634428978,0.5420693159103394,0.6268357634544373,0.2504435181617737,-0.7369620203971863,0.9808131456375122,0.36862483620643616,0.28412696719169617,-0.12906450033187866,0.9525275826454163,0.632489800453186,0.19205579161643982,-0.816912829875946,0.9790872931480408,0.3684644103050232,0.22870634496212006,-0.1793319582939148,0.9458810687065125,0.6301661133766174,0.18999648094177246,-0.802322506904602,0.9817754626274109,0.3849906623363495,0.22741316258907318,-0.19109322130680084,0.9510710835456848,0.621487021446228,0.2158387452363968,-0.7392123937606812,0.9748339056968689,0.38992801308631897,0.24859663844108582,-0.14707256853580475,0.9571341276168823,0.5527517199516296,1.1090716123580933,-0.04269794374704361,0.4452134370803833,0.44647520780563354,1.103203296661377,0.042225584387779236,0.48632583022117615,0.5657534599304199,1.5669194459915161,-0.20626740157604218,0.00164022296667099,0.44373589754104614,1.5240668058395386,-0.3233185112476349,0.0011807309929281473,0.5570632219314575,1.9713021516799927,-0.2855539321899414,0.0008779554627835751,0.4316529631614685,1.931484341621399,-0.26124635338783264,0.0002510838385205716,0.5665810108184814,2.0338406562805176,-0.306821346282959,0.0023614680394530296,0.430392324924469,1.9876348972320557,-0.26126405596733093,0.0011053024791181087,0.5197106003761292,2.0578773021698,-0.5293845534324646,0.001613321714103222,0.43562689423561096,2.0353448390960693,-0.42534103989601135,0.00036854055360890925
0.49643540382385254,0.4920582175254822,-0.1496940702199936,0.9998753070831299,0.5110501646995544,0.46526435017585754,-0.1330760419368744,0.9997085928916931,0.519961953163147,0.46630847454071045,-0.13335387408733368,0.9997260570526123,0.5288326740264893,0.4682551622390747,-0.13329866528511047,0.9997500777244568,0.49733003973960876,0.4651341736316681,-0.10269759595394135,0.9997968673706055,0.4938153326511383,0.4659487009048462,-0.10323841869831085,0.9998300671577454,0.4902140498161316,0.46709805727005005,-0.1033702865242958,0.9998500943183899,0.550063967704773,0.4888537526130676,-0.052233707159757614,0.9997802972793579,0.5005570650100708,0.48001953959465027,0.08748085796833038,0.9997028708457947,0.5121876001358032,0.52628493309021,-0.11661775410175323,0.9995760917663574,0.49177461862564087,0.5228241682052612,-0.08017101883888245,0.9995999336242676,0.5982056856155396,0.66428142786026,-0.09696393460035324,0.9998129606246948,0.4489319324493408,0.6326345801353455,0.1446484625339508,0.9998005628585815,0.6451150178909302,0.49021026492118835,-0.41048136353492737,0.9534499645233154,0.3516213297843933,0.48310521245002747,0.0334603413939476,0.5335271954536438,0.6293870210647583,0.21684351563453674,-0.6901146173477173,0.978668749332428,0.37176162004470825,0.2565867602825165,-0.18612048029899597,0.9510822296142578,0.6353968381881714,0.15435317158699036,-0.7722970843315125,0.9772095084190369,0.3735130727291107,0.1998911052942276,-0.24608822166919708,0.9453371167182922,0.6314095854759216,0.15300403535366058,-0.760144054889679,0.9802954196929932,0.3908710181713104,0.19916807115077972,-0.255786269903183,0.9508500695228577,0.6227079033851624,0.17841079831123352,-0.6941490769386292,0.9729859232902527,0.3945961892604828,0.22152648866176605,-0.20472149550914764,0.9568229913711548,0.5501830577850342,1.0910145044326782,-0.04499735310673714,0.43617334961891174,0.4448731541633606,1.109946846961975,0.04452090710401535,0.47746503353118896,0.5646499395370483,1.5687371492385864,-0.21157798171043396,0.001487800502218306,0.4398713707923889,1.5244277715682983,-0.3061175048351288,0.0010959503706544638,0.5544712543487549,1.9732452630996704,-0.3362051844596863,0.0008027750882320106,0.42912283539772034,1.9318954944610596,-0.20702485740184784,0.00023290232638828456,0.5630008578300476,2.038898229598999,-0.3594643473625183,0.0021841085981577635,0.42817750573158264,1.9880536794662476,-0.20395107567310333,0.0010370324598625302,0.5185711979866028,2.058072805404663,-0.5720067024230957,0.0014832295710220933,0.43246978521347046,2.0351476669311523,-0.3628867566585541,0.00034395509283058345
0.49327078461647034,0.4925800859928131,-0.1554567962884903,0.9998718500137329,0.5090943574905396,0.46551164984703064,-0.14068874716758728,0.9997033476829529,0.5186094641685486,0.4664439857006073,-0.14097686111927032,0.9997208714485168,0.5277531743049622,0.46841132640838623,-0.1409226655960083,0.9997445344924927,0.4944339692592621,0.46553337574005127,-0.10844656080007553,0.9997931718826294,0.49055176973342896,0.46635279059410095,-0.1089971512556076,0.9998271465301514,0.486858069896698,0.4675550162792206,-0.10912591218948364,0.9998469948768616,0.5489059686660767,0.48938822746276855,-0.06513267755508423,0.999776303768158,0.49925655126571655,0.4803740084171295,0.08229303359985352,0.999698281288147,0.5095465779304504,0.526729941368103,-0.12425868213176727,0.9995527863502502,0.48839324712753296,0.523799479007721,-0.0853298008441925,0.999576210975647,0.595321774482727,0.6640123724937439,-0.11832384765148163,0.9997949004173279,0.44858518242836,0.6287537813186646,0.13583311438560486,0.9997825026512146,0.6347885131835938,0.47258859872817993,-0.4286487102508545,0.9520717263221741,0.3625933527946472,0.46742647886276245,0.028977666050195694,0.523710310459137,0.6297918558120728,0.19115208089351654,-0.7105929255485535,0.9775820970535278,0.3740387558937073,0.23082663118839264,-0.19888022541999817,0.9484752416610718,0.637169361114502,0.1275807023048401,-0.7967495918273926,0.9765839576721191,0.37595731019973755,0.17780224978923798,-0.2613629698753357,0.9441423416137695,0.6316338777542114,0.12711825966835022,-0.7898244857788086,0.979937732219696,0.394416481256485,0.17719602584838867,-0.27617987990379333,0.95015949010849,0.6227936744689941,0.15122047066688538,-0.7173236608505249,0.9725903868675232,0.39771661162376404,0.19664011895656586,-0.22026245296001434,0.9561617970466614,0.5485433340072632,1.0763263702392578,-0.047081358730793,0.43171918392181396,0.44466257095336914,1.1113057136535645,0.04661853611469269,0.4714903235435486,0.5640431046485901,1.5695875883102417,-0.2170376032590866,0.0013573399046435952,0.4386373460292816,1.5248143672943115,-0.27318868041038513,0.0010255908127874136,0.5541055798530579,1.9745690822601318,-0.3549535274505615,0.0007422566995956004,0.42861929535865784,1.9322243928909302,-0.20192308723926544,0.0002182928001275286,0.56320720911026,2.0431017875671387,-0.37898099422454834,0.0020605463068932295,0.4279819428920746,1.9884824752807617,-0.19924987852573395,0.0009895677212625742,0.5178292989730835,2.055969476699829,-0.6027238965034485,0.0013873171992599964,0.430391401052475,2.0321576595306396,-0.3313576579093933,0.00032668959465809166
0.49268946051597595,0.49065127968788147,-0.17213670909404755,0.9998410940170288,0.5092044472694397,0.464595764875412,-0.15899156033992767,0.9996274709701538,0.518643856048584,0.46571168303489685,-0.15930339694023132,0.999648928642273,0.5276333689689636,0.46796146035194397,-0.1592666059732437,0.9996777176856995,0.49448928236961365,0.4646397829055786,-0.1280333399772644,0.9997463226318359,0.4907541871070862,0.46546435356140137,-0.12860675156116486,0.9997909665107727,0.4871010184288025,0.46663954854011536,-0.1287945657968521,0.9998162984848022,0.5487422943115234,0.48972728848457336,-0.09126456081867218,0.9997233748435974,0.5000815987586975,0.480357825756073,0.04985561966896057,0.9996447563171387,0.5086379051208496,0.5262763500213623,-0.143731489777565,0.999427855014801,0.48802804946899414,0.5229417085647583,-0.10642591863870621,0.9994654655456543,0.5928615927696228,0.6590049266815186,-0.13660819828510284,0.9997402429580688,0.44861260056495667,0.6274670362472534,0.09105861186981201,0.9997420907020569,0.6265131235122681,0.453385591506958,-0.3872174620628357,0.947029709815979,0.3735215961933136,0.4524751305580139,-0.009792034514248371,0.5171875357627869,0.6296684145927429,0.16764025390148163,-0.6115915775299072,0.9732416868209839,0.38107702136039734,0.20119240880012512,-0.23470714688301086,0.945569634437561,0.6368750333786011,0.103804811835289,-0.6862836480140686,0.973522961139679,0.3858800232410431,0.15883547067642212,-0.30044102668762207,0.9426451325416565,0.6312623620033264,0.1063697412610054,-0.6858789324760437,0.9777368307113647,0.40537509322166443,0.1566299945116043,-0.31692227721214294,0.949238657951355,0.622639536857605,0.13074645400047302,-0.6189070343971252,0.9702480435371399,0.4067729115486145,0.1745505928993225,-0.25682613253593445,0.9553788304328918,0.5478758215904236,1.0690184831619263,-0.0462837889790535,0.4259454309940338,0.445484459400177,1.0769686698913574,0.04581698030233383,0.4658193290233612,0.5625703930854797,1.5599385499954224,-0.20707836747169495,0.0012381459819152951,0.43893957138061523,1.5207873582839966,-0.26717546582221985,0.0009617459145374596,0.5520654320716858,1.9749819040298462,-0.2805153429508209,0.0006839109701104462,0.42783960700035095,1.930783987045288,-0.13712912797927856,0.000205329735763371,0.5614575147628784,2.043419122695923,-0.300803005695343,0.0019272674107924104,0.42686229944229126,1.9882277250289917,-0.13080240786075592,0.000940952158998698,0.5137104392051697,2.0532870292663574,-0.5345715284347534,0.0012906108750030398,0.42919954657554626,2.026712417602539,-0.2948833405971527,0.0003106915100943297
0.4916526675224304,0.49152234196662903,-0.16051170229911804,0.9997862577438354,0.5092130899429321,0.46463802456855774,-0.14622646570205688,0.9995074272155762,0.5183711647987366,0.4658254086971283,-0.1465243697166443,0.999524712562561,0.526821494102478,0.46820399165153503,-0.14648136496543884,0.999569296836853,0.4946293234825134,0.4646926820278168,-0.11608407646417618,0.999679684638977,0.4909279942512512,0.4655003845691681,-0.11666981875896454,0.9997383952140808,0.4872112274169922,0.4666726887226105,-0.11686599254608154,0.9997776746749878,0.5480155944824219,0.4912567436695099,-0.07738864421844482,0.9996289610862732,0.5004583597183228,0.4810384213924408,0.050521742552518845,0.9995743036270142,0.5073235034942627,0.5284280180931091,-0.1304730474948883,0.9992786049842834,0.48743605613708496,0.5247048139572144,-0.09480924904346466,0.9993504285812378,0.5926198959350586,0.6548791527748108,-0.11252518743276596,0.9996927380561829,0.44864553213119507,0.6266858577728271,0.06978391110897064,0.9997237324714661,0.6281725168228149,0.42243799567222595,-0.29889121651649475,0.9382131099700928,0.3821377754211426,0.4390788674354553,-0.02503722533583641,0.5192326903343201,0.6295773983001709,0.12328014522790909,-0.48455795645713806,0.9667439460754395,0.3854215741157532,0.18535050749778748,-0.23964741826057434,0.9449343085289001,0.6370104551315308,0.0711173564195633,-0.5554412603378296,0.9687111973762512,0.3893588185310364,0.14639143645763397,-0.3075866103172302,0.9425222873687744,0.6312123537063599,0.07643058896064758,-0.5767369866371155,0.9742723703384399,0.4075239598751068,0.14271783828735352,-0.3254668116569519,0.9494726061820984,0.6226230263710022,0.0976056382060051,-0.500158965587616,0.9666745662689209,0.4090556502342224,0.15869934856891632,-0.2617606222629547,0.955365002155304,0.5475497245788574,1.0629026889801025,-0.03078818880021572,0.41802987456321716,0.4458947777748108,1.0643174648284912,0.030298545956611633,0.45873796939849854,0.5614916086196899,1.5574321746826172,-0.18618150055408478,0.0011301651829853654,0.43893009424209595,1.5183377265930176,-0.264203280210495,0.0009145449730567634,0.5497301816940308,1.975305199623108,-0.253446489572525,0.000629676622338593,0.42772382497787476,1.9272083044052124,-0.1460057497024536,0.0001936109911184758,0.5583458542823792,2.04439115524292,-0.2731146216392517,0.0017957478994503617,0.42639678716659546,1.9843261241912842,-0.13857033848762512,0.0008887059520930052,0.5113927125930786,2.053805112838745,-0.49784040451049805,0.0011937138624489307,0.429732084274292,2.022860527038574,-0.30281341075897217,0.0002944089355878532
0.4918311536312103,0.49236688017845154,-0.19814491271972656,0.9996960759162903,0.5104902386665344,0.46480992436408997,-0.18185162544250488,0.9992789030075073,0.5190014243125916,0.4660545289516449,-0.182173490524292,0.999289870262146,0.5269185900688171,0.4684712588787079,-0.1821490228176117,0.9993627071380615,0.49544429779052734,0.46471112966537476,-0.15938058495521545,0.9995536208152771,0.4915887713432312,0.46551957726478577,-0.15999585390090942,0.9996393322944641,0.48777079582214355,0.46668073534965515,-0.16025298833847046,0.9997024536132812,0.5480087995529175,0.4921919107437134,-0.10389586538076401,0.999444305896759,0.500589907169342,0.4818010926246643,-0.001995410304516554,0.9994321465492249,0.5076454877853394,0.528928816318512,-0.16551914811134338,0.9989938139915466,0.48757171630859375,0.5256401896476746,-0.13935357332229614,0.9991328120231628,0.5927544832229614,0.6526698470115662,-0.12162460386753082,0.999618649482727,0.44852298498153687,0.6250361204147339,0.014733676798641682,0.9996846318244934,0.6272612810134888,0.41909217834472656,-0.3006625473499298,0.9315018057823181,0.38735729455947876,0.4246048331260681,-0.08829069882631302,0.523056149482727,0.6297215223312378,0.12491142749786377,-0.48953261971473694,0.9603945016860962,0.3875732719898224,0.1809186339378357,-0.29725638031959534,0.9441288709640503,0.6384857892990112,0.07133598625659943,-0.5578774213790894,0.9641250371932983,0.38997575640678406,0.14335426688194275,-0.36846670508384705,0.9421172738075256,0.6328299641609192,0.07252494990825653,-0.5756338834762573,0.9708943367004395,0.4075005054473877,0.13701440393924713,-0.3849380314350128,0.9493222832679749,0.6237927675247192,0.09258756786584854,-0.5024890303611755,0.963396430015564,0.40951400995254517,0.15201853215694427,-0.3190157115459442,0.9551781415939331,0.5472618937492371,1.063202977180481,-0.020475510507822037,0.4233551621437073,0.44620800018310547,1.0635802745819092,0.02000776305794716,0.4659450948238373,0.5608217120170593,1.5575661659240723,-0.15537682175636292,0.0010472398716956377,0.43882352113723755,1.5168790817260742,-0.2618768811225891,0.0009053117828443646,0.5470436811447144,1.978135347366333,-0.16286440193653107,0.0005902348202653229,0.4270080626010895,1.927505373954773,-0.14638090133666992,0.00019256840460002422,0.5547423362731934,2.0475282669067383,-0.17665356397628784,0.0017022775718942285,0.4254680275917053,1.9847503900527954,-0.13865278661251068,0.0008677561418153346,0.5091807246208191,2.0559394359588623,-0.3993440270423889,0.0011228618677705526,0.4296993315219879,2.0228822231292725,-0.3125079870223999,0.0002911160991061479
0.49479037523269653,0.4904020130634308,-0.18190938234329224,0.99951171875,0.5132154226303101,0.4647471010684967,-0.17356494069099426,0.998843252658844,0.5205353498458862,0.46607017517089844,-0.17401278018951416,0.9988260865211487,0.5276585817337036,0.4685128629207611,-0.17408081889152527,0.998991847038269,0.4996809959411621,0.4642193615436554,-0.15729188919067383,0.9993158578872681,0.4962710738182068,0.4648943245410919,-0.1577758938074112,0.9994478225708008,0.49293193221092224,0.4659480154514313,-0.15778139233589172,0.999573826789856,0.548048734664917,0.4943256378173828,-0.08777929842472076,0.9991329312324524,0.5042246580123901,0.4832160174846649,0.02974928356707096,0.9991955757141113,0.5086054801940918,0.5270042419433594,-0.1598348170518875,0.9986162781715393,0.4894711971282959,0.5235288143157959,-0.12439296394586563,0.998847484588623,0.593092143535614,0.6509610414505005,-0.11898531019687653,0.999509871006012,0.44844943284988403,0.6232140064239502,0.05710623785853386,0.9996291995048523,0.6264346837997437,0.41377365589141846,-0.29921165108680725,0.925300121307373,0.3891081213951111,0.4260117709636688,-0.028087902814149857,0.530816912651062,0.6301208138465881,0.12035851180553436,-0.48646602034568787,0.9524211287498474,0.3881129324436188,0.17445185780525208,-0.23432397842407227,0.9432041645050049,0.6413114666938782,0.06745266169309616,-0.5570407509803772,0.9573251008987427,0.3892703354358673,0.13701292872428894,-0.30317360162734985,0.9412133097648621,0.6343007683753967,0.06977547705173492,-0.5755043625831604,0.9655606150627136,0.40708357095718384,0.1300087571144104,-0.3231039047241211,0.9487573504447937,0.6246388554573059,0.08875878155231476,-0.49982959032058716,0.9578913450241089,0.409416526556015,0.14376120269298553,-0.2575139105319977,0.9544535279273987,0.549088180065155,1.0973451137542725,-0.026563968509435654,0.4316660463809967,0.4458262324333191,1.0822458267211914,0.026096230372786522,0.4762752056121826,0.5612025856971741,1.5586464405059814,-0.15805932879447937,0.0009755290229804814,0.43819141387939453,1.5171232223510742,-0.18054643273353577,0.0008788125705905259,0.545761227607727,1.9944896697998047,-0.12333371490240097,0.0005505650187842548,0.42462998628616333,1.9342401027679443,-0.03587864711880684,0.00018921001174021512,0.5534997582435608,2.0641324520111084,-0.13265036046504974,0.0015982164768502116,0.42318636178970337,1.9948055744171143,-0.027877744287252426,0.0008407059358432889,0.5041968822479248,2.0693180561065674,-0.3606467545032501,0.00105067971162498,0.42573419213294983,2.024078607559204,-0.20586948096752167,0.0002855034254025668
0.49523669481277466,0.49020183086395264,-0.13674017786979675,0.9994933009147644,0.5137929320335388,0.46458765864372253,-0.1261085569858551,0.9988279342651367,0.5207964777946472,0.4660380184650421,-0.1264609843492508,0.9988015294075012,0.5276714563369751,0.4685267210006714,-0.12648533284664154,0.9989833831787109,0.5001927018165588,0.4637560248374939,-0.10693953186273575,0.9993060827255249,0.49670252203941345,0.4643446207046509,-0.10754229873418808,0.9994335174560547,0.4933105409145355,0.4653382897377014,-0.10770542919635773,0.9995675683021545,0.5480219125747681,0.4949706196784973,-0.06725577265024185,0.9991188049316406,0.5042250752449036,0.4833076000213623,0.038084227591753006,0.9991742372512817,0.5088260173797607,0.5269857048988342,-0.11570774018764496,0.9986258745193481,0.4895346164703369,0.5235391855239868,-0.08780013024806976,0.9988508224487305,0.5929698348045349,0.6501877307891846,-0.1143435463309288,0.9995150566101074,0.4489119052886963,0.6234758496284485,0.07989867031574249,0.9996283650398254,0.6271486878395081,0.4152950644493103,-0.2584921717643738,0.9221507906913757,0.38803428411483765,0.42964866757392883,0.005169695243239403,0.5371816754341125,0.6300617456436157,0.12704914808273315,-0.4404276907444,0.9499907493591309,0.3879987597465515,0.18035084009170532,-0.19151350855827332,0.94173663854599,0.6410259008407593,0.07153959572315216,-0.5093604326248169,0.9551957249641418,0.3884957730770111,0.1385343074798584,-0.2555958330631256,0.9397163391113281,0.6339997053146362,0.07224158942699432,-0.5275756120681763,0.9641166925430298,0.4063148498535156,0.1326398253440857,-0.2777561545372009,0.9478088617324829,0.6244837045669556,0.09370002895593643,-0.45464348793029785,0.9565219283103943,0.4089622497558594,0.1483432948589325,-0.2148834466934204,0.9533422589302063,0.5505290627479553,1.1128818988800049,-0.029829854145646095,0.42280688881874084,0.4457874298095703,1.0977323055267334,0.029361192137002945,0.46723756194114685,0.5611839294433594,1.5677567720413208,-0.16183367371559143,0.0008964063599705696,0.4379821717739105,1.5251471996307373,-0.17461150884628296,0.0008266675868071616,0.5455162525177002,2.0071513652801514,-0.1736299693584442,0.0005078326212242246,0.4250340461730957,1.9472049474716187,-0.04971402511000633,0.00017868669237941504,0.5539498925209045,2.077108860015869,-0.18738922476768494,0.001490047201514244,0.4237154424190521,2.009314775466919,-0.04327293857932091,0.0007946794503368437,0.5033879280090332,2.0749120712280273,-0.4040288031101227,0.0009711476159282029,0.42567986249923706,2.0298144817352295,-0.20182926952838898,0.0002702397760003805
0.4957857131958008,0.489859402179718,-0.12369094043970108,0.9994995594024658,0.5146456360816956,0.46419012546539307,-0.11576545238494873,0.9988633394241333,0.5213209390640259,0.465939998626709,-0.11610523611307144,0.9988375306129456,0.5279198884963989,0.46854278445243835,-0.11611127853393555,0.9990177154541016,0.5016419887542725,0.46260976791381836,-0.08640406280755997,0.9993227124214172,0.4983908534049988,0.4631015658378601,-0.08702213317155838,0.9994445443153381,0.49525031447410583,0.46398642659187317,-0.08720849454402924,0.9995766282081604,0.5482261180877686,0.4956793785095215,-0.06708358228206635,0.9991512298583984,0.5062288045883179,0.4832782447338104,0.0648888573050499,0.9991905093193054,0.5088841915130615,0.527089536190033,-0.10593128204345703,0.9986714720726013,0.48987627029418945,0.5235027074813843,-0.0685684010386467,0.9988807439804077,0.5928369760513306,0.6502655148506165,-0.12466482073068619,0.9995201826095581,0.4493556618690491,0.6237290501594543,0.11200330406427383,0.9996250867843628,0.6274963617324829,0.4301224946975708,-0.29136425256729126,0.923878014087677,0.3852676451206207,0.4452349841594696,0.06365928053855896,0.5418077111244202,0.6300206780433655,0.14277027547359467,-0.45155924558639526,0.9507042169570923,0.3869456648826599,0.2036879062652588,-0.14485260844230652,0.9406145811080933,0.6408178806304932,0.08696582913398743,-0.5336729288101196,0.9553946256637573,0.3871705234050751,0.15915459394454956,-0.20937013626098633,0.938417911529541,0.6339753270149231,0.08631331473588943,-0.5518863201141357,0.9643352031707764,0.40524548292160034,0.15416894853115082,-0.25963103771209717,0.9470838904380798,0.6244780421257019,0.10840483754873276,-0.47006550431251526,0.9567668437957764,0.40848684310913086,0.1715017855167389,-0.17702898383140564,0.9525607824325562,0.5519729256629944,1.1212767362594604,-0.04622620344161987,0.4170522391796112,0.4459289014339447,1.1090271472930908,0.045730672776699066,0.4613560140132904,0.5609844326972961,1.5814096927642822,-0.17476269602775574,0.0008317350875586271,0.4375454783439636,1.5343245267868042,-0.1667902022600174,0.0007942742086015642,0.546075701713562,2.017800807952881,-0.19151867926120758,0.0004720519355032593,0.4245475232601166,1.9632118940353394,-0.04056627303361893,0.0001719353604130447,0.5550455451011658,2.0866777896881104,-0.20517674088478088,0.0014073202619329095,0.4234549105167389,2.0259547233581543,-0.03378159925341606,0.0007741951267234981,0.5034282207489014,2.0863051414489746,-0.4226614832878113,0.0009073584224097431,0.42121201753616333,2.046722650527954,-0.18814489245414734,0.0002624471380840987
0.4958016276359558,0.49032559990882874,-0.15074065327644348,0.9995177388191223,0.5148793458938599,0.4642675518989563,-0.14336861670017242,0.9989155530929565,0.521472692489624,0.46620458364486694,-0.1437271535396576,0.998896062374115,0.5279650688171387,0.46909472346305847,-0.14371490478515625,0.999065637588501,0.501812756061554,0.4625859260559082,-0.11170345544815063,0.9993473887443542,0.498524010181427,0.46302083134651184,-0.1122879609465599,0.9994646310806274,0.49538928270339966,0.463760107755661,-0.11245359480381012,0.9995883107185364,0.548262357711792,0.4968101978302002,-0.09692664444446564,0.9991979002952576,0.5072161555290222,0.4832648038864136,0.045966602861881256,0.9992188811302185,0.5089533925056458,0.52890545129776,-0.1316882073879242,0.9987358450889587,0.4898708760738373,0.5238586068153381,-0.09306307882070541,0.9989253878593445,0.5926150679588318,0.654317319393158,-0.15835151076316833,0.9995436668395996,0.44936567544937134,0.6240044236183167,0.09432899206876755,0.9996300339698792,0.6282351016998291,0.4469902813434601,-0.39070236682891846,0.9265139102935791,0.38336947560310364,0.45523151755332947,0.012543844990432262,0.5348171591758728,0.6301629543304443,0.16125048696994781,-0.610832154750824,0.9533273577690125,0.3866034150123596,0.21481573581695557,-0.211298868060112,0.9402228593826294,0.6406099796295166,0.10342010855674744,-0.6887765526771545,0.9578064680099487,0.3849460482597351,0.16875943541526794,-0.27655404806137085,0.9389996528625488,0.6340214014053345,0.1023009866476059,-0.6933022737503052,0.9663233160972595,0.4021300673484802,0.16441838443279266,-0.3008577823638916,0.9479036331176758,0.6245049834251404,0.12528090178966522,-0.620604932308197,0.9591053128242493,0.40608730912208557,0.18255478143692017,-0.2369834929704666,0.9532769322395325,0.5525258779525757,1.1260234117507935,-0.04730898514389992,0.40056633949279785,0.4453531801700592,1.1171178817749023,0.046838365495204926,0.4431764483451843,0.5608917474746704,1.6001349687576294,-0.1458592712879181,0.00075966224540025,0.4365715980529785,1.5386834144592285,-0.17790737748146057,0.000743235694244504,0.5463938117027283,2.028236150741577,-0.14730803668498993,0.00043541486957110465,0.4248049259185791,1.9776792526245117,-0.06535430997610092,0.00016293548105750233,0.5555964708328247,2.0971031188964844,-0.16037282347679138,0.0013234473299235106,0.42375048995018005,2.0422537326812744,-0.062495820224285126,0.0007440928020514548,0.5044054985046387,2.0950493812561035,-0.3770214915275574,0.0008435155614279211,0.42191171646118164,2.0628912448883057,-0.23248037695884705,0.0002512836072128266
0.4958919584751129,0.49163928627967834,-0.169237419962883,0.9995476603507996,0.5153668522834778,0.4648420512676239,-0.1609405279159546,0.9989875555038452,0.5220008492469788,0.4672691822052002,-0.16130027174949646,0.9989741444587708,0.5284796953201294,0.47079670429229736,-0.1612696498632431,0.9991291165351868,0.5018834471702576,0.4627716839313507,-0.12818112969398499,0.999385416507721,0.49852365255355835,0.4631442129611969,-0.12873335182666779,0.9994961023330688,0.4953616261482239,0.46380215883255005,-0.12885816395282745,0.9996083378791809,0.5483390688896179,0.4984453320503235,-0.11080767214298248,0.9992554783821106,0.5069593787193298,0.48326730728149414,0.03763272613286972,0.9992612600326538,0.5094120502471924,0.5303760766983032,-0.1479485183954239,0.9988155364990234,0.48980483412742615,0.5247951745986938,-0.10826750099658966,0.9989849328994751,0.5922291278839111,0.6573817133903503,-0.17890936136245728,0.9995742440223694,0.4493745267391205,0.6240609288215637,0.09350301325321198,0.999640941619873,0.6289700269699097,0.4588882029056549,-0.4699155390262604,0.9291266798973083,0.3705396056175232,0.45811009407043457,-0.004931149538606405,0.5205327272415161,0.6301367282867432,0.1715536266565323,-0.730830729007721,0.9561911821365356,0.38503268361091614,0.21940983831882477,-0.22860848903656006,0.9397992491722107,0.6397310495376587,0.10530515015125275,-0.8134444355964661,0.9605273008346558,0.38364511728286743,0.1741030216217041,-0.2910500466823578,0.9399843811988831,0.6338070631027222,0.10354426503181458,-0.8088169097900391,0.9685176610946655,0.40007925033569336,0.1697274148464203,-0.30739495158195496,0.9489378333091736,0.6243739128112793,0.12690319120883942,-0.7370159029960632,0.9616367816925049,0.40456995368003845,0.1856420785188675,-0.2512579560279846,0.9542696475982666,0.5529983043670654,1.1259655952453613,-0.05234932899475098,0.388810932636261,0.44509896636009216,1.121437430381775,0.0518854558467865,0.42909613251686096,0.5599324107170105,1.6018760204315186,-0.15330849587917328,0.0006936735007911921,0.43664997816085815,1.5399796962738037,-0.20955006778240204,0.0006924516637809575,0.5465977787971497,2.0315213203430176,-0.2003709077835083,0.0004052639123983681,0.42499762773513794,1.9810290336608887,-0.1403120756149292,0.00015563322813250124,0.5565928816795349,2.100512742996216,-0.2208370417356491,0.0012629154371097684,0.42395615577697754,2.0455267429351807,-0.14110247790813446,0.0007230895571410656,0.5052660703659058,2.105861186981201,-0.4481979310512543,0.0007956424378789961,0.42305421829223633,2.07303524017334,-0.3098745048046112,0.0002434845082461834
0.49441418051719666,0.49496909976005554,-0.19275864958763123,0.9995728135108948,0.5144449472427368,0.4651329815387726,-0.18214264512062073,0.9990453720092773,0.5213525891304016,0.46751895546913147,-0.18248911201953888,0.9990369081497192,0.5281496047973633,0.4711246192455292,-0.18244333565235138,0.9991788864135742,0.5004235506057739,0.46340909600257874,-0.14889222383499146,0.9994149208068848,0.49713796377182007,0.4635988473892212,-0.1494402140378952,0.9995206594467163,0.4940229058265686,0.4640280306339264,-0.14958229660987854,0.9996236562728882,0.5483251214027405,0.49845314025878906,-0.12060412019491196,0.9993012547492981,0.5059627294540405,0.48287221789360046,0.029927659779787064,0.9992951154708862,0.5081918835639954,0.5322683453559875,-0.1668092906475067,0.9988742470741272,0.488400399684906,0.5266061425209045,-0.12682229280471802,0.9990276098251343,0.5917550921440125,0.6608148813247681,-0.17271049320697784,0.9995931386947632,0.44871658086776733,0.624791145324707,0.08837824314832687,0.9996485114097595,0.6357935667037964,0.49520260095596313,-0.4603540897369385,0.9313638806343079,0.35562053322792053,0.480408251285553,-0.019380973652005196,0.5141631960868835,0.6292179226875305,0.2056397944688797,-0.7153440117835999,0.9588399529457092,0.37963250279426575,0.23843678832054138,-0.2463231384754181,0.9416883587837219,0.6385301351547241,0.1346793919801712,-0.7949661016464233,0.9629929661750793,0.37879589200019836,0.18152998387813568,-0.3102070987224579,0.9424917101860046,0.6336508989334106,0.12859778106212616,-0.7876340746879578,0.9704736471176147,0.3964152932167053,0.18250234425067902,-0.3199411928653717,0.9511259198188782,0.6241680979728699,0.15542711317539215,-0.7198173403739929,0.9638640284538269,0.4010346531867981,0.20406900346279144,-0.2660619020462036,0.9561697244644165,0.5541679859161377,1.1319382190704346,-0.05214465409517288,0.3793608546257019,0.44498389959335327,1.1279534101486206,0.051677096635103226,0.4192776679992676,0.5599652528762817,1.6026145219802856,-0.14322303235530853,0.0006346710142679513,0.4378468096256256,1.545891523361206,-0.2099347561597824,0.0006510255043394864,0.5492737889289856,2.0328307151794434,-0.1679936796426773,0.00037893722765147686,0.4256254732608795,1.985493779182434,-0.13299092650413513,0.00015055346011649817,0.5608869791030884,2.101280450820923,-0.18388937413692474,0.0012092844117432833,0.4241577088832855,2.0492379665374756,-0.13156017661094666,0.0007067794795148075,0.509320855140686,2.1149165630340576,-0.4040510058403015,0.0007550649461336434,0.42632079124450684,2.083113193511963,-0.2956295609474182,0.00023866760602686554
0.4924379289150238,0.49584171175956726,-0.227196604013443,0.9995847940444946,0.5122740268707275,0.4651568830013275,-0.215374156832695,0.9990706443786621,0.5198040008544922,0.4675048887729645,-0.2157360017299652,0.9990694522857666,0.5270529985427856,0.4710223376750946,-0.21569307148456573,0.9992017149925232,0.49738064408302307,0.46361660957336426,-0.1836320012807846,0.9994212985038757,0.494367778301239,0.46375295519828796,-0.1841707080602646,0.9995264410972595,0.4913632273674011,0.4641015827655792,-0.18433503806591034,0.9996218085289001,0.547863781452179,0.4970587491989136,-0.14285293221473694,0.9993258714675903,0.5035342574119568,0.4817729592323303,0.0015281717060133815,0.9993000030517578,0.5073109865188599,0.5323793292045593,-0.19669097661972046,0.9988983869552612,0.4871279299259186,0.5269076228141785,-0.15883944928646088,0.999036967754364,0.5916411280632019,0.6638295650482178,-0.18059241771697998,0.9996027946472168,0.44594138860702515,0.6257331967353821,0.06948481500148773,0.9996437430381775,0.6397605538368225,0.5430402755737305,-0.4691985249519348,0.9327550530433655,0.34368616342544556,0.5133548974990845,-0.03162078559398651,0.5033009052276611,0.6267262697219849,0.24553555250167847,-0.7340112328529358,0.9612846374511719,0.3747246563434601,0.2734360098838806,-0.24396434426307678,0.9425771236419678,0.63752281665802,0.17526935040950775,-0.8133479952812195,0.9652985334396362,0.3757804036140442,0.2227880209684372,-0.3053337633609772,0.9441583752632141,0.6343193650245667,0.16767477989196777,-0.8052075505256653,0.9723075032234192,0.393415242433548,0.22301004827022552,-0.31502240896224976,0.9525972604751587,0.6243223547935486,0.19892768561840057,-0.7379788756370544,0.9659489989280701,0.3970281779766083,0.2457253634929657,-0.26292741298675537,0.9574698805809021,0.5548368692398071,1.1470539569854736,-0.05126520246267319,0.36566999554634094,0.44481340050697327,1.1439664363861084,0.05081190541386604,0.40475961565971375,0.5598846077919006,1.614553689956665,-0.11653462797403336,0.0005783454398624599,0.4392535090446472,1.5608770847320557,-0.2010929137468338,0.0006050490192137659,0.5527724027633667,2.0428128242492676,-0.12431001663208008,0.0003520251775626093,0.42668646574020386,1.9992029666900635,-0.11521748453378677,0.0001437412283848971,0.5663770437240601,2.110870599746704,-0.13845007121562958,0.001147320494055748,0.4246549606323242,2.062717914581299,-0.11439432948827744,0.0006816087407059968,0.5131676197052002,2.1293139457702637,-0.35928910970687866,0.0007110369624570012,0.4303736090660095,2.099940776824951,-0.29164984822273254,0.00023030865122564137
0.49115973711013794,0.4957068860530853,-0.221788689494133,0.9995972514152527,0.5104340314865112,0.464983195066452,-0.203550785779953,0.9990931749343872,0.51844722032547,0.4672146141529083,-0.20387379825115204,0.9990951418876648,0.525966465473175,0.4706785976886749,-0.20380432903766632,0.9992223381996155,0.4945593476295471,0.4636254906654358,-0.17601051926612854,0.9994309544563293,0.49144673347473145,0.4637884497642517,-0.17649459838867188,0.9995330572128296,0.4881713390350342,0.4642462134361267,-0.17661523818969727,0.9996246695518494,0.546923816204071,0.49561187624931335,-0.10108201205730438,0.9993391633033752,0.4984118342399597,0.4817676246166229,0.03287087380886078,0.9993008375167847,0.5073427557945251,0.5317685008049011,-0.18224677443504333,0.9989233613014221,0.48638439178466797,0.526839017868042,-0.14948025345802307,0.9990527033805847,0.5920249223709106,0.6648378968238831,-0.1400298923254013,0.9996132850646973,0.44345030188560486,0.628044843673706,0.1101951003074646,0.9996477365493774,0.6448290944099426,0.5811808109283447,-0.4511214792728424,0.9331688284873962,0.3356044590473175,0.5444908738136292,0.02991228923201561,0.4976290166378021,0.6236841678619385,0.2854456603527069,-0.6733161807060242,0.9625950455665588,0.3658958077430725,0.31659331917762756,-0.14330719411373138,0.9440515041351318,0.6351051330566406,0.2142651230096817,-0.7548917531967163,0.9664182066917419,0.3705267310142517,0.267654150724411,-0.1915450394153595,0.9457131028175354,0.6312214136123657,0.20728246867656708,-0.7827591896057129,0.9731367230415344,0.386118620634079,0.2653404772281647,-0.19904731214046478,0.9538889527320862,0.6218780279159546,0.23803400993347168,-0.6853184700012207,0.9668276906013489,0.38820457458496094,0.28719744086265564,-0.159213125705719,0.9586445093154907,0.5550414323806763,1.1496511697769165,-0.0517529621720314,0.3575843572616577,0.44376927614212036,1.1470731496810913,0.051278531551361084,0.3980157971382141,0.5603600740432739,1.615455150604248,-0.1435951441526413,0.0005277001764625311,0.43942150473594666,1.5628076791763306,-0.20313525199890137,0.0005602664314210415,0.5546272993087769,2.0458781719207764,-0.2319902926683426,0.00032618845580145717,0.4287501275539398,2.003607749938965,-0.15769661962985992,0.00013586331624537706,0.568642795085907,2.1133882999420166,-0.2530185580253601,0.0010785484919324517,0.42731279134750366,2.067110300064087,-0.16054204106330872,0.0006476257694885135,0.5153301954269409,2.134474277496338,-0.4703215956687927,0.000665096624288708,0.4332309365272522,2.106550693511963,-0.32795950770378113,0.0002187585923820734
0.48996978998184204,0.4928361773490906,-0.1468111127614975,0.9995926022529602,0.5088430643081665,0.461581289768219,-0.13392598927021027,0.9990791082382202,0.5168722867965698,0.4640763998031616,-0.13425391912460327,0.9990888237953186,0.5243046283721924,0.4677600562572479,-0.1342160999774933,0.9992164969444275,0.4936627745628357,0.4608513414859772,-0.1007976084947586,0.9994179010391235,0.4907759726047516,0.4613572955131531,-0.10139696300029755,0.9995226860046387,0.4875841736793518,0.4620315432548523,-0.10162554681301117,0.9996146559715271,0.546285092830658,0.49155205488204956,-0.06666360795497894,0.9993377327919006,0.497871458530426,0.477955162525177,0.08390910923480988,0.9992837309837341,0.5067554712295532,0.5305888056755066,-0.1195366382598877,0.9989103674888611,0.4859512746334076,0.5260433554649353,-0.07994459569454193,0.9990413188934326,0.5931219458580017,0.6648146510124207,-0.09360296279191971,0.9996099472045898,0.44168996810913086,0.6315261721611023,0.17203684151172638,0.9996438026428223,0.6455537676811218,0.6179105043411255,-0.2287859469652176,0.9318236708641052,0.32676130533218384,0.5764033198356628,0.18914222717285156,0.4957336187362671,0.6202613115310669,0.33336761593818665,-0.29249969124794006,0.9622567296028137,0.3656173050403595,0.34281617403030396,0.12835751473903656,0.9442616105079651,0.6270949244499207,0.26646894216537476,-0.32429787516593933,0.9659137725830078,0.3703541159629822,0.2909384071826935,0.10838788747787476,0.945343554019928,0.626445472240448,0.25741371512413025,-0.31510913372039795,0.9725694060325623,0.38475415110588074,0.28971073031425476,0.103651262819767,0.953447699546814,0.6187328696250916,0.28817325830459595,-0.2880030572414398,0.9661045074462891,0.38691166043281555,0.31034672260284424,0.11754824221134186,0.9584444761276245,0.5564555525779724,1.1513196229934692,-0.056330401450395584,0.3495807349681854,0.4438048005104065,1.1495673656463623,0.0558304563164711,0.39123496413230896,0.5628316402435303,1.6219594478607178,-0.18266406655311584,0.00048581301234662533,0.44361844658851624,1.5664291381835938,-0.15004171431064606,0.0005183162284083664,0.5633374452590942,2.0493924617767334,-0.2994265854358673,0.0003052137035410851,0.4340749680995941,2.0059449672698975,-0.10601745545864105,0.00012778012023773044,0.5797803997993469,2.1157422065734863,-0.3212974965572357,0.001029220875352621,0.43189626932144165,2.0678677558898926,-0.10869033634662628,0.0006117816083133221,0.5225945711135864,2.137592315673828,-0.524354100227356,0.0006286286516115069,0.43988847732543945,2.1097099781036377,-0.2496488392353058,0.0002064566797344014
0.48881959915161133,0.4920695424079895,-0.10224304348230362,0.9996167421340942,0.5067716836929321,0.46032795310020447,-0.08717964589595795,0.9991359710693359,0.5155248641967773,0.4623745381832123,-0.08750732243061066,0.9991477727890015,0.5234161019325256,0.46568456292152405,-0.08746282756328583,0.9992660880088806,0.4910402297973633,0.4604869782924652,-0.05522950366139412,0.9994513988494873,0.4877351224422455,0.4610466957092285,-0.055873461067676544,0.9995492696762085,0.4839748740196228,0.4616990387439728,-0.056140780448913574,0.9996340274810791,0.5462034344673157,0.4860093891620636,-0.019368786364793777,0.9993811845779419,0.49432092905044556,0.4750472903251648,0.1251278519630432,0.999320387840271,0.5066584348678589,0.52921462059021,-0.07440759241580963,0.9989547729492188,0.48560935258865356,0.525571882724762,-0.03650745376944542,0.9990792870521545,0.5945500135421753,0.6626403331756592,-0.03696462884545326,0.9996169209480286,0.4409238398075104,0.6348103284835815,0.21381792426109314,0.9996435642242432,0.645305335521698,0.6626675724983215,-0.1044086217880249,0.930525541305542,0.32155418395996094,0.6081335544586182,0.2698251008987427,0.4929059147834778,0.6167508363723755,0.3736289143562317,-0.06010086461901665,0.9612538814544678,0.3640320897102356,0.3726465404033661,0.2937477231025696,0.9404692053794861,0.6194360852241516,0.3166651427745819,-0.06530210375785828,0.9645517468452454,0.3697231411933899,0.3158676028251648,0.2939215898513794,0.9399507641792297,0.623166561126709,0.30951255559921265,-0.05502802133560181,0.9712275266647339,0.3832201361656189,0.3172471821308136,0.2987251281738281,0.9483252167701721,0.616740345954895,0.3355185091495514,-0.05193474143743515,0.9647470712661743,0.3852155804634094,0.3414387106895447,0.28944557905197144,0.95457524061203,0.5568674802780151,1.1500909328460693,-0.057095833122730255,0.355606347322464,0.4462200999259949,1.115836501121521,0.05660178139805794,0.3975878655910492,0.5654922723770142,1.6242209672927856,-0.203029066324234,0.0004626563750207424,0.4443824291229248,1.566857099533081,-0.11114535480737686,0.0004872220160905272,0.5632718801498413,2.0496103763580322,-0.3604850172996521,0.00029585344600491226,0.43466171622276306,2.0024290084838867,-0.06971177458763123,0.00012207424151711166,0.5791190266609192,2.1151504516601562,-0.3850829601287842,0.0010162410326302052,0.4323485493659973,2.063901901245117,-0.07130219787359238,0.000581960310228169,0.5220783948898315,2.1395108699798584,-0.570135772228241,0.0006158354226499796,0.4406559467315674,2.106781005859375,-0.19137278199195862,0.00019734891247935593
0.48662346601486206,0.4919632077217102,-0.08275862038135529,0.9996458292007446,0.503812313079834,0.45964673161506653,-0.07222910225391388,0.9992058873176575,0.5132901668548584,0.4613683521747589,-0.07252593338489532,0.9992184638977051,0.5218956470489502,0.4644448459148407,-0.07246644794940948,0.9993256330490112,0.4885278642177582,0.46007928252220154,-0.03532196581363678,0.9994941353797913,0.4851289391517639,0.4605928659439087,-0.035985372960567474,0.9995840191841125,0.4812476634979248,0.46106868982315063,-0.03624860569834709,0.9996607303619385,0.5462013483047485,0.48284628987312317,-0.018848638981580734,0.9994334578514099,0.492255836725235,0.4734190106391907,0.14724941551685333,0.9993711113929749,0.5053774118423462,0.5285972952842712,-0.05898033455014229,0.999026894569397,0.4848540425300598,0.5254243612289429,-0.01460814755409956,0.9991419315338135,0.5959781408309937,0.658753514289856,-0.03353072330355644,0.999639630317688,0.44109106063842773,0.6354556679725647,0.2690633237361908,0.9996610283851624,0.6451637744903564,0.7171066403388977,-0.07492418587207794,0.9289295077323914,0.321147620677948,0.6546693444252014,0.39296865463256836,0.48501819372177124,0.6140197515487671,0.4239772856235504,0.017591144889593124,0.960738480091095,0.3593386113643646,0.4186287224292755,0.465186208486557,0.934960663318634,0.6162326335906982,0.36668485403060913,0.023573454469442368,0.9636470675468445,0.3663257956504822,0.3650222420692444,0.48145994544029236,0.9327571392059326,0.6228040456771851,0.3595171272754669,0.03516491502523422,0.9702062010765076,0.3807653486728668,0.3619370460510254,0.4878259599208832,0.9414530992507935,0.6162686944007874,0.38361015915870667,0.029058178886771202,0.9633139371871948,0.3825225234031677,0.3841855227947235,0.4637678563594818,0.9490472078323364,0.5564743280410767,1.0976284742355347,-0.07100369036197662,0.3580876290798187,0.44771575927734375,1.0905202627182007,0.07057003676891327,0.4002157151699066,0.5656192898750305,1.6206636428833008,-0.25723809003829956,0.00045485736336559057,0.4453064799308777,1.5618422031402588,-0.10420918464660645,0.00046942580956965685,0.5631967782974243,2.0439529418945312,-0.4454227089881897,0.0003036870912183076,0.4349454343318939,1.9977813959121704,-0.0804499164223671,0.00012312554463278502,0.5783261060714722,2.1072425842285156,-0.47250932455062866,0.0010733844246715307,0.43265804648399353,2.0595858097076416,-0.08004578948020935,0.0005853610346093774,0.5141887664794922,2.136171340942383,-0.6600468754768372,0.0006386286113411188,0.4405517578125,2.1056981086730957,-0.211187481880188,0.00019919178157579154
0.48681148886680603,0.4904809296131134,-0.10298110544681549,0.999677300453186,0.5040825605392456,0.45795533061027527,-0.09274641424417496,0.9992793202400208,0.5134628415107727,0.45961758494377136,-0.09305224567651749,0.9992913603782654,0.5219770073890686,0.4624904990196228,-0.09299434721469879,0.9993876218795776,0.48888731002807617,0.45762476325035095,-0.05534278601408005,0.9995403289794922,0.4854988157749176,0.45772093534469604,-0.05600840970873833,0.9996219277381897,0.4816769063472748,0.45761993527412415,-0.05626293271780014,0.9996909499168396,0.5468735694885254,0.47894948720932007,-0.031478151679039,0.999487042427063,0.4924888014793396,0.4669263958930969,0.13500508666038513,0.9994285106658936,0.5054213404655457,0.5272533297538757,-0.07814165949821472,0.999110996723175,0.4850318431854248,0.5237295031547546,-0.032140348106622696,0.9992161989212036,0.6010386347770691,0.6563149094581604,-0.04965183883905411,0.9996654391288757,0.44126400351524353,0.6363502144813538,0.28537434339523315,0.9996860027313232,0.6451154947280884,0.7632824182510376,-0.03284318372607231,0.930293619632721,0.3199082612991333,0.6829051971435547,0.48271864652633667,0.4844414293766022,0.6103141903877258,0.46457624435424805,0.14859580993652344,0.9616747498512268,0.357864648103714,0.44828394055366516,0.6105629205703735,0.9341734647750854,0.6136721968650818,0.40325698256492615,0.16879825294017792,0.9641761779785156,0.3662395775318146,0.40181952714920044,0.6372328996658325,0.9310922622680664,0.6213768720626831,0.3955574035644531,0.17684157192707062,0.9704412221908569,0.3811953067779541,0.3988652229309082,0.6427070498466492,0.9397457242012024,0.6143714189529419,0.4206811189651489,0.1619686633348465,0.9632861614227295,0.3828152120113373,0.419902503490448,0.6105610132217407,0.9475724697113037,0.5568511486053467,1.1096042394638062,-0.07952803373336792,0.3577432334423065,0.4489858150482178,1.0901567935943604,0.07922206073999405,0.40051209926605225,0.5657799243927002,1.6192158460617065,-0.25216352939605713,0.0004938537604175508,0.445263147354126,1.5587408542633057,-0.10196413844823837,0.0005017495132051408,0.5619590878486633,2.041776418685913,-0.3975502848625183,0.000356844044290483,0.4342699944972992,1.9922997951507568,-0.06232339143753052,0.00014253146946430206,0.5778874158859253,2.105912446975708,-0.4198039472103119,0.0013049920089542866,0.43225154280662537,2.0557518005371094,-0.062868632376194,0.0006662096129730344,0.5087779760360718,2.133812189102173,-0.6028752326965332,0.0007444848888553679,0.43471938371658325,2.1028428077697754,-0.18245431780815125,0.0002274245343869552
0.4870126247406006,0.4895043969154358,-0.08276461064815521,0.9997071027755737,0.5042508840560913,0.4572722613811493,-0.0729486495256424,0.9993479251861572,0.513589084148407,0.45880356431007385,-0.0732017308473587,0.9993590116500854,0.5220436453819275,0.4614369571208954,-0.07311877608299255,0.9994457960128784,0.48909109830856323,0.45651549100875854,-0.03673257306218147,0.9995836615562439,0.4857333302497864,0.45637619495391846,-0.037398796528577805,0.9996573328971863,0.48198071122169495,0.4560435712337494,-0.0376376137137413,0.9997196197509766,0.5470442771911621,0.47769707441329956,-0.012288938276469707,0.9995363354682922,0.49293452501296997,0.4646584689617157,0.15079274773597717,0.9994820356369019,0.5054391026496887,0.5259788632392883,-0.05538654327392578,0.9991937279701233,0.48513180017471313,0.5215415954589844,-0.011842560023069382,0.9992885589599609,0.6030126810073853,0.655365526676178,-0.01692149043083191,0.9996914267539978,0.44134682416915894,0.6388409733772278,0.2956823706626892,0.9997090101242065,0.6449713110923767,0.799601674079895,-0.05287553742527962,0.9329699277877808,0.3177644908428192,0.7103091478347778,0.46369948983192444,0.49799641966819763,0.6097115278244019,0.4986576437950134,0.02457290329039097,0.9631595611572266,0.35499516129493713,0.4819714426994324,0.5720900297164917,0.9341732859611511,0.6143580079078674,0.43898943066596985,0.030444437637925148,0.9648785591125488,0.36377719044685364,0.43746674060821533,0.5951037406921387,0.9290125966072083,0.6203852295875549,0.42687535285949707,0.04303710535168648,0.9707950949668884,0.3798779249191284,0.43281111121177673,0.6008602976799011,0.9376107454299927,0.6120793223381042,0.45347005128860474,0.03700217232108116,0.9634029865264893,0.38076505064964294,0.45264899730682373,0.5720850229263306,0.9454858303070068,0.5557700395584106,1.0964118242263794,-0.07901573926210403,0.35832300782203674,0.44916611909866333,1.0862008333206177,0.07871093600988388,0.4021414518356323,0.5658372640609741,1.6131784915924072,-0.2489899843931198,0.0005797498160973191,0.4423072934150696,1.5559388399124146,-0.10594947636127472,0.0005899069365113974,0.560520589351654,2.029196262359619,-0.3899073600769043,0.000416699331253767,0.4319124221801758,1.9798121452331543,-0.048647452145814896,0.0001661812566453591,0.5768271088600159,2.090775966644287,-0.4108514189720154,0.0014539933763444424,0.43117696046829224,2.0399043560028076,-0.04667094349861145,0.0007381821633316576,0.5049761533737183,2.129805088043213,-0.581375002861023,0.0008388367714360356,0.428206205368042,2.096277952194214,-0.14706753194332123,0.00025816570268943906
0.48747697472572327,0.4889850616455078,-0.09593633562326431,0.9997344613075256,0.5045892000198364,0.4572914242744446,-0.08354339003562927,0.9994106292724609,0.5136994123458862,0.4588441550731659,-0.08388689905405045,0.999420702457428,0.5220745205879211,0.4614086449146271,-0.08383012562990189,0.9994990825653076,0.4896923005580902,0.45655351877212524,-0.04868539422750473,0.9996233582496643,0.4862162470817566,0.4564262926578522,-0.04932471737265587,0.9996896982192993,0.4822646975517273,0.45610547065734863,-0.04957578331232071,0.9997459650039673,0.5468547940254211,0.47769755125045776,-0.026248550042510033,0.9995812773704529,0.4930233359336853,0.4650370180606842,0.13237950205802917,0.9995308518409729,0.5052882432937622,0.525071918964386,-0.07068946212530136,0.9992711544036865,0.48521095514297485,0.52015620470047,-0.028562042862176895,0.9993562698364258,0.6034951210021973,0.6560130715370178,-0.036009903997182846,0.9997172355651855,0.44150155782699585,0.6396770477294922,0.2775576412677765,0.9997318387031555,0.6451165676116943,0.8368829488754272,-0.131225124001503,0.9374328255653381,0.31781914830207825,0.7366042137145996,0.42239633202552795,0.5193221569061279,0.6088465452194214,0.528651237487793,-0.10988154262304306,0.9660091996192932,0.3526074290275574,0.509364128112793,0.46896466612815857,0.9376344680786133,0.6150457262992859,0.47093671560287476,-0.08228421211242676,0.9671958088874817,0.35721299052238464,0.46239960193634033,0.4796013832092285,0.9314939379692078,0.6169338822364807,0.4599713981151581,0.027457958087325096,0.972610592842102,0.37501391768455505,0.45905637741088867,0.47778525948524475,0.9396452307701111,0.6084919571876526,0.48563575744628906,-0.064283087849617,0.9653047919273376,0.37738150358200073,0.4791572690010071,0.46478667855262756,0.946891188621521,0.5535231828689575,1.0991848707199097,-0.08213374018669128,0.3560830056667328,0.44915610551834106,1.088546633720398,0.08182314783334732,0.40118739008903503,0.5649629235267639,1.6155049800872803,-0.24870523810386658,0.0006801504059694707,0.4401944577693939,1.5570988655090332,-0.11670775711536407,0.0007170882890932262,0.5584779977798462,2.028487205505371,-0.3674744963645935,0.0004766598576679826,0.43128934502601624,1.9759875535964966,-0.04285707324743271,0.00018791599723044783,0.5755478143692017,2.0896058082580566,-0.38707834482192993,0.0015827052993699908,0.4311869144439697,2.0359115600585938,-0.03882904723286629,0.0008278750465251505,0.5005679726600647,2.128848075866699,-0.5655113458633423,0.0009273384930565953,0.4210023283958435,2.091146230697632,-0.13482408225536346,0.0002903944696299732
0.48795557022094727,0.48898518085479736,-0.15673303604125977,0.9997580051422119,0.5047868490219116,0.45798391103744507,-0.14897659420967102,0.9994655847549438,0.5138077735900879,0.45923808217048645,-0.14922857284545898,0.9994747042655945,0.522151529788971,0.46143099665641785,-0.14913682639598846,0.999545693397522,0.48976296186447144,0.45728573203086853,-0.11510513722896576,0.999657928943634,0.4863097667694092,0.4570300281047821,-0.11574901640415192,0.999717652797699,0.482442706823349,0.45659229159355164,-0.11596681922674179,0.9997687935829163,0.5468451380729675,0.4777463376522064,-0.07785745710134506,0.9996206760406494,0.4932491183280945,0.46525219082832336,0.07709351927042007,0.999573290348053,0.5052080154418945,0.5236988663673401,-0.12328030914068222,0.9993398785591125,0.48531460762023926,0.5190235376358032,-0.08259672671556473,0.9994160532951355,0.6041879057884216,0.6571105122566223,-0.057740289717912674,0.9997400641441345,0.44171953201293945,0.6417252421379089,0.2511824667453766,0.9997524619102478,0.6468275785446167,0.8719421625137329,-0.22840023040771484,0.9415944218635559,0.31977584958076477,0.769792914390564,0.3676883280277252,0.5371361374855042,0.6074838042259216,0.5588950514793396,-0.39565590023994446,0.9687322974205017,0.350533664226532,0.5435953140258789,0.3729955554008484,0.9417895674705505,0.615565299987793,0.5019266605377197,-0.4284192621707916,0.9695152044296265,0.3515588343143463,0.48970553278923035,0.37320229411125183,0.9353786110877991,0.6167650818824768,0.49030646681785583,-0.4081600308418274,0.9744443297386169,0.3685685098171234,0.4820248484611511,0.36760035157203674,0.9429391026496887,0.6077343821525574,0.5148546695709229,-0.3856845498085022,0.9672430157661438,0.37303271889686584,0.50291508436203,0.36617016792297363,0.9494168162345886,0.5526999235153198,1.099069356918335,-0.08194031566381454,0.3560982346534729,0.44933176040649414,1.0896296501159668,0.08160895854234695,0.4038861393928528,0.563439667224884,1.6162186861038208,-0.21639490127563477,0.000761302828323096,0.439484179019928,1.5570529699325562,-0.11911072582006454,0.0008329703123308718,0.5576151609420776,2.025329351425171,-0.27131837606430054,0.0005276816082186997,0.4313127398490906,1.9720640182495117,-0.03679497539997101,0.00021059847495052963,0.5752817392349243,2.0859105587005615,-0.2848561406135559,0.0016879132017493248,0.432320773601532,2.0333409309387207,-0.03207177296280861,0.000923109648283571,0.4987999498844147,2.1261720657348633,-0.4465569853782654,0.0010102548403665423,0.4182354807853699,2.0822594165802,-0.1306331306695938,0.0003288353618700057
0.4884706139564514,0.48824620246887207,-0.18338772654533386,0.9997760057449341,0.5049384832382202,0.45801225304603577,-0.17672233283519745,0.9995099306106567,0.5138418078422546,0.45922380685806274,-0.17698873579502106,0.9995187520980835,0.522133469581604,0.46110042929649353,-0.17691685259342194,0.9995833039283752,0.4898722171783447,0.457311749458313,-0.14258483052253723,0.9996852278709412,0.4865078330039978,0.45706236362457275,-0.14321821928024292,0.9997395277023315,0.4826993942260742,0.45663079619407654,-0.14345622062683105,0.9997864961624146,0.5467446446418762,0.4770132303237915,-0.10818371921777725,0.9996529817581177,0.49478644132614136,0.4654697775840759,0.048287395387887955,0.9996066689491272,0.5051201581954956,0.5223101377487183,-0.15103492140769958,0.9993982911109924,0.4857221245765686,0.5171863436698914,-0.10987471044063568,0.9994661808013916,0.6060940623283386,0.6618322134017944,-0.08827921748161316,0.9997594356536865,0.4420233368873596,0.6450861692428589,0.22735953330993652,0.9997701644897461,0.6478415131568909,0.8967365622520447,-0.3021564483642578,0.9444177746772766,0.32052794098854065,0.7916319966316223,0.33578890562057495,0.545429527759552,0.6057099103927612,0.5961506962776184,-0.5484497547149658,0.9711796045303345,0.34983503818511963,0.5665144920349121,0.3004925847053528,0.945890486240387,0.6151831746101379,0.5339884161949158,-0.5976329445838928,0.9717522263526917,0.3484306037425995,0.5173171162605286,0.28977304697036743,0.9396693706512451,0.6170414686203003,0.5215984582901001,-0.5839985609054565,0.9762402176856995,0.3653739392757416,0.5060968399047852,0.2756274342536926,0.9466302394866943,0.6081649661064148,0.5462544560432434,-0.5432669520378113,0.969153642654419,0.37128716707229614,0.5262463688850403,0.29026883840560913,0.952398419380188,0.5530056953430176,1.0987260341644287,-0.08090436458587646,0.35934802889823914,0.4503393769264221,1.0907543897628784,0.08055351674556732,0.41037625074386597,0.5635029077529907,1.6171554327011108,-0.20573434233665466,0.0007888735854066908,0.43958622217178345,1.5566740036010742,-0.12361879646778107,0.0008793107699602842,0.5581335425376892,2.016613245010376,-0.25321030616760254,0.0005520807462744415,0.43310290575027466,1.9658421277999878,-0.03667314350605011,0.0002202630421379581,0.5755369663238525,2.0760762691497803,-0.2669968008995056,0.0017455213237553835,0.43572598695755005,2.028132915496826,-0.03167229890823364,0.0009759286767803133,0.49949216842651367,2.1155524253845215,-0.4362528920173645,0.00105413852725178,0.4192275404930115,2.072859287261963,-0.13651151955127716,0.00034704728750512004
0.48853451013565063,0.4863261878490448,-0.17271046340465546,0.9997926950454712,0.5048628449440002,0.4578265845775604,-0.16646096110343933,0.9995512962341309,0.5131855607032776,0.45901763439178467,-0.1667191982269287,0.9995594024658203,0.5212529897689819,0.4607129693031311,-0.1666480302810669,0.9996181130409241,0.49012890458106995,0.45651328563690186,-0.13136319816112518,0.9997111558914185,0.48704099655151367,0.4561145007610321,-0.13200955092906952,0.9997603893280029,0.4835934638977051,0.4555107057094574,-0.13225379586219788,0.9998036026954651,0.5465152859687805,0.4769977927207947,-0.1052306666970253,0.9996830821037292,0.4976626932621002,0.46562936902046204,0.05597039312124252,0.9996392726898193,0.5028038024902344,0.5204430222511292,-0.14314529299736023,0.9994523525238037,0.4857991635799408,0.5153595209121704,-0.10085549205541611,0.9995132088661194,0.6059068441390991,0.6675076484680176,-0.09348063170909882,0.9997752904891968,0.44305387139320374,0.6478006839752197,0.2294410914182663,0.9997864961624146,0.6498693227767944,0.9158278703689575,-0.2767944037914276,0.9466993808746338,0.32729199528694153,0.8061846494674683,0.38666895031929016,0.5535417199134827,0.6052389144897461,0.621460497379303,-0.46929511427879333,0.9727977514266968,0.3505980968475342,0.5924839377403259,0.3988785147666931,0.9493510127067566,0.6136771440505981,0.5675337314605713,-0.509081244468689,0.9730643033981323,0.34834402799606323,0.5412092208862305,0.4010828137397766,0.9431434869766235,0.6173396706581116,0.5550009608268738,-0.4961257874965668,0.9771845936775208,0.3657757639884949,0.5259627103805542,0.38834071159362793,0.9496033191680908,0.6088551878929138,0.5744690299034119,-0.462759792804718,0.9697864055633545,0.3718087077140808,0.5450042486190796,0.3902072608470917,0.9547204375267029,0.5530426502227783,1.1207388639450073,-0.08652988076210022,0.36231738328933716,0.44942736625671387,1.1169174909591675,0.08616690337657928,0.4178161919116974,0.563674807548523,1.61874520778656,-0.2217368334531784,0.0008901425171643496,0.4396120011806488,1.557161569595337,-0.12398450076580048,0.000983231351710856,0.5596868991851807,2.0136280059814453,-0.2822454273700714,0.000611037656199187,0.43576908111572266,1.9643439054489136,-0.03297924995422363,0.0002380628720857203,0.577356219291687,2.0725252628326416,-0.29354044795036316,0.0018666223622858524,0.44003915786743164,2.0262770652770996,-0.027017319574952126,0.0010750865330919623,0.49983811378479004,2.11006760597229,-0.4637024402618408,0.0011410302249714732,0.41966837644577026,2.069924831390381,-0.11813491582870483,0.00037575277383439243
0.48889169096946716,0.48155224323272705,-0.16564765572547913,0.9998086094856262,0.5051023960113525,0.45556753873825073,-0.15821205079555511,0.9995893836021423,0.5132585167884827,0.4569720923900604,-0.15847842395305634,0.9995970726013184,0.5212770700454712,0.4585694968700409,-0.1584102064371109,0.9996504783630371,0.4910782277584076,0.45294731855392456,-0.12334345281124115,0.9997349381446838,0.48814111948013306,0.4526880085468292,-0.12398501485586166,0.9997795820236206,0.48499220609664917,0.45212605595588684,-0.1242222785949707,0.9998192191123962,0.546520471572876,0.47620850801467896,-0.0981740951538086,0.9997106790542603,0.4993884563446045,0.4651767611503601,0.058996666222810745,0.999667763710022,0.5026630163192749,0.516299843788147,-0.13656507432460785,0.9995018243789673,0.486008882522583,0.5106834173202515,-0.0950656607747078,0.9995558261871338,0.6066533327102661,0.6678769588470459,-0.0828372985124588,0.9997916221618652,0.44377055764198303,0.6492518186569214,0.2511785924434662,0.9998008012771606,0.6533584594726562,0.9315403699874878,-0.2672054171562195,0.9488762021064758,0.33267641067504883,0.8210706114768982,0.39970019459724426,0.5569170117378235,0.6047684550285339,0.646801233291626,-0.5069831609725952,0.9743590950965881,0.34961944818496704,0.6108705997467041,0.3736661374568939,0.9517166614532471,0.613376796245575,0.592525839805603,-0.556365430355072,0.9743488430976868,0.3463783264160156,0.5576042532920837,0.37022674083709717,0.9454849362373352,0.6175147891044617,0.5748655796051025,-0.543357789516449,0.9781447649002075,0.36477822065353394,0.5398322939872742,0.35647767782211304,0.9515637755393982,0.6091237664222717,0.5952008366584778,-0.5016465187072754,0.9704928994178772,0.3714388906955719,0.5578033924102783,0.3636116683483124,0.9560942053794861,0.5552191734313965,1.109156847000122,-0.09109745919704437,0.36919236183166504,0.4535190165042877,1.108354926109314,0.09071920812129974,0.4252079725265503,0.569185733795166,1.6184712648391724,-0.27998894453048706,0.0010294851381331682,0.4404929280281067,1.55709707736969,-0.09778747707605362,0.0010362841421738267,0.5662578344345093,2.0037333965301514,-0.3824597895145416,0.0006726260762661695,0.44113168120384216,1.9542173147201538,0.04051343351602554,0.00024385661527048796,0.5835361480712891,2.062370538711548,-0.4005749821662903,0.002020821440964937,0.4459246098995209,2.013986825942993,0.05074135214090347,0.0011213363613933325,0.5113976001739502,2.0956952571868896,-0.5828896164894104,0.0012315090280026197,0.42273059487342834,2.059211492538452,-0.04267926141619682,0.0003829460183624178
0.4895378649234772,0.477821946144104,-0.11303577572107315,0.9998235702514648,0.5054422616958618,0.4537971019744873,-0.10165371745824814,0.9996246695518494,0.5134502053260803,0.45536109805107117,-0.1019233912229538,0.9996317625045776,0.5213268399238586,0.45696499943733215,-0.10188853740692139,0.9996806979179382,0.49142250418663025,0.45083269476890564,-0.06662872433662415,0.9997566342353821,0.48833832144737244,0.45087912678718567,-0.06725269556045532,0.9997968077659607,0.48507753014564514,0.4506062865257263,-0.0675014927983284,0.9998331069946289,0.5464478731155396,0.47518104314804077,-0.02302592433989048,0.9997361302375793,0.49939483404159546,0.4651426076889038,0.13823339343070984,0.9996917247772217,0.5027121305465698,0.5122180581092834,-0.07797466963529587,0.9995465874671936,0.48623013496398926,0.5072116255760193,-0.03564458340406418,0.9995934963226318,0.6071092486381531,0.6665506362915039,-0.020401835441589355,0.9998059272766113,0.444286048412323,0.6500037908554077,0.3185436427593231,0.9998089671134949,0.6550723910331726,0.9375861883163452,-0.22105255722999573,0.951422929763794,0.3374749422073364,0.8279792666435242,0.46742725372314453,0.5616409182548523,0.6047006845474243,0.6604249477386475,-0.4655591547489166,0.9759227633476257,0.34885919094085693,0.6244614720344543,0.4242561459541321,0.9523215293884277,0.6123957633972168,0.6111118793487549,-0.5154778361320496,0.9755145311355591,0.34466272592544556,0.5715513825416565,0.41994720697402954,0.9455385208129883,0.6175827980041504,0.5882382988929749,-0.5025731325149536,0.9789789319038391,0.36317500472068787,0.5509209632873535,0.4023803174495697,0.9514043927192688,0.6097854375839233,0.6077778339385986,-0.4601805806159973,0.9710772633552551,0.370951771736145,0.5673335790634155,0.4123428463935852,0.9553208947181702,0.5574142336845398,1.0928064584732056,-0.09292022138834,0.3917425870895386,0.4566819667816162,1.0920307636260986,0.09255611896514893,0.44568750262260437,0.573509156703949,1.6036173105239868,-0.3019583821296692,0.0013688082108274102,0.4404424726963043,1.545933723449707,-0.1268957555294037,0.0012496296549215913,0.5680046081542969,1.9724202156066895,-0.4149722456932068,0.0007259937701746821,0.4424084722995758,1.926209568977356,0.027281468734145164,0.00025294788065366447,0.5840330719947815,2.0288984775543213,-0.4338294565677643,0.002119689015671611,0.44793662428855896,1.9814105033874512,0.024365004152059555,0.0011698297457769513,0.5158820152282715,2.062711715698242,-0.6080713868141174,0.0012992712436243892,0.4231705069541931,2.0338711738586426,-0.09477540105581284,0.00039230933180078864
0.4895866811275482,0.4760022461414337,-0.11750169843435287,0.9998385310173035,0.5055032968521118,0.4526989459991455,-0.10598091781139374,0.9996586441993713,0.5134453177452087,0.4543021619319916,-0.10624829679727554,0.9996652007102966,0.5212935209274292,0.45588192343711853,-0.10620437562465668,0.9997096061706543,0.4914800524711609,0.44949600100517273,-0.07104860991239548,0.9997779726982117,0.4883970618247986,0.44953927397727966,-0.07166783511638641,0.9998142123222351,0.4851321578025818,0.4492672085762024,-0.07190612703561783,0.9998471736907959,0.5461732745170593,0.47469833493232727,-0.026917025446891785,0.9997603297233582,0.4993787705898285,0.46498721837997437,0.13388226926326752,0.9997169375419617,0.5024226903915405,0.5103873610496521,-0.08259323239326477,0.9995886087417603,0.48624569177627563,0.505544126033783,-0.04029097408056259,0.9996297955513,0.6071373820304871,0.6664987206459045,-0.021186549216508865,0.9998205304145813,0.4445262551307678,0.6514492630958557,0.306490957736969,0.9998197555541992,0.6564890146255493,0.9379851222038269,-0.22200839221477509,0.9539378881454468,0.33983761072158813,0.8279265761375427,0.44569844007492065,0.5674719214439392,0.6048157215118408,0.6649190187454224,-0.49018892645835876,0.9775596261024475,0.349253386259079,0.6245437264442444,0.40238529443740845,0.9537513852119446,0.6122865676879883,0.6194339990615845,-0.5428940653800964,0.9769372344017029,0.3453364670276642,0.5706174969673157,0.39711183309555054,0.9467539191246033,0.6176730990409851,0.5943951606750488,-0.528974711894989,0.9801018834114075,0.36399275064468384,0.5512586236000061,0.3821689784526825,0.9523316025733948,0.6098788976669312,0.6130422353744507,-0.48485225439071655,0.9722276926040649,0.37137240171432495,0.5675545334815979,0.3915085792541504,0.9557837247848511,0.5589243769645691,1.0868687629699707,-0.09206832200288773,0.40916451811790466,0.4584902822971344,1.0850622653961182,0.0916978120803833,0.4611473083496094,0.5770844221115112,1.5949386358261108,-0.3025861382484436,0.001646468066610396,0.4405166506767273,1.540947675704956,-0.12630251049995422,0.0014178685378283262,0.5704488158226013,1.9616020917892456,-0.4160335958003998,0.0008020727545954287,0.44381386041641235,1.9192116260528564,0.007267300970852375,0.0002666819782461971,0.585658848285675,2.0179569721221924,-0.4352574348449707,0.0022863082122057676,0.44917720556259155,1.9738247394561768,0.013292087242007256,0.0012326589785516262,0.5204700231552124,2.054044485092163,-0.6156929135322571,0.0014105832669883966,0.42579999566078186,2.029175281524658,-0.08655758202075958,0.0004082313389517367
0.489632785320282,0.47512945532798767,-0.12446625530719757,0.999850332736969,0.5054478645324707,0.45187580585479736,-0.11766967922449112,0.9996867775917053,0.5133001804351807,0.4534488618373871,-0.11793921887874603,0.9996930360794067,0.5211744904518127,0.45486539602279663,-0.11789475381374359,0.9997336864471436,0.4915092885494232,0.448414146900177,-0.07961514592170715,0.9997953772544861,0.4885134696960449,0.44835230708122253,-0.08023250848054886,0.9998282194137573,0.4853516221046448,0.44795387983322144,-0.08047480881214142,0.9998584985733032,0.546146810054779,0.47393685579299927,-0.051685530692338943,0.9997808933258057,0.4996342658996582,0.46452072262763977,0.12738415598869324,0.9997376203536987,0.5021517276763916,0.5096094608306885,-0.09276673197746277,0.9996247887611389,0.4863576292991638,0.504972517490387,-0.04573902487754822,0.9996605515480042,0.6073147058486938,0.6671823263168335,-0.039888449013233185,0.9998317360877991,0.44632095098495483,0.6518781185150146,0.2863619029521942,0.9998276829719543,0.6582710146903992,0.9346616268157959,-0.25638410449028015,0.9559990167617798,0.3410744369029999,0.8231692910194397,0.42798924446105957,0.5667543411254883,0.6048086285591125,0.6656190156936646,-0.5174893736839294,0.978888750076294,0.3493660092353821,0.6186857223510742,0.3932458162307739,0.9549314379692078,0.6110212802886963,0.6175866723060608,-0.5686138272285461,0.9780822992324829,0.34550654888153076,0.565288782119751,0.3890177011489868,0.9479091763496399,0.6176462769508362,0.5940656661987305,-0.554095447063446,0.9809821844100952,0.3640182316303253,0.5458933711051941,0.37363529205322266,0.9532381296157837,0.6100322008132935,0.6135808825492859,-0.5115252733230591,0.9730114340782166,0.37155261635780334,0.5624784827232361,0.38222163915634155,0.9562662839889526,0.5596965551376343,1.087227702140808,-0.0930245965719223,0.418049693107605,0.45976191759109497,1.0838292837142944,0.09266967326402664,0.4696751534938812,0.5764025449752808,1.5959134101867676,-0.28684037923812866,0.0017661162419244647,0.4406893849372864,1.54105806350708,-0.12957759201526642,0.0014851570595055819,0.5698099136352539,1.9688252210617065,-0.39306730031967163,0.0008436667849309742,0.4438125491142273,1.9244372844696045,-0.006040339823812246,0.0002690890396479517,0.5850526094436646,2.0270743370056152,-0.411799818277359,0.00240511866286397,0.44886475801467896,1.9806182384490967,0.00022302279830910265,0.0012653276789933443,0.5198990106582642,2.0587899684906006,-0.5901288986206055,0.0014793393202126026,0.4258299469947815,2.032210350036621,-0.09741164743900299,0.00041327072540298104
0.48973044753074646,0.47531750798225403,-0.13331757485866547,0.9998586177825928,0.505462646484375,0.45182526111602783,-0.12485315650701523,0.9997088313102722,0.5132955312728882,0.4533052146434784,-0.12511000037193298,0.9997145533561707,0.5211828947067261,0.45457029342651367,-0.12505421042442322,0.999752402305603,0.49156445264816284,0.44845572113990784,-0.08893056958913803,0.999808669090271,0.48854929208755493,0.44839003682136536,-0.08954893052577972,0.9998383522033691,0.4853701591491699,0.4479820728302002,-0.08981047570705414,0.9998668432235718,0.5460809469223022,0.47311052680015564,-0.053716570138931274,0.9997969269752502,0.49964842200279236,0.46446943283081055,0.11573964357376099,0.9997527003288269,0.5021861791610718,0.5098171234130859,-0.09970469772815704,0.9996545314788818,0.48669615387916565,0.505194902420044,-0.05569872260093689,0.9996853470802307,0.6073400378227234,0.668812096118927,-0.04457050561904907,0.999840259552002,0.4463374614715576,0.6515276432037354,0.2781243622303009,0.9998342990875244,0.6587343811988831,0.921126127243042,-0.2508716285228729,0.9565024971961975,0.3409739136695862,0.8166971802711487,0.4268221855163574,0.5668631196022034,0.6047233939170837,0.6474259495735168,-0.4742417335510254,0.9795147180557251,0.3496732711791992,0.6083804965019226,0.4215552806854248,0.9555802345275879,0.6111964583396912,0.5934333801269531,-0.5196501612663269,0.9783346056938171,0.34590238332748413,0.5561000108718872,0.42104482650756836,0.9480435848236084,0.61858731508255,0.5745724439620972,-0.5069001913070679,0.9810240268707275,0.3644251525402069,0.538902759552002,0.4064866900444031,0.9531981348991394,0.611143946647644,0.5946527719497681,-0.46854156255722046,0.9725067615509033,0.3717510998249054,0.5565848350524902,0.4117325246334076,0.9557778835296631,0.5597371459007263,1.0874581336975098,-0.0928790271282196,0.4216775894165039,0.459414005279541,1.0825200080871582,0.09249424934387207,0.4743441045284271,0.5761076807975769,1.59613835811615,-0.2652951776981354,0.0017555447993800044,0.4407661557197571,1.5401241779327393,-0.1350747048854828,0.0015062318416312337,0.569221019744873,1.9720579385757446,-0.35080912709236145,0.0008343434310518205,0.44306403398513794,1.9271252155303955,-0.033830903470516205,0.0002696276060305536,0.5843096971511841,2.030489683151245,-0.36711403727531433,0.002374012256041169,0.4480702877044678,1.984334945678711,-0.028440937399864197,0.0012650147546082735,0.5190619230270386,2.062542200088501,-0.5380337238311768,0.0014562905998900533,0.4251667559146881,2.033790349960327,-0.12802544236183167,0.00041264385799877346
0.4903894364833832,0.47574692964553833,-0.18946993350982666,0.9998680353164673,0.5056303143501282,0.45185500383377075,-0.1798829436302185,0.9997305870056152,0.5136457681655884,0.45323479175567627,-0.18015989661216736,0.9997361898422241,0.5215469002723694,0.45430809259414673,-0.1800803244113922,0.9997706413269043,0.4916122555732727,0.4486643075942993,-0.14486391842365265,0.999822199344635,0.48859506845474243,0.44869154691696167,-0.14546070992946625,0.9998494386672974,0.4854130744934082,0.44835492968559265,-0.1456906795501709,0.9998756647109985,0.5462165474891663,0.47243136167526245,-0.09905729442834854,0.9998123645782471,0.4997456967830658,0.46448928117752075,0.06260091066360474,0.9997691512107849,0.5037543177604675,0.510340690612793,-0.15300527215003967,0.9996817708015442,0.4875534474849701,0.5057188272476196,-0.11051590740680695,0.9997086524963379,0.6077483296394348,0.6687433123588562,-0.08204092085361481,0.9998477101325989,0.4467895030975342,0.650823712348938,0.23221483826637268,0.9998415112495422,0.6594564318656921,0.9077540636062622,-0.30587396025657654,0.9572803378105164,0.3407007157802582,0.8061869144439697,0.3208012878894806,0.5666864514350891,0.6047996282577515,0.6298872232437134,-0.5608917474746704,0.9806588292121887,0.34986457228660583,0.5957016944885254,0.2449895590543747,0.9577963352203369,0.6124310493469238,0.5761743187904358,-0.6134449243545532,0.979432225227356,0.3463289737701416,0.5431439280509949,0.2305363416671753,0.9506173729896545,0.6188896894454956,0.5575618147850037,-0.5985236167907715,0.9819280505180359,0.364507257938385,0.5275508165359497,0.22097048163414001,0.9554612636566162,0.6113579273223877,0.5781804323196411,-0.5554714202880859,0.973477303981781,0.371835321187973,0.5457358360290527,0.2348499745130539,0.9577325582504272,0.5611318349838257,1.1148744821548462,-0.09268717467784882,0.41511771082878113,0.4595438539981842,1.0830929279327393,0.09229490906000137,0.4694083034992218,0.5757946968078613,1.5968793630599976,-0.24185606837272644,0.001674953498877585,0.4410209655761719,1.5403634309768677,-0.13432864844799042,0.0014556626556441188,0.5699138641357422,1.9738408327102661,-0.30532321333885193,0.0008172501111403108,0.44288206100463867,1.9294596910476685,-0.02873345836997032,0.00026627499028109014,0.5856591463088989,2.031632900238037,-0.32086530327796936,0.002347785048186779,0.4476705491542816,1.9860680103302002,-0.022952217608690262,0.0012602281058207154,0.5199666023254395,2.0629022121429443,-0.5001785159111023,0.0014452371979132295,0.42520374059677124,2.035956382751465,-0.1277952641248703,0.0004117613716516644
0.49180442094802856,0.47583961486816406,-0.1874590367078781,0.9998776316642761,0.5070235133171082,0.45152783393859863,-0.17856737971305847,0.9997523427009583,0.5150080919265747,0.4528302550315857,-0.1788770705461502,0.999757707118988,0.5231718420982361,0.453996479511261,-0.1787993311882019,0.9997892379760742,0.49251604080200195,0.44867143034935,-0.14080044627189636,0.999835729598999,0.4895695745944977,0.44871070981025696,-0.14133824408054352,0.9998603463172913,0.48625221848487854,0.4483496844768524,-0.14154015481472015,0.9998843669891357,0.5470141768455505,0.4723726809024811,-0.09183542430400848,0.999828040599823,0.4999730587005615,0.4636753797531128,0.07599078118801117,0.9997849464416504,0.5058836340904236,0.5104902386665344,-0.15162165462970734,0.9997073411941528,0.4887324273586273,0.5057847499847412,-0.10616143047809601,0.9997302889823914,0.6077393293380737,0.6667019128799438,-0.08182552456855774,0.9998555779457092,0.4468623101711273,0.6495530605316162,0.2507942020893097,0.9998451471328735,0.6596373319625854,0.8979175090789795,-0.27532699704170227,0.9587392210960388,0.33612897992134094,0.7890597581863403,0.33667904138565063,0.5671531558036804,0.605616569519043,0.5996444821357727,-0.4237407147884369,0.9816575646400452,0.3506088852882385,0.5690942406654358,0.31618648767471313,0.9573348760604858,0.6160788536071777,0.5389041900634766,-0.4590418338775635,0.9801433682441711,0.34746402502059937,0.5156384706497192,0.31819766759872437,0.949211597442627,0.6183654069900513,0.5303832292556763,-0.4384383261203766,0.9824350476264954,0.3654479384422302,0.5126979947090149,0.31917232275009155,0.9539386034011841,0.609265923500061,0.5559585094451904,-0.41319918632507324,0.9738913774490356,0.37218132615089417,0.5319358706474304,0.3122512400150299,0.9562668800354004,0.560387909412384,1.1035312414169312,-0.09190191328525543,0.4220835268497467,0.45947495102882385,1.0819896459579468,0.0915210172533989,0.4747602343559265,0.5756633877754211,1.5898557901382446,-0.24615316092967987,0.001654421677812934,0.4410305917263031,1.5318058729171753,-0.13268108665943146,0.001453010132536292,0.5697112083435059,1.9724795818328857,-0.3125268518924713,0.0008103378349915147,0.44250616431236267,1.9230238199234009,-0.019595537334680557,0.00026621692813932896,0.585514485836029,2.0309739112854004,-0.3297848105430603,0.0023126325104385614,0.44718271493911743,1.9802578687667847,-0.01250919234007597,0.0012625294039025903,0.5195739269256592,2.065293788909912,-0.5084210634231567,0.001435372862033546,0.42494601011276245,2.0310537815093994,-0.11572231352329254,0.0004124534607399255
0.49268823862075806,0.4758979380130768,-0.1199779286980629,0.9998882412910461,0.5072782635688782,0.45151060819625854,-0.11237473785877228,0.999774694442749,0.5151274800300598,0.45274773240089417,-0.1126781553030014,0.9997798800468445,0.5232005715370178,0.4539090394973755,-0.11261407285928726,0.9998082518577576,0.49299564957618713,0.44875437021255493,-0.07611691206693649,0.999850332736969,0.49007144570350647,0.44884973764419556,-0.07673399150371552,0.9998727440834045,0.48664069175720215,0.44852739572525024,-0.0769408643245697,0.9998943209648132,0.5468000173568726,0.4721671938896179,-0.053823668509721756,0.9998442530632019,0.4998546242713928,0.4636504650115967,0.1097237840294838,0.9998042583465576,0.5066721439361572,0.5106158256530762,-0.09275861084461212,0.9997335076332092,0.48953428864479065,0.5059439539909363,-0.04914126545190811,0.9997540712356567,0.607382595539093,0.6626738905906677,-0.04395141452550888,0.9998652935028076,0.4467722475528717,0.648125171661377,0.2741287648677826,0.9998540878295898,0.6606574058532715,0.8494859337806702,-0.03759045898914337,0.9598579406738281,0.3293442130088806,0.7495642900466919,0.4529874324798584,0.575658917427063,0.6059387922286987,0.5527971386909485,0.09573139250278473,0.9819924831390381,0.3520759046077728,0.5247069597244263,0.5734238028526306,0.9572972059249878,0.6160976886749268,0.4950903654098511,0.11106524616479874,0.9801851511001587,0.3523466885089874,0.47996804118156433,0.6004679203033447,0.94850754737854,0.6166057586669922,0.4868810474872589,0.12576742470264435,0.9824062585830688,0.3701910376548767,0.48077887296676636,0.6080344915390015,0.9532837271690369,0.6071975231170654,0.5130871534347534,0.11144822835922241,0.9739599227905273,0.37488049268722534,0.5005910992622375,0.575177788734436,0.9559755921363831,0.5579956769943237,1.0958855152130127,-0.09146316349506378,0.41564279794692993,0.4582390785217285,1.0797080993652344,0.09112432599067688,0.4663776159286499,0.5754205584526062,1.5908585786819458,-0.24666550755500793,0.0017118786927312613,0.44105833768844604,1.5325967073440552,-0.04495004937052727,0.0014410143485292792,0.5695202350616455,1.9779586791992188,-0.34916436672210693,0.0008785591344349086,0.4394959509372711,1.9242799282073975,0.0895611122250557,0.00027931577642448246,0.5853676199913025,2.038318634033203,-0.36733075976371765,0.002522330963984132,0.44201263785362244,1.9808154106140137,0.09905628114938736,0.0012893324019387364,0.519556999206543,2.0729753971099854,-0.5336716175079346,0.0015684781828895211,0.42496123909950256,2.034240484237671,0.008513424545526505,0.00042666823719628155
0.49278736114501953,0.4718802869319916,-0.08859027177095413,0.9998984336853027,0.5074657797813416,0.4461604654788971,-0.07389242947101593,0.9997956156730652,0.5153995156288147,0.4478394091129303,-0.07417961210012436,0.999800443649292,0.5234702229499817,0.4496028423309326,-0.07411614060401917,0.9998258948326111,0.4930211007595062,0.4455626606941223,-0.04006871208548546,0.9998641014099121,0.4901111125946045,0.44612956047058105,-0.04071167856454849,0.9998844265937805,0.48657622933387756,0.44633394479751587,-0.04096221923828125,0.9999037981033325,0.5473063588142395,0.46584081649780273,0.0005257484735921025,0.9998589754104614,0.4986618459224701,0.460857093334198,0.152816504240036,0.9998220801353455,0.5074917674064636,0.5083484053611755,-0.056802719831466675,0.9997566342353821,0.4896015226840973,0.5045003294944763,-0.016477396711707115,0.9997751712799072,0.6070616245269775,0.6548018455505371,0.007209459785372019,0.9998713135719299,0.4467676281929016,0.6438032984733582,0.29722994565963745,0.9998605847358704,0.6604921817779541,0.8005852699279785,0.013615967705845833,0.9603500366210938,0.3290116488933563,0.7118651270866394,0.4745290279388428,0.5886685252189636,0.6074603796005249,0.5091874003410339,0.1482277810573578,0.9813401699066162,0.35259872674942017,0.4934186339378357,0.5969130992889404,0.9566948413848877,0.616350531578064,0.45208269357681274,0.16662117838859558,0.978947639465332,0.35321685671806335,0.4464208781719208,0.6230838298797607,0.9466315507888794,0.6168280839920044,0.4434550106525421,0.1783023625612259,0.9811994433403015,0.3710525333881378,0.44181564450263977,0.6298878192901611,0.9514475464820862,0.6077314615249634,0.46743541955947876,0.16201551258563995,0.9726859927177429,0.3754914700984955,0.4638778269290924,0.5978931784629822,0.9547203183174133,0.5579972267150879,1.0751248598098755,-0.0837290808558464,0.43233543634414673,0.45817461609840393,1.068437099456787,0.08344219624996185,0.4834010899066925,0.575232744216919,1.5615538358688354,-0.2566102147102356,0.0019327353220432997,0.4417867660522461,1.5068631172180176,-0.07548680901527405,0.001570010557770729,0.5727291107177734,1.9603029489517212,-0.43453502655029297,0.0009692788007669151,0.4392118453979492,1.905574083328247,0.0506720244884491,0.00030115677509456873,0.5881255865097046,2.022780179977417,-0.459300696849823,0.0027439468540251255,0.4411049783229828,1.961209774017334,0.048322372138500214,0.0013308821944519877,0.5292952060699463,2.054847240447998,-0.6304841041564941,0.0017339804908260703,0.4286430776119232,2.018294095993042,-0.034676097333431244,0.0004496171313803643
0.4928077161312103,0.47050949931144714,-0.09230498969554901,0.9999072551727295,0.5076276063919067,0.44268912076950073,-0.07883194833993912,0.9998136162757874,0.5157335996627808,0.4446524381637573,-0.07914608716964722,0.9998183250427246,0.5238866806030273,0.4468424916267395,-0.07910776883363724,0.9998410940170288,0.4930654466152191,0.4429442882537842,-0.043179094791412354,0.9998759627342224,0.4901435375213623,0.4433687925338745,-0.04383096471428871,0.9998946189880371,0.48658066987991333,0.44334471225738525,-0.04407662898302078,0.9999118447303772,0.5482519268989563,0.46241840720176697,-0.011529965326189995,0.9998719096183777,0.4983745217323303,0.4552658200263977,0.14915600419044495,0.9998374581336975,0.5082875490188599,0.5076781511306763,-0.06324347108602524,0.9997755289077759,0.48966556787490845,0.5040534138679504,-0.020481355488300323,0.9997924566268921,0.606270432472229,0.651107668876648,-0.006852352526038885,0.9998753070831299,0.44677457213401794,0.6373984813690186,0.2921135425567627,0.9998639225959778,0.6608728170394897,0.7563546895980835,0.030839312821626663,0.9601305723190308,0.3286520838737488,0.6824356317520142,0.44723907113075256,0.5895697474479675,0.6124283671379089,0.46335259079933167,0.2275126725435257,0.9805017709732056,0.35544824600219727,0.44894328713417053,0.5353154540061951,0.9542325139045715,0.6173493266105652,0.4075191020965576,0.25340431928634644,0.9780223369598389,0.35789820551872253,0.39994481205940247,0.5577477812767029,0.943798840045929,0.6212022304534912,0.3995090126991272,0.2618770897388458,0.980381190776825,0.3748439848423004,0.3965555429458618,0.5657137036323547,0.9487980008125305,0.613402783870697,0.4221838712692261,0.24119314551353455,0.9720478653907776,0.37825706601142883,0.41685134172439575,0.5356895923614502,0.9531270265579224,0.5576788187026978,1.072677493095398,-0.08373750001192093,0.44638875126838684,0.45807233452796936,1.0681428909301758,0.08344773948192596,0.4946857690811157,0.5749958753585815,1.5613058805465698,-0.32428449392318726,0.00207217107526958,0.44462674856185913,1.5094784498214722,-0.07517314702272415,0.0015179134206846356,0.5759885907173157,1.9632488489151,-0.5838640928268433,0.0010748293716460466,0.439431756734848,1.909157633781433,0.03432204946875572,0.00029767188243567944,0.5923753976821899,2.0258145332336426,-0.6176092028617859,0.003159652231261134,0.4411046504974365,1.9658615589141846,0.04351481795310974,0.0013175687054172158,0.5361309051513672,2.051917552947998,-0.808994472026825,0.0020013165194541216,0.43099504709243774,2.0184593200683594,-0.04689690098166466,0.00044561055256053805
0.4928514063358307,0.4700804352760315,-0.07147949934005737,0.9999128580093384,0.5078964829444885,0.44132763147354126,-0.05416405200958252,0.9998255968093872,0.5161114931106567,0.4432007670402527,-0.05447797849774361,0.9998305439949036,0.5240997076034546,0.4453660845756531,-0.05444542318582535,0.9998512864112854,0.49309152364730835,0.4420178234577179,-0.022569378837943077,0.9998834133148193,0.49016737937927246,0.4424583315849304,-0.023208405822515488,0.9999008178710938,0.4865950644016266,0.44242063164711,-0.023488005623221397,0.9999161958694458,0.5484104156494141,0.459825724363327,0.018870551139116287,0.9998813271522522,0.49816688895225525,0.453171044588089,0.161165252327919,0.9998458623886108,0.5086124539375305,0.5073918104171753,-0.041104670614004135,0.9997822046279907,0.48967719078063965,0.5039129257202148,-0.003642056602984667,0.9997977018356323,0.6050633192062378,0.6478826403617859,0.02238388918340206,0.999872624874115,0.44658857583999634,0.6330321431159973,0.28717532753944397,0.9998572468757629,0.6625816226005554,0.7121967077255249,0.04004215449094772,0.958358645439148,0.32872825860977173,0.6475949883460999,0.4353026747703552,0.5813705921173096,0.6129442453384399,0.42177248001098633,0.2061588019132614,0.9785798788070679,0.35916388034820557,0.4114856421947479,0.5457900762557983,0.9468585848808289,0.617334246635437,0.3665996491909027,0.22942683100700378,0.9754157066345215,0.36448824405670166,0.3614005744457245,0.5695203542709351,0.9341545104980469,0.6213313341140747,0.3546038269996643,0.24085116386413574,0.9779900908470154,0.378801167011261,0.35938161611557007,0.5812692642211914,0.9396002888679504,0.6135586500167847,0.37941423058509827,0.2196556031703949,0.9694576263427734,0.3815627694129944,0.38067826628685,0.5481830835342407,0.9460174441337585,0.5568097829818726,1.0705546140670776,-0.0709492564201355,0.4658288359642029,0.4566066861152649,1.067677617073059,0.07065532356500626,0.5101979374885559,0.5739903450012207,1.5570956468582153,-0.3019173741340637,0.0020088672172278166,0.44514089822769165,1.5125398635864258,-0.12339146435260773,0.0014562191208824515,0.5751039385795593,1.9640287160873413,-0.5244559049606323,0.0010545955738052726,0.4394611418247223,1.9106194972991943,-0.07226180285215378,0.00028712701168842614,0.5902117490768433,2.027099609375,-0.5552494525909424,0.0031265539582818747,0.4408152997493744,1.9656397104263306,-0.07165350019931793,0.0012686423724517226,0.5338888168334961,2.0545976161956787,-0.7422522306442261,0.0019690310582518578,0.4350067675113678,2.020658254623413,-0.17899075150489807,0.0004280736611690372
0.4933619499206543,0.4687143862247467,-0.08714862912893295,0.9999122619628906,0.5087612271308899,0.44004958868026733,-0.07151948660612106,0.9998220801353455,0.5170146822929382,0.4420798420906067,-0.07180723547935486,0.9998278617858887,0.524830162525177,0.4442915618419647,-0.07176149636507034,0.9998486042022705,0.49352407455444336,0.4408274292945862,-0.03959302231669426,0.9998809099197388,0.4905163645744324,0.4416150450706482,-0.04023030027747154,0.999898374080658,0.48694735765457153,0.44190868735313416,-0.04049244150519371,0.99991375207901,0.5484340190887451,0.45930734276771545,0.007282102946192026,0.9998809695243835,0.49812597036361694,0.4530596137046814,0.15963062644004822,0.9998424649238586,0.5093287229537964,0.5065754652023315,-0.055506229400634766,0.9997742176055908,0.4897071421146393,0.5030710697174072,-0.016422701999545097,0.999791145324707,0.6043740510940552,0.6475790143013,0.008308425545692444,0.9998650550842285,0.44592007994651794,0.6297693848609924,0.24374453723430634,0.9998507499694824,0.6646314263343811,0.6584582328796387,-0.040652573108673096,0.9576992988586426,0.32887452840805054,0.6028560400009155,0.3510898947715759,0.5860136151313782,0.6164373159408569,0.37980347871780396,-0.004727196879684925,0.9779090285301208,0.3654736280441284,0.3717726767063141,0.4333643317222595,0.9471526145935059,0.6181921362876892,0.31905773282051086,-0.007718028035014868,0.9742868542671204,0.370768666267395,0.32100585103034973,0.44167494773864746,0.9339087009429932,0.6209911108016968,0.3078773319721222,0.005504083354026079,0.9769955277442932,0.38429373502731323,0.322184681892395,0.4517037272453308,0.9393472671508789,0.6136417388916016,0.3357052206993103,0.006133804563432932,0.96844482421875,0.3862178921699524,0.34342220425605774,0.43372225761413574,0.946051299571991,0.5568946003913879,1.0990290641784668,-0.05759314447641373,0.4617820084095001,0.45626091957092285,1.0680509805679321,0.05729562044143677,0.5072643756866455,0.5738478899002075,1.5584206581115723,-0.21168303489685059,0.0018492770614102483,0.4471171498298645,1.5216410160064697,-0.14060208201408386,0.0013657176168635488,0.5741250514984131,1.9662014245986938,-0.315258264541626,0.0009814915247261524,0.43959110975265503,1.9269946813583374,-0.05933143571019173,0.00027211912674829364,0.5886536836624146,2.0292775630950928,-0.3339982330799103,0.002931616036221385,0.44047123193740845,1.9801430702209473,-0.05581321194767952,0.0011964834993705153,0.5331049561500549,2.0614123344421387,-0.5162389874458313,0.001837299787439406,0.44068074226379395,2.039262294769287,-0.17457672953605652,0.0004048367845825851
0.49330753087997437,0.4688799977302551,-0.0893789753317833,0.9999034404754639,0.5087078213691711,0.4403611123561859,-0.07755211740732193,0.9998036623001099,0.5168876647949219,0.442274272441864,-0.07786636054515839,0.9998092651367188,0.5245296955108643,0.44450241327285767,-0.0778263658285141,0.9998350143432617,0.4935232996940613,0.4415629804134369,-0.04244845360517502,0.9998665452003479,0.49049949645996094,0.4426659047603607,-0.04319358617067337,0.9998834729194641,0.48688262701034546,0.4435909688472748,-0.04356543719768524,0.9999023675918579,0.5479864478111267,0.4596637189388275,-0.0034998026676476,0.9998682141304016,0.4978691637516022,0.4541197419166565,0.1557963788509369,0.9998189806938171,0.5093237161636353,0.5066385269165039,-0.05836721509695053,0.9997572302818298,0.4894925057888031,0.5034520626068115,-0.01963423192501068,0.9997730255126953,0.6036890149116516,0.6479772925376892,-0.024034973233938217,0.9998564124107361,0.44558343291282654,0.629547655582428,0.23009617626667023,0.9998395442962646,0.6646260023117065,0.6117579340934753,-0.2418392151594162,0.9568760395050049,0.3289150595664978,0.5755680799484253,0.31397542357444763,0.5859659910202026,0.6175439357757568,0.3414403796195984,-0.4200635552406311,0.9780993461608887,0.3661133050918579,0.34250566363334656,0.3219061493873596,0.9475818276405334,0.6216726303100586,0.2730253338813782,-0.470498263835907,0.974530041217804,0.3710920810699463,0.29185545444488525,0.31020587682724,0.93443763256073,0.6216928362846375,0.2679167687892914,-0.45309120416641235,0.9772516489028931,0.384921669960022,0.2936267852783203,0.3049398958683014,0.9399941563606262,0.6145297288894653,0.29439857602119446,-0.41505783796310425,0.9686020612716675,0.3867470622062683,0.31553786993026733,0.31340673565864563,0.946548581123352,0.556610643863678,1.09035325050354,-0.0590047724545002,0.45174363255500793,0.4544738233089447,1.068324327468872,0.05865872651338577,0.4982975721359253,0.5726280808448792,1.5560860633850098,-0.20243775844573975,0.0016790033550933003,0.44748133420944214,1.5264045000076294,-0.21473868191242218,0.0012739778030663729,0.5699620246887207,1.9673900604248047,-0.2830520272254944,0.0008995662210509181,0.44004884362220764,1.9364069700241089,-0.15595829486846924,0.000256199185969308,0.5843223333358765,2.0303492546081543,-0.30103105306625366,0.0027064892929047346,0.4405243992805481,1.9883586168289185,-0.15513718128204346,0.001129225129261613,0.5261717438697815,2.0631120204925537,-0.5021296143531799,0.001692138146609068,0.44489750266075134,2.0542383193969727,-0.30349916219711304,0.00038289782241918147
0.49425220489501953,0.4698621928691864,-0.09322058409452438,0.9998769760131836,0.5096213817596436,0.44204193353652954,-0.07521780580282211,0.999722421169281,0.5175453424453735,0.443668395280838,-0.0754895731806755,0.9997307062149048,0.5250111222267151,0.4458904266357422,-0.07544609159231186,0.9997665882110596,0.49391084909439087,0.4434848427772522,-0.04606828838586807,0.9998113512992859,0.4906579554080963,0.4449894428253174,-0.04667028412222862,0.9998365640640259,0.4869534969329834,0.44650787115097046,-0.04691355675458908,0.9998639822006226,0.5481002330780029,0.46095705032348633,0.014351335354149342,0.9997990131378174,0.4978354871273041,0.4575517475605011,0.14586858451366425,0.9997320771217346,0.5113658308982849,0.5066709518432617,-0.05984695628285408,0.9996706247329712,0.4896208345890045,0.5043877363204956,-0.024787548929452896,0.9996882081031799,0.6034814715385437,0.6467036604881287,-0.02719145081937313,0.9998349547386169,0.4459174573421478,0.6281514763832092,0.18736830353736877,0.9998219013214111,0.6648977994918823,0.57163006067276,-0.3446209132671356,0.9544179439544678,0.3331689238548279,0.5446250438690186,0.07396748661994934,0.5801122188568115,0.6193974614143372,0.30164971947669983,-0.6232191324234009,0.9771155714988708,0.36585307121276855,0.3225827217102051,-0.11796140670776367,0.9481431841850281,0.6266202926635742,0.23353838920593262,-0.6950721740722656,0.9736562967300415,0.36991846561431885,0.27624109387397766,-0.16981570422649384,0.9357920289039612,0.6257064938545227,0.22877952456474304,-0.6748472452163696,0.9765456318855286,0.384358674287796,0.27117764949798584,-0.1702226996421814,0.9413213133811951,0.6178337931632996,0.2568742632865906,-0.6218720078468323,0.9677435159683228,0.3864552676677704,0.29215091466903687,-0.13136062026023865,0.9478211998939514,0.5565840005874634,1.0741755962371826,-0.04456140846014023,0.4538753926753998,0.4537202715873718,1.0625503063201904,0.04412899538874626,0.5030307769775391,0.5733446478843689,1.5409542322158813,-0.18932697176933289,0.001523213810287416,0.44749021530151367,1.5197211503982544,-0.2902231812477112,0.0012016160180792212,0.5699807405471802,1.9485509395599365,-0.22709164023399353,0.0008228332735598087,0.44074368476867676,1.9273524284362793,-0.20786520838737488,0.0002449846069794148,0.5836390256881714,2.007561445236206,-0.24281315505504608,0.0024790759198367596,0.4412411153316498,1.9791070222854614,-0.20516283810138702,0.0010747293708845973,0.5274718999862671,2.051987409591675,-0.45693859457969666,0.0015519881853833795,0.4468270242214203,2.0487239360809326,-0.3688430190086365,0.000365303858416155
0.49677643179893494,0.4699673652648926,-0.1072898656129837,0.9998599886894226,0.5128101706504822,0.44222337007522583,-0.08526821434497833,0.9996808171272278,0.5202785730361938,0.4440770149230957,-0.08553186058998108,0.999687910079956,0.5275157690048218,0.4466198682785034,-0.08548207581043243,0.9997321367263794,0.49615782499313354,0.443697065114975,-0.06179579347372055,0.99978107213974,0.49190956354141235,0.445504367351532,-0.06229999661445618,0.9998087882995605,0.4878097474575043,0.4474196434020996,-0.062427036464214325,0.9998413920402527,0.5488815903663635,0.4630116820335388,0.005706765688955784,0.9997655749320984,0.49839749932289124,0.46028998494148254,0.12075839191675186,0.9996862411499023,0.5138306021690369,0.5065447688102722,-0.07145758718252182,0.999614417552948,0.4901544451713562,0.5044169425964355,-0.04298664256930351,0.9996318817138672,0.603209376335144,0.6453281044960022,-0.04955875128507614,0.9998156428337097,0.4484669268131256,0.6264809370040894,0.15293674170970917,0.9997988343238831,0.6650548577308655,0.5292796492576599,-0.3758215010166168,0.9512234330177307,0.34127190709114075,0.5197182893753052,0.039477039128541946,0.5677348375320435,0.6221109628677368,0.2569314241409302,-0.6542078852653503,0.9758148193359375,0.3686198592185974,0.28864413499832153,-0.13372525572776794,0.9461556077003479,0.6337323188781738,0.19446027278900146,-0.7286649346351624,0.9725216627120972,0.3743685483932495,0.23436838388442993,-0.1835482269525528,0.9346199035644531,0.6271761655807495,0.19471441209316254,-0.7084404230117798,0.9756779670715332,0.388418048620224,0.23288336396217346,-0.18454359471797943,0.9405162930488586,0.618024468421936,0.21948744356632233,-0.6536074876785278,0.9666850566864014,0.39052698016166687,0.25430285930633545,-0.1468256562948227,0.9470456838607788,0.5566623210906982,1.0725786685943604,-0.03899215906858444,0.4427712559700012,0.45373716950416565,1.0634738206863403,0.038530196994543076,0.4923228919506073,0.5739055275917053,1.545750617980957,-0.16784200072288513,0.0013767956988885999,0.44745224714279175,1.5202494859695435,-0.29570743441581726,0.0011112059000879526,0.5680509805679321,1.9521541595458984,-0.20107750594615936,0.0007480473141185939,0.4406595230102539,1.9279344081878662,-0.22604648768901825,0.0002290895936312154,0.5790155529975891,2.011263132095337,-0.2164306342601776,0.0022655106149613857,0.4410545825958252,1.9795769453048706,-0.22447212040424347,0.0010080563370138407,0.5272944569587708,2.053645610809326,-0.4247489869594574,0.0014158450067043304,0.44583263993263245,2.0490474700927734,-0.3851223587989807,0.00034317123936489224
0.49955353140830994,0.4700525104999542,-0.10205240547657013,0.9998432993888855,0.5158526301383972,0.44295811653137207,-0.08009026944637299,0.9996334910392761,0.5231379270553589,0.44523870944976807,-0.08035627007484436,0.9996411204338074,0.5305849313735962,0.44814038276672363,-0.08030618727207184,0.9996899366378784,0.49964040517807007,0.44392886757850647,-0.055221062153577805,0.9997497200965881,0.4948062002658844,0.4457462430000305,-0.05571838095784187,0.9997832775115967,0.4902816414833069,0.44769781827926636,-0.055831871926784515,0.9998195767402649,0.5506166219711304,0.46575966477394104,0.010369056835770607,0.9997259378433228,0.5018588304519653,0.461392879486084,0.12789997458457947,0.9996429681777954,0.5159531831741333,0.5063644647598267,-0.06692589819431305,0.9995300769805908,0.4921543598175049,0.5042929649353027,-0.037585996091365814,0.9995557069778442,0.6033310294151306,0.6440432071685791,-0.04631707817316055,0.9997801184654236,0.4527432322502136,0.6213523149490356,0.15922334790229797,0.9997738003730774,0.6647958159446716,0.5072706341743469,-0.37511733174324036,0.9475265145301819,0.35165300965309143,0.49532487988471985,0.007501271553337574,0.559974193572998,0.6264641880989075,0.22360670566558838,-0.6418715715408325,0.9737303853034973,0.371878057718277,0.26200544834136963,-0.2035745084285736,0.9456743597984314,0.6385077238082886,0.15857848525047302,-0.7164247035980225,0.9705194234848022,0.3786793649196625,0.20757363736629486,-0.26070040464401245,0.9348369836807251,0.6303716897964478,0.16045422852039337,-0.6941801905632019,0.974009096622467,0.39273208379745483,0.20485416054725647,-0.25756344199180603,0.9408418536186218,0.6196287274360657,0.18707141280174255,-0.6410266160964966,0.9647252559661865,0.3945397138595581,0.22678767144680023,-0.2163994312286377,0.947335422039032,0.557058572769165,1.0679875612258911,-0.03605563938617706,0.4409121870994568,0.4542267918586731,1.0598732233047485,0.03556549549102783,0.4913323223590851,0.5738519430160522,1.5462735891342163,-0.18937715888023376,0.0012482674792408943,0.44635024666786194,1.5113558769226074,-0.3265710473060608,0.0010411908151581883,0.5659036040306091,1.9478049278259277,-0.2676483690738678,0.0006834024679847062,0.43901777267456055,1.9201953411102295,-0.2509651780128479,0.00021551971440203488,0.5747603178024292,2.0060994625091553,-0.28647103905677795,0.002080218866467476,0.43913716077804565,1.9725879430770874,-0.2488587647676468,0.0009517348953522742,0.5271571278572083,2.047611713409424,-0.46775126457214355,0.0012996196746826172,0.4452725350856781,2.0411274433135986,-0.4158673882484436,0.00032421108335256577
0.4996871054172516,0.47077420353889465,-0.13998372852802277,0.9998179078102112,0.5163489580154419,0.4447484016418457,-0.12057556957006454,0.9995614290237427,0.5236275792121887,0.44720298051834106,-0.12086351960897446,0.9995700716972351,0.5310167670249939,0.45046091079711914,-0.12082399427890778,0.9996263980865479,0.5008289813995361,0.4450310468673706,-0.09612898528575897,0.9997026324272156,0.4961257576942444,0.44661831855773926,-0.09668593853712082,0.9997447729110718,0.49180370569229126,0.4483698010444641,-0.09686430543661118,0.999786913394928,0.5513259172439575,0.4707178473472595,-0.03215699642896652,0.9996675848960876,0.5067383646965027,0.4625398814678192,0.07943592220544815,0.9995812773704529,0.5158052444458008,0.5069172978401184,-0.10558100044727325,0.999405562877655,0.49256229400634766,0.504581093788147,-0.0769176334142685,0.9994435906410217,0.602226972579956,0.6442481279373169,-0.07096279412508011,0.9997245073318481,0.4551714062690735,0.6211242079734802,0.10185955464839935,0.9997313618659973,0.6602947115898132,0.49282222986221313,-0.3497353792190552,0.9447485208511353,0.3593894839286804,0.46511316299438477,-0.040572188794612885,0.555213212966919,0.6283861398696899,0.19708432257175446,-0.5755680203437805,0.9719433188438416,0.3746933341026306,0.2257051318883896,-0.2463821917772293,0.9431294798851013,0.6410807371139526,0.1318821907043457,-0.6427172422409058,0.9689867496490479,0.3830522298812866,0.17667444050312042,-0.30489611625671387,0.9327909350395203,0.6313471794128418,0.13346122205257416,-0.6314812898635864,0.9728050231933594,0.3985772430896759,0.17444151639938354,-0.3054363429546356,0.9391006231307983,0.6204113960266113,0.15883660316467285,-0.5782589912414551,0.9634584784507751,0.39875805377960205,0.19305455684661865,-0.26071980595588684,0.94599449634552,0.558059811592102,1.0665208101272583,-0.02729879692196846,0.4448407292366028,0.4542262554168701,1.0810120105743408,0.02681465819478035,0.4952338635921478,0.5738999247550964,1.5470738410949707,-0.18933188915252686,0.0011375205358490348,0.4458736479282379,1.505434513092041,-0.33127206563949585,0.0009940130403265357,0.5658987164497375,1.9488459825515747,-0.2734672427177429,0.0006286781863309443,0.43744510412216187,1.9119842052459717,-0.24923741817474365,0.0002036137884715572,0.5745700597763062,2.008655071258545,-0.29457277059555054,0.0019240460824221373,0.4367663860321045,1.9649457931518555,-0.24645110964775085,0.0008999699493870139,0.5282840132713318,2.0386595726013184,-0.49914032220840454,0.0012021205620840192,0.4446260333061218,2.024447441101074,-0.4112708568572998,0.0003072079853154719
0.4999803602695465,0.47143977880477905,-0.08548610657453537,0.9997546076774597,0.5174561738967896,0.4472246766090393,-0.0658734068274498,0.9994050860404968,0.5251298546791077,0.4500027000904083,-0.06616277992725372,0.9994107484817505,0.532777726650238,0.4536465108394623,-0.06613636016845703,0.9994966983795166,0.501250684261322,0.4465258717536926,-0.04065268486738205,0.9996036291122437,0.4963500499725342,0.44800013303756714,-0.04123277962207794,0.9996598958969116,0.49197739362716675,0.44968265295028687,-0.04142759367823601,0.9997223615646362,0.5521169900894165,0.4761258363723755,0.014577193185687065,0.9995388388633728,0.5068724751472473,0.4648320972919464,0.1286817193031311,0.9994397759437561,0.5160258412361145,0.5073228478431702,-0.054279547184705734,0.9991747140884399,0.492684930562973,0.5050044655799866,-0.02468658611178398,0.9992333650588989,0.601967453956604,0.6443243622779846,-0.040832094848155975,0.999667763710022,0.45656245946884155,0.6215819120407104,0.1473313271999359,0.999689519405365,0.6537142992019653,0.45820122957229614,-0.3210553526878357,0.9347231388092041,0.37411561608314514,0.4532010853290558,0.04680023342370987,0.5414185523986816,0.6303656101226807,0.16733911633491516,-0.4715600907802582,0.9655324220657349,0.38093850016593933,0.2052290141582489,-0.14834760129451752,0.9372093677520752,0.6447931528091431,0.1058698445558548,-0.5317026376724243,0.9633716344833374,0.38950222730636597,0.15874505043029785,-0.20665864646434784,0.927802324295044,0.6320628523826599,0.1101168543100357,-0.5251170992851257,0.9683939814567566,0.4040718972682953,0.1565692275762558,-0.21638815104961395,0.9351592063903809,0.6206327080726624,0.1342313289642334,-0.47374778985977173,0.9586389660835266,0.40434303879737854,0.17397287487983704,-0.1666364222764969,0.9425018429756165,0.5595076680183411,1.0672425031661987,-0.028261613100767136,0.4380659759044647,0.4542617201805115,1.0927854776382446,0.02776470221579075,0.48792022466659546,0.5747702121734619,1.5484907627105713,-0.19171109795570374,0.0010308780474588275,0.4451281428337097,1.5064868927001953,-0.29339537024497986,0.000920852180570364,0.5658133029937744,1.9503567218780518,-0.2688446342945099,0.000571839977055788,0.4370974898338318,1.911876916885376,-0.2026529759168625,0.00018754697521217167,0.5740590691566467,2.009744167327881,-0.28895339369773865,0.00175827881321311,0.43647655844688416,1.965070128440857,-0.19874826073646545,0.0008320075576193631,0.5282093286514282,2.037149667739868,-0.5062875151634216,0.0010956489713862538,0.4442041516304016,2.020930290222168,-0.35428911447525024,0.00028340014978311956
0.5013316869735718,0.47308650612831116,-0.0701385885477066,0.999707043170929,0.5189865827560425,0.45008349418640137,-0.05193858593702316,0.9993087649345398,0.5266704559326172,0.4525492489337921,-0.0522189624607563,0.9993025660514832,0.5341538190841675,0.45581555366516113,-0.05219464749097824,0.9994145631790161,0.502619206905365,0.4480739235877991,-0.02496068924665451,0.9995447397232056,0.49737319350242615,0.44898003339767456,-0.025558769702911377,0.9996045827865601,0.4927574098110199,0.45032909512519836,-0.02575654350221157,0.9996841549873352,0.5527045726776123,0.47839367389678955,0.02405008114874363,0.9994534850120544,0.5070903301239014,0.46618321537971497,0.1466633379459381,0.9993496537208557,0.5166036486625671,0.5078015923500061,-0.04008887708187103,0.9990183711051941,0.4933848977088928,0.5052067041397095,-0.00809661764651537,0.9990898370742798,0.6019960641860962,0.6416230797767639,-0.03384418040513992,0.9996323585510254,0.4566570818424225,0.6196320652961731,0.16378788650035858,0.9996649622917175,0.6490144729614258,0.4280928671360016,-0.31355851888656616,0.9251120090484619,0.38684892654418945,0.4331207275390625,0.0778559222817421,0.5296744108200073,0.6317251324653625,0.13803058862686157,-0.4499785304069519,0.9581927061080933,0.38641098141670227,0.1876361072063446,-0.11722197383642197,0.9318812489509583,0.6461274027824402,0.08056573569774628,-0.5143378376960754,0.9569005370140076,0.3898733854293823,0.14879292249679565,-0.17582818865776062,0.9231806993484497,0.6332074403762817,0.08666697144508362,-0.5128178000450134,0.9633243083953857,0.4055000841617584,0.1435777097940445,-0.1905202716588974,0.9315573573112488,0.6215865612030029,0.11123790591955185,-0.455265611410141,0.9531300663948059,0.40697845816612244,0.16013216972351074,-0.1376374512910843,0.9390671253204346,0.5596465468406677,1.0633944272994995,-0.03262995928525925,0.4365535080432892,0.45523801445961,1.0771013498306274,0.0321439728140831,0.4865264594554901,0.5750715732574463,1.5484980344772339,-0.19491329789161682,0.0009353681234642863,0.4445282816886902,1.5069242715835571,-0.273253470659256,0.0008540758863091469,0.5646629929542542,1.9514960050582886,-0.27904850244522095,0.000521157227922231,0.43715471029281616,1.9127529859542847,-0.19929811358451843,0.00017339273472316563,0.5724144577980042,2.0133397579193115,-0.2995556890964508,0.0016132798045873642,0.43678712844848633,1.9661641120910645,-0.19724038243293762,0.0007736562401987612,0.5277288556098938,2.0390942096710205,-0.5126690864562988,0.0010008857352659106,0.443878173828125,2.020367383956909,-0.3563932478427887,0.0002628261863719672
0.5013245344161987,0.47376328706741333,-0.12353318929672241,0.9996581673622131,0.5191363096237183,0.45071059465408325,-0.11188822984695435,0.9992105960845947,0.5270499587059021,0.4530116319656372,-0.11220047622919083,0.9991991519927979,0.5347115993499756,0.4561101198196411,-0.11217783391475677,0.9993276596069336,0.5025278329849243,0.4483107328414917,-0.07952673733234406,0.9994896054267883,0.49730539321899414,0.4490665793418884,-0.0801679715514183,0.9995583295822144,0.49271160364151,0.45034047961235046,-0.08039945363998413,0.9996519088745117,0.5532790422439575,0.4790205955505371,-0.051158107817173004,0.9993788003921509,0.5070236921310425,0.46664881706237793,0.09714771062135696,0.9992907047271729,0.5166528224945068,0.5084356665611267,-0.09754689037799835,0.998875617980957,0.4934042990207672,0.5054764151573181,-0.05824562907218933,0.9989758133888245,0.6019540429115295,0.6402846574783325,-0.10469943284988403,0.9995766878128052,0.45789313316345215,0.6180590987205505,0.13935741782188416,0.9996363520622253,0.6410773992538452,0.40660375356674194,-0.31526926159858704,0.9205114841461182,0.39391884207725525,0.41060057282447815,0.09529043734073639,0.5322260856628418,0.6333664655685425,0.10923953354358673,-0.5034246444702148,0.952470600605011,0.3940933048725128,0.1709069311618805,-0.08357937633991241,0.9317814111709595,0.6491762399673462,0.06328265368938446,-0.5777862071990967,0.9524348974227905,0.39321595430374146,0.13168205320835114,-0.14110486209392548,0.9238070845603943,0.6386263966560364,0.07302360981702805,-0.585147500038147,0.9601221680641174,0.4100898802280426,0.12856854498386383,-0.16607797145843506,0.9325929880142212,0.6261968612670898,0.09315326809883118,-0.5141036510467529,0.9498061537742615,0.4131421148777008,0.146781325340271,-0.10767759382724762,0.9397749304771423,0.5603764057159424,1.063564419746399,-0.04342908412218094,0.43176910281181335,0.4552404284477234,1.088977336883545,0.04291995242238045,0.48366105556488037,0.5755314230918884,1.5506470203399658,-0.19339832663536072,0.0008594579994678497,0.4448314607143402,1.5081020593643188,-0.20130634307861328,0.0008116085082292557,0.5647947192192078,1.969356656074524,-0.2341315746307373,0.00047983878175728023,0.4373171925544739,1.9204974174499512,-0.0997418537735939,0.00016343887546099722,0.5727130174636841,2.0358574390411377,-0.24976880848407745,0.0015044176252558827,0.43719482421875,1.9784517288208008,-0.09471976011991501,0.0007371001411229372,0.5275099873542786,2.045949935913086,-0.4641605019569397,0.0009261787054128945,0.44212332367897034,2.021296739578247,-0.2505454123020172,0.0002498789399396628
0.5040721297264099,0.47365543246269226,-0.1953796148300171,0.999529242515564,0.5218192934989929,0.4507332146167755,-0.1836625188589096,0.9989405870437622,0.5296932458877563,0.4530477225780487,-0.18401557207107544,0.9989014863967896,0.537431538105011,0.45612749457359314,-0.18401600420475006,0.9991030097007751,0.5050987601280212,0.4477115571498871,-0.15747188031673431,0.9993289709091187,0.49932384490966797,0.44775474071502686,-0.1581284999847412,0.9994127750396729,0.4941420555114746,0.4483240246772766,-0.15840716660022736,0.9995558857917786,0.5548020601272583,0.47969165444374084,-0.11940415948629379,0.9991726875305176,0.5082179307937622,0.4666324257850647,0.001573780202306807,0.9990897178649902,0.5182361006736755,0.5081628561019897,-0.16734720766544342,0.9985634684562683,0.49518218636512756,0.504897952079773,-0.1360398232936859,0.9987136721611023,0.6019576787948608,0.6382691860198975,-0.15623389184474945,0.9994838237762451,0.4581846296787262,0.6167110204696655,0.04218924045562744,0.9995681047439575,0.6378931999206543,0.39572954177856445,-0.3202243447303772,0.9145378470420837,0.3976762592792511,0.3976316750049591,-0.007116048596799374,0.5405653119087219,0.6343463659286499,0.10630865395069122,-0.48586344718933105,0.9418416023254395,0.3990887999534607,0.15568119287490845,-0.17491528391838074,0.9270663857460022,0.6511778235435486,0.05909457802772522,-0.5535982251167297,0.9421225190162659,0.4008760452270508,0.12156731635332108,-0.2357349842786789,0.9182220101356506,0.6412690281867981,0.06514260172843933,-0.5652619004249573,0.9520362019538879,0.4169914126396179,0.12103461474180222,-0.26001885533332825,0.9282289147377014,0.6283164024353027,0.08587536215782166,-0.4975120425224304,0.9416845440864563,0.4197770059108734,0.13732552528381348,-0.19875991344451904,0.9356416463851929,0.5611536502838135,1.0640177726745605,-0.04336857050657272,0.42992082238197327,0.4557762145996094,1.099243402481079,0.04286115616559982,0.4824424982070923,0.5757730603218079,1.5556856393814087,-0.15724626183509827,0.0007946154219098389,0.4468856453895569,1.5127688646316528,-0.13417018949985504,0.0007700570859014988,0.5649617314338684,1.9849460124969482,-0.15178704261779785,0.00044274693937040865,0.439964234828949,1.9244003295898438,0.015458132140338421,0.00015479756984859705,0.5729192495346069,2.052227258682251,-0.16316048800945282,0.0013969176216050982,0.4402827322483063,1.9834136962890625,0.02518484927713871,0.0006992777343839407,0.5271296501159668,2.0572338104248047,-0.37286680936813354,0.0008562799775972962,0.4421359896659851,2.0217373371124268,-0.12133800983428955,0.00023745206999592483
0.508064329624176,0.47374194860458374,-0.1824253499507904,0.999484658241272,0.5240898728370667,0.4534377157688141,-0.16516169905662537,0.9988401532173157,0.5314036011695862,0.4556719958782196,-0.16552864015102386,0.9987974762916565,0.5389511585235596,0.4583760201931,-0.16553805768489838,0.9990122318267822,0.5101478695869446,0.44971513748168945,-0.15646584331989288,0.9992794990539551,0.5057617425918579,0.4492143988609314,-0.15688729286193848,0.9993738532066345,0.5011000633239746,0.44923481345176697,-0.1570359468460083,0.9995285868644714,0.5557582974433899,0.48422494530677795,-0.11028774827718735,0.9990832805633545,0.5110279321670532,0.47013676166534424,0.04433368891477585,0.9990370869636536,0.5198892951011658,0.5081729292869568,-0.15909667313098907,0.9984298348426819,0.49987149238586426,0.5048580169677734,-0.12124475091695786,0.9986193776130676,0.6018767356872559,0.6364047527313232,-0.12306134402751923,0.999442994594574,0.4586755335330963,0.6163405179977417,0.09219185262918472,0.9995508193969727,0.6375106573104858,0.3932785987854004,-0.31452786922454834,0.9081935882568359,0.39902549982070923,0.4024302661418915,0.033098287880420685,0.5438153147697449,0.6344779133796692,0.09839396178722382,-0.46814292669296265,0.9333667755126953,0.4004773497581482,0.1597980409860611,-0.13794536888599396,0.9258349537849426,0.6519152522087097,0.04682013764977455,-0.5347331166267395,0.9353716373443604,0.4001443386077881,0.12134577333927155,-0.19742439687252045,0.9173752069473267,0.643683910369873,0.0491018183529377,-0.5439472198486328,0.9469572901725769,0.4168958067893982,0.11809644848108292,-0.2183997929096222,0.927791178226471,0.630715012550354,0.07035790383815765,-0.47819384932518005,0.9368744492530823,0.42126625776290894,0.13581708073616028,-0.16030052304267883,0.9352198839187622,0.5611222386360168,1.0601398944854736,-0.04193120822310448,0.43178287148475647,0.4550505578517914,1.0986192226409912,0.04140036553144455,0.48471522331237793,0.5757550597190857,1.5618383884429932,-0.17354755103588104,0.0007456910097971559,0.44675716757774353,1.5129199028015137,-0.16897979378700256,0.00074803177267313,0.5613497495651245,1.9962658882141113,-0.21001727879047394,0.00041700032306835055,0.4381493031978607,1.9289616346359253,-0.052753746509552,0.00015036683180369437,0.5690985918045044,2.0645675659179688,-0.2293337881565094,0.0013248682953417301,0.43841680884361267,1.9905285835266113,-0.04586099460721016,0.0006760960095562041,0.519941508769989,2.0666377544403076,-0.4732181429862976,0.0008087000460363925,0.43736687302589417,2.021960735321045,-0.17708568274974823,0.0002309663686901331
0.5112746357917786,0.46949660778045654,-0.16120915114879608,0.9993749856948853,0.5267788171768188,0.4533388018608093,-0.1534421443939209,0.9985913038253784,0.5334539413452148,0.4556487202644348,-0.15384717285633087,0.9985419511795044,0.5405174493789673,0.4583330452442169,-0.15392418205738068,0.9987999200820923,0.514829695224762,0.44926565885543823,-0.1376430094242096,0.9991505742073059,0.5115640759468079,0.4486880302429199,-0.13825079798698425,0.9992731213569641,0.5077361464500427,0.44855430722236633,-0.13849197328090668,0.9994609951972961,0.5563728213310242,0.48595497012138367,-0.07715551555156708,0.9988955855369568,0.5153896808624268,0.47105297446250916,0.062343306839466095,0.9989048838615417,0.520790696144104,0.5034158229827881,-0.15287788212299347,0.9981929063796997,0.5037628412246704,0.49849551916122437,-0.12002111971378326,0.9984460473060608,0.6018892526626587,0.6352570652961731,-0.11822441965341568,0.9994089603424072,0.45879340171813965,0.6157056093215942,0.11155861616134644,0.9995384812355042,0.6379175782203674,0.39224857091903687,-0.3046981692314148,0.9055377244949341,0.4004191756248474,0.4121279716491699,0.06498582661151886,0.5471078753471375,0.6362162828445435,0.09631021320819855,-0.47562116384506226,0.9250454902648926,0.4001215994358063,0.17539498209953308,-0.09990715980529785,0.9244735836982727,0.6537286043167114,0.04518556222319603,-0.5455026626586914,0.9276081919670105,0.3988080322742462,0.12861283123493195,-0.15570971369743347,0.9161577224731445,0.6453781723976135,0.046405792236328125,-0.5553637742996216,0.9407743811607361,0.41580063104629517,0.12378160655498505,-0.1817663460969925,0.9270529747009277,0.6325309872627258,0.06863526254892349,-0.4867756962776184,0.9307683706283569,0.42111653089523315,0.1438705176115036,-0.1238955408334732,0.9344955682754517,0.560867190361023,1.059347152709961,-0.04681550711393356,0.4422665238380432,0.45366400480270386,1.0984368324279785,0.046285148710012436,0.4955880641937256,0.575737476348877,1.5649784803390503,-0.20978698134422302,0.0007089106366038322,0.446654736995697,1.5131127834320068,-0.17339184880256653,0.0007387893856503069,0.5596400499343872,2.004918336868286,-0.25383251905441284,0.000396173563785851,0.43671879172325134,1.9360432624816895,-0.07487206906080246,0.0001481359504396096,0.567683219909668,2.0740134716033936,-0.27305838465690613,0.0012671973090618849,0.43667975068092346,1.9991399049758911,-0.0726645216345787,0.0006643127417191863,0.5160290598869324,2.074469804763794,-0.5178182125091553,0.0007695940439589322,0.4345470070838928,2.0244195461273193,-0.24547533690929413,0.0002283895737491548
0.5140865445137024,0.468095600605011,-0.14919055998325348,0.999285876750946,0.5296368598937988,0.4523903727531433,-0.13773702085018158,0.9984068274497986,0.5363600850105286,0.4548846483230591,-0.13809272646903992,0.9983618855476379,0.5434678196907043,0.45781686902046204,-0.13811616599559784,0.9986603260040283,0.5176254510879517,0.4476830065250397,-0.11488340049982071,0.9990290403366089,0.5144190788269043,0.44685545563697815,-0.11549271643161774,0.9991705417633057,0.510504961013794,0.4464222490787506,-0.11572135984897614,0.9993857741355896,0.558117151260376,0.48572832345962524,-0.07149242609739304,0.9987654089927673,0.5168503522872925,0.47014835476875305,0.06278159469366074,0.9987410306930542,0.5225595831871033,0.5024378299713135,-0.12973812222480774,0.9979788661003113,0.5062105059623718,0.4975585639476776,-0.09628300368785858,0.9982521533966064,0.6018990874290466,0.6335104703903198,-0.13059866428375244,0.9993789196014404,0.4586709439754486,0.6149808764457703,0.11001624912023544,0.9994939565658569,0.6380904912948608,0.40425992012023926,-0.31636378169059753,0.9036160111427307,0.39785394072532654,0.42166680097579956,0.06568633764982224,0.5426299571990967,0.6360685229301453,0.11483535915613174,-0.49978095293045044,0.9206352233886719,0.39991292357444763,0.1797478348016739,-0.10378044843673706,0.9181582927703857,0.6531385183334351,0.06155315414071083,-0.5728598833084106,0.9238072633743286,0.39888590574264526,0.12975439429283142,-0.1603279560804367,0.9101402759552002,0.6448715925216675,0.06393412500619888,-0.5814263820648193,0.9378796815872192,0.4147605895996094,0.12766990065574646,-0.18603730201721191,0.9222540855407715,0.6322271227836609,0.0899433121085167,-0.5108384490013123,0.9279084801673889,0.42032989859580994,0.14972743391990662,-0.12834347784519196,0.9303106665611267,0.5609875917434692,1.059613585472107,-0.051607221364974976,0.4449661076068878,0.4537084996700287,1.102293610572815,0.0510781928896904,0.4966028332710266,0.5757253766059875,1.5698422193527222,-0.20958714187145233,0.0006626755930483341,0.44670987129211426,1.5176547765731812,-0.14684343338012695,0.0006996129523031414,0.5597292184829712,2.011812925338745,-0.2572185695171356,0.0003711848985403776,0.4371515214443207,1.9460805654525757,-0.035883329808712006,0.00014225424092728645,0.568087100982666,2.0799217224121094,-0.2759482264518738,0.001202022540383041,0.43696078658103943,2.009101629257202,-0.031249305233359337,0.0006449174834415317,0.5163666605949402,2.0858993530273438,-0.5162032842636108,0.000722734781447798,0.43462833762168884,2.0331737995147705,-0.19141197204589844,0.00021962860773783177
0.5149921178817749,0.4680233895778656,-0.11753548681735992,0.999309241771698,0.5308300852775574,0.45213910937309265,-0.10073987394571304,0.9984675645828247,0.537794828414917,0.45462605357170105,-0.10108470916748047,0.9984257817268372,0.5451317429542542,0.45763805508613586,-0.10109265148639679,0.9987131357192993,0.5179100632667542,0.44733330607414246,-0.07594429701566696,0.9990622997283936,0.5142145752906799,0.4464421570301056,-0.07655519992113113,0.999197781085968,0.5098186731338501,0.44589340686798096,-0.07675287127494812,0.9994046092033386,0.5592750906944275,0.4855184257030487,-0.032964762300252914,0.9988101720809937,0.516326367855072,0.4697202146053314,0.09126605093479156,0.9987732172012329,0.5238965153694153,0.5024875402450562,-0.09374739229679108,0.9980422854423523,0.5066877007484436,0.49770817160606384,-0.062372613698244095,0.9983018636703491,0.6020840406417847,0.6334440112113953,-0.11071398109197617,0.9993956089019775,0.45855236053466797,0.6150205135345459,0.1209636777639389,0.9994959831237793,0.6383383870124817,0.416453093290329,-0.29461607336997986,0.9057817459106445,0.3951260447502136,0.4310967028141022,0.06776121258735657,0.5434907078742981,0.6358073949813843,0.13037735223770142,-0.48275166749954224,0.9224612712860107,0.39846283197402954,0.19148072600364685,-0.08712852001190186,0.9178733825683594,0.6486236453056335,0.07621309161186218,-0.5613210201263428,0.9254849553108215,0.39816319942474365,0.14090080559253693,-0.13852077722549438,0.910224437713623,0.6435266733169556,0.07771037518978119,-0.5807390809059143,0.9393908977508545,0.41466331481933594,0.1385207325220108,-0.1579846739768982,0.9226683974266052,0.6318915486335754,0.10303604602813721,-0.49744683504104614,0.9299547672271729,0.4191924035549164,0.16095834970474243,-0.10757285356521606,0.9308109283447266,0.5611436367034912,1.0613536834716797,-0.05141662806272507,0.44457265734672546,0.4538007378578186,1.1087976694107056,0.050876908004283905,0.4950235188007355,0.576754629611969,1.5778381824493408,-0.20920681953430176,0.0006217281334102154,0.44779205322265625,1.5289040803909302,-0.1599695384502411,0.0006666027475148439,0.5599479675292969,2.01884126663208,-0.2610301971435547,0.0003490209055598825,0.43802231550216675,1.9616285562515259,-0.06128707528114319,0.00013759110879618675,0.5681811571121216,2.085076332092285,-0.27984321117401123,0.0011484111892059445,0.43726015090942383,2.023200035095215,-0.05718686059117317,0.0006259374786168337,0.5181736946105957,2.0988941192626953,-0.5147080421447754,0.0006827267934568226,0.4372432231903076,2.0528056621551514,-0.21255800127983093,0.0002127953339368105
0.5144757032394409,0.4714049994945526,-0.11282175779342651,0.9993513822555542,0.5304685831069946,0.45301681756973267,-0.09826848655939102,0.9985710978507996,0.5374203324317932,0.4556827247142792,-0.09862414002418518,0.9985349178314209,0.5447865128517151,0.45914822816848755,-0.09861884266138077,0.9988020062446594,0.5171787142753601,0.4481462836265564,-0.06913189589977264,0.9991196393966675,0.5133320093154907,0.447100967168808,-0.0697251558303833,0.9992460608482361,0.5089906454086304,0.4463575482368469,-0.06988592445850372,0.9994368553161621,0.5596452951431274,0.48646995425224304,-0.03373335674405098,0.9988951683044434,0.5162240266799927,0.4696688652038574,0.10056700557470322,0.9988415241241455,0.5237902402877808,0.5069882869720459,-0.09062927961349487,0.9981715083122253,0.5063306093215942,0.50173020362854,-0.0544729046523571,0.9984040260314941,0.6028330326080322,0.6383396983146667,-0.11264906823635101,0.9994329810142517,0.4584718644618988,0.6169936656951904,0.13820780813694,0.9995102882385254,0.6454966068267822,0.4263211190700531,-0.3435879945755005,0.9097034931182861,0.3914606273174286,0.4370627999305725,0.0755147933959961,0.5335635542869568,0.635865330696106,0.13860197365283966,-0.5642973184585571,0.9271519184112549,0.3976650834083557,0.19766691327095032,-0.09929220378398895,0.9171629548072815,0.6485093235969543,0.08188634365797043,-0.6417447924613953,0.9301526546478271,0.397384375333786,0.14794644713401794,-0.1548544019460678,0.9109851717948914,0.642954409122467,0.08385413140058517,-0.6422544717788696,0.9432597160339355,0.41369906067848206,0.1451020985841751,-0.17486386001110077,0.9236851334571838,0.6317488551139832,0.10591687262058258,-0.5719937086105347,0.9342859387397766,0.41837286949157715,0.16665101051330566,-0.1220901757478714,0.9317717552185059,0.5614811778068542,1.108242154121399,-0.054443031549453735,0.44104552268981934,0.4532508850097656,1.1187914609909058,0.05389975756406784,0.4881311357021332,0.5770233869552612,1.5998225212097168,-0.20897230505943298,0.0005766017711721361,0.4472332000732422,1.5399061441421509,-0.16531455516815186,0.000625291489996016,0.5607014894485474,2.0307884216308594,-0.2790345847606659,0.0003281619574408978,0.43692082166671753,1.978813648223877,-0.07175995409488678,0.000131620341562666,0.5692436099052429,2.096266508102417,-0.29946011304855347,0.0011066531296819448,0.43567904829978943,2.0398662090301514,-0.06704087555408478,0.0006073995027691126,0.5224385857582092,2.112323760986328,-0.5260435342788696,0.0006482533062808216,0.436836302280426,2.0778651237487793,-0.2196522206068039,0.00020513856725301594
0.5146220326423645,0.47598719596862793,-0.13467243313789368,0.9993887543678284,0.5306212902069092,0.45600101351737976,-0.11458881944417953,0.9986542463302612,0.5374024510383606,0.4593891501426697,-0.11495397239923477,0.9986249804496765,0.5447179675102234,0.46404439210891724,-0.11493240296840668,0.9988712072372437,0.5171372294425964,0.45044565200805664,-0.08855200558900833,0.9991651177406311,0.513057291507721,0.44921475648880005,-0.08909100294113159,0.9992855787277222,0.5084535479545593,0.4482429027557373,-0.08922292292118073,0.9994605183601379,0.5596677660942078,0.49036747217178345,-0.03814256191253662,0.9989598989486694,0.5144370794296265,0.47053810954093933,0.08264919370412827,0.9988915920257568,0.5239108800888062,0.5112778544425964,-0.10666600614786148,0.9982661008834839,0.5059423446655273,0.5062252879142761,-0.07541103661060333,0.998477041721344,0.6026300191879272,0.645532488822937,-0.11876104027032852,0.9994666576385498,0.4573449194431305,0.6192964315414429,0.1078377217054367,0.9995250105857849,0.6491032838821411,0.4604201316833496,-0.4175557494163513,0.9131016135215759,0.3832838833332062,0.4570559561252594,-0.026519576087594032,0.5259867906570435,0.6357187032699585,0.1745172142982483,-0.682632565498352,0.9311076998710632,0.39500874280929565,0.21954315900802612,-0.2457958459854126,0.9183855056762695,0.6483411192893982,0.10619805753231049,-0.7634132504463196,0.9340993165969849,0.3967510759830475,0.1671401709318161,-0.3114275336265564,0.9134335517883301,0.6427440643310547,0.1039808839559555,-0.7581139802932739,0.9464706182479858,0.4129714071750641,0.1661854237318039,-0.3211934566497803,0.9258442521095276,0.6315343976020813,0.13111919164657593,-0.6891996264457703,0.9379683136940002,0.41729387640953064,0.18763427436351776,-0.2658037841320038,0.9337823390960693,0.5627627968788147,1.1157569885253906,-0.050049327313899994,0.446201890707016,0.4528052806854248,1.1188266277313232,0.04952153190970421,0.49077633023262024,0.574825644493103,1.5962351560592651,-0.20893509685993195,0.0005405108677223325,0.44701361656188965,1.538898229598999,-0.23376348614692688,0.0006028370116837323,0.5595950484275818,2.028501272201538,-0.28575173020362854,0.0003172543947584927,0.43670400977134705,1.9759694337844849,-0.1894434243440628,0.00013446988305076957,0.5686064958572388,2.0952932834625244,-0.3077002465724945,0.0010876477463170886,0.4353940486907959,2.0393333435058594,-0.19305361807346344,0.0006183699588291347,0.5217512845993042,2.1135358810424805,-0.5405780076980591,0.0006332804332487285,0.43687304854393005,2.0751328468322754,-0.3718215823173523,0.0002092954673571512
0.5140500068664551,0.4812390208244324,-0.1504025012254715,0.9994364976882935,0.5301033854484558,0.45784762501716614,-0.13053938746452332,0.9987609386444092,0.5368145704269409,0.4611136019229889,-0.13087543845176697,0.9987357258796692,0.5441622734069824,0.4658811390399933,-0.1308344304561615,0.9989593625068665,0.5165390968322754,0.45258069038391113,-0.10393883287906647,0.9992290139198303,0.5122942924499512,0.4512949585914612,-0.10446598380804062,0.9993405938148499,0.5073918104171753,0.4503287076950073,-0.10457690060138702,0.999499499797821,0.5596309900283813,0.49057871103286743,-0.04493231698870659,0.999043345451355,0.5123018026351929,0.4707464873790741,0.07659929990768433,0.9989738464355469,0.523618757724762,0.5170177221298218,-0.1178477555513382,0.9984028339385986,0.5046988725662231,0.5129802227020264,-0.08614081889390945,0.9985931515693665,0.6034701466560364,0.656359076499939,-0.11752338707447052,0.9995079636573792,0.45645418763160706,0.6238070726394653,0.11338694393634796,0.9995574951171875,0.6566156148910522,0.5051899552345276,-0.4325641095638275,0.9167857766151428,0.37007156014442444,0.49579477310180664,-0.03329745680093765,0.5205491781234741,0.6354370713233948,0.21702168881893158,-0.69450443983078,0.9358223676681519,0.3870389461517334,0.2601824998855591,-0.2796901762485504,0.9232604503631592,0.646579921245575,0.14527389407157898,-0.7720620036125183,0.938525915145874,0.38914188742637634,0.20492558181285858,-0.344755619764328,0.9191170930862427,0.6422996520996094,0.14039966464042664,-0.7593017220497131,0.9500408172607422,0.4055904746055603,0.2019617259502411,-0.34959694743156433,0.9307394027709961,0.6311701536178589,0.17319749295711517,-0.6969388723373413,0.9419382214546204,0.408646821975708,0.2277841567993164,-0.2976343035697937,0.9380620718002319,0.5641340017318726,1.1276479959487915,-0.05002904683351517,0.4351220726966858,0.45115408301353455,1.124526023864746,0.04950328171253204,0.4789845049381256,0.5733580589294434,1.6046222448349,-0.21310527622699738,0.0005001408862881362,0.44654637575149536,1.547494649887085,-0.24110658466815948,0.0005718737374991179,0.5596566200256348,2.0396294593811035,-0.30295851826667786,0.00030297873308882117,0.43666085600852966,1.984987735748291,-0.17767587304115295,0.00013311495422385633,0.5688229203224182,2.106365919113159,-0.32558098435401917,0.001053718850016594,0.4353594183921814,2.04797625541687,-0.17864248156547546,0.0006142988568171859,0.5214331150054932,2.13339900970459,-0.5568769574165344,0.000611616182141006,0.43743643164634705,2.0909507274627686,-0.34855541586875916,0.00020815012976527214
0.5100203156471252,0.483045756816864,-0.17586089670658112,0.9994818568229675,0.5266851782798767,0.45855042338371277,-0.15676021575927734,0.9988602995872498,0.533458411693573,0.4615814685821533,-0.15708771347999573,0.998839259147644,0.5402691960334778,0.46605199575424194,-0.1570381224155426,0.9990420341491699,0.511120617389679,0.453664094209671,-0.13189472258090973,0.9992891550064087,0.5054616928100586,0.4526727497577667,-0.13240882754325867,0.9993928670883179,0.4999814033508301,0.45186999440193176,-0.13253650069236755,0.9995367527008057,0.5576602220535278,0.4904056489467621,-0.06767718493938446,0.9991227388381958,0.5054149031639099,0.4707479178905487,0.04639306291937828,0.9990542531013489,0.5221441984176636,0.5182021856307983,-0.1411881297826767,0.9985350966453552,0.4988016188144684,0.5139992833137512,-0.11175595223903656,0.9987073540687561,0.6038965582847595,0.6565002799034119,-0.11877025663852692,0.9995445609092712,0.4527653157711029,0.6244342923164368,0.08827280253171921,0.9995853304862976,0.6652249097824097,0.545387327671051,-0.4078275263309479,0.9211150407791138,0.35305601358413696,0.5260577201843262,-0.06368549913167953,0.5247331261634827,0.6314650177955627,0.25623032450675964,-0.6452982425689697,0.9406917691230774,0.3826940059661865,0.29023978114128113,-0.2835797071456909,0.928536057472229,0.6431757807731628,0.183656707406044,-0.7160218358039856,0.9431964159011841,0.3877887725830078,0.24196487665176392,-0.3440760672092438,0.9249529838562012,0.6378034353256226,0.17954961955547333,-0.7031757235527039,0.953840970993042,0.40371450781822205,0.2396915704011917,-0.34300661087036133,0.9357360005378723,0.6271306872367859,0.21177732944488525,-0.6464577913284302,0.9462528228759766,0.4052731990814209,0.2622755467891693,-0.2976832687854767,0.9424900412559509,0.5691133141517639,1.1343690156936646,-0.046251580119132996,0.4209069609642029,0.4561675488948822,1.1120494604110718,0.04573329910635948,0.46420857310295105,0.5778109431266785,1.6108332872390747,-0.20139530301094055,0.0004674652882385999,0.4523804187774658,1.5547842979431152,-0.21266551315784454,0.000545875052921474,0.575807511806488,2.0424344539642334,-0.2776472866535187,0.00029719137819483876,0.44508466124534607,1.9928256273269653,-0.13584314286708832,0.0001365933130728081,0.58971107006073,2.1076605319976807,-0.2986178696155548,0.001043821917846799,0.44308820366859436,2.0555903911590576,-0.13677890598773956,0.0006214336608536541,0.5365697145462036,2.1395606994628906,-0.5351575016975403,0.0006113562267273664,0.45146116614341736,2.100280523300171,-0.32462507486343384,0.00021411485795397311
0.5044998526573181,0.4829408526420593,-0.17432042956352234,0.9994938373565674,0.521204948425293,0.4579363167285919,-0.15779194235801697,0.9988713264465332,0.5285564661026001,0.46058595180511475,-0.1581076830625534,0.9988629817962646,0.5355061292648315,0.4643985629081726,-0.15807172656059265,0.9990550875663757,0.5041415095329285,0.4536421000957489,-0.13319727778434753,0.9992937445640564,0.49904417991638184,0.45271721482276917,-0.1337779462337494,0.9994017481803894,0.494091272354126,0.4520840644836426,-0.13398608565330505,0.9995390772819519,0.5551273822784424,0.486074835062027,-0.07945127040147781,0.9991451501846313,0.5008725523948669,0.47073662281036377,0.033033180981874466,0.9990715980529785,0.5209162831306458,0.5180245041847229,-0.14259204268455505,0.9985788464546204,0.49630206823349,0.5142155885696411,-0.11357147991657257,0.9987467527389526,0.6039097905158997,0.6560309529304504,-0.11351873725652695,0.9995617866516113,0.4511198401451111,0.6293057799339294,0.08705905079841614,0.9995969533920288,0.6654444932937622,0.5933705568313599,-0.26816490292549133,0.9232867360115051,0.3404079079627991,0.5510461330413818,0.007447235286235809,0.5355479121208191,0.6282856464385986,0.3008480966091156,-0.3743770122528076,0.9441422820091248,0.3782981038093567,0.3150864243507385,-0.05557776242494583,0.932843804359436,0.6409872174263,0.23210951685905457,-0.4101864695549011,0.9466123580932617,0.3859391212463379,0.26709502935409546,-0.08429548144340515,0.929282009601593,0.6360601782798767,0.22676044702529907,-0.40155211091041565,0.9565914273262024,0.40115243196487427,0.2664678692817688,-0.08294004946947098,0.9393764734268188,0.6258230805397034,0.25688663125038147,-0.3718072474002838,0.9494259357452393,0.4015882611274719,0.286062091588974,-0.06397321820259094,0.9459287524223328,0.5694237351417542,1.1382893323898315,-0.042160142213106155,0.4111213684082031,0.4584466516971588,1.104415774345398,0.04162653535604477,0.45626625418663025,0.5796560049057007,1.6105215549468994,-0.1783882975578308,0.00043854222167283297,0.4546070098876953,1.5561093091964722,-0.20222020149230957,0.0005295053706504405,0.5801118612289429,2.039945125579834,-0.23648254573345184,0.00028893642593175173,0.44597941637039185,1.9929777383804321,-0.137909933924675,0.00014151088544167578,0.5952907204627991,2.1039249897003174,-0.25343644618988037,0.0010182984406128526,0.4436153471469879,2.0546367168426514,-0.13879406452178955,0.0006246257689781487,0.5386221408843994,2.141258478164673,-0.45484796166419983,0.0005989259807392955,0.45317214727401733,2.1015779972076416,-0.30989396572113037,0.0002202574396505952
0.4988040328025818,0.48331600427627563,-0.09315939247608185,0.9995219111442566,0.5154927968978882,0.4573732614517212,-0.0757443979382515,0.9989340901374817,0.5232887864112854,0.45941099524497986,-0.07603208720684052,0.9989307522773743,0.5307620763778687,0.46239349246025085,-0.07598961144685745,0.9991083145141602,0.4977300763130188,0.45392656326293945,-0.04904323071241379,0.9993318319320679,0.49338069558143616,0.45366668701171875,-0.04967530444264412,0.9994348883628845,0.4889163076877594,0.45364680886268616,-0.04994888976216316,0.9995622038841248,0.5527020692825317,0.4820747375488281,-0.006199514027684927,0.9992009401321411,0.49761924147605896,0.47075653076171875,0.11529263108968735,0.9991240501403809,0.5189709067344666,0.5180938243865967,-0.06461372971534729,0.9986616969108582,0.49354609847068787,0.5150367021560669,-0.03322305902838707,0.9988198280334473,0.6039094924926758,0.6557267904281616,-0.02188129723072052,0.9995853304862976,0.4501831531524658,0.6334694623947144,0.1974821835756302,0.9996178150177002,0.6667352914810181,0.636744499206543,-0.062436215579509735,0.9231855869293213,0.3327692151069641,0.5793331861495972,0.2681906819343567,0.538292646408081,0.6247035264968872,0.3469674587249756,0.0002484142896719277,0.944429337978363,0.37592431902885437,0.34516915678977966,0.30316874384880066,0.9346104264259338,0.6286779046058655,0.2873760163784027,-0.0005209778901189566,0.9463678598403931,0.3783636689186096,0.2891937792301178,0.3023863732814789,0.9303246140480042,0.6292001008987427,0.27916419506073,0.008296120911836624,0.9561777114868164,0.39208680391311646,0.29019153118133545,0.3068832755088806,0.9400566220283508,0.6225042939186096,0.3056659996509552,0.008567726239562035,0.9491886496543884,0.39475029706954956,0.31252965331077576,0.2993394732475281,0.9468361735343933,0.5680703520774841,1.1072914600372314,-0.045901283621788025,0.40544140338897705,0.4589473605155945,1.0980929136276245,0.045421503484249115,0.4526863396167755,0.5795619487762451,1.6084250211715698,-0.20227046310901642,0.0004228913749102503,0.45516377687454224,1.5572489500045776,-0.14759990572929382,0.000508283032104373,0.5790698528289795,2.0382282733917236,-0.3434898257255554,0.00028480184846557677,0.4472486972808838,1.9925882816314697,-0.11123224347829819,0.00014007305435370654,0.5944148898124695,2.1017673015594482,-0.36619821190834045,0.001012620166875422,0.4447105824947357,2.0529258251190186,-0.11355773359537125,0.0006108874804340303,0.5372910499572754,2.139462947845459,-0.5509796142578125,0.0005902965203858912,0.45454177260398865,2.1025688648223877,-0.2474793940782547,0.00021608381939586252
0.4935106337070465,0.4833686351776123,-0.0938304141163826,0.9995560050010681,0.5110282897949219,0.45520779490470886,-0.08124691992998123,0.9990161061286926,0.5201390385627747,0.456729918718338,-0.08154453337192535,0.9990156292915344,0.5285333395004272,0.4590717852115631,-0.08150262385606766,0.9991782903671265,0.49205031991004944,0.4536110460758209,-0.05021745711565018,0.9993796348571777,0.4878233075141907,0.45351770520210266,-0.05087604373693466,0.9994744658470154,0.4833900034427643,0.4535098671913147,-0.05116216465830803,0.9995903372764587,0.5522469878196716,0.4747955799102783,-0.0187077596783638,0.9992679953575134,0.49575915932655334,0.4672991931438446,0.11835195124149323,0.9991834759712219,0.5163782835006714,0.5181542038917542,-0.0680374801158905,0.9987603425979614,0.4910716116428375,0.5154248476028442,-0.030928969383239746,0.998901903629303,0.6047792434692383,0.6509193778038025,-0.028768649324774742,0.9996153712272644,0.45019856095314026,0.6336100101470947,0.23160433769226074,0.9996369481086731,0.6676548719406128,0.6875041723251343,-0.027012187987565994,0.925216555595398,0.3332497477531433,0.6196316480636597,0.3622080683708191,0.5291174650192261,0.6232045888900757,0.393584668636322,0.09414195269346237,0.946549654006958,0.37337303161621094,0.3934040069580078,0.4524907171726227,0.9278144836425781,0.6250045299530029,0.3350542485713959,0.10620465129613876,0.9477669596672058,0.3790168762207031,0.3393528163433075,0.4694520831108093,0.9211318492889404,0.6288989186286926,0.3253829777240753,0.11549387872219086,0.9570927023887634,0.3918851613998413,0.34007173776626587,0.4759705662727356,0.9312102198600769,0.6224192380905151,0.35050860047340393,0.10558517277240753,0.950023353099823,0.39298588037490845,0.36196306347846985,0.4518454670906067,0.9398689866065979,0.5679455995559692,1.08743155002594,-0.05984409898519516,0.40835148096084595,0.46045273542404175,1.0905035734176636,0.059404730796813965,0.4525117874145508,0.5789536237716675,1.6065071821212769,-0.2341427057981491,0.00042550897342152894,0.4565749168395996,1.5570372343063354,-0.08443503081798553,0.0004903782973997295,0.578497052192688,2.0307631492614746,-0.4166693687438965,0.00029700793675146997,0.44787198305130005,1.980597734451294,-0.03144765645265579,0.00013988901628181338,0.5927044153213501,2.0914578437805176,-0.4424324631690979,0.00105863471981138,0.44512462615966797,2.0367300510406494,-0.030966322869062424,0.0006072589894756675,0.5340900421142578,2.1392016410827637,-0.6223812699317932,0.0006113851559348404,0.45372694730758667,2.095017433166504,-0.13861730694770813,0.00021462226868607104
0.49340105056762695,0.4834134876728058,-0.09330471605062485,0.9995944499969482,0.5113219022750854,0.4536111652851105,-0.08225227147340775,0.9991047978401184,0.5206016898155212,0.45447903871536255,-0.08255106955766678,0.9991055130958557,0.5289473533630371,0.45636266469955444,-0.08249308168888092,0.9992520213127136,0.49201852083206177,0.4534543752670288,-0.046601708978414536,0.9994345307350159,0.4878149628639221,0.453475683927536,-0.04728365316987038,0.9995208978652954,0.4833436608314514,0.45347604155540466,-0.04754793271422386,0.9996253848075867,0.5528019666671753,0.4720227122306824,-0.02361586131155491,0.9993361234664917,0.49579906463623047,0.4650048017501831,0.1367596834897995,0.999255895614624,0.5162038803100586,0.5182416439056396,-0.0677843987941742,0.9988670349121094,0.49084848165512085,0.5155078172683716,-0.024475984275341034,0.9989957809448242,0.6048891544342041,0.6485796570777893,-0.03323235362768173,0.9996437430381775,0.45024266839027405,0.6347814798355103,0.28911805152893066,0.9996616840362549,0.6670120358467102,0.7250863909721375,-0.02497321180999279,0.9270303249359131,0.3318660855293274,0.6600475907325745,0.4891785681247711,0.5292226076126099,0.6212779879570007,0.43212729692459106,0.12132392078638077,0.948114275932312,0.3688924312591553,0.4305460751056671,0.6259891986846924,0.9267386198043823,0.6245914697647095,0.3713299334049225,0.13557294011116028,0.9486743807792664,0.3772418200969696,0.37465858459472656,0.6545872092247009,0.9185748100280762,0.6291045546531677,0.3623024523258209,0.1458885669708252,0.9574785828590393,0.38969945907592773,0.37203219532966614,0.6603944301605225,0.9284618496894836,0.6224048137664795,0.3867899477481842,0.13429659605026245,0.9500961899757385,0.39016586542129517,0.39497244358062744,0.6267446279525757,0.9377485513687134,0.5661896467208862,1.0767313241958618,-0.08620314300060272,0.4176868200302124,0.46126776933670044,1.0821760892868042,0.08581893146038055,0.4611460268497467,0.5784538984298706,1.6022740602493286,-0.28380218148231506,0.0005651494720950723,0.4575863778591156,1.5500314235687256,-0.00868478324264288,0.0005168764619156718,0.5777472257614136,2.020369291305542,-0.47120752930641174,0.0004092458402737975,0.44980588555336,1.9669897556304932,0.0748668685555458,0.00015876602265052497,0.5922300815582275,2.0811851024627686,-0.4969342350959778,0.001418579020537436,0.4481833577156067,2.0251684188842773,0.07815568894147873,0.0006760500837117434,0.5261520147323608,2.1284239292144775,-0.683502197265625,0.0008165689650923014,0.4534393846988678,2.0787150859832764,-0.026267845183610916,0.000237912725424394
0.4934512972831726,0.4833676218986511,-0.09375394880771637,0.9996294379234314,0.5110777020454407,0.4524054229259491,-0.0826370120048523,0.9991861581802368,0.5200846195220947,0.45317983627319336,-0.08291898667812347,0.9991869926452637,0.5287055969238281,0.4549682140350342,-0.0828535333275795,0.999319314956665,0.49256473779678345,0.4527856707572937,-0.04716799408197403,0.9994851350784302,0.48845189809799194,0.45277366042137146,-0.047855306416749954,0.9995631575584412,0.4839719235897064,0.45262253284454346,-0.048131998628377914,0.9996578097343445,0.5528357028961182,0.47047436237335205,-0.01997334696352482,0.9993975758552551,0.4961068034172058,0.4626704752445221,0.1414448469877243,0.9993219971656799,0.5155568718910217,0.5181992650032043,-0.06523150205612183,0.9989652037620544,0.4906717836856842,0.515461802482605,-0.022348571568727493,0.9990822076797485,0.6061763763427734,0.6465799808502197,-0.01273724902421236,0.9996676445007324,0.4502714276313782,0.6363968253135681,0.296816885471344,0.9996843934059143,0.6672855019569397,0.7662950158119202,0.009370779618620872,0.9275206923484802,0.33156904578208923,0.6898415088653564,0.5203534364700317,0.5340448021888733,0.6191418766975403,0.46623072028160095,0.15785202383995056,0.9479988813400269,0.3678628206253052,0.45895594358444214,0.6880762577056885,0.924787700176239,0.6229333281517029,0.4089564383029938,0.17654749751091003,0.9473126530647278,0.3774963319301605,0.4137561023235321,0.7206164002418518,0.9135540127754211,0.6283467411994934,0.39768531918525696,0.18445204198360443,0.9557623863220215,0.38966065645217896,0.40904027223587036,0.727424681186676,0.9233665466308594,0.6216054558753967,0.42126384377479553,0.17054924368858337,0.947539746761322,0.38957685232162476,0.43035730719566345,0.6903425455093384,0.9328256249427795,0.5659879446029663,1.0777146816253662,-0.08409851789474487,0.4270167946815491,0.46187496185302734,1.0805916786193848,0.08377528935670853,0.4726879596710205,0.5808116793632507,1.594475507736206,-0.2597476541996002,0.0007030831184238195,0.4593924880027771,1.5449697971343994,-0.017605191096663475,0.0005798687343485653,0.5776640772819519,2.006805896759033,-0.40104302763938904,0.0004846470255870372,0.45249447226524353,1.954596757888794,0.07876794040203094,0.0001768500660546124,0.5932562947273254,2.066471815109253,-0.42342299222946167,0.0016298131085932255,0.4522763192653656,2.0111095905303955,0.08431456983089447,0.0007241889834403992,0.5258301496505737,2.116741895675659,-0.6506773829460144,0.0009267713176086545,0.4529711604118347,2.0706427097320557,-0.009961402043700218,0.0002551563666202128
0.49395066499710083,0.4845676124095917,-0.09702113270759583,0.9996646642684937,0.5115088820457458,0.4527270793914795,-0.08524636179208755,0.9992649555206299,0.5203643441200256,0.4533470869064331,-0.08549009263515472,0.9992657899856567,0.5289573669433594,0.4549877941608429,-0.08537860214710236,0.9993849396705627,0.4932144284248352,0.4534846842288971,-0.051811523735523224,0.9995347261428833,0.4890347123146057,0.45340389013290405,-0.05246371775865555,0.9996050596237183,0.48452457785606384,0.45308545231819153,-0.052728839218616486,0.9996902942657471,0.5528699159622192,0.4706437885761261,-0.020855477079749107,0.9994563460350037,0.4962943494319916,0.4626809358596802,0.13218416273593903,0.9993869662284851,0.5155842304229736,0.518429160118103,-0.07075990736484528,0.9990642070770264,0.4907899498939514,0.5155915021896362,-0.03071395680308342,0.9991695880889893,0.6069290041923523,0.6473843455314636,-0.023553062230348587,0.9996946454048157,0.45029038190841675,0.6372735500335693,0.30426475405693054,0.9997090697288513,0.6687540411949158,0.7983508706092834,-0.04097570478916168,0.9302579164505005,0.33327943086624146,0.7180169224739075,0.5379865765571594,0.5451313853263855,0.6183382868766785,0.5072317123413086,0.04352665692567825,0.9499651193618774,0.36464571952819824,0.5029593706130981,0.692449152469635,0.9267693161964417,0.6226021647453308,0.45076480507850647,0.05001252889633179,0.9484692811965942,0.37278375029563904,0.45649999380111694,0.7243711352348328,0.9143905639648438,0.6259728670120239,0.44160693883895874,0.06183137744665146,0.9563692808151245,0.38572996854782104,0.4477056860923767,0.725381076335907,0.923852264881134,0.6187779903411865,0.4673134386539459,0.05664563924074173,0.9475014805793762,0.3861696720123291,0.4668779969215393,0.6925693154335022,0.9328280687332153,0.565925121307373,1.0772175788879395,-0.09319348633289337,0.43158620595932007,0.46364861726760864,1.077783226966858,0.09287957102060318,0.4785475730895996,0.5865166783332825,1.5877511501312256,-0.28293219208717346,0.0009785339934751391,0.45937126874923706,1.5396233797073364,0.007000230252742767,0.0006716706557199359,0.5838442444801331,1.9923514127731323,-0.44244447350502014,0.0006024303147569299,0.45275992155075073,1.9403079748153687,0.11934058368206024,0.00019812160462606698,0.6012234091758728,2.0527687072753906,-0.46409839391708374,0.001960177905857563,0.45378342270851135,1.9970250129699707,0.12646415829658508,0.0008000475354492664,0.5308322310447693,2.0979857444763184,-0.6371070146560669,0.001113754347898066,0.45062369108200073,2.056011438369751,0.0424983873963356,0.00027834755019284785
0.4943411350250244,0.4857212007045746,-0.125197172164917,0.999696671962738,0.5117508172988892,0.45310714840888977,-0.11955592781305313,0.9993364810943604,0.5202686786651611,0.45349007844924927,-0.11980660259723663,0.9993373155593872,0.5286761522293091,0.4550071656703949,-0.11972135305404663,0.9994446635246277,0.49368682503700256,0.45426008105278015,-0.08174313604831696,0.9995797276496887,0.4893830418586731,0.4541224539279938,-0.08240361511707306,0.999643087387085,0.4847605228424072,0.45361748337745667,-0.08263131976127625,0.9997199177742004,0.5527697801589966,0.470765084028244,-0.05716242641210556,0.9995096325874329,0.497530072927475,0.46261075139045715,0.1178276538848877,0.9994459748268127,0.5150980353355408,0.5185691118240356,-0.09529061615467072,0.9991551637649536,0.4908681809902191,0.515826940536499,-0.04901245981454849,0.9992497563362122,0.6076573133468628,0.6489391326904297,-0.039481986314058304,0.9997208118438721,0.45082077383995056,0.6375592350959778,0.28711026906967163,0.9997328519821167,0.6704234480857849,0.8432980179786682,-0.09060102701187134,0.9349337220191956,0.33399179577827454,0.741855263710022,0.4788714349269867,0.5589115619659424,0.6175086498260498,0.5447125434875488,-0.06092515587806702,0.9537597298622131,0.3642234802246094,0.526080846786499,0.5573350787162781,0.9304906129837036,0.6233325600624084,0.4844517111778259,-0.07895464450120926,0.9519575834274292,0.3691905736923218,0.4772522747516632,0.5758660435676575,0.917899489402771,0.6242343783378601,0.4751349985599518,-0.07296466827392578,0.959174633026123,0.38386252522468567,0.4681130349636078,0.5737729072570801,0.9268152117729187,0.6151123642921448,0.5009012222290039,-0.05900675803422928,0.9503618478775024,0.3856658637523651,0.4872187376022339,0.5543917417526245,0.9351798892021179,0.5659622550010681,1.104207158088684,-0.09943543374538422,0.43613487482070923,0.4639054238796234,1.078456997871399,0.09911657869815826,0.4846037030220032,0.5859805941581726,1.5891165733337402,-0.2756202518939972,0.0012530311942100525,0.4590705335140228,1.541258454322815,-0.013334609568119049,0.000821947876829654,0.5831610560417175,1.9903701543807983,-0.4090331494808197,0.0007140675443224609,0.452951043844223,1.9406907558441162,0.11746964603662491,0.00022695559891872108,0.6008315086364746,2.049325466156006,-0.43638959527015686,0.0022175784688442945,0.4551311433315277,1.9979501962661743,0.12700827419757843,0.0009245003457181156,0.5299299955368042,2.0951178073883057,-0.5844565629959106,0.0012899222783744335,0.4457643926143646,2.053441047668457,0.04611031338572502,0.000316590943839401
0.4945715367794037,0.4861193001270294,-0.18404464423656464,0.999723494052887,0.511865496635437,0.45341622829437256,-0.17635579407215118,0.9993978142738342,0.5202363729476929,0.4536926746368408,-0.176622673869133,0.9993987679481506,0.5285788774490356,0.4550277590751648,-0.17653337121009827,0.9994956254959106,0.49409669637680054,0.45463940501213074,-0.13987264037132263,0.9996179342269897,0.48980385065078735,0.4543911814689636,-0.14049778878688812,0.9996752142906189,0.4851680397987366,0.4537730813026428,-0.14072439074516296,0.9997448325157166,0.5527908205986023,0.47076746821403503,-0.10059322416782379,0.9995554089546204,0.4982433319091797,0.4626195728778839,0.06768582761287689,0.9994958639144897,0.5139043927192688,0.5187281370162964,-0.14864617586135864,0.9992340803146362,0.49080944061279297,0.5158175230026245,-0.104206383228302,0.9993188381195068,0.6096140146255493,0.6508538126945496,-0.08385621011257172,0.9997414946556091,0.45123767852783203,0.6385993957519531,0.27217167615890503,0.999752402305603,0.6714503765106201,0.8730847835540771,-0.2784681022167206,0.9388454556465149,0.334724485874176,0.7690789103507996,0.39472484588623047,0.5717512369155884,0.6164135932922363,0.5809215307235718,-0.47659367322921753,0.9574154019355774,0.36203622817993164,0.5521264672279358,0.4180298447608948,0.935474157333374,0.6238270401954651,0.5113800168037415,-0.5209897756576538,0.9553978443145752,0.36010122299194336,0.5022034645080566,0.41390880942344666,0.9233408570289612,0.6233464479446411,0.5006489753723145,-0.5031965970993042,0.9619569182395935,0.3782070279121399,0.4925374388694763,0.3954532742500305,0.9315517544746399,0.6129559278488159,0.5297659039497375,-0.4688758850097656,0.95309978723526,0.3836609125137329,0.5129231810569763,0.407337486743927,0.9390413165092468,0.5674068927764893,1.1196954250335693,-0.0945068895816803,0.4328222870826721,0.4646034836769104,1.0861085653305054,0.09415797889232635,0.4843067228794098,0.5856119394302368,1.5940414667129517,-0.2679018974304199,0.0013045803643763065,0.4561869502067566,1.5414705276489258,-0.01943695917725563,0.0009113570558838546,0.5829567909240723,1.9914422035217285,-0.31288284063339233,0.0007401404436677694,0.4529048502445221,1.9397422075271606,0.07089678943157196,0.00023902425891719759,0.6002910137176514,2.050621747970581,-0.3275720179080963,0.0022607750725001097,0.4545803964138031,1.9980778694152832,0.07992441952228546,0.000989501248113811,0.5301272869110107,2.094942808151245,-0.499544233083725,0.001333971624262631,0.44061484932899475,2.0500552654266357,-0.020793242380023003,0.00033810301101766527
0.4947427213191986,0.484857439994812,-0.2381213903427124,0.9997472167015076,0.5120152831077576,0.4531663656234741,-0.23281662166118622,0.9994524717330933,0.5203496217727661,0.453471302986145,-0.2331087291240692,0.9994537234306335,0.5286703109741211,0.4547566771507263,-0.2330269068479538,0.9995410442352295,0.49437060952186584,0.4536314308643341,-0.19530577957630157,0.9996519684791565,0.4900221824645996,0.4530627429485321,-0.19594593346118927,0.9997040629386902,0.48525944352149963,0.4521864652633667,-0.19618278741836548,0.9997670650482178,0.5532552599906921,0.47081565856933594,-0.16075927019119263,0.9995964765548706,0.5005831718444824,0.46070200204849243,0.011456342414021492,0.9995407462120056,0.5124257802963257,0.5184412598609924,-0.2039824277162552,0.9993056654930115,0.4906269609928131,0.513815701007843,-0.1582188904285431,0.9993816018104553,0.6117257475852966,0.6550280451774597,-0.13934066891670227,0.9997605085372925,0.4523952901363373,0.6400866508483887,0.2108149528503418,0.9997704029083252,0.6711939573287964,0.8939198851585388,-0.3451734185218811,0.9425953030586243,0.33644211292266846,0.7933518886566162,0.326327919960022,0.5798211693763733,0.6143302321434021,0.6132073998451233,-0.5776668787002563,0.9609728455543518,0.3612876832485199,0.5799984335899353,0.26039567589759827,0.9406539797782898,0.6209011077880859,0.5480795502662659,-0.6275848150253296,0.9590145349502563,0.35698971152305603,0.5247583985328674,0.2505003809928894,0.9294302463531494,0.623523473739624,0.5317873358726501,-0.6111594438552856,0.9649776220321655,0.3768315017223358,0.5136041045188904,0.23730285465717316,0.9369467496871948,0.6130913496017456,0.5564547777175903,-0.5709332823753357,0.9563918709754944,0.38374707102775574,0.5336166620254517,0.24959459900856018,0.9436296224594116,0.5685847997665405,1.1307016611099243,-0.09497098624706268,0.42393606901168823,0.46552586555480957,1.0955040454864502,0.09458111226558685,0.47811466455459595,0.5856205821037292,1.609108805656433,-0.26173871755599976,0.0013580963714048266,0.4561859965324402,1.5485217571258545,-0.046600453555583954,0.000949770794250071,0.5835034251213074,1.9925341606140137,-0.3188609778881073,0.0008149647619575262,0.4540623128414154,1.940100908279419,0.08255745470523834,0.00024999069864861667,0.6008582711219788,2.052168369293213,-0.3348294198513031,0.002479942748323083,0.4568624496459961,1.9990441799163818,0.09275492280721664,0.0010705599561333656,0.5313718914985657,2.09523344039917,-0.5155496001243591,0.0014893494080752134,0.44078534841537476,2.0502865314483643,-0.00856880284845829,0.00036372177419252694
0.4948837161064148,0.4841581881046295,-0.23905332386493683,0.9997676610946655,0.5121304392814636,0.4531317949295044,-0.23241202533245087,0.9994996786117554,0.5204378366470337,0.45346614718437195,-0.23272959887981415,0.999501645565033,0.5287587642669678,0.4547640085220337,-0.23267431557178497,0.9995802044868469,0.4945869445800781,0.45278891921043396,-0.19579705595970154,0.9996813535690308,0.4902113378047943,0.45192745327949524,-0.19643762707710266,0.9997292160987854,0.48534464836120605,0.4507818818092346,-0.19670775532722473,0.9997860789299011,0.5533736944198608,0.4710383415222168,-0.15646062791347504,0.9996324777603149,0.500786542892456,0.45981618762016296,0.01145870890468359,0.9995791912078857,0.5115662217140198,0.5181723237037659,-0.2040736973285675,0.9993685483932495,0.4905187487602234,0.512852132320404,-0.15946924686431885,0.9994362592697144,0.612820029258728,0.6588172316551208,-0.1345720887184143,0.9997764229774475,0.452413409948349,0.6410627365112305,0.2053508460521698,0.9997841715812683,0.6723925471305847,0.9110634922981262,-0.3064630627632141,0.9458369612693787,0.34063026309013367,0.8072344660758972,0.2983071208000183,0.5771732926368713,0.6136001348495483,0.6428026556968689,-0.5266184210777283,0.9640691876411438,0.3611079454421997,0.5958374738693237,0.19072937965393066,0.9452633261680603,0.6191175580024719,0.5843139290809631,-0.5725489854812622,0.9622961282730103,0.35656073689460754,0.5444223284721375,0.17659035325050354,0.9351376295089722,0.6237426400184631,0.5652176141738892,-0.5597535371780396,0.9677375555038452,0.375640332698822,0.5298241972923279,0.1632089912891388,0.942009687423706,0.6137346029281616,0.5873253345489502,-0.520413339138031,0.9594711065292358,0.3831140995025635,0.5471317768096924,0.17897602915763855,0.947992742061615,0.5687927007675171,1.1233865022659302,-0.0988231897354126,0.4236621558666229,0.4660990238189697,1.098211646080017,0.09838344901800156,0.4785673916339874,0.5855209231376648,1.609122395515442,-0.2815825343132019,0.0015559097519144416,0.45652395486831665,1.5491490364074707,-0.04876447841525078,0.0010013093706220388,0.5833163261413574,1.990884780883789,-0.3915156126022339,0.0009624269441701472,0.45750299096107483,1.9412198066711426,0.08311910182237625,0.0002660712052602321,0.6009749174118042,2.0511953830718994,-0.41161054372787476,0.002876630052924156,0.4615844786167145,2.0003912448883057,0.09227948635816574,0.0011800252832472324,0.5312793850898743,2.088204860687256,-0.5934987664222717,0.0017786911921575665,0.441072553396225,2.0501132011413574,-0.002455341164022684,0.0003927716170437634
0.49446171522140503,0.4831511080265045,-0.21072781085968018,0.9997866153717041,0.510901689529419,0.4530596435070038,-0.20009751617908478,0.9995428919792175,0.518843948841095,0.45339295268058777,-0.2004031389951706,0.9995455741882324,0.5268526077270508,0.45463889837265015,-0.20033705234527588,0.9996164441108704,0.49474531412124634,0.45214343070983887,-0.1653389036655426,0.9997080564498901,0.4903828203678131,0.4510737955570221,-0.16598699986934662,0.9997521638870239,0.48571720719337463,0.449676513671875,-0.16623440384864807,0.9998034238815308,0.5522619485855103,0.47111865878105164,-0.12743881344795227,0.9996655583381653,0.502495288848877,0.459675669670105,0.03389286249876022,0.9996137022972107,0.5094379782676697,0.5171507596969604,-0.1763445883989334,0.999427080154419,0.49042949080467224,0.5111513137817383,-0.13481344282627106,0.9994871020317078,0.6132329702377319,0.6589640974998474,-0.11764249950647354,0.9997947812080383,0.45241695642471313,0.6409839391708374,0.2072296142578125,0.9997997283935547,0.6724278926849365,0.9216055870056152,-0.2889508605003357,0.9493653178215027,0.345225989818573,0.8156657814979553,0.2607552707195282,0.5780220031738281,0.6130224466323853,0.6643221974372864,-0.5470343828201294,0.9671278595924377,0.36067408323287964,0.6106430292129517,0.08847597986459732,0.9494158029556274,0.6177489757537842,0.6169983744621277,-0.5990257859230042,0.9655198454856873,0.3567066788673401,0.5599024295806885,0.06308214366436005,0.9403471946716309,0.6239185929298401,0.5919420123100281,-0.5882743000984192,0.9704720973968506,0.3753679096698761,0.5437321662902832,0.049994390457868576,0.9466410875320435,0.6137939691543579,0.6115566492080688,-0.5425531268119812,0.9626734256744385,0.3829197287559509,0.5594766139984131,0.07508904486894608,0.9520231485366821,0.5693100690841675,1.1010137796401978,-0.09707995504140854,0.42732125520706177,0.4672465920448303,1.0938810110092163,0.09661917388439178,0.48065751791000366,0.5895092487335205,1.6021113395690918,-0.29632434248924255,0.0017714689020067453,0.4578474462032318,1.5457261800765991,-0.04991481080651283,0.0010880159679800272,0.5875939726829529,1.9683096408843994,-0.42316895723342896,0.0011113882064819336,0.46566224098205566,1.9307841062545776,0.0668046846985817,0.000290050869807601,0.6051937937736511,2.027287483215332,-0.4447392523288727,0.0031842663884162903,0.47119927406311035,1.9888197183609009,0.07488202303647995,0.0013007224770262837,0.5362193584442139,2.0595180988311768,-0.6283038258552551,0.0020343270152807236,0.44916361570358276,2.0383760929107666,-0.02137119695544243,0.000428302533691749
