x1,y1,z1,v1,x2,y2,z2,v2,x3,y3,z3,v3,x4,y4,z4,v4,x5,y5,z5,v5,x6,y6,z6,v6,x7,y7,z7,v7,x8,y8,z8,v8,x9,y9,z9,v9,x10,y10,z10,v10,x11,y11,z11,v11,x12,y12,z12,v12,x13,y13,z13,v13,x14,y14,z14,v14,x15,y15,z15,v15,x16,y16,z16,v16,x17,y17,z17,v17,x18,y18,z18,v18,x19,y19,z19,v19,x20,y20,z20,v20,x21,y21,z21,v21,x22,y22,z22,v22,x23,y23,z23,v23,x24,y24,z24,v24,x25,y25,z25,v25,x26,y26,z26,v26,x27,y27,z27,v27,x28,y28,z28,v28,x29,y29,z29,v29,x30,y30,z30,v30,x31,y31,z31,v31,x32,y32,z32,v32,x33,y33,z33,v33
0.49880895018577576,0.17374815046787262,-0.3986302614212036,0.9710450172424316,0.5063766241073608,0.15109239518642426,-0.3884069323539734,0.962076723575592,0.5104324221611023,0.14983490109443665,-0.3887464702129364,0.9605355262756348,0.5145288705825806,0.14862139523029327,-0.3886481523513794,0.968803346157074,0.49407362937927246,0.15072138607501984,-0.38423019647598267,0.9710518717765808,0.4900246262550354,0.14919164776802063,-0.3846205770969391,0.9737938046455383,0.4852294325828552,0.1480908989906311,-0.384848415851593,0.982775092124939,0.5205570459365845,0.14415957033634186,-0.28422269225120544,0.9736602306365967,0.48704904317855835,0.13948886096477509,-0.26688438653945923,0.9773392081260681,0.5063689947128296,0.1854301393032074,-0.35283786058425903,0.9620715379714966,0.49255189299583435,0.18334569036960602,-0.35010629892349243,0.9569024443626404,0.5556499361991882,0.23127169907093048,-0.21799235045909882,0.9997230172157288,0.4657493233680725,0.22981271147727966,-0.14924827218055725,0.998225212097168,0.552505612373352,0.3624403774738312,-0.22038576006889343,0.5846533179283142,0.47044986486434937,0.3340287208557129,-0.16968253254890442,0.08623778074979782,0.5268478989601135,0.4819936454296112,-0.2965281307697296,0.32229408621788025,0.48041266202926636,0.4462655484676361,-0.31120243668556213,0.08886130899190903,0.5219513773918152,0.5175449252128601,-0.3284415006637573,0.3388310968875885,0.48205041885375977,0.47332149744033813,-0.3491884469985962,0.08788968622684479,0.5154128670692444,0.5163516402244568,-0.349356472492218,0.33632397651672363,0.48514875769615173,0.4664902687072754,-0.3693768382072449,0.08955272287130356,0.5156470537185669,0.5048148036003113,-0.3036021888256073,0.2758494019508362,0.4853188097476959,0.45367202162742615,-0.3230780363082886,0.08275729417800903,0.5487999320030212,0.43957993388175964,-0.02197309210896492,0.999848484992981,0.5032099485397339,0.4160473644733429,0.021804647520184517,0.9997896552085876,0.5838824510574341,0.5784757733345032,-0.2814190089702606,0.742050290107727,0.4442509114742279,0.5533525943756104,-0.27598899602890015,0.13230957090854645,0.5888654589653015,0.7321684956550598,-0.08743104338645935,0.878993034362793,0.4436582028865814,0.7227854132652283,-0.0664224773645401,0.175703227519989,0.5859541296958923,0.755077600479126,-0.07205022126436234,0.8555073738098145,0.4545087218284607,0.7521982192993164,-0.048736900091171265,0.25430575013160706,0.5966753959655762,0.7969115376472473,-0.20891913771629333,0.8865106701850891,0.4187539517879486,0.7766678929328918,-0.1720663458108902,0.2282688170671463
0.5066690444946289,0.1912243664264679,-0.43930721282958984,0.9738566875457764,0.5116513967514038,0.16550110280513763,-0.4276714324951172,0.9657072424888611,0.5158629417419434,0.1637776494026184,-0.42800799012184143,0.9642994403839111,0.5194826722145081,0.16299355030059814,-0.42792049050331116,0.9717833995819092,0.4992009103298187,0.16704954206943512,-0.4272032380104065,0.9738386273384094,0.49387532472610474,0.16675034165382385,-0.42758846282958984,0.9763298630714417,0.4898599088191986,0.16607946157455444,-0.42782631516456604,0.9844378232955933,0.5245288014411926,0.16103540360927582,-0.31353479623794556,0.9760590195655823,0.48696368932724,0.16088968515396118,-0.31240519881248474,0.9793210625648499,0.5137975215911865,0.20343834161758423,-0.3895311653614044,0.9656503200531006,0.49916815757751465,0.20396487414836884,-0.3913770914077759,0.9610347747802734,0.5616784691810608,0.2563983201980591,-0.22840531170368195,0.9997429251670837,0.46003279089927673,0.25204506516456604,-0.1917915940284729,0.9983901381492615,0.5577065348625183,0.37656351923942566,-0.20780989527702332,0.6169907450675964,0.4672514498233795,0.35478705167770386,-0.1991117298603058,0.15125180780887604,0.5309065580368042,0.4904259443283081,-0.2809986472129822,0.3637350797653198,0.4781944155693054,0.47255074977874756,-0.3226698338985443,0.14917944371700287,0.5268974304199219,0.5231720805168152,-0.31071358919143677,0.3707199692726135,0.4786767065525055,0.49858638644218445,-0.35837608575820923,0.13948310911655426,0.5210469961166382,0.5181878805160522,-0.3308137059211731,0.37028324604034424,0.4818829596042633,0.49590352177619934,-0.3794342875480652,0.14372116327285767,0.5206314325332642,0.5098707675933838,-0.2879948914051056,0.30635306239128113,0.48244667053222656,0.48546743392944336,-0.33406198024749756,0.12812171876430511,0.5505709052085876,0.4531209170818329,-0.01050159428268671,0.9998583197593689,0.4960346817970276,0.4432918131351471,0.010347118601202965,0.9998047947883606,0.5847542881965637,0.5741294026374817,-0.2697274684906006,0.7668342590332031,0.4377031922340393,0.5457040667533875,-0.2692956030368805,0.21624353528022766,0.5937577486038208,0.7248988747596741,-0.0558025948703289,0.885786771774292,0.4392126500606537,0.7099178433418274,-0.055535800755023956,0.25245237350463867,0.5888186693191528,0.7503766417503357,-0.03937147557735443,0.8442738056182861,0.45196008682250977,0.7382978796958923,-0.03745230287313461,0.3029248118400574,0.6051262021064758,0.7920016050338745,-0.16702155768871307,0.8914141654968262,0.4160226285457611,0.7628372311592102,-0.16024965047836304,0.29818281531333923
0.5040287971496582,0.18143479526042938,-0.48219770193099976,0.9764498472213745,0.5098618865013123,0.15903933346271515,-0.47156286239624023,0.9690977931022644,0.5140627026557922,0.15816377103328705,-0.47189974784851074,0.9678226709365845,0.5182293057441711,0.15747427940368652,-0.4718073308467865,0.97456955909729,0.49816328287124634,0.1581227034330368,-0.4689064621925354,0.9764288067817688,0.4933026432991028,0.1574157327413559,-0.4692842364311218,0.9786756634712219,0.4890355169773102,0.15659767389297485,-0.4695093631744385,0.985978901386261,0.5237010717391968,0.15667572617530823,-0.35848337411880493,0.9783945679664612,0.48730844259262085,0.1552930325269699,-0.3474619388580322,0.981312096118927,0.5112980604171753,0.19675053656101227,-0.43298226594924927,0.9690361022949219,0.4982597827911377,0.19628745317459106,-0.4318504333496094,0.9648894667625427,0.561488926410675,0.252128541469574,-0.266843318939209,0.9997643828392029,0.46159785985946655,0.24753323197364807,-0.21805131435394287,0.998544454574585,0.5603216290473938,0.37705981731414795,-0.24444231390953064,0.6508780121803284,0.4630814492702484,0.3573054075241089,-0.2257552444934845,0.21981987357139587,0.5341944098472595,0.4863578677177429,-0.3200848698616028,0.41379815340042114,0.4757806360721588,0.46919503808021545,-0.3644479215145111,0.2168501913547516,0.5315548181533813,0.5150083899497986,-0.3530447483062744,0.41343584656715393,0.4775460362434387,0.4936523139476776,-0.4041057527065277,0.20029933750629425,0.5233927965164185,0.5109471082687378,-0.36859986186027527,0.41419339179992676,0.4817117750644684,0.49468961358070374,-0.425609290599823,0.20620332658290863,0.5223084688186646,0.5039236545562744,-0.32600685954093933,0.34848544001579285,0.4821647107601166,0.48590171337127686,-0.3764563500881195,0.18406569957733154,0.551226794719696,0.4531993567943573,-0.012955456972122192,0.9998685121536255,0.4957806468009949,0.44745153188705444,0.012806691229343414,0.9998202323913574,0.5863800048828125,0.5755966901779175,-0.24922768771648407,0.7891618013381958,0.4373358190059662,0.5527206659317017,-0.2450568675994873,0.29231297969818115,0.5951691269874573,0.728608250617981,-0.02573539689183235,0.8927231431007385,0.44013452529907227,0.7166320085525513,-0.02825259231030941,0.32303160429000854,0.5918960571289062,0.752516508102417,-0.009042651392519474,0.8354356288909912,0.45242470502853394,0.7442596554756165,-0.010250561870634556,0.35080602765083313,0.6054588556289673,0.7924990057945251,-0.14082591235637665,0.8967666029930115,0.41494959592819214,0.7746176719665527,-0.1381407380104065,0.3629678189754486
0.5041452646255493,0.17984767258167267,-0.5109301805496216,0.9787821769714355,0.5098016858100891,0.15846620500087738,-0.5022603273391724,0.9721466898918152,0.5144755840301514,0.1574903279542923,-0.5026088356971741,0.9709908962249756,0.5191020965576172,0.15625852346420288,-0.5025132894515991,0.9770748019218445,0.49834614992141724,0.15712419152259827,-0.498079776763916,0.9787574410438538,0.49434295296669006,0.1553516983985901,-0.49846547842025757,0.9807853698730469,0.48980849981307983,0.1536274552345276,-0.49868321418762207,0.9873644709587097,0.5249285697937012,0.15339022874832153,-0.38956907391548157,0.9804959297180176,0.48774608969688416,0.15069574117660522,-0.3715395927429199,0.9830966591835022,0.51194167137146,0.19444766640663147,-0.4610835611820221,0.9720861315727234,0.49926429986953735,0.19311346113681793,-0.457939088344574,0.9683602452278137,0.5609886646270752,0.24481186270713806,-0.28905409574508667,0.9997844099998474,0.4632292687892914,0.23879596590995789,-0.23424729704856873,0.998684287071228,0.5619334578514099,0.37522727251052856,-0.2704079747200012,0.682007908821106,0.4635041356086731,0.3510946035385132,-0.24262848496437073,0.28287994861602783,0.5362468957901001,0.4744555950164795,-0.37226513028144836,0.4626305103302002,0.47444218397140503,0.4559628665447235,-0.3964591920375824,0.281538724899292,0.5338255167007446,0.49958741664886475,-0.4120590090751648,0.4572348892688751,0.47616133093833923,0.48344460129737854,-0.4397936761379242,0.26031526923179626,0.5256277322769165,0.4942169487476349,-0.43556270003318787,0.45874378085136414,0.4803386628627777,0.48296377062797546,-0.46284207701683044,0.26753488183021545,0.5249457955360413,0.486530601978302,-0.3822169899940491,0.3918534219264984,0.48100271821022034,0.47115185856819153,-0.40945783257484436,0.2397470921278,0.5518887042999268,0.4501511752605438,-0.012490632012486458,0.9998781085014343,0.49496573209762573,0.4465460777282715,0.012349081225693226,0.999834418296814,0.5867865085601807,0.5770487189292908,-0.23872891068458557,0.809169352054596,0.43971341848373413,0.5548930764198303,-0.249543696641922,0.36104366183280945,0.595007061958313,0.734087347984314,-0.014446796849370003,0.899772047996521,0.43937915563583374,0.7123335003852844,-0.031265515834093094,0.3872481882572174,0.5910392999649048,0.7590994238853455,0.0010995620395988226,0.830108642578125,0.45088037848472595,0.7402470707893372,-0.013935714960098267,0.39606961607933044,0.6076727509498596,0.7927992939949036,-0.14114540815353394,0.9026786684989929,0.41348639130592346,0.7735652327537537,-0.15312477946281433,0.4222658574581146
0.5066527128219604,0.17041994631290436,-0.4522063136100769,0.9808518886566162,0.5132423043251038,0.14918556809425354,-0.4417571425437927,0.974837064743042,0.5181108117103577,0.1480190008878708,-0.4421064853668213,0.9737904071807861,0.5211367011070251,0.14685440063476562,-0.44202154874801636,0.9792904853820801,0.5005615949630737,0.1478632539510727,-0.4391494393348694,0.9808058738708496,0.4962638318538666,0.14636191725730896,-0.43953004479408264,0.982646644115448,0.49243441224098206,0.1451905220746994,-0.43976539373397827,0.9885808825492859,0.526099681854248,0.14406967163085938,-0.3306465446949005,0.9823377728462219,0.48769035935401917,0.142542764544487,-0.318281352519989,0.9845635890960693,0.5142806768417358,0.18473875522613525,-0.40291255712509155,0.9747637510299683,0.5002297163009644,0.18342766165733337,-0.40187469124794006,0.9714050889015198,0.5627692937850952,0.23679327964782715,-0.2705579400062561,0.9998013973236084,0.46378159523010254,0.2313445806503296,-0.18941327929496765,0.9987989068031311,0.5638056993484497,0.3732995390892029,-0.22623252868652344,0.709518313407898,0.46333104372024536,0.34494391083717346,-0.2002519816160202,0.32271966338157654,0.5354674458503723,0.47268015146255493,-0.31923308968544006,0.5041095018386841,0.47608599066734314,0.44764846563339233,-0.33414971828460693,0.3075556457042694,0.5318280458450317,0.4972324073314667,-0.35429662466049194,0.4938613772392273,0.4790864586830139,0.47143301367759705,-0.3721570670604706,0.28169456124305725,0.5250410437583923,0.4933377504348755,-0.3761514723300934,0.49615049362182617,0.4817398190498352,0.47129055857658386,-0.39268818497657776,0.29067960381507874,0.5250769853591919,0.48517167568206787,-0.3273058831691742,0.4277559220790863,0.4821956157684326,0.46820777654647827,-0.3458331227302551,0.2571622431278229,0.5523349046707153,0.4499590992927551,-0.012334399856626987,0.999887228012085,0.49528202414512634,0.4483148455619812,0.012212696485221386,0.9998465776443481,0.5846338272094727,0.5770171880722046,-0.24020162224769592,0.8277366757392883,0.441235214471817,0.5509364008903503,-0.24287736415863037,0.4235776662826538,0.5953848361968994,0.7335070967674255,-0.03015386126935482,0.907771110534668,0.440042108297348,0.7162586450576782,-0.04163282364606857,0.4461429715156555,0.5916483402252197,0.7578912377357483,-0.015869177877902985,0.8328805565834045,0.45012569427490234,0.7437957525253296,-0.02555869147181511,0.44260337948799133,0.608370304107666,0.791287899017334,-0.15347787737846375,0.9096285700798035,0.4117295742034912,0.7759501338005066,-0.15901175141334534,0.4767194390296936
0.5050318241119385,0.16557154059410095,-0.4295193552970886,0.9827060699462891,0.5123063325881958,0.1441381275653839,-0.4209727644920349,0.9772358536720276,0.5178209543228149,0.1429162621498108,-0.4213036596775055,0.9762855172157288,0.5209758281707764,0.14184807240962982,-0.42120617628097534,0.9812681078910828,0.4996652603149414,0.1432027518749237,-0.41655653715133667,0.9826279282569885,0.49578720331192017,0.14169491827487946,-0.41695207357406616,0.9843056201934814,0.49198418855667114,0.1403055340051651,-0.41717734932899475,0.9896652102470398,0.5268192291259766,0.1393662840127945,-0.3154412508010864,0.9839593172073364,0.4878722131252289,0.13807222247123718,-0.2956961989402771,0.9858142733573914,0.5128817558288574,0.1795128732919693,-0.3822156488895416,0.97713702917099,0.4987930655479431,0.17847029864788055,-0.3788144886493683,0.9741080403327942,0.5641921162605286,0.23119807243347168,-0.2386949062347412,0.9998161792755127,0.46411266922950745,0.2277270406484604,-0.16590122878551483,0.9989035129547119,0.565398097038269,0.3661757707595825,-0.19530172646045685,0.734667181968689,0.46357297897338867,0.33003026247024536,-0.15046802163124084,0.36385878920555115,0.536155104637146,0.4614497423171997,-0.27458593249320984,0.5446232557296753,0.47565561532974243,0.42536547780036926,-0.2616305947303772,0.3427888751029968,0.5318158268928528,0.4875600039958954,-0.3062979578971863,0.530533492565155,0.4781396985054016,0.4551234841346741,-0.2941177487373352,0.31186822056770325,0.5241686105728149,0.48285335302352905,-0.32664722204208374,0.5334384441375732,0.4805346131324768,0.4445381462574005,-0.3169962465763092,0.32253769040107727,0.5246795415878296,0.4740394651889801,-0.2816735804080963,0.4648675322532654,0.4814773201942444,0.4350855052471161,-0.2736138105392456,0.28387337923049927,0.5526684522628784,0.4467238485813141,-0.012374212965369225,0.9998944401741028,0.49622687697410583,0.44291332364082336,0.012235184200108051,0.999856173992157,0.5846854448318481,0.5689736604690552,-0.23099584877490997,0.8442961573600769,0.4421958327293396,0.547700822353363,-0.2267380654811859,0.47974342107772827,0.5950998067855835,0.7365679144859314,-0.045027680695056915,0.9150488972663879,0.43876561522483826,0.7153711318969727,-0.04417707771062851,0.4990670084953308,0.5907557010650635,0.7629416584968567,-0.03386082127690315,0.8349863290786743,0.44896283745765686,0.742097795009613,-0.03022029437124729,0.4830215573310852,0.6102167963981628,0.7912378311157227,-0.17030729353427887,0.9160929322242737,0.4116663336753845,0.7700496315956116,-0.16419091820716858,0.5257934331893921
0.5058045983314514,0.15927007794380188,-0.3916144371032715,0.9844068288803101,0.5137929916381836,0.1406346708536148,-0.3829266428947449,0.97945636510849,0.5189453959465027,0.13931472599506378,-0.3832460343837738,0.9785977602005005,0.5219130516052246,0.13842463493347168,-0.3831503987312317,0.9830946326255798,0.5002169013023376,0.1374889463186264,-0.3776056170463562,0.9843210577964783,0.4960426688194275,0.1349765509366989,-0.37798863649368286,0.9858413934707642,0.49235525727272034,0.133705273270607,-0.37820205092430115,0.9906715154647827,0.5284227132797241,0.13493135571479797,-0.294472873210907,0.9854980707168579,0.4879959225654602,0.13194045424461365,-0.2613452970981598,0.9871079325675964,0.5136876106262207,0.17245815694332123,-0.34817034006118774,0.9793568849563599,0.4995885491371155,0.16948401927947998,-0.34354767203330994,0.9766291379928589,0.5651687383651733,0.23089109361171722,-0.20879259705543518,0.9998309016227722,0.46433311700820923,0.22466610372066498,-0.14500996470451355,0.9990019798278809,0.5692969560623169,0.362763375043869,-0.195929616689682,0.7572510242462158,0.4643365740776062,0.31985872983932495,-0.15862464904785156,0.4038933515548706,0.5406218767166138,0.45431506633758545,-0.2862234115600586,0.5795671939849854,0.4774642884731293,0.41126713156700134,-0.2900635898113251,0.3739369213581085,0.5352445840835571,0.4777042269706726,-0.3189380466938019,0.5628607273101807,0.4788271486759186,0.43910104036331177,-0.3260858654975891,0.33980974555015564,0.5280979871749878,0.47090497612953186,-0.3374217748641968,0.5661095380783081,0.48184290528297424,0.4285126030445099,-0.3461857736110687,0.35149186849594116,0.529181718826294,0.46356338262557983,-0.29298537969589233,0.49735569953918457,0.4832485616207123,0.4189556837081909,-0.30185866355895996,0.30866655707359314,0.552848219871521,0.44051432609558105,-0.01249578595161438,0.9999023079872131,0.4959894120693207,0.4415520131587982,0.01236099936068058,0.9998669028282166,0.5816524624824524,0.5596849918365479,-0.24731767177581787,0.8595710396766663,0.4446238577365875,0.5431921482086182,-0.23918834328651428,0.5309693217277527,0.5944492816925049,0.7323510050773621,-0.08073898404836655,0.9225223064422607,0.43802207708358765,0.7145212888717651,-0.08717026561498642,0.5479159951210022,0.59031742811203,0.7619701027870178,-0.07146908342838287,0.8429110050201416,0.4481586813926697,0.745031476020813,-0.07689784467220306,0.5260754823684692,0.6086084842681885,0.7894690036773682,-0.21951663494110107,0.9231937527656555,0.40989717841148376,0.7650062441825867,-0.21298730373382568,0.5716027021408081
0.5062193274497986,0.15815387666225433,-0.41461101174354553,0.9859435558319092,0.5143830180168152,0.13981693983078003,-0.4068361222743988,0.9814673066139221,0.5194679498672485,0.13829541206359863,-0.4071611762046814,0.9806906580924988,0.5223337411880493,0.13746601343154907,-0.40707024931907654,0.9847478270530701,0.5006672143936157,0.13608358800411224,-0.4029863774776459,0.9858550429344177,0.49638527631759644,0.13295260071754456,-0.40337634086608887,0.9872305393218994,0.49272841215133667,0.13153722882270813,-0.40359288454055786,0.9915836453437805,0.5288738012313843,0.13304245471954346,-0.30647948384284973,0.9868918061256409,0.48804959654808044,0.12842239439487457,-0.28821173310279846,0.9882964491844177,0.5143266916275024,0.1707434505224228,-0.3693173825740814,0.9813576936721802,0.4999893307685852,0.16711664199829102,-0.36644500494003296,0.9789024591445923,0.5655618906021118,0.22510439157485962,-0.21444852650165558,0.999843955039978,0.46438971161842346,0.2197273075580597,-0.1705312281847,0.9990926384925842,0.5735467076301575,0.3480968475341797,-0.19092832505702972,0.7759761810302734,0.46291232109069824,0.315750390291214,-0.17086903750896454,0.4453056752681732,0.5465190410614014,0.43889960646629333,-0.27149635553359985,0.6076977252960205,0.47591543197631836,0.39868494868278503,-0.28855228424072266,0.4133535921573639,0.5405353903770447,0.4719780683517456,-0.30068349838256836,0.5867003798484802,0.47677236795425415,0.4251454770565033,-0.322907418012619,0.37559178471565247,0.5339550971984863,0.4589538276195526,-0.32201436161994934,0.5906690359115601,0.4817171096801758,0.41556286811828613,-0.3425236940383911,0.38803228735923767,0.5347117185592651,0.44655364751815796,-0.27917423844337463,0.521152138710022,0.4833901822566986,0.40542709827423096,-0.29959267377853394,0.3408867418766022,0.5528886318206787,0.4309922456741333,-0.01126697938889265,0.9999087452888489,0.49517589807510376,0.4340275228023529,0.011114390566945076,0.9998758435249329,0.5803801417350769,0.5590624809265137,-0.2216191589832306,0.8731428384780884,0.44566211104393005,0.5501130819320679,-0.18299832940101624,0.576670229434967,0.5936282873153687,0.7333409786224365,-0.07167348265647888,0.9289029836654663,0.43711814284324646,0.7161889672279358,-0.03203099966049194,0.5915392637252808,0.5894892811775208,0.7622221112251282,-0.06431345641613007,0.8465530276298523,0.44786134362220764,0.7477278709411621,-0.021758470684289932,0.5616000890731812,0.6081704497337341,0.7900785803794861,-0.2155047357082367,0.9291787147521973,0.4061501920223236,0.7680102586746216,-0.14767234027385712,0.6123697757720947
0.5087956190109253,0.15750698745250702,-0.41071468591690063,0.9872944355010986,0.5165793299674988,0.13935601711273193,-0.4023299217224121,0.9832061529159546,0.5207075476646423,0.1380767971277237,-0.40265488624572754,0.9825035929679871,0.5239282846450806,0.13697932660579681,-0.4025748670101166,0.9861833453178406,0.5021827816963196,0.13516800105571747,-0.40019601583480835,0.9871724843978882,0.49744874238967896,0.1323121190071106,-0.40057459473609924,0.9884310364723206,0.49398455023765564,0.13094265758991241,-0.40079307556152344,0.9923650026321411,0.5292941331863403,0.13190272450447083,-0.3004838824272156,0.9880769848823547,0.48817330598831177,0.12783260643482208,-0.2893296778202057,0.9891800880432129,0.5170549154281616,0.17050866782665253,-0.3646218180656433,0.9830727577209473,0.5023254156112671,0.16706375777721405,-0.363827645778656,0.9808470606803894,0.567646861076355,0.2200026661157608,-0.21009962260723114,0.9998548626899719,0.46437254548072815,0.21714110672473907,-0.17730483412742615,0.9991669058799744,0.5763834118843079,0.3426104187965393,-0.18518486618995667,0.7911402583122253,0.46184253692626953,0.3132263720035553,-0.1828380674123764,0.4772559106349945,0.5470082759857178,0.4335615038871765,-0.2671772539615631,0.6269435882568359,0.47726187109947205,0.39854931831359863,-0.2920117676258087,0.4268241226673126,0.5402021408081055,0.46701058745384216,-0.2967737913131714,0.6010972261428833,0.47837114334106445,0.42482829093933105,-0.32588350772857666,0.38413506746292114,0.5341255068778992,0.45071038603782654,-0.3161223530769348,0.6060932874679565,0.4829942286014557,0.41616302728652954,-0.34267348051071167,0.3976737856864929,0.5352838635444641,0.4378643333911896,-0.2742141783237457,0.5343384742736816,0.48444947600364685,0.4063599407672882,-0.3016132712364197,0.34649795293807983,0.5527756214141846,0.43423300981521606,-0.00759358424693346,0.9999140501022339,0.493264764547348,0.4356563091278076,0.007450047880411148,0.999882698059082,0.5796043872833252,0.5646183490753174,-0.22508414089679718,0.8851893544197083,0.44587916135787964,0.5543104410171509,-0.16915321350097656,0.6167970895767212,0.593221127986908,0.7354440689086914,-0.06412903964519501,0.9339433312416077,0.43749937415122986,0.7137234807014465,-0.022347934544086456,0.6296928524971008,0.5891648530960083,0.7617080807685852,-0.05466298386454582,0.8468648791313171,0.44659653306007385,0.7448698282241821,-0.013935217633843422,0.5879160165786743,0.6083523631095886,0.7933127284049988,-0.1963164061307907,0.9334511756896973,0.40830832719802856,0.7640563249588013,-0.11902092397212982,0.6472725868225098
0.5064329504966736,0.15729212760925293,-0.3959072530269623,0.9885355234146118,0.5145326852798462,0.13829922676086426,-0.3892194330692291,0.9848307967185974,0.5196620225906372,0.13694532215595245,-0.3895435333251953,0.9841969013214111,0.5228004455566406,0.13591784238815308,-0.38946235179901123,0.9875211119651794,0.5006109476089478,0.13456885516643524,-0.38430169224739075,0.9884045720100403,0.4963545799255371,0.13188254833221436,-0.3846884071826935,0.9895479083061218,0.4927111268043518,0.13050447404384613,-0.38490191102027893,0.993095338344574,0.5291604995727539,0.13161621987819672,-0.29431483149528503,0.9892110228538513,0.48834753036499023,0.12735530734062195,-0.2701568305492401,0.9901034235954285,0.5146232843399048,0.170427143573761,-0.35199403762817383,0.9846779108047485,0.5004043579101562,0.16706198453903198,-0.3475612998008728,0.982660710811615,0.5675398111343384,0.21773087978363037,-0.1975426971912384,0.999864935874939,0.46485280990600586,0.2158903181552887,-0.1582341343164444,0.9992343783378601,0.5811417102813721,0.3359640836715698,-0.18054871261119843,0.8062452077865601,0.4617156982421875,0.3107035458087921,-0.16425900161266327,0.5036392211914062,0.5526533126831055,0.42023903131484985,-0.27525338530540466,0.6490808725357056,0.47676339745521545,0.39155495166778564,-0.28025496006011963,0.4323938190937042,0.5485658049583435,0.4465292990207672,-0.30694371461868286,0.6198790669441223,0.4788030982017517,0.41929909586906433,-0.31491824984550476,0.3860235810279846,0.5434315204620361,0.4291493594646454,-0.3261489272117615,0.6254091262817383,0.48350220918655396,0.4117954671382904,-0.33149054646492004,0.4004237949848175,0.5433948040008545,0.41976499557495117,-0.2827151119709015,0.5525801777839661,0.4847164750099182,0.3996540606021881,-0.290184885263443,0.34665876626968384,0.5524778962135315,0.43529900908470154,-0.008494152687489986,0.9999200105667114,0.493135929107666,0.43621113896369934,0.008331787772476673,0.9998903274536133,0.5810418725013733,0.5678008198738098,-0.21365216374397278,0.8962620496749878,0.4444822371006012,0.5568822026252747,-0.13317552208900452,0.6537299752235413,0.5950361490249634,0.7371535301208496,-0.0587039589881897,0.9391598105430603,0.43760237097740173,0.7154155969619751,0.02137306146323681,0.66501384973526,0.5894648432731628,0.7630555033683777,-0.05039969086647034,0.8494991660118103,0.44752153754234314,0.7476509809494019,0.031114164739847183,0.616376519203186,0.6084643006324768,0.7962583899497986,-0.18916556239128113,0.938094973564148,0.4057227075099945,0.7657920718193054,-0.09271387755870819,0.6799543499946594
0.5053711533546448,0.16218939423561096,-0.4251217842102051,0.989638090133667,0.5134072303771973,0.14253297448158264,-0.41793957352638245,0.9862688183784485,0.518729031085968,0.14113780856132507,-0.41827869415283203,0.9856972694396973,0.5224558115005493,0.14009983837604523,-0.4182056784629822,0.9887077808380127,0.5002700686454773,0.14084896445274353,-0.4146541655063629,0.9894891381263733,0.49623751640319824,0.13798066973686218,-0.41503411531448364,0.9905335903167725,0.4922111928462982,0.13526032865047455,-0.4152511954307556,0.9937354922294617,0.5291875004768372,0.13600699603557587,-0.31486445665359497,0.9902138710021973,0.489006906747818,0.12969927489757538,-0.29927822947502136,0.9908677339553833,0.5135735869407654,0.1740979552268982,-0.3784812390804291,0.9861050844192505,0.4995701313018799,0.17199254035949707,-0.37612804770469666,0.9842697978019714,0.5677918195724487,0.21758678555488586,-0.2051408290863037,0.9998735189437866,0.46520155668258667,0.21590043604373932,-0.19214728474617004,0.9992913007736206,0.5838098526000977,0.33291053771972656,-0.19954992830753326,0.8202275037765503,0.46276846528053284,0.31187883019447327,-0.20645499229431152,0.532088577747345,0.5558531284332275,0.4136417806148529,-0.3120073676109314,0.6711521148681641,0.4777880609035492,0.39256414771080017,-0.3238116502761841,0.44182342290878296,0.55255526304245,0.4371394217014313,-0.34822991490364075,0.6393129825592041,0.47946205735206604,0.4202893078327179,-0.36190351843833923,0.3901017904281616,0.5473670363426208,0.4206293225288391,-0.36919763684272766,0.6453267931938171,0.48454850912094116,0.41250962018966675,-0.3764764666557312,0.4053749144077301,0.5469881892204285,0.4117353558540344,-0.32138097286224365,0.5719202756881714,0.4850706160068512,0.39988309144973755,-0.332949161529541,0.3479556441307068,0.5525299906730652,0.4365255534648895,-0.0034071817062795162,0.9999251365661621,0.49288392066955566,0.43761512637138367,0.003245266852900386,0.9998966455459595,0.5832929611206055,0.5696567296981812,-0.21269413828849792,0.9062129259109497,0.44337883591651917,0.5582820177078247,-0.1279909908771515,0.6868525743484497,0.59645676612854,0.736488938331604,-0.03998950123786926,0.9438027739524841,0.43833550810813904,0.7172471880912781,0.05029026418924332,0.6967578530311584,0.5898697376251221,0.7624896764755249,-0.02965928241610527,0.8518350720405579,0.4484027922153473,0.7488561868667603,0.06287969648838043,0.6409436464309692,0.6088199615478516,0.7966362833976746,-0.16864344477653503,0.9420748949050903,0.40757399797439575,0.7689205408096313,-0.06595353037118912,0.7090300917625427
0.5059664249420166,0.1721583753824234,-0.4914794862270355,0.9906439185142517,0.5134501457214355,0.15024517476558685,-0.4866672158241272,0.9875906109809875,0.5189169645309448,0.1486334204673767,-0.4870153069496155,0.987072229385376,0.5228733420372009,0.1472746580839157,-0.4869407117366791,0.9897960424423218,0.5007193684577942,0.15034590661525726,-0.48480668663978577,0.99049311876297,0.4967462122440338,0.14884033799171448,-0.4851992726325989,0.9914398789405823,0.49240151047706604,0.14726126194000244,-0.48542895913124084,0.9943285584449768,0.5298089385032654,0.14366184175014496,-0.3821628987789154,0.9911346435546875,0.4894896447658539,0.13975337147712708,-0.37314218282699585,0.9916093349456787,0.5140914916992188,0.18307746946811676,-0.443168580532074,0.9874014258384705,0.5001348853111267,0.18165366351604462,-0.44263729453086853,0.9857292175292969,0.569227933883667,0.22117945551872253,-0.26315879821777344,0.9998820424079895,0.4657440185546875,0.2166353464126587,-0.24813668429851532,0.9993436932563782,0.5856677889823914,0.3324873745441437,-0.23677858710289001,0.8295469284057617,0.46430301666259766,0.30855852365493774,-0.25302988290786743,0.5352864265441895,0.5578386783599854,0.40999534726142883,-0.3354128897190094,0.6765134930610657,0.478270947933197,0.388139545917511,-0.36234456300735474,0.42291754484176636,0.5553548336029053,0.43124252557754517,-0.36775776743888855,0.6389185786247253,0.48013702034950256,0.414023220539093,-0.39866963028907776,0.370952308177948,0.5505414009094238,0.4158867597579956,-0.38907861709594727,0.6463795900344849,0.48486417531967163,0.4043537974357605,-0.414419561624527,0.38626718521118164,0.5497817397117615,0.4078529477119446,-0.3440805673599243,0.5703319907188416,0.4854561686515808,0.392783522605896,-0.3716721534729004,0.3296481668949127,0.5523918271064758,0.43385201692581177,-0.004517338704317808,0.9999302625656128,0.4927971363067627,0.43422770500183105,0.004374700598418713,0.9999033808708191,0.584548830986023,0.5711681842803955,-0.16934114694595337,0.9146913886070251,0.44275230169296265,0.5593419671058655,-0.1323382705450058,0.7161292433738708,0.5968093872070312,0.7371878027915955,-0.00461686821654439,0.9473296999931335,0.43771663308143616,0.7182061076164246,0.03787001967430115,0.7250054478645325,0.5899999141693115,0.7627395391464233,0.004761914722621441,0.8495461940765381,0.44856953620910645,0.7503176927566528,0.050175540149211884,0.6618419289588928,0.6097018122673035,0.7973508834838867,-0.12454304844141006,0.9447223544120789,0.4051068425178528,0.7699806094169617,-0.07239967584609985,0.7348658442497253
0.5056135654449463,0.1770724654197693,-0.477604478597641,0.9915593862533569,0.5129923820495605,0.15592734515666962,-0.47367048263549805,0.9887961745262146,0.5183929204940796,0.1544654369354248,-0.47401100397109985,0.9883267283439636,0.5227330327033997,0.15313436090946198,-0.47393399477005005,0.9907883405685425,0.5003817081451416,0.1557048112154007,-0.47072315216064453,0.9914110898971558,0.49630433320999146,0.15424925088882446,-0.4711124300956726,0.9922677278518677,0.4921191334724426,0.15284191071987152,-0.4713272154331207,0.9948723316192627,0.5296815633773804,0.1487429440021515,-0.3738057017326355,0.991980791091919,0.48986172676086426,0.14601802825927734,-0.359670490026474,0.9923168420791626,0.5138250589370728,0.18800705671310425,-0.4309271275997162,0.9885955452919006,0.4997592866420746,0.1866896152496338,-0.4289413392543793,0.9870739579200745,0.5688153505325317,0.22533917427062988,-0.2589815557003021,0.9998904466629028,0.4660736620426178,0.21703071892261505,-0.2311059683561325,0.9993939399719238,0.5870816111564636,0.33260378241539,-0.23417632281780243,0.8413702249526978,0.46411365270614624,0.30564942955970764,-0.23135420680046082,0.5459752082824707,0.5576096773147583,0.408732146024704,-0.31520169973373413,0.6908586621284485,0.4772211015224457,0.38403892517089844,-0.3433014750480652,0.4156591594219208,0.554814338684082,0.4294270873069763,-0.34301191568374634,0.6477175951004028,0.4793771803379059,0.40826404094696045,-0.3781578540802002,0.36211124062538147,0.5495644807815552,0.4152767062187195,-0.36684131622314453,0.6558905243873596,0.4841095805168152,0.3998047411441803,-0.3946993947029114,0.3776033818721771,0.5489775538444519,0.4072359800338745,-0.32440218329429626,0.5785120129585266,0.4849483072757721,0.38875606656074524,-0.35291287302970886,0.32020366191864014,0.55202317237854,0.43305879831314087,-0.007341946475207806,0.9999346137046814,0.4927767813205719,0.4321327209472656,0.007196052931249142,0.999908983707428,0.5847480893135071,0.5713372826576233,-0.16372519731521606,0.9225924611091614,0.4425276815891266,0.5579344630241394,-0.12180513143539429,0.7429277300834656,0.5982606410980225,0.7375890016555786,-0.01910622976720333,0.9511690139770508,0.43728184700012207,0.7188266515731812,0.02534577250480652,0.7511675357818604,0.5918149352073669,0.7639613747596741,-0.012004501186311245,0.8514733910560608,0.44844120740890503,0.7523967027664185,0.032263122498989105,0.6848018765449524,0.6097627878189087,0.7971230149269104,-0.1428438127040863,0.9481067657470703,0.4039955139160156,0.7692848443984985,-0.09428970515727997,0.7592822909355164
0.5052038431167603,0.17743240296840668,-0.4447690546512604,0.9923670291900635,0.5125491619110107,0.1559162735939026,-0.4435294270515442,0.9898433089256287,0.5178312659263611,0.15458740293979645,-0.4438477158546448,0.9894206523895264,0.5223711729049683,0.15343298017978668,-0.44375163316726685,0.9916536211967468,0.5000239610671997,0.15564130246639252,-0.4355370104312897,0.9922044277191162,0.4959762990474701,0.15443213284015656,-0.43592000007629395,0.9929894208908081,0.49187716841697693,0.1529727727174759,-0.436128705739975,0.9953421354293823,0.5293768644332886,0.14966537058353424,-0.3456842601299286,0.9927120208740234,0.4898826479911804,0.14641092717647552,-0.33029019832611084,0.9928821921348572,0.5134349465370178,0.1888687163591385,-0.41010650992393494,0.98963862657547,0.4994184076786041,0.18708012998104095,-0.3991961181163788,0.9882521033287048,0.5681569576263428,0.22624458372592926,-0.219415545463562,0.9998970031738281,0.4657086431980133,0.21704120934009552,-0.2191878855228424,0.9994379281997681,0.5876487493515015,0.3320373594760895,-0.16471274197101593,0.8548247814178467,0.4622684121131897,0.300545871257782,-0.17486557364463806,0.5779947638511658,0.5588557720184326,0.40835779905319214,-0.22501322627067566,0.7169917821884155,0.4733451306819916,0.3756141662597656,-0.2781653106212616,0.4565398395061493,0.555844783782959,0.4282311797142029,-0.24903225898742676,0.6743353605270386,0.47634777426719666,0.39999011158943176,-0.30865487456321716,0.40152066946029663,0.5503672361373901,0.4135868549346924,-0.2705024480819702,0.6823331713676453,0.48175153136253357,0.39179331064224243,-0.3280344307422638,0.417298823595047,0.5499216914176941,0.4056624472141266,-0.23235230147838593,0.608837366104126,0.48262715339660645,0.38098567724227905,-0.2884954810142517,0.35854631662368774,0.5520709753036499,0.43362855911254883,-0.009303847327828407,0.9999358057975769,0.49322739243507385,0.4331846833229065,0.009156687185168266,0.9999103546142578,0.5851801633834839,0.5717878341674805,-0.16851215064525604,0.9299277067184448,0.4423885941505432,0.5580883026123047,-0.12690958380699158,0.7678585648536682,0.5985997915267944,0.7370272278785706,-0.019781574606895447,0.9548590183258057,0.43762078881263733,0.7197645306587219,0.008883380331099033,0.7750484347343445,0.5926226377487183,0.7624833583831787,-0.011965325102210045,0.8547632694244385,0.44912511110305786,0.7533388733863831,0.017510637640953064,0.7079378962516785,0.6103033423423767,0.7971400618553162,-0.1369142234325409,0.9514160752296448,0.40327778458595276,0.7708595991134644,-0.10138130187988281,0.7816691398620605
0.5048800706863403,0.17556717991828918,-0.40769872069358826,0.993064284324646,0.5122483968734741,0.15425540506839752,-0.4024459421634674,0.9907182455062866,0.5175473690032959,0.15293098986148834,-0.40275606513023376,0.9903304576873779,0.5218175053596497,0.15176084637641907,-0.40267571806907654,0.9923735857009888,0.4998094439506531,0.15384984016418457,-0.3972631096839905,0.992863118648529,0.49589237570762634,0.1522945612668991,-0.397638738155365,0.9935961961746216,0.4917812943458557,0.1504342406988144,-0.39785534143447876,0.9957318305969238,0.5290129780769348,0.14799310266971588,-0.305389404296875,0.9932915568351746,0.4900128245353699,0.14426252245903015,-0.28634312748908997,0.9932660460472107,0.5130454897880554,0.187176913022995,-0.3656906187534332,0.9904882907867432,0.4991765022277832,0.1851361095905304,-0.36032259464263916,0.9892250895500183,0.5675722360610962,0.22558432817459106,-0.2070511281490326,0.9998999238014221,0.4654647409915924,0.21695277094841003,-0.18114985525608063,0.9994738698005676,0.586248517036438,0.33212995529174805,-0.18503406643867493,0.8643441796302795,0.46021515130996704,0.30231979489326477,-0.17326417565345764,0.6022989749908447,0.5564233064651489,0.4093247652053833,-0.2639153003692627,0.7275914549827576,0.4742765426635742,0.37731924653053284,-0.2793501019477844,0.4745402932167053,0.5528577566146851,0.42931026220321655,-0.2927669286727905,0.6818735003471375,0.47669196128845215,0.4007934629917145,-0.31212693452835083,0.4151516854763031,0.547536313533783,0.41430220007896423,-0.31141212582588196,0.6899693012237549,0.4832487106323242,0.3939782381057739,-0.3282534182071686,0.43132641911506653,0.5472061634063721,0.40730035305023193,-0.27067458629608154,0.6143566370010376,0.4841115474700928,0.3845657706260681,-0.2887415289878845,0.369356244802475,0.5521219372749329,0.43473365902900696,-0.01031573861837387,0.9999385476112366,0.4938380718231201,0.43540120124816895,0.010170899331569672,0.9999145865440369,0.5849173665046692,0.5722219944000244,-0.1698990762233734,0.9364233613014221,0.4413084387779236,0.5576801896095276,-0.1627497524023056,0.7901179194450378,0.5988000631332397,0.7372370958328247,-0.027793193235993385,0.958064079284668,0.4376892149448395,0.7201082706451416,-0.021668042987585068,0.7964568138122559,0.593286395072937,0.7631954550743103,-0.019855739548802376,0.8571609258651733,0.44958576560020447,0.7546569108963013,-0.012539069168269634,0.7288616299629211,0.6091040968894958,0.7971299886703491,-0.14718788862228394,0.9541318416595459,0.4036930203437805,0.7715714573860168,-0.13570232689380646,0.8016526699066162
0.5046015381813049,0.1749698966741562,-0.40623006224632263,0.9936999082565308,0.5119949579238892,0.15336045622825623,-0.4004451632499695,0.9915207624435425,0.5172029733657837,0.15209713578224182,-0.40076136589050293,0.9911673069000244,0.5215808153152466,0.1511276215314865,-0.4006924629211426,0.9930392503738403,0.4996063709259033,0.15328441560268402,-0.3961327373981476,0.993463397026062,0.49573683738708496,0.1518007516860962,-0.3965015411376953,0.9941449165344238,0.4916277825832367,0.14985956251621246,-0.39671579003334045,0.9960824251174927,0.5286837816238403,0.14746642112731934,-0.30383920669555664,0.9938395619392395,0.49016517400741577,0.1439695805311203,-0.28597378730773926,0.993602991104126,0.5127835869789124,0.18664740025997162,-0.36311426758766174,0.9912772178649902,0.49906930327415466,0.18453483283519745,-0.35918277502059937,0.9901099801063538,0.5675207376480103,0.22514715790748596,-0.211622953414917,0.9999051690101624,0.4649544358253479,0.21683405339717865,-0.17947611212730408,0.9995061755180359,0.5845596790313721,0.3348757028579712,-0.1931682676076889,0.8734999299049377,0.45900240540504456,0.31012317538261414,-0.17412833869457245,0.6175204515457153,0.5553726553916931,0.42017343640327454,-0.2743377089500427,0.7375586628913879,0.47558584809303284,0.39995303750038147,-0.27893388271331787,0.4725246727466583,0.549849808216095,0.4414772391319275,-0.30419814586639404,0.688850462436676,0.4787236750125885,0.42354124784469604,-0.3115229904651642,0.4109008312225342,0.5443329811096191,0.42893579602241516,-0.32170382142066956,0.6971272230148315,0.48489347100257874,0.4169851541519165,-0.3278813064098358,0.42737436294555664,0.545218825340271,0.4206172525882721,-0.2807137072086334,0.619409441947937,0.48590540885925293,0.40888434648513794,-0.2882954478263855,0.3642723560333252,0.5528514981269836,0.43520593643188477,-0.010809814557433128,0.9999417066574097,0.49427303671836853,0.4357384443283081,0.010670311748981476,0.9999187588691711,0.5839385986328125,0.5716256499290466,-0.17257055640220642,0.9421406984329224,0.4413354992866516,0.5553097724914551,-0.17662180960178375,0.8099641799926758,0.5986037850379944,0.7383569478988647,-0.030945733189582825,0.9606450796127319,0.4367596507072449,0.7209370136260986,-0.0332316979765892,0.8154845833778381,0.593451201915741,0.7646306157112122,-0.022989420220255852,0.858552098274231,0.44860729575157166,0.7552251219749451,-0.023727407678961754,0.7467708587646484,0.6096477508544922,0.7979087829589844,-0.1521555483341217,0.9562395811080933,0.4039354920387268,0.772239089012146,-0.1443302482366562,0.8193380832672119
0.5044327974319458,0.16816413402557373,-0.3933681845664978,0.9942119121551514,0.5118411779403687,0.14495979249477386,-0.3847760856151581,0.992125391960144,0.5170361399650574,0.14373090863227844,-0.3850909173488617,0.9918051362037659,0.5213606953620911,0.14300069212913513,-0.38503211736679077,0.9935606718063354,0.49943917989730835,0.14608772099018097,-0.38146746158599854,0.9938855171203613,0.49552932381629944,0.1454116851091385,-0.38181763887405396,0.9945371747016907,0.4915451109409332,0.14406050741672516,-0.38203173875808716,0.9963112473487854,0.528042197227478,0.1413121372461319,-0.28602173924446106,0.9942473769187927,0.4903586506843567,0.14038220047950745,-0.2710490822792053,0.993575930595398,0.512598991394043,0.18003207445144653,-0.34977591037750244,0.9919058680534363,0.4990038275718689,0.17812488973140717,-0.34729859232902527,0.9907780885696411,0.5681788325309753,0.2261742502450943,-0.2055087834596634,0.9999088644981384,0.4647389352321625,0.216744527220726,-0.16688096523284912,0.9995176196098328,0.5844391584396362,0.34285998344421387,-0.1967267245054245,0.8813454508781433,0.4598887860774994,0.3213570713996887,-0.17414191365242004,0.6150923371315002,0.5505344867706299,0.4327968657016754,-0.289702445268631,0.7427180409431458,0.47882896661758423,0.41852807998657227,-0.2786349654197693,0.4433373212814331,0.5423446297645569,0.4605686068534851,-0.3228454291820526,0.6921505928039551,0.48221975564956665,0.44420260190963745,-0.31115397810935974,0.38467898964881897,0.5365906357765198,0.45035794377326965,-0.3366971015930176,0.700400173664093,0.48731565475463867,0.4379675090312958,-0.32775557041168213,0.4003104865550995,0.5390123128890991,0.4384117126464844,-0.2951138913631439,0.6197408437728882,0.4884113669395447,0.42852893471717834,-0.2879832088947296,0.34073588252067566,0.5534893274307251,0.43578067421913147,-0.010543977841734886,0.9999458193778992,0.49451032280921936,0.44057175517082214,0.01042411383241415,0.9999241232872009,0.5838831663131714,0.5718398094177246,-0.20946745574474335,0.9475603103637695,0.439946711063385,0.5546517968177795,-0.22104939818382263,0.8283004760742188,0.5987259745597839,0.7384244203567505,-0.03293272480368614,0.9636887907981873,0.4366585612297058,0.7220545411109924,-0.05382843688130379,0.8331738114356995,0.5934441685676575,0.7620946168899536,-0.023061469197273254,0.8644301295280457,0.44856056571006775,0.755292534828186,-0.04171883314847946,0.7661482095718384,0.6100682020187378,0.797631561756134,-0.15130797028541565,0.9590088129043579,0.4025304913520813,0.772544264793396,-0.16442909836769104,0.8359817266464233
0.5043110251426697,0.16305945813655853,-0.3752731382846832,0.9947150349617004,0.5116089582443237,0.1396632343530655,-0.36537376046180725,0.9927504658699036,0.5166707634925842,0.1387489289045334,-0.36566591262817383,0.992449939250946,0.521113932132721,0.13810445368289948,-0.3655955493450165,0.9940770864486694,0.49931564927101135,0.13928502798080444,-0.36122816801071167,0.9943571090698242,0.4953846037387848,0.13869403302669525,-0.3615727126598358,0.9949688911437988,0.4915245473384857,0.13767774403095245,-0.361774742603302,0.996589183807373,0.5277879238128662,0.13845698535442352,-0.2659045457839966,0.9946656823158264,0.49064135551452637,0.13483926653862,-0.2470107078552246,0.9938585758209229,0.5124761462211609,0.17624694108963013,-0.3321227729320526,0.992568850517273,0.4989508092403412,0.17394068837165833,-0.3286063075065613,0.9915260076522827,0.5685210227966309,0.22817108035087585,-0.18816092610359192,0.9999113082885742,0.46469005942344666,0.21667827665805817,-0.1463814675807953,0.9995432496070862,0.5809317827224731,0.3464282155036926,-0.1856262981891632,0.887222409248352,0.46031683683395386,0.32172074913978577,-0.1595531851053238,0.6265487670898438,0.5482178926467896,0.4443678557872772,-0.2832348048686981,0.7465677857398987,0.4784623086452484,0.4147869646549225,-0.26996999979019165,0.44138625264167786,0.5405606031417847,0.47382357716560364,-0.3163902759552002,0.6958581209182739,0.4820508360862732,0.4407657980918884,-0.3032868802547455,0.38219815492630005,0.5341569185256958,0.4655298590660095,-0.33152392506599426,0.7042801976203918,0.48687943816185,0.4341488778591156,-0.3195747137069702,0.3978581130504608,0.5368818044662476,0.45294392108917236,-0.2893228530883789,0.6214077472686768,0.488097608089447,0.4240361154079437,-0.2793790102005005,0.33816051483154297,0.5540405511856079,0.4380793273448944,-0.010145656764507294,0.99994957447052,0.4946998655796051,0.44335708022117615,0.010030882433056831,0.9999294281005859,0.5856307744979858,0.5725643634796143,-0.21956245601177216,0.9523865580558777,0.4395116865634918,0.5550015568733215,-0.21867135167121887,0.8448396325111389,0.5989599823951721,0.7388275861740112,-0.03085719421505928,0.9663273692131042,0.4368991255760193,0.7224874496459961,-0.03660216182470322,0.8490057587623596,0.5935590267181396,0.762374222278595,-0.01871461421251297,0.8686895370483398,0.4489613473415375,0.7550958395004272,-0.023337354883551598,0.7823057770729065,0.6107011437416077,0.797223687171936,-0.14551810920238495,0.9614672660827637,0.40334025025367737,0.7726950645446777,-0.14393553137779236,0.8508531451225281
0.5033215284347534,0.16207315027713776,-0.382129043340683,0.9951521158218384,0.510269045829773,0.13963936269283295,-0.3746721148490906,0.9933018088340759,0.5152586102485657,0.13878820836544037,-0.37498441338539124,0.993023693561554,0.5199111104011536,0.1381218135356903,-0.37488192319869995,0.9945371150970459,0.4984957277774811,0.13872753083705902,-0.3711774945259094,0.9947702884674072,0.4949321150779724,0.13798032701015472,-0.37155881524086,0.995347261428833,0.491473525762558,0.13694880902767181,-0.3717639446258545,0.9968295097351074,0.5277173519134521,0.13842599093914032,-0.2710776925086975,0.9950675368309021,0.4910711646080017,0.1346929520368576,-0.2564813494682312,0.9941242337226868,0.5115939378738403,0.1761201173067093,-0.3345303535461426,0.9931922554969788,0.4986765384674072,0.17383882403373718,-0.3317682147026062,0.992223858833313,0.5692483186721802,0.23248472809791565,-0.2121434211730957,0.9999148845672607,0.46456557512283325,0.2220170497894287,-0.1602313220500946,0.9995700716972351,0.5755437612533569,0.3619329631328583,-0.21708278357982635,0.8945462107658386,0.46052631735801697,0.33521708846092224,-0.17975816130638123,0.6385216116905212,0.5459161996841431,0.4650612771511078,-0.31329435110092163,0.7565636038780212,0.4789920747280121,0.4307974576950073,-0.29753321409225464,0.44808006286621094,0.5392502546310425,0.49148014187812805,-0.34769266843795776,0.7070773243904114,0.48289376497268677,0.45957237482070923,-0.3326321244239807,0.3882558047771454,0.5320647954940796,0.4836481809616089,-0.36350831389427185,0.7153739333152771,0.48730379343032837,0.45244139432907104,-0.3492628037929535,0.40390443801879883,0.5343066453933716,0.4720219075679779,-0.31968164443969727,0.6315394043922424,0.48861709237098694,0.4409840404987335,-0.30728277564048767,0.34290605783462524,0.5540117025375366,0.44338032603263855,-0.01050140056759119,0.9999535083770752,0.493560791015625,0.4462723135948181,0.010405199602246284,0.9999349117279053,0.5881298780441284,0.5741125345230103,-0.21957822144031525,0.9568608403205872,0.43907076120376587,0.5590119957923889,-0.1988360732793808,0.8598654866218567,0.5989215970039368,0.7389863729476929,-0.017994163557887077,0.9690216183662415,0.4372893273830414,0.7240750789642334,-0.00285788020119071,0.8634607791900635,0.5934544801712036,0.7628841996192932,-0.0037193119060248137,0.8752540349960327,0.44930535554885864,0.7553483843803406,0.014126119203865528,0.7994418144226074,0.611082136631012,0.7975241541862488,-0.12365005165338516,0.9641127586364746,0.40377917885780334,0.775252640247345,-0.09518153965473175,0.8645724058151245
0.5033820867538452,0.1627008318901062,-0.4001547694206238,0.9955750107765198,0.5102387070655823,0.14104612171649933,-0.3907215893268585,0.9938552975654602,0.5152500867843628,0.1399303823709488,-0.3910145163536072,0.9935915470123291,0.5198614597320557,0.1388980597257614,-0.3909892141819,0.9949941635131836,0.4984671175479889,0.14038175344467163,-0.3868793845176697,0.9951987266540527,0.4948578476905823,0.13945244252681732,-0.38719508051872253,0.9957278966903687,0.4915044903755188,0.13830792903900146,-0.3874027132987976,0.997081458568573,0.5276402235031128,0.1385522037744522,-0.29400166869163513,0.9954664707183838,0.49126380681991577,0.13589362800121307,-0.27656564116477966,0.994478702545166,0.5115676522254944,0.17759276926517487,-0.3582913279533386,0.9937846660614014,0.49899229407310486,0.17586423456668854,-0.3546408712863922,0.9928960800170898,0.5700194239616394,0.24343891441822052,-0.23107297718524933,0.9999186992645264,0.4641508460044861,0.23306873440742493,-0.17544333636760712,0.9995964169502258,0.5710137486457825,0.3742457628250122,-0.23035232722759247,0.896838903427124,0.46247372031211853,0.35116639733314514,-0.1859489530324936,0.6361730694770813,0.5441843271255493,0.4772593080997467,-0.3137017786502838,0.7423152327537537,0.4829470217227936,0.4562532603740692,-0.29151469469070435,0.4291035532951355,0.538108229637146,0.5048791766166687,-0.3463086783885956,0.692910373210907,0.48671025037765503,0.47905832529067993,-0.32515984773635864,0.37039628624916077,0.5313934683799744,0.49754762649536133,-0.3615472912788391,0.7017009258270264,0.49069827795028687,0.4782499670982361,-0.3418150842189789,0.3854143023490906,0.5333077907562256,0.4870312213897705,-0.319667249917984,0.6143262982368469,0.4932166039943695,0.46281716227531433,-0.3010733127593994,0.32655176520347595,0.5545014142990112,0.44558387994766235,-0.012592908926308155,0.9999572038650513,0.49384817481040955,0.44904595613479614,0.012506256811320782,0.9999402165412903,0.5894920825958252,0.5774886608123779,-0.22271685302257538,0.9605789184570312,0.4383752942085266,0.5590329170227051,-0.19778689742088318,0.8728347420692444,0.5999032258987427,0.7392485737800598,-0.008667036890983582,0.9704235196113586,0.4374202787876129,0.726654052734375,-0.0038980990648269653,0.8758626580238342,0.5934978723526001,0.7622991800308228,0.007602968718856573,0.8754891753196716,0.4493564963340759,0.7555698156356812,0.012191849760711193,0.8122849464416504,0.6122092604637146,0.7987590432167053,-0.10255081951618195,0.9647193551063538,0.4039240777492523,0.7764886021614075,-0.09463216364383698,0.8757769465446472
0.5020594596862793,0.16576449573040009,-0.4450218081474304,0.9959686994552612,0.5092245936393738,0.1442182958126068,-0.43799471855163574,0.9943827390670776,0.5142650008201599,0.1430351734161377,-0.43828123807907104,0.9941284656524658,0.5189539790153503,0.14215584099292755,-0.4382701814174652,0.9954258799552917,0.4970207214355469,0.1442975252866745,-0.4321609437465668,0.9956116080284119,0.4941163659095764,0.14336581528186798,-0.43247097730636597,0.9960915446281433,0.49121636152267456,0.14217272400856018,-0.4326797127723694,0.9973272085189819,0.526394784450531,0.1420721411705017,-0.3475878834724426,0.9958472847938538,0.49124735593795776,0.14127221703529358,-0.32086116075515747,0.9948621988296509,0.5105334520339966,0.18177509307861328,-0.40528249740600586,0.9943376779556274,0.4975542426109314,0.17883481085300446,-0.3992076516151428,0.9935250878334045,0.5699198842048645,0.2523896396160126,-0.2751549780368805,0.9999222159385681,0.4631010591983795,0.24445609748363495,-0.2048262655735016,0.9996214509010315,0.5675277709960938,0.3834667205810547,-0.2646283507347107,0.8958290815353394,0.4640442430973053,0.36742058396339417,-0.19755326211452484,0.6138391494750977,0.5428850054740906,0.4935292601585388,-0.3289743959903717,0.7121925354003906,0.48341360688209534,0.4785815477371216,-0.29130613803863525,0.3977775275707245,0.5359117984771729,0.5255763530731201,-0.36017292737960815,0.6625938415527344,0.48721033334732056,0.5089375972747803,-0.31666719913482666,0.34266939759254456,0.5305269360542297,0.5153418779373169,-0.37527257204055786,0.6715859770774841,0.490977942943573,0.5083526372909546,-0.3378208577632904,0.3566994071006775,0.5324158668518066,0.5031008124351501,-0.33457228541374207,0.5823088884353638,0.4928085207939148,0.4948624074459076,-0.3000011444091797,0.3019181191921234,0.5552491545677185,0.44763994216918945,-0.015411901287734509,0.9999603033065796,0.4950895309448242,0.45106154680252075,0.015333187766373158,0.9999446868896484,0.5909213423728943,0.5801408290863037,-0.23391732573509216,0.9635529518127441,0.4381007254123688,0.558693528175354,-0.1996578872203827,0.8833854794502258,0.6004498600959778,0.7393996119499207,-0.015326728112995625,0.9699062705039978,0.4373818337917328,0.7272453308105469,-0.0049890875816345215,0.885223388671875,0.5934675931930542,0.7626511454582214,0.00012943379988428205,0.8692640066146851,0.4495916962623596,0.7565830945968628,0.010394303128123283,0.8179963231086731,0.6148743629455566,0.801026463508606,-0.11203280836343765,0.9623407125473022,0.4039788246154785,0.7772262692451477,-0.09715991467237473,0.8827673196792603
0.5011447072029114,0.1719525009393692,-0.43121400475502014,0.996326208114624,0.5083085298538208,0.14978981018066406,-0.4233066439628601,0.9948598742485046,0.5132908225059509,0.14853689074516296,-0.42358604073524475,0.9946138858795166,0.5178426504135132,0.14733466506004333,-0.42356762290000916,0.9958148002624512,0.4960377812385559,0.14976763725280762,-0.4181485176086426,0.9959869384765625,0.4934411942958832,0.14854881167411804,-0.4184628129005432,0.9964230060577393,0.49061790108680725,0.14721395075321198,-0.41867393255233765,0.9975512027740479,0.5257434844970703,0.14748425781726837,-0.33040279150009155,0.9961941242218018,0.49124202132225037,0.14678789675235748,-0.306743323802948,0.9952353239059448,0.5096768736839294,0.18808631598949432,-0.3906051218509674,0.9948501586914062,0.49644404649734497,0.18504218757152557,-0.3854648470878601,0.994110643863678,0.5697963237762451,0.2601703107357025,-0.25404319167137146,0.9999257922172546,0.4630962312221527,0.2514181435108185,-0.20048005878925323,0.9996481537818909,0.5649033188819885,0.389290988445282,-0.2451254427433014,0.895167887210846,0.46616482734680176,0.3665112257003784,-0.2130017727613449,0.6111284494400024,0.5427672863006592,0.49990764260292053,-0.3191720247268677,0.6926219463348389,0.48914748430252075,0.4914696216583252,-0.31347233057022095,0.37309882044792175,0.5363744497299194,0.5306448340415955,-0.35141703486442566,0.6437678933143616,0.4924139976501465,0.5242566466331482,-0.3454263508319855,0.3208461105823517,0.5305682420730591,0.5206606388092041,-0.3658537268638611,0.653313934803009,0.4945383667945862,0.5224766135215759,-0.3632219433784485,0.3341391384601593,0.5324944853782654,0.5082741379737854,-0.3246278166770935,0.5620985627174377,0.496208131313324,0.5037432312965393,-0.3229161500930786,0.28221115469932556,0.5555021166801453,0.4560953676700592,-0.01536154467612505,0.9999634623527527,0.4951590597629547,0.4578319191932678,0.015280383639037609,0.9999492168426514,0.5918627977371216,0.5800696611404419,-0.26951488852500916,0.9666546583175659,0.4376292824745178,0.5587023496627808,-0.21883971989154816,0.8936948776245117,0.601414680480957,0.7395243048667908,-0.05276630446314812,0.9705469012260437,0.43744173645973206,0.7288123369216919,-0.019856158643960953,0.8945196270942688,0.5945720076560974,0.762626588344574,-0.036318205296993256,0.8682571649551392,0.4497510492801666,0.7577539086341858,-0.0032777537126094103,0.8254693150520325,0.6144399046897888,0.801449179649353,-0.15151254832744598,0.9624226093292236,0.4040748178958893,0.7795090675354004,-0.11198649555444717,0.8907813429832458
0.5003781914710999,0.17772182822227478,-0.4629800319671631,0.9966715574264526,0.5076960921287537,0.1559295952320099,-0.45450806617736816,0.9953363537788391,0.5125858783721924,0.1547362506389618,-0.4547721743583679,0.9951050281524658,0.5170484185218811,0.15377342700958252,-0.45476216077804565,0.9962022304534912,0.4956199526786804,0.15601031482219696,-0.44842401146888733,0.9963597059249878,0.4931155741214752,0.1549505889415741,-0.4487210810184479,0.9967526793479919,0.49043846130371094,0.15407003462314606,-0.4489211142063141,0.9977759718894958,0.5254965424537659,0.155011847615242,-0.3583236336708069,0.9965419173240662,0.49127644300460815,0.15386493504047394,-0.3306320905685425,0.9956362247467041,0.5090888738632202,0.19409683346748352,-0.42144495248794556,0.9953410029411316,0.4958187937736511,0.19190078973770142,-0.41500991582870483,0.9946703910827637,0.5697645545005798,0.2644016146659851,-0.27875733375549316,0.9999305605888367,0.4629996716976166,0.2617338299751282,-0.21585218608379364,0.9996753334999084,0.5631696581840515,0.3958964943885803,-0.267233669757843,0.899141252040863,0.4676014482975006,0.3823828399181366,-0.22255606949329376,0.6078806519508362,0.5420717000961304,0.5131399631500244,-0.33346670866012573,0.6858058571815491,0.48810213804244995,0.5111613273620605,-0.32219597697257996,0.3515598475933075,0.5355799794197083,0.5469657182693481,-0.3655764162540436,0.6351456046104431,0.4914925992488861,0.5391900539398193,-0.3542126417160034,0.3015885353088379,0.5305236577987671,0.5377573370933533,-0.3831794261932373,0.6449005007743835,0.49397939443588257,0.5402891039848328,-0.3738652765750885,0.3141591548919678,0.5324625968933105,0.5233278870582581,-0.3400498032569885,0.5512978434562683,0.49429264664649963,0.5274713039398193,-0.3324921727180481,0.264731228351593,0.5558624863624573,0.45845815539360046,-0.01614014431834221,0.9999665021896362,0.49521440267562866,0.46014174818992615,0.01605052873492241,0.9999535083770752,0.5933533906936646,0.5810763835906982,-0.27347618341445923,0.9695265293121338,0.43564581871032715,0.5593100786209106,-0.22557957470417023,0.9031577110290527,0.6018746495246887,0.7418469786643982,-0.05377886816859245,0.9713336825370789,0.4373258054256439,0.7294913530349731,-0.02333676442503929,0.9032008051872253,0.5947551131248474,0.7649013996124268,-0.03755418211221695,0.8688766956329346,0.44978195428848267,0.758481502532959,-0.006770537234842777,0.8337491154670715,0.6149579882621765,0.8039160966873169,-0.15971150994300842,0.9627934694290161,0.4041377902030945,0.7820401787757874,-0.12228264659643173,0.8984283208847046
0.49973422288894653,0.17925073206424713,-0.4770491123199463,0.9969731569290161,0.5074937343597412,0.15878663957118988,-0.46648016571998596,0.9957520961761475,0.5123216509819031,0.15808571875095367,-0.4667332172393799,0.9955277442932129,0.5168119072914124,0.15746235847473145,-0.4667258858680725,0.9965416193008423,0.4953153729438782,0.15951547026634216,-0.4604368805885315,0.996685266494751,0.4929376244544983,0.15907837450504303,-0.4607296586036682,0.9970384836196899,0.4903833270072937,0.1585121750831604,-0.46092110872268677,0.9979723691940308,0.5254196524620056,0.1597660481929779,-0.3653307557106018,0.9968453645706177,0.4913124144077301,0.16079218685626984,-0.33792176842689514,0.9959646463394165,0.5087321400642395,0.1973191350698471,-0.43429702520370483,0.9957854747772217,0.4957633912563324,0.1956431269645691,-0.42789262533187866,0.9951773881912231,0.5697447061538696,0.27033302187919617,-0.28069058060646057,0.9999350905418396,0.46294012665748596,0.26963376998901367,-0.21985547244548798,0.9997001886367798,0.5614363551139832,0.40439093112945557,-0.266030877828598,0.9033098220825195,0.4683128297328949,0.3893016278743744,-0.2247699499130249,0.6061686277389526,0.5408992171287537,0.5197277069091797,-0.3376733660697937,0.6844782829284668,0.48746785521507263,0.5127524137496948,-0.3303662836551666,0.331059992313385,0.5350258350372314,0.5539160370826721,-0.3706091046333313,0.6312883496284485,0.491038978099823,0.541056215763092,-0.3639433681964874,0.28332188725471497,0.5297228693962097,0.5455138683319092,-0.38967350125312805,0.6405189037322998,0.49353137612342834,0.542363166809082,-0.38489431142807007,0.29498952627182007,0.5311999320983887,0.5318345427513123,-0.3448799252510071,0.5450513362884521,0.49366116523742676,0.5294469594955444,-0.34122058749198914,0.24796295166015625,0.5558590292930603,0.4614085853099823,-0.016125265508890152,0.9999693632125854,0.4947376251220703,0.4611840546131134,0.016033831983804703,0.9999575614929199,0.595161497592926,0.5828490853309631,-0.29418209195137024,0.9721070528030396,0.43389207124710083,0.5601722002029419,-0.2543642520904541,0.9116547107696533,0.6019636392593384,0.7440024614334106,-0.06485460698604584,0.9719029664993286,0.4372451901435852,0.7310296893119812,-0.05007382482290268,0.9112329483032227,0.59483802318573,0.7671540379524231,-0.048288073390722275,0.868586540222168,0.44931215047836304,0.7594483494758606,-0.03421759605407715,0.8409700989723206,0.6153378486633301,0.8059262633323669,-0.18374481797218323,0.9629270434379578,0.4041857123374939,0.7829616069793701,-0.16580502688884735,0.9055944085121155
0.4995371401309967,0.17810705304145813,-0.4586600661277771,0.9971773028373718,0.5074546933174133,0.15754331648349762,-0.4472574293613434,0.9960173964500427,0.5122259259223938,0.1569220870733261,-0.4475139081478119,0.9957568645477295,0.5166949033737183,0.1566946804523468,-0.44750556349754333,0.9967702031135559,0.4953266978263855,0.15847402811050415,-0.4410201609134674,0.9968978762626648,0.4929324984550476,0.15821246802806854,-0.44131922721862793,0.9972108006477356,0.49045151472091675,0.1577509194612503,-0.44151097536087036,0.9980994462966919,0.5253182649612427,0.16074807941913605,-0.347494900226593,0.9970389604568481,0.49164333939552307,0.16163882613182068,-0.3263818621635437,0.9960277676582336,0.5085393190383911,0.19613993167877197,-0.41602763533592224,0.9961636662483215,0.49561867117881775,0.1945783793926239,-0.40922069549560547,0.9956068992614746,0.5696671009063721,0.2743317484855652,-0.2656634747982025,0.9999383091926575,0.46297726035118103,0.2741940915584564,-0.2123299539089203,0.9997208118438721,0.5606089234352112,0.4078008532524109,-0.2578268051147461,0.9051075577735901,0.4687782824039459,0.3941379189491272,-0.21688464283943176,0.5986641049385071,0.5402149558067322,0.520205020904541,-0.32689595222473145,0.6800863146781921,0.48703575134277344,0.5177298784255981,-0.3174147605895996,0.31003662943840027,0.534238874912262,0.5535321831703186,-0.361857146024704,0.6244251728057861,0.49066662788391113,0.5430301427841187,-0.3507104516029358,0.26548585295677185,0.528732180595398,0.545745849609375,-0.3884124755859375,0.6329115033149719,0.49335137009620667,0.5449303984642029,-0.3719998300075531,0.27623993158340454,0.5300177335739136,0.5325629115104675,-0.33577826619148254,0.5357200503349304,0.49324655532836914,0.5335776805877686,-0.3282339870929718,0.23164641857147217,0.5558510422706604,0.4648759961128235,-0.016267182305455208,0.9999719858169556,0.49456554651260376,0.46437060832977295,0.01615580916404724,0.999961256980896,0.5958237648010254,0.5826337933540344,-0.3309110999107361,0.9740636944770813,0.4320807456970215,0.5612910985946655,-0.274471253156662,0.9180029630661011,0.6021193861961365,0.7444979548454285,-0.09955243766307831,0.9708043336868286,0.4372219443321228,0.733013391494751,-0.07409501820802689,0.9174020290374756,0.594927191734314,0.7685366868972778,-0.083216093480587,0.8634232878684998,0.4491000175476074,0.7600598931312561,-0.05938124656677246,0.8433816432952881,0.6154710054397583,0.8064838647842407,-0.22810396552085876,0.961154580116272,0.4042174220085144,0.7836681604385376,-0.20036888122558594,0.9104286432266235
0.4995705187320709,0.1777491718530655,-0.4963861107826233,0.99737548828125,0.5075000524520874,0.15735463798046112,-0.4831171929836273,0.9962906837463379,0.5122905969619751,0.15680596232414246,-0.48337048292160034,0.9960046410560608,0.5167474150657654,0.1568518877029419,-0.4833771288394928,0.9969971179962158,0.49543285369873047,0.15793626010417938,-0.47653689980506897,0.9971186518669128,0.492971271276474,0.15752753615379333,-0.4768308997154236,0.9973951578140259,0.4906138777732849,0.156884104013443,-0.477027028799057,0.998232364654541,0.5253118872642517,0.16175103187561035,-0.3735946714878082,0.9972423911094666,0.4918603301048279,0.1598903238773346,-0.3445635139942169,0.9961847066879272,0.5084227919578552,0.19539858400821686,-0.4511779248714447,0.9965147972106934,0.4955484867095947,0.19392238557338715,-0.44402018189430237,0.9960079193115234,0.5695854425430298,0.2770282030105591,-0.2826710045337677,0.9999408721923828,0.4629814028739929,0.27779340744018555,-0.22126071155071259,0.9997403025627136,0.559841513633728,0.4120332598686218,-0.260059654712677,0.9062376618385315,0.46930932998657227,0.39852115511894226,-0.22915121912956238,0.5982946157455444,0.5391480326652527,0.5240678787231445,-0.32564979791641235,0.6707996726036072,0.48669061064720154,0.5206534266471863,-0.34677693247795105,0.29294589161872864,0.5336170792579651,0.557191789150238,-0.3588297963142395,0.612682044506073,0.4904983639717102,0.5474151372909546,-0.38328418135643005,0.2510363459587097,0.5281120538711548,0.5493029952049255,-0.38103559613227844,0.6201514005661011,0.49323076009750366,0.5500762462615967,-0.40613049268722534,0.2609584927558899,0.528946578502655,0.5366425514221191,-0.3337392807006836,0.5226465463638306,0.4930318295955658,0.5378144383430481,-0.35861319303512573,0.21810045838356018,0.5557941198348999,0.46563851833343506,-0.016365427523851395,0.9999744892120361,0.4942699074745178,0.464771568775177,0.016239916905760765,0.9999647736549377,0.5958786606788635,0.5839110612869263,-0.33238905668258667,0.9761767387390137,0.4313976764678955,0.5625682473182678,-0.2733839154243469,0.9246014356613159,0.6023718118667603,0.7451111078262329,-0.08584743738174438,0.9710326194763184,0.43703871965408325,0.7336981296539307,-0.06112438440322876,0.9239320158958435,0.5951297879219055,0.769055962562561,-0.0683613270521164,0.862139105796814,0.448952853679657,0.7611313462257385,-0.04544396325945854,0.8489508628845215,0.61552894115448,0.8078985214233398,-0.21342463791370392,0.9610555768013,0.40365973114967346,0.7856210470199585,-0.18687182664871216,0.916201651096344
0.5007213950157166,0.17758195102214813,-0.4773828089237213,0.9975295066833496,0.5085731744766235,0.15695229172706604,-0.450645387172699,0.9964876174926758,0.5135287046432495,0.15624509751796722,-0.4508272707462311,0.9961671829223633,0.5176851749420166,0.1560535579919815,-0.45089656114578247,0.99717116355896,0.4975736737251282,0.1573919951915741,-0.4459138512611389,0.9972862005233765,0.4947897791862488,0.1567787230014801,-0.4461618959903717,0.9975289106369019,0.4920082688331604,0.15597115457057953,-0.4463432729244232,0.998335599899292,0.5260988473892212,0.16085194051265717,-0.3347001373767853,0.9973965883255005,0.49264654517173767,0.15841898322105408,-0.31181055307388306,0.996273398399353,0.5092873573303223,0.19456806778907776,-0.42835479974746704,0.9968224167823792,0.4965059161186218,0.19322946667671204,-0.4241112172603607,0.9963605999946594,0.5696808695793152,0.2776496410369873,-0.2494344711303711,0.9999436736106873,0.4630027413368225,0.27931854128837585,-0.19394434988498688,0.999758243560791,0.5598921775817871,0.4130498170852661,-0.19902582466602325,0.9053501486778259,0.4701554775238037,0.39988839626312256,-0.18574097752571106,0.5924025774002075,0.5393680930137634,0.5237827897071838,-0.239085391163826,0.6601303219795227,0.486452579498291,0.5236219167709351,-0.2852877974510193,0.27679839730262756,0.5338271856307983,0.5579334497451782,-0.2649238705635071,0.5994868278503418,0.49032607674598694,0.5506962537765503,-0.31568285822868347,0.23758748173713684,0.5283734202384949,0.5499887466430664,-0.2869131565093994,0.6064379811286926,0.4930647909641266,0.5535407662391663,-0.3398215174674988,0.24665318429470062,0.5292623043060303,0.5367640852928162,-0.24662208557128906,0.5105468034744263,0.49296364188194275,0.5413495898246765,-0.2968738377094269,0.2059285044670105,0.5557654500007629,0.46578606963157654,-0.01630745455622673,0.9999767541885376,0.49404916167259216,0.46540021896362305,0.016168441623449326,0.9999679327011108,0.5954993963241577,0.584177553653717,-0.3349410593509674,0.9782156944274902,0.4311484694480896,0.5638657212257385,-0.2665814161300659,0.9308759570121765,0.6030734777450562,0.7456694841384888,-0.09271390736103058,0.9715801477432251,0.4370484948158264,0.7344046831130981,-0.06557659804821014,0.930118978023529,0.5964597463607788,0.7693763971328735,-0.07449213415384293,0.8612158894538879,0.4490092694759369,0.7622964382171631,-0.050150107592344284,0.8538627028465271,0.6154482364654541,0.8090708255767822,-0.2107085883617401,0.9613502025604248,0.40337151288986206,0.787634551525116,-0.18475738167762756,0.9218572378158569
0.5031971335411072,0.17332088947296143,-0.46410131454467773,0.9977126717567444,0.5108004808425903,0.15389443933963776,-0.4466008245944977,0.9967302083969116,0.5151659250259399,0.15374206006526947,-0.4468225836753845,0.9964075088500977,0.5195227265357971,0.15378107130527496,-0.4468511939048767,0.9973766803741455,0.5000137090682983,0.15373700857162476,-0.4415568709373474,0.9974799752235413,0.4970407485961914,0.15334728360176086,-0.44183120131492615,0.9976946115493774,0.49406352639198303,0.15301889181137085,-0.4420154094696045,0.99845290184021,0.5281513929367065,0.16060368716716766,-0.33467692136764526,0.9975809454917908,0.49346160888671875,0.1576850712299347,-0.3117519021034241,0.9964399337768555,0.511808454990387,0.19115272164344788,-0.41871485114097595,0.997116208076477,0.49853047728538513,0.19033055007457733,-0.41366228461265564,0.996695876121521,0.5700925588607788,0.2742328941822052,-0.25001639127731323,0.9999473094940186,0.463412344455719,0.27583107352256775,-0.1893141269683838,0.999775767326355,0.5605512857437134,0.4092042148113251,-0.2084830105304718,0.9093889594078064,0.4705559313297272,0.39465582370758057,-0.1721806526184082,0.5954134464263916,0.539557695388794,0.5215152502059937,-0.2595715820789337,0.6704328656196594,0.4863830506801605,0.5164708495140076,-0.2692030072212219,0.27181947231292725,0.5339282751083374,0.555485188961029,-0.2882876396179199,0.6077330112457275,0.4900495409965515,0.5441736578941345,-0.2987062335014343,0.2343011200428009,0.5285621881484985,0.5480055212974548,-0.30969253182411194,0.6143961548805237,0.4926909804344177,0.5455403923988342,-0.3241909146308899,0.2428784966468811,0.5294854640960693,0.5346149206161499,-0.267160028219223,0.5197105407714844,0.492525190114975,0.5329238772392273,-0.28128471970558167,0.20224347710609436,0.5557647943496704,0.4652274250984192,-0.016921525821089745,0.9999787211418152,0.4940369129180908,0.4649674594402313,0.01676793582737446,0.9999706745147705,0.5951654314994812,0.5846909880638123,-0.32925981283187866,0.9801241159439087,0.4314032196998596,0.5649545788764954,-0.2534932494163513,0.9368326663970947,0.6036887764930725,0.7466811537742615,-0.09278254210948944,0.9727929830551147,0.43703094124794006,0.735568642616272,-0.056221406906843185,0.9361578822135925,0.5973376631736755,0.7702314853668213,-0.0752677246928215,0.8630280494689941,0.44904643297195435,0.7637853026390076,-0.041185520589351654,0.8603556752204895,0.6155647039413452,0.8105073571205139,-0.21413341164588928,0.9627680778503418,0.4031986594200134,0.7894134521484375,-0.17648378014564514,0.9278247952461243
0.5047425627708435,0.1655406802892685,-0.41136202216148376,0.9978069067001343,0.512243390083313,0.1463703215122223,-0.3956790268421173,0.996782124042511,0.5161863565444946,0.1465405523777008,-0.39590346813201904,0.9964148998260498,0.5205050110816956,0.14662843942642212,-0.3959205448627472,0.9974472522735596,0.5014640688896179,0.14599083364009857,-0.39087170362472534,0.9975387454032898,0.4985743463039398,0.14586257934570312,-0.3911397457122803,0.9977328181266785,0.4957781732082367,0.1454218327999115,-0.3913135826587677,0.9984883666038513,0.5288199186325073,0.15250147879123688,-0.28912633657455444,0.9976629018783569,0.4945637285709381,0.15095733106136322,-0.26702848076820374,0.9963595271110535,0.5129128098487854,0.1840657740831375,-0.36816567182540894,0.9973621964454651,0.499758243560791,0.18182803690433502,-0.36337631940841675,0.9969758987426758,0.5701605677604675,0.2725558876991272,-0.2191283255815506,0.9999503493309021,0.4640670716762543,0.27231496572494507,-0.15484222769737244,0.9997897148132324,0.5609824657440186,0.405566543340683,-0.19694378972053528,0.9116827845573425,0.470711886882782,0.3901611864566803,-0.15829074382781982,0.5914119482040405,0.5397009253501892,0.516444981098175,-0.26340487599372864,0.6710118651390076,0.48571687936782837,0.5094717144966125,-0.2666606903076172,0.25812581181526184,0.5337542295455933,0.5492894649505615,-0.29415252804756165,0.605660617351532,0.4892521798610687,0.5376945734024048,-0.2979706823825836,0.223423570394516,0.5286121964454651,0.5416368842124939,-0.3131799101829529,0.6119486689567566,0.4914994239807129,0.5381364822387695,-0.32015302777290344,0.23131370544433594,0.5296295881271362,0.5289924740791321,-0.2704918384552002,0.516427755355835,0.49142664670944214,0.5259106159210205,-0.2778686583042145,0.19212985038757324,0.5558896660804749,0.4650012254714966,-0.017199484631419182,0.9999805688858032,0.4944725036621094,0.46453526616096497,0.0170320812612772,0.9999732375144958,0.5949808359146118,0.5861800909042358,-0.3606167435646057,0.9818004965782166,0.4316360354423523,0.5648536086082458,-0.26114755868911743,0.9418401122093201,0.6039066314697266,0.7469362616539001,-0.11047720909118652,0.9725936651229858,0.43704986572265625,0.7372743487358093,-0.07100559771060944,0.9412978887557983,0.597661018371582,0.7701941728591919,-0.09118501096963882,0.8589162826538086,0.44907912611961365,0.7652395367622375,-0.05703030899167061,0.8639698624610901,0.6154952645301819,0.8116633892059326,-0.22827264666557312,0.9623541235923767,0.40315890312194824,0.7910222411155701,-0.19770348072052002,0.9326103329658508
0.5058095455169678,0.15727491676807404,-0.4025471806526184,0.9978601336479187,0.5135441422462463,0.13776665925979614,-0.38776320219039917,0.9967606663703918,0.5174074172973633,0.13777373731136322,-0.38799941539764404,0.9963306188583374,0.521697461605072,0.13770459592342377,-0.3880171775817871,0.9974581599235535,0.5025375485420227,0.1373324990272522,-0.38370662927627563,0.9975433349609375,0.499417245388031,0.1370321810245514,-0.38398268818855286,0.9977183938026428,0.4969211220741272,0.136474609375,-0.3841738700866699,0.9984867572784424,0.5297021865844727,0.14226937294006348,-0.2843469977378845,0.997704267501831,0.4950787425041199,0.14175361394882202,-0.2657065689563751,0.9962342381477356,0.5136208534240723,0.17653049528598785,-0.36058035492897034,0.9975723028182983,0.5002232789993286,0.1737326830625534,-0.3567730188369751,0.997214674949646,0.5706390142440796,0.263569712638855,-0.21483998000621796,0.9999525547027588,0.46451514959335327,0.26406973600387573,-0.16362588107585907,0.9998008012771606,0.5620400905609131,0.3999936282634735,-0.20050063729286194,0.9126354455947876,0.4709323048591614,0.38797250390052795,-0.17179539799690247,0.5891075134277344,0.539927065372467,0.5106730461120605,-0.2717438340187073,0.6661828756332397,0.48792019486427307,0.5071209669113159,-0.2779789865016937,0.24272243678569794,0.5344617962837219,0.5404805541038513,-0.303026407957077,0.600216805934906,0.4913007318973541,0.5352301001548767,-0.3089292645454407,0.21050263941287994,0.5290430188179016,0.5356591939926147,-0.3216899037361145,0.6063769459724426,0.4934046268463135,0.5352780222892761,-0.33183106780052185,0.21775798499584198,0.5299118757247925,0.5252723097801208,-0.27889853715896606,0.5103433132171631,0.4930628836154938,0.5240198969841003,-0.28940075635910034,0.18053895235061646,0.556067943572998,0.4641406536102295,-0.01593289151787758,0.9999821782112122,0.49519267678260803,0.4637499451637268,0.01574709080159664,0.9999754428863525,0.594460129737854,0.5855761766433716,-0.3420451283454895,0.9830740094184875,0.43437305092811584,0.5638278722763062,-0.2606255114078522,0.9456431865692139,0.6040457487106323,0.7472478151321411,-0.10512344539165497,0.9708684086799622,0.4370605945587158,0.7376486659049988,-0.0699479877948761,0.9449484944343567,0.5977133512496948,0.7702822089195251,-0.08720586448907852,0.8510364890098572,0.4491020143032074,0.7666077613830566,-0.05574645847082138,0.8637945652008057,0.6157108545303345,0.8128242492675781,-0.2221897542476654,0.9598041772842407,0.4031432569026947,0.7916807532310486,-0.19124716520309448,0.935099184513092
0.5064441561698914,0.14481066167354584,-0.41661638021469116,0.9979374408721924,0.514187216758728,0.12622053921222687,-0.4037768244743347,0.9968075752258301,0.51799076795578,0.1266109198331833,-0.40402498841285706,0.9963475465774536,0.522249162197113,0.1268712282180786,-0.4040244519710541,0.9975206851959229,0.5031744837760925,0.12615036964416504,-0.3985874056816101,0.9975743293762207,0.49986696243286133,0.12616947293281555,-0.3988795280456543,0.997729480266571,0.49744564294815063,0.12560215592384338,-0.39906778931617737,0.9985007643699646,0.5302022099494934,0.13107892870903015,-0.3011409342288971,0.9977824687957764,0.49539560079574585,0.13002364337444305,-0.275876522064209,0.996146559715271,0.5141390562057495,0.16524052619934082,-0.37399476766586304,0.9977688193321228,0.5005477666854858,0.16173751652240753,-0.368447870016098,0.9974322319030762,0.5710370540618896,0.24749283492565155,-0.22604510188102722,0.9999550580978394,0.4652518630027771,0.24748505651950836,-0.17172189056873322,0.9998112320899963,0.5640151500701904,0.38899675011634827,-0.204281285405159,0.914679765701294,0.4706813395023346,0.3713322877883911,-0.17244915664196014,0.5903022289276123,0.5407348871231079,0.4954063892364502,-0.27260762453079224,0.6656678318977356,0.48783737421035767,0.4970884621143341,-0.28310897946357727,0.2315591424703598,0.5354862213134766,0.524091362953186,-0.30357328057289124,0.5977581143379211,0.4911026358604431,0.5238580703735352,-0.314633846282959,0.20078831911087036,0.5296952724456787,0.5213261246681213,-0.3226747214794159,0.6037178635597229,0.49332404136657715,0.5255160927772522,-0.3365532159805298,0.20759059488773346,0.5305466651916504,0.5106102824211121,-0.2797985374927521,0.5071749091148376,0.49295774102211,0.516787588596344,-0.2942439317703247,0.17179276049137115,0.5559828281402588,0.4563528299331665,-0.013782183639705181,0.9999836087226868,0.4951874315738678,0.45333799719810486,0.013609667308628559,0.9999773502349854,0.5933092832565308,0.585489809513092,-0.30131056904792786,0.984129011631012,0.4371037483215332,0.565838634967804,-0.2385920286178589,0.9492424726486206,0.6040988564491272,0.7485216856002808,-0.07932382076978683,0.9704180359840393,0.43691086769104004,0.7388161420822144,-0.03920593485236168,0.9480351209640503,0.5978167057037354,0.7720648050308228,-0.06334913522005081,0.8455384373664856,0.4487646222114563,0.7681021094322205,-0.023979565128684044,0.861583411693573,0.6159543395042419,0.8136606216430664,-0.20209035277366638,0.9587427973747253,0.403126060962677,0.7922700047492981,-0.15693943202495575,0.9370183348655701
0.5071423649787903,0.1393359750509262,-0.4927527904510498,0.998126208782196,0.5147233009338379,0.11946028470993042,-0.4814130365848541,0.9970968961715698,0.5184777975082397,0.11926301568746567,-0.48169222474098206,0.9966729879379272,0.5227540731430054,0.11882566660642624,-0.4816882610321045,0.9977465867996216,0.5033238530158997,0.11987000703811646,-0.47763094305992126,0.9977895617485046,0.4999605715274811,0.11958322674036026,-0.47793132066726685,0.9979261159896851,0.4974273145198822,0.11889711022377014,-0.4781278669834137,0.9986286759376526,0.5306267738342285,0.12023977935314178,-0.36939018964767456,0.9979864358901978,0.49542322754859924,0.12118221074342728,-0.3518099784851074,0.9964510798454285,0.5147501230239868,0.15628260374069214,-0.44545459747314453,0.997983992099762,0.5015285611152649,0.1550857126712799,-0.4418925344944,0.9976757168769836,0.5718201398849487,0.22840508818626404,-0.2680448889732361,0.9999585747718811,0.4668434262275696,0.22860004007816315,-0.22808094322681427,0.9998233318328857,0.5692353844642639,0.3658553659915924,-0.2460431158542633,0.9208347797393799,0.4692937433719635,0.33914715051651,-0.24508123099803925,0.6078194975852966,0.5426431894302368,0.4656607210636139,-0.3353797197341919,0.6900584697723389,0.48765048384666443,0.44766929745674133,-0.38014644384384155,0.23901742696762085,0.5381447672843933,0.4971356689929962,-0.37265536189079285,0.6242819428443909,0.4905751347541809,0.47617611289024353,-0.4224207401275635,0.20759950578212738,0.5320671200752258,0.4900001883506775,-0.39530688524246216,0.6302247643470764,0.492798388004303,0.4681828022003174,-0.444375216960907,0.2147553265094757,0.5329118967056274,0.4776462912559509,-0.3446628451347351,0.5360621213912964,0.49286890029907227,0.4558553099632263,-0.39236700534820557,0.17617961764335632,0.5559285283088684,0.44325053691864014,-0.012755421921610832,0.9999847412109375,0.4951964318752289,0.43954429030418396,0.012604489922523499,0.9999788403511047,0.5899180769920349,0.5846635699272156,-0.21946923434734344,0.9847238659858704,0.442186176776886,0.5659303069114685,-0.19693680107593536,0.9520443081855774,0.6040636301040649,0.7506205439567566,-0.017737405374646187,0.9708918333053589,0.43685001134872437,0.7396768927574158,0.009828520007431507,0.9504515528678894,0.5978375673294067,0.7747526168823242,-0.005427240394055843,0.84201979637146,0.4484891891479492,0.7690712809562683,0.02484346553683281,0.8589049577713013,0.616425633430481,0.8143861293792725,-0.1507118046283722,0.9593231678009033,0.4032244086265564,0.7923122644424438,-0.10968387126922607,0.938930869102478
0.5069411993026733,0.14049789309501648,-0.509555995464325,0.9982922077178955,0.5144715905189514,0.11986418813467026,-0.5021496415138245,0.9973461627960205,0.5183999538421631,0.1191086694598198,-0.5024312734603882,0.9969556331634521,0.5225652456283569,0.11836619675159454,-0.5024271607398987,0.9979409575462341,0.5030218362808228,0.1197177991271019,-0.4971373975276947,0.9979722499847412,0.49973922967910767,0.11876433342695236,-0.49746280908584595,0.9980942010879517,0.4971657395362854,0.11770419776439667,-0.49767032265663147,0.9987359046936035,0.5304446816444397,0.11600268632173538,-0.3981073796749115,0.9981629848480225,0.49534979462623596,0.11530735343694687,-0.3742343783378601,0.9966957569122314,0.5145336985588074,0.1557512879371643,-0.46373552083969116,0.9981686472892761,0.5014277100563049,0.1537446826696396,-0.4584110677242279,0.997880220413208,0.5728734135627747,0.21863320469856262,-0.29003652930259705,0.9999611973762512,0.46718111634254456,0.21536831557750702,-0.2412296086549759,0.9998329281806946,0.5742985010147095,0.35215938091278076,-0.2594778537750244,0.9256595969200134,0.46816736459732056,0.33134791254997253,-0.23495161533355713,0.6220340132713318,0.544314444065094,0.44614362716674805,-0.33530035614967346,0.7050578594207764,0.4876045286655426,0.444058895111084,-0.34547778964042664,0.2374306172132492,0.5391079187393188,0.4778631925582886,-0.3697042763233185,0.6386242508888245,0.4899825155735016,0.4717058539390564,-0.38140204548835754,0.20546066761016846,0.5333261489868164,0.46852585673332214,-0.39115533232688904,0.6447324156761169,0.49268418550491333,0.4689088463783264,-0.4035647511482239,0.21242904663085938,0.5338370203971863,0.4556269645690918,-0.34362396597862244,0.5506762862205505,0.4928494095802307,0.4571552574634552,-0.3568888306617737,0.17382310330867767,0.5559859275817871,0.43031153082847595,-0.013928408734500408,0.99998539686203,0.49539080262184143,0.4258553683757782,0.013795045204460621,0.9999796152114868,0.5861201882362366,0.5808055996894836,-0.2024724930524826,0.9856696724891663,0.4477430284023285,0.566749632358551,-0.13562728464603424,0.9550977349281311,0.6040425300598145,0.7534633874893188,-0.035259660333395004,0.9725046753883362,0.4368584156036377,0.7422173619270325,0.03329974040389061,0.9537768363952637,0.5979496240615845,0.7795355916023254,-0.025453072041273117,0.8460719585418701,0.4485081732273102,0.771257758140564,0.04410684481263161,0.8625059127807617,0.6164741516113281,0.8148981928825378,-0.16694077849388123,0.9611307978630066,0.40302592515945435,0.7929338216781616,-0.08659490942955017,0.9420217871665955
0.5052076578140259,0.14132903516292572,-0.4969598352909088,0.9984549283981323,0.5121918320655823,0.12087265402078629,-0.4705871045589447,0.9975954294204712,0.5163732171058655,0.11993402987718582,-0.47084999084472656,0.9972414970397949,0.5205441117286682,0.11899533867835999,-0.47085413336753845,0.9981343746185303,0.5019608736038208,0.12014000117778778,-0.46766582131385803,0.9981591701507568,0.49851053953170776,0.11878398060798645,-0.467960923910141,0.9982696771621704,0.49625593423843384,0.11717088520526886,-0.46817106008529663,0.9988500475883484,0.5301726460456848,0.11645407974720001,-0.3745569884777069,0.998336911201477,0.4954656660556793,0.11214166134595871,-0.343535840511322,0.9969844222068787,0.512739360332489,0.1555788367986679,-0.43936291337013245,0.9983428716659546,0.5009247660636902,0.15324808657169342,-0.4490656852722168,0.9980769753456116,0.5736714005470276,0.209968701004982,-0.27767515182495117,0.9999637603759766,0.4677432179450989,0.20582224428653717,-0.2224978655576706,0.9998438954353333,0.5803723335266113,0.3349096477031708,-0.2690766155719757,0.9305207133293152,0.4663178324699402,0.31851717829704285,-0.22948689758777618,0.6451336145401001,0.5483087301254272,0.42834600806236267,-0.36523300409317017,0.723096489906311,0.48748189210891724,0.41656386852264404,-0.33356553316116333,0.25958654284477234,0.5448793172836304,0.4547866880893707,-0.40472811460494995,0.6577016711235046,0.4899243712425232,0.444460928440094,-0.36677277088165283,0.22346524894237518,0.538522481918335,0.44515612721443176,-0.42362460494041443,0.6641504168510437,0.492891788482666,0.444285124540329,-0.38912269473075867,0.2311914712190628,0.5378209352493286,0.4346163868904114,-0.37330764532089233,0.5698208212852478,0.4937005639076233,0.4318810701370239,-0.34470507502555847,0.1882321685552597,0.5560360550880432,0.4261714220046997,-0.01966378465294838,0.9999858736991882,0.4954225420951843,0.42169299721717834,0.019534314051270485,0.9999802112579346,0.5845010280609131,0.5794164538383484,-0.1744057685136795,0.9864482283592224,0.45076441764831543,0.5705901384353638,-0.047750864177942276,0.9576608538627625,0.6040318012237549,0.7551596164703369,-0.023762553930282593,0.9739898443222046,0.43686047196388245,0.7457627058029175,0.10951916128396988,0.9568792581558228,0.5982184410095215,0.7814303040504456,-0.016612650826573372,0.8501955270767212,0.44845741987228394,0.7744432091712952,0.11940035969018936,0.867374837398529,0.6166467666625977,0.8146972060203552,-0.14977724850177765,0.9631629586219788,0.40286126732826233,0.7935478091239929,0.0028824107721447945,0.9454993605613708
0.5043284893035889,0.14315636456012726,-0.48259878158569336,0.9986050128936768,0.5112693905830383,0.12188521772623062,-0.4612603783607483,0.9978269934654236,0.5156235098838806,0.12091003358364105,-0.46153345704078674,0.9975070357322693,0.5198239088058472,0.11998724192380905,-0.46152061223983765,0.9983137249946594,0.5005769729614258,0.12178458273410797,-0.4565371870994568,0.9983345866203308,0.49729886651039124,0.12046439200639725,-0.4568423628807068,0.99843430519104,0.4951062798500061,0.11886449158191681,-0.45704180002212524,0.9989577531814575,0.5301159024238586,0.11809702962636948,-0.3688815236091614,0.9984971284866333,0.49541932344436646,0.11495216935873032,-0.3394848108291626,0.997259259223938,0.5123195052146912,0.15778927505016327,-0.4288967251777649,0.9985009431838989,0.5003145337104797,0.15505822002887726,-0.43284907937049866,0.9982560276985168,0.5742155313491821,0.20394998788833618,-0.27117064595222473,0.9999661445617676,0.46831828355789185,0.20316185057163239,-0.21647362411022186,0.9998524188995361,0.5857280492782593,0.32622063159942627,-0.2628674805164337,0.9349365830421448,0.46538466215133667,0.30478474497795105,-0.22019164264202118,0.6620548963546753,0.5509152412414551,0.417428582906723,-0.3576231598854065,0.7401555776596069,0.4863712191581726,0.39900240302085876,-0.33071213960647583,0.27563291788101196,0.5477274060249329,0.439513623714447,-0.3949384093284607,0.676381528377533,0.4885765016078949,0.4234512746334076,-0.36609917879104614,0.23744146525859833,0.5404324531555176,0.4280928373336792,-0.41310372948646545,0.6830240488052368,0.493346631526947,0.41670259833335876,-0.38541021943092346,0.24535886943340302,0.5393944382667542,0.41897884011268616,-0.3652941584587097,0.5895609259605408,0.49416571855545044,0.4047541320323944,-0.341208279132843,0.19981622695922852,0.5563598871231079,0.4228799045085907,-0.020414436236023903,0.9999863505363464,0.4956298768520355,0.41810888051986694,0.0202949158847332,0.9999807476997375,0.5835800170898438,0.5781844258308411,-0.1245359405875206,0.9870892763137817,0.45211371779441833,0.5709070563316345,-0.04264966398477554,0.9602712392807007,0.6040225028991699,0.7556126117706299,0.0010096404002979398,0.9757538437843323,0.43700727820396423,0.7461305260658264,0.09190527349710464,0.9602206945419312,0.5983724594116211,0.7817517518997192,0.0051834057085216045,0.8560463190078735,0.44844722747802734,0.7756046652793884,0.09967377781867981,0.8746270537376404,0.6166296005249023,0.8145480751991272,-0.12259481102228165,0.9654749631881714,0.4015687108039856,0.7934582233428955,-0.01241997443139553,0.9493790864944458
0.5041199922561646,0.1478792130947113,-0.3893096148967743,0.9987280964851379,0.5109062194824219,0.12890754640102386,-0.38591307401657104,0.9980030059814453,0.5153311491012573,0.12660527229309082,-0.38619670271873474,0.9977075457572937,0.5194834470748901,0.12435388565063477,-0.3861503005027771,0.9984450340270996,0.5000110864639282,0.12767252326011658,-0.3795606195926666,0.998466968536377,0.49692362546920776,0.12520422041416168,-0.37986457347869873,0.9985619783401489,0.4946991801261902,0.12302597612142563,-0.38004550337791443,0.9990368485450745,0.5299962759017944,0.12067883461713791,-0.302152156829834,0.9986196756362915,0.49539312720298767,0.11776600778102875,-0.271342009305954,0.9974554181098938,0.5120381116867065,0.15872614085674286,-0.3493340313434601,0.9986264705657959,0.500296950340271,0.1557626724243164,-0.342843234539032,0.9983949065208435,0.5741178393363953,0.20446306467056274,-0.21598383784294128,0.9999671578407288,0.46864834427833557,0.20398834347724915,-0.1590053141117096,0.9998604655265808,0.5895232558250427,0.3223997950553894,-0.23140199482440948,0.9379152059555054,0.4632551074028015,0.29729387164115906,-0.21090856194496155,0.6843158602714539,0.5525960922241211,0.40762099623680115,-0.34042245149612427,0.7578614950180054,0.47651490569114685,0.36668312549591064,-0.38101840019226074,0.33979082107543945,0.5487588047981262,0.427632212638855,-0.37686607241630554,0.6975835561752319,0.47920289635658264,0.3885522186756134,-0.42787662148475647,0.30460289120674133,0.5417419672012329,0.41619303822517395,-0.39521950483322144,0.7044068574905396,0.48430919647216797,0.37710243463516235,-0.44356855750083923,0.31244057416915894,0.5412518978118896,0.40770038962364197,-0.3480997383594513,0.6126587390899658,0.48533883690834045,0.3658536374568939,-0.3923777937889099,0.2658989727497101,0.5563632845878601,0.4219915568828583,-0.021711038425564766,0.9999839067459106,0.4958956241607666,0.41856324672698975,0.021597595885396004,0.9999780654907227,0.5838331580162048,0.5782634019851685,-0.1003929004073143,0.9863420724868774,0.4524381160736084,0.5707789659500122,-0.05871143192052841,0.9615643620491028,0.6041231751441956,0.7558890581130981,0.010904239490628242,0.9762577414512634,0.43715015053749084,0.7463638186454773,0.06423133611679077,0.9622427821159363,0.5990862250328064,0.7826097011566162,0.013651860877871513,0.8529379963874817,0.44856128096580505,0.7772706747055054,0.07141457498073578,0.8770789504051208,0.6166599988937378,0.8143239617347717,-0.10774078220129013,0.9661338925361633,0.4010551869869232,0.7932437658309937,-0.03586258366703987,0.951705813407898
0.5026282072067261,0.15639469027519226,-0.38620617985725403,0.9988274574279785,0.5096768736839294,0.13727465271949768,-0.38327449560165405,0.99813312292099,0.5141053199768066,0.1352628767490387,-0.38355931639671326,0.99785315990448,0.5182471871376038,0.13319408893585205,-0.3835136592388153,0.9985338449478149,0.4986046850681305,0.13748516142368317,-0.3761294484138489,0.9985668063163757,0.4956669807434082,0.135273739695549,-0.37642812728881836,0.998662531375885,0.49300217628479004,0.13282400369644165,-0.3766116499900818,0.9990953207015991,0.5294556617736816,0.1252204328775406,-0.29677578806877136,0.9987092614173889,0.4949839115142822,0.12289024889469147,-0.262997567653656,0.9975935220718384,0.5113086104393005,0.16569051146507263,-0.34612804651260376,0.9987233877182007,0.4990152418613434,0.16388866305351257,-0.33806464076042175,0.9984995722770691,0.5743499398231506,0.2090199589729309,-0.2100403606891632,0.999966561794281,0.46870842576026917,0.20689678192138672,-0.15376189351081848,0.9998654127120972,0.5923437476158142,0.3218547999858856,-0.22849838435649872,0.9395519495010376,0.4627707898616791,0.29914718866348267,-0.21777038276195526,0.7020635604858398,0.5537940263748169,0.40420001745224,-0.3406616449356079,0.7704001069068909,0.47130781412124634,0.3587397634983063,-0.4250360429286957,0.39914369583129883,0.5488467216491699,0.4221707284450531,-0.3788824677467346,0.7126545310020447,0.4719821810722351,0.3760036528110504,-0.476290225982666,0.36707398295402527,0.5420944094657898,0.4071185290813446,-0.39736124873161316,0.7199543118476868,0.47583574056625366,0.36011818051338196,-0.4917656481266022,0.374788373708725,0.5419735908508301,0.39924895763397217,-0.3488314747810364,0.628002941608429,0.4779089093208313,0.3535299003124237,-0.43723124265670776,0.3278105556964874,0.5562609434127808,0.42496058344841003,-0.021486161276698112,0.9999803304672241,0.49581703543663025,0.4222983121871948,0.021378133445978165,0.9999739527702332,0.5841531157493591,0.5782817602157593,-0.13297542929649353,0.9859038591384888,0.4514048099517822,0.5705182552337646,-0.08107426762580872,0.9624577760696411,0.6043045520782471,0.7572849988937378,-0.009947417303919792,0.9762859344482422,0.43717092275619507,0.7466101050376892,0.05232922360301018,0.9635182023048401,0.5994950532913208,0.7847030758857727,-0.004701429046690464,0.8476150631904602,0.44867831468582153,0.7783496379852295,0.060216158628463745,0.8766939043998718,0.6171215772628784,0.8150022029876709,-0.13169251382350922,0.9661045074462891,0.40083861351013184,0.7931990027427673,-0.050772108137607574,0.952990710735321
0.5024797320365906,0.1622634381055832,-0.3779110312461853,0.9989284873008728,0.5096596479415894,0.14303670823574066,-0.37391555309295654,0.9982802867889404,0.5141198635101318,0.14117884635925293,-0.37419629096984863,0.998024046421051,0.5182744264602661,0.13955539464950562,-0.3741559386253357,0.99864661693573,0.49841609597206116,0.14327438175678253,-0.36711981892585754,0.9986756443977356,0.4955509305000305,0.14152272045612335,-0.36741840839385986,0.9987671375274658,0.49283963441848755,0.13945221900939941,-0.3675920069217682,0.9991583824157715,0.5291375517845154,0.13192522525787354,-0.2838127613067627,0.9988136887550354,0.4948248267173767,0.12970176339149475,-0.2514902949333191,0.9977447986602783,0.5112987756729126,0.1724414825439453,-0.33661437034606934,0.9988288879394531,0.49883905053138733,0.1709485948085785,-0.32894960045814514,0.9986142516136169,0.5745224356651306,0.21298643946647644,-0.19774995744228363,0.9999679327011108,0.4687061905860901,0.2091761976480484,-0.13725772500038147,0.9998694062232971,0.5955197811126709,0.32524681091308594,-0.2212933748960495,0.9440311789512634,0.46264487504959106,0.303349107503891,-0.19625622034072876,0.7196851372718811,0.5590114593505859,0.4006316363811493,-0.3471057713031769,0.7906762361526489,0.4705394208431244,0.3621100187301636,-0.3944973945617676,0.45259004831314087,0.5549240112304688,0.41741088032722473,-0.3880000710487366,0.7373557686805725,0.4718162417411804,0.37750443816185,-0.4429534077644348,0.4234861731529236,0.5471862554550171,0.4034389853477478,-0.4062867760658264,0.7442854642868042,0.4750026762485504,0.36140382289886475,-0.4601582884788513,0.4310265779495239,0.5465415120124817,0.39683324098587036,-0.3556838035583496,0.6582658886909485,0.4768727719783783,0.35561510920524597,-0.4069843888282776,0.38425880670547485,0.5561079382896423,0.42673546075820923,-0.02197742834687233,0.9999773502349854,0.4954191744327545,0.42427852749824524,0.021879704669117928,0.9999693036079407,0.5845919251441956,0.5783293843269348,-0.1493864357471466,0.9862453937530518,0.45049160718917847,0.5703614950180054,-0.10554250329732895,0.9646545052528381,0.6047251224517822,0.758299708366394,-0.01276628952473402,0.976990818977356,0.43716177344322205,0.7475999593734741,0.029887769371271133,0.965359091758728,0.5998005867004395,0.7859350442886353,-0.0179129708558321,0.8476592302322388,0.44878634810447693,0.780159592628479,0.035248514264822006,0.8795583248138428,0.6173068284988403,0.8158169984817505,-0.13412164151668549,0.9668603539466858,0.4000624120235443,0.7938913106918335,-0.060180723667144775,0.9549517035484314
0.5024201273918152,0.16604012250900269,-0.4012708067893982,0.999026894569397,0.5096551179885864,0.14661820232868195,-0.39607295393943787,0.9984333515167236,0.5141276717185974,0.1448497474193573,-0.3963523507118225,0.9982014894485474,0.5182977318763733,0.1433841586112976,-0.3963211178779602,0.9987660646438599,0.49833789467811584,0.1466834396123886,-0.3897632360458374,0.9987903237342834,0.4954836964607239,0.14494407176971436,-0.3900642693042755,0.9988752007484436,0.49276629090309143,0.14299219846725464,-0.3902443051338196,0.9992271661758423,0.5289846658706665,0.1359863579273224,-0.30224570631980896,0.9989218711853027,0.494788259267807,0.1338052600622177,-0.27219170331954956,0.997920572757721,0.5112994909286499,0.176653653383255,-0.35877570509910583,0.9989345073699951,0.4987843930721283,0.17574314773082733,-0.3517540395259857,0.9987326860427856,0.5747233033180237,0.21444466710090637,-0.21205481886863708,0.9999696612358093,0.46865659952163696,0.21102748811244965,-0.15290069580078125,0.999872088432312,0.5972616076469421,0.32961878180503845,-0.23252372443675995,0.9488001465797424,0.46264925599098206,0.3074113428592682,-0.20476827025413513,0.7353481650352478,0.5614745020866394,0.40219658613204956,-0.37879663705825806,0.81008380651474,0.47183671593666077,0.36844655871391296,-0.4140418469905853,0.49795830249786377,0.5579460859298706,0.4194308817386627,-0.42335978150367737,0.7611792087554932,0.4739297032356262,0.3868842124938965,-0.46445339918136597,0.4716181755065918,0.5487858057022095,0.40584805607795715,-0.4421006143093109,0.7676507830619812,0.4768083095550537,0.3707733154296875,-0.4814963936805725,0.4791527986526489,0.5480605363845825,0.39957118034362793,-0.3880634307861328,0.688140869140625,0.4785139560699463,0.36331579089164734,-0.42663273215293884,0.43119245767593384,0.5560845136642456,0.4280080497264862,-0.021982034668326378,0.9999755620956421,0.4953436851501465,0.42555758357048035,0.021888868883252144,0.9999657273292542,0.5854359865188599,0.5784021615982056,-0.1627165675163269,0.987160325050354,0.45006299018859863,0.5702555775642395,-0.10738519579172134,0.9673106670379639,0.6050230264663696,0.7602466344833374,-0.018278665840625763,0.9783313274383545,0.43712812662124634,0.749784529209137,0.029781613498926163,0.9677386283874512,0.6001642942428589,0.7881191968917847,-0.023373926058411598,0.8530429601669312,0.44881901144981384,0.7825766801834106,0.03586277365684509,0.8854364156723022,0.6175021529197693,0.8177696466445923,-0.14156395196914673,0.968544602394104,0.3996211290359497,0.7944008111953735,-0.06888329982757568,0.9576613306999207
0.5027313828468323,0.16533850133419037,-0.40918660163879395,0.9991158843040466,0.5099082589149475,0.1454780399799347,-0.4082869589328766,0.998569905757904,0.514506459236145,0.14382146298885345,-0.40858083963394165,0.9983582496643066,0.5188338756561279,0.14245574176311493,-0.4085220694541931,0.9988712072372437,0.49834442138671875,0.14571858942508698,-0.4012691080570221,0.9988952279090881,0.495478093624115,0.14410144090652466,-0.40156808495521545,0.9989742040634155,0.49268993735313416,0.14214830100536346,-0.4017259478569031,0.9992923736572266,0.5289440155029297,0.1359531581401825,-0.3163284659385681,0.9990154504776001,0.4942898154258728,0.133676216006279,-0.2824910879135132,0.9980874061584473,0.5116586089134216,0.17639461159706116,-0.3653299808502197,0.9990279674530029,0.49886393547058105,0.17545777559280396,-0.356515109539032,0.9988402724266052,0.5748149752616882,0.2157665491104126,-0.22261790931224823,0.9999709129333496,0.46862778067588806,0.21106503903865814,-0.16053296625614166,0.9998794794082642,0.5957923531532288,0.33289799094200134,-0.2508642077445984,0.9521202445030212,0.4622006416320801,0.30399784445762634,-0.2082194983959198,0.752539336681366,0.5599789619445801,0.4111003875732422,-0.38081541657447815,0.825653612613678,0.470424085855484,0.3642403483390808,-0.4017367959022522,0.5448130965232849,0.5565256476402283,0.4295671582221985,-0.4232444167137146,0.78017657995224,0.4725114703178406,0.38280102610588074,-0.4492643475532532,0.5209818482398987,0.5477020144462585,0.4130585491657257,-0.44184058904647827,0.7864314913749695,0.4751640856266022,0.3668527901172638,-0.46879157423973083,0.5281015634536743,0.5470349192619324,0.40642741322517395,-0.3895290493965149,0.7110278606414795,0.4767318665981293,0.35760268568992615,-0.4147978723049164,0.4822728633880615,0.5559725165367126,0.4288657307624817,-0.022599587216973305,0.9999732971191406,0.49442058801651,0.42636391520500183,0.02250748686492443,0.9999629259109497,0.5856642127037048,0.579400897026062,-0.15914374589920044,0.9874304533004761,0.44971734285354614,0.5717248916625977,-0.1007951945066452,0.9687203168869019,0.6050911545753479,0.7622419595718384,-0.025022227317094803,0.9787900447845459,0.4370243549346924,0.7519047856330872,0.03628995269536972,0.9687393307685852,0.6002181768417358,0.7916785478591919,-0.028142061084508896,0.8544415831565857,0.44882717728614807,0.7847335934638977,0.04372868314385414,0.886512279510498,0.6175554394721985,0.8194247484207153,-0.1444091498851776,0.9692661166191101,0.3996920883655548,0.7954039573669434,-0.062482379376888275,0.9587901830673218
0.5027354955673218,0.16364485025405884,-0.4125799536705017,0.999197244644165,0.5099470615386963,0.14319275319576263,-0.4092818796634674,0.9986971616744995,0.5146303176879883,0.14049048721790314,-0.4095607399940491,0.9985042214393616,0.5190034508705139,0.13817596435546875,-0.4095107913017273,0.9989702105522156,0.4982159733772278,0.1433217078447342,-0.403069406747818,0.9989925622940063,0.4953621029853821,0.1410585343837738,-0.40336957573890686,0.9990653991699219,0.4925456941127777,0.13902688026428223,-0.40354055166244507,0.9993532299995422,0.5289236307144165,0.13236519694328308,-0.31862467527389526,0.9991029500961304,0.49400004744529724,0.13085535168647766,-0.2849889397621155,0.9982413053512573,0.5116637349128723,0.17439542710781097,-0.36883148550987244,0.9991143941879272,0.4988003373146057,0.17384041845798492,-0.36157387495040894,0.9989394545555115,0.5748212337493896,0.2165391892194748,-0.22682149708271027,0.9999722838401794,0.46818414330482483,0.21095149219036102,-0.16423742473125458,0.9998860955238342,0.5936103463172913,0.33471250534057617,-0.24908316135406494,0.9552372097969055,0.4620070457458496,0.30512580275535583,-0.2025364637374878,0.7651152014732361,0.558885931968689,0.41589054465293884,-0.3727295994758606,0.8397670984268188,0.4708891808986664,0.3713056743144989,-0.38746732473373413,0.5857822299003601,0.5539372563362122,0.4357510805130005,-0.4118085503578186,0.7972055673599243,0.471760094165802,0.38404345512390137,-0.43254607915878296,0.5642743110656738,0.5459242463111877,0.4192007780075073,-0.4287641942501068,0.8032446503639221,0.4727778434753418,0.36888283491134644,-0.4523252546787262,0.571101725101471,0.545314371585846,0.41172879934310913,-0.38048940896987915,0.7316962480545044,0.4756848216056824,0.3643627166748047,-0.40012073516845703,0.5267168879508972,0.5559836030006409,0.4293019473552704,-0.02366507612168789,0.9999721646308899,0.49421626329421997,0.42691272497177124,0.023562368005514145,0.9999611377716064,0.5857051610946655,0.5796558856964111,-0.16118943691253662,0.9878152012825012,0.4494974613189697,0.5742099285125732,-0.07992355525493622,0.9695788025856018,0.6050878167152405,0.763386607170105,-0.03504882752895355,0.9792519807815552,0.4368314743041992,0.753452718257904,0.059691064059734344,0.9694480895996094,0.600196361541748,0.7928580641746521,-0.034554872661828995,0.8555619120597839,0.4488030970096588,0.7860480546951294,0.06817939132452011,0.8863736987113953,0.6176047325134277,0.821446418762207,-0.15362133085727692,0.9700368642807007,0.3996376693248749,0.7963065505027771,-0.03745416924357414,0.9594971537590027
0.5020347237586975,0.1568659394979477,-0.4654177129268646,0.9992740750312805,0.5096196532249451,0.13603545725345612,-0.46242213249206543,0.9988211393356323,0.5144771337509155,0.13379289209842682,-0.4627193510532379,0.99864661693573,0.518710732460022,0.13202126324176788,-0.46269044280052185,0.9990684390068054,0.4976363182067871,0.13576027750968933,-0.45678621530532837,0.9990870952606201,0.49494338035583496,0.13403090834617615,-0.45710086822509766,0.9991525411605835,0.49212080240249634,0.1321224868297577,-0.45728451013565063,0.999412477016449,0.5286534428596497,0.12752699851989746,-0.37396878004074097,0.999188244342804,0.4938339591026306,0.12619145214557648,-0.346243679523468,0.998395562171936,0.5111315250396729,0.16891008615493774,-0.4241964817047119,0.9991974234580994,0.49814000725746155,0.16907238960266113,-0.4179375171661377,0.9990354180335999,0.5748117566108704,0.21738038957118988,-0.27755922079086304,0.9999741911888123,0.46670541167259216,0.21175187826156616,-0.22115854918956757,0.9998899102210999,0.5922046899795532,0.33809196949005127,-0.28004807233810425,0.9581032395362854,0.46210092306137085,0.3121868669986725,-0.22078606486320496,0.7643784284591675,0.5537163019180298,0.42388466000556946,-0.38742488622665405,0.8493816256523132,0.47446268796920776,0.4034825563430786,-0.34281909465789795,0.5620641708374023,0.545562744140625,0.4458410143852234,-0.42721396684646606,0.807840883731842,0.48020219802856445,0.43858078122138977,-0.3784143328666687,0.5391009449958801,0.5390685796737671,0.42759114503860474,-0.4442058205604553,0.8137547373771667,0.47934970259666443,0.42924609780311584,-0.39848393201828003,0.5462272763252258,0.5397740006446838,0.4167860150337219,-0.39491114020347595,0.7430471777915955,0.48386120796203613,0.41624563932418823,-0.35369637608528137,0.500015139579773,0.5558779835700989,0.42964044213294983,-0.02258138358592987,0.9999740719795227,0.4940122663974762,0.4272739887237549,0.022481363266706467,0.9999634027481079,0.585756242275238,0.581688642501831,-0.15917432308197021,0.9884739518165588,0.44886165857315063,0.5748746395111084,-0.08795826137065887,0.9711337089538574,0.605118453502655,0.7666893005371094,-0.02983996644616127,0.9804577827453613,0.436184823513031,0.7549691200256348,0.06230562925338745,0.9711300134658813,0.6001794338226318,0.7960188984870911,-0.02711377665400505,0.8623875379562378,0.4484982490539551,0.7873548865318298,0.07204799354076385,0.8908460736274719,0.617843747138977,0.825602114200592,-0.1517316848039627,0.9716124534606934,0.39894312620162964,0.798465371131897,-0.03755652531981468,0.961349368095398
0.5012974739074707,0.1508546769618988,-0.4598461985588074,0.9993396997451782,0.5093434453010559,0.13033637404441833,-0.45576921105384827,0.9989267587661743,0.5142337083816528,0.12924467027187347,-0.456071138381958,0.9987680912017822,0.5183843970298767,0.12822724878787994,-0.45605039596557617,0.9991524815559387,0.4973141551017761,0.12908358871936798,-0.45002156496047974,0.9991666674613953,0.4946815073490143,0.12749196588993073,-0.4503398835659027,0.9992257356643677,0.49185314774513245,0.12579131126403809,-0.4505394995212555,0.9994614124298096,0.5281723737716675,0.1253424435853958,-0.3661416471004486,0.9992613196372986,0.4936366677284241,0.12290652841329575,-0.3388133943080902,0.9985194206237793,0.5103117227554321,0.16515138745307922,-0.4189211428165436,0.9992676377296448,0.4969913363456726,0.16452433168888092,-0.41270318627357483,0.9991148710250854,0.5740875005722046,0.21885259449481964,-0.2704237997531891,0.9999752640724182,0.465507447719574,0.21221724152565002,-0.2198193073272705,0.9998911619186401,0.5866984724998474,0.34272345900535583,-0.27544891834259033,0.958686888217926,0.46213531494140625,0.3136909306049347,-0.22423696517944336,0.7573454976081848,0.5517829656600952,0.4380519390106201,-0.33020004630088806,0.8476788997650146,0.4779822826385498,0.4147484302520752,-0.3386874198913574,0.5301524996757507,0.5430175065994263,0.4644400179386139,-0.36355048418045044,0.8040949702262878,0.48182564973831177,0.44418221712112427,-0.3744440972805023,0.5064104795455933,0.5373901724815369,0.45213478803634644,-0.38391417264938354,0.810488224029541,0.48110660910606384,0.4339321553707123,-0.39425623416900635,0.5136916637420654,0.5385887622833252,0.4400392174720764,-0.3382064700126648,0.7367254495620728,0.48462945222854614,0.42194226384162903,-0.34967750310897827,0.46757668256759644,0.5558783411979675,0.4324856102466583,-0.020350381731987,0.9999759197235107,0.4942132830619812,0.431456595659256,0.02024814300239086,0.9999657273292542,0.5858244299888611,0.5863408446311951,-0.16409489512443542,0.989124596118927,0.44752582907676697,0.575309157371521,-0.09291680157184601,0.9726004600524902,0.6051148772239685,0.7690165042877197,-0.026520589366555214,0.981519341468811,0.43552517890930176,0.7575888633728027,0.06368284672498703,0.9726637601852417,0.6000796556472778,0.7984559535980225,-0.021396849304437637,0.8676391839981079,0.4479917585849762,0.7892650365829468,0.07430293411016464,0.8939523696899414,0.6178818941116333,0.8285146951675415,-0.14819645881652832,0.9729189872741699,0.3976789116859436,0.8025713562965393,-0.036142747849226,0.9629798531532288
0.5003840923309326,0.14997556805610657,-0.47205090522766113,0.999386727809906,0.5088230967521667,0.12935557961463928,-0.46656641364097595,0.9989993572235107,0.5138291120529175,0.12848757207393646,-0.46685847640037537,0.9988494515419006,0.5180505514144897,0.12758919596672058,-0.46684154868125916,0.9992104768753052,0.4968138337135315,0.12800954282283783,-0.4599374234676361,0.9992220997810364,0.4942319393157959,0.12661223113536835,-0.46026283502578735,0.9992762207984924,0.4914480745792389,0.12507998943328857,-0.46048063039779663,0.999495267868042,0.527813196182251,0.12549598515033722,-0.374459445476532,0.9993105530738831,0.4935216009616852,0.12300235033035278,-0.34388676285743713,0.9985981583595276,0.5095270872116089,0.16525433957576752,-0.430830717086792,0.9993218183517456,0.49618369340896606,0.16413280367851257,-0.4236334264278412,0.9991774559020996,0.5738168954849243,0.22787198424339294,-0.281301349401474,0.9999754428863525,0.46429190039634705,0.2181711047887802,-0.22618845105171204,0.9998944997787476,0.5789625644683838,0.35970696806907654,-0.26789626479148865,0.9563981890678406,0.46302127838134766,0.32954171299934387,-0.22958938777446747,0.7488789558410645,0.5459771752357483,0.46239081025123596,-0.3355991542339325,0.8264232277870178,0.48670706152915955,0.45464223623275757,-0.34140974283218384,0.49484309554100037,0.5389299988746643,0.49044567346572876,-0.3707735538482666,0.7801958322525024,0.48813945055007935,0.4767815172672272,-0.3784600496292114,0.4707363545894623,0.5334905385971069,0.4810085594654083,-0.3899788558483124,0.786877453327179,0.49070924520492554,0.48024019598960876,-0.39747732877731323,0.47786426544189453,0.5349180102348328,0.4695814847946167,-0.3432910740375519,0.7082419991493225,0.4920119345188141,0.46974045038223267,-0.35196831822395325,0.4328109323978424,0.5558670163154602,0.44074928760528564,-0.01880626007914543,0.999977707862854,0.4942188858985901,0.44005411863327026,0.01870865933597088,0.9999683499336243,0.5872174501419067,0.592194676399231,-0.2049712836742401,0.989661455154419,0.4449675679206848,0.5751289129257202,-0.158375546336174,0.9741828441619873,0.6051087379455566,0.7704838514328003,-0.024927573278546333,0.982158362865448,0.4350162148475647,0.7591349482536316,0.03241897374391556,0.973949670791626,0.5999213457107544,0.7992597818374634,-0.015092389658093452,0.8717098832130432,0.44786185026168823,0.7899571061134338,0.04745476692914963,0.8960191011428833,0.6179240942001343,0.8322944641113281,-0.14740951359272003,0.9736311435699463,0.39721253514289856,0.8103963136672974,-0.07565055042505264,0.9642446637153625
0.5001604557037354,0.15031395852565765,-0.4640798568725586,0.999406099319458,0.5086646676063538,0.1294679492712021,-0.46533554792404175,0.9990200400352478,0.5135964155197144,0.12883684039115906,-0.4656001627445221,0.9988723993301392,0.5178827047348022,0.12811784446239471,-0.4656978249549866,0.9992296695709229,0.49666905403137207,0.1285814493894577,-0.45455822348594666,0.9992374181747437,0.4940585494041443,0.12709012627601624,-0.4548540711402893,0.9992900490760803,0.49121952056884766,0.1253504455089569,-0.45496106147766113,0.9995033144950867,0.5273498296737671,0.1283765435218811,-0.3728613555431366,0.9993277192115784,0.4932247996330261,0.12500262260437012,-0.3315778076648712,0.9986051917076111,0.5093621015548706,0.16805744171142578,-0.42074570059776306,0.9993519186973572,0.49559372663497925,0.1658019870519638,-0.4112890362739563,0.9992107152938843,0.5736057758331299,0.24164366722106934,-0.2691490650177002,0.9999749660491943,0.4635816216468811,0.2303963303565979,-0.21550241112709045,0.9998936057090759,0.5726541876792908,0.3771032691001892,-0.24670211970806122,0.9520235657691956,0.4634445309638977,0.347512423992157,-0.22550275921821594,0.7285321950912476,0.5430402755737305,0.490858793258667,-0.3011776804924011,0.7970700860023499,0.48753494024276733,0.47687670588493347,-0.3185931444168091,0.45562267303466797,0.5358484387397766,0.5217441320419312,-0.3320094048976898,0.7486448884010315,0.49051088094711304,0.5092958807945251,-0.35159629583358765,0.43226927518844604,0.5309840440750122,0.5101476311683655,-0.35115891695022583,0.7558944225311279,0.4920271039009094,0.5024915933609009,-0.3697710633277893,0.43901947140693665,0.5325236320495605,0.4980506896972656,-0.30825772881507874,0.6744083166122437,0.49332064390182495,0.4885466992855072,-0.32832324504852295,0.39676743745803833,0.5560177564620972,0.45448043942451477,-0.017243657261133194,0.9999793171882629,0.494208425283432,0.45360684394836426,0.017139216884970665,0.9999706745147705,0.5898512005805969,0.5974078178405762,-0.24814526736736298,0.9902874827384949,0.4399544298648834,0.5770174860954285,-0.18130742013454437,0.9755054712295532,0.6051393151283264,0.7721174359321594,-0.039492104202508926,0.9823145270347595,0.43444234132766724,0.7611510157585144,0.01323600672185421,0.9748125672340393,0.5999065637588501,0.7996806502342224,-0.023761818185448647,0.8718162775039673,0.44763511419296265,0.7918052673339844,0.028982888907194138,0.8955522775650024,0.6180502772331238,0.8373764157295227,-0.15117281675338745,0.9735091924667358,0.39726555347442627,0.8145526647567749,-0.09069959074258804,0.9646546244621277
0.49927109479904175,0.15777941048145294,-0.4641892910003662,0.9994348883628845,0.5079015493392944,0.135726198554039,-0.45864686369895935,0.9990623593330383,0.5127384662628174,0.13559798896312714,-0.45892515778541565,0.9989163279533386,0.5170662999153137,0.1353875994682312,-0.45893627405166626,0.9992629289627075,0.4960905909538269,0.13411343097686768,-0.4516478180885315,0.9992721676826477,0.4931820034980774,0.1327846497297287,-0.45196110010147095,0.9993215203285217,0.49028724431991577,0.13170644640922546,-0.4521542191505432,0.9995255470275879,0.5266689658164978,0.1369660198688507,-0.3657488524913788,0.9993481040000916,0.49234047532081604,0.1339215785264969,-0.335497111082077,0.998645544052124,0.5084789395332336,0.17676784098148346,-0.4229224622249603,0.9993833303451538,0.49466991424560547,0.17346878349781036,-0.41612377762794495,0.9992501735687256,0.5735971927642822,0.257273405790329,-0.27929365634918213,0.9999741315841675,0.46298450231552124,0.24601314961910248,-0.2217927873134613,0.9998956322669983,0.5675457715988159,0.40192681550979614,-0.2555267810821533,0.9454345703125,0.46388354897499084,0.36891061067581177,-0.22907643020153046,0.7062962651252747,0.5388606190681458,0.5176794528961182,-0.3151896595954895,0.7642608284950256,0.48653191328048706,0.49311769008636475,-0.32764357328414917,0.4208759367465973,0.5320256948471069,0.5540871024131775,-0.3480554521083832,0.7152414917945862,0.48955726623535156,0.5259330868721008,-0.36143869161605835,0.39820075035095215,0.526603102684021,0.5450450778007507,-0.36744624376296997,0.7229331135749817,0.4918667674064636,0.5186243057250977,-0.38086217641830444,0.40471190214157104,0.5285367369651794,0.5307851433753967,-0.32254767417907715,0.6389095783233643,0.49286088347435,0.5047653913497925,-0.3380349278450012,0.3645230233669281,0.5566021203994751,0.4640735685825348,-0.016766279935836792,0.9999808073043823,0.4942556917667389,0.4637809693813324,0.016656825318932533,0.9999728798866272,0.5932098627090454,0.5998805165290833,-0.267829954624176,0.9905512928962708,0.43683546781539917,0.5780833959579468,-0.20769278705120087,0.9760505557060242,0.6053181886672974,0.7758539915084839,-0.059115491807460785,0.9815793633460999,0.43347853422164917,0.7625812292098999,-0.016786396503448486,0.9748532176017761,0.5999228358268738,0.8028339743614197,-0.04401634633541107,0.87052983045578,0.446866512298584,0.7932559251785278,-0.0017149727791547775,0.8938322067260742,0.6183077096939087,0.8412152528762817,-0.17293238639831543,0.9724816679954529,0.396981418132782,0.8169980645179749,-0.12262456119060516,0.964213490486145
0.49927425384521484,0.16621887683868408,-0.4547116756439209,0.9994542598724365,0.507830798625946,0.14343105256557465,-0.4425857961177826,0.9990836381912231,0.5126692056655884,0.14326371252536774,-0.4428369104862213,0.9989339113235474,0.5170567631721497,0.14297594130039215,-0.44285568594932556,0.9992789030075073,0.495919406414032,0.14222951233386993,-0.43641090393066406,0.9992935657501221,0.4929060935974121,0.14137710630893707,-0.43671292066574097,0.999340295791626,0.4899037480354309,0.14063197374343872,-0.436915785074234,0.9995397329330444,0.5264794826507568,0.14582569897174835,-0.34401705861091614,0.9993507862091064,0.49142107367515564,0.14341354370117188,-0.3169002830982208,0.9986568093299866,0.508488118648529,0.18606160581111908,-0.4132007956504822,0.9994058012962341,0.4946680963039398,0.18312987685203552,-0.40729665756225586,0.9992807507514954,0.5734124183654785,0.26822367310523987,-0.27346330881118774,0.9999731183052063,0.46250230073928833,0.2616361081600189,-0.20783281326293945,0.9998970031738281,0.5650583505630493,0.41312888264656067,-0.25337713956832886,0.9407893419265747,0.4642462134361267,0.38803258538246155,-0.20736439526081085,0.6880196332931519,0.5383816957473755,0.5292485356330872,-0.31115150451660156,0.736340343952179,0.4857868552207947,0.5163068771362305,-0.2994345724582672,0.39149773120880127,0.5314156413078308,0.5656559467315674,-0.3435303866863251,0.6866505742073059,0.4886842370033264,0.5455938577651978,-0.3306439220905304,0.3688943088054657,0.5262402892112732,0.5582115650177002,-0.3618011772632599,0.6948780417442322,0.490750789642334,0.5455310344696045,-0.35099419951438904,0.3752468526363373,0.5280395150184631,0.5437420010566711,-0.3179779350757599,0.6087504029273987,0.49245160818099976,0.5365369915962219,-0.3099685311317444,0.33678048849105835,0.5573481917381287,0.4753791391849518,-0.016846254467964172,0.9999819397926331,0.4943230152130127,0.4772166311740875,0.016738560050725937,0.9999746680259705,0.5953838229179382,0.6023657321929932,-0.3058805763721466,0.9907605051994324,0.4346908628940582,0.5797746777534485,-0.23376396298408508,0.9762645959854126,0.6058801412582397,0.776993453502655,-0.08447296917438507,0.9793428778648376,0.43332213163375854,0.7657313942909241,-0.039192814379930496,0.9741368293762207,0.5999712347984314,0.8031650185585022,-0.06799256056547165,0.8641166090965271,0.44671377539634705,0.7970041036605835,-0.023794645443558693,0.8896786570549011,0.6186414361000061,0.8448224663734436,-0.19446387887001038,0.9693747162818909,0.3969883322715759,0.8214800357818604,-0.14580221474170685,0.9623667597770691
0.49905067682266235,0.17129254341125488,-0.47107189893722534,0.9994105696678162,0.507816731929779,0.15004035830497742,-0.4604557156562805,0.9990018606185913,0.5126861929893494,0.1499684900045395,-0.46071967482566833,0.9988223910331726,0.5170727968215942,0.1501178741455078,-0.4607297480106354,0.9992183446884155,0.4956608712673187,0.1492757499217987,-0.45239534974098206,0.9992367625236511,0.49268484115600586,0.14863157272338867,-0.45269498229026794,0.9992826581001282,0.489729642868042,0.148068368434906,-0.45290327072143555,0.9995054006576538,0.5262976884841919,0.15345388650894165,-0.3613797724246979,0.9992822408676147,0.49127811193466187,0.15140846371650696,-0.3248886466026306,0.9984850883483887,0.5083673596382141,0.19233328104019165,-0.4292864203453064,0.9993996620178223,0.4944933354854584,0.18932312726974487,-0.420509397983551,0.999275803565979,0.5731128454208374,0.27824684977531433,-0.29090943932533264,0.9999713897705078,0.4620744287967682,0.2728617489337921,-0.20695869624614716,0.9998942613601685,0.5626546740531921,0.42309045791625977,-0.277405709028244,0.9371451735496521,0.46487298607826233,0.4032891094684601,-0.20114314556121826,0.6640374660491943,0.5364678502082825,0.5477607846260071,-0.3364067077636719,0.7091360092163086,0.48508620262145996,0.5363374352455139,-0.298377126455307,0.3615865707397461,0.5307145118713379,0.5824943780899048,-0.3698002099990845,0.6571916937828064,0.4880082607269287,0.5636791586875916,-0.32938262820243835,0.33955463767051697,0.5254215002059937,0.576457679271698,-0.38727042078971863,0.6652392745018005,0.4896141588687897,0.5674893856048584,-0.3523811101913452,0.3455768823623657,0.5261374115943909,0.5637201070785522,-0.3425668478012085,0.5774391293525696,0.48932957649230957,0.5580356121063232,-0.3101099133491516,0.3094693720340729,0.5581682920455933,0.48341187834739685,-0.021167531609535217,0.9999831318855286,0.4950607419013977,0.485895574092865,0.021047528833150864,0.9999765157699585,0.5981573462486267,0.6053925156593323,-0.3364439606666565,0.9912057518959045,0.43176212906837463,0.5845178961753845,-0.24909308552742004,0.976990818977356,0.606144368648529,0.778450071811676,-0.08789663761854172,0.978908121585846,0.43312591314315796,0.7683209180831909,-0.030487576499581337,0.974735677242279,0.5999681353569031,0.8034310936927795,-0.0693894550204277,0.8628015518188477,0.44645118713378906,0.7984033226966858,-0.013394090346992016,0.8899785876274109,0.618926465511322,0.8485687375068665,-0.20776696503162384,0.9683586955070496,0.39661163091659546,0.8255705237388611,-0.14678449928760529,0.9623718857765198
0.4990851879119873,0.1775183528661728,-0.5386041402816772,0.9994261264801025,0.5078310370445251,0.15768963098526,-0.5255352258682251,0.9990363717079163,0.5126973390579224,0.15786020457744598,-0.5258153676986694,0.99885493516922,0.5170806646347046,0.15799234807491302,-0.5258176922798157,0.9992466568946838,0.49556446075439453,0.15790334343910217,-0.5183303356170654,0.9992638826370239,0.49260538816452026,0.15769198536872864,-0.5186325311660767,0.9993024468421936,0.4895973205566406,0.15747332572937012,-0.5188372731208801,0.9995207786560059,0.5261605978012085,0.16230669617652893,-0.4110468029975891,0.9993017315864563,0.49083471298217773,0.1630144566297531,-0.3781519830226898,0.9984849095344543,0.5083893537521362,0.19851720333099365,-0.49097609519958496,0.9994376301765442,0.49452418088912964,0.1971820890903473,-0.4831523895263672,0.9993213415145874,0.5724373459815979,0.2874492108821869,-0.3253234028816223,0.9999719262123108,0.4616360068321228,0.2839263081550598,-0.23601634800434113,0.9998964071273804,0.5602439641952515,0.43270301818847656,-0.31033313274383545,0.9372994899749756,0.4651133418083191,0.4147792458534241,-0.23006966710090637,0.656468391418457,0.5356308817863464,0.5554019212722778,-0.3846203684806824,0.701724648475647,0.4847492575645447,0.5454677939414978,-0.34176331758499146,0.34098970890045166,0.5306463241577148,0.5891040563583374,-0.4213169515132904,0.6470640897750854,0.487558513879776,0.5743119120597839,-0.37675970792770386,0.3183816075325012,0.5249460339546204,0.5819314122200012,-0.44074511528015137,0.6544729471206665,0.4891658425331116,0.579317569732666,-0.40315595269203186,0.3241303563117981,0.5253573060035706,0.5685477256774902,-0.39173203706741333,0.5640950202941895,0.4887006878852844,0.5680169463157654,-0.3550170063972473,0.2890341877937317,0.5581866502761841,0.4870137572288513,-0.023868603631854057,0.9999844431877136,0.49445900321006775,0.48742493987083435,0.023739907890558243,0.9999784231185913,0.6003178954124451,0.6150355339050293,-0.3299601078033447,0.9917635321617126,0.42713671922683716,0.5933066606521606,-0.2631995975971222,0.9783440232276917,0.6063889265060425,0.782452404499054,-0.07375022023916245,0.9794355630874634,0.43273720145225525,0.7712628841400146,-0.01827804371714592,0.9762033224105835,0.5999622344970703,0.805860161781311,-0.04240597039461136,0.8647849559783936,0.4460390508174896,0.800017774105072,-0.00025141582591459155,0.8940101861953735,0.6190769672393799,0.8518481850624084,-0.19322146475315094,0.9688562154769897,0.3962087631225586,0.8283394575119019,-0.1387995332479477,0.9640242457389832
0.49910569190979004,0.17786920070648193,-0.429997056722641,0.999314546585083,0.5078364610671997,0.15718671679496765,-0.4135177731513977,0.9988295435905457,0.512678861618042,0.1573200523853302,-0.4137653410434723,0.9985788464546204,0.5170739889144897,0.15784791111946106,-0.41377773880958557,0.9991001486778259,0.49556875228881836,0.1579127162694931,-0.4076692461967468,0.9991238117218018,0.4926183223724365,0.15796157717704773,-0.4079580307006836,0.9991585612297058,0.4896109700202942,0.15792633593082428,-0.4081636369228363,0.9994385242462158,0.5261483192443848,0.1648702770471573,-0.3054744601249695,0.9991495013237,0.49085649847984314,0.1660526841878891,-0.27879664301872253,0.9981633424758911,0.5083889961242676,0.1985989212989807,-0.3864196836948395,0.9994106292724609,0.49450764060020447,0.1975848525762558,-0.3804143965244293,0.9992966055870056,0.571854293346405,0.29342949390411377,-0.2397080957889557,0.999969482421875,0.46111541986465454,0.29122620820999146,-0.1672215759754181,0.9998924732208252,0.5594034194946289,0.43821337819099426,-0.21689406037330627,0.9295950531959534,0.46540576219558716,0.42217445373535156,-0.1643838882446289,0.6365054845809937,0.5342007875442505,0.5637751817703247,-0.2764526903629303,0.6723315119743347,0.48450547456741333,0.5545517802238464,-0.2598688304424286,0.31604132056236267,0.5296257734298706,0.5970734357833862,-0.3073268234729767,0.6174684762954712,0.4872952401638031,0.5833219289779663,-0.2902844250202179,0.29408928751945496,0.5237089395523071,0.5912706255912781,-0.32580503821372986,0.6244969367980957,0.48886924982070923,0.5878238081932068,-0.31256353855133057,0.2993565797805786,0.5237565040588379,0.5785300135612488,-0.2831292748451233,0.5345746278762817,0.48867639899253845,0.5771982669830322,-0.2710690498352051,0.2664506435394287,0.5582054853439331,0.4967496693134308,-0.023586567491292953,0.9999855756759644,0.49433326721191406,0.49595558643341064,0.023434024304151535,0.999980092048645,0.6008719801902771,0.6189152002334595,-0.35067126154899597,0.9921069741249084,0.4248526990413666,0.5961402654647827,-0.2638790011405945,0.978729248046875,0.6070687770843506,0.7831574082374573,-0.08267246186733246,0.9780340194702148,0.43215513229370117,0.7737882137298584,-0.03850269317626953,0.9765063524246216,0.6001266837120056,0.8059845566749573,-0.05879209190607071,0.8594815731048584,0.4455195963382721,0.8021768927574158,-0.020086931064724922,0.8922513723373413,0.6194449663162231,0.8550426959991455,-0.19374167919158936,0.9660654067993164,0.3962691128253937,0.8323179483413696,-0.1519615352153778,0.9633145332336426
0.4990745186805725,0.1788201630115509,-0.43553441762924194,0.9992964863777161,0.5078266859054565,0.15811006724834442,-0.4208719730377197,0.9987992644309998,0.5126599073410034,0.15828314423561096,-0.42112645506858826,0.9985330700874329,0.5170691609382629,0.15901823341846466,-0.4211387038230896,0.9990859627723694,0.49552392959594727,0.15872608125209808,-0.4144814908504486,0.9991025328636169,0.49260061979293823,0.1586298942565918,-0.414773166179657,0.9991307854652405,0.4896245002746582,0.15836766362190247,-0.414968878030777,0.999423086643219,0.5261185765266418,0.1672968566417694,-0.3159513771533966,0.9991365671157837,0.49083295464515686,0.1648717075586319,-0.28671663999557495,0.9980692863464355,0.5083620548248291,0.19864428043365479,-0.392764151096344,0.999431312084198,0.4944131374359131,0.19712021946907043,-0.386027991771698,0.999319851398468,0.5713838338851929,0.29755139350891113,-0.24828413128852844,0.999969482421875,0.4607020914554596,0.29559630155563354,-0.17086881399154663,0.9998916387557983,0.5594454407691956,0.44366246461868286,-0.23096589744091034,0.9300626516342163,0.4655466079711914,0.42587026953697205,-0.1687055379152298,0.6235300302505493,0.5332245826721191,0.563248336315155,-0.2963618040084839,0.66726154088974,0.48424607515335083,0.5557997822761536,-0.26751774549484253,0.2949863374233246,0.5281201004981995,0.5957557559013367,-0.32910192012786865,0.6104301810264587,0.4870738983154297,0.5837922096252441,-0.2980819046497345,0.2737710773944855,0.5222811698913574,0.5890007019042969,-0.3468610346317291,0.6168465614318848,0.48866456747055054,0.5883487462997437,-0.3211561143398285,0.27857813239097595,0.5225276947021484,0.5762519836425781,-0.30287379026412964,0.525244414806366,0.4884900152683258,0.5776326656341553,-0.27911999821662903,0.2474384903907776,0.5581942796707153,0.49659520387649536,-0.0232077743858099,0.9999867081642151,0.4941708445549011,0.4981461465358734,0.02306320145726204,0.999981701374054,0.6008598804473877,0.6217101812362671,-0.3522946238517761,0.9926106929779053,0.4245900511741638,0.5989009141921997,-0.26895788311958313,0.9798144698143005,0.6072053909301758,0.7885035872459412,-0.09283553808927536,0.9784228801727295,0.4311998784542084,0.7760560512542725,-0.05507022142410278,0.9777560830116272,0.5999791026115417,0.8116350769996643,-0.07216367870569229,0.8621803522109985,0.4444710612297058,0.8055992722511292,-0.03820336237549782,0.8957998752593994,0.6200266480445862,0.8587764501571655,-0.2092956304550171,0.9663187265396118,0.3955914378166199,0.8346907496452332,-0.1736178696155548,0.9646875858306885
0.49951404333114624,0.17940902709960938,-0.4420979917049408,0.9992770552635193,0.5081092119216919,0.1602231115102768,-0.42894673347473145,0.9987644553184509,0.5129233598709106,0.1605253368616104,-0.4292066693305969,0.998481273651123,0.5175027847290039,0.1610909253358841,-0.42921629548072815,0.999067485332489,0.4958009719848633,0.16039954125881195,-0.4227418005466461,0.9990801215171814,0.4927261471748352,0.16048137843608856,-0.42303746938705444,0.9991026520729065,0.48994606733322144,0.1600760519504547,-0.42323407530784607,0.9994082450866699,0.5261322259902954,0.16940903663635254,-0.32288897037506104,0.9991224408149719,0.4908054769039154,0.1664075255393982,-0.29506438970565796,0.9979836940765381,0.5086033940315247,0.1991489976644516,-0.399235337972641,0.9994516372680664,0.4944998621940613,0.19736137986183167,-0.3925655484199524,0.9993443489074707,0.5713655352592468,0.29837265610694885,-0.25187575817108154,0.9999696016311646,0.4602736532688141,0.2984815835952759,-0.1756744235754013,0.9998918175697327,0.5600649118423462,0.44238775968551636,-0.23271767795085907,0.9303221106529236,0.46567806601524353,0.426949679851532,-0.17026415467262268,0.6156279444694519,0.5334250926971436,0.560289740562439,-0.29961875081062317,0.6651780009269714,0.48350539803504944,0.5550553798675537,-0.2709171772003174,0.27987658977508545,0.5275369882583618,0.5924916863441467,-0.33267539739608765,0.6066756844520569,0.4869665503501892,0.5836794972419739,-0.30197110772132874,0.2589079737663269,0.522018313407898,0.584636926651001,-0.35084155201911926,0.6126558184623718,0.4885469973087311,0.5861836075782776,-0.32584840059280396,0.26339203119277954,0.5224852561950684,0.5713282227516174,-0.3063167631626129,0.5195519924163818,0.4878924489021301,0.5744936466217041,-0.2828196883201599,0.23302991688251495,0.5581787824630737,0.49886736273765564,-0.023038122802972794,0.9999877214431763,0.49404802918434143,0.49996358156204224,0.022903045639395714,0.9999830722808838,0.60102379322052,0.6275848150253296,-0.34832173585891724,0.9930679798126221,0.42424601316452026,0.6027994155883789,-0.2621426284313202,0.9806981086730957,0.6072797179222107,0.7936563491821289,-0.0856955349445343,0.9785836935043335,0.4305838644504547,0.7792930006980896,-0.04417475685477257,0.9787458777427673,0.5999362468719482,0.8174239993095398,-0.06560365110635757,0.8634565472602844,0.4438224732875824,0.8082427382469177,-0.027090037241578102,0.8978789448738098,0.6204849481582642,0.8632568120956421,-0.20217430591583252,0.9662359952926636,0.39486390352249146,0.8370484113693237,-0.16254545748233795,0.9656171798706055
0.49952322244644165,0.1785118728876114,-0.5118492841720581,0.9992152452468872,0.508192777633667,0.15869762003421783,-0.4982489049434662,0.9986989498138428,0.5130876302719116,0.15874136984348297,-0.49851933121681213,0.9983901977539062,0.5176643133163452,0.15909093618392944,-0.4985385537147522,0.9990312457084656,0.49583062529563904,0.15863750874996185,-0.490501344203949,0.9990271329879761,0.49272990226745605,0.15853755176067352,-0.49081143736839294,0.9990361332893372,0.49006175994873047,0.15808042883872986,-0.4910222887992859,0.9993736743927002,0.5261532664299011,0.16649667918682098,-0.38889986276626587,0.99909907579422,0.49089694023132324,0.16380931437015533,-0.3538040518760681,0.9978325963020325,0.5086261034011841,0.1974998414516449,-0.4671597480773926,0.9994688630104065,0.4945813715457916,0.19581960141658783,-0.4586161971092224,0.9993628263473511,0.5715051889419556,0.2980046272277832,-0.3051261901855469,0.9999695420265198,0.46022501587867737,0.29504743218421936,-0.21290317177772522,0.9998913407325745,0.5604522228240967,0.441529244184494,-0.2658696472644806,0.930142343044281,0.46568045020103455,0.42122572660446167,-0.1801781952381134,0.5991798639297485,0.5331621766090393,0.5593702793121338,-0.31039348244667053,0.6620456576347351,0.4816487729549408,0.546127438545227,-0.27560192346572876,0.26290619373321533,0.5273224115371704,0.5927847027778625,-0.3389875292778015,0.6011735796928406,0.4857400059700012,0.5771228671073914,-0.305107057094574,0.24278616905212402,0.5218705534934998,0.5843175053596497,-0.3607328534126282,0.6063216328620911,0.4869867265224457,0.5788255929946899,-0.33181232213974,0.24694737792015076,0.5221542716026306,0.569965124130249,-0.31675204634666443,0.5124548077583313,0.48594218492507935,0.5675896406173706,-0.2882814407348633,0.21800000965595245,0.5579993724822998,0.497131884098053,-0.023129157721996307,0.9999886155128479,0.49314600229263306,0.49537238478660583,0.022991687059402466,0.9999843239784241,0.6007789373397827,0.6305124759674072,-0.3328246772289276,0.9934895634651184,0.4240875840187073,0.6057232022285461,-0.2638382315635681,0.9818569421768188,0.6073493957519531,0.7969503402709961,-0.06494636833667755,0.9793543815612793,0.42986130714416504,0.782535970211029,-0.03446497768163681,0.9800043702125549,0.5999469757080078,0.8201596736907959,-0.04251277446746826,0.8653708696365356,0.4431140422821045,0.8127287030220032,-0.022783059626817703,0.9008615016937256,0.620662271976471,0.8670825362205505,-0.19418790936470032,0.9671134948730469,0.3942719101905823,0.8423261046409607,-0.15078191459178925,0.9671540856361389
0.4995792806148529,0.17477823793888092,-0.5002366304397583,0.9992298483848572,0.5084038972854614,0.15574979782104492,-0.47490444779396057,0.9987225532531738,0.5132709741592407,0.15569211542606354,-0.4751579761505127,0.9984170198440552,0.517755389213562,0.15681830048561096,-0.4752197861671448,0.9990552663803101,0.4960601329803467,0.1572093963623047,-0.4661427140235901,0.9990435242652893,0.49284249544143677,0.1578081101179123,-0.466430127620697,0.9990483522415161,0.49037209153175354,0.15731368958950043,-0.46660342812538147,0.9993831515312195,0.526157021522522,0.1651550978422165,-0.35924118757247925,0.9991265535354614,0.49118390679359436,0.16247518360614777,-0.3235396146774292,0.9978422522544861,0.5086715817451477,0.1948198676109314,-0.45494216680526733,0.9995012879371643,0.4948222041130066,0.19283832609653473,-0.443650484085083,0.9994000792503357,0.5715116262435913,0.29417136311531067,-0.2948574423789978,0.9999707341194153,0.4601282477378845,0.29108044505119324,-0.18957971036434174,0.9998942613601685,0.5611812472343445,0.4366326630115509,-0.25198572874069214,0.9313824772834778,0.46531161665916443,0.4155316650867462,-0.16980668902397156,0.5920706391334534,0.5336580872535706,0.5546892881393433,-0.30954065918922424,0.6658958196640015,0.4804617762565613,0.5404646396636963,-0.2721463143825531,0.2514801025390625,0.5279010534286499,0.5893943309783936,-0.3416666090488434,0.6039465069770813,0.4842938780784607,0.5698412656784058,-0.3029780089855194,0.23217740654945374,0.5224097967147827,0.5815294981002808,-0.36184224486351013,0.6086044311523438,0.48613351583480835,0.5718275308609009,-0.3292757570743561,0.23607885837554932,0.5227535367012024,0.5677056908607483,-0.3164120316505432,0.5139880776405334,0.48547762632369995,0.5604527592658997,-0.28507065773010254,0.20767974853515625,0.557994544506073,0.49756109714508057,-0.023200739175081253,0.9999895095825195,0.4930720925331116,0.4963063895702362,0.023055899888277054,0.9999855756759644,0.6004444360733032,0.631355881690979,-0.33971071243286133,0.9939101338386536,0.4249018728733063,0.6054494380950928,-0.2524920105934143,0.9827724695205688,0.607344388961792,0.7995920181274414,-0.07475455850362778,0.9798982739448547,0.42935213446617126,0.7858286499977112,-0.033510301262140274,0.9810743927955627,0.5997670888900757,0.8240048885345459,-0.053082775324583054,0.8676624298095703,0.44274085760116577,0.8160378932952881,-0.01819634810090065,0.9034322500228882,0.6208735704421997,0.8712417483329773,-0.19834496080875397,0.9678136110305786,0.39340052008628845,0.8460922837257385,-0.15419933199882507,0.9684863686561584
0.5003684759140015,0.16594713926315308,-0.4432118535041809,0.9989740252494812,0.5091973543167114,0.14518432319164276,-0.4252192974090576,0.9982174038887024,0.514248251914978,0.14548587799072266,-0.42547839879989624,0.9978028535842896,0.518456757068634,0.1469021737575531,-0.4255081117153168,0.9987387657165527,0.4970943033695221,0.14699618518352509,-0.41967862844467163,0.9986502528190613,0.49346691370010376,0.14770784974098206,-0.41997432708740234,0.998649001121521,0.49076738953590393,0.14797107875347137,-0.42017608880996704,0.9991371631622314,0.5266696810722351,0.15719731152057648,-0.31433171033859253,0.998890221118927,0.491230309009552,0.15638667345046997,-0.28964531421661377,0.9970135688781738,0.509147584438324,0.186884343624115,-0.39870935678482056,0.9994561672210693,0.4953854978084564,0.18441352248191833,-0.3929993808269501,0.9993374943733215,0.5716473460197449,0.29115232825279236,-0.24543695151805878,0.9999702572822571,0.46000298857688904,0.28799113631248474,-0.17156371474266052,0.9998873472213745,0.5615304708480835,0.43271148204803467,-0.21760466694831848,0.9264270663261414,0.46518149971961975,0.41195645928382874,-0.16600069403648376,0.5644109845161438,0.5343056917190552,0.5501270294189453,-0.2849131226539612,0.6458566784858704,0.48069411516189575,0.5363919138908386,-0.268898606300354,0.23071184754371643,0.5284518003463745,0.5836231708526611,-0.3171842694282532,0.5836788415908813,0.4846206605434418,0.5653337836265564,-0.3004850745201111,0.213260680437088,0.5227481126785278,0.5766893625259399,-0.3366541564464569,0.5879846811294556,0.4864387512207031,0.5666143894195557,-0.32387375831604004,0.21679137647151947,0.5234168767929077,0.5631420016288757,-0.29202911257743835,0.4936159551143646,0.48596978187561035,0.555242657661438,-0.2806161046028137,0.19051361083984375,0.5579847097396851,0.4977036714553833,-0.02059144899249077,0.9999902248382568,0.4938460886478424,0.4994625151157379,0.020429963245987892,0.9999865293502808,0.5996552109718323,0.6326515674591064,-0.34756579995155334,0.9940985441207886,0.4254210889339447,0.606919527053833,-0.2749221920967102,0.9829191565513611,0.6073387861251831,0.8028807044029236,-0.07567795366048813,0.9791665077209473,0.42885297536849976,0.7885949611663818,-0.044010229408741,0.981236457824707,0.599639356136322,0.8266245722770691,-0.053903065621852875,0.8627641201019287,0.4422546923160553,0.819316029548645,-0.02583346702158451,0.9001819491386414,0.6211802959442139,0.8763437271118164,-0.1976737678050995,0.9663589596748352,0.3926123380661011,0.8499019145965576,-0.1658962368965149,0.9679725766181946
0.5003715753555298,0.15732985734939575,-0.42824211716651917,0.9989843368530273,0.5091961622238159,0.13737735152244568,-0.4128018915653229,0.998222827911377,0.5142412781715393,0.1374097466468811,-0.4130665361881256,0.9978170394897461,0.5184574127197266,0.13840483129024506,-0.4130844473838806,0.9987505078315735,0.49715304374694824,0.13856831192970276,-0.4070223271846771,0.9986445307731628,0.4934787154197693,0.1394660472869873,-0.40731534361839294,0.9986424446105957,0.4907740652561188,0.1396331489086151,-0.40751537680625916,0.9991262555122375,0.5266834497451782,0.1482720524072647,-0.30725300312042236,0.998917818069458,0.49124303460121155,0.1461765468120575,-0.28093641996383667,0.9969922304153442,0.5091327428817749,0.17853862047195435,-0.3857622742652893,0.999483585357666,0.49541348218917847,0.17571942508220673,-0.3798423409461975,0.9993662238121033,0.5718098878860474,0.28450703620910645,-0.236667200922966,0.9999714493751526,0.45969635248184204,0.2801491320133209,-0.170876145362854,0.9998877644538879,0.5636155009269714,0.4224306643009186,-0.21712884306907654,0.9289795160293579,0.46431764960289,0.4096693694591522,-0.17276552319526672,0.5600202679634094,0.5377495288848877,0.5385583639144897,-0.2928118407726288,0.6571731567382812,0.48031267523765564,0.533791720867157,-0.2742733061313629,0.2169966846704483,0.5319544076919556,0.5723563432693481,-0.3263959288597107,0.5946111083030701,0.48344331979751587,0.5631477236747742,-0.30163949728012085,0.20055541396141052,0.5254445672035217,0.567787230014801,-0.3456884026527405,0.598790168762207,0.4854402542114258,0.5641303062438965,-0.3283154368400574,0.203873410820961,0.5262584090232849,0.552393913269043,-0.30009061098098755,0.5037226676940918,0.4850802421569824,0.5522158741950989,-0.2863442003726959,0.17889370024204254,0.5576371550559998,0.49552658200263977,-0.01804962567985058,0.9999909996986389,0.49349385499954224,0.49699485301971436,0.017881648615002632,0.9999874830245972,0.595553994178772,0.6306994557380676,-0.33383145928382874,0.9944168925285339,0.42694997787475586,0.6083635687828064,-0.2596040964126587,0.9837686419487,0.6073422431945801,0.8057218194007874,-0.07478722929954529,0.9796145558357239,0.428445965051651,0.7906512022018433,-0.04270877689123154,0.9821235537528992,0.5997170209884644,0.8298851847648621,-0.054073505103588104,0.8628725409507751,0.44174328446388245,0.8220604658126831,-0.025860533118247986,0.901390016078949,0.6212047934532166,0.8790878057479858,-0.19805839657783508,0.9670408964157104,0.3920426368713379,0.8521246910095215,-0.16564318537712097,0.969173014163971
0.5007652044296265,0.14731259644031525,-0.4030892848968506,0.9989855289459229,0.5093958973884583,0.12782084941864014,-0.38607385754585266,0.9981841444969177,0.5145779848098755,0.12823663651943207,-0.3863321840763092,0.997761607170105,0.5186480283737183,0.12914060056209564,-0.3863440752029419,0.9987171292304993,0.4977177679538727,0.12745770812034607,-0.3822196125984192,0.9986284971237183,0.4940170645713806,0.12792648375034332,-0.3825221061706543,0.9986279606819153,0.49094700813293457,0.12821164727210999,-0.3827351927757263,0.9991165995597839,0.5270079374313354,0.13792309165000916,-0.27591997385025024,0.9988990426063538,0.4912397861480713,0.13596774637699127,-0.2583124041557312,0.9969898462295532,0.5092448592185974,0.16963347792625427,-0.35922130942344666,0.9994943141937256,0.4956800043582916,0.16570842266082764,-0.35582879185676575,0.9993809461593628,0.5718652009963989,0.2669174075126648,-0.20318754017353058,0.9999709129333496,0.4596044421195984,0.26700925827026367,-0.15966233611106873,0.9998895525932312,0.5672573447227478,0.4091532528400421,-0.17706260085105896,0.9238874912261963,0.46272793412208557,0.3924035429954529,-0.16605208814144135,0.564059317111969,0.5382745265960693,0.5185434222221375,-0.24619276821613312,0.6394009590148926,0.4808206558227539,0.5247153043746948,-0.2716046869754791,0.20987123250961304,0.5320648550987244,0.554501473903656,-0.2768893241882324,0.5786863565444946,0.4841195046901703,0.5502524375915527,-0.30458685755729675,0.1933954358100891,0.5255059003829956,0.5479574203491211,-0.29660409688949585,0.5832188725471497,0.48553353548049927,0.550871729850769,-0.3262632489204407,0.19650185108184814,0.5266653299331665,0.5329141616821289,-0.25360018014907837,0.48889780044555664,0.4851857125759125,0.5404679179191589,-0.2825268805027008,0.1717715561389923,0.5572878122329712,0.49402758479118347,-0.01469879038631916,0.9999915361404419,0.49310025572776794,0.49607208371162415,0.014522497542202473,0.9999882578849792,0.5920621156692505,0.6307017803192139,-0.3025709092617035,0.994473397731781,0.429074227809906,0.6139393448829651,-0.2390592098236084,0.9839292764663696,0.6073575615882874,0.8097385764122009,-0.06113288924098015,0.9790850877761841,0.4285565912723541,0.795017421245575,-0.029218455776572227,0.9821535348892212,0.599989116191864,0.8340162634849548,-0.04247771203517914,0.8591755628585815,0.4415144920349121,0.8264427781105042,-0.012458457611501217,0.8983089923858643,0.6212456822395325,0.8812187314033508,-0.17886939644813538,0.9660577774047852,0.3921509087085724,0.8538229465484619,-0.1440035104751587,0.9686882495880127
0.5006906390190125,0.1413382887840271,-0.4200606942176819,0.9990437626838684,0.5093464851379395,0.12232516705989838,-0.4057799279689789,0.9982776641845703,0.5144549012184143,0.12263648957014084,-0.4060538411140442,0.9978774189949036,0.5185693502426147,0.12302242964506149,-0.4060615599155426,0.9987828135490417,0.4976317286491394,0.12211804836988449,-0.4003847539424896,0.9986954927444458,0.4937373101711273,0.12251979857683182,-0.4006948471069336,0.9986939430236816,0.49076947569847107,0.12250957638025284,-0.40090855956077576,0.9991550445556641,0.5269442796707153,0.1306883692741394,-0.29969435930252075,0.9989604353904724,0.49098390340805054,0.12891289591789246,-0.27496859431266785,0.9971193075180054,0.5091484189033508,0.16326920688152313,-0.37685737013816833,0.9995227456092834,0.4953692555427551,0.15979835391044617,-0.3713950216770172,0.9994107484817505,0.5720625519752502,0.25367504358291626,-0.22259537875652313,0.9999715685844421,0.45962029695510864,0.24902448058128357,-0.16747461259365082,0.9998912215232849,0.5733758211135864,0.39318668842315674,-0.18990939855575562,0.9236581921577454,0.460968554019928,0.36456018686294556,-0.17250105738639832,0.5691102743148804,0.5405415296554565,0.4973315894603729,-0.24802324175834656,0.6334633827209473,0.48193034529685974,0.4895223081111908,-0.3019593358039856,0.20461395382881165,0.5335449576377869,0.5298217535018921,-0.2785656452178955,0.571757972240448,0.4851900041103363,0.5230072140693665,-0.34089750051498413,0.18787187337875366,0.5272746682167053,0.5195226669311523,-0.29914557933807373,0.5765328407287598,0.48728686571121216,0.5157425999641418,-0.36098712682724,0.19083604216575623,0.5287269353866577,0.5061568021774292,-0.2553870677947998,0.4814368784427643,0.48791199922561646,0.5012199282646179,-0.3133953809738159,0.16624443233013153,0.5570235252380371,0.4859476387500763,-0.015226513147354126,0.9999919533729553,0.49285656213760376,0.48477160930633545,0.015055310912430286,0.9999887943267822,0.5870004296302795,0.6305915117263794,-0.24254579842090607,0.9944413304328918,0.4360893666744232,0.6168113350868225,-0.1871788203716278,0.983615517616272,0.6073751449584961,0.815488338470459,-0.03913738951086998,0.9795520305633545,0.4286254942417145,0.7990381717681885,0.013278367929160595,0.982043981552124,0.6004072427749634,0.8412284851074219,-0.025884753093123436,0.8581260442733765,0.44143548607826233,0.8310850262641907,0.028263380751013756,0.8955047130584717,0.6212013959884644,0.8846971988677979,-0.16776423156261444,0.9665560722351074,0.39222612977027893,0.8557185530662537,-0.10218644142150879,0.9683287143707275
0.4996514916419983,0.14113371074199677,-0.4171765446662903,0.9991336464881897,0.5089411735534668,0.1195085346698761,-0.40563100576400757,0.998439610004425,0.514068603515625,0.118999183177948,-0.40593576431274414,0.9980782866477966,0.5183753967285156,0.1191510334610939,-0.40592437982559204,0.9988978505134583,0.4958571493625641,0.12113992869853973,-0.39913344383239746,0.9988150596618652,0.4924999177455902,0.12107627838850021,-0.39944300055503845,0.9988127946853638,0.48970356583595276,0.12057627737522125,-0.39963212609291077,0.9992293119430542,0.5267553925514221,0.12670791149139404,-0.3057006597518921,0.9990589618682861,0.4902823567390442,0.12652990221977234,-0.2756362855434418,0.9973678588867188,0.5087325572967529,0.16236574947834015,-0.37603405117988586,0.9995664954185486,0.49449753761291504,0.15946927666664124,-0.3689059317111969,0.9994617104530334,0.572247326374054,0.24551106989383698,-0.22891373932361603,0.999973714351654,0.45959311723709106,0.2416866570711136,-0.16814666986465454,0.9998932480812073,0.5812994241714478,0.3763768970966339,-0.22029252350330353,0.9298087954521179,0.45965638756752014,0.3584783375263214,-0.17444822192192078,0.5838085412979126,0.5483523011207581,0.47436732053756714,-0.3398202061653137,0.6647881269454956,0.48191994428634644,0.47090452909469604,-0.29965880513191223,0.20364072918891907,0.5429052710533142,0.5012139678001404,-0.38172703981399536,0.6067352890968323,0.485074907541275,0.49983906745910645,-0.33762452006340027,0.18604348599910736,0.5352892279624939,0.4894929528236389,-0.4005609452724457,0.6114412546157837,0.4873230457305908,0.4959314465522766,-0.35868045687675476,0.18927937746047974,0.5350382924079895,0.47914397716522217,-0.3482089638710022,0.5206670761108398,0.4885183274745941,0.48502662777900696,-0.31143009662628174,0.16476355493068695,0.5569654703140259,0.478562593460083,-0.015452993102371693,0.9999924302101135,0.49229592084884644,0.4747920036315918,0.015278386883437634,0.9999891519546509,0.5845446586608887,0.6309667229652405,-0.1853170245885849,0.9943950772285461,0.4414466321468353,0.624136745929718,-0.11408611387014389,0.9836190342903137,0.6073836088180542,0.8214414715766907,-0.014812735840678215,0.9804542660713196,0.42861586809158325,0.8033121824264526,0.05918396636843681,0.9825100898742676,0.600416362285614,0.8478745222091675,-0.005787533242255449,0.8603175282478333,0.44143080711364746,0.8356885313987732,0.07112429291009903,0.8969261646270752,0.6212080121040344,0.8866912722587585,-0.14382420480251312,0.9681486487388611,0.3922201097011566,0.8593671321868896,-0.048612937331199646,0.9694028496742249
0.4975742697715759,0.14236514270305634,-0.42396992444992065,0.9992184638977051,0.5075467824935913,0.12025481462478638,-0.40923434495925903,0.9985923767089844,0.5128014087677002,0.11976420879364014,-0.40947675704956055,0.9982666969299316,0.5174397230148315,0.11989344656467438,-0.40950989723205566,0.9990056157112122,0.4939846992492676,0.12199694663286209,-0.4040459096431732,0.9989303350448608,0.4910663068294525,0.12208595126867294,-0.40436190366744995,0.9989281892776489,0.48816990852355957,0.12187054008245468,-0.4045889973640442,0.99930340051651,0.5264366865158081,0.12763521075248718,-0.3205147385597229,0.9991509914398193,0.48945069313049316,0.1277734786272049,-0.28333327174186707,0.9976194500923157,0.5076054334640503,0.16315533220767975,-0.3802848160266876,0.9996079802513123,0.4929540753364563,0.16084031760692596,-0.37472954392433167,0.9995121955871582,0.5723149180412292,0.2414102703332901,-0.2471037656068802,0.9999756813049316,0.45957693457603455,0.2394263744354248,-0.17981772124767303,0.999898374080658,0.5859335660934448,0.37113919854164124,-0.2699888050556183,0.9357796907424927,0.4584525525569916,0.3556879758834839,-0.20333513617515564,0.610711395740509,0.5478967428207397,0.46665772795677185,-0.39684319496154785,0.6947864294052124,0.48166996240615845,0.4548075497150421,-0.3399236500263214,0.23787419497966766,0.5416871905326843,0.4886716306209564,-0.4415496289730072,0.6408589482307434,0.48458999395370483,0.48190680146217346,-0.3816643953323364,0.21649865806102753,0.5342025756835938,0.47741860151290894,-0.4586206376552582,0.6453694701194763,0.48720020055770874,0.4774165749549866,-0.40045151114463806,0.22040124237537384,0.5344913005828857,0.46709495782852173,-0.4048663079738617,0.5598156452178955,0.48850998282432556,0.46690717339515686,-0.35164621472358704,0.1913360357284546,0.5564878582954407,0.4692925214767456,-0.018305199220776558,0.9999926686286926,0.4913881719112396,0.46590113639831543,0.01813504286110401,0.9999892711639404,0.582741379737854,0.6304406523704529,-0.1715691238641739,0.9943329691886902,0.44281917810440063,0.6269248723983765,-0.06829150021076202,0.9833770394325256,0.6074149012565613,0.8206689357757568,-0.015179038047790527,0.9810181260108948,0.4285239577293396,0.8071536421775818,0.07081703096628189,0.9831252098083496,0.6009613871574402,0.8465977311134338,-0.007345342542976141,0.8603640794754028,0.4413747191429138,0.8397071957588196,0.07918043434619904,0.8998824954032898,0.6199637651443481,0.8868765234947205,-0.14024725556373596,0.9694043397903442,0.39137858152389526,0.8603071570396423,-0.03856544941663742,0.9707868695259094
0.49582773447036743,0.1431340128183365,-0.4270128607749939,0.9992923736572266,0.5058123469352722,0.12136653065681458,-0.41078558564186096,0.998725175857544,0.5109195113182068,0.12061450630426407,-0.4109768271446228,0.9984308481216431,0.5154095888137817,0.12110713124275208,-0.4110589921474457,0.9990989565849304,0.49262088537216187,0.12387122958898544,-0.40586042404174805,0.9990297555923462,0.48990899324417114,0.1239723190665245,-0.4061528742313385,0.9990279078483582,0.48691511154174805,0.12367668002843857,-0.40637636184692383,0.9993665814399719,0.5255999565124512,0.12940797209739685,-0.3256112337112427,0.9992305636405945,0.48861297965049744,0.1296895295381546,-0.2907700836658478,0.9978333711624146,0.5060558915138245,0.1641840785741806,-0.38389310240745544,0.9996414184570312,0.49165263772010803,0.16133436560630798,-0.3780195415019989,0.9995513558387756,0.572583794593811,0.24344414472579956,-0.2464599311351776,0.9999765753746033,0.4595474302768707,0.2402251809835434,-0.1887856274843216,0.9998998045921326,0.5897074341773987,0.36822739243507385,-0.2565191388130188,0.9393869042396545,0.4570353031158447,0.35366949439048767,-0.21571728587150574,0.6334818005561829,0.5490531921386719,0.45913317799568176,-0.36688923835754395,0.7138469219207764,0.4806881844997406,0.44162285327911377,-0.35189440846443176,0.2615705728530884,0.5429568886756897,0.479223370552063,-0.4074806571006775,0.6616833209991455,0.4845576286315918,0.4689898192882538,-0.3942491412162781,0.23634804785251617,0.5355836153030396,0.4688001275062561,-0.42475247383117676,0.6663508415222168,0.4872170090675354,0.4632561206817627,-0.41051778197288513,0.24077315628528595,0.536207914352417,0.4596084654331207,-0.374549925327301,0.5808265209197998,0.48847371339797974,0.4505043029785156,-0.36247602105140686,0.20730683207511902,0.5552603006362915,0.4697607755661011,-0.01833069697022438,0.9999927878379822,0.490178644657135,0.4674474895000458,0.018160518258810043,0.9999893307685852,0.5835539102554321,0.6308586001396179,-0.1490553915500641,0.9941970705986023,0.4426262378692627,0.6303063035011292,-0.06351164728403091,0.9834029078483582,0.6073848605155945,0.8242940306663513,-0.006509450729936361,0.9819201231002808,0.4282538890838623,0.8112879395484924,0.07842140644788742,0.9838207960128784,0.600955605506897,0.8506640791893005,-0.00040546589298173785,0.8637518286705017,0.4410673975944519,0.843062162399292,0.08712296187877655,0.9036588072776794,0.620141327381134,0.889161229133606,-0.13076819479465485,0.9708763957023621,0.3895106613636017,0.8614550828933716,-0.025840874761343002,0.9721477031707764
0.49449071288108826,0.15637458860874176,-0.4224703907966614,0.9993560314178467,0.504520058631897,0.13154780864715576,-0.4128197133541107,0.9988390803337097,0.50995934009552,0.1311202049255371,-0.4130839705467224,0.9985707402229309,0.5144696831703186,0.13164368271827698,-0.4130944609642029,0.9991768002510071,0.49146461486816406,0.1332256942987442,-0.40620702505111694,0.9991151690483093,0.48844829201698303,0.13343428075313568,-0.40650540590286255,0.9991140365600586,0.48544374108314514,0.1332715004682541,-0.40670472383499146,0.9994199872016907,0.5244340300559998,0.1368439495563507,-0.3253752291202545,0.9992976188659668,0.4876834750175476,0.13881658017635345,-0.28896549344062805,0.9980146884918213,0.5043484568595886,0.17501109838485718,-0.3819712996482849,0.9996674656867981,0.49037307500839233,0.17364904284477234,-0.37405458092689514,0.9995808005332947,0.572584331035614,0.2467108815908432,-0.24607105553150177,0.9999761581420898,0.4595097601413727,0.24197623133659363,-0.18763676285743713,0.9998984336853027,0.593782901763916,0.36657795310020447,-0.27768394351005554,0.941109836101532,0.45596688985824585,0.3451981842517853,-0.2681274116039276,0.6432000398635864,0.5498149394989014,0.4501227140426636,-0.4056316912174225,0.7247947454452515,0.4726908802986145,0.4157107174396515,-0.4806806147098541,0.2975611686706543,0.543249249458313,0.46614477038383484,-0.4486868977546692,0.6749903559684753,0.4771685004234314,0.4381334185600281,-0.5358642339706421,0.27519264817237854,0.5362952351570129,0.4520585834980011,-0.4657571315765381,0.6801919937133789,0.47948703169822693,0.4254818260669708,-0.5491774678230286,0.28039783239364624,0.537228524684906,0.44390276074409485,-0.4137766361236572,0.5924587249755859,0.48085910081863403,0.41552862524986267,-0.49274078011512756,0.23963679373264313,0.5544773936271667,0.46993666887283325,-0.018528243526816368,0.9999921321868896,0.48933154344558716,0.46756359934806824,0.01837657392024994,0.9999883770942688,0.5844359397888184,0.6330949664115906,-0.12491877377033234,0.9932511448860168,0.4417610168457031,0.6304877996444702,-0.08161662518978119,0.9824882745742798,0.6073809862136841,0.8260689377784729,0.008950376883149147,0.9819633960723877,0.4279957711696625,0.8146902322769165,0.058014802634716034,0.983948826789856,0.6009541749954224,0.8523896336555481,0.013494168408215046,0.8601592779159546,0.44096246361732483,0.8460426926612854,0.06660216301679611,0.9045882821083069,0.6201052665710449,0.8927558660507202,-0.12009020894765854,0.971099317073822,0.38844990730285645,0.8665851354598999,-0.05132146552205086,0.9726314544677734
0.4930321276187897,0.17018921673297882,-0.4173452854156494,0.999408483505249,0.5027157068252563,0.14708204567432404,-0.4115327298641205,0.9989307522773743,0.5081936120986938,0.14628727734088898,-0.4118230938911438,0.9986824989318848,0.5129474401473999,0.1458127498626709,-0.4117933213710785,0.9992365837097168,0.49038124084472656,0.14837314188480377,-0.403355211019516,0.999184787273407,0.48726552724838257,0.14792253077030182,-0.4036713242530823,0.9991854429244995,0.48449841141700745,0.14718210697174072,-0.40386566519737244,0.999463677406311,0.5237150192260742,0.1480642855167389,-0.32512518763542175,0.9993493556976318,0.48690685629844666,0.14956161379814148,-0.28574904799461365,0.9981616139411926,0.5030243396759033,0.1870296746492386,-0.37850600481033325,0.9996848106384277,0.48948150873184204,0.187369242310524,-0.36889103055000305,0.9995995163917542,0.5726562738418579,0.24978014826774597,-0.24529138207435608,0.9999747276306152,0.4595125615596771,0.24396303296089172,-0.18052485585212708,0.9998995661735535,0.5972692370414734,0.37228983640670776,-0.2673256993293762,0.9409092664718628,0.4553593695163727,0.33961915969848633,-0.2461119443178177,0.6503626108169556,0.5511702299118042,0.44973164796829224,-0.3773413896560669,0.7267323732376099,0.46532338857650757,0.40239062905311584,-0.45059913396835327,0.34150785207748413,0.5441001653671265,0.46678847074508667,-0.4166744649410248,0.6784821152687073,0.4697965681552887,0.42663052678108215,-0.5023910999298096,0.3223474621772766,0.5369325876235962,0.45189714431762695,-0.43387293815612793,0.6843857765197754,0.47251787781715393,0.4116396903991699,-0.5183597803115845,0.3281668722629547,0.538015604019165,0.44425874948501587,-0.3848731219768524,0.5934205055236816,0.4738907814025879,0.40249574184417725,-0.46337389945983887,0.28209471702575684,0.5537666082382202,0.4704902768135071,-0.02049405872821808,0.9999909996986389,0.48867255449295044,0.46843570470809937,0.0203762948513031,0.9999871850013733,0.5849596261978149,0.6356821060180664,-0.12727545201778412,0.992486298084259,0.44138994812965393,0.6326237320899963,-0.094298355281353,0.9820619225502014,0.6073805093765259,0.8291398882865906,0.0031740437261760235,0.9821412563323975,0.42777037620544434,0.8177202939987183,0.04543844610452652,0.9840618371963501,0.6009503602981567,0.8558505773544312,0.007781510706990957,0.858822762966156,0.4408136010169983,0.849018931388855,0.05516631528735161,0.9052560925483704,0.620302140712738,0.8957785964012146,-0.12322571128606796,0.9714791178703308,0.3884090483188629,0.8713353276252747,-0.06258516013622284,0.973041832447052
0.49276575446128845,0.1727439910173416,-0.3951480984687805,0.9994632005691528,0.5025149583816528,0.15054163336753845,-0.38847893476486206,0.999029278755188,0.5081166625022888,0.14976492524147034,-0.38877665996551514,0.9988042712211609,0.5128072500228882,0.14931239187717438,-0.38872653245925903,0.999305784702301,0.49011144042015076,0.15145280957221985,-0.38024696707725525,0.9992592334747314,0.4870166778564453,0.15081697702407837,-0.38057783246040344,0.9992603063583374,0.4842880368232727,0.15004169940948486,-0.3807629346847534,0.9995117783546448,0.5235627889633179,0.15248709917068481,-0.2995695471763611,0.9994077682495117,0.4865727424621582,0.15261435508728027,-0.26056912541389465,0.9983242154121399,0.5029135346412659,0.19060511887073517,-0.35600441694259644,0.9997097849845886,0.48934540152549744,0.19072864949703217,-0.34661418199539185,0.9996297955513,0.5726752281188965,0.25620678067207336,-0.21840067207813263,0.9999749660491943,0.4593980312347412,0.244300976395607,-0.15060466527938843,0.9999021291732788,0.5995465517044067,0.3754158914089203,-0.23871374130249023,0.9443104863166809,0.45459848642349243,0.3419063091278076,-0.179448202252388,0.6686891913414001,0.5544651746749878,0.44952723383903503,-0.3642837405204773,0.7476951479911804,0.4636775553226471,0.4081973731517792,-0.35175496339797974,0.3934018909931183,0.5484887361526489,0.46604135632514954,-0.4020945131778717,0.7026057243347168,0.46813806891441345,0.43148234486579895,-0.3966752290725708,0.37519726157188416,0.5403988361358643,0.4511329233646393,-0.41987842321395874,0.7083470225334167,0.47087669372558594,0.41768041253089905,-0.4169972836971283,0.3812617063522339,0.540865421295166,0.44454753398895264,-0.371481716632843,0.6212405562400818,0.4719263017177582,0.40798279643058777,-0.36554989218711853,0.3343689739704132,0.5531231164932251,0.47376585006713867,-0.021106142550706863,0.9999903440475464,0.4876058101654053,0.47109320759773254,0.02098410576581955,0.9999862909317017,0.5852493047714233,0.6385902166366577,-0.13714562356472015,0.992516040802002,0.439253568649292,0.6345437169075012,-0.10071469843387604,0.9828419089317322,0.6075183153152466,0.8333173990249634,-0.008708450011909008,0.9829602837562561,0.4273534417152405,0.8214892148971558,0.04212140291929245,0.9846959114074707,0.6013728380203247,0.8611090183258057,0.0010416947770863771,0.8622801303863525,0.4407385289669037,0.8537150025367737,0.04585793986916542,0.9089162349700928,0.620460569858551,0.8991721868515015,-0.13341191411018372,0.9727746844291687,0.3868215084075928,0.8750590085983276,-0.0689116045832634,0.9742444753646851
0.49305614829063416,0.17159484326839447,-0.3945385217666626,0.9995080828666687,0.502746045589447,0.14941617846488953,-0.3856300413608551,0.9991068243980408,0.508279025554657,0.14872314035892487,-0.3859337568283081,0.9988993406295776,0.5129082202911377,0.14830191433429718,-0.38589003682136536,0.999356746673584,0.4903019368648529,0.15086348354816437,-0.37777501344680786,0.9993190765380859,0.4872046411037445,0.15047430992126465,-0.3780791759490967,0.9993215799331665,0.48442354798316956,0.1499536782503128,-0.37826234102249146,0.9995494484901428,0.5235503911972046,0.1528445929288864,-0.2918267846107483,0.99945068359375,0.48644524812698364,0.15365594625473022,-0.255291610956192,0.9984518885612488,0.5031297206878662,0.19002655148506165,-0.35479268431663513,0.9997279644012451,0.4895283579826355,0.19011743366718292,-0.34600821137428284,0.9996524453163147,0.5726705193519592,0.260384738445282,-0.21881671249866486,0.9999739527702332,0.45933789014816284,0.24649544060230255,-0.15620103478431702,0.999904215335846,0.5996805429458618,0.37637609243392944,-0.26159602403640747,0.9455922842025757,0.4538331925868988,0.3464430272579193,-0.24597227573394775,0.6863961815834045,0.5541731119155884,0.45288604497909546,-0.4068087637424469,0.7592103481292725,0.46359723806381226,0.4125669598579407,-0.4866822361946106,0.44327783584594727,0.5484759211540222,0.4700276255607605,-0.45196276903152466,0.7172204852104187,0.46695011854171753,0.43240052461624146,-0.545744776725769,0.4270685017108917,0.5404665470123291,0.4553104043006897,-0.4699646532535553,0.7233126759529114,0.4702538847923279,0.4166102111339569,-0.5606861114501953,0.4332161545753479,0.5409812331199646,0.44887682795524597,-0.4157470762729645,0.636150598526001,0.47159305214881897,0.4077976942062378,-0.5001062154769897,0.38499215245246887,0.552192211151123,0.4784753620624542,-0.02121582441031933,0.9999889731407166,0.4865613579750061,0.47468477487564087,0.0210993941873312,0.9999847412109375,0.5855300426483154,0.6394684910774231,-0.16165301203727722,0.9914562702178955,0.4383109211921692,0.635362982749939,-0.10548581182956696,0.9819474220275879,0.6075578331947327,0.8367348313331604,-0.02903924323618412,0.9823226928710938,0.42656198143959045,0.8250339031219482,0.014700186438858509,0.9842144846916199,0.6016373038291931,0.8649960160255432,-0.025456899777054787,0.8564478158950806,0.44041842222213745,0.8579587340354919,0.021258201450109482,0.9071076512336731,0.6207295656204224,0.904070258140564,-0.16250288486480713,0.9721626043319702,0.3869960904121399,0.8788700699806213,-0.09803993999958038,0.9738673567771912
0.49326562881469727,0.17119215428829193,-0.3964565098285675,0.9995516538619995,0.5028098225593567,0.14661625027656555,-0.386667937040329,0.9991849064826965,0.5083628296852112,0.1457066386938095,-0.3869793713092804,0.9989957809448242,0.5129888653755188,0.14562223851680756,-0.38694319128990173,0.9994110465049744,0.4904502034187317,0.1501166671514511,-0.3790825605392456,0.9993783235549927,0.4872831702232361,0.15024623274803162,-0.37938374280929565,0.9993812441825867,0.4845360219478607,0.14975424110889435,-0.3795652687549591,0.9995871186256409,0.5235626101493835,0.15247780084609985,-0.2914177477359772,0.999497652053833,0.4866112768650055,0.1530018448829651,-0.2562657296657562,0.9985820651054382,0.5032575726509094,0.1899101287126541,-0.3565808832645416,0.9997496604919434,0.48964792490005493,0.1889454573392868,-0.3481534719467163,0.9996793270111084,0.5727165937423706,0.26170557737350464,-0.21940776705741882,0.999974250793457,0.4592704772949219,0.24741041660308838,-0.15825054049491882,0.9999067783355713,0.5986651182174683,0.3773782551288605,-0.2670060992240906,0.9489527940750122,0.4535706043243408,0.3475661277770996,-0.24332007765769958,0.706203043460846,0.5538913607597351,0.4574892818927765,-0.42061132192611694,0.7777417302131653,0.46535030007362366,0.41934916377067566,-0.4738330841064453,0.4893605411052704,0.5480481386184692,0.47605928778648376,-0.4687446057796478,0.7390167117118835,0.4690179228782654,0.4423503577709198,-0.532304584980011,0.4748726785182953,0.5403071045875549,0.46110406517982483,-0.4872356951236725,0.7448910474777222,0.4720287322998047,0.42880135774612427,-0.5485647916793823,0.4809681177139282,0.5408095121383667,0.45402008295059204,-0.4300946593284607,0.6616421341896057,0.473258912563324,0.41811731457710266,-0.48735570907592773,0.4323660135269165,0.5522800087928772,0.48238441348075867,-0.021200861781835556,0.9999882578849792,0.4866848886013031,0.4778222441673279,0.021084116771817207,0.9999836683273315,0.5855652093887329,0.6464725732803345,-0.15716901421546936,0.9911220073699951,0.4380492568016052,0.6379659175872803,-0.11126919090747833,0.9819641709327698,0.6076120734214783,0.8415542840957642,-0.023943768814206123,0.9825039505958557,0.4264392852783203,0.8287473917007446,0.014432281255722046,0.9841247797012329,0.6016536951065063,0.871530294418335,-0.021785704419016838,0.85649573802948,0.4402461051940918,0.8611859083175659,0.022809147834777832,0.9075181484222412,0.6212964057922363,0.9093285202980042,-0.1591401994228363,0.9725450873374939,0.38717687129974365,0.8828194737434387,-0.09535904973745346,0.9740062355995178
0.4957406520843506,0.16073590517044067,-0.4248310625553131,0.9995921850204468,0.5048588514328003,0.13653969764709473,-0.4120878279209137,0.9992578625679016,0.5102296471595764,0.13602961599826813,-0.4124171733856201,0.9990857839584351,0.5150477886199951,0.1367354542016983,-0.41239237785339355,0.9994626045227051,0.4919690191745758,0.13962388038635254,-0.4054481089115143,0.9994338154792786,0.48862314224243164,0.13988228142261505,-0.4057289958000183,0.9994366765022278,0.4861038327217102,0.13939981162548065,-0.40589815378189087,0.9996227025985718,0.5239533185958862,0.1465177983045578,-0.30658847093582153,0.9995418190956116,0.48722806572914124,0.14547404646873474,-0.27616244554519653,0.9987025260925293,0.5052381753921509,0.18058808147907257,-0.3821650743484497,0.9997706413269043,0.4905535578727722,0.1800825297832489,-0.37499889731407166,0.99970543384552,0.5727360248565674,0.2619197368621826,-0.24060294032096863,0.9999752044677734,0.45892539620399475,0.24799863994121552,-0.17184041440486908,0.9999093413352966,0.5969521999359131,0.3827355206012726,-0.2918461561203003,0.9521134495735168,0.45379549264907837,0.352901816368103,-0.25625255703926086,0.7185022234916687,0.5534871220588684,0.46473681926727295,-0.4442785680294037,0.7926369905471802,0.46638813614845276,0.4212096631526947,-0.48018088936805725,0.5194808840751648,0.5458693504333496,0.4846322238445282,-0.4943481981754303,0.756235659122467,0.4704049229621887,0.4544041156768799,-0.5378265380859375,0.5067746639251709,0.5386945605278015,0.46338415145874023,-0.5126044154167175,0.7619865536689758,0.4726491868495941,0.43687957525253296,-0.5562899112701416,0.513152003288269,0.5397648811340332,0.45548078417778015,-0.4535735547542572,0.6805343627929688,0.4741574227809906,0.41874974966049194,-0.494251012802124,0.46086961030960083,0.5523372292518616,0.48553264141082764,-0.021830527111887932,0.9999881982803345,0.48681187629699707,0.4825391471385956,0.021710645407438278,0.9999833703041077,0.5857618451118469,0.6511958837509155,-0.1694033145904541,0.9906368851661682,0.4379796087741852,0.63981032371521,-0.14229731261730194,0.980620801448822,0.6076226234436035,0.8445167541503906,-0.024290792644023895,0.9817487597465515,0.42616209387779236,0.8315806984901428,0.016481410712003708,0.9828473925590515,0.601676344871521,0.8729656934738159,-0.021089261397719383,0.85317063331604,0.440032958984375,0.8639829158782959,0.025370677933096886,0.9045762419700623,0.6215261220932007,0.9149129986763,-0.15794581174850464,0.9718137383460999,0.3873007893562317,0.8871042728424072,-0.09321753680706024,0.9726032018661499
0.49686551094055176,0.15205317735671997,-0.4171152710914612,0.9996299147605896,0.5059775114059448,0.13018158078193665,-0.40348631143569946,0.9993266463279724,0.5112693309783936,0.13045476377010345,-0.40381669998168945,0.9991708993911743,0.5161424279212952,0.13153305649757385,-0.403796911239624,0.9995123744010925,0.4928923547267914,0.13133034110069275,-0.39877602458000183,0.9994856715202332,0.489434152841568,0.13153907656669617,-0.39906173944473267,0.9994880557060242,0.48702889680862427,0.1313297152519226,-0.39923223853111267,0.9996562600135803,0.5243078470230103,0.14227110147476196,-0.301580011844635,0.999583899974823,0.48760801553726196,0.13837271928787231,-0.27616941928863525,0.9988161325454712,0.5063369870185852,0.17299650609493256,-0.375474750995636,0.9997904896736145,0.4911158084869385,0.1713535487651825,-0.370951384305954,0.9997300505638123,0.5727678537368774,0.2626928985118866,-0.23625223338603973,0.999976634979248,0.45835739374160767,0.2518823444843292,-0.173404723405838,0.999910831451416,0.5924932360649109,0.3901413083076477,-0.2650633156299591,0.9546741247177124,0.45390409231185913,0.36520057916641235,-0.22240586578845978,0.7251372337341309,0.5521497130393982,0.4842383563518524,-0.4068518579006195,0.8053529262542725,0.4678138792514801,0.4549509584903717,-0.3680674433708191,0.5138824582099915,0.5428425073623657,0.5094187259674072,-0.4561510980129242,0.7704818844795227,0.4751754701137543,0.49479585886001587,-0.41217049956321716,0.5002092123031616,0.5368939638137817,0.4919497072696686,-0.4766062796115875,0.7761145234107971,0.47493821382522583,0.4814949929714203,-0.4319417476654053,0.5068901181221008,0.5383556485176086,0.480011910200119,-0.4169215261936188,0.6965296864509583,0.48107701539993286,0.47075650095939636,-0.38040104508399963,0.45268434286117554,0.5526720285415649,0.4898456037044525,-0.021177643910050392,0.9999887943267822,0.486959308385849,0.4881668984889984,0.021039370447397232,0.9999839663505554,0.5859200358390808,0.6543089747428894,-0.1757422387599945,0.9908353090286255,0.43760108947753906,0.6431384682655334,-0.13003835082054138,0.9802259802818298,0.6076355576515198,0.846889078617096,-0.024278145283460617,0.9819746613502502,0.42610591650009155,0.835087776184082,0.04312948137521744,0.9826269745826721,0.6017388701438904,0.8745952844619751,-0.019878927618265152,0.8546127676963806,0.43997111916542053,0.8670620322227478,0.05518011003732681,0.904150128364563,0.6215693354606628,0.9174174666404724,-0.15122178196907043,0.9723315238952637,0.38683706521987915,0.8920073509216309,-0.05577520653605461,0.9724538922309875
0.49770504236221313,0.15059559047222137,-0.4088953137397766,0.9996520280838013,0.5066342353820801,0.12912800908088684,-0.39400455355644226,0.999366044998169,0.5118750333786011,0.129330113530159,-0.3943142294883728,0.9992207884788513,0.5167523622512817,0.13033218681812286,-0.3943043351173401,0.9995414614677429,0.49346470832824707,0.13025447726249695,-0.3904661238193512,0.9995146989822388,0.4899319112300873,0.13047415018081665,-0.3907790184020996,0.9995161294937134,0.4875577986240387,0.13026462495326996,-0.39097508788108826,0.9996728301048279,0.5244619846343994,0.14112824201583862,-0.2898097038269043,0.9996054172515869,0.487914502620697,0.13782206177711487,-0.2719195485115051,0.9988661408424377,0.5070664286613464,0.17135633528232574,-0.36652514338493347,0.9997983574867249,0.49155670404434204,0.16994912922382355,-0.36380279064178467,0.999738872051239,0.572898805141449,0.2676367461681366,-0.21770605444908142,0.9999769330024719,0.4578191637992859,0.25925830006599426,-0.17337696254253387,0.9999094605445862,0.5855394601821899,0.3980391323566437,-0.21197617053985596,0.9526192545890808,0.45493999123573303,0.3784690499305725,-0.19327226281166077,0.7155733704566956,0.549819827079773,0.5006993412971497,-0.3089424967765808,0.7937400937080383,0.4799951910972595,0.5058876872062683,-0.3074091672897339,0.47657763957977295,0.5411425232887268,0.527674674987793,-0.3452441096305847,0.7588852643966675,0.4811859726905823,0.5281713604927063,-0.34540432691574097,0.4628123641014099,0.5350052118301392,0.5161564350128174,-0.36483556032180786,0.7650442719459534,0.48319631814956665,0.5278853178024292,-0.36474040150642395,0.4690961539745331,0.5360191464424133,0.5039163827896118,-0.3170648515224457,0.682357907295227,0.4858159124851227,0.5173198580741882,-0.3183292746543884,0.41816020011901855,0.5535773038864136,0.49776577949523926,-0.016358820721507072,0.9999894499778748,0.48759961128234863,0.49624866247177124,0.016201065853238106,0.9999848008155823,0.5866283774375916,0.6605056524276733,-0.2133941352367401,0.991127073764801,0.4373347759246826,0.6420326232910156,-0.19014416635036469,0.9807845950126648,0.607648491859436,0.8489390015602112,-0.035227593034505844,0.9825788736343384,0.425798237323761,0.8361569046974182,-0.009889509528875351,0.9830994009971619,0.6017486453056335,0.8769872188568115,-0.026170525699853897,0.8586555123329163,0.43978962302207947,0.8681263327598572,0.0033450592309236526,0.9051671624183655,0.6216512322425842,0.9206441044807434,-0.16231794655323029,0.9730942249298096,0.3866329491138458,0.8940987586975098,-0.11937171220779419,0.9730170369148254
0.49781522154808044,0.15111081302165985,-0.38345298171043396,0.9996530413627625,0.5066417455673218,0.12977592647075653,-0.36845237016677856,0.9993661046028137,0.5118663311004639,0.1299169957637787,-0.36874455213546753,0.9992226362228394,0.5167115926742554,0.13079769909381866,-0.36873847246170044,0.9995405077934265,0.493594229221344,0.13093990087509155,-0.3651750981807709,0.9995168447494507,0.4900960326194763,0.1311032474040985,-0.3655044138431549,0.9995191097259521,0.487703412771225,0.13082323968410492,-0.365719735622406,0.9996736645698547,0.5244689583778381,0.1415404975414276,-0.2683653235435486,0.9995957612991333,0.4879683554172516,0.13946476578712463,-0.2530219256877899,0.998863935470581,0.5071315169334412,0.17173704504966736,-0.3430946469306946,0.9997889995574951,0.49156346917152405,0.17058727145195007,-0.340658962726593,0.9997288584709167,0.5729557871818542,0.27592933177948,-0.20236392319202423,0.9999755024909973,0.45712924003601074,0.2704615890979767,-0.16540202498435974,0.9999059438705444,0.5781668424606323,0.41586196422576904,-0.18962135910987854,0.9437053203582764,0.4558714032173157,0.39691293239593506,-0.17449705302715302,0.6958913803100586,0.5428456664085388,0.5252431035041809,-0.27175846695899963,0.7564659118652344,0.4803355634212494,0.5234880447387695,-0.27343636751174927,0.43960151076316833,0.535459578037262,0.5528509616851807,-0.30350834131240845,0.7240357398986816,0.4829421937465668,0.5448501110076904,-0.3069179654121399,0.42630523443222046,0.5297005772590637,0.5435408353805542,-0.32236817479133606,0.7307164669036865,0.4859786629676819,0.5464239120483398,-0.3250318765640259,0.43208047747612,0.5307486653327942,0.5324638485908508,-0.2791614532470703,0.647270917892456,0.487434059381485,0.5374339818954468,-0.28329533338546753,0.38467857241630554,0.5545529723167419,0.5075832009315491,-0.013235974125564098,0.9999900460243225,0.4878555238246918,0.5065761804580688,0.013066734187304974,0.9999856948852539,0.588650107383728,0.6657786965370178,-0.2402183562517166,0.9914687871932983,0.4345603883266449,0.6434977054595947,-0.20362916588783264,0.9813838601112366,0.6077203750610352,0.8513211011886597,-0.04917915165424347,0.982826292514801,0.4254019260406494,0.8378320336341858,-0.027041826397180557,0.9834973812103271,0.6017771363258362,0.8788925409317017,-0.036868683993816376,0.8605918884277344,0.4393211007118225,0.8696224689483643,-0.013479207642376423,0.9050649404525757,0.6217247247695923,0.9250912070274353,-0.16760492324829102,0.9732438921928406,0.38654014468193054,0.8965795636177063,-0.13357749581336975,0.9732909202575684
0.4978944659233093,0.1548626720905304,-0.3622576594352722,0.9996388554573059,0.5066393613815308,0.13641928136348724,-0.34623053669929504,0.9993312358856201,0.5117614269256592,0.13687516748905182,-0.3465093970298767,0.999182403087616,0.5165499448776245,0.13829021155834198,-0.3465046286582947,0.9995110034942627,0.49360233545303345,0.13785195350646973,-0.34340959787368774,0.9994985461235046,0.4901478886604309,0.13876627385616302,-0.3437386155128479,0.9995043277740479,0.4877112805843353,0.13948939740657806,-0.34395843744277954,0.9996629357337952,0.5244156122207642,0.14959552884101868,-0.2448423206806183,0.9995545744895935,0.48795264959335327,0.15040645003318787,-0.23199839890003204,0.9988334774971008,0.5071673393249512,0.17543824017047882,-0.32183533906936646,0.9997681975364685,0.49160122871398926,0.1770656704902649,-0.31997138261795044,0.9997101426124573,0.5729601979255676,0.2921035587787628,-0.18505166471004486,0.9999730587005615,0.45692920684814453,0.28497642278671265,-0.15077874064445496,0.99990314245224,0.572576642036438,0.4342155456542969,-0.1782960444688797,0.9329842329025269,0.4570172429084778,0.415957510471344,-0.16719461977481842,0.6842573285102844,0.5419021844863892,0.5514383316040039,-0.2638753652572632,0.7219370007514954,0.4794583320617676,0.5412184000015259,-0.27286165952682495,0.41124409437179565,0.5354525446891785,0.5794002413749695,-0.2954051196575165,0.6936536431312561,0.482455313205719,0.565628707408905,-0.3068975806236267,0.3982250988483429,0.529826819896698,0.5684987902641296,-0.31581056118011475,0.701224684715271,0.48535412549972534,0.5676063895225525,-0.32527512311935425,0.4037325978279114,0.5305426120758057,0.5583162307739258,-0.2721363604068756,0.6176062226295471,0.48674851655960083,0.5578760504722595,-0.28304529190063477,0.35873550176620483,0.5550680160522461,0.5212884545326233,-0.012101194821298122,0.9999904632568359,0.48786798119544983,0.5206679701805115,0.011925280094146729,0.9999864101409912,0.5908225774765015,0.6703438758850098,-0.2695828974246979,0.991787850856781,0.4311070442199707,0.6470311284065247,-0.22941461205482483,0.9820234775543213,0.6079853773117065,0.8547088503837585,-0.07059826701879501,0.9828879237174988,0.4243864417076111,0.8425041437149048,-0.048198722302913666,0.9837766885757446,0.6020210981369019,0.8821445107460022,-0.056788306683301926,0.8618687391281128,0.43873724341392517,0.8741322755813599,-0.03393851965665817,0.9042991399765015,0.6218249201774597,0.9285079836845398,-0.18697898089885712,0.973261296749115,0.38647201657295227,0.9023367762565613,-0.1559392511844635,0.9734505414962769
0.49766749143600464,0.16432033479213715,-0.377475768327713,0.9996256232261658,0.5063148736953735,0.14836134016513824,-0.3619326949119568,0.9993033409118652,0.511198878288269,0.14926135540008545,-0.3622129559516907,0.9991455674171448,0.5159285664558411,0.15093208849430084,-0.36220401525497437,0.9994881749153137,0.4935457110404968,0.14957447350025177,-0.3585604429244995,0.9994840621948242,0.49015313386917114,0.15086673200130463,-0.35888081789016724,0.9994893670082092,0.48769479990005493,0.15214309096336365,-0.35909509658813477,0.9996539354324341,0.524128258228302,0.16173186898231506,-0.2589726150035858,0.9995086193084717,0.48790639638900757,0.16432960331439972,-0.24383072555065155,0.9987863898277283,0.5068806409835815,0.18549200892448425,-0.33639609813690186,0.9997461438179016,0.49150219559669495,0.18698662519454956,-0.33354973793029785,0.9996874928474426,0.5728821158409119,0.3042297065258026,-0.19601508975028992,0.9999710321426392,0.4565857946872711,0.30195796489715576,-0.1537606418132782,0.999899685382843,0.5672141313552856,0.45358726382255554,-0.18764910101890564,0.9207074046134949,0.4576602876186371,0.4387800395488739,-0.17911404371261597,0.6643349528312683,0.5380514860153198,0.579693078994751,-0.2676541209220886,0.6829045414924622,0.47858986258506775,0.5731900334358215,-0.28509435057640076,0.37861621379852295,0.53073650598526,0.6157564520835876,-0.2989429831504822,0.6576839685440063,0.4827341139316559,0.6065114140510559,-0.3194315731525421,0.3660516142845154,0.5251926779747009,0.6056547164916992,-0.31995469331741333,0.6659421920776367,0.48514294624328613,0.6001218557357788,-0.3388645648956299,0.3711664378643036,0.5269150137901306,0.5923254489898682,-0.2758949100971222,0.583014965057373,0.48670753836631775,0.5845261216163635,-0.29563698172569275,0.32944339513778687,0.5559799075126648,0.5287966132164001,-0.011048389598727226,0.9999908804893494,0.48801690340042114,0.5296565890312195,0.010877363383769989,0.9999870657920837,0.5936233401298523,0.6728050112724304,-0.28393521904945374,0.991827130317688,0.42804020643234253,0.6552957892417908,-0.2501780390739441,0.981891930103302,0.608133852481842,0.8618133664131165,-0.08527152985334396,0.9825258255004883,0.424010694026947,0.8460195064544678,-0.05512399226427078,0.9832932353019714,0.6021327972412109,0.8900089859962463,-0.07196211069822311,0.8619824647903442,0.43813854455947876,0.878279447555542,-0.039731647819280624,0.9009845852851868,0.6221020221710205,0.9321131110191345,-0.21114125847816467,0.9727332592010498,0.3866176903247833,0.9062876105308533,-0.16706782579421997,0.9724772572517395
0.4974120259284973,0.17766180634498596,-0.36953192949295044,0.9995951056480408,0.5058354139328003,0.16021588444709778,-0.3519594967365265,0.9992307424545288,0.5104891657829285,0.16111570596694946,-0.35222327709198,0.9990453720092773,0.5152056217193604,0.1629094034433365,-0.35222893953323364,0.999430239200592,0.49342116713523865,0.16131921112537384,-0.3491264283657074,0.9994451999664307,0.4901372492313385,0.1625000387430191,-0.3494355082511902,0.9994500279426575,0.4876302182674408,0.1636042594909668,-0.34964826703071594,0.9996309280395508,0.5237506628036499,0.17439565062522888,-0.24759623408317566,0.9994242787361145,0.4877989888191223,0.17669740319252014,-0.23485741019248962,0.9987051486968994,0.5065889358520508,0.1984458714723587,-0.32843920588493347,0.9997130632400513,0.49139276146888733,0.20036718249320984,-0.32649296522140503,0.999658465385437,0.5725769400596619,0.3194613754749298,-0.19226086139678955,0.9999678730964661,0.4558459222316742,0.318149596452713,-0.1529855877161026,0.9998967051506042,0.5631762146949768,0.4749343991279602,-0.18479524552822113,0.9107691049575806,0.45825180411338806,0.4572117328643799,-0.17667394876480103,0.6533857583999634,0.5350326299667358,0.6050245761871338,-0.2561754286289215,0.6483794450759888,0.47783297300338745,0.5967296361923218,-0.272543728351593,0.35127708315849304,0.5291795134544373,0.6458560824394226,-0.28639620542526245,0.6247344613075256,0.48139628767967224,0.6290968060493469,-0.30452263355255127,0.33831244707107544,0.5231116414070129,0.6395836472511292,-0.3069051206111908,0.633436381816864,0.4830031394958496,0.6312021613121033,-0.3242906630039215,0.3431071639060974,0.5237005949020386,0.6245131492614746,-0.26415836811065674,0.5514660477638245,0.48235735297203064,0.6199166774749756,-0.2829529941082001,0.3041918873786926,0.5576620697975159,0.5428512692451477,-0.011231198906898499,0.9999913573265076,0.489307701587677,0.5446599721908569,0.011055903509259224,0.999987781047821,0.5962483286857605,0.6782470941543579,-0.32565838098526,0.9918851852416992,0.4262971878051758,0.655315101146698,-0.2892666757106781,0.981776237487793,0.6084249019622803,0.8636438846588135,-0.11034786701202393,0.98150235414505,0.42359933257102966,0.8486137390136719,-0.10102266073226929,0.9829914569854736,0.6023520231246948,0.8910877704620361,-0.09498453885316849,0.8605912923812866,0.43780532479286194,0.8799964785575867,-0.08627479523420334,0.8990638852119446,0.6225384473800659,0.9358106255531311,-0.22893576323986053,0.9713158011436462,0.3866146206855774,0.9101724624633789,-0.21423551440238953,0.9717693328857422
0.49736982583999634,0.1888323724269867,-0.375549852848053,0.9995077252388,0.5057275295257568,0.17018961906433105,-0.3571995198726654,0.9990431070327759,0.510403573513031,0.17062488198280334,-0.35746002197265625,0.998796284198761,0.5151238441467285,0.17173559963703156,-0.35746461153030396,0.9992872476577759,0.49341732263565063,0.17151814699172974,-0.35394391417503357,0.9993300437927246,0.4901140332221985,0.1722383350133896,-0.354246586561203,0.9993357062339783,0.48759913444519043,0.1727375090122223,-0.3544589579105377,0.9995617866516113,0.523720383644104,0.18429575860500336,-0.24824294447898865,0.9992524981498718,0.4876699447631836,0.18457458913326263,-0.23397836089134216,0.9984641075134277,0.5065395832061768,0.2095147669315338,-0.33332115411758423,0.9996591210365295,0.49137693643569946,0.20978505909442902,-0.33086368441581726,0.9996078610420227,0.571342945098877,0.3280867040157318,-0.19210442900657654,0.9999639987945557,0.4552927613258362,0.33158907294273376,-0.15059064328670502,0.9998914003372192,0.5602960586547852,0.4893549084663391,-0.18862441182136536,0.9000054597854614,0.45927757024765015,0.4704414904117584,-0.17658637464046478,0.6354255676269531,0.532366156578064,0.617739200592041,-0.26919835805892944,0.6147343516349792,0.47758883237838745,0.6116555333137512,-0.2810227870941162,0.3233533501625061,0.5266713500022888,0.6569857001304626,-0.30177968740463257,0.5921512842178345,0.4813103675842285,0.6436856389045715,-0.3150539994239807,0.3106437027454376,0.5209866166114807,0.6509320735931396,-0.3217485547065735,0.6010227203369141,0.4829687178134918,0.6473999619483948,-0.33457237482070923,0.3150671720504761,0.5213286876678467,0.6359288096427917,-0.27718067169189453,0.5198764801025391,0.48148950934410095,0.6357085108757019,-0.2915481925010681,0.27902233600616455,0.558282196521759,0.5508359670639038,-0.011311883106827736,0.999991774559021,0.48983311653137207,0.5530731081962585,0.011131593026220798,0.9999884366989136,0.5981446504592896,0.6835278272628784,-0.359433114528656,0.9919379949569702,0.42365390062332153,0.6597509980201721,-0.30839845538139343,0.9814632534980774,0.6086481809616089,0.8653843402862549,-0.11944111436605453,0.9798205494880676,0.4229978024959564,0.8503910303115845,-0.10011954605579376,0.9824525713920593,0.6023361086845398,0.8920102715492249,-0.10157277435064316,0.8559121489524841,0.43730130791664124,0.8824260234832764,-0.0835036188364029,0.895702064037323,0.6225622892379761,0.9404144287109375,-0.24295520782470703,0.9689909815788269,0.3858293890953064,0.9132351279258728,-0.21939989924430847,0.9705198407173157
0.4975988268852234,0.19820168614387512,-0.36759623885154724,0.9994105696678162,0.5059682130813599,0.1798587143421173,-0.347218781709671,0.9988347887992859,0.5106779336929321,0.1805504411458969,-0.3474656641483307,0.9985104203224182,0.5153177976608276,0.18157704174518585,-0.3474711775779724,0.9991278648376465,0.49362272024154663,0.1806764155626297,-0.34447136521339417,0.9992033243179321,0.4901353716850281,0.1816282868385315,-0.34476879239082336,0.9992069005966187,0.487630695104599,0.1821179986000061,-0.3449781537055969,0.9994863271713257,0.523749589920044,0.19370751082897186,-0.23420004546642303,0.9990609884262085,0.4876738488674164,0.19224512577056885,-0.22210821509361267,0.9982012510299683,0.5068234205245972,0.2194303721189499,-0.32388031482696533,0.9996045231819153,0.49163609743118286,0.21845529973506927,-0.3221496641635895,0.9995567202568054,0.5706568956375122,0.3381331264972687,-0.1795935481786728,0.9999598264694214,0.45529040694236755,0.3412207365036011,-0.1382686197757721,0.9998847842216492,0.5589731931686401,0.4983469545841217,-0.1746029555797577,0.8931722640991211,0.46006447076797485,0.479836106300354,-0.1620255559682846,0.6225965619087219,0.5322240591049194,0.6279074549674988,-0.25544828176498413,0.5893657803535461,0.47750964760780334,0.6213827729225159,-0.26582568883895874,0.2997085452079773,0.5273200273513794,0.6662946343421936,-0.28785526752471924,0.5668481588363647,0.481268972158432,0.6553758382797241,-0.2993289828300476,0.2869033217430115,0.5215286016464233,0.6612539887428284,-0.30787524580955505,0.5758824944496155,0.48272934556007385,0.6598936915397644,-0.3196927011013031,0.29097530245780945,0.5214489102363586,0.6459406614303589,-0.2634720504283905,0.4949489235877991,0.4810226559638977,0.647718071937561,-0.2765715718269348,0.2573433518409729,0.5583072304725647,0.5620081424713135,-0.011379602365195751,0.9999921321868896,0.489804208278656,0.5615662336349487,0.011196387931704521,0.9999890327453613,0.6007683277130127,0.6905779242515564,-0.36649200320243835,0.9920433759689331,0.4179573655128479,0.6661593317985535,-0.3135586380958557,0.9812780618667603,0.6089445352554321,0.870587944984436,-0.12215212732553482,0.9782572388648987,0.42202234268188477,0.8541972041130066,-0.1004912480711937,0.9818416833877563,0.6023091077804565,0.896697461605072,-0.10360060632228851,0.8515987992286682,0.4362872242927551,0.8855310082435608,-0.0833333432674408,0.8922538757324219,0.6230780482292175,0.9460064172744751,-0.24441149830818176,0.9664676785469055,0.3849119246006012,0.9167022109031677,-0.21930770576000214,0.9689744114875793
0.4978152811527252,0.20267730951309204,-0.3679257929325104,0.9992902874946594,0.5062501430511475,0.18688152730464935,-0.3472403883934021,0.998564600944519,0.5110939741134644,0.18761864304542542,-0.3474840521812439,0.998160183429718,0.5155290961265564,0.18904916942119598,-0.34748905897140503,0.9989360570907593,0.494162380695343,0.18649980425834656,-0.3449786305427551,0.9990295171737671,0.4906254708766937,0.1870470494031906,-0.3452695608139038,0.9990299344062805,0.4878862500190735,0.18743298947811127,-0.34547722339630127,0.9993791580200195,0.5238581895828247,0.20216967165470123,-0.2327086627483368,0.9988534450531006,0.48774194717407227,0.19759194552898407,-0.22281193733215332,0.9978474974632263,0.5069363117218018,0.22583112120628357,-0.32362034916877747,0.9995483160018921,0.49201616644859314,0.22253581881523132,-0.32249999046325684,0.9994975328445435,0.5704696774482727,0.3445378839969635,-0.17795191705226898,0.9999573230743408,0.45517459511756897,0.348206102848053,-0.13702762126922607,0.9998765587806702,0.559609055519104,0.5006362795829773,-0.17654214799404144,0.8844984769821167,0.4604417383670807,0.4872141182422638,-0.16156703233718872,0.5955957174301147,0.532014012336731,0.6309001445770264,-0.26428791880607605,0.5625209808349609,0.4773338735103607,0.6313636302947998,-0.2651749551296234,0.27341750264167786,0.5261515378952026,0.6655554175376892,-0.29807141423225403,0.5402346849441528,0.481201171875,0.6597424745559692,-0.2988761365413666,0.2615831792354584,0.5205559730529785,0.6591160297393799,-0.317522257566452,0.549435019493103,0.4823322296142578,0.6638009548187256,-0.3183738887310028,0.265283465385437,0.5207613706588745,0.6453670263290405,-0.27229538559913635,0.46885183453559875,0.4804769456386566,0.6525418758392334,-0.27555879950523376,0.23447760939598083,0.5585178136825562,0.5684356093406677,-0.0113126952201128,0.9999925494194031,0.4899595379829407,0.569998025894165,0.011126024648547173,0.9999895691871643,0.6012884974479675,0.6938408017158508,-0.3811478316783905,0.9920637607574463,0.41618427634239197,0.6686232089996338,-0.3223355710506439,0.9806915521621704,0.609356164932251,0.8739988803863525,-0.12666751444339752,0.9757557511329651,0.42153897881507874,0.8577065467834473,-0.10321803390979767,0.980925440788269,0.602457582950592,0.8992254734039307,-0.10691531002521515,0.8434089422225952,0.43571385741233826,0.8896833658218384,-0.08536199480295181,0.8872868418693542,0.6233335733413696,0.9496925473213196,-0.2492554485797882,0.9631028771400452,0.3841980993747711,0.9205088019371033,-0.22310015559196472,0.9670237302780151
0.4978106915950775,0.20564164221286774,-0.40489110350608826,0.9992333650588989,0.5063847899436951,0.18951375782489777,-0.3849550783634186,0.9984623789787292,0.5114044547080994,0.19090571999549866,-0.38520291447639465,0.9980196356773376,0.5156908631324768,0.19299159944057465,-0.3852146565914154,0.998863935470581,0.49439701437950134,0.1900763213634491,-0.38185134530067444,0.9989606142044067,0.4907747805118561,0.19118362665176392,-0.3821370601654053,0.9989538788795471,0.4879786968231201,0.19209198653697968,-0.3823426067829132,0.9993351101875305,0.5243365168571472,0.20766298472881317,-0.2694755494594574,0.9987754225730896,0.48792123794555664,0.20298171043395996,-0.25606435537338257,0.9976944923400879,0.5069345235824585,0.22981426119804382,-0.36024290323257446,0.9995306134223938,0.4920157790184021,0.22664161026477814,-0.35800766944885254,0.999477207660675,0.5705148577690125,0.3511047065258026,-0.21323995292186737,0.9999567866325378,0.454754501581192,0.353461354970932,-0.16130053997039795,0.9998731017112732,0.558766782283783,0.509258508682251,-0.21535196900367737,0.8797217011451721,0.460735023021698,0.4929697811603546,-0.18421033024787903,0.573144257068634,0.530470073223114,0.6410577297210693,-0.3027845323085785,0.5449196100234985,0.4770660400390625,0.6340015530586243,-0.2767823040485382,0.2505817115306854,0.5242906808853149,0.6759924292564392,-0.3386209309101105,0.5223514437675476,0.4810951352119446,0.6638346910476685,-0.30110087990760803,0.23965385556221008,0.5184547901153564,0.6697448492050171,-0.3582693934440613,0.5315039157867432,0.4820167124271393,0.6667437553405762,-0.32908686995506287,0.24306868016719818,0.5187985897064209,0.6551363468170166,-0.31085559725761414,0.45004603266716003,0.4801180362701416,0.6543608903884888,-0.28807777166366577,0.21457085013389587,0.5588130950927734,0.5685321688652039,-0.011464450508356094,0.9999929666519165,0.4900180697441101,0.5702576041221619,0.011279797181487083,0.9999901652336121,0.6022904515266418,0.6979488134384155,-0.38699430227279663,0.992277204990387,0.41527122259140015,0.6718959212303162,-0.33119499683380127,0.9808312654495239,0.6098016500473022,0.8777718544006348,-0.12554509937763214,0.9750422239303589,0.4209582805633545,0.8598333597183228,-0.10360616445541382,0.9808529615402222,0.6023283004760742,0.9021618962287903,-0.105352021753788,0.8426771759986877,0.43516024947166443,0.8933568596839905,-0.08500926941633224,0.8860931396484375,0.6245277523994446,0.9533103704452515,-0.2515067458152771,0.9623751640319824,0.38418999314308167,0.9230950474739075,-0.22647519409656525,0.9667022228240967
0.49837809801101685,0.20581527054309845,-0.39185845851898193,0.9991305470466614,0.5070270299911499,0.1899801641702652,-0.3704303503036499,0.9982519745826721,0.5121366381645203,0.19116924703121185,-0.3706679344177246,0.9977729916572571,0.5161734819412231,0.19289851188659668,-0.3706875443458557,0.9987334609031677,0.4952446520328522,0.1905057430267334,-0.36757734417915344,0.9987998008728027,0.49163883924484253,0.19150958955287933,-0.3678497076034546,0.9987917542457581,0.48860007524490356,0.1923714578151703,-0.3680468797683716,0.9992271661758423,0.5248677730560303,0.20695234835147858,-0.25626641511917114,0.9986816048622131,0.48842811584472656,0.20404304563999176,-0.24319243431091309,0.9973742961883545,0.5074009895324707,0.2287939041852951,-0.3473876118659973,0.9995082020759583,0.49259448051452637,0.2271476686000824,-0.3456847071647644,0.9994440674781799,0.5705510377883911,0.35166576504707336,-0.208546444773674,0.999957263469696,0.4546467363834381,0.35470321774482727,-0.14757338166236877,0.9998645186424255,0.5594503879547119,0.5073336958885193,-0.21432824432849884,0.8816373348236084,0.46076807379722595,0.49257633090019226,-0.16928713023662567,0.5481849908828735,0.5308148264884949,0.6395955681800842,-0.3023548424243927,0.5442461967468262,0.47615647315979004,0.6300002932548523,-0.2708745002746582,0.22889497876167297,0.5245527029037476,0.676667332649231,-0.33706337213516235,0.5191991925239563,0.48061513900756836,0.6621755957603455,-0.3023577630519867,0.21896804869174957,0.5182998180389404,0.6699507236480713,-0.35753992199897766,0.5283122062683105,0.48159003257751465,0.6643565893173218,-0.3241181969642639,0.22207416594028473,0.5185143351554871,0.6552165746688843,-0.30958643555641174,0.444089412689209,0.479804128408432,0.6516352295875549,-0.28187310695648193,0.19592317938804626,0.5592065453529358,0.5724026560783386,-0.01148591935634613,0.9999933838844299,0.49038583040237427,0.5754530429840088,0.011304555460810661,0.9999906420707703,0.60233473777771,0.7011072039604187,-0.3902972340583801,0.9927122592926025,0.41538935899734497,0.6734572649002075,-0.3260120451450348,0.9815426468849182,0.6101275682449341,0.8809228539466858,-0.12422112375497818,0.9753243923187256,0.4201880097389221,0.8629602193832397,-0.10350434482097626,0.9814627766609192,0.6022782325744629,0.9052886962890625,-0.10347064584493637,0.8446197509765625,0.4345885217189789,0.897487461566925,-0.08541655540466309,0.8879154324531555,0.6253158450126648,0.9573614597320557,-0.2491377890110016,0.9627208709716797,0.3828960061073303,0.9271566867828369,-0.22753886878490448,0.9674438834190369
0.4998496174812317,0.20485706627368927,-0.37876445055007935,0.9989848136901855,0.5086015462875366,0.18753328919410706,-0.35900038480758667,0.9979263544082642,0.5134643316268921,0.1892593652009964,-0.3592416048049927,0.9973642826080322,0.5179080963134766,0.1912657916545868,-0.35925400257110596,0.9985029101371765,0.4967387616634369,0.1878999024629593,-0.3568252921104431,0.998593270778656,0.49336695671081543,0.18905161321163177,-0.3571126163005829,0.9985928535461426,0.49012383818626404,0.19001492857933044,-0.35731977224349976,0.9991047382354736,0.525810182094574,0.20433765649795532,-0.24815776944160461,0.9984877109527588,0.4888208508491516,0.20192188024520874,-0.23788051307201385,0.9970528483390808,0.5084434747695923,0.22845660150051117,-0.335382878780365,0.9994621276855469,0.49395090341567993,0.2258637547492981,-0.3345162272453308,0.999396026134491,0.5706809163093567,0.34726017713546753,-0.1981944888830185,0.9999561309814453,0.45431938767433167,0.3511115312576294,-0.14602932333946228,0.9998606443405151,0.5603722333908081,0.5028250813484192,-0.19622941315174103,0.8791021108627319,0.4607606828212738,0.48744070529937744,-0.1655716747045517,0.5385927557945251,0.5311158895492554,0.6345793604850769,-0.2777339518070221,0.5332038998603821,0.4751373827457428,0.6213957667350769,-0.268310010433197,0.21369348466396332,0.524895966053009,0.6718705296516418,-0.31092989444732666,0.5077098608016968,0.47899913787841797,0.656198263168335,-0.30089569091796875,0.204257071018219,0.5183011293411255,0.6652950644493103,-0.3306216597557068,0.5169975757598877,0.47998517751693726,0.6576424241065979,-0.3219635486602783,0.20718124508857727,0.5181949138641357,0.6497140526771545,-0.285408079624176,0.4319087266921997,0.47890177369117737,0.6449747085571289,-0.2792721688747406,0.1823388636112213,0.5592733025550842,0.5715993046760559,-0.011563115753233433,0.9999936819076538,0.49037861824035645,0.5727219581604004,0.0113822678104043,0.9999910593032837,0.6022112369537354,0.7027751803398132,-0.36865147948265076,0.9930325746536255,0.4149964451789856,0.67423015832901,-0.31463509798049927,0.9822281002998352,0.6102311611175537,0.8842934370040894,-0.11595262587070465,0.9757997393608093,0.4199591279029846,0.8654853701591492,-0.09811777621507645,0.9820712208747864,0.6022081971168518,0.9090408086776733,-0.09662915021181107,0.846835732460022,0.43439459800720215,0.9007366895675659,-0.0805019959807396,0.8894729018211365,0.6254643201828003,0.9607389569282532,-0.240621879696846,0.9633190631866455,0.3829707205295563,0.9301862120628357,-0.22059006989002228,0.968238353729248
0.5004953145980835,0.20223739743232727,-0.36371058225631714,0.998744010925293,0.509649932384491,0.18440867960453033,-0.34435778856277466,0.9973487854003906,0.5139368772506714,0.18583106994628906,-0.34459513425827026,0.9966291189193726,0.518354058265686,0.18751110136508942,-0.3445969820022583,0.9980721473693848,0.4976758062839508,0.18513448536396027,-0.34145092964172363,0.9982349276542664,0.4941749572753906,0.18622338771820068,-0.3417501449584961,0.9982625246047974,0.49111485481262207,0.18697893619537354,-0.34196415543556213,0.998903751373291,0.5264684557914734,0.1999754160642624,-0.23500148952007294,0.9981308579444885,0.4893221855163574,0.19838452339172363,-0.22201797366142273,0.9965404272079468,0.5088125467300415,0.22469331324100494,-0.32117244601249695,0.9993840456008911,0.4944349229335785,0.22272354364395142,-0.31930750608444214,0.999317467212677,0.571370542049408,0.34213897585868835,-0.18713702261447906,0.9999532699584961,0.4545697271823883,0.34463679790496826,-0.13457158207893372,0.9998550415039062,0.5608400106430054,0.4968443214893341,-0.1951460987329483,0.8732337355613708,0.460752010345459,0.480665385723114,-0.15987801551818848,0.5194701552391052,0.5314080715179443,0.6249298453330994,-0.2796730399131775,0.5095519423484802,0.47497493028640747,0.6142047643661499,-0.2696877121925354,0.19675926864147186,0.525334894657135,0.6600328683853149,-0.314916729927063,0.4853987395763397,0.4789988100528717,0.6475573778152466,-0.30349189043045044,0.18820589780807495,0.5188006162643433,0.6536970734596252,-0.33172550797462463,0.49461808800697327,0.4800649583339691,0.6480991840362549,-0.32334592938423157,0.19085317850112915,0.5187991857528687,0.6396257281303406,-0.2867049276828766,0.4106278419494629,0.4789558947086334,0.63672935962677,-0.2803773283958435,0.16777688264846802,0.55948805809021,0.5688262581825256,-0.01163871306926012,0.9999939799308777,0.4912044405937195,0.5704068541526794,0.011458346620202065,0.9999915361404419,0.6017850637435913,0.7049314379692078,-0.37336310744285583,0.9932464957237244,0.41600364446640015,0.6736499071121216,-0.3200260102748871,0.9827662706375122,0.6104618906974792,0.8877248167991638,-0.11377042531967163,0.9756146669387817,0.4199463725090027,0.8676921129226685,-0.10335928201675415,0.9825209975242615,0.6023663878440857,0.9121626019477844,-0.09405449777841568,0.8453702926635742,0.43421658873558044,0.9026278853416443,-0.08576582372188568,0.8898963332176208,0.625432550907135,0.9641138911247253,-0.23971204459667206,0.9628893136978149,0.38339394330978394,0.932984471321106,-0.22997578978538513,0.968667209148407
0.5020524859428406,0.19090436398983002,-0.36465203762054443,0.9986618161201477,0.5109453201293945,0.1744927316904068,-0.3460206985473633,0.9971571564674377,0.5150171518325806,0.17628519237041473,-0.34627124667167664,0.9963939189910889,0.519742488861084,0.17823143303394318,-0.34627801179885864,0.9979416131973267,0.4987051486968994,0.17501844465732574,-0.3426447808742523,0.9981015920639038,0.4950893521308899,0.17610466480255127,-0.342948853969574,0.9981319308280945,0.49200955033302307,0.17701677978038788,-0.3431571125984192,0.9988222718238831,0.5287097096443176,0.19004514813423157,-0.23921489715576172,0.9980226755142212,0.4897574782371521,0.19111546874046326,-0.2243754118680954,0.9962945580482483,0.5102663636207581,0.21512527763843536,-0.32317647337913513,0.9993534088134766,0.4954945147037506,0.21378104388713837,-0.3207058310508728,0.9992836117744446,0.5723830461502075,0.3400241434574127,-0.18934954702854156,0.9999526143074036,0.4545847773551941,0.3435337245464325,-0.13560189306735992,0.999851405620575,0.5623762607574463,0.4950038492679596,-0.19318512082099915,0.8709222674369812,0.4601760506629944,0.4770696759223938,-0.15272405743598938,0.49802926182746887,0.5330008864402771,0.6216979622840881,-0.27746251225471497,0.4940124750137329,0.47497862577438354,0.6091287136077881,-0.2538309693336487,0.1812857985496521,0.5266456604003906,0.6579208374023438,-0.31150108575820923,0.470481276512146,0.4788183271884918,0.6451497673988342,-0.2852235436439514,0.17363624274730682,0.5195544362068176,0.6483468413352966,-0.3290082812309265,0.47961288690567017,0.47979736328125,0.6459565758705139,-0.30608516931533813,0.17603397369384766,0.5200223922729492,0.634273111820221,-0.2846249043941498,0.3961597979068756,0.4789409041404724,0.6316609382629395,-0.26472991704940796,0.15470899641513824,0.5594131946563721,0.5651445984840393,-0.011697009205818176,0.9999942779541016,0.4909607768058777,0.5663151741027832,0.011517017148435116,0.9999919533729553,0.6015335321426392,0.7046664953231812,-0.34951502084732056,0.9933516383171082,0.41767144203186035,0.6741585731506348,-0.3159846365451813,0.9830080270767212,0.6105735898017883,0.888973593711853,-0.09942150115966797,0.9756390452384949,0.42000269889831543,0.8698397278785706,-0.09535795450210571,0.9828477501869202,0.6024614572525024,0.9130195379257202,-0.08074700087308884,0.843970537185669,0.4342711567878723,0.9049977660179138,-0.07826182246208191,0.889664351940155,0.6254006028175354,0.9672889113426208,-0.22519293427467346,0.9626199007034302,0.38345521688461304,0.9359805583953857,-0.2175932675600052,0.968924880027771
0.5024656057357788,0.1768249273300171,-0.37630680203437805,0.9987353086471558,0.5112044215202332,0.1573222428560257,-0.3573642373085022,0.9973112344741821,0.5154412984848022,0.15851321816444397,-0.35762232542037964,0.996584415435791,0.5204044580459595,0.1602112054824829,-0.3576369881629944,0.9980525374412537,0.4987887442111969,0.15893857181072235,-0.3532143831253052,0.9982001185417175,0.4951838552951813,0.16005483269691467,-0.35352617502212524,0.998222291469574,0.4921337962150574,0.1608256846666336,-0.3537309169769287,0.998877763748169,0.5294125080108643,0.17321228981018066,-0.2490486204624176,0.9981284141540527,0.4898865818977356,0.17560264468193054,-0.23004917800426483,0.9964532256126404,0.511246919631958,0.19893479347229004,-0.33451563119888306,0.9993847608566284,0.4957710802555084,0.19875527918338776,-0.3309627175331116,0.9993149042129517,0.5731537938117981,0.3234204947948456,-0.19744069874286652,0.9999536871910095,0.45523586869239807,0.3247702717781067,-0.13736310601234436,0.9998533129692078,0.5661104917526245,0.4739091992378235,-0.2008574903011322,0.8725079894065857,0.45973411202430725,0.46514397859573364,-0.1586032211780548,0.4936726987361908,0.5338634252548218,0.5948334336280823,-0.28848257660865784,0.4899567663669586,0.474633127450943,0.6013087630271912,-0.2650853991508484,0.16935771703720093,0.5268871784210205,0.6322091817855835,-0.32428425550460815,0.4663943946361542,0.47855204343795776,0.6274458169937134,-0.2983192503452301,0.1621260643005371,0.5196018218994141,0.6224542260169983,-0.34099793434143066,0.4756476879119873,0.47948089241981506,0.6286065578460693,-0.31863856315612793,0.16432243585586548,0.5212774276733398,0.6073012948036194,-0.29540643095970154,0.39104366302490234,0.4782882332801819,0.6210248470306396,-0.27598339319229126,0.14436715841293335,0.5590822696685791,0.5574026107788086,-0.012334464117884636,0.9999945759773254,0.48932892084121704,0.5542385578155518,0.01215649675577879,0.9999923706054688,0.5986434817314148,0.7033464908599854,-0.313699334859848,0.9934142827987671,0.42019814252853394,0.6769158840179443,-0.2658054232597351,0.9832329154014587,0.6107096076011658,0.8911482691764832,-0.08885406702756882,0.9759906530380249,0.4200013279914856,0.8715213537216187,-0.06840072572231293,0.9831216335296631,0.6028165817260742,0.9163429141044617,-0.07266825437545776,0.8450153470039368,0.4343039095401764,0.9065228700637817,-0.05309642478823662,0.8904913067817688,0.6253769993782043,0.9680413007736206,-0.2172420471906662,0.962943971157074,0.38346242904663086,0.9371500015258789,-0.18969570100307465,0.9692592620849609
0.5030871033668518,0.16371066868305206,-0.3721948266029358,0.9988056421279907,0.5118578672409058,0.14268997311592102,-0.3535703420639038,0.9974529147148132,0.5162277221679688,0.1439506560564041,-0.35383808612823486,0.996762216091156,0.521277666091919,0.1456805169582367,-0.35384154319763184,0.9981527924537659,0.499133437871933,0.1442786157131195,-0.34963494539260864,0.9982866048812866,0.4953884184360504,0.14550228416919708,-0.3499530255794525,0.9983038902282715,0.4923064708709717,0.1463976800441742,-0.35016047954559326,0.9989258050918579,0.5303179025650024,0.15950508415699005,-0.24501371383666992,0.9982278943061829,0.48995906114578247,0.1602717787027359,-0.22707810997962952,0.9966005682945251,0.5119679570198059,0.18630269169807434,-0.33003315329551697,0.9994085431098938,0.49600738286972046,0.18597622215747833,-0.3266904652118683,0.9993369579315186,0.5742493867874146,0.30877450108528137,-0.19087949395179749,0.99995356798172,0.4562445282936096,0.30540451407432556,-0.1374756395816803,0.9998525381088257,0.5718836784362793,0.45903897285461426,-0.19683481752872467,0.8720805048942566,0.4586451053619385,0.44141536951065063,-0.16009479761123657,0.49256592988967896,0.5355268716812134,0.575309157371521,-0.2882968783378601,0.4790506362915039,0.4752357006072998,0.5680220127105713,-0.26911646127700806,0.15937258303165436,0.5272335410118103,0.6111194491386414,-0.3242735266685486,0.45625296235084534,0.4790898859500885,0.5977370142936707,-0.30329519510269165,0.15251751244068146,0.5201088190078735,0.6019123196601868,-0.34096983075141907,0.4652564525604248,0.4803491234779358,0.5956027507781982,-0.3231218159198761,0.15445849299430847,0.5225523710250854,0.5872148871421814,-0.29528069496154785,0.3807297646999359,0.48001885414123535,0.5845075845718384,-0.27989980578422546,0.13569480180740356,0.5589679479598999,0.5527994632720947,-0.012380191124975681,0.9999948740005493,0.48947733640670776,0.5481314659118652,0.01220175251364708,0.9999927282333374,0.5944968461990356,0.7029796242713928,-0.280220627784729,0.9935192465782166,0.42570608854293823,0.6850612759590149,-0.23026108741760254,0.983397901058197,0.6108078360557556,0.8930730819702148,-0.06793538480997086,0.9767005443572998,0.4199681282043457,0.87653648853302,-0.038462426513433456,0.9835143685340881,0.6029182076454163,0.9183666706085205,-0.05341074615716934,0.847443163394928,0.434337854385376,0.9115333557128906,-0.023816315457224846,0.8918988108634949,0.6257087588310242,0.9694674015045166,-0.19408664107322693,0.9637608528137207,0.38285475969314575,0.9395866394042969,-0.1554919183254242,0.9697675108909607
0.5030480027198792,0.1530308574438095,-0.37277379631996155,0.9988866448402405,0.5119516253471375,0.13131508231163025,-0.3540997803211212,0.9976136088371277,0.5163171887397766,0.1325942426919937,-0.3543844223022461,0.9969679117202759,0.521403431892395,0.13417880237102509,-0.3543829023838043,0.998268723487854,0.49913668632507324,0.1330273449420929,-0.35025161504745483,0.9983908534049988,0.49540263414382935,0.1343330591917038,-0.3505922555923462,0.9984054565429688,0.4922974705696106,0.1352110058069229,-0.3508039116859436,0.998985767364502,0.530727744102478,0.14848949015140533,-0.24560897052288055,0.9983375072479248,0.4900400638580322,0.14887775480747223,-0.22831778228282928,0.9967646598815918,0.5119821429252625,0.17514154314994812,-0.33017387986183167,0.999438464641571,0.4959811568260193,0.17540664970874786,-0.32679280638694763,0.9993653893470764,0.5757237672805786,0.29553648829460144,-0.18948794901371002,0.9999547004699707,0.4567221999168396,0.29078084230422974,-0.13890807330608368,0.9998549222946167,0.582360029220581,0.43860211968421936,-0.19432276487350464,0.8695887327194214,0.45759686827659607,0.4220709502696991,-0.16108882427215576,0.4907321333885193,0.5406648516654968,0.5433287620544434,-0.28829124569892883,0.46353718638420105,0.4765951633453369,0.5392277836799622,-0.2793627083301544,0.15057164430618286,0.5342349410057068,0.5707235336303711,-0.324248343706131,0.44198691844940186,0.47995829582214355,0.5619894862174988,-0.3167145252227783,0.14399421215057373,0.525727391242981,0.559792697429657,-0.34093955159187317,0.450945645570755,0.48143577575683594,0.5591316819190979,-0.33479177951812744,0.14571386575698853,0.52729332447052,0.5485130548477173,-0.2952892780303955,0.36710160970687866,0.48203468322753906,0.5501320362091064,-0.28997305035591125,0.1278853863477707,0.5589470267295837,0.538406491279602,-0.013016675598919392,0.9999950528144836,0.48957815766334534,0.531181812286377,0.012839613482356071,0.9999929666519165,0.5897213220596313,0.7028478384017944,-0.2659320533275604,0.9933953285217285,0.43466272950172424,0.6833651065826416,-0.21814770996570587,0.9831229448318481,0.6109730005264282,0.8954722285270691,-0.07623475044965744,0.9771437048912048,0.41998037695884705,0.8788431882858276,-0.05266435816884041,0.9839205741882324,0.6032570600509644,0.9220537543296814,-0.06182890012860298,0.8478294610977173,0.43435272574424744,0.9156128168106079,-0.03674453869462013,0.8934312462806702,0.6260153651237488,0.9714965224266052,-0.20291867852210999,0.9641738533973694,0.3820810317993164,0.9415984153747559,-0.16963307559490204,0.9704180359840393
0.503021240234375,0.14850085973739624,-0.3481355905532837,0.9989941120147705,0.5118377804756165,0.12975460290908813,-0.33426088094711304,0.9978436231613159,0.5162407755851746,0.13138601183891296,-0.33456331491470337,0.9972606897354126,0.5213799476623535,0.13308009505271912,-0.3345428705215454,0.9984353184700012,0.49908214807510376,0.1295733004808426,-0.32744383811950684,0.9985448718070984,0.4954577386379242,0.13065119087696075,-0.327764093875885,0.9985579252243042,0.49233803153038025,0.1313958317041397,-0.32793813943862915,0.9990816116333008,0.5306057929992676,0.14487534761428833,-0.24160882830619812,0.9984979629516602,0.4905679225921631,0.1428728550672531,-0.2105896919965744,0.9970670342445374,0.5119098424911499,0.17343054711818695,-0.3115512430667877,0.9994911551475525,0.4959818422794342,0.17066138982772827,-0.3041960597038269,0.9994238615036011,0.5758643746376038,0.28297847509384155,-0.18993203341960907,0.9999580979347229,0.45782583951950073,0.2814618945121765,-0.12434115260839462,0.9998642206192017,0.5905280113220215,0.4228699207305908,-0.2038068026304245,0.87962406873703,0.45612868666648865,0.4089701771736145,-0.16148647665977478,0.5237966179847717,0.546916663646698,0.5223863124847412,-0.30627942085266113,0.5024148225784302,0.47656041383743286,0.5175060629844666,-0.3036068081855774,0.1788749098777771,0.5414116978645325,0.5467249155044556,-0.34488070011138916,0.47952449321746826,0.4799344539642334,0.5434644818305969,-0.34523719549179077,0.16856805980205536,0.5332391858100891,0.5361842513084412,-0.36075258255004883,0.48796549439430237,0.48191434144973755,0.5402579307556152,-0.36319130659103394,0.1706739366054535,0.5337788462638855,0.5249066948890686,-0.3130228817462921,0.4041688144207001,0.4833228588104248,0.5291250944137573,-0.3154655694961548,0.15012739598751068,0.558673083782196,0.5307716727256775,-0.01850740611553192,0.999995231628418,0.48954707384109497,0.5248529314994812,0.018328282982110977,0.9999931454658508,0.5877248048782349,0.7019203901290894,-0.22360670566558838,0.9935346245765686,0.4374145567417145,0.6912010312080383,-0.1400698721408844,0.9832763671875,0.6112428307533264,0.8980134725570679,-0.06186765432357788,0.978264570236206,0.4200051426887512,0.882229208946228,0.005536738317459822,0.9845455288887024,0.6040436029434204,0.9251757264137268,-0.05305595323443413,0.8513851761817932,0.43433743715286255,0.9184157252311707,0.014783536083996296,0.8967685699462891,0.6263949275016785,0.9724040627479553,-0.18908186256885529,0.9659501314163208,0.3817555010318756,0.9436201453208923,-0.10818518698215485,0.9717950224876404
0.501832127571106,0.15046906471252441,-0.34907597303390503,0.9990899562835693,0.5113365054130554,0.13025854527950287,-0.3347938060760498,0.9980486035346985,0.5160084962844849,0.13109424710273743,-0.3351147174835205,0.997521698474884,0.5207924246788025,0.1328420490026474,-0.3350929319858551,0.9985828399658203,0.4988710284233093,0.13112905621528625,-0.3272189795970917,0.9986818432807922,0.49525418877601624,0.13197346031665802,-0.32751792669296265,0.9986940622329712,0.4919959008693695,0.1329304426908493,-0.32769182324409485,0.9991661906242371,0.5301676392555237,0.1443943828344345,-0.23984766006469727,0.9986411333084106,0.49073848128318787,0.14283372461795807,-0.20374393463134766,0.9973344206809998,0.51128751039505,0.1753850132226944,-0.31136494874954224,0.999537467956543,0.4959002435207367,0.17171505093574524,-0.3029755651950836,0.999474823474884,0.5760144591331482,0.2794034481048584,-0.19036756455898285,0.9999603033065796,0.45857182145118713,0.2801865339279175,-0.11973303556442261,0.9998694062232971,0.5946906805038452,0.4152665138244629,-0.23215770721435547,0.8889111280441284,0.4547237753868103,0.39859452843666077,-0.21594765782356262,0.5566443800926208,0.5489890575408936,0.5097125172615051,-0.3614691197872162,0.542643666267395,0.4719935953617096,0.4806506335735321,-0.4489234387874603,0.23621217906475067,0.5422502160072327,0.5294466018676758,-0.40676599740982056,0.5205400586128235,0.4770601689815521,0.5056365728378296,-0.5068680047988892,0.22671270370483398,0.5351167917251587,0.5171286463737488,-0.42369428277015686,0.5285403728485107,0.47930067777633667,0.49630364775657654,-0.5212376713752747,0.22943972051143646,0.5360649228096008,0.5071068406105042,-0.36958566308021545,0.44685283303260803,0.4803697466850281,0.48320338129997253,-0.4622251093387604,0.2039330154657364,0.5578647255897522,0.5285320281982422,-0.022211726754903793,0.9999948143959045,0.488840252161026,0.5252904891967773,0.022062022238969803,0.9999925494194031,0.5874561071395874,0.7013522386550903,-0.1895754188299179,0.9931656122207642,0.4381512701511383,0.6941486597061157,-0.10739089548587799,0.9822213053703308,0.6113406419754028,0.8977824449539185,-0.04153734818100929,0.978657603263855,0.42006373405456543,0.8864922523498535,0.033918239176273346,0.9846954941749573,0.6042879819869995,0.9250132441520691,-0.03554293140769005,0.8502757549285889,0.4343375265598297,0.9217320084571838,0.0417194589972496,0.8985863327980042,0.6265535950660706,0.9724635481834412,-0.1748296022415161,0.9667303562164307,0.3810015916824341,0.9441341161727905,-0.0832703709602356,0.9724141359329224
0.5010999441146851,0.15398643910884857,-0.33444395661354065,0.9991763830184937,0.5103969573974609,0.13433612883090973,-0.32010769844055176,0.998233437538147,0.5150343179702759,0.13517539203166962,-0.3204355835914612,0.9977554678916931,0.5200693607330322,0.13679879903793335,-0.3203974962234497,0.9987143278121948,0.49842652678489685,0.13521921634674072,-0.31275060772895813,0.9988064765930176,0.49468594789505005,0.13619764149188995,-0.3130449652671814,0.9988179206848145,0.4913896918296814,0.13713595271110535,-0.31321945786476135,0.9992436766624451,0.529819905757904,0.1488165706396103,-0.2239162027835846,0.998768150806427,0.49071717262268066,0.14742109179496765,-0.18947938084602356,0.9975805878639221,0.51103276014328,0.17841480672359467,-0.29649338126182556,0.9995784163475037,0.4958828389644623,0.175425186753273,-0.28850504755973816,0.9995207190513611,0.5766957402229309,0.2822435200214386,-0.17820456624031067,0.9999606609344482,0.4588592052459717,0.28082185983657837,-0.11649991571903229,0.9998756647109985,0.598021924495697,0.40971314907073975,-0.23468127846717834,0.8941609859466553,0.4539806842803955,0.3902777433395386,-0.2447955310344696,0.59053635597229,0.5530052781105042,0.49799054861068726,-0.3771647810935974,0.5714102387428284,0.4668061137199402,0.45503729581832886,-0.5039070248603821,0.3025808036327362,0.5444537401199341,0.5157614946365356,-0.4239916205406189,0.551371157169342,0.47248512506484985,0.48495954275131226,-0.5682282447814941,0.293776273727417,0.5389629602432251,0.5006201267242432,-0.44118934869766235,0.5593929886817932,0.47603386640548706,0.472051739692688,-0.5800970196723938,0.296755850315094,0.5397430658340454,0.49114325642585754,-0.38603025674819946,0.4777674674987793,0.47681134939193726,0.4586147367954254,-0.5172629356384277,0.2689373791217804,0.557761549949646,0.5288165807723999,-0.022341806441545486,0.9999940395355225,0.4884036183357239,0.5255372524261475,0.022198069840669632,0.9999918341636658,0.5882114768028259,0.7013365626335144,-0.15004897117614746,0.9912152290344238,0.43808048963546753,0.6951531171798706,-0.08626609295606613,0.9790698885917664,0.6114900708198547,0.8982267379760742,-0.005713007878512144,0.9772080779075623,0.4200995862483978,0.886578381061554,0.04953025281429291,0.9838148355484009,0.6043983101844788,0.9248771667480469,-9.66138468356803e-05,0.8402451872825623,0.4343477785587311,0.9213065505027771,0.05678968504071236,0.8959389925003052,0.6269601583480835,0.9755082726478577,-0.1344485580921173,0.9650667905807495,0.3800530731678009,0.9439293742179871,-0.06415064632892609,0.9714751243591309
0.49857205152511597,0.16093809902668,-0.34303778409957886,0.9992479085922241,0.5082453489303589,0.1421148031949997,-0.32222193479537964,0.9983874559402466,0.5133636593818665,0.1426798403263092,-0.3223939538002014,0.9979498982429504,0.5185978412628174,0.14313793182373047,-0.32242339849472046,0.9988208413124084,0.4955759048461914,0.14291466772556305,-0.31989938020706177,0.998908519744873,0.49226298928260803,0.14367777109146118,-0.3202201724052429,0.998919665813446,0.4897211492061615,0.14388085901737213,-0.3204072415828705,0.999303936958313,0.5287742614746094,0.15348128974437714,-0.23266932368278503,0.9988734722137451,0.490224689245224,0.1502782106399536,-0.20049834251403809,0.9977705478668213,0.5094796419143677,0.1841573715209961,-0.30263298749923706,0.9996082186698914,0.4945666790008545,0.18188618123531342,-0.29855242371559143,0.9995512366294861,0.5774898529052734,0.2865923047065735,-0.18611901998519897,0.9999595284461975,0.45895686745643616,0.2836884558200836,-0.1312505602836609,0.9998732805252075,0.6012256741523743,0.4110134243965149,-0.2681524157524109,0.8971467614173889,0.45413413643836975,0.39066317677497864,-0.292562335729599,0.6089813709259033,0.5552865266799927,0.4944462776184082,-0.42954856157302856,0.5894989371299744,0.4663201868534088,0.45350536704063416,-0.5695885419845581,0.3452334702014923,0.5477573275566101,0.512071967124939,-0.47913867235183716,0.5719889402389526,0.4704161584377289,0.47956183552742004,-0.6380547881126404,0.3385671079158783,0.5416399836540222,0.49655503034591675,-0.49659767746925354,0.580471396446228,0.47448912262916565,0.46594375371932983,-0.6481248140335083,0.3423522710800171,0.5419876575469971,0.48703351616859436,-0.439091295003891,0.49626654386520386,0.47534283995628357,0.4525700509548187,-0.5829488635063171,0.3077026903629303,0.5573477745056152,0.530263364315033,-0.021732354536652565,0.9999927282333374,0.4875469207763672,0.5275539755821228,0.021590013056993484,0.9999901652336121,0.5886781811714172,0.7013850808143616,-0.1548532098531723,0.9883986711502075,0.437060683965683,0.6942099928855896,-0.092511385679245,0.9739968776702881,0.6123678088188171,0.9018732905387878,-0.013016740791499615,0.9745490550994873,0.42010051012039185,0.888301432132721,0.04154865816235542,0.9820380210876465,0.6055656671524048,0.9292057752609253,-0.007720655295997858,0.8247770667076111,0.43428435921669006,0.9227935671806335,0.04832557588815689,0.8902114033699036,0.6274212598800659,0.9785677790641785,-0.1470448523759842,0.9614336490631104,0.37856942415237427,0.9475627541542053,-0.07694624364376068,0.9689220786094666
0.4975528120994568,0.16947735846042633,-0.3474330008029938,0.9993134140968323,0.5074933171272278,0.1486789435148239,-0.3304501473903656,0.9985281229019165,0.5127240419387817,0.14889413118362427,-0.33069750666618347,0.9981285929679871,0.5179249048233032,0.1491384506225586,-0.3306995928287506,0.9989203214645386,0.4943946897983551,0.15001444518566132,-0.3259943425655365,0.9990016222000122,0.4912160038948059,0.15063562989234924,-0.3263009190559387,0.999012291431427,0.4889439642429352,0.15054403245449066,-0.3264899253845215,0.9993594288825989,0.5279831886291504,0.1581640988588333,-0.23509135842323303,0.9989705681800842,0.4900352358818054,0.15564347803592682,-0.20542161166667938,0.9979435205459595,0.5087749361991882,0.18971946835517883,-0.30783718824386597,0.9996374845504761,0.4936760365962982,0.18946465849876404,-0.30214279890060425,0.9995812177658081,0.5778322815895081,0.28805720806121826,-0.18569830060005188,0.9999595880508423,0.4589313566684723,0.28630271553993225,-0.13141247630119324,0.9998701214790344,0.6029137372970581,0.4150547981262207,-0.2506929636001587,0.9021340608596802,0.4542641043663025,0.3964840769767761,-0.26768308877944946,0.6266281604766846,0.5574927926063538,0.4947434365749359,-0.4037697911262512,0.6139957904815674,0.46652355790138245,0.4623403251171112,-0.5253493785858154,0.38216665387153625,0.5507080554962158,0.5141634345054626,-0.451227605342865,0.5972992777824402,0.47038984298706055,0.4867123067378998,-0.590032696723938,0.3769190013408661,0.5439900755882263,0.4989528954029083,-0.46890050172805786,0.6058747172355652,0.4737447202205658,0.4707293212413788,-0.6013823747634888,0.3814949691295624,0.5441163778305054,0.48928841948509216,-0.4130428433418274,0.5214305520057678,0.4748435914516449,0.45937585830688477,-0.538516640663147,0.34110891819000244,0.5571262836456299,0.5312682390213013,-0.021420596167445183,0.9999914765357971,0.4871133863925934,0.528765082359314,0.02126210741698742,0.9999883770942688,0.5895452499389648,0.7012960314750671,-0.1506328135728836,0.9863327145576477,0.43642204999923706,0.6933241486549377,-0.10923566669225693,0.9712017774581909,0.6129233837127686,0.9044675827026367,-0.013276542536914349,0.9727814793586731,0.419931560754776,0.8922156691551208,0.02467188984155655,0.9807479381561279,0.6061195731163025,0.932191014289856,-0.008433003909885883,0.8130550384521484,0.4341011941432953,0.9252915382385254,0.03185363486409187,0.8857092261314392,0.627581775188446,0.9801890850067139,-0.14889390766620636,0.9589359164237976,0.377977579832077,0.9510283470153809,-0.0940471813082695,0.9670926928520203
0.49713364243507385,0.17287619411945343,-0.3503088355064392,0.9993773698806763,0.5071775317192078,0.15174175798892975,-0.33231404423713684,0.9986656904220581,0.5124660134315491,0.1520695984363556,-0.33253800868988037,0.9983028769493103,0.517669141292572,0.1525050699710846,-0.3325555622577667,0.9990193843841553,0.4938097596168518,0.1528749316930771,-0.3283970355987549,0.9990943074226379,0.49066248536109924,0.153484508395195,-0.3287087082862854,0.9991039633750916,0.4884195923805237,0.1534547209739685,-0.32890868186950684,0.9994170665740967,0.5275593996047974,0.16145382821559906,-0.23947986960411072,0.9990656971931458,0.4896504282951355,0.15937359631061554,-0.2057766169309616,0.9981241226196289,0.5084036588668823,0.19291755557060242,-0.31016021966934204,0.9996684789657593,0.49287086725234985,0.193046435713768,-0.3048405349254608,0.9996153116226196,0.5777830481529236,0.2887583076953888,-0.1866585910320282,0.9999608993530273,0.4588295519351959,0.2879203259944916,-0.1339167356491089,0.9998728632926941,0.6039479970932007,0.4182193875312805,-0.24180647730827332,0.9053428769111633,0.4541618824005127,0.3969671428203583,-0.26739805936813354,0.6394320726394653,0.55865079164505,0.4957367479801178,-0.3776840567588806,0.6301796436309814,0.46469441056251526,0.4573107063770294,-0.5276793241500854,0.41475367546081543,0.5517182350158691,0.5143677592277527,-0.4213886857032776,0.6138665676116943,0.46825823187828064,0.4797385632991791,-0.5917324423789978,0.4113777279853821,0.5453158617019653,0.49875620007514954,-0.4391685128211975,0.6228095293045044,0.4707712233066559,0.46372029185295105,-0.6036766767501831,0.416756808757782,0.5454432368278503,0.4893013536930084,-0.38637274503707886,0.5370501279830933,0.47161269187927246,0.4522113800048828,-0.5412084460258484,0.37152957916259766,0.556971549987793,0.5313618183135986,-0.021081291139125824,0.9999904632568359,0.4866308569908142,0.529151976108551,0.02092202939093113,0.9999870657920837,0.5895962119102478,0.7014557123184204,-0.14092427492141724,0.9837051033973694,0.43598347902297974,0.6959917545318604,-0.10954876989126205,0.967164933681488,0.6133229732513428,0.9057179093360901,-0.007474362850189209,0.9702528715133667,0.4198540151119232,0.8921412825584412,0.027955349534749985,0.9785227179527283,0.6069831848144531,0.9341625571250916,-0.002960322890430689,0.7971004247665405,0.4339121878147125,0.9246786236763,0.03554286062717438,0.876774787902832,0.6277926564216614,0.9827158451080322,-0.14231754839420319,0.955825924873352,0.3780035376548767,0.9530504941940308,-0.0879610925912857,0.9642485976219177
0.496160089969635,0.1742815375328064,-0.37849345803260803,0.999430239200592,0.5064274072647095,0.15333104133605957,-0.36645856499671936,0.9987791180610657,0.5118403434753418,0.15369537472724915,-0.3667762577533722,0.9984472990036011,0.5170761942863464,0.15418210625648499,-0.3667523264884949,0.9991000294685364,0.49304407835006714,0.1541891098022461,-0.3588320016860962,0.9991693496704102,0.4901188313961029,0.15462753176689148,-0.3591342866420746,0.9991785883903503,0.48795443773269653,0.15455640852451324,-0.35932499170303345,0.999462366104126,0.5272393226623535,0.16263805329799652,-0.2738712728023529,0.9991447925567627,0.48959994316101074,0.16003607213497162,-0.23580892384052277,0.9982656240463257,0.5075743794441223,0.19440951943397522,-0.3403003513813019,0.9996927976608276,0.4920881688594818,0.19479581713676453,-0.3315974175930023,0.9996408820152283,0.5778144598007202,0.2890613377094269,-0.21473708748817444,0.9999616742134094,0.4587012231349945,0.28878286480903625,-0.14915791153907776,0.9998738169670105,0.602596640586853,0.4209251403808594,-0.26690518856048584,0.9107123017311096,0.45360565185546875,0.4003373384475708,-0.2594852149486542,0.653401255607605,0.5567778944969177,0.5018364191055298,-0.4082878530025482,0.6510501503944397,0.4652084708213806,0.46747979521751404,-0.49917054176330566,0.4436204135417938,0.5498606562614441,0.5208414196968079,-0.4548059403896332,0.6344709992408752,0.468549907207489,0.4935030937194824,-0.560027539730072,0.44089698791503906,0.5435155630111694,0.5060178637504578,-0.47125568985939026,0.6432351469993591,0.4709200859069824,0.4795425832271576,-0.5729765892028809,0.4467393457889557,0.543615460395813,0.4969176948070526,-0.41641610860824585,0.5566481351852417,0.47239285707473755,0.46692636609077454,-0.512112557888031,0.39702409505844116,0.5567910075187683,0.5317986011505127,-0.02144676074385643,0.9999897480010986,0.4863871932029724,0.5294367671012878,0.021305181086063385,0.9999860525131226,0.5897907018661499,0.7038108706474304,-0.1474619358778,0.9825025796890259,0.43570566177368164,0.6970722675323486,-0.11338748782873154,0.9657121896743774,0.6135624647140503,0.9056631922721863,-0.00593815790489316,0.9695286154747009,0.41983562707901,0.8949263691902161,0.027037952095270157,0.9780120849609375,0.6072555184364319,0.9338250756263733,-0.0007871048292145133,0.7889472246170044,0.43389320373535156,0.9268035292625427,0.03494838625192642,0.8749855160713196,0.6277903318405151,0.9845708012580872,-0.14182540774345398,0.9548364281654358,0.37797629833221436,0.9551608562469482,-0.09033291786909103,0.9637288451194763
0.4960978627204895,0.17409910261631012,-0.3710402548313141,0.9994783401489258,0.5064181685447693,0.15326803922653198,-0.3608170449733734,0.9988832473754883,0.5117552876472473,0.15367041528224945,-0.3611474931240082,0.9985811710357666,0.5169589519500732,0.15418966114521027,-0.36110466718673706,0.9991756081581116,0.49308276176452637,0.15411272644996643,-0.35167208313941956,0.9992372989654541,0.4900828003883362,0.15457817912101746,-0.35199087858200073,0.9992459416389465,0.4879162311553955,0.15451635420322418,-0.3521801233291626,0.9995033740997314,0.5272144675254822,0.1627805382013321,-0.26927265524864197,0.9992181658744812,0.4895270764827728,0.16006550192832947,-0.22867219150066376,0.9983958601951599,0.5073314905166626,0.19481834769248962,-0.3339739739894867,0.9997143745422363,0.49189653992652893,0.19466690719127655,-0.32381802797317505,0.9996632933616638,0.5777756571769714,0.29070228338241577,-0.20991802215576172,0.999962568283081,0.45796576142311096,0.28835439682006836,-0.14044564962387085,0.9998724460601807,0.6007314920425415,0.4224783182144165,-0.25225305557250977,0.9159262776374817,0.45274633169174194,0.4017227292060852,-0.21559317409992218,0.6658041477203369,0.5557596683502197,0.5073456168174744,-0.3958815932273865,0.6722457408905029,0.4659833014011383,0.4758884906768799,-0.4075906276702881,0.4530811309814453,0.5488604307174683,0.5279485583305359,-0.4415232539176941,0.655241847038269,0.47123008966445923,0.5025006532669067,-0.458934485912323,0.44971123337745667,0.5428388118743896,0.5140396356582642,-0.4543590545654297,0.6636664867401123,0.4745272994041443,0.49049946665763855,-0.4729984700679779,0.4558902084827423,0.5426761507987976,0.5043109655380249,-0.40208306908607483,0.5780677795410156,0.4755932688713074,0.47828081250190735,-0.41950687766075134,0.4042014181613922,0.556676983833313,0.5320572257041931,-0.021273475140333176,0.9999897480010986,0.48603683710098267,0.5297859311103821,0.021129680797457695,0.9999858140945435,0.5900228023529053,0.7039626240730286,-0.1707070767879486,0.9830079674720764,0.43549689650535583,0.6974100470542908,-0.12275420129299164,0.966693639755249,0.6137363314628601,0.9053451418876648,-0.016933077946305275,0.9704751372337341,0.4197632372379303,0.894823431968689,0.02245405688881874,0.9785444140434265,0.6077533960342407,0.9329727292060852,-0.010011439211666584,0.7909762859344482,0.43389612436294556,0.9264809489250183,0.03139772638678551,0.8765702843666077,0.6276057958602905,0.9874235987663269,-0.1481827050447464,0.9561358094215393,0.37811094522476196,0.9573834538459778,-0.09098611027002335,0.9646140336990356
0.49727892875671387,0.17445987462997437,-0.37195247411727905,0.9995253086090088,0.5073146820068359,0.15332426130771637,-0.3596101403236389,0.9989844560623169,0.5126539468765259,0.15372151136398315,-0.35992732644081116,0.998710572719574,0.5178409814834595,0.15424245595932007,-0.3598921597003937,0.9992496371269226,0.4935148358345032,0.1540708839893341,-0.35242706537246704,0.9993050694465637,0.49016720056533813,0.1545424908399582,-0.3527444005012512,0.9993130564689636,0.48800525069236755,0.15449795126914978,-0.35292553901672363,0.9995460510253906,0.5274000763893127,0.162801593542099,-0.26262834668159485,0.9992886781692505,0.4895262122154236,0.16008922457695007,-0.2287389487028122,0.9985323548316956,0.5078439116477966,0.19597235321998596,-0.3323743939399719,0.9997376203536987,0.4924314022064209,0.19465968012809753,-0.32443398237228394,0.9996896982192993,0.5778948664665222,0.29172903299331665,-0.20737183094024658,0.9999645948410034,0.45729175209999084,0.2883995771408081,-0.13940808176994324,0.9998773336410522,0.5992724299430847,0.4279077649116516,-0.25072163343429565,0.9220844507217407,0.4527779221534729,0.40244075655937195,-0.1869049072265625,0.6855365633964539,0.5550758242607117,0.5156844854354858,-0.3830581307411194,0.698697030544281,0.466153085231781,0.48931431770324707,-0.35230380296707153,0.4779403805732727,0.5482416749000549,0.5397952198982239,-0.42823925614356995,0.6819304823875427,0.4726078510284424,0.5232452750205994,-0.3983220160007477,0.4724307060241699,0.5418506860733032,0.5232097506523132,-0.4455917477607727,0.6899519562721252,0.4756883680820465,0.5128602385520935,-0.41823211312294006,0.4792344272136688,0.5419328808784485,0.5132618546485901,-0.39133545756340027,0.6083251237869263,0.4771553575992584,0.4989357888698578,-0.365477979183197,0.4259161353111267,0.557533323764801,0.5323193073272705,-0.020887233316898346,0.999989926815033,0.48606735467910767,0.5301775336265564,0.02072698064148426,0.999985933303833,0.5902532935142517,0.7037588953971863,-0.21157865226268768,0.9840031266212463,0.43534955382347107,0.6968095302581787,-0.15338511765003204,0.9686034321784973,0.6140540838241577,0.906245231628418,-0.04888451099395752,0.9717058539390564,0.41967806220054626,0.8963133096694946,-0.009298034012317657,0.9792908430099487,0.60838383436203,0.9342297911643982,-0.04059546813368797,0.7971461415290833,0.43370795249938965,0.9289788007736206,-5.789183342130855e-05,0.8794634342193604,0.6275978088378906,0.9882758855819702,-0.1788315623998642,0.9581199884414673,0.37824466824531555,0.9606760740280151,-0.12507334351539612,0.9660184383392334
0.4989457130432129,0.1774091124534607,-0.3796156048774719,0.9995342493057251,0.5090874433517456,0.15422922372817993,-0.36697298288345337,0.999007523059845,0.5146971940994263,0.154476597905159,-0.36728668212890625,0.9987542629241943,0.519151508808136,0.15519103407859802,-0.36726707220077515,0.9992689490318298,0.49481019377708435,0.15456752479076385,-0.3619616627693176,0.9993043541908264,0.4908040463924408,0.15499810874462128,-0.36229991912841797,0.9993141889572144,0.488363116979599,0.1549604833126068,-0.3625083565711975,0.9995353817939758,0.5277715921401978,0.16354429721832275,-0.2669467329978943,0.9993112683296204,0.48954588174819946,0.1601763665676117,-0.24336712062358856,0.9985048174858093,0.5087714791297913,0.19902807474136353,-0.33826321363449097,0.999727189540863,0.4932169020175934,0.19633057713508606,-0.3333258330821991,0.999668300151825,0.5781105756759644,0.2918715178966522,-0.20543238520622253,0.9999648332595825,0.45600733160972595,0.28868165612220764,-0.1476341336965561,0.9998665452003479,0.5915480256080627,0.43462130427360535,-0.23967976868152618,0.9247766733169556,0.4527973532676697,0.41427692770957947,-0.17321470379829407,0.6745623350143433,0.5548497438430786,0.5343344211578369,-0.369750440120697,0.7071014642715454,0.46917495131492615,0.5234432816505432,-0.2872201204299927,0.442700058221817,0.5481337308883667,0.5644247531890869,-0.41062626242637634,0.6890863180160522,0.4756467342376709,0.5542799830436707,-0.3228302299976349,0.43694788217544556,0.5412466526031494,0.5492486953735352,-0.4289711117744446,0.6973727941513062,0.47833457589149475,0.5482729077339172,-0.3421369194984436,0.4434703588485718,0.5414315462112427,0.5375853776931763,-0.3782145082950592,0.6143089532852173,0.479827344417572,0.5354662537574768,-0.2983171343803406,0.39402148127555847,0.5584991574287415,0.5342521071434021,-0.017662620171904564,0.9999901652336121,0.4873294234275818,0.5348884463310242,0.017498930916190147,0.999985933303833,0.5915244817733765,0.705040693283081,-0.22833845019340515,0.9850093126296997,0.4352424144744873,0.696390688419342,-0.19553369283676147,0.9706974029541016,0.6144667267799377,0.9063810706138611,-0.05313847213983536,0.9730998277664185,0.4196593165397644,0.8983497023582458,-0.04289853200316429,0.9802907705307007,0.609062910079956,0.9345196485519409,-0.04337851703166962,0.8041547536849976,0.433716356754303,0.9302683472633362,-0.032424695789813995,0.883410632610321,0.627658486366272,0.9873615503311157,-0.18154402077198029,0.9598076939582825,0.378347784280777,0.9630362391471863,-0.15912869572639465,0.9673773050308228
0.4992000162601471,0.18349361419677734,-0.34115612506866455,0.9995211958885193,0.5090955495834351,0.15896552801132202,-0.32707005739212036,0.9989790916442871,0.5146523118019104,0.15871818363666534,-0.32735857367515564,0.9987385272979736,0.5191938281059265,0.15930770337581635,-0.32734283804893494,0.9992497563362122,0.4948890805244446,0.15977182984352112,-0.32319921255111694,0.9992713928222656,0.49082645773887634,0.15968948602676392,-0.3235592246055603,0.999290406703949,0.48839348554611206,0.15902216732501984,-0.323784202337265,0.9995101690292358,0.5276417136192322,0.16669513285160065,-0.22490017116069794,0.9992988109588623,0.489542156457901,0.16361312568187714,-0.20678837597370148,0.9984424114227295,0.5087975263595581,0.20485495030879974,-0.2990650534629822,0.9997032880783081,0.49338212609291077,0.20229250192642212,-0.2957531809806824,0.9996350407600403,0.5780924558639526,0.294956237077713,-0.1580834984779358,0.9999639987945557,0.45482850074768066,0.2949185073375702,-0.12030919641256332,0.9998607635498047,0.5849998593330383,0.4382951855659485,-0.16079814732074738,0.9243721961975098,0.453176349401474,0.42612791061401367,-0.13312698900699615,0.6677752137184143,0.5544503927230835,0.5483331680297852,-0.2731790542602539,0.7048420906066895,0.47050610184669495,0.5409806370735168,-0.24027399718761444,0.4117002487182617,0.5477492809295654,0.5813614726066589,-0.30856531858444214,0.6858945488929749,0.4767776131629944,0.5720094442367554,-0.27381253242492676,0.4056467115879059,0.5408745408058167,0.5663528442382812,-0.32904547452926636,0.6947608590126038,0.4794137477874756,0.5681337714195251,-0.29254770278930664,0.41179895401000977,0.5410745739936829,0.5534642338752747,-0.28207314014434814,0.610434353351593,0.48063382506370544,0.5539308786392212,-0.2506231665611267,0.36559203267097473,0.559415876865387,0.5422728657722473,-0.01373930461704731,0.9999905824661255,0.48840752243995667,0.5490067601203918,0.013554629869759083,0.9999864101409912,0.5947753190994263,0.7079209685325623,-0.2750653326511383,0.9862097501754761,0.4330819249153137,0.6959758996963501,-0.22154764831066132,0.9730001091957092,0.614903450012207,0.9094474911689758,-0.08868272602558136,0.9747644662857056,0.41959118843078613,0.9000850319862366,-0.061496347188949585,0.9814838171005249,0.6093926429748535,0.9396482706069946,-0.07702098786830902,0.8138113021850586,0.4337541460990906,0.9319010376930237,-0.050054676830768585,0.8881286382675171,0.6283328533172607,0.987307071685791,-0.2159595489501953,0.96201491355896,0.37842848896980286,0.9665798544883728,-0.1789180338382721,0.9690918922424316
0.500544011592865,0.19252635538578033,-0.35303032398223877,0.9994810819625854,0.5095914006233215,0.1682700663805008,-0.33509498834609985,0.9988922476768494,0.5152251124382019,0.1685849130153656,-0.33534640073776245,0.9986498951911926,0.5197227001190186,0.1694769710302353,-0.33534762263298035,0.9991805553436279,0.4952147901058197,0.16893142461776733,-0.335224449634552,0.9992064237594604,0.4909408688545227,0.16921411454677582,-0.3356158137321472,0.9992392063140869,0.48848509788513184,0.16895882785320282,-0.3358820676803589,0.99947190284729,0.5276824235916138,0.1766025871038437,-0.23326000571250916,0.9992364048957825,0.4895169734954834,0.17544832825660706,-0.21795642375946045,0.9983367919921875,0.5094919800758362,0.21466028690338135,-0.30320823192596436,0.9996589422225952,0.49409598112106323,0.21322788298130035,-0.30704012513160706,0.9995869398117065,0.5781999826431274,0.31275123357772827,-0.16851288080215454,0.9999622702598572,0.4545818865299225,0.3089590072631836,-0.12957827746868134,0.9998587369918823,0.5781009793281555,0.46031510829925537,-0.16574323177337646,0.919626772403717,0.45502322912216187,0.45077863335609436,-0.14946962893009186,0.6577269434928894,0.5489880442619324,0.5840387344360352,-0.2662738859653473,0.687033474445343,0.4727098345756531,0.5763785243034363,-0.2536032497882843,0.38590189814567566,0.543114423751831,0.6156960129737854,-0.29970821738243103,0.6690015196800232,0.47735270857810974,0.6058980226516724,-0.2868203818798065,0.37951308488845825,0.5369554758071899,0.6032387018203735,-0.3201836049556732,0.6785650849342346,0.4801977574825287,0.6056995987892151,-0.30596494674682617,0.38543668389320374,0.5372627973556519,0.5905238389968872,-0.274713933467865,0.5934138894081116,0.4809962213039398,0.5940396189689636,-0.26379460096359253,0.3415590226650238,0.5599582195281982,0.5599024295806885,-0.009438874199986458,0.9999908208847046,0.48862963914871216,0.5630417466163635,0.00924579706043005,0.9999868273735046,0.5979796648025513,0.7132225036621094,-0.29869359731674194,0.9872376918792725,0.42937904596328735,0.6989713311195374,-0.245853453874588,0.974915623664856,0.6152539253234863,0.910251796245575,-0.08553071320056915,0.9757319092750549,0.41955265402793884,0.9017171859741211,-0.05873033404350281,0.9822363257408142,0.6094101667404175,0.9392180442810059,-0.07076473534107208,0.8208664059638977,0.4337643086910248,0.9346765875816345,-0.04421190917491913,0.890146017074585,0.6285262107849121,0.9873613119125366,-0.20828261971473694,0.9632726311683655,0.3784487843513489,0.97056645154953,-0.17517054080963135,0.9699578881263733
0.5009122490882874,0.20827524363994598,-0.387686550617218,0.9991919994354248,0.509801983833313,0.1869322508573532,-0.36955419182777405,0.9982202053070068,0.5153461694717407,0.1870678961277008,-0.3698290288448334,0.9978711009025574,0.5199600458145142,0.18729642033576965,-0.3698350787162781,0.9986333250999451,0.4953729510307312,0.18687576055526733,-0.3690887987613678,0.9987621307373047,0.4910043776035309,0.1872505247592926,-0.3694513142108917,0.9988559484481812,0.48850926756858826,0.18706250190734863,-0.3697274625301361,0.9992172718048096,0.5277076363563538,0.1941392421722412,-0.2538295388221741,0.9987196326255798,0.489447683095932,0.1926596462726593,-0.24951398372650146,0.9976545572280884,0.5096883177757263,0.23142237961292267,-0.33954551815986633,0.999392569065094,0.4943448007106781,0.22957611083984375,-0.3413056433200836,0.9993165731430054,0.578187108039856,0.330999493598938,-0.18327125906944275,0.9999524354934692,0.45456385612487793,0.3290197253227234,-0.1591627299785614,0.9998412132263184,0.5729299187660217,0.4845552146434784,-0.18234588205814362,0.9022804498672485,0.4560271203517914,0.4687904715538025,-0.1655128002166748,0.6370540857315063,0.5448911190032959,0.6192269921302795,-0.2735223174095154,0.6397199034690857,0.47659945487976074,0.6132498979568481,-0.28243544697761536,0.3554350733757019,0.5376679301261902,0.6545529961585999,-0.30531299114227295,0.6240038275718689,0.4798640310764313,0.6394367814064026,-0.3168095648288727,0.3487657308578491,0.532671332359314,0.6438584923744202,-0.3266929090023041,0.6338238716125488,0.4829599857330322,0.641068160533905,-0.3349963128566742,0.354295015335083,0.5339661836624146,0.629356861114502,-0.2821040749549866,0.5520651340484619,0.4832687973976135,0.6323651075363159,-0.29227903485298157,0.3136855661869049,0.5612252354621887,0.5759769678115845,-0.009093258529901505,0.9999900460243225,0.48920512199401855,0.5767776370048523,0.008914398960769176,0.9999861717224121,0.6011187434196472,0.7174196243286133,-0.3179272413253784,0.9878166317939758,0.42485371232032776,0.701768159866333,-0.274092435836792,0.9756464958190918,0.615745484828949,0.9134774208068848,-0.09456272423267365,0.9748249650001526,0.41934919357299805,0.9045782089233398,-0.06834515184164047,0.9813714027404785,0.6097375750541687,0.9429945945739746,-0.07820484787225723,0.8181206583976746,0.433796226978302,0.9378970861434937,-0.051766715943813324,0.8848127722740173,0.6290839314460754,0.9920022487640381,-0.2183506190776825,0.960963785648346,0.37756896018981934,0.9744875431060791,-0.18642795085906982,0.9673070311546326
0.5012496709823608,0.22093109786510468,-0.44008755683898926,0.9991644024848938,0.5100291967391968,0.2002326399087906,-0.4223816990852356,0.9981729388237,0.5155236124992371,0.20032133162021637,-0.4226688742637634,0.997809648513794,0.5201666355133057,0.2004193663597107,-0.4226717948913574,0.9985891580581665,0.49550580978393555,0.20020431280136108,-0.4205186367034912,0.998729407787323,0.4910423755645752,0.20069384574890137,-0.4208560585975647,0.9988211393356323,0.48851650953292847,0.20066402852535248,-0.42111048102378845,0.9991940855979919,0.527732253074646,0.20783063769340515,-0.30249395966529846,0.9986569881439209,0.48929986357688904,0.20671981573104858,-0.2937423884868622,0.9975680112838745,0.5099169015884399,0.24437835812568665,-0.3914740979671478,0.9993491768836975,0.4945639669895172,0.2431776523590088,-0.3909205496311188,0.9992699027061462,0.5781435966491699,0.34634000062942505,-0.23023268580436707,0.9999495148658752,0.4543236196041107,0.34332650899887085,-0.19174113869667053,0.9998326897621155,0.5690237879753113,0.5053508877754211,-0.22092679142951965,0.8988482356071472,0.45664769411087036,0.4839688241481781,-0.20202751457691193,0.6270138621330261,0.5414215922355652,0.6445123553276062,-0.27949613332748413,0.6175432205200195,0.4761984944343567,0.6344897150993347,-0.30761486291885376,0.3310949504375458,0.5344737768173218,0.6848621964454651,-0.3270532488822937,0.6006333827972412,0.479790598154068,0.6652307510375977,-0.3442733883857727,0.3230353891849518,0.5285265445709229,0.6759617924690247,-0.33766618371009827,0.611109733581543,0.4827493727207184,0.6663585901260376,-0.3639586567878723,0.3284015953540802,0.5300735235214233,0.6593663096427917,-0.285649836063385,0.5291304588317871,0.4821997582912445,0.6540119051933289,-0.3184567093849182,0.29033589363098145,0.5615933537483215,0.5812241435050964,-0.009719432331621647,0.9999893307685852,0.4892701506614685,0.5818395614624023,0.009547661058604717,0.99998539686203,0.6034812331199646,0.7246057391166687,-0.33312317728996277,0.9881384372711182,0.4201081693172455,0.7029399275779724,-0.29649826884269714,0.9758325219154358,0.6160029172897339,0.9195488691329956,-0.09898877888917923,0.9720556139945984,0.41889509558677673,0.9046659469604492,-0.07924117147922516,0.9790716171264648,0.6102109551429749,0.9469913244247437,-0.08168516308069229,0.8110271692276001,0.43374282121658325,0.9380286931991577,-0.06150093674659729,0.8769750595092773,0.6290715932846069,0.9957717061042786,-0.22322674095630646,0.9560398459434509,0.37763750553131104,0.9779286980628967,-0.19684061408042908,0.9624398350715637
0.5017629861831665,0.22978420555591583,-0.4387623369693756,0.9992029070854187,0.5103369951248169,0.20936302840709686,-0.42033275961875916,0.9982660412788391,0.5159218907356262,0.2100943624973297,-0.4206143915653229,0.9979155659675598,0.5204353332519531,0.21088598668575287,-0.4206153452396393,0.9986594915390015,0.49598026275634766,0.20756536722183228,-0.41830429434776306,0.9987934231758118,0.49126824736595154,0.20779219269752502,-0.4186246991157532,0.9988754987716675,0.48858651518821716,0.2079637497663498,-0.41885119676589966,0.9992309212684631,0.5277416706085205,0.21856269240379333,-0.2989359498023987,0.998711347579956,0.4888262152671814,0.21592292189598083,-0.2895023226737976,0.9976582527160645,0.5101827383041382,0.2543320953845978,-0.3898143470287323,0.9993676543235779,0.4946742653846741,0.25237035751342773,-0.3890310525894165,0.9992908239364624,0.577155351638794,0.3562242388725281,-0.22995157539844513,0.9999496340751648,0.453991174697876,0.3558123707771301,-0.18572582304477692,0.9998321533203125,0.5665450096130371,0.5183106064796448,-0.22511136531829834,0.8986117243766785,0.45695266127586365,0.4987727701663971,-0.2049081027507782,0.6204098463058472,0.5401505827903748,0.6564499735832214,-0.2947259545326233,0.6076934933662415,0.47590047121047974,0.6469207406044006,-0.31252381205558777,0.308527410030365,0.5337724089622498,0.6970788240432739,-0.3399978578090668,0.5883046984672546,0.47975093126296997,0.6802566051483154,-0.34859326481819153,0.2993728518486023,0.5273911356925964,0.6889812350273132,-0.3532108962535858,0.5992986559867859,0.4823857247829437,0.6844906806945801,-0.3693922460079193,0.30451998114585876,0.5285457372665405,0.6725258231163025,-0.30164602398872375,0.5157963037490845,0.4808740019798279,0.6715599894523621,-0.3237268328666687,0.26884725689888,0.5617780089378357,0.588668704032898,-0.009782622568309307,0.9999895095825195,0.48967990279197693,0.5911691784858704,0.009610263630747795,0.9999857544898987,0.606052041053772,0.728915810585022,-0.34334734082221985,0.9885559678077698,0.41655048727989197,0.707793653011322,-0.305803507566452,0.9764105677604675,0.6165358424186707,0.9205808043479919,-0.0992700532078743,0.9704575538635254,0.418917715549469,0.9078306555747986,-0.0904494971036911,0.9784378409385681,0.6105173230171204,0.9475572109222412,-0.0811336562037468,0.8089989423751831,0.4341249465942383,0.9416354894638062,-0.07305116951465607,0.8757293224334717,0.6294305324554443,0.9949854612350464,-0.2213648557662964,0.9536523818969727,0.37765413522720337,0.9815908074378967,-0.2093488723039627,0.9610111713409424
0.5024293065071106,0.23714463412761688,-0.44210028648376465,0.999164879322052,0.5105582475662231,0.21504251658916473,-0.42247217893600464,0.9982181191444397,0.5162465572357178,0.21598774194717407,-0.4227595329284668,0.9978449940681458,0.5205970406532288,0.2171941101551056,-0.4227665364742279,0.9986259341239929,0.4963311553001404,0.21394869685173035,-0.42013636231422424,0.998756468296051,0.49145635962486267,0.2143176794052124,-0.42045527696609497,0.9988293051719666,0.4886828064918518,0.214493066072464,-0.4206899106502533,0.9992035627365112,0.5277451872825623,0.22577516734600067,-0.29849478602409363,0.9986711144447327,0.488581120967865,0.2245517522096634,-0.28784194588661194,0.9975393414497375,0.5107026696205139,0.2607332170009613,-0.3925451636314392,0.9993540644645691,0.49496716260910034,0.25968965888023376,-0.39136454463005066,0.9992758631706238,0.5767570734024048,0.3653872311115265,-0.228316068649292,0.9999485015869141,0.4537584185600281,0.3671060800552368,-0.18275873363018036,0.9998278617858887,0.5651490688323975,0.5260878801345825,-0.22314707934856415,0.8969544768333435,0.45748764276504517,0.5116233229637146,-0.20528177917003632,0.6104356050491333,0.5395170450210571,0.661691427230835,-0.3045884966850281,0.5955538749694824,0.47582587599754333,0.6558944582939148,-0.3176523447036743,0.28728482127189636,0.5326505899429321,0.7023459672927856,-0.34554192423820496,0.5732919573783875,0.4793904423713684,0.6878067255020142,-0.3558674454689026,0.2772010862827301,0.5261942744255066,0.6941895484924316,-0.3625766932964325,0.5842874646186829,0.48210835456848145,0.6933536529541016,-0.37495583295822144,0.282056599855423,0.5269449949264526,0.6782630085945129,-0.31239891052246094,0.4993707239627838,0.4803369641304016,0.680956244468689,-0.32877740263938904,0.2485896199941635,0.5617086887359619,0.5958024263381958,-0.010005048476159573,0.9999896883964539,0.4895099997520447,0.5959096550941467,0.009834320284426212,0.9999861121177673,0.6085484623908997,0.7384366393089294,-0.3481077551841736,0.9887866377830505,0.41341131925582886,0.7134397029876709,-0.309137761592865,0.9764640927314758,0.6166309118270874,0.9197921752929688,-0.08641981333494186,0.9668886661529541,0.41863197088241577,0.9095844030380249,-0.07557596266269684,0.9770352244377136,0.6104812026023865,0.9467607140541077,-0.05889655277132988,0.800898015499115,0.4339653551578522,0.9426213502883911,-0.05779474228620529,0.8714504241943359,0.6305395364761353,0.9937966465950012,-0.20074276626110077,0.9477733969688416,0.3777032792568207,0.9839356541633606,-0.1962098330259323,0.9576425552368164
0.5052045583724976,0.2413823902606964,-0.42234811186790466,0.9990602731704712,0.5133060216903687,0.2191603183746338,-0.40504321455955505,0.9980259537696838,0.5183371901512146,0.22033828496932983,-0.4053441882133484,0.9975868463516235,0.5227702260017395,0.2214551717042923,-0.4053359627723694,0.9984870553016663,0.4981471598148346,0.2164440006017685,-0.40159082412719727,0.998623788356781,0.4935254156589508,0.21643494069576263,-0.4019147455692291,0.9986885786056519,0.4897844195365906,0.21676935255527496,-0.40214282274246216,0.9991205930709839,0.5282931327819824,0.23092687129974365,-0.2892070412635803,0.9985396862030029,0.48840269446372986,0.22724321484565735,-0.27411800622940063,0.9972883462905884,0.5133943557739258,0.2641659080982208,-0.375920832157135,0.9993046522140503,0.496487557888031,0.2617979645729065,-0.37349778413772583,0.9992237687110901,0.5767489075660706,0.3736819922924042,-0.21676382422447205,0.9999465346336365,0.4536137580871582,0.37489813566207886,-0.17517182230949402,0.9998208284378052,0.5641121864318848,0.533616840839386,-0.19467593729496002,0.8927141427993774,0.4581659436225891,0.5225929021835327,-0.18552982807159424,0.5985498428344727,0.537580132484436,0.6753315329551697,-0.27300459146499634,0.5786358118057251,0.47555646300315857,0.6680562496185303,-0.2789638936519623,0.26621517539024353,0.5315796136856079,0.7161620259284973,-0.30666303634643555,0.5540691614151001,0.47941237688064575,0.7030205726623535,-0.3120693862438202,0.25574761629104614,0.5243963003158569,0.7090584635734558,-0.3269975185394287,0.5650251507759094,0.4819505214691162,0.7064822912216187,-0.3341243863105774,0.26031580567359924,0.5242350697517395,0.6923070549964905,-0.2811787724494934,0.48016655445098877,0.4803384840488434,0.6929572820663452,-0.2901167571544647,0.22915664315223694,0.5622633695602417,0.6016080379486084,-0.008836767636239529,0.9999898672103882,0.48986539244651794,0.6031555533409119,0.008661474101245403,0.9999864101409912,0.6100004315376282,0.7388419508934021,-0.35871464014053345,0.9889881014823914,0.4118932783603668,0.7160448431968689,-0.3230559229850769,0.9765930771827698,0.6169595718383789,0.9211714267730713,-0.09030697494745255,0.9635453224182129,0.41775140166282654,0.911344051361084,-0.0852963924407959,0.9752647876739502,0.6104695200920105,0.9481756687164307,-0.06621535122394562,0.7935622334480286,0.43298155069351196,0.943880558013916,-0.06550118327140808,0.8639699220657349,0.6313313841819763,0.9941475987434387,-0.20642666518688202,0.9423628449440002,0.3774999976158142,0.9877534508705139,-0.20361573994159698,0.9535382986068726
0.5074132680892944,0.2443900853395462,-0.42977070808410645,0.9988686442375183,0.5157813429832458,0.22246521711349487,-0.4109422564506531,0.9976659417152405,0.520419716835022,0.22391700744628906,-0.41122540831565857,0.9971360564231873,0.5251986384391785,0.22545623779296875,-0.41124463081359863,0.9982333779335022,0.5001269578933716,0.2209063470363617,-0.4098130762577057,0.9983716607093811,0.49565377831459045,0.22102703154087067,-0.4101390242576599,0.9984316825866699,0.4914730489253998,0.22150635719299316,-0.4103838801383972,0.9989661574363708,0.5301185846328735,0.2359243780374527,-0.29128697514533997,0.9983224272727966,0.4884185791015625,0.2315802425146103,-0.2863125205039978,0.9968681931495667,0.5158857107162476,0.26805076003074646,-0.3818206191062927,0.9992101788520813,0.497844398021698,0.2656712234020233,-0.3822801113128662,0.9991251826286316,0.5770220160484314,0.3819936513900757,-0.22113347053527832,0.9999431371688843,0.4534822106361389,0.38052046298980713,-0.18298909068107605,0.9998087882995605,0.5644147396087646,0.5398800373077393,-0.19650804996490479,0.8883539438247681,0.458972305059433,0.5283846855163574,-0.18676841259002686,0.5823269486427307,0.5367275476455688,0.6799532771110535,-0.26507511734962463,0.5605146288871765,0.47536802291870117,0.6745067238807678,-0.2758389711380005,0.2463832050561905,0.5304397940635681,0.7188939452171326,-0.2962310314178467,0.5339676141738892,0.4794209897518158,0.7083919048309326,-0.30724844336509705,0.2358151227235794,0.5235202312469482,0.711581826210022,-0.3174154758453369,0.5448977947235107,0.4818476736545563,0.711500883102417,-0.3297717571258545,0.2401195764541626,0.523323655128479,0.6953041553497314,-0.2732507586479187,0.46101316809654236,0.4803067147731781,0.6982595324516296,-0.28691527247428894,0.2111494392156601,0.5622393488883972,0.6057453751564026,-0.008771081455051899,0.9999898076057434,0.48992371559143066,0.6075020432472229,0.008598925545811653,0.9999863505363464,0.6108235716819763,0.7455615401268005,-0.3407140374183655,0.9892088174819946,0.4105733335018158,0.7188907265663147,-0.30427712202072144,0.9764585494995117,0.6173438429832458,0.9228212237358093,-0.07603158801794052,0.9598820805549622,0.4167322516441345,0.9118462204933167,-0.07513334602117538,0.9732792377471924,0.6104718446731567,0.9492295980453491,-0.05135640501976013,0.7856419682502747,0.4319688379764557,0.9459073543548584,-0.05913369730114937,0.856522262096405,0.6321371793746948,0.9940963983535767,-0.18379080295562744,0.9358084201812744,0.37702494859695435,0.9861911535263062,-0.19928590953350067,0.9484877586364746
0.5093182921409607,0.24004539847373962,-0.42815178632736206,0.9986062049865723,0.5171898603439331,0.21939803659915924,-0.40852755308151245,0.9972004294395447,0.5219953656196594,0.2204485535621643,-0.4088093340396881,0.9965813159942627,0.5266836285591125,0.22162358462810516,-0.40884286165237427,0.9978960156440735,0.5022985935211182,0.2185499221086502,-0.4082959294319153,0.9980365633964539,0.49773699045181274,0.21885952353477478,-0.4086165428161621,0.9981016516685486,0.49358615279197693,0.21956272423267365,-0.40887007117271423,0.9987455010414124,0.5321913957595825,0.23188459873199463,-0.28872811794281006,0.9981356859207153,0.4889359474182129,0.23026412725448608,-0.2877269983291626,0.9964479804039001,0.5180670022964478,0.2630482017993927,-0.3805248439311981,0.9991349577903748,0.5000774264335632,0.2621172070503235,-0.38213810324668884,0.9990403652191162,0.5774326324462891,0.379410058259964,-0.22325174510478973,0.999938428401947,0.4532318711280823,0.381012886762619,-0.18707609176635742,0.9997862577438354,0.5653091073036194,0.5392167568206787,-0.20048153400421143,0.8918127417564392,0.4595937132835388,0.5280857682228088,-0.1982429027557373,0.5845116376876831,0.5367535948753357,0.6774977445602417,-0.2815806269645691,0.5696281790733337,0.47515615820884705,0.6730280518531799,-0.2908920645713806,0.23599030077457428,0.5300925970077515,0.7166274189949036,-0.31508201360702515,0.5413618087768555,0.4791709780693054,0.7088280320167542,-0.32710394263267517,0.22459948062896729,0.5231072306632996,0.7071641087532043,-0.3360515534877777,0.5524076819419861,0.48121190071105957,0.7090820074081421,-0.34765419363975525,0.22887492179870605,0.5233297348022461,0.6912778615951538,-0.2900394797325134,0.468671977519989,0.4796425402164459,0.6939948797225952,-0.3021337389945984,0.20093916356563568,0.5623270273208618,0.6057019829750061,-0.009056303650140762,0.9999892115592957,0.48989540338516235,0.605394721031189,0.00888594426214695,0.9999855756759644,0.610906720161438,0.7478924989700317,-0.3479037880897522,0.989845871925354,0.4100099503993988,0.7231462001800537,-0.2992570996284485,0.9773909449577332,0.6180028319358826,0.9286894798278809,-0.0825282409787178,0.9597015976905823,0.41663748025894165,0.9152476191520691,-0.07196677476167679,0.973151445388794,0.6110759973526001,0.9539528489112854,-0.05827418714761734,0.787453830242157,0.4316829741001129,0.9494373798370361,-0.05481024831533432,0.8568189740180969,0.6319260597229004,1.0000582933425903,-0.18568846583366394,0.933663010597229,0.3768541216850281,0.9907607436180115,-0.1922832727432251,0.9464052319526672
0.5101458430290222,0.23569096624851227,-0.4064689576625824,0.9981856346130371,0.5177637934684753,0.21593865752220154,-0.38591933250427246,0.9963383078575134,0.5226459503173828,0.217068612575531,-0.3861851096153259,0.9955614805221558,0.52721107006073,0.2181539088487625,-0.38621389865875244,0.9972606897354126,0.5034249424934387,0.21495456993579865,-0.3866828680038452,0.997465968132019,0.4988211989402771,0.21538108587265015,-0.3870210349559784,0.9975818991661072,0.49520182609558105,0.21588391065597534,-0.38728761672973633,0.9984322190284729,0.5333921909332275,0.228172168135643,-0.2667732834815979,0.9976635575294495,0.4900878071784973,0.22602136433124542,-0.271180123090744,0.9957444071769714,0.5191963911056519,0.25891825556755066,-0.35950225591659546,0.9989791512489319,0.5019111037254333,0.25744470953941345,-0.36259227991104126,0.9988882541656494,0.5781984329223633,0.37337440252304077,-0.19931253790855408,0.9999329447746277,0.45324403047561646,0.3762979805469513,-0.17409570515155792,0.9997766613960266,0.5663415789604187,0.5311824679374695,-0.16459760069847107,0.8842501640319824,0.4598391056060791,0.5188183784484863,-0.16487261652946472,0.5731754899024963,0.5373173952102661,0.6669440269470215,-0.23168034851551056,0.5502092838287354,0.4744938910007477,0.6554591059684753,-0.2489030808210373,0.2240520715713501,0.5306771397590637,0.7064982652664185,-0.26010051369667053,0.5226574540138245,0.477531760931015,0.689979076385498,-0.27884000539779663,0.21255214512348175,0.523737370967865,0.6979362964630127,-0.28267359733581543,0.5337386727333069,0.4797867238521576,0.6900128126144409,-0.30145183205604553,0.216605082154274,0.5240229368209839,0.6818554401397705,-0.24039411544799805,0.45213472843170166,0.47877493500709534,0.6764684915542603,-0.25979042053222656,0.18984787166118622,0.5625143051147461,0.6043384671211243,-0.007636315189301968,0.9999890327453613,0.489880234003067,0.6026846766471863,0.007457616738975048,0.9999854564666748,0.6105727553367615,0.7466336488723755,-0.33655598759651184,0.9901610016822815,0.4108305871486664,0.7239781618118286,-0.2934853732585907,0.9779493808746338,0.6184629797935486,0.9296780228614807,-0.07737906277179718,0.9575033187866211,0.4164930284023285,0.9176054000854492,-0.07129288464784622,0.9725052118301392,0.6118963360786438,0.9535666704177856,-0.0537080354988575,0.7809426784515381,0.4311656057834625,0.9528682231903076,-0.05331942439079285,0.8519603610038757,0.6316957473754883,1.0002963542938232,-0.1807328313589096,0.9286847710609436,0.3768777549266815,0.9917976260185242,-0.1895018219947815,0.943533182144165
0.5111311078071594,0.23389950394630432,-0.3567991852760315,0.9974617958068848,0.5185831785202026,0.215383380651474,-0.3360920250415802,0.994519829750061,0.5237836837768555,0.2164059728384018,-0.33634841442108154,0.993398129940033,0.5279222726821899,0.2175648957490921,-0.33636945486068726,0.9958587884902954,0.5046283602714539,0.21418888866901398,-0.3366558849811554,0.9963288903236389,0.4995742738246918,0.21387074887752533,-0.3369879722595215,0.9965946674346924,0.4959823489189148,0.2137797623872757,-0.3372437655925751,0.9978117942810059,0.5343669652938843,0.22708210349082947,-0.21952584385871887,0.9967496991157532,0.49057912826538086,0.22327403724193573,-0.2221941500902176,0.9945560097694397,0.5198907852172852,0.2578815817832947,-0.31112974882125854,0.9987107515335083,0.5028527975082397,0.25650250911712646,-0.31374672055244446,0.9986368417739868,0.5789612531661987,0.36879146099090576,-0.16232766211032867,0.9999239444732666,0.4536150395870209,0.3703925311565399,-0.13708403706550598,0.999761164188385,0.5666106939315796,0.5251423120498657,-0.1507892906665802,0.877578854560852,0.45978420972824097,0.5118571519851685,-0.1480737030506134,0.5652703642845154,0.5382292866706848,0.6589831709861755,-0.23578913509845734,0.5286470651626587,0.47391000390052795,0.6487488746643066,-0.2440970242023468,0.21255046129226685,0.5324651002883911,0.6969351768493652,-0.2669096291065216,0.502287745475769,0.476959228515625,0.682810366153717,-0.2758864760398865,0.20115472376346588,0.5252699255943298,0.6885086297988892,-0.288107305765152,0.5133591294288635,0.47904253005981445,0.6823019981384277,-0.2964140772819519,0.2049463391304016,0.5254008173942566,0.6731669306755066,-0.2446174919605255,0.43375566601753235,0.4784013628959656,0.6698389053344727,-0.2545118033885956,0.17936456203460693,0.5630713105201721,0.6030578017234802,-0.007241124752908945,0.9999886751174927,0.490714967250824,0.6015247106552124,0.0070573799312114716,0.9999852180480957,0.6103226542472839,0.7465720176696777,-0.34770384430885315,0.990408182144165,0.41122180223464966,0.7222574949264526,-0.2991017699241638,0.9782158732414246,0.6188124418258667,0.9298607707023621,-0.08285506069660187,0.953473687171936,0.4163587689399719,0.9188242554664612,-0.08923348039388657,0.9715691804885864,0.613041341304779,0.9530691504478455,-0.059189993888139725,0.7695090174674988,0.43083590269088745,0.9558456540107727,-0.07193971425294876,0.845874011516571,0.630329966545105,0.9998517632484436,-0.18428146839141846,0.9204670786857605,0.37690243124961853,0.991876482963562,-0.20454004406929016,0.9398813247680664
0.5135929584503174,0.21887116134166718,-0.37622156739234924,0.9972730875015259,0.52008056640625,0.19931766390800476,-0.3574067950248718,0.9940182566642761,0.5251594185829163,0.20004206895828247,-0.3576785922050476,0.9928352236747742,0.529025673866272,0.20015892386436462,-0.35768240690231323,0.9955140352249146,0.5062629580497742,0.19801470637321472,-0.35586097836494446,0.9959614276885986,0.501229465007782,0.19768981635570526,-0.3561875522136688,0.9962501525878906,0.4970836639404297,0.19754396378993988,-0.3564243018627167,0.9975770115852356,0.5352119207382202,0.20664139091968536,-0.24145372211933136,0.9965707063674927,0.49109387397766113,0.20762419700622559,-0.23124921321868896,0.9940595030784607,0.5212663412094116,0.24001763761043549,-0.33018824458122253,0.9986579418182373,0.5050234198570251,0.24096369743347168,-0.3294796943664551,0.9985689520835876,0.5796663165092468,0.35988736152648926,-0.1778997927904129,0.9999225735664368,0.45386964082717896,0.3556242287158966,-0.14412258565425873,0.9997509121894836,0.5675519704818726,0.5238834619522095,-0.1695854812860489,0.8790664672851562,0.45973992347717285,0.5085988640785217,-0.16274698078632355,0.5619550347328186,0.5384362936019897,0.6534819006919861,-0.2517859935760498,0.5255593657493591,0.47387248277664185,0.6450385451316833,-0.26266375184059143,0.2019001692533493,0.532561182975769,0.6873742341995239,-0.28384238481521606,0.4978027641773224,0.4764053225517273,0.6812047362327576,-0.29544979333877563,0.19054576754570007,0.5254618525505066,0.6825621128082275,-0.30436572432518005,0.5091453194618225,0.47814005613327026,0.679519534111023,-0.31596267223358154,0.1941712200641632,0.5256499648094177,0.6675707697868347,-0.26014044880867004,0.42969951033592224,0.4778451919555664,0.6663308143615723,-0.27321451902389526,0.16970790922641754,0.5633981823921204,0.6016673445701599,-0.007476367987692356,0.9999879002571106,0.4909643530845642,0.5994948744773865,0.007295367773622274,0.9999842047691345,0.6101238131523132,0.7449629902839661,-0.3385414183139801,0.9903721213340759,0.4145163595676422,0.7209571003913879,-0.2863384187221527,0.9777020812034607,0.6190654635429382,0.9316848516464233,-0.08133601397275925,0.9469919800758362,0.4163917899131775,0.9219807386398315,-0.08766002953052521,0.9690788984298706,0.6141294836997986,0.9545097947120667,-0.05816812440752983,0.7530086040496826,0.43087315559387207,0.9597229957580566,-0.06916031986474991,0.8358595371246338,0.6295236349105835,1.000947117805481,-0.18368585407733917,0.9085431694984436,0.37613338232040405,0.9918304681777954,-0.19903890788555145,0.932974100112915
0.5161615014076233,0.20197437703609467,-0.4336954951286316,0.997402548789978,0.5218133330345154,0.1807270050048828,-0.4148314595222473,0.9942768812179565,0.5265210270881653,0.18113744258880615,-0.41512149572372437,0.9931543469429016,0.5306099653244019,0.18169207870960236,-0.4151478409767151,0.9956981539726257,0.5081020593643188,0.1794479638338089,-0.4150508940219879,0.9961233139038086,0.5035563111305237,0.17896844446659088,-0.41538292169570923,0.9964004755020142,0.4988057613372803,0.17852914333343506,-0.4156356751918793,0.9976596236228943,0.5357621908187866,0.1884663701057434,-0.29169565439224243,0.9967416524887085,0.4919315278530121,0.18623392283916473,-0.2917683720588684,0.9942997097969055,0.5230900049209595,0.22278666496276855,-0.3843838572502136,0.9987199902534485,0.5071590542793274,0.2219761162996292,-0.38636401295661926,0.9986289739608765,0.5797482132911682,0.33267027139663696,-0.2253187894821167,0.999923825263977,0.4541035294532776,0.3326055407524109,-0.18118521571159363,0.9997500777244568,0.571517288684845,0.4936617910861969,-0.22339341044425964,0.8844780325889587,0.4591965079307556,0.4803786873817444,-0.19168540835380554,0.5749541521072388,0.5386340618133545,0.6267315149307251,-0.3228890895843506,0.532187819480896,0.47383880615234375,0.6297323107719421,-0.2946811616420746,0.1983714997768402,0.5321615934371948,0.6662800908088684,-0.36087480187416077,0.5019168853759766,0.4763070046901703,0.6588870286941528,-0.32989007234573364,0.18531720340251923,0.5249572396278381,0.6585261821746826,-0.3805876672267914,0.5136556029319763,0.4780861735343933,0.6585368514060974,-0.3519938588142395,0.18910881876945496,0.5257734060287476,0.6432304978370667,-0.33140212297439575,0.4333288371562958,0.4776764512062073,0.6478533744812012,-0.3060305714607239,0.1651943325996399,0.5633647441864014,0.5834359526634216,-0.010416117496788502,0.9999872446060181,0.4909436106681824,0.5803104043006897,0.010259279981255531,0.9999834895133972,0.6062982678413391,0.7439391016960144,-0.3057307302951813,0.9904765486717224,0.4197603166103363,0.7203973531723022,-0.2607666850090027,0.9780907034873962,0.6191924214363098,0.9320231676101685,-0.0587509386241436,0.9444670081138611,0.4166821539402008,0.9253218173980713,-0.059443436563014984,0.9683917164802551,0.6152727007865906,0.9543563723564148,-0.03919784724712372,0.7417559027671814,0.4314517378807068,0.96136474609375,-0.043103188276290894,0.8327139616012573,0.6276007890701294,1.0005422830581665,-0.1720680445432663,0.9036778211593628,0.3761736750602722,0.9933871626853943,-0.17767663300037384,0.9307510256767273
0.5184350609779358,0.1914505660533905,-0.445639044046402,0.9975956678390503,0.5238456726074219,0.16941994428634644,-0.42900675535202026,0.9947026371955872,0.5282392501831055,0.16916091740131378,-0.42932143807411194,0.9936763644218445,0.5324358940124512,0.1687314212322235,-0.42931756377220154,0.9960094094276428,0.5098592042922974,0.16862939298152924,-0.42994585633277893,0.9963959455490112,0.5052240490913391,0.16786201298236847,-0.4302966594696045,0.9966585636138916,0.5001479983329773,0.16727899014949799,-0.430550754070282,0.9978128671646118,0.5367786288261414,0.1747155338525772,-0.30776283144950867,0.9969949126243591,0.4928138852119446,0.17292967438697815,-0.3113463521003723,0.9946975708007812,0.5256312489509583,0.2120886892080307,-0.3960018754005432,0.9988017082214355,0.5096555948257446,0.21200023591518402,-0.3989497423171997,0.9987081289291382,0.5811418890953064,0.31308430433273315,-0.23171600699424744,0.9999249577522278,0.45412641763687134,0.3100140392780304,-0.2004479169845581,0.9997487664222717,0.5770412683486938,0.4708249866962433,-0.22644296288490295,0.8893740773200989,0.4570236802101135,0.448283314704895,-0.21676799654960632,0.5962864756584167,0.5408876538276672,0.5969277024269104,-0.32694211602211,0.5387268662452698,0.47454938292503357,0.5787450671195984,-0.3314964175224304,0.20563961565494537,0.5340198278427124,0.6360640525817871,-0.3643178343772888,0.5076868534088135,0.4770835340023041,0.6078794598579407,-0.3700140416622162,0.19052091240882874,0.5267079472541809,0.6273199915885925,-0.3855828046798706,0.520150899887085,0.47886934876441956,0.6051419377326965,-0.3904857039451599,0.19501814246177673,0.528412938117981,0.6112608909606934,-0.3360680937767029,0.43932828307151794,0.4795394539833069,0.5938052535057068,-0.342539519071579,0.17017272114753723,0.5632203817367554,0.568503201007843,-0.010466789826750755,0.9999850392341614,0.49089017510414124,0.5649735927581787,0.010315206833183765,0.9999806880950928,0.602931797504425,0.7419239282608032,-0.2167910635471344,0.9907668828964233,0.4281412661075592,0.7228655219078064,-0.1890111118555069,0.9789155125617981,0.6192251443862915,0.9323868751525879,-0.0031256675720214844,0.9472106099128723,0.41683492064476013,0.9262412786483765,0.004476375877857208,0.9694287180900574,0.6152717471122742,0.9554381370544434,0.011580556631088257,0.7483034729957581,0.4314630925655365,0.9617096185684204,0.0189954936504364,0.8353152275085449,0.6276614665985107,1.0002187490463257,-0.12154784053564072,0.9079588055610657,0.37618356943130493,0.9927422404289246,-0.11140881478786469,0.9328488707542419
0.5205446481704712,0.18789862096309662,-0.4479750990867615,0.9977933168411255,0.5262260437011719,0.16344435513019562,-0.4340211749076843,0.9951335191726685,0.530089259147644,0.1624700129032135,-0.43435922265052795,0.9942103624343872,0.5344030857086182,0.16152837872505188,-0.4343551993370056,0.9963361620903015,0.5124229788780212,0.1634647101163864,-0.4354420602321625,0.9966669678688049,0.5071030855178833,0.1625208556652069,-0.4357967972755432,0.9969127774238586,0.5018667578697205,0.1616230458021164,-0.4360443651676178,0.9979594945907593,0.5374692678451538,0.16481024026870728,-0.3185059130191803,0.9972537755966187,0.4932060241699219,0.16418437659740448,-0.32352665066719055,0.9950644969940186,0.5282504558563232,0.20733070373535156,-0.39923757314682007,0.9988840818405151,0.5127465724945068,0.20795787870883942,-0.4026698172092438,0.998781144618988,0.5823463201522827,0.2989934980869293,-0.2400815486907959,0.9999284148216248,0.4542478024959564,0.29372739791870117,-0.20819266140460968,0.9997372031211853,0.5849284529685974,0.44925838708877563,-0.23516380786895752,0.8978044986724854,0.4556702971458435,0.4314553439617157,-0.22115078568458557,0.6181145906448364,0.5463072657585144,0.5662059187889099,-0.33915022015571594,0.5685666799545288,0.47508731484413147,0.5583614110946655,-0.3301403224468231,0.21045617759227753,0.5408799648284912,0.6003149747848511,-0.3770584762096405,0.5358473658561707,0.4776917099952698,0.5915820002555847,-0.3668536841869354,0.1930614858865738,0.5321624279022217,0.5882318019866943,-0.39735034108161926,0.5485520958900452,0.4800516963005066,0.5874037146568298,-0.3871854245662689,0.19832970201969147,0.5325499773025513,0.5739225745201111,-0.34789663553237915,0.4686456024646759,0.48197436332702637,0.5737910866737366,-0.3410002589225769,0.17357051372528076,0.5631183385848999,0.5571417212486267,-0.011648019775748253,0.9999815821647644,0.4908035397529602,0.5518931746482849,0.011516141705214977,0.9999744296073914,0.5976942777633667,0.7414580583572388,-0.17431160807609558,0.991064190864563,0.43383854627609253,0.7260578870773315,-0.1436767876148224,0.9797141551971436,0.6192567944526672,0.9330301284790039,0.009389490820467472,0.9505678415298462,0.41759857535362244,0.9273304343223572,0.02626192942261696,0.9708972573280334,0.6151460409164429,0.9576136469841003,0.02035469561815262,0.757437527179718,0.4316692352294922,0.963266134262085,0.03795638307929039,0.8411982655525208,0.6287540197372437,1.000112533569336,-0.10947658121585846,0.9132103323936462,0.3762122690677643,0.9922119975090027,-0.08549441397190094,0.9359559416770935
0.5215698480606079,0.18721076846122742,-0.48713192343711853,0.9980046153068542,0.5270317792892456,0.16158455610275269,-0.47617998719215393,0.9955986142158508,0.5310156941413879,0.16033174097537994,-0.47654303908348083,0.9947686195373535,0.5350545048713684,0.1593284010887146,-0.47654104232788086,0.9966868162155151,0.5134116411209106,0.16251039505004883,-0.4777473509311676,0.9969797134399414,0.5083492994308472,0.16185262799263,-0.47809845209121704,0.9972031712532043,0.5029120445251465,0.16105283796787262,-0.4783318042755127,0.9981456398963928,0.5380578637123108,0.1611834019422531,-0.36268991231918335,0.997519850730896,0.49373331665992737,0.1608661413192749,-0.367314875125885,0.9955133199691772,0.5296207666397095,0.2063402384519577,-0.4376957416534424,0.9989861845970154,0.5140817761421204,0.20799334347248077,-0.44117528200149536,0.9988878965377808,0.5826221704483032,0.2857261896133423,-0.2746773958206177,0.9999340176582336,0.4543406069278717,0.2823009788990021,-0.23859719932079315,0.9997438192367554,0.5943912863731384,0.433482825756073,-0.26604920625686646,0.9072350263595581,0.45266208052635193,0.4156099855899811,-0.2418643981218338,0.6486122608184814,0.5518571734428406,0.5412241816520691,-0.37666064500808716,0.6080939173698425,0.4758407175540924,0.5397201776504517,-0.3537740111351013,0.24658767879009247,0.5465841889381409,0.5713155269622803,-0.41812580823898315,0.576318085193634,0.47810298204421997,0.5746700763702393,-0.3927055597305298,0.2223270982503891,0.5370793342590332,0.5584128499031067,-0.4374317526817322,0.5882960557937622,0.48320141434669495,0.5705756545066833,-0.4129648208618164,0.22936278581619263,0.5370798707008362,0.5444901585578918,-0.38507261872291565,0.5134642124176025,0.4856952130794525,0.5558933019638062,-0.3648044168949127,0.20233620703220367,0.5630221962928772,0.5469026565551758,-0.014020961709320545,0.999976396560669,0.4903607964515686,0.5403455495834351,0.013904334977269173,0.9999653697013855,0.592711329460144,0.7402451634407043,-0.12204966694116592,0.9909999370574951,0.4383591115474701,0.7306342124938965,-0.05432059243321419,0.9795866012573242,0.6192589402198792,0.932560384273529,0.04570220038294792,0.9523342251777649,0.41765809059143066,0.9316600561141968,0.08665712177753448,0.9717244505882263,0.6158445477485657,0.955877423286438,0.05477629229426384,0.7579060196876526,0.43152952194213867,0.9653835892677307,0.09487447887659073,0.8439165949821472,0.6271896958351135,0.9999316930770874,-0.07515844702720642,0.9163747429847717,0.37627533078193665,0.9924876689910889,-0.030857417732477188,0.9382129907608032
0.5242519378662109,0.19051988422870636,-0.47179722785949707,0.9981959462165833,0.5297579169273376,0.16379626095294952,-0.4582098126411438,0.9960202574729919,0.5332173705101013,0.16166886687278748,-0.4585697650909424,0.9952722191810608,0.5372385382652283,0.15990152955055237,-0.4585517346858978,0.9970017671585083,0.5159340500831604,0.16540004312992096,-0.46076202392578125,0.9972652792930603,0.5100501775741577,0.16415129601955414,-0.46109476685523987,0.9974687695503235,0.504141628742218,0.16263332962989807,-0.46130290627479553,0.9983161687850952,0.5389194488525391,0.16122651100158691,-0.33530130982398987,0.9977589249610901,0.4941709637641907,0.16275054216384888,-0.3445151448249817,0.9959244132041931,0.53200364112854,0.20904918015003204,-0.41943907737731934,0.9990754127502441,0.5164970755577087,0.21009157598018646,-0.424243688583374,0.9989813566207886,0.5830299854278564,0.2828817367553711,-0.25176742672920227,0.999936580657959,0.45449748635292053,0.2807481288909912,-0.22360050678253174,0.9997379183769226,0.6000062823295593,0.42201343178749084,-0.27091971039772034,0.9147711396217346,0.45022720098495483,0.3985358476638794,-0.30044084787368774,0.6746476888656616,0.5552435517311096,0.5221133828163147,-0.4192972183227539,0.6397055983543396,0.4708884656429291,0.4935508370399475,-0.5085955262184143,0.2935082018375397,0.5496487617492676,0.5443312525749207,-0.46768680214881897,0.6082704663276672,0.47581976652145386,0.523929238319397,-0.565102756023407,0.26915526390075684,0.5413913130760193,0.5295565128326416,-0.48618531227111816,0.6200764775276184,0.4802849292755127,0.510552704334259,-0.5792558193206787,0.2777445316314697,0.5409039855003357,0.5179356932640076,-0.42883405089378357,0.5481188893318176,0.481809139251709,0.4962221682071686,-0.5201995968818665,0.24582651257514954,0.5622943639755249,0.5409278273582458,-0.013941159471869469,0.9999632835388184,0.48921528458595276,0.5366520285606384,0.013826126232743263,0.9999452829360962,0.5911697745323181,0.740134596824646,-0.09213750064373016,0.9903676509857178,0.43997079133987427,0.7345123887062073,-0.04830155521631241,0.9787102341651917,0.6192539930343628,0.9338043928146362,0.069083571434021,0.9535792469978333,0.4181241989135742,0.9316908121109009,0.09975342452526093,0.9722993969917297,0.615955650806427,0.9565286636352539,0.07673042267560959,0.7544168829917908,0.43153905868530273,0.9651275873184204,0.10808078944683075,0.8440455794334412,0.6272395849227905,0.9997795224189758,-0.05699186399579048,0.9187647700309753,0.37792831659317017,0.9927103519439697,-0.020524272695183754,0.9398066997528076
0.5257836580276489,0.1925676167011261,-0.42569613456726074,0.9983406662940979,0.5306302905082703,0.16669470071792603,-0.4136924147605896,0.9963254332542419,0.5341925024986267,0.1649152934551239,-0.4140757918357849,0.9956420063972473,0.5381295680999756,0.16338863968849182,-0.4140353798866272,0.9972091317176819,0.5170579552650452,0.16795487701892853,-0.4183592200279236,0.9974693655967712,0.5111137628555298,0.16694067418575287,-0.4186774790287018,0.997667133808136,0.5054381489753723,0.1656988561153412,-0.4188843369483948,0.9984285235404968,0.5392767190933228,0.16513293981552124,-0.29333263635635376,0.9979318976402283,0.49488791823387146,0.16647478938102722,-0.3142503798007965,0.9962055683135986,0.532841145992279,0.2108573466539383,-0.3741135001182556,0.9991196393966675,0.5178927183151245,0.21169371902942657,-0.38126134872436523,0.999022364616394,0.5832785367965698,0.28484126925468445,-0.21907249093055725,0.9999351501464844,0.45489105582237244,0.2811080813407898,-0.20244351029396057,0.9997274279594421,0.6036702394485474,0.41943269968032837,-0.25479361414909363,0.9190463423728943,0.4495847225189209,0.39428961277008057,-0.3046298623085022,0.6970611214637756,0.5565824508666992,0.5176535844802856,-0.4060337543487549,0.6623227596282959,0.46358436346054077,0.46789562702178955,-0.5500019192695618,0.3528110384941101,0.550015389919281,0.537415623664856,-0.4530016779899597,0.631344735622406,0.4661596417427063,0.4930345416069031,-0.6120537519454956,0.33031803369522095,0.5421340465545654,0.5213817358016968,-0.47252583503723145,0.6434487700462341,0.46890005469322205,0.47261127829551697,-0.6250048279762268,0.33911392092704773,0.5421850085258484,0.5102097988128662,-0.4162449836730957,0.5722607374191284,0.4725872874259949,0.46469518542289734,-0.5626774430274963,0.30509164929389954,0.5616621375083923,0.5392466187477112,-0.01499986369162798,0.9999463558197021,0.488517701625824,0.5361407995223999,0.01492348313331604,0.9999253749847412,0.5916160345077515,0.7392693161964417,-0.08310956507921219,0.9887047410011292,0.44006770849227905,0.7337469458580017,-0.045298777520656586,0.9760830402374268,0.6196020841598511,0.9340290427207947,0.050943486392498016,0.9528740048408508,0.41815558075904846,0.932157576084137,0.07687583565711975,0.9716874361038208,0.6174803972244263,0.9563549757003784,0.05610579997301102,0.7385879158973694,0.4315968453884125,0.966031551361084,0.08272213488817215,0.8384106159210205,0.6268342733383179,0.9997280836105347,-0.077327199280262,0.9174590706825256,0.37600308656692505,0.9933554530143738,-0.045581452548503876,0.9389951825141907
0.5277645587921143,0.19444169104099274,-0.4168509840965271,0.9984895586967468,0.5321569442749023,0.16704632341861725,-0.4039619565010071,0.9966478943824768,0.5352677702903748,0.165973499417305,-0.40432849526405334,0.996032178401947,0.539172887802124,0.1652388721704483,-0.40429654717445374,0.9974466562271118,0.5196144580841064,0.16901201009750366,-0.4095548689365387,0.9976876974105835,0.5135459899902344,0.16805624961853027,-0.40987101197242737,0.9978739023208618,0.507952868938446,0.16723917424678802,-0.4100683331489563,0.9985561966896057,0.5390801429748535,0.16835471987724304,-0.2813164293766022,0.998117983341217,0.4954288899898529,0.1678204983472824,-0.30774253606796265,0.9965206980705261,0.5341914296150208,0.2117321491241455,-0.3643474876880646,0.9991886019706726,0.5197509527206421,0.21368584036827087,-0.3728088140487671,0.9990943074226379,0.583199679851532,0.287293016910553,-0.20496483147144318,0.9999386668205261,0.45491328835487366,0.2828848659992218,-0.1919116973876953,0.9997312426567078,0.6069631576538086,0.41813552379608154,-0.24937355518341064,0.9257469177246094,0.44960612058639526,0.39965853095054626,-0.29917383193969727,0.7215855121612549,0.5606626868247986,0.508698046207428,-0.41889992356300354,0.6928926110267639,0.4602530598640442,0.4657224118709564,-0.5483701825141907,0.4119578003883362,0.5543046593666077,0.525647759437561,-0.46830877661705017,0.6637282967567444,0.46287021040916443,0.490429550409317,-0.6109549403190613,0.3912893235683441,0.5465288162231445,0.508254885673523,-0.48815521597862244,0.675053060054779,0.46462541818618774,0.4666851758956909,-0.6253170967102051,0.3997345566749573,0.5470147728919983,0.4989073872566223,-0.42973095178604126,0.6084580421447754,0.46794596314430237,0.45857852697372437,-0.5616966485977173,0.36562737822532654,0.5608348250389099,0.5412126183509827,-0.014896906912326813,0.9999376535415649,0.4878026843070984,0.5386868119239807,0.014807291328907013,0.9999135732650757,0.5918830037117004,0.7382302284240723,-0.12303022295236588,0.9888094067573547,0.4391259551048279,0.7325917482376099,-0.10309930145740509,0.9768829941749573,0.6197963953018188,0.9340379238128662,0.02676796354353428,0.9539910554885864,0.41813725233078003,0.9383343458175659,0.012266416102647781,0.9727946519851685,0.617580771446228,0.9564667344093323,0.03454035148024559,0.7361323833465576,0.43159350752830505,0.9711759090423584,0.01231096126139164,0.8418636918067932,0.6269619464874268,0.998816192150116,-0.09702470898628235,0.9192181825637817,0.3734584152698517,0.9999849200248718,-0.12115655094385147,0.9413559436798096
0.5276283025741577,0.19915229082107544,-0.41854172945022583,0.9986283779144287,0.5325502753257751,0.16923387348651886,-0.4058856964111328,0.9969555735588074,0.5356957316398621,0.16742506623268127,-0.40623483061790466,0.996403157711029,0.5396549701690674,0.1660800576210022,-0.4062090814113617,0.9976806640625,0.5200816988945007,0.17276956140995026,-0.4108006954193115,0.9978933930397034,0.513860821723938,0.17171083390712738,-0.4111262261867523,0.9980652928352356,0.508273184299469,0.17093047499656677,-0.41133055090904236,0.9986774325370789,0.5391929745674133,0.1694784313440323,-0.28557512164115906,0.9982951283454895,0.49579763412475586,0.1697607785463333,-0.31014901399612427,0.9968151450157166,0.5344066023826599,0.21455664932727814,-0.36703604459762573,0.9992530941963196,0.5198744535446167,0.21800024807453156,-0.3749954402446747,0.9991587996482849,0.583550214767456,0.29067206382751465,-0.20334963500499725,0.9999415278434753,0.4550076425075531,0.2850043773651123,-0.19262060523033142,0.9997110962867737,0.6084908843040466,0.422946959733963,-0.22818246483802795,0.9315117597579956,0.4492073059082031,0.4053363800048828,-0.2731340229511261,0.7366862893104553,0.5618317723274231,0.5109008550643921,-0.3930407762527466,0.716343879699707,0.4620175361633301,0.4850265085697174,-0.4353824257850647,0.41821348667144775,0.5548190474510193,0.5330530405044556,-0.4373217523097992,0.6872382760047913,0.463451623916626,0.5131694078445435,-0.4807068407535553,0.3970681428909302,0.5467562079429626,0.5178045034408569,-0.46070775389671326,0.6985307335853577,0.4660758078098297,0.4977603852748871,-0.49153923988342285,0.407239705324173,0.5476862192153931,0.5077317953109741,-0.4034889340400696,0.6344034075737,0.4686126112937927,0.48393210768699646,-0.44393405318260193,0.37029266357421875,0.5597378015518188,0.5411483645439148,-0.013134313747286797,0.9999192357063293,0.4865684509277344,0.5376729965209961,0.013049107976257801,0.9998789429664612,0.5923367142677307,0.7376853823661804,-0.12405259907245636,0.9892342686653137,0.43849802017211914,0.7319177389144897,-0.10169998556375504,0.9779750108718872,0.620376706123352,0.9391266107559204,0.01873983070254326,0.9565753936767578,0.41798073053359985,0.9402258992195129,0.0006603040965273976,0.9743540287017822,0.618334949016571,0.9630581140518188,0.02612881362438202,0.7423157095909119,0.4314085841178894,0.9740051031112671,0.0022290400229394436,0.8475608229637146,0.628362774848938,0.9988752007484436,-0.10521171241998672,0.9233810305595398,0.3732796609401703,1.0005195140838623,-0.12855973839759827,0.9446536302566528
0.5280987620353699,0.2001880407333374,-0.4155493676662445,0.998752236366272,0.5330301523208618,0.16932015120983124,-0.403315931558609,0.9972277283668518,0.5361512303352356,0.1678732931613922,-0.4036561846733093,0.9967310428619385,0.5401756167411804,0.16686734557151794,-0.4036250710487366,0.9978867173194885,0.5210375785827637,0.17342963814735413,-0.40872830152511597,0.998076319694519,0.515010416507721,0.1723538041114807,-0.40906912088394165,0.9982358813285828,0.5095272064208984,0.17160619795322418,-0.4092709422111511,0.9987866282463074,0.539261519908905,0.17088131606578827,-0.28554779291152954,0.9984505772590637,0.49661141633987427,0.17095619440078735,-0.3092349171638489,0.9970777034759521,0.534662127494812,0.2148226648569107,-0.3645859360694885,0.9993099570274353,0.520266592502594,0.21903350949287415,-0.37314993143081665,0.9992178082466125,0.5837477445602417,0.29203367233276367,-0.1989150494337082,0.999944269657135,0.4550665318965912,0.2847902774810791,-0.19253629446029663,0.9997129440307617,0.6086810231208801,0.42746761441230774,-0.21575050055980682,0.9361391067504883,0.44879207015037537,0.40545085072517395,-0.2456907480955124,0.7537523508071899,0.561306357383728,0.5171477794647217,-0.3768630027770996,0.7360015511512756,0.46213993430137634,0.48461443185806274,-0.39556020498275757,0.44670557975769043,0.5549013018608093,0.5405401587486267,-0.42080697417259216,0.706727921962738,0.4647054076194763,0.5154476165771484,-0.4405033588409424,0.42432305216789246,0.5465730428695679,0.526130735874176,-0.4386233389377594,0.7179692387580872,0.46659189462661743,0.49772942066192627,-0.4546535611152649,0.43551334738731384,0.5472066402435303,0.5155320763587952,-0.38589969277381897,0.6551535129547119,0.46982231736183167,0.4848164916038513,-0.4052334725856781,0.3946343958377838,0.559317946434021,0.5420362949371338,-0.011163356713950634,0.999911367893219,0.48598194122314453,0.5378010869026184,0.011076224036514759,0.9998668432235718,0.5927985906600952,0.7378478050231934,-0.10594703257083893,0.9893627166748047,0.43821007013320923,0.7323226928710938,-0.10117550939321518,0.9787312150001526,0.6206475496292114,0.9419946670532227,0.02391762286424637,0.9587346911430359,0.4178454279899597,0.9413972496986389,0.0023338173050433397,0.9754152297973633,0.6183575391769409,0.9677298069000244,0.02895605005323887,0.7478618621826172,0.43126097321510315,0.976125955581665,0.007673369254916906,0.8504828214645386,0.6315454840660095,0.9983911514282227,-0.10052802413702011,0.9270095229148865,0.3755701184272766,1.0012164115905762,-0.12368731200695038,0.9470687508583069
0.5280424952507019,0.20036427676677704,-0.43691277503967285,0.9988687634468079,0.5331612825393677,0.17038890719413757,-0.4247368276119232,0.9974856376647949,0.5362774133682251,0.16903047263622284,-0.4250905513763428,0.9970388412475586,0.5402955412864685,0.1680620312690735,-0.42505544424057007,0.998081386089325,0.5209516286849976,0.17397212982177734,-0.4294981062412262,0.9982520937919617,0.5148031115531921,0.17297928035259247,-0.42983418703079224,0.9983989596366882,0.5092746615409851,0.1722574234008789,-0.4300266206264496,0.9988935589790344,0.5397067666053772,0.17172928154468536,-0.30209383368492126,0.998596727848053,0.4968165457248688,0.1722981035709381,-0.32218602299690247,0.9973357915878296,0.5346069931983948,0.21557942032814026,-0.38368672132492065,0.9993693232536316,0.5199276804924011,0.2192838042974472,-0.39172908663749695,0.9992823004722595,0.5839811563491821,0.29344749450683594,-0.20490965247154236,0.9999474883079529,0.4551205039024353,0.2845624089241028,-0.20299828052520752,0.9997227191925049,0.6073578596115112,0.4313052296638489,-0.24504463374614716,0.9412928223609924,0.4487650990486145,0.4050854444503784,-0.27790120244026184,0.771619975566864,0.5610749125480652,0.5216714143753052,-0.42296257615089417,0.7592167854309082,0.4627164304256439,0.4812721610069275,-0.4880375862121582,0.49030977487564087,0.5555320978164673,0.544998824596405,-0.4731196463108063,0.7315853834152222,0.46618080139160156,0.5115529894828796,-0.5449455976486206,0.4694671928882599,0.547367513179779,0.529536783695221,-0.49374279379844666,0.742177426815033,0.46827253699302673,0.4936852753162384,-0.561593234539032,0.4806995391845703,0.5474330186843872,0.5193252563476562,-0.43399620056152344,0.6831232309341431,0.4705701768398285,0.4794069826602936,-0.5007084608078003,0.4382205009460449,0.5588056445121765,0.5433608293533325,-0.009383576922118664,0.9999056458473206,0.485393226146698,0.5386165976524353,0.009313644841313362,0.9998579621315002,0.5930967330932617,0.7403456568717957,-0.10427156835794449,0.9896408319473267,0.43817391991615295,0.7339335083961487,-0.09660566598176956,0.9795810580253601,0.6208974719047546,0.9423406720161438,0.03794055059552193,0.9608139991760254,0.41795697808265686,0.9427539110183716,0.024496499449014664,0.9762871265411377,0.6183146238327026,0.9684992432594299,0.0431891605257988,0.7549973726272583,0.4310879707336426,0.9766603112220764,0.029601823538541794,0.8524932861328125,0.6349769830703735,0.995566725730896,-0.09059805423021317,0.9307979345321655,0.3791946470737457,1.0015819072723389,-0.10435280948877335,0.9491545557975769
0.5283169150352478,0.19927756488323212,-0.392877995967865,0.998966634273529,0.5334148406982422,0.1706925481557846,-0.3786691427230835,0.9976983070373535,0.5365878939628601,0.1691749393939972,-0.37901678681373596,0.9972973465919495,0.540529727935791,0.1678912341594696,-0.37898916006088257,0.9982391595840454,0.521004319190979,0.17356958985328674,-0.3821345269680023,0.9983978867530823,0.5147548913955688,0.17270442843437195,-0.3824634253978729,0.9985378384590149,0.5091913938522339,0.17186994850635529,-0.38266271352767944,0.9989826679229736,0.5400503277778625,0.1715833842754364,-0.2588975727558136,0.9987210631370544,0.49698805809020996,0.1723172664642334,-0.27328401803970337,0.9975602626800537,0.5348025560379028,0.2154899388551712,-0.34202998876571655,0.9994187355041504,0.5198748111724854,0.21904945373535156,-0.3483123183250427,0.999337375164032,0.5840367078781128,0.29445335268974304,-0.18307854235172272,0.9999493956565857,0.4551517963409424,0.2846648097038269,-0.158643439412117,0.9997354745864868,0.605758547782898,0.4332146644592285,-0.21050319075584412,0.9461393356323242,0.4483843743801117,0.40587806701660156,-0.22953064739704132,0.7917299270629883,0.5603893399238586,0.5277525782585144,-0.3747820258140564,0.7814570069313049,0.460749089717865,0.4805504381656647,-0.45373377203941345,0.5398103594779968,0.5545121431350708,0.5520351529121399,-0.42409396171569824,0.7558667659759521,0.46515947580337524,0.5081272721290588,-0.5016836524009705,0.5209353566169739,0.5465222597122192,0.535857617855072,-0.44428595900535583,0.7656303644180298,0.4664689004421234,0.48798108100891113,-0.5181940793991089,0.5312086939811707,0.5466898679733276,0.52524733543396,-0.3853980302810669,0.7110664248466492,0.4681413769721985,0.4746748208999634,-0.46422451734542847,0.49198973178863525,0.5588200092315674,0.5438748598098755,-0.010810168460011482,0.9998982548713684,0.485316663980484,0.5426682233810425,0.010735319927334785,0.999850332736969,0.5932018160820007,0.7415457963943481,-0.12825395166873932,0.9902361035346985,0.43777766823768616,0.7378134727478027,-0.10848778486251831,0.9808993935585022,0.6211118698120117,0.9415814876556396,0.028573444113135338,0.9631280899047852,0.41796112060546875,0.943694531917572,0.026933860033750534,0.9775624871253967,0.6184840202331543,0.9678434729576111,0.03609796240925789,0.7659515738487244,0.4310055673122406,0.9789369106292725,0.034765683114528656,0.8586333394050598,0.6344666481018066,0.9952715635299683,-0.09004879742860794,0.9349943995475769,0.38021939992904663,1.0024316310882568,-0.08826681971549988,0.9519433975219727
0.5282882452011108,0.19925430417060852,-0.44115057587623596,0.999055027961731,0.5334201455116272,0.1712387353181839,-0.42865973711013794,0.9978975653648376,0.5366383790969849,0.16974255442619324,-0.42902523279190063,0.9975395202636719,0.5405288934707642,0.16839006543159485,-0.4290178418159485,0.9983933568000793,0.5207459330558777,0.17381198704242706,-0.43536657094955444,0.9985280632972717,0.5145357251167297,0.17298957705497742,-0.4357168674468994,0.9986578226089478,0.5090152025222778,0.17213891446590424,-0.4359446167945862,0.9990578293800354,0.5402291417121887,0.17191438376903534,-0.31437262892723083,0.9988378286361694,0.4973049759864807,0.17280834913253784,-0.3420601189136505,0.9977473616600037,0.5348137021064758,0.2158442586660385,-0.391462117433548,0.9994636178016663,0.5197170376777649,0.21919752657413483,-0.40178951621055603,0.9993830323219299,0.5842031240463257,0.29590240120887756,-0.222726970911026,0.9999526739120483,0.4549890160560608,0.2860492169857025,-0.23305964469909668,0.9997365474700928,0.6053322553634644,0.44304826855659485,-0.2247653752565384,0.9506326913833618,0.4484502375125885,0.4160735309123993,-0.23858030140399933,0.8064604997634888,0.5594459772109985,0.5448895692825317,-0.37344151735305786,0.7999619841575623,0.4707969129085541,0.5390525460243225,-0.35606881976127625,0.5463185906410217,0.5517526865005493,0.5722070336341858,-0.4232151508331299,0.7752465009689331,0.478116512298584,0.5768764019012451,-0.3943547010421753,0.5215181112289429,0.5446087718009949,0.5524759292602539,-0.44395703077316284,0.7844424247741699,0.4815632402896881,0.5709284543991089,-0.41144537925720215,0.5326251983642578,0.5449475049972534,0.5390418171882629,-0.38382625579833984,0.7329427003860474,0.4820686876773834,0.5517499446868896,-0.3652016520500183,0.4914803206920624,0.5588788390159607,0.549755334854126,-0.004469156265258789,0.999901533126831,0.4851738512516022,0.5497205257415771,0.004357564263045788,0.9998530745506287,0.5934073328971863,0.7479788661003113,-0.10873651504516602,0.9907785654067993,0.43697255849838257,0.7449057698249817,-0.08598189800977707,0.9820281267166138,0.6216630935668945,0.942813515663147,0.06121714785695076,0.9655374884605408,0.4176797866821289,0.9471050500869751,0.06425416469573975,0.978865921497345,0.6189171075820923,0.9692922830581665,0.07081221789121628,0.777735710144043,0.4301864504814148,0.9789330959320068,0.07366670668125153,0.864165723323822,0.6349800825119019,0.9977903366088867,-0.054631978273391724,0.9389827847480774,0.38240164518356323,1.0081928968429565,-0.05017514154314995,0.9544533491134644
0.5281882882118225,0.20076221227645874,-0.42283931374549866,0.9990637302398682,0.5332415699958801,0.17319266498088837,-0.4078046679496765,0.9979045391082764,0.5364211201667786,0.17144083976745605,-0.4081301689147949,0.9975889921188354,0.5404884815216064,0.17030838131904602,-0.4081277847290039,0.998404860496521,0.5203031301498413,0.17535282671451569,-0.4133307933807373,0.9985136985778809,0.5144127607345581,0.17437966167926788,-0.4137062132358551,0.9986597895622253,0.5087264776229858,0.17341852188110352,-0.4139620363712311,0.9990388751029968,0.5402360558509827,0.17356012761592865,-0.2906016707420349,0.9988600611686707,0.49707722663879395,0.17363055050373077,-0.3154776394367218,0.9977113604545593,0.5346086621284485,0.2187841236591339,-0.37299591302871704,0.9994475841522217,0.5195353627204895,0.22070623934268951,-0.38225266337394714,0.9993557929992676,0.5848144292831421,0.30963554978370667,-0.2055671215057373,0.9999518394470215,0.4545596241950989,0.29665839672088623,-0.2232285737991333,0.9997273087501526,0.5985260605812073,0.4589308500289917,-0.2034161537885666,0.9504819512367249,0.44988006353378296,0.4383619427680969,-0.20414122939109802,0.8012861013412476,0.5552319288253784,0.5724301934242249,-0.3322870433330536,0.7880580425262451,0.4764839708805084,0.5673315525054932,-0.29638057947158813,0.5119174718856812,0.547813355922699,0.598746120929718,-0.37178128957748413,0.7608727216720581,0.4822257161140442,0.5973451733589172,-0.33103200793266296,0.48691868782043457,0.5411014556884766,0.5865645408630371,-0.3901946246623993,0.7715549468994141,0.48448529839515686,0.5932948589324951,-0.34915632009506226,0.49808186292648315,0.5417895317077637,0.5733508467674255,-0.3407972753047943,0.7164254188537598,0.4851875901222229,0.5795720219612122,-0.30553510785102844,0.4577232599258423,0.5595179796218872,0.5670025944709778,-0.0017816718900576234,0.9999001622200012,0.4855697751045227,0.5667608380317688,0.0016648716991767287,0.9998517036437988,0.5958553552627563,0.75358647108078,-0.20989802479743958,0.9905256628990173,0.4353850781917572,0.7449697852134705,-0.20403239130973816,0.9822095036506653,0.622736930847168,0.9509817957878113,-0.009223401546478271,0.9621264338493347,0.4176698625087738,0.9512176513671875,-0.03411555662751198,0.9771578311920166,0.6192359328269958,0.9756118059158325,0.004713963717222214,0.7696665525436401,0.43013086915016174,0.9822036027908325,-0.021909650415182114,0.8534519076347351,0.6348108053207397,1.030680537223816,-0.12295433133840561,0.9332524538040161,0.38606518507003784,1.0098761320114136,-0.154902845621109,0.9501752853393555
0.525999903678894,0.2060735523700714,-0.3932774066925049,0.9990347027778625,0.5320022702217102,0.17962419986724854,-0.3767753839492798,0.9978153705596924,0.5362176299095154,0.17821137607097626,-0.3770873248577118,0.9975391626358032,0.5398455262184143,0.17761968076229095,-0.37708577513694763,0.9983317255973816,0.5179394483566284,0.18045249581336975,-0.3806276321411133,0.9984424114227295,0.5122432708740234,0.17926380038261414,-0.3810037076473236,0.9986236095428467,0.5069016218185425,0.1780041605234146,-0.3812639117240906,0.9989936947822571,0.5402929186820984,0.18148420751094818,-0.2585192322731018,0.9988224506378174,0.49621835350990295,0.17883455753326416,-0.2754978537559509,0.9976238012313843,0.5328143835067749,0.22668908536434174,-0.34385985136032104,0.9993962049484253,0.5170852541923523,0.22706088423728943,-0.3509383797645569,0.9992991089820862,0.5849121809005737,0.3219897449016571,-0.1805591583251953,0.9999462962150574,0.45432931184768677,0.31187382340431213,-0.18384873867034912,0.99971604347229,0.58829265832901,0.4754396080970764,-0.17443618178367615,0.9461458921432495,0.4510837495326996,0.45516929030418396,-0.1872768998146057,0.7953869104385376,0.5530926585197449,0.5972328782081604,-0.2920466363430023,0.760391891002655,0.47568804025650024,0.5821180939674377,-0.28550606966018677,0.4808274209499359,0.5470043420791626,0.630717396736145,-0.3278254270553589,0.7330823540687561,0.48086196184158325,0.6090564131736755,-0.3197326064109802,0.4562402665615082,0.5399833917617798,0.6158213019371033,-0.3486342132091522,0.7455809116363525,0.4831417202949524,0.603847861289978,-0.3380274772644043,0.4675021469593048,0.5403658151626587,0.6034631729125977,-0.301313579082489,0.6884042024612427,0.4840153753757477,0.591726541519165,-0.2948682904243469,0.4278009533882141,0.5607267022132874,0.5830065608024597,-0.0010428001405671239,0.999895453453064,0.4866250455379486,0.5819790959358215,0.0009081977186724544,0.9998476505279541,0.5980855226516724,0.7577177882194519,-0.25272101163864136,0.9905149340629578,0.43039312958717346,0.7443968057632446,-0.2121601551771164,0.9823372960090637,0.6231129765510559,0.9537582993507385,-0.04723919928073883,0.9580028057098389,0.41732150316238403,0.9540612101554871,-0.04176177456974983,0.9750983119010925,0.6192545294761658,0.9791594743728638,-0.03272873908281326,0.761812686920166,0.42992672324180603,0.9838322401046753,-0.029527943581342697,0.8414419293403625,0.6387049555778503,1.0264836549758911,-0.15923084318637848,0.9267535209655762,0.3856422007083893,1.010256290435791,-0.16177277266979218,0.9449712634086609
0.5245424509048462,0.21696136891841888,-0.4072815477848053,0.9989129304885864,0.5308786630630493,0.19188269972801208,-0.38256707787513733,0.9975498914718628,0.5357402563095093,0.1905515193939209,-0.3828434348106384,0.9973069429397583,0.5392150282859802,0.18980564177036285,-0.3828696012496948,0.998108446598053,0.516390323638916,0.19234874844551086,-0.3894422650337219,0.9982651472091675,0.5109618902206421,0.19099220633506775,-0.3898853361606598,0.9985085129737854,0.5058532953262329,0.18949061632156372,-0.39024919271469116,0.9988957643508911,0.539990246295929,0.19333723187446594,-0.2688624858856201,0.9986687898635864,0.4953312873840332,0.1909746378660202,-0.28178125619888306,0.9974446296691895,0.5311434268951416,0.23846445977687836,-0.35154837369918823,0.9992645382881165,0.5157563090324402,0.23780816793441772,-0.36219364404678345,0.9991750717163086,0.5848375558853149,0.33760493993759155,-0.18626432120800018,0.9999337196350098,0.45371943712234497,0.3317510485649109,-0.19470103085041046,0.9997036457061768,0.5800288319587708,0.49409908056259155,-0.16891829669475555,0.9301884174346924,0.45231908559799194,0.4811387360095978,-0.20313331484794617,0.7900299429893494,0.5492721796035767,0.6343032121658325,-0.27373379468917847,0.7139888405799866,0.4749932289123535,0.6129907965660095,-0.29633650183677673,0.4541319012641907,0.5410835146903992,0.6756507158279419,-0.30657267570495605,0.6897401213645935,0.48044171929359436,0.6416069865226746,-0.33068233728408813,0.429424524307251,0.5357292890548706,0.6603701114654541,-0.3310238718986511,0.7036436796188354,0.4828870892524719,0.6375452280044556,-0.3503562808036804,0.4410744309425354,0.5371106863021851,0.6450588703155518,-0.2841565012931824,0.6469358801841736,0.48385533690452576,0.6306530237197876,-0.3059401214122772,0.4013635516166687,0.5613130331039429,0.5962366461753845,0.002180116716772318,0.9998884797096252,0.4865688383579254,0.5974174737930298,-0.0023275832645595074,0.9998430609703064,0.601232647895813,0.7637331485748291,-0.2806733250617981,0.9906017184257507,0.4234383702278137,0.7496775388717651,-0.23964925110340118,0.9824454188346863,0.6230764985084534,0.9569931030273438,-0.05423855781555176,0.9554224610328674,0.41717594861984253,0.9596878886222839,-0.03900614008307457,0.9730821847915649,0.6191701889038086,0.9836891293525696,-0.03769293054938316,0.7598974704742432,0.42956358194351196,0.9873660802841187,-0.02387700229883194,0.8299999833106995,0.6407870054244995,1.021267056465149,-0.168051078915596,0.9232321381568909,0.3851177394390106,1.0152643918991089,-0.15885119140148163,0.9402854442596436
0.5230090618133545,0.22813820838928223,-0.4223192632198334,0.9987399578094482,0.5295026898384094,0.20398661494255066,-0.39721399545669556,0.9971612095832825,0.5347501039505005,0.20299680531024933,-0.39748579263687134,0.9969233274459839,0.5383564233779907,0.20250169932842255,-0.3975383937358856,0.9977736473083496,0.514644205570221,0.20354929566383362,-0.4025360643863678,0.9979986548423767,0.5091847777366638,0.20253509283065796,-0.4029555916786194,0.9983166456222534,0.5044378638267517,0.20157016813755035,-0.40332818031311035,0.998741626739502,0.5397151112556458,0.20747746527194977,-0.27141478657722473,0.9984630346298218,0.4941707253456116,0.20575441420078278,-0.2822432219982147,0.9971712827682495,0.5296024680137634,0.2509748339653015,-0.36789554357528687,0.9991195797920227,0.5139986276626587,0.24959078431129456,-0.37673071026802063,0.999043881893158,0.5847683548927307,0.35522139072418213,-0.19423893094062805,0.9999244213104248,0.45320361852645874,0.35392406582832336,-0.20279796421527863,0.9996855854988098,0.5733777284622192,0.5298033952713013,-0.18379512429237366,0.926869809627533,0.4541137218475342,0.5129547119140625,-0.21080417931079865,0.7854667901992798,0.5430542230606079,0.6838709712028503,-0.28100499510765076,0.6834301948547363,0.4772659242153168,0.6671742796897888,-0.30016010999679565,0.42389625310897827,0.5366448760032654,0.7295076251029968,-0.31376415491104126,0.6585691571235657,0.4834848940372467,0.7053600549697876,-0.3335208594799042,0.3981495797634125,0.5298787355422974,0.7244644165039062,-0.3372207283973694,0.6736057996749878,0.4847058653831482,0.7055374383926392,-0.35435956716537476,0.40970557928085327,0.5306971669197083,0.7084693312644958,-0.2907293438911438,0.6166657209396362,0.4839841425418854,0.6949577927589417,-0.3102293610572815,0.372293084859848,0.5626469850540161,0.6119358539581299,0.0047524673864245415,0.9998804330825806,0.48657068610191345,0.6165438294410706,-0.0048993779346346855,0.9998384714126587,0.6043652296066284,0.7711695432662964,-0.31164154410362244,0.9902315139770508,0.4204331934452057,0.7487991452217102,-0.29858869314193726,0.9820786118507385,0.6231213212013245,0.9593232274055481,-0.06612970679998398,0.9445698261260986,0.4158439636230469,0.9624873399734497,-0.09551330655813217,0.9679888486862183,0.6191483736038208,0.9845003485679626,-0.046965379267930984,0.7422540783882141,0.42878007888793945,0.9887625575065613,-0.07967405766248703,0.8090202808380127,0.6355796456336975,1.0491979122161865,-0.18261824548244476,0.9068655371665955,0.391322523355484,1.060531735420227,-0.2279490977525711,0.9282773733139038
0.5197044610977173,0.23866192996501923,-0.3891215920448303,0.9983958005905151,0.5273539423942566,0.2170659452676773,-0.3648691475391388,0.9963569641113281,0.5323007106781006,0.21752522885799408,-0.3651547431945801,0.9960426092147827,0.5366636514663696,0.21829859912395477,-0.3651689887046814,0.9970701336860657,0.5120759606361389,0.21538469195365906,-0.3684024214744568,0.9975035190582275,0.5068261027336121,0.21522225439548492,-0.36877161264419556,0.9979389905929565,0.5026451349258423,0.21524323523044586,-0.3690726161003113,0.9984768033027649,0.5390710234642029,0.22632654011249542,-0.23396718502044678,0.9979301691055298,0.4935509264469147,0.2224160134792328,-0.24957604706287384,0.9966261386871338,0.5268415808677673,0.26358622312545776,-0.3370855748653412,0.9988200664520264,0.5105662941932678,0.25986987352371216,-0.34405195713043213,0.9987903833389282,0.5832436084747314,0.3758302927017212,-0.16691674292087555,0.9998952150344849,0.45146065950393677,0.3755703270435333,-0.16551490128040314,0.9996435642242432,0.5697939991950989,0.5491943955421448,-0.14564761519432068,0.9178720116615295,0.4541909694671631,0.5320394039154053,-0.1792391687631607,0.7726973295211792,0.5394492745399475,0.7000460028648376,-0.22868061065673828,0.6467475891113281,0.47702232003211975,0.6817299723625183,-0.2758214771747589,0.39944028854370117,0.5329378843307495,0.7442291975021362,-0.2582781910896301,0.6244018077850342,0.4818698465824127,0.7176879048347473,-0.31013697385787964,0.3733091652393341,0.5249718427658081,0.7364323735237122,-0.2807918190956116,0.6402925848960876,0.4831978678703308,0.7223058342933655,-0.3307778835296631,0.3849661350250244,0.5256606340408325,0.7191439867019653,-0.23766019940376282,0.5837927460670471,0.48178109526634216,0.7091851234436035,-0.28616809844970703,0.3492796719074249,0.5626175999641418,0.6312360763549805,0.003959772177040577,0.9998586773872375,0.48627328872680664,0.6325160264968872,-0.004106958396732807,0.9998190402984619,0.6077885627746582,0.7758485674858093,-0.3157654404640198,0.9891560673713684,0.41046279668807983,0.7486036419868469,-0.3297642171382904,0.9801262617111206,0.6232756972312927,0.9659660458564758,-0.08173035085201263,0.9322265386581421,0.41334328055381775,0.9606261253356934,-0.10355750471353531,0.9563928246498108,0.6192458868026733,0.9902125597000122,-0.06356094032526016,0.7223907113075256,0.4260238707065582,0.9879918694496155,-0.08470351994037628,0.7827527523040771,0.6352072358131409,1.0570392608642578,-0.20068760216236115,0.8868062496185303,0.39058828353881836,1.047655701637268,-0.22290953993797302,0.9056892991065979
0.5175492763519287,0.24094893038272858,-0.398537278175354,0.9983410835266113,0.5248896479606628,0.22010548412799835,-0.3771499991416931,0.9962582588195801,0.5294743180274963,0.22184187173843384,-0.37744566798210144,0.9959057569503784,0.5344935655593872,0.22384291887283325,-0.3774526119232178,0.9969907402992249,0.5097254514694214,0.21708428859710693,-0.38054001331329346,0.9974519610404968,0.5049488544464111,0.21708530187606812,-0.3808879554271698,0.997884213924408,0.5008624792098999,0.21714717149734497,-0.3811546564102173,0.998449981212616,0.5370758771896362,0.23548337817192078,-0.2454034835100174,0.9978014230728149,0.49196505546569824,0.22972780466079712,-0.2604023814201355,0.9964963793754578,0.5251078009605408,0.2675013542175293,-0.3471221625804901,0.9987836480140686,0.5086158514022827,0.26288431882858276,-0.3540624976158142,0.9987655878067017,0.5810069441795349,0.39017364382743835,-0.17809925973415375,0.9998842477798462,0.45010966062545776,0.3924572765827179,-0.16831839084625244,0.9996223449707031,0.5663015842437744,0.5648183822631836,-0.16658112406730652,0.9136918187141418,0.45422738790512085,0.548715353012085,-0.18700826168060303,0.7570852041244507,0.5370271801948547,0.7186170220375061,-0.2667529582977295,0.6261934638023376,0.47550272941589355,0.7013019919395447,-0.29305127263069153,0.3737892210483551,0.5313721299171448,0.7608863711357117,-0.30172327160835266,0.6042587161064148,0.4802470803260803,0.7378100156784058,-0.3298766314983368,0.34785905480384827,0.5232885479927063,0.7561995387077332,-0.32462334632873535,0.6213247179985046,0.4821786880493164,0.7408249974250793,-0.3518860340118408,0.35947275161743164,0.5233229398727417,0.739276111125946,-0.276472270488739,0.5630426406860352,0.4803798794746399,0.7268966436386108,-0.30430465936660767,0.32533207535743713,0.5626064538955688,0.636849045753479,0.002940182341262698,0.9998534321784973,0.485200971364975,0.6396329402923584,-0.0031152593437582254,0.9998132586479187,0.6091693043708801,0.780295729637146,-0.3515450656414032,0.9874662160873413,0.4051181674003601,0.7539005875587463,-0.3511698544025421,0.9757996201515198,0.6234517693519592,0.9739072918891907,-0.09603799879550934,0.914441704750061,0.41220149397850037,0.9593943357467651,-0.0985301211476326,0.9395714998245239,0.6196354627609253,0.9962140321731567,-0.07628994435071945,0.6962427496910095,0.4256674647331238,0.9871678948402405,-0.07736433297395706,0.7528716325759888,0.6352583765983582,1.0614573955535889,-0.22025246918201447,0.8638297915458679,0.38987377285957336,1.033135175704956,-0.21659867465496063,0.8795806765556335
0.5161871910095215,0.24883010983467102,-0.4017205238342285,0.9981129169464111,0.5232532024383545,0.22880178689956665,-0.38234037160873413,0.9957718849182129,0.5277552604675293,0.23024234175682068,-0.3826506733894348,0.9953330755233765,0.5329097509384155,0.23186764121055603,-0.38264918327331543,0.996638298034668,0.5077167749404907,0.22551468014717102,-0.3860486149787903,0.9971060752868652,0.5030454993247986,0.22547033429145813,-0.38640064001083374,0.9975571632385254,0.4988429546356201,0.2262386679649353,-0.3866611421108246,0.998231053352356,0.5347398519515991,0.24402529001235962,-0.253271222114563,0.9974968433380127,0.4898761212825775,0.24023838341236115,-0.26719409227371216,0.9959321618080139,0.5238194465637207,0.27475470304489136,-0.3503723740577698,0.9986667633056641,0.5066310167312622,0.27188384532928467,-0.35472068190574646,0.9986467361450195,0.578914225101471,0.40232858061790466,-0.1874314248561859,0.9998732209205627,0.44847649335861206,0.40371978282928467,-0.17299658060073853,0.9995773434638977,0.5633417963981628,0.5770622491836548,-0.17590002715587616,0.9137734770774841,0.4542609751224518,0.5603940486907959,-0.1921219676733017,0.7438591718673706,0.5324008464813232,0.7347243428230286,-0.2809709906578064,0.6183722019195557,0.47326868772506714,0.7169470191001892,-0.2921815514564514,0.34965234994888306,0.5261595845222473,0.7785159349441528,-0.31693583726882935,0.5941499471664429,0.47791701555252075,0.7555890679359436,-0.327865868806839,0.32343125343322754,0.518201470375061,0.7734788656234741,-0.33903446793556213,0.6119227409362793,0.47986340522766113,0.7586167454719543,-0.35058748722076416,0.3348643183708191,0.5181612968444824,0.7561808824539185,-0.29047998785972595,0.5510562062263489,0.47810330986976624,0.7443097233772278,-0.3035619854927063,0.3026137948036194,0.5621761679649353,0.643420398235321,0.0019918298348784447,0.9998504519462585,0.48424234986305237,0.6432584524154663,-0.002186678582802415,0.9998076558113098,0.611049473285675,0.78374183177948,-0.3565002977848053,0.9859172105789185,0.4024949073791504,0.7557578086853027,-0.35894232988357544,0.971856951713562,0.6234273314476013,0.9754889607429504,-0.08484868705272675,0.8965148329734802,0.40912920236587524,0.9578247666358948,-0.0920509546995163,0.9228798151016235,0.619195818901062,0.9958815574645996,-0.06354664266109467,0.6694746613502502,0.42186227440834045,0.9831148982048035,-0.06920519471168518,0.7244758009910583,0.6352705955505371,1.063791036605835,-0.20290617644786835,0.8388617634773254,0.3908621668815613,1.021403193473816,-0.20296983420848846,0.8532522916793823
